ISO-10303-21;
HEADER;
FILE_DESCRIPTION(('FreeCAD Model'),'2;1');
FILE_NAME('Open CASCADE Shape Model','2026-03-19T20:39:24',(''),(''),
  'Open CASCADE STEP processor 7.8','FreeCAD','Unknown');
FILE_SCHEMA(('AUTOMOTIVE_DESIGN { 1 0 10303 214 1 1 1 1 }'));
ENDSEC;
DATA;
#1 = APPLICATION_PROTOCOL_DEFINITION('international standard',
  'automotive_design',2000,#2);
#2 = APPLICATION_CONTEXT(
  'core data for automotive mechanical design processes');
#3 = SHAPE_DEFINITION_REPRESENTATION(#4,#10);
#4 = PRODUCT_DEFINITION_SHAPE('','',#5);
#5 = PRODUCT_DEFINITION('design','',#6,#9);
#6 = PRODUCT_DEFINITION_FORMATION('','',#7);
#7 = PRODUCT('part','part','',(#8));
#8 = PRODUCT_CONTEXT('',#2,'mechanical');
#9 = PRODUCT_DEFINITION_CONTEXT('part definition',#2,'design');
#10 = SHAPE_REPRESENTATION('',(#11,#15,#572,#624,#966,#1388,#1810,#2232,
    #2241,#2248,#2257,#2264,#2273,#2282,#2290,#2298,#2306,#2314,#2322,
    #2330,#2338,#2346,#2354,#2362,#2370,#2378,#2386,#2394,#2402,#2410,
    #2418,#2426,#2434,#2442,#2450,#2458,#2466,#2474,#2482,#2490,#2498,
    #2506,#2514,#2522,#2530,#2538,#2546,#2554,#2562,#2570,#2578,#2586,
    #2594,#2602,#2610,#2618,#2626,#2634,#2642,#2650,#2658,#2666,#2674,
    #2682,#2690,#2698,#2706,#2714,#2722,#2730,#2738,#2746,#2754,#2762,
    #2770,#2778,#2786,#2794,#2802,#2810,#2818,#2826,#2834,#2842,#2850,
    #2858,#2866,#2874,#2882,#2890,#2898,#2906,#2914,#2922,#2930,#2938,
    #2946,#2954,#2962,#2970,#2978,#2986,#2994,#3003,#3011,#3020,#3029,
    #3037,#3046,#3054,#3063,#3071,#3080,#3088,#3096,#3105,#3113,#3122,
    #3130,#3138,#3146,#3155,#3163,#3172,#3180,#3188,#3196,#3205,#3213,
    #3222,#3230,#3238,#3246,#3255,#3263,#3272,#3280,#3288,#3296,#3305,
    #3313,#3322,#3330,#3338,#3346,#3354,#3362,#3370,#3378,#3386,#3394,
    #3402,#3410,#3418,#3426,#3434,#3442,#3450,#3458,#3466,#3474,#3482,
    #3490,#3498,#3506,#3514,#3522,#3530,#3538,#3546,#3554,#3562,#3570,
    #3578,#3586,#3595,#3603,#3612,#3621,#3629,#3638,#3646,#3655,#3663,
    #3672,#3680,#3688,#3697,#3705,#3714,#3722,#3730,#3738,#3747,#3755,
    #3764,#3772,#3780,#3788,#3797,#3805,#3814,#3822,#3830,#3838,#3847,
    #3855,#3864,#3872,#3880,#3888,#3897,#3905,#3914,#3922,#3930,#3938,
    #3946,#3954,#3962,#3970,#3978,#3986,#3994,#4002,#4010,#4018,#4026,
    #4034,#4042,#4050,#4058,#4066,#4074,#4082,#4090,#4098,#4106,#4114,
    #4122,#4130,#4138,#4146,#4154,#4162,#4170,#4178,#4187,#4195,#4204,
    #4213,#4221,#4230,#4238,#4247,#4255,#4264,#4272,#4280,#4289,#4297,
    #4306,#4314,#4322,#4330,#4339,#4347,#4356,#4364,#4372,#4380,#4389,
    #4397,#4406,#4414,#4422,#4430,#4439,#4447,#4456,#4464,#4472,#4480,
    #4489,#4497),#4506);
#11 = AXIS2_PLACEMENT_3D('',#12,#13,#14);
#12 = CARTESIAN_POINT('',(0.,0.,0.));
#13 = DIRECTION('',(0.,0.,1.));
#14 = DIRECTION('',(1.,0.,-0.));
#15 = GEOMETRIC_CURVE_SET('',(#16,#17,#18,#19,#20,#21,#22,#23,#24,#25,
    #26,#27,#28,#29,#30,#31,#32,#33,#34,#35,#36,#37,#38,#39,#40,#41,#42,
    #43,#44,#45,#46,#47,#48,#49,#50,#51,#52,#53,#54,#55,#56,#57,#58,#59,
    #60,#61,#62,#63,#64,#65,#66,#67,#68,#69,#70,#71,#72,#73,#74,#75,#76,
    #77,#78,#79,#80,#81,#82,#83,#84,#85,#86,#87,#88,#89,#90,#91,#92,#93,
    #94,#95,#96,#97,#98,#99,#100,#101,#102,#103,#104,#105,#106,#107,#108
    ,#109,#110,#111,#112,#113,#114,#115,#116,#117,#118,#119,#120,#121,
    #122,#123,#124,#125,#126,#127,#128,#129,#130,#131,#132,#133,#134,
    #135,#136,#137,#138,#139,#140,#141,#142,#143,#144,#145,#146,#147,
    #148,#149,#150,#151,#152,#153,#154,#155,#156,#157,#158,#159,#160,
    #161,#162,#163,#164,#165,#166,#167,#168,#169,#170,#171,#172,#173,
    #174,#175,#176,#177,#178,#179,#180,#181,#182,#183,#184,#185,#186,
    #187,#188,#189,#190,#191,#192,#193,#194,#195,#196,#197,#198,#199,
    #200,#201,#202,#203,#204,#205,#206,#207,#208,#209,#210,#211,#212,
    #213,#214,#215,#216,#217,#218,#219,#220,#221,#222,#223,#224,#225,
    #226,#227,#228,#229,#230,#231,#232,#233,#234,#235,#236,#237,#238,
    #239,#240,#241,#242,#243,#244,#245,#246,#247,#248,#249,#250,#251,
    #252,#253,#254,#255,#256,#257,#258,#259,#260,#261,#262,#263,#264,
    #265,#266,#267,#268,#269,#270,#271,#272,#273,#274,#275,#276,#277,
    #278,#279,#280,#281,#282,#283,#284,#285,#286,#287,#288,#289,#290,
    #291,#292,#293,#294,#295,#296,#297,#298,#299,#300,#301,#302,#303,
    #304,#305,#306,#307,#308,#309,#310,#311,#312,#313,#314,#315,#316,
    #317,#318,#319,#320,#321,#322,#323,#324,#325,#326,#327,#328,#329,
    #330,#331,#332,#333,#334,#335,#336,#337,#338,#339,#340,#341,#342,
    #343,#344,#345,#346,#347,#348,#349,#350,#351,#352,#353,#354,#355,
    #356,#357,#358,#359,#360,#361,#362,#363,#364,#365,#366,#367,#368,
    #369,#370,#371,#372,#373,#374,#375,#376,#377,#378,#379,#380,#381,
    #382,#383,#384,#385,#386,#387,#388,#389,#390,#391,#392,#393,#394,
    #395,#396,#397,#398,#399,#400,#401,#402,#403,#404,#405,#406,#407,
    #408,#409,#410,#411,#412,#413,#414,#415,#416,#417,#418,#419,#420,
    #421,#422,#423,#424,#425,#426,#427,#428,#429,#430,#431,#432,#433,
    #434,#435,#436,#437,#438,#439,#440,#441,#442,#443,#444,#445,#446,
    #447,#448,#449,#450,#451,#452,#453,#454,#455,#456,#457,#458,#459,
    #460,#461,#462,#463,#464,#465,#466,#467,#468,#469,#470,#471,#472,
    #473,#474,#475,#476,#477,#478,#479,#480,#481,#482,#483,#484,#485,
    #486,#487,#488,#489,#490,#491,#492,#493,#494,#495,#496,#497,#498,
    #499,#500,#501,#502,#503,#504,#505,#506,#507,#508,#509,#510,#511,
    #512,#513,#514,#515,#516,#517,#518,#519,#520,#521,#522,#523,#524,
    #525,#526,#527,#528,#529,#530,#531,#532,#533,#534,#535,#536,#537,
    #538,#539,#540,#541,#542,#543,#544,#545,#546,#547,#548,#549,#550,
    #551,#552,#553,#554,#555,#556,#557,#558,#559,#560,#561,#562,#563,
    #564,#565,#566,#567,#568,#569,#570,#571));
#16 = CARTESIAN_POINT('',(-0.661,1.027,1.12));
#17 = CARTESIAN_POINT('',(-0.661,1.027,1.12));
#18 = CARTESIAN_POINT('',(-0.661,1.027,1.12));
#19 = CARTESIAN_POINT('',(-0.661,1.027,1.118));
#20 = CARTESIAN_POINT('',(-0.661,1.027,1.118));
#21 = CARTESIAN_POINT('',(-0.661,1.027,1.118));
#22 = CARTESIAN_POINT('',(-0.661,1.027,1.12));
#23 = CARTESIAN_POINT('',(-0.661,1.027,1.118));
#24 = CARTESIAN_POINT('',(-0.661,1.027,1.118));
#25 = CARTESIAN_POINT('',(-0.661,1.027,1.118));
#26 = CARTESIAN_POINT('',(-0.661,1.027,1.12));
#27 = CARTESIAN_POINT('',(-0.661,1.027,1.12));
#28 = CARTESIAN_POINT('',(-0.876,-1.372,1.118));
#29 = CARTESIAN_POINT('',(-0.876,1.372,1.118));
#30 = CARTESIAN_POINT('',(0.876,-1.372,1.118));
#31 = CARTESIAN_POINT('',(-0.876,-1.372,1.118));
#32 = CARTESIAN_POINT('',(0.876,1.372,1.118));
#33 = CARTESIAN_POINT('',(0.876,-1.372,1.118));
#34 = CARTESIAN_POINT('',(-0.876,1.372,1.118));
#35 = CARTESIAN_POINT('',(0.876,1.372,1.118));
#36 = CARTESIAN_POINT('',(-1.054,-1.549,0.574));
#37 = CARTESIAN_POINT('',(-1.054,1.549,0.574));
#38 = CARTESIAN_POINT('',(-0.876,-1.372,1.118));
#39 = CARTESIAN_POINT('',(-1.054,-1.549,0.574));
#40 = CARTESIAN_POINT('',(-0.876,-1.372,1.118));
#41 = CARTESIAN_POINT('',(-0.876,1.372,1.118));
#42 = CARTESIAN_POINT('',(-1.054,1.549,0.574));
#43 = CARTESIAN_POINT('',(-0.876,1.372,1.118));
#44 = CARTESIAN_POINT('',(-1.054,-1.549,0.574));
#45 = CARTESIAN_POINT('',(1.054,-1.549,0.574));
#46 = CARTESIAN_POINT('',(1.054,-1.549,0.574));
#47 = CARTESIAN_POINT('',(0.876,-1.372,1.118));
#48 = CARTESIAN_POINT('',(0.876,-1.372,1.118));
#49 = CARTESIAN_POINT('',(-0.876,-1.372,1.118));
#50 = CARTESIAN_POINT('',(-0.876,-1.372,1.118));
#51 = CARTESIAN_POINT('',(-1.054,-1.549,0.574));
#52 = CARTESIAN_POINT('',(1.054,1.549,0.574));
#53 = CARTESIAN_POINT('',(1.054,-1.549,0.574));
#54 = CARTESIAN_POINT('',(0.876,1.372,1.118));
#55 = CARTESIAN_POINT('',(1.054,1.549,0.574));
#56 = CARTESIAN_POINT('',(0.876,1.372,1.118));
#57 = CARTESIAN_POINT('',(0.876,-1.372,1.118));
#58 = CARTESIAN_POINT('',(1.054,-1.549,0.574));
#59 = CARTESIAN_POINT('',(0.876,-1.372,1.118));
#60 = CARTESIAN_POINT('',(1.054,1.549,0.574));
#61 = CARTESIAN_POINT('',(-1.054,1.549,0.574));
#62 = CARTESIAN_POINT('',(-1.054,1.549,0.574));
#63 = CARTESIAN_POINT('',(-0.876,1.372,1.118));
#64 = CARTESIAN_POINT('',(-0.876,1.372,1.118));
#65 = CARTESIAN_POINT('',(0.876,1.372,1.118));
#66 = CARTESIAN_POINT('',(0.876,1.372,1.118));
#67 = CARTESIAN_POINT('',(1.054,1.549,0.574));
#68 = CARTESIAN_POINT('',(-1.054,-1.549,0.29));
#69 = CARTESIAN_POINT('',(-1.054,1.549,0.29));
#70 = CARTESIAN_POINT('',(-1.054,-1.549,0.574));
#71 = CARTESIAN_POINT('',(-1.054,-1.549,0.29));
#72 = CARTESIAN_POINT('',(-1.054,-1.549,0.574));
#73 = CARTESIAN_POINT('',(-1.054,1.549,0.574));
#74 = CARTESIAN_POINT('',(-1.054,1.549,0.29));
#75 = CARTESIAN_POINT('',(-1.054,1.549,0.574));
#76 = CARTESIAN_POINT('',(1.054,-1.549,0.29));
#77 = CARTESIAN_POINT('',(-1.054,-1.549,0.29));
#78 = CARTESIAN_POINT('',(1.054,-1.549,0.574));
#79 = CARTESIAN_POINT('',(1.054,-1.549,0.29));
#80 = CARTESIAN_POINT('',(-1.054,-1.549,0.574));
#81 = CARTESIAN_POINT('',(1.054,-1.549,0.574));
#82 = CARTESIAN_POINT('',(-1.054,-1.549,0.574));
#83 = CARTESIAN_POINT('',(-1.054,-1.549,0.29));
#84 = CARTESIAN_POINT('',(1.054,1.549,0.29));
#85 = CARTESIAN_POINT('',(1.054,-1.549,0.29));
#86 = CARTESIAN_POINT('',(1.054,1.549,0.574));
#87 = CARTESIAN_POINT('',(1.054,1.549,0.29));
#88 = CARTESIAN_POINT('',(1.054,1.549,0.574));
#89 = CARTESIAN_POINT('',(1.054,-1.549,0.574));
#90 = CARTESIAN_POINT('',(1.054,-1.549,0.574));
#91 = CARTESIAN_POINT('',(1.054,-1.549,0.29));
#92 = CARTESIAN_POINT('',(-1.054,1.549,0.29));
#93 = CARTESIAN_POINT('',(1.054,1.549,0.29));
#94 = CARTESIAN_POINT('',(-1.054,1.549,0.29));
#95 = CARTESIAN_POINT('',(-1.054,1.549,0.574));
#96 = CARTESIAN_POINT('',(1.054,1.549,0.574));
#97 = CARTESIAN_POINT('',(-1.054,1.549,0.574));
#98 = CARTESIAN_POINT('',(1.054,1.549,0.574));
#99 = CARTESIAN_POINT('',(1.054,1.549,0.29));
#100 = CARTESIAN_POINT('',(-0.851,-1.346,0.));
#101 = CARTESIAN_POINT('',(-0.851,1.346,0.));
#102 = CARTESIAN_POINT('',(-1.054,-1.549,0.29));
#103 = CARTESIAN_POINT('',(-0.851,-1.346,0.));
#104 = CARTESIAN_POINT('',(-1.054,-1.549,0.29));
#105 = CARTESIAN_POINT('',(-1.054,1.549,0.29));
#106 = CARTESIAN_POINT('',(-0.851,1.346,0.));
#107 = CARTESIAN_POINT('',(-1.054,1.549,0.29));
#108 = CARTESIAN_POINT('',(0.851,-1.346,0.));
#109 = CARTESIAN_POINT('',(-0.851,-1.346,0.));
#110 = CARTESIAN_POINT('',(1.054,-1.549,0.29));
#111 = CARTESIAN_POINT('',(0.851,-1.346,0.));
#112 = CARTESIAN_POINT('',(1.054,-1.549,0.29));
#113 = CARTESIAN_POINT('',(-1.054,-1.549,0.29));
#114 = CARTESIAN_POINT('',(-1.054,-1.549,0.29));
#115 = CARTESIAN_POINT('',(-0.851,-1.346,0.));
#116 = CARTESIAN_POINT('',(0.851,1.346,0.));
#117 = CARTESIAN_POINT('',(0.851,-1.346,0.));
#118 = CARTESIAN_POINT('',(1.054,1.549,0.29));
#119 = CARTESIAN_POINT('',(0.851,1.346,0.));
#120 = CARTESIAN_POINT('',(1.054,1.549,0.29));
#121 = CARTESIAN_POINT('',(1.054,-1.549,0.29));
#122 = CARTESIAN_POINT('',(1.054,-1.549,0.29));
#123 = CARTESIAN_POINT('',(0.851,-1.346,0.));
#124 = CARTESIAN_POINT('',(-0.851,1.346,0.));
#125 = CARTESIAN_POINT('',(0.851,1.346,0.));
#126 = CARTESIAN_POINT('',(-0.851,1.346,0.));
#127 = CARTESIAN_POINT('',(-1.054,1.549,0.29));
#128 = CARTESIAN_POINT('',(-1.054,1.549,0.29));
#129 = CARTESIAN_POINT('',(1.054,1.549,0.29));
#130 = CARTESIAN_POINT('',(1.054,1.549,0.29));
#131 = CARTESIAN_POINT('',(0.851,1.346,0.));
#132 = CARTESIAN_POINT('',(0.851,1.346,0.));
#133 = CARTESIAN_POINT('',(0.851,-1.346,0.));
#134 = CARTESIAN_POINT('',(0.851,-1.346,0.));
#135 = CARTESIAN_POINT('',(-0.851,-1.346,0.));
#136 = CARTESIAN_POINT('',(-0.851,-1.346,0.));
#137 = CARTESIAN_POINT('',(-0.851,1.346,0.));
#138 = CARTESIAN_POINT('',(-0.851,1.346,0.));
#139 = CARTESIAN_POINT('',(0.851,1.346,0.));
#140 = CARTESIAN_POINT('',(-1.054,-0.696,0.448));
#141 = CARTESIAN_POINT('',(-1.054,-1.204,0.448));
#142 = CARTESIAN_POINT('',(-1.054,-0.696,0.559));
#143 = CARTESIAN_POINT('',(-1.054,-0.696,0.448));
#144 = CARTESIAN_POINT('',(-1.054,-1.204,0.559));
#145 = CARTESIAN_POINT('',(-1.054,-0.696,0.559));
#146 = CARTESIAN_POINT('',(-1.054,-1.204,0.448));
#147 = CARTESIAN_POINT('',(-1.054,-1.204,0.559));
#148 = CARTESIAN_POINT('',(-1.054,-1.204,0.559));
#149 = CARTESIAN_POINT('',(-1.054,-0.696,0.559));
#150 = CARTESIAN_POINT('',(-1.088,-0.696,0.559));
#151 = CARTESIAN_POINT('',(-1.054,-0.696,0.559));
#152 = CARTESIAN_POINT('',(-1.088,-1.204,0.559));
#153 = CARTESIAN_POINT('',(-1.088,-0.696,0.559));
#154 = CARTESIAN_POINT('',(-1.054,-1.204,0.559));
#155 = CARTESIAN_POINT('',(-1.088,-1.204,0.559));
#156 = CARTESIAN_POINT('',(-1.054,-0.696,0.448));
#157 = CARTESIAN_POINT('',(-1.054,-1.204,0.448));
#158 = CARTESIAN_POINT('',(-1.088,-1.204,0.448));
#159 = CARTESIAN_POINT('',(-1.054,-1.204,0.448));
#160 = CARTESIAN_POINT('',(-1.088,-0.696,0.448));
#161 = CARTESIAN_POINT('',(-1.088,-1.204,0.448));
#162 = CARTESIAN_POINT('',(-1.054,-0.696,0.448));
#163 = CARTESIAN_POINT('',(-1.088,-0.696,0.448));
#164 = CARTESIAN_POINT('',(-1.357,-1.204,0.193));
#165 = CARTESIAN_POINT('',(-1.357,-0.696,0.193));
#166 = CARTESIAN_POINT('',(-1.303,-1.204,0.394));
#167 = CARTESIAN_POINT('',(-1.357,-1.204,0.193));
#168 = CARTESIAN_POINT('',(-1.303,-0.696,0.394));
#169 = CARTESIAN_POINT('',(-1.303,-1.204,0.394));
#170 = CARTESIAN_POINT('',(-1.357,-0.696,0.193));
#171 = CARTESIAN_POINT('',(-1.303,-0.696,0.394));
#172 = CARTESIAN_POINT('',(-1.25,-0.696,0.165));
#173 = CARTESIAN_POINT('',(-1.25,-1.204,0.165));
#174 = CARTESIAN_POINT('',(-1.196,-0.696,0.365));
#175 = CARTESIAN_POINT('',(-1.25,-0.696,0.165));
#176 = CARTESIAN_POINT('',(-1.196,-1.204,0.365));
#177 = CARTESIAN_POINT('',(-1.196,-0.696,0.365));
#178 = CARTESIAN_POINT('',(-1.25,-1.204,0.165));
#179 = CARTESIAN_POINT('',(-1.196,-1.204,0.365));
#180 = CARTESIAN_POINT('',(-1.499,-1.204,0.111));
#181 = CARTESIAN_POINT('',(-1.499,-0.696,0.111));
#182 = CARTESIAN_POINT('',(-1.464,-1.204,0.111));
#183 = CARTESIAN_POINT('',(-1.499,-1.204,0.111));
#184 = CARTESIAN_POINT('',(-1.464,-0.696,0.111));
#185 = CARTESIAN_POINT('',(-1.464,-1.204,0.111));
#186 = CARTESIAN_POINT('',(-1.499,-0.696,0.111));
#187 = CARTESIAN_POINT('',(-1.464,-0.696,0.111));
#188 = CARTESIAN_POINT('',(-1.464,-1.204,0.));
#189 = CARTESIAN_POINT('',(-1.464,-0.696,0.));
#190 = CARTESIAN_POINT('',(-1.499,-1.204,0.));
#191 = CARTESIAN_POINT('',(-1.464,-1.204,0.));
#192 = CARTESIAN_POINT('',(-1.499,-0.696,0.));
#193 = CARTESIAN_POINT('',(-1.499,-1.204,0.));
#194 = CARTESIAN_POINT('',(-1.464,-0.696,0.));
#195 = CARTESIAN_POINT('',(-1.499,-0.696,0.));
#196 = CARTESIAN_POINT('',(-1.499,-0.696,0.));
#197 = CARTESIAN_POINT('',(-1.499,-1.204,0.));
#198 = CARTESIAN_POINT('',(-1.499,-1.204,0.111));
#199 = CARTESIAN_POINT('',(-1.499,-1.204,0.));
#200 = CARTESIAN_POINT('',(-1.499,-1.204,0.111));
#201 = CARTESIAN_POINT('',(-1.499,-0.696,0.111));
#202 = CARTESIAN_POINT('',(-1.499,-0.696,0.));
#203 = CARTESIAN_POINT('',(-1.499,-0.696,0.111));
#204 = CARTESIAN_POINT('',(-1.088,-1.204,0.559));
#205 = CARTESIAN_POINT('',(-1.088,-0.696,0.559));
#206 = CARTESIAN_POINT('',(-1.303,-0.696,0.394));
#207 = CARTESIAN_POINT('',(-1.088,-0.696,0.559));
#208 = CARTESIAN_POINT('',(-1.303,-0.696,0.394));
#209 = CARTESIAN_POINT('',(-1.303,-1.204,0.394));
#210 = CARTESIAN_POINT('',(-1.088,-1.204,0.559));
#211 = CARTESIAN_POINT('',(-1.303,-1.204,0.394));
#212 = CARTESIAN_POINT('',(-1.088,-0.696,0.448));
#213 = CARTESIAN_POINT('',(-1.196,-0.696,0.365));
#214 = CARTESIAN_POINT('',(-1.196,-1.204,0.365));
#215 = CARTESIAN_POINT('',(-1.196,-0.696,0.365));
#216 = CARTESIAN_POINT('',(-1.196,-1.204,0.365));
#217 = CARTESIAN_POINT('',(-1.088,-1.204,0.448));
#218 = CARTESIAN_POINT('',(-1.088,-0.696,0.448));
#219 = CARTESIAN_POINT('',(-1.088,-1.204,0.448));
#220 = CARTESIAN_POINT('',(-1.464,-0.696,0.111));
#221 = CARTESIAN_POINT('',(-1.357,-0.696,0.193));
#222 = CARTESIAN_POINT('',(-1.357,-1.204,0.193));
#223 = CARTESIAN_POINT('',(-1.357,-0.696,0.193));
#224 = CARTESIAN_POINT('',(-1.357,-1.204,0.193));
#225 = CARTESIAN_POINT('',(-1.464,-1.204,0.111));
#226 = CARTESIAN_POINT('',(-1.464,-0.696,0.111));
#227 = CARTESIAN_POINT('',(-1.464,-1.204,0.111));
#228 = CARTESIAN_POINT('',(-1.464,-1.204,0.));
#229 = CARTESIAN_POINT('',(-1.464,-0.696,0.));
#230 = CARTESIAN_POINT('',(-1.25,-0.696,0.165));
#231 = CARTESIAN_POINT('',(-1.464,-0.696,0.));
#232 = CARTESIAN_POINT('',(-1.25,-0.696,0.165));
#233 = CARTESIAN_POINT('',(-1.25,-1.204,0.165));
#234 = CARTESIAN_POINT('',(-1.464,-1.204,0.));
#235 = CARTESIAN_POINT('',(-1.25,-1.204,0.165));
#236 = CARTESIAN_POINT('',(-1.088,-0.696,0.559));
#237 = CARTESIAN_POINT('',(-1.054,-0.696,0.559));
#238 = CARTESIAN_POINT('',(-1.054,-0.696,0.559));
#239 = CARTESIAN_POINT('',(-1.054,-0.696,0.448));
#240 = CARTESIAN_POINT('',(-1.054,-0.696,0.448));
#241 = CARTESIAN_POINT('',(-1.088,-0.696,0.448));
#242 = CARTESIAN_POINT('',(-1.088,-0.696,0.448));
#243 = CARTESIAN_POINT('',(-1.196,-0.696,0.365));
#244 = CARTESIAN_POINT('',(-1.196,-0.696,0.365));
#245 = CARTESIAN_POINT('',(-1.25,-0.696,0.165));
#246 = CARTESIAN_POINT('',(-1.25,-0.696,0.165));
#247 = CARTESIAN_POINT('',(-1.464,-0.696,0.));
#248 = CARTESIAN_POINT('',(-1.464,-0.696,0.));
#249 = CARTESIAN_POINT('',(-1.499,-0.696,0.));
#250 = CARTESIAN_POINT('',(-1.499,-0.696,0.));
#251 = CARTESIAN_POINT('',(-1.499,-0.696,0.111));
#252 = CARTESIAN_POINT('',(-1.499,-0.696,0.111));
#253 = CARTESIAN_POINT('',(-1.464,-0.696,0.111));
#254 = CARTESIAN_POINT('',(-1.464,-0.696,0.111));
#255 = CARTESIAN_POINT('',(-1.357,-0.696,0.193));
#256 = CARTESIAN_POINT('',(-1.357,-0.696,0.193));
#257 = CARTESIAN_POINT('',(-1.303,-0.696,0.394));
#258 = CARTESIAN_POINT('',(-1.303,-0.696,0.394));
#259 = CARTESIAN_POINT('',(-1.088,-0.696,0.559));
#260 = CARTESIAN_POINT('',(-1.088,-1.204,0.448));
#261 = CARTESIAN_POINT('',(-1.054,-1.204,0.448));
#262 = CARTESIAN_POINT('',(-1.054,-1.204,0.448));
#263 = CARTESIAN_POINT('',(-1.054,-1.204,0.559));
#264 = CARTESIAN_POINT('',(-1.054,-1.204,0.559));
#265 = CARTESIAN_POINT('',(-1.088,-1.204,0.559));
#266 = CARTESIAN_POINT('',(-1.088,-1.204,0.559));
#267 = CARTESIAN_POINT('',(-1.303,-1.204,0.394));
#268 = CARTESIAN_POINT('',(-1.303,-1.204,0.394));
#269 = CARTESIAN_POINT('',(-1.357,-1.204,0.193));
#270 = CARTESIAN_POINT('',(-1.357,-1.204,0.193));
#271 = CARTESIAN_POINT('',(-1.464,-1.204,0.111));
#272 = CARTESIAN_POINT('',(-1.464,-1.204,0.111));
#273 = CARTESIAN_POINT('',(-1.499,-1.204,0.111));
#274 = CARTESIAN_POINT('',(-1.499,-1.204,0.111));
#275 = CARTESIAN_POINT('',(-1.499,-1.204,0.));
#276 = CARTESIAN_POINT('',(-1.499,-1.204,0.));
#277 = CARTESIAN_POINT('',(-1.464,-1.204,0.));
#278 = CARTESIAN_POINT('',(-1.464,-1.204,0.));
#279 = CARTESIAN_POINT('',(-1.25,-1.204,0.165));
#280 = CARTESIAN_POINT('',(-1.25,-1.204,0.165));
#281 = CARTESIAN_POINT('',(-1.196,-1.204,0.365));
#282 = CARTESIAN_POINT('',(-1.196,-1.204,0.365));
#283 = CARTESIAN_POINT('',(-1.088,-1.204,0.448));
#284 = CARTESIAN_POINT('',(-1.054,1.204,0.448));
#285 = CARTESIAN_POINT('',(-1.054,0.696,0.448));
#286 = CARTESIAN_POINT('',(-1.054,1.204,0.559));
#287 = CARTESIAN_POINT('',(-1.054,1.204,0.448));
#288 = CARTESIAN_POINT('',(-1.054,0.696,0.559));
#289 = CARTESIAN_POINT('',(-1.054,1.204,0.559));
#290 = CARTESIAN_POINT('',(-1.054,0.696,0.448));
#291 = CARTESIAN_POINT('',(-1.054,0.696,0.559));
#292 = CARTESIAN_POINT('',(-1.054,0.696,0.559));
#293 = CARTESIAN_POINT('',(-1.054,1.204,0.559));
#294 = CARTESIAN_POINT('',(-1.088,1.204,0.559));
#295 = CARTESIAN_POINT('',(-1.054,1.204,0.559));
#296 = CARTESIAN_POINT('',(-1.088,0.696,0.559));
#297 = CARTESIAN_POINT('',(-1.088,1.204,0.559));
#298 = CARTESIAN_POINT('',(-1.054,0.696,0.559));
#299 = CARTESIAN_POINT('',(-1.088,0.696,0.559));
#300 = CARTESIAN_POINT('',(-1.054,1.204,0.448));
#301 = CARTESIAN_POINT('',(-1.054,0.696,0.448));
#302 = CARTESIAN_POINT('',(-1.088,0.696,0.448));
#303 = CARTESIAN_POINT('',(-1.054,0.696,0.448));
#304 = CARTESIAN_POINT('',(-1.088,1.204,0.448));
#305 = CARTESIAN_POINT('',(-1.088,0.696,0.448));
#306 = CARTESIAN_POINT('',(-1.054,1.204,0.448));
#307 = CARTESIAN_POINT('',(-1.088,1.204,0.448));
#308 = CARTESIAN_POINT('',(-1.357,0.696,0.193));
#309 = CARTESIAN_POINT('',(-1.357,1.204,0.193));
#310 = CARTESIAN_POINT('',(-1.303,0.696,0.394));
#311 = CARTESIAN_POINT('',(-1.357,0.696,0.193));
#312 = CARTESIAN_POINT('',(-1.303,1.204,0.394));
#313 = CARTESIAN_POINT('',(-1.303,0.696,0.394));
#314 = CARTESIAN_POINT('',(-1.357,1.204,0.193));
#315 = CARTESIAN_POINT('',(-1.303,1.204,0.394));
#316 = CARTESIAN_POINT('',(-1.25,1.204,0.165));
#317 = CARTESIAN_POINT('',(-1.25,0.696,0.165));
#318 = CARTESIAN_POINT('',(-1.196,1.204,0.365));
#319 = CARTESIAN_POINT('',(-1.25,1.204,0.165));
#320 = CARTESIAN_POINT('',(-1.196,0.696,0.365));
#321 = CARTESIAN_POINT('',(-1.196,1.204,0.365));
#322 = CARTESIAN_POINT('',(-1.25,0.696,0.165));
#323 = CARTESIAN_POINT('',(-1.196,0.696,0.365));
#324 = CARTESIAN_POINT('',(-1.499,0.696,0.111));
#325 = CARTESIAN_POINT('',(-1.499,1.204,0.111));
#326 = CARTESIAN_POINT('',(-1.464,0.696,0.111));
#327 = CARTESIAN_POINT('',(-1.499,0.696,0.111));
#328 = CARTESIAN_POINT('',(-1.464,1.204,0.111));
#329 = CARTESIAN_POINT('',(-1.464,0.696,0.111));
#330 = CARTESIAN_POINT('',(-1.499,1.204,0.111));
#331 = CARTESIAN_POINT('',(-1.464,1.204,0.111));
#332 = CARTESIAN_POINT('',(-1.464,0.696,0.));
#333 = CARTESIAN_POINT('',(-1.464,1.204,0.));
#334 = CARTESIAN_POINT('',(-1.499,0.696,0.));
#335 = CARTESIAN_POINT('',(-1.464,0.696,0.));
#336 = CARTESIAN_POINT('',(-1.499,1.204,0.));
#337 = CARTESIAN_POINT('',(-1.499,0.696,0.));
#338 = CARTESIAN_POINT('',(-1.464,1.204,0.));
#339 = CARTESIAN_POINT('',(-1.499,1.204,0.));
#340 = CARTESIAN_POINT('',(-1.499,1.204,0.));
#341 = CARTESIAN_POINT('',(-1.499,0.696,0.));
#342 = CARTESIAN_POINT('',(-1.499,0.696,0.111));
#343 = CARTESIAN_POINT('',(-1.499,0.696,0.));
#344 = CARTESIAN_POINT('',(-1.499,0.696,0.111));
#345 = CARTESIAN_POINT('',(-1.499,1.204,0.111));
#346 = CARTESIAN_POINT('',(-1.499,1.204,0.));
#347 = CARTESIAN_POINT('',(-1.499,1.204,0.111));
#348 = CARTESIAN_POINT('',(-1.088,0.696,0.559));
#349 = CARTESIAN_POINT('',(-1.088,1.204,0.559));
#350 = CARTESIAN_POINT('',(-1.303,1.204,0.394));
#351 = CARTESIAN_POINT('',(-1.088,1.204,0.559));
#352 = CARTESIAN_POINT('',(-1.303,1.204,0.394));
#353 = CARTESIAN_POINT('',(-1.303,0.696,0.394));
#354 = CARTESIAN_POINT('',(-1.088,0.696,0.559));
#355 = CARTESIAN_POINT('',(-1.303,0.696,0.394));
#356 = CARTESIAN_POINT('',(-1.088,1.204,0.448));
#357 = CARTESIAN_POINT('',(-1.196,1.204,0.365));
#358 = CARTESIAN_POINT('',(-1.196,0.696,0.365));
#359 = CARTESIAN_POINT('',(-1.196,1.204,0.365));
#360 = CARTESIAN_POINT('',(-1.196,0.696,0.365));
#361 = CARTESIAN_POINT('',(-1.088,0.696,0.448));
#362 = CARTESIAN_POINT('',(-1.088,1.204,0.448));
#363 = CARTESIAN_POINT('',(-1.088,0.696,0.448));
#364 = CARTESIAN_POINT('',(-1.464,1.204,0.111));
#365 = CARTESIAN_POINT('',(-1.357,1.204,0.193));
#366 = CARTESIAN_POINT('',(-1.357,0.696,0.193));
#367 = CARTESIAN_POINT('',(-1.357,1.204,0.193));
#368 = CARTESIAN_POINT('',(-1.357,0.696,0.193));
#369 = CARTESIAN_POINT('',(-1.464,0.696,0.111));
#370 = CARTESIAN_POINT('',(-1.464,1.204,0.111));
#371 = CARTESIAN_POINT('',(-1.464,0.696,0.111));
#372 = CARTESIAN_POINT('',(-1.464,0.696,0.));
#373 = CARTESIAN_POINT('',(-1.464,1.204,0.));
#374 = CARTESIAN_POINT('',(-1.25,1.204,0.165));
#375 = CARTESIAN_POINT('',(-1.464,1.204,0.));
#376 = CARTESIAN_POINT('',(-1.25,1.204,0.165));
#377 = CARTESIAN_POINT('',(-1.25,0.696,0.165));
#378 = CARTESIAN_POINT('',(-1.464,0.696,0.));
#379 = CARTESIAN_POINT('',(-1.25,0.696,0.165));
#380 = CARTESIAN_POINT('',(-1.088,1.204,0.559));
#381 = CARTESIAN_POINT('',(-1.054,1.204,0.559));
#382 = CARTESIAN_POINT('',(-1.054,1.204,0.559));
#383 = CARTESIAN_POINT('',(-1.054,1.204,0.448));
#384 = CARTESIAN_POINT('',(-1.054,1.204,0.448));
#385 = CARTESIAN_POINT('',(-1.088,1.204,0.448));
#386 = CARTESIAN_POINT('',(-1.088,1.204,0.448));
#387 = CARTESIAN_POINT('',(-1.196,1.204,0.365));
#388 = CARTESIAN_POINT('',(-1.196,1.204,0.365));
#389 = CARTESIAN_POINT('',(-1.25,1.204,0.165));
#390 = CARTESIAN_POINT('',(-1.25,1.204,0.165));
#391 = CARTESIAN_POINT('',(-1.464,1.204,0.));
#392 = CARTESIAN_POINT('',(-1.464,1.204,0.));
#393 = CARTESIAN_POINT('',(-1.499,1.204,0.));
#394 = CARTESIAN_POINT('',(-1.499,1.204,0.));
#395 = CARTESIAN_POINT('',(-1.499,1.204,0.111));
#396 = CARTESIAN_POINT('',(-1.499,1.204,0.111));
#397 = CARTESIAN_POINT('',(-1.464,1.204,0.111));
#398 = CARTESIAN_POINT('',(-1.464,1.204,0.111));
#399 = CARTESIAN_POINT('',(-1.357,1.204,0.193));
#400 = CARTESIAN_POINT('',(-1.357,1.204,0.193));
#401 = CARTESIAN_POINT('',(-1.303,1.204,0.394));
#402 = CARTESIAN_POINT('',(-1.303,1.204,0.394));
#403 = CARTESIAN_POINT('',(-1.088,1.204,0.559));
#404 = CARTESIAN_POINT('',(-1.088,0.696,0.448));
#405 = CARTESIAN_POINT('',(-1.054,0.696,0.448));
#406 = CARTESIAN_POINT('',(-1.054,0.696,0.448));
#407 = CARTESIAN_POINT('',(-1.054,0.696,0.559));
#408 = CARTESIAN_POINT('',(-1.054,0.696,0.559));
#409 = CARTESIAN_POINT('',(-1.088,0.696,0.559));
#410 = CARTESIAN_POINT('',(-1.088,0.696,0.559));
#411 = CARTESIAN_POINT('',(-1.303,0.696,0.394));
#412 = CARTESIAN_POINT('',(-1.303,0.696,0.394));
#413 = CARTESIAN_POINT('',(-1.357,0.696,0.193));
#414 = CARTESIAN_POINT('',(-1.357,0.696,0.193));
#415 = CARTESIAN_POINT('',(-1.464,0.696,0.111));
#416 = CARTESIAN_POINT('',(-1.464,0.696,0.111));
#417 = CARTESIAN_POINT('',(-1.499,0.696,0.111));
#418 = CARTESIAN_POINT('',(-1.499,0.696,0.111));
#419 = CARTESIAN_POINT('',(-1.499,0.696,0.));
#420 = CARTESIAN_POINT('',(-1.499,0.696,0.));
#421 = CARTESIAN_POINT('',(-1.464,0.696,0.));
#422 = CARTESIAN_POINT('',(-1.464,0.696,0.));
#423 = CARTESIAN_POINT('',(-1.25,0.696,0.165));
#424 = CARTESIAN_POINT('',(-1.25,0.696,0.165));
#425 = CARTESIAN_POINT('',(-1.196,0.696,0.365));
#426 = CARTESIAN_POINT('',(-1.196,0.696,0.365));
#427 = CARTESIAN_POINT('',(-1.088,0.696,0.448));
#428 = CARTESIAN_POINT('',(1.054,-0.254,0.448));
#429 = CARTESIAN_POINT('',(1.054,0.254,0.448));
#430 = CARTESIAN_POINT('',(1.054,-0.254,0.559));
#431 = CARTESIAN_POINT('',(1.054,-0.254,0.448));
#432 = CARTESIAN_POINT('',(1.054,0.254,0.559));
#433 = CARTESIAN_POINT('',(1.054,-0.254,0.559));
#434 = CARTESIAN_POINT('',(1.054,0.254,0.448));
#435 = CARTESIAN_POINT('',(1.054,0.254,0.559));
#436 = CARTESIAN_POINT('',(1.054,0.254,0.559));
#437 = CARTESIAN_POINT('',(1.054,-0.254,0.559));
#438 = CARTESIAN_POINT('',(1.088,-0.254,0.559));
#439 = CARTESIAN_POINT('',(1.054,-0.254,0.559));
#440 = CARTESIAN_POINT('',(1.088,0.254,0.559));
#441 = CARTESIAN_POINT('',(1.088,-0.254,0.559));
#442 = CARTESIAN_POINT('',(1.054,0.254,0.559));
#443 = CARTESIAN_POINT('',(1.088,0.254,0.559));
#444 = CARTESIAN_POINT('',(1.054,-0.254,0.448));
#445 = CARTESIAN_POINT('',(1.054,0.254,0.448));
#446 = CARTESIAN_POINT('',(1.088,0.254,0.448));
#447 = CARTESIAN_POINT('',(1.054,0.254,0.448));
#448 = CARTESIAN_POINT('',(1.088,-0.254,0.448));
#449 = CARTESIAN_POINT('',(1.088,0.254,0.448));
#450 = CARTESIAN_POINT('',(1.054,-0.254,0.448));
#451 = CARTESIAN_POINT('',(1.088,-0.254,0.448));
#452 = CARTESIAN_POINT('',(1.357,0.254,0.193));
#453 = CARTESIAN_POINT('',(1.357,-0.254,0.193));
#454 = CARTESIAN_POINT('',(1.303,0.254,0.394));
#455 = CARTESIAN_POINT('',(1.357,0.254,0.193));
#456 = CARTESIAN_POINT('',(1.303,-0.254,0.394));
#457 = CARTESIAN_POINT('',(1.303,0.254,0.394));
#458 = CARTESIAN_POINT('',(1.357,-0.254,0.193));
#459 = CARTESIAN_POINT('',(1.303,-0.254,0.394));
#460 = CARTESIAN_POINT('',(1.25,-0.254,0.165));
#461 = CARTESIAN_POINT('',(1.25,0.254,0.165));
#462 = CARTESIAN_POINT('',(1.196,-0.254,0.365));
#463 = CARTESIAN_POINT('',(1.25,-0.254,0.165));
#464 = CARTESIAN_POINT('',(1.196,0.254,0.365));
#465 = CARTESIAN_POINT('',(1.196,-0.254,0.365));
#466 = CARTESIAN_POINT('',(1.25,0.254,0.165));
#467 = CARTESIAN_POINT('',(1.196,0.254,0.365));
#468 = CARTESIAN_POINT('',(1.499,0.254,0.111));
#469 = CARTESIAN_POINT('',(1.499,-0.254,0.111));
#470 = CARTESIAN_POINT('',(1.464,0.254,0.111));
#471 = CARTESIAN_POINT('',(1.499,0.254,0.111));
#472 = CARTESIAN_POINT('',(1.464,-0.254,0.111));
#473 = CARTESIAN_POINT('',(1.464,0.254,0.111));
#474 = CARTESIAN_POINT('',(1.499,-0.254,0.111));
#475 = CARTESIAN_POINT('',(1.464,-0.254,0.111));
#476 = CARTESIAN_POINT('',(1.464,0.254,0.));
#477 = CARTESIAN_POINT('',(1.464,-0.254,0.));
#478 = CARTESIAN_POINT('',(1.499,0.254,0.));
#479 = CARTESIAN_POINT('',(1.464,0.254,0.));
#480 = CARTESIAN_POINT('',(1.499,-0.254,0.));
#481 = CARTESIAN_POINT('',(1.499,0.254,0.));
#482 = CARTESIAN_POINT('',(1.464,-0.254,0.));
#483 = CARTESIAN_POINT('',(1.499,-0.254,0.));
#484 = CARTESIAN_POINT('',(1.499,-0.254,0.));
#485 = CARTESIAN_POINT('',(1.499,0.254,0.));
#486 = CARTESIAN_POINT('',(1.499,0.254,0.111));
#487 = CARTESIAN_POINT('',(1.499,0.254,0.));
#488 = CARTESIAN_POINT('',(1.499,0.254,0.111));
#489 = CARTESIAN_POINT('',(1.499,-0.254,0.111));
#490 = CARTESIAN_POINT('',(1.499,-0.254,0.));
#491 = CARTESIAN_POINT('',(1.499,-0.254,0.111));
#492 = CARTESIAN_POINT('',(1.088,0.254,0.559));
#493 = CARTESIAN_POINT('',(1.088,-0.254,0.559));
#494 = CARTESIAN_POINT('',(1.303,-0.254,0.394));
#495 = CARTESIAN_POINT('',(1.088,-0.254,0.559));
#496 = CARTESIAN_POINT('',(1.303,-0.254,0.394));
#497 = CARTESIAN_POINT('',(1.303,0.254,0.394));
#498 = CARTESIAN_POINT('',(1.088,0.254,0.559));
#499 = CARTESIAN_POINT('',(1.303,0.254,0.394));
#500 = CARTESIAN_POINT('',(1.088,-0.254,0.448));
#501 = CARTESIAN_POINT('',(1.196,-0.254,0.365));
#502 = CARTESIAN_POINT('',(1.196,0.254,0.365));
#503 = CARTESIAN_POINT('',(1.196,-0.254,0.365));
#504 = CARTESIAN_POINT('',(1.196,0.254,0.365));
#505 = CARTESIAN_POINT('',(1.088,0.254,0.448));
#506 = CARTESIAN_POINT('',(1.088,-0.254,0.448));
#507 = CARTESIAN_POINT('',(1.088,0.254,0.448));
#508 = CARTESIAN_POINT('',(1.464,-0.254,0.111));
#509 = CARTESIAN_POINT('',(1.357,-0.254,0.193));
#510 = CARTESIAN_POINT('',(1.357,0.254,0.193));
#511 = CARTESIAN_POINT('',(1.357,-0.254,0.193));
#512 = CARTESIAN_POINT('',(1.357,0.254,0.193));
#513 = CARTESIAN_POINT('',(1.464,0.254,0.111));
#514 = CARTESIAN_POINT('',(1.464,-0.254,0.111));
#515 = CARTESIAN_POINT('',(1.464,0.254,0.111));
#516 = CARTESIAN_POINT('',(1.464,0.254,0.));
#517 = CARTESIAN_POINT('',(1.464,-0.254,0.));
#518 = CARTESIAN_POINT('',(1.25,-0.254,0.165));
#519 = CARTESIAN_POINT('',(1.464,-0.254,0.));
#520 = CARTESIAN_POINT('',(1.25,-0.254,0.165));
#521 = CARTESIAN_POINT('',(1.25,0.254,0.165));
#522 = CARTESIAN_POINT('',(1.464,0.254,0.));
#523 = CARTESIAN_POINT('',(1.25,0.254,0.165));
#524 = CARTESIAN_POINT('',(1.088,-0.254,0.559));
#525 = CARTESIAN_POINT('',(1.054,-0.254,0.559));
#526 = CARTESIAN_POINT('',(1.054,-0.254,0.559));
#527 = CARTESIAN_POINT('',(1.054,-0.254,0.448));
#528 = CARTESIAN_POINT('',(1.054,-0.254,0.448));
#529 = CARTESIAN_POINT('',(1.088,-0.254,0.448));
#530 = CARTESIAN_POINT('',(1.088,-0.254,0.448));
#531 = CARTESIAN_POINT('',(1.196,-0.254,0.365));
#532 = CARTESIAN_POINT('',(1.196,-0.254,0.365));
#533 = CARTESIAN_POINT('',(1.25,-0.254,0.165));
#534 = CARTESIAN_POINT('',(1.25,-0.254,0.165));
#535 = CARTESIAN_POINT('',(1.464,-0.254,0.));
#536 = CARTESIAN_POINT('',(1.464,-0.254,0.));
#537 = CARTESIAN_POINT('',(1.499,-0.254,0.));
#538 = CARTESIAN_POINT('',(1.499,-0.254,0.));
#539 = CARTESIAN_POINT('',(1.499,-0.254,0.111));
#540 = CARTESIAN_POINT('',(1.499,-0.254,0.111));
#541 = CARTESIAN_POINT('',(1.464,-0.254,0.111));
#542 = CARTESIAN_POINT('',(1.464,-0.254,0.111));
#543 = CARTESIAN_POINT('',(1.357,-0.254,0.193));
#544 = CARTESIAN_POINT('',(1.357,-0.254,0.193));
#545 = CARTESIAN_POINT('',(1.303,-0.254,0.394));
#546 = CARTESIAN_POINT('',(1.303,-0.254,0.394));
#547 = CARTESIAN_POINT('',(1.088,-0.254,0.559));
#548 = CARTESIAN_POINT('',(1.088,0.254,0.448));
#549 = CARTESIAN_POINT('',(1.054,0.254,0.448));
#550 = CARTESIAN_POINT('',(1.054,0.254,0.448));
#551 = CARTESIAN_POINT('',(1.054,0.254,0.559));
#552 = CARTESIAN_POINT('',(1.054,0.254,0.559));
#553 = CARTESIAN_POINT('',(1.088,0.254,0.559));
#554 = CARTESIAN_POINT('',(1.088,0.254,0.559));
#555 = CARTESIAN_POINT('',(1.303,0.254,0.394));
#556 = CARTESIAN_POINT('',(1.303,0.254,0.394));
#557 = CARTESIAN_POINT('',(1.357,0.254,0.193));
#558 = CARTESIAN_POINT('',(1.357,0.254,0.193));
#559 = CARTESIAN_POINT('',(1.464,0.254,0.111));
#560 = CARTESIAN_POINT('',(1.464,0.254,0.111));
#561 = CARTESIAN_POINT('',(1.499,0.254,0.111));
#562 = CARTESIAN_POINT('',(1.499,0.254,0.111));
#563 = CARTESIAN_POINT('',(1.499,0.254,0.));
#564 = CARTESIAN_POINT('',(1.499,0.254,0.));
#565 = CARTESIAN_POINT('',(1.464,0.254,0.));
#566 = CARTESIAN_POINT('',(1.464,0.254,0.));
#567 = CARTESIAN_POINT('',(1.25,0.254,0.165));
#568 = CARTESIAN_POINT('',(1.25,0.254,0.165));
#569 = CARTESIAN_POINT('',(1.196,0.254,0.365));
#570 = CARTESIAN_POINT('',(1.196,0.254,0.365));
#571 = CARTESIAN_POINT('',(1.088,0.254,0.448));
#572 = MANIFOLD_SOLID_BREP('',#573);
#573 = CLOSED_SHELL('',(#574,#606,#615));
#574 = ADVANCED_FACE('',(#575),#601,.T.);
#575 = FACE_BOUND('',#576,.T.);
#576 = EDGE_LOOP('',(#577,#586,#593,#600));
#577 = ORIENTED_EDGE('',*,*,#578,.F.);
#578 = EDGE_CURVE('',#579,#579,#581,.T.);
#579 = VERTEX_POINT('',#580);
#580 = CARTESIAN_POINT('',(-0.661,1.027,1.12));
#581 = CIRCLE('',#582,7.747E-02);
#582 = AXIS2_PLACEMENT_3D('',#583,#584,#585);
#583 = CARTESIAN_POINT('',(-0.661,0.95,1.12));
#584 = DIRECTION('',(0.,0.,1.));
#585 = DIRECTION('',(-2.22044604925E-16,-1.,0.));
#586 = ORIENTED_EDGE('',*,*,#587,.F.);
#587 = EDGE_CURVE('',#588,#579,#590,.T.);
#588 = VERTEX_POINT('',#589);
#589 = CARTESIAN_POINT('',(-0.661,1.027,1.118));
#590 = B_SPLINE_CURVE_WITH_KNOTS('',1,(#591,#592),.UNSPECIFIED.,.F.,.F.,
  (2,2),(0.,2.E-03),.PIECEWISE_BEZIER_KNOTS.);
#591 = CARTESIAN_POINT('',(-0.661,1.02747,1.118));
#592 = CARTESIAN_POINT('',(-0.661,1.02747,1.12));
#593 = ORIENTED_EDGE('',*,*,#594,.F.);
#594 = EDGE_CURVE('',#588,#588,#595,.T.);
#595 = CIRCLE('',#596,7.747E-02);
#596 = AXIS2_PLACEMENT_3D('',#597,#598,#599);
#597 = CARTESIAN_POINT('',(-0.661,0.95,1.118));
#598 = DIRECTION('',(-0.,0.,-1.));
#599 = DIRECTION('',(-2.22044604925E-16,-1.,0.));
#600 = ORIENTED_EDGE('',*,*,#587,.T.);
#601 = CYLINDRICAL_SURFACE('',#602,7.747E-02);
#602 = AXIS2_PLACEMENT_3D('',#603,#604,#605);
#603 = CARTESIAN_POINT('',(-0.661,0.95,1.118));
#604 = DIRECTION('',(0.,0.,1.));
#605 = DIRECTION('',(-2.22044604925E-16,-1.,0.));
#606 = ADVANCED_FACE('',(#607),#610,.F.);
#607 = FACE_BOUND('',#608,.T.);
#608 = EDGE_LOOP('',(#609));
#609 = ORIENTED_EDGE('',*,*,#594,.T.);
#610 = PLANE('',#611);
#611 = AXIS2_PLACEMENT_3D('',#612,#613,#614);
#612 = CARTESIAN_POINT('',(-0.661,0.95,1.118));
#613 = DIRECTION('',(0.,0.,1.));
#614 = DIRECTION('',(1.,-2.22044604925E-16,0.));
#615 = ADVANCED_FACE('',(#616),#619,.T.);
#616 = FACE_BOUND('',#617,.T.);
#617 = EDGE_LOOP('',(#618));
#618 = ORIENTED_EDGE('',*,*,#578,.T.);
#619 = PLANE('',#620);
#620 = AXIS2_PLACEMENT_3D('',#621,#622,#623);
#621 = CARTESIAN_POINT('',(-0.661,0.95,1.12));
#622 = DIRECTION('',(0.,0.,1.));
#623 = DIRECTION('',(1.,-2.22044604925E-16,0.));
#624 = MANIFOLD_SOLID_BREP('',#625);
#625 = CLOSED_SHELL('',(#626,#666,#697,#721,#745,#762,#793,#817,#841,
    #858,#889,#913,#937,#954));
#626 = ADVANCED_FACE('',(#627),#661,.T.);
#627 = FACE_BOUND('',#628,.T.);
#628 = EDGE_LOOP('',(#629,#639,#647,#655));
#629 = ORIENTED_EDGE('',*,*,#630,.F.);
#630 = EDGE_CURVE('',#631,#633,#635,.T.);
#631 = VERTEX_POINT('',#632);
#632 = CARTESIAN_POINT('',(-0.876,-1.372,1.118));
#633 = VERTEX_POINT('',#634);
#634 = CARTESIAN_POINT('',(-0.876,1.372,1.118));
#635 = LINE('',#636,#637);
#636 = CARTESIAN_POINT('',(-0.876,-1.372,1.118));
#637 = VECTOR('',#638,1.);
#638 = DIRECTION('',(2.22044604925E-16,1.,0.));
#639 = ORIENTED_EDGE('',*,*,#640,.F.);
#640 = EDGE_CURVE('',#641,#631,#643,.T.);
#641 = VERTEX_POINT('',#642);
#642 = CARTESIAN_POINT('',(0.876,-1.372,1.118));
#643 = LINE('',#644,#645);
#644 = CARTESIAN_POINT('',(0.876,-1.372,1.118));
#645 = VECTOR('',#646,1.);
#646 = DIRECTION('',(-1.,2.22044604925E-16,0.));
#647 = ORIENTED_EDGE('',*,*,#648,.F.);
#648 = EDGE_CURVE('',#649,#641,#651,.T.);
#649 = VERTEX_POINT('',#650);
#650 = CARTESIAN_POINT('',(0.876,1.372,1.118));
#651 = LINE('',#652,#653);
#652 = CARTESIAN_POINT('',(0.876,1.372,1.118));
#653 = VECTOR('',#654,1.);
#654 = DIRECTION('',(-2.22044604925E-16,-1.,0.));
#655 = ORIENTED_EDGE('',*,*,#656,.F.);
#656 = EDGE_CURVE('',#633,#649,#657,.T.);
#657 = LINE('',#658,#659);
#658 = CARTESIAN_POINT('',(-0.876,1.372,1.118));
#659 = VECTOR('',#660,1.);
#660 = DIRECTION('',(1.,-2.22044604925E-16,0.));
#661 = PLANE('',#662);
#662 = AXIS2_PLACEMENT_3D('',#663,#664,#665);
#663 = CARTESIAN_POINT('',(-0.876,1.372,1.118));
#664 = DIRECTION('',(0.,0.,1.));
#665 = DIRECTION('',(1.,-2.22044604925E-16,0.));
#666 = ADVANCED_FACE('',(#667),#692,.T.);
#667 = FACE_BOUND('',#668,.T.);
#668 = EDGE_LOOP('',(#669,#679,#685,#686));
#669 = ORIENTED_EDGE('',*,*,#670,.F.);
#670 = EDGE_CURVE('',#671,#673,#675,.T.);
#671 = VERTEX_POINT('',#672);
#672 = CARTESIAN_POINT('',(-1.054,-1.549,0.574));
#673 = VERTEX_POINT('',#674);
#674 = CARTESIAN_POINT('',(-1.054,1.549,0.574));
#675 = LINE('',#676,#677);
#676 = CARTESIAN_POINT('',(-1.054,-1.549,0.574));
#677 = VECTOR('',#678,1.);
#678 = DIRECTION('',(2.22044604925E-16,1.,0.));
#679 = ORIENTED_EDGE('',*,*,#680,.F.);
#680 = EDGE_CURVE('',#631,#671,#681,.T.);
#681 = LINE('',#682,#683);
#682 = CARTESIAN_POINT('',(-0.876,-1.372,1.118));
#683 = VECTOR('',#684,1.);
#684 = DIRECTION('',(-0.296869109578,-0.296869109578,-0.907599836689));
#685 = ORIENTED_EDGE('',*,*,#630,.T.);
#686 = ORIENTED_EDGE('',*,*,#687,.F.);
#687 = EDGE_CURVE('',#673,#633,#688,.T.);
#688 = LINE('',#689,#690);
#689 = CARTESIAN_POINT('',(-1.054,1.549,0.574));
#690 = VECTOR('',#691,1.);
#691 = DIRECTION('',(0.296869109578,-0.296869109578,0.907599836689));
#692 = PLANE('',#693);
#693 = AXIS2_PLACEMENT_3D('',#694,#695,#696);
#694 = CARTESIAN_POINT('',(-1.054,1.549,0.574));
#695 = DIRECTION('',(-0.950370241328,2.110245847681E-16,0.311121205319)
  );
#696 = DIRECTION('',(0.311121205319,-6.908278511881E-17,0.950370241328)
  );
#697 = ADVANCED_FACE('',(#698),#716,.T.);
#698 = FACE_BOUND('',#699,.T.);
#699 = EDGE_LOOP('',(#700,#708,#714,#715));
#700 = ORIENTED_EDGE('',*,*,#701,.F.);
#701 = EDGE_CURVE('',#702,#671,#704,.T.);
#702 = VERTEX_POINT('',#703);
#703 = CARTESIAN_POINT('',(1.054,-1.549,0.574));
#704 = LINE('',#705,#706);
#705 = CARTESIAN_POINT('',(1.054,-1.549,0.574));
#706 = VECTOR('',#707,1.);
#707 = DIRECTION('',(-1.,2.22044604925E-16,0.));
#708 = ORIENTED_EDGE('',*,*,#709,.F.);
#709 = EDGE_CURVE('',#641,#702,#710,.T.);
#710 = LINE('',#711,#712);
#711 = CARTESIAN_POINT('',(0.876,-1.372,1.118));
#712 = VECTOR('',#713,1.);
#713 = DIRECTION('',(0.296869109578,-0.296869109578,-0.907599836689));
#714 = ORIENTED_EDGE('',*,*,#640,.T.);
#715 = ORIENTED_EDGE('',*,*,#680,.T.);
#716 = PLANE('',#717);
#717 = AXIS2_PLACEMENT_3D('',#718,#719,#720);
#718 = CARTESIAN_POINT('',(-1.054,-1.549,0.574));
#719 = DIRECTION('',(-2.110245847681E-16,-0.950370241328,0.311121205319)
  );
#720 = DIRECTION('',(6.908278511881E-17,0.311121205319,0.950370241328));
#721 = ADVANCED_FACE('',(#722),#740,.T.);
#722 = FACE_BOUND('',#723,.T.);
#723 = EDGE_LOOP('',(#724,#732,#738,#739));
#724 = ORIENTED_EDGE('',*,*,#725,.F.);
#725 = EDGE_CURVE('',#726,#702,#728,.T.);
#726 = VERTEX_POINT('',#727);
#727 = CARTESIAN_POINT('',(1.054,1.549,0.574));
#728 = LINE('',#729,#730);
#729 = CARTESIAN_POINT('',(1.054,1.549,0.574));
#730 = VECTOR('',#731,1.);
#731 = DIRECTION('',(-2.22044604925E-16,-1.,0.));
#732 = ORIENTED_EDGE('',*,*,#733,.F.);
#733 = EDGE_CURVE('',#649,#726,#734,.T.);
#734 = LINE('',#735,#736);
#735 = CARTESIAN_POINT('',(0.876,1.372,1.118));
#736 = VECTOR('',#737,1.);
#737 = DIRECTION('',(0.296869109578,0.296869109578,-0.907599836689));
#738 = ORIENTED_EDGE('',*,*,#648,.T.);
#739 = ORIENTED_EDGE('',*,*,#709,.T.);
#740 = PLANE('',#741);
#741 = AXIS2_PLACEMENT_3D('',#742,#743,#744);
#742 = CARTESIAN_POINT('',(1.054,-1.549,0.574));
#743 = DIRECTION('',(0.950370241328,-2.110245847681E-16,0.311121205319)
  );
#744 = DIRECTION('',(-0.311121205319,6.908278511881E-17,0.950370241328)
  );
#745 = ADVANCED_FACE('',(#746),#757,.T.);
#746 = FACE_BOUND('',#747,.T.);
#747 = EDGE_LOOP('',(#748,#754,#755,#756));
#748 = ORIENTED_EDGE('',*,*,#749,.F.);
#749 = EDGE_CURVE('',#673,#726,#750,.T.);
#750 = LINE('',#751,#752);
#751 = CARTESIAN_POINT('',(-1.054,1.549,0.574));
#752 = VECTOR('',#753,1.);
#753 = DIRECTION('',(1.,-2.22044604925E-16,0.));
#754 = ORIENTED_EDGE('',*,*,#687,.T.);
#755 = ORIENTED_EDGE('',*,*,#656,.T.);
#756 = ORIENTED_EDGE('',*,*,#733,.T.);
#757 = PLANE('',#758);
#758 = AXIS2_PLACEMENT_3D('',#759,#760,#761);
#759 = CARTESIAN_POINT('',(1.054,1.549,0.574));
#760 = DIRECTION('',(2.110245847681E-16,0.950370241328,0.311121205319));
#761 = DIRECTION('',(-6.908278511881E-17,-0.311121205319,0.950370241328)
  );
#762 = ADVANCED_FACE('',(#763),#788,.T.);
#763 = FACE_BOUND('',#764,.T.);
#764 = EDGE_LOOP('',(#765,#775,#781,#782));
#765 = ORIENTED_EDGE('',*,*,#766,.F.);
#766 = EDGE_CURVE('',#767,#769,#771,.T.);
#767 = VERTEX_POINT('',#768);
#768 = CARTESIAN_POINT('',(-1.054,-1.549,0.29));
#769 = VERTEX_POINT('',#770);
#770 = CARTESIAN_POINT('',(-1.054,1.549,0.29));
#771 = LINE('',#772,#773);
#772 = CARTESIAN_POINT('',(-1.054,-1.549,0.29));
#773 = VECTOR('',#774,1.);
#774 = DIRECTION('',(2.22044604925E-16,1.,0.));
#775 = ORIENTED_EDGE('',*,*,#776,.F.);
#776 = EDGE_CURVE('',#671,#767,#777,.T.);
#777 = LINE('',#778,#779);
#778 = CARTESIAN_POINT('',(-1.054,-1.549,0.574));
#779 = VECTOR('',#780,1.);
#780 = DIRECTION('',(0.,-0.,-1.));
#781 = ORIENTED_EDGE('',*,*,#670,.T.);
#782 = ORIENTED_EDGE('',*,*,#783,.F.);
#783 = EDGE_CURVE('',#769,#673,#784,.T.);
#784 = LINE('',#785,#786);
#785 = CARTESIAN_POINT('',(-1.054,1.549,0.29));
#786 = VECTOR('',#787,1.);
#787 = DIRECTION('',(0.,0.,1.));
#788 = PLANE('',#789);
#789 = AXIS2_PLACEMENT_3D('',#790,#791,#792);
#790 = CARTESIAN_POINT('',(-1.054,1.549,0.29));
#791 = DIRECTION('',(-1.,2.22044604925E-16,0.));
#792 = DIRECTION('',(0.,0.,1.));
#793 = ADVANCED_FACE('',(#794),#812,.T.);
#794 = FACE_BOUND('',#795,.T.);
#795 = EDGE_LOOP('',(#796,#804,#810,#811));
#796 = ORIENTED_EDGE('',*,*,#797,.F.);
#797 = EDGE_CURVE('',#798,#767,#800,.T.);
#798 = VERTEX_POINT('',#799);
#799 = CARTESIAN_POINT('',(1.054,-1.549,0.29));
#800 = LINE('',#801,#802);
#801 = CARTESIAN_POINT('',(1.054,-1.549,0.29));
#802 = VECTOR('',#803,1.);
#803 = DIRECTION('',(-1.,2.22044604925E-16,0.));
#804 = ORIENTED_EDGE('',*,*,#805,.F.);
#805 = EDGE_CURVE('',#702,#798,#806,.T.);
#806 = LINE('',#807,#808);
#807 = CARTESIAN_POINT('',(1.054,-1.549,0.574));
#808 = VECTOR('',#809,1.);
#809 = DIRECTION('',(0.,-0.,-1.));
#810 = ORIENTED_EDGE('',*,*,#701,.T.);
#811 = ORIENTED_EDGE('',*,*,#776,.T.);
#812 = PLANE('',#813);
#813 = AXIS2_PLACEMENT_3D('',#814,#815,#816);
#814 = CARTESIAN_POINT('',(-1.054,-1.549,0.29));
#815 = DIRECTION('',(-2.22044604925E-16,-1.,0.));
#816 = DIRECTION('',(0.,0.,1.));
#817 = ADVANCED_FACE('',(#818),#836,.T.);
#818 = FACE_BOUND('',#819,.T.);
#819 = EDGE_LOOP('',(#820,#828,#834,#835));
#820 = ORIENTED_EDGE('',*,*,#821,.F.);
#821 = EDGE_CURVE('',#822,#798,#824,.T.);
#822 = VERTEX_POINT('',#823);
#823 = CARTESIAN_POINT('',(1.054,1.549,0.29));
#824 = LINE('',#825,#826);
#825 = CARTESIAN_POINT('',(1.054,1.549,0.29));
#826 = VECTOR('',#827,1.);
#827 = DIRECTION('',(-2.22044604925E-16,-1.,0.));
#828 = ORIENTED_EDGE('',*,*,#829,.F.);
#829 = EDGE_CURVE('',#726,#822,#830,.T.);
#830 = LINE('',#831,#832);
#831 = CARTESIAN_POINT('',(1.054,1.549,0.574));
#832 = VECTOR('',#833,1.);
#833 = DIRECTION('',(0.,-0.,-1.));
#834 = ORIENTED_EDGE('',*,*,#725,.T.);
#835 = ORIENTED_EDGE('',*,*,#805,.T.);
#836 = PLANE('',#837);
#837 = AXIS2_PLACEMENT_3D('',#838,#839,#840);
#838 = CARTESIAN_POINT('',(1.054,-1.549,0.29));
#839 = DIRECTION('',(1.,-2.22044604925E-16,0.));
#840 = DIRECTION('',(0.,0.,1.));
#841 = ADVANCED_FACE('',(#842),#853,.T.);
#842 = FACE_BOUND('',#843,.T.);
#843 = EDGE_LOOP('',(#844,#850,#851,#852));
#844 = ORIENTED_EDGE('',*,*,#845,.F.);
#845 = EDGE_CURVE('',#769,#822,#846,.T.);
#846 = LINE('',#847,#848);
#847 = CARTESIAN_POINT('',(-1.054,1.549,0.29));
#848 = VECTOR('',#849,1.);
#849 = DIRECTION('',(1.,-2.22044604925E-16,0.));
#850 = ORIENTED_EDGE('',*,*,#783,.T.);
#851 = ORIENTED_EDGE('',*,*,#749,.T.);
#852 = ORIENTED_EDGE('',*,*,#829,.T.);
#853 = PLANE('',#854);
#854 = AXIS2_PLACEMENT_3D('',#855,#856,#857);
#855 = CARTESIAN_POINT('',(1.054,1.549,0.29));
#856 = DIRECTION('',(2.22044604925E-16,1.,0.));
#857 = DIRECTION('',(0.,0.,1.));
#858 = ADVANCED_FACE('',(#859),#884,.T.);
#859 = FACE_BOUND('',#860,.T.);
#860 = EDGE_LOOP('',(#861,#871,#877,#878));
#861 = ORIENTED_EDGE('',*,*,#862,.F.);
#862 = EDGE_CURVE('',#863,#865,#867,.T.);
#863 = VERTEX_POINT('',#864);
#864 = CARTESIAN_POINT('',(-0.851,-1.346,0.));
#865 = VERTEX_POINT('',#866);
#866 = CARTESIAN_POINT('',(-0.851,1.346,0.));
#867 = LINE('',#868,#869);
#868 = CARTESIAN_POINT('',(-0.851,-1.346,0.));
#869 = VECTOR('',#870,1.);
#870 = DIRECTION('',(2.22044604925E-16,1.,0.));
#871 = ORIENTED_EDGE('',*,*,#872,.F.);
#872 = EDGE_CURVE('',#767,#863,#873,.T.);
#873 = LINE('',#874,#875);
#874 = CARTESIAN_POINT('',(-1.054,-1.549,0.29));
#875 = VECTOR('',#876,1.);
#876 = DIRECTION('',(0.497973110178,0.497973110178,-0.709961663105));
#877 = ORIENTED_EDGE('',*,*,#766,.T.);
#878 = ORIENTED_EDGE('',*,*,#879,.F.);
#879 = EDGE_CURVE('',#865,#769,#880,.T.);
#880 = LINE('',#881,#882);
#881 = CARTESIAN_POINT('',(-0.851,1.346,0.));
#882 = VECTOR('',#883,1.);
#883 = DIRECTION('',(-0.497973110178,0.497973110178,0.709961663105));
#884 = PLANE('',#885);
#885 = AXIS2_PLACEMENT_3D('',#886,#887,#888);
#886 = CARTESIAN_POINT('',(-0.851,1.346,0.));
#887 = DIRECTION('',(-0.818902965747,1.818329855013E-16,-0.573931993088)
  );
#888 = DIRECTION('',(-0.573931993088,1.274385026591E-16,0.818902965747)
  );
#889 = ADVANCED_FACE('',(#890),#908,.T.);
#890 = FACE_BOUND('',#891,.T.);
#891 = EDGE_LOOP('',(#892,#900,#906,#907));
#892 = ORIENTED_EDGE('',*,*,#893,.F.);
#893 = EDGE_CURVE('',#894,#863,#896,.T.);
#894 = VERTEX_POINT('',#895);
#895 = CARTESIAN_POINT('',(0.851,-1.346,0.));
#896 = LINE('',#897,#898);
#897 = CARTESIAN_POINT('',(0.851,-1.346,0.));
#898 = VECTOR('',#899,1.);
#899 = DIRECTION('',(-1.,2.22044604925E-16,0.));
#900 = ORIENTED_EDGE('',*,*,#901,.F.);
#901 = EDGE_CURVE('',#798,#894,#902,.T.);
#902 = LINE('',#903,#904);
#903 = CARTESIAN_POINT('',(1.054,-1.549,0.29));
#904 = VECTOR('',#905,1.);
#905 = DIRECTION('',(-0.497973110178,0.497973110178,-0.709961663105));
#906 = ORIENTED_EDGE('',*,*,#797,.T.);
#907 = ORIENTED_EDGE('',*,*,#872,.T.);
#908 = PLANE('',#909);
#909 = AXIS2_PLACEMENT_3D('',#910,#911,#912);
#910 = CARTESIAN_POINT('',(-0.851,-1.346,0.));
#911 = DIRECTION('',(-1.818329855013E-16,-0.818902965747,-0.573931993088
    ));
#912 = DIRECTION('',(-1.274385026591E-16,-0.573931993088,0.818902965747)
  );
#913 = ADVANCED_FACE('',(#914),#932,.T.);
#914 = FACE_BOUND('',#915,.T.);
#915 = EDGE_LOOP('',(#916,#924,#930,#931));
#916 = ORIENTED_EDGE('',*,*,#917,.F.);
#917 = EDGE_CURVE('',#918,#894,#920,.T.);
#918 = VERTEX_POINT('',#919);
#919 = CARTESIAN_POINT('',(0.851,1.346,0.));
#920 = LINE('',#921,#922);
#921 = CARTESIAN_POINT('',(0.851,1.346,0.));
#922 = VECTOR('',#923,1.);
#923 = DIRECTION('',(-2.22044604925E-16,-1.,0.));
#924 = ORIENTED_EDGE('',*,*,#925,.F.);
#925 = EDGE_CURVE('',#822,#918,#926,.T.);
#926 = LINE('',#927,#928);
#927 = CARTESIAN_POINT('',(1.054,1.549,0.29));
#928 = VECTOR('',#929,1.);
#929 = DIRECTION('',(-0.497973110178,-0.497973110178,-0.709961663105));
#930 = ORIENTED_EDGE('',*,*,#821,.T.);
#931 = ORIENTED_EDGE('',*,*,#901,.T.);
#932 = PLANE('',#933);
#933 = AXIS2_PLACEMENT_3D('',#934,#935,#936);
#934 = CARTESIAN_POINT('',(0.851,-1.346,0.));
#935 = DIRECTION('',(0.818902965747,-1.818329855013E-16,-0.573931993088)
  );
#936 = DIRECTION('',(0.573931993088,-1.274385026591E-16,0.818902965747)
  );
#937 = ADVANCED_FACE('',(#938),#949,.T.);
#938 = FACE_BOUND('',#939,.T.);
#939 = EDGE_LOOP('',(#940,#946,#947,#948));
#940 = ORIENTED_EDGE('',*,*,#941,.F.);
#941 = EDGE_CURVE('',#865,#918,#942,.T.);
#942 = LINE('',#943,#944);
#943 = CARTESIAN_POINT('',(-0.851,1.346,0.));
#944 = VECTOR('',#945,1.);
#945 = DIRECTION('',(1.,-2.22044604925E-16,0.));
#946 = ORIENTED_EDGE('',*,*,#879,.T.);
#947 = ORIENTED_EDGE('',*,*,#845,.T.);
#948 = ORIENTED_EDGE('',*,*,#925,.T.);
#949 = PLANE('',#950);
#950 = AXIS2_PLACEMENT_3D('',#951,#952,#953);
#951 = CARTESIAN_POINT('',(0.851,1.346,0.));
#952 = DIRECTION('',(1.818329855013E-16,0.818902965747,-0.573931993088)
  );
#953 = DIRECTION('',(1.274385026591E-16,0.573931993088,0.818902965747));
#954 = ADVANCED_FACE('',(#955),#961,.T.);
#955 = FACE_BOUND('',#956,.T.);
#956 = EDGE_LOOP('',(#957,#958,#959,#960));
#957 = ORIENTED_EDGE('',*,*,#917,.T.);
#958 = ORIENTED_EDGE('',*,*,#893,.T.);
#959 = ORIENTED_EDGE('',*,*,#862,.T.);
#960 = ORIENTED_EDGE('',*,*,#941,.T.);
#961 = PLANE('',#962);
#962 = AXIS2_PLACEMENT_3D('',#963,#964,#965);
#963 = CARTESIAN_POINT('',(0.851,1.346,0.));
#964 = DIRECTION('',(0.,-0.,-1.));
#965 = DIRECTION('',(1.,-2.22044604925E-16,0.));
#966 = MANIFOLD_SOLID_BREP('',#967);
#967 = CLOSED_SHELL('',(#968,#1008,#1039,#1070,#1110,#1150,#1190,#1230,
    #1252,#1276,#1300,#1324,#1348,#1368));
#968 = ADVANCED_FACE('',(#969),#1003,.T.);
#969 = FACE_BOUND('',#970,.T.);
#970 = EDGE_LOOP('',(#971,#981,#989,#997));
#971 = ORIENTED_EDGE('',*,*,#972,.F.);
#972 = EDGE_CURVE('',#973,#975,#977,.T.);
#973 = VERTEX_POINT('',#974);
#974 = CARTESIAN_POINT('',(-1.054,-0.696,0.448));
#975 = VERTEX_POINT('',#976);
#976 = CARTESIAN_POINT('',(-1.054,-1.204,0.448));
#977 = LINE('',#978,#979);
#978 = CARTESIAN_POINT('',(-1.054,-0.696,0.448));
#979 = VECTOR('',#980,1.);
#980 = DIRECTION('',(-2.22044604925E-16,-1.,0.));
#981 = ORIENTED_EDGE('',*,*,#982,.F.);
#982 = EDGE_CURVE('',#983,#973,#985,.T.);
#983 = VERTEX_POINT('',#984);
#984 = CARTESIAN_POINT('',(-1.054,-0.696,0.559));
#985 = LINE('',#986,#987);
#986 = CARTESIAN_POINT('',(-1.054,-0.696,0.559));
#987 = VECTOR('',#988,1.);
#988 = DIRECTION('',(0.,-0.,-1.));
#989 = ORIENTED_EDGE('',*,*,#990,.F.);
#990 = EDGE_CURVE('',#991,#983,#993,.T.);
#991 = VERTEX_POINT('',#992);
#992 = CARTESIAN_POINT('',(-1.054,-1.204,0.559));
#993 = LINE('',#994,#995);
#994 = CARTESIAN_POINT('',(-1.054,-1.204,0.559));
#995 = VECTOR('',#996,1.);
#996 = DIRECTION('',(2.22044604925E-16,1.,0.));
#997 = ORIENTED_EDGE('',*,*,#998,.F.);
#998 = EDGE_CURVE('',#975,#991,#999,.T.);
#999 = LINE('',#1000,#1001);
#1000 = CARTESIAN_POINT('',(-1.054,-1.204,0.448));
#1001 = VECTOR('',#1002,1.);
#1002 = DIRECTION('',(0.,0.,1.));
#1003 = PLANE('',#1004);
#1004 = AXIS2_PLACEMENT_3D('',#1005,#1006,#1007);
#1005 = CARTESIAN_POINT('',(-1.054,-1.204,0.448));
#1006 = DIRECTION('',(1.,-2.22044604925E-16,0.));
#1007 = DIRECTION('',(0.,0.,1.));
#1008 = ADVANCED_FACE('',(#1009),#1034,.T.);
#1009 = FACE_BOUND('',#1010,.T.);
#1010 = EDGE_LOOP('',(#1011,#1012,#1020,#1028));
#1011 = ORIENTED_EDGE('',*,*,#990,.T.);
#1012 = ORIENTED_EDGE('',*,*,#1013,.F.);
#1013 = EDGE_CURVE('',#1014,#983,#1016,.T.);
#1014 = VERTEX_POINT('',#1015);
#1015 = CARTESIAN_POINT('',(-1.088,-0.696,0.559));
#1016 = LINE('',#1017,#1018);
#1017 = CARTESIAN_POINT('',(-1.088,-0.696,0.559));
#1018 = VECTOR('',#1019,1.);
#1019 = DIRECTION('',(1.,-2.22044604925E-16,0.));
#1020 = ORIENTED_EDGE('',*,*,#1021,.F.);
#1021 = EDGE_CURVE('',#1022,#1014,#1024,.T.);
#1022 = VERTEX_POINT('',#1023);
#1023 = CARTESIAN_POINT('',(-1.088,-1.204,0.559));
#1024 = LINE('',#1025,#1026);
#1025 = CARTESIAN_POINT('',(-1.088,-1.204,0.559));
#1026 = VECTOR('',#1027,1.);
#1027 = DIRECTION('',(2.22044604925E-16,1.,0.));
#1028 = ORIENTED_EDGE('',*,*,#1029,.F.);
#1029 = EDGE_CURVE('',#991,#1022,#1030,.T.);
#1030 = LINE('',#1031,#1032);
#1031 = CARTESIAN_POINT('',(-1.054,-1.204,0.559));
#1032 = VECTOR('',#1033,1.);
#1033 = DIRECTION('',(-1.,2.22044604925E-16,0.));
#1034 = PLANE('',#1035);
#1035 = AXIS2_PLACEMENT_3D('',#1036,#1037,#1038);
#1036 = CARTESIAN_POINT('',(-1.054,-1.204,0.559));
#1037 = DIRECTION('',(0.,0.,1.));
#1038 = DIRECTION('',(1.,-2.22044604925E-16,0.));
#1039 = ADVANCED_FACE('',(#1040),#1065,.T.);
#1040 = FACE_BOUND('',#1041,.T.);
#1041 = EDGE_LOOP('',(#1042,#1043,#1051,#1059));
#1042 = ORIENTED_EDGE('',*,*,#972,.T.);
#1043 = ORIENTED_EDGE('',*,*,#1044,.F.);
#1044 = EDGE_CURVE('',#1045,#975,#1047,.T.);
#1045 = VERTEX_POINT('',#1046);
#1046 = CARTESIAN_POINT('',(-1.088,-1.204,0.448));
#1047 = LINE('',#1048,#1049);
#1048 = CARTESIAN_POINT('',(-1.088,-1.204,0.448));
#1049 = VECTOR('',#1050,1.);
#1050 = DIRECTION('',(1.,-2.22044604925E-16,0.));
#1051 = ORIENTED_EDGE('',*,*,#1052,.F.);
#1052 = EDGE_CURVE('',#1053,#1045,#1055,.T.);
#1053 = VERTEX_POINT('',#1054);
#1054 = CARTESIAN_POINT('',(-1.088,-0.696,0.448));
#1055 = LINE('',#1056,#1057);
#1056 = CARTESIAN_POINT('',(-1.088,-0.696,0.448));
#1057 = VECTOR('',#1058,1.);
#1058 = DIRECTION('',(-2.22044604925E-16,-1.,0.));
#1059 = ORIENTED_EDGE('',*,*,#1060,.F.);
#1060 = EDGE_CURVE('',#973,#1053,#1061,.T.);
#1061 = LINE('',#1062,#1063);
#1062 = CARTESIAN_POINT('',(-1.054,-0.696,0.448));
#1063 = VECTOR('',#1064,1.);
#1064 = DIRECTION('',(-1.,2.22044604925E-16,0.));
#1065 = PLANE('',#1066);
#1066 = AXIS2_PLACEMENT_3D('',#1067,#1068,#1069);
#1067 = CARTESIAN_POINT('',(-1.054,-0.696,0.448));
#1068 = DIRECTION('',(0.,-0.,-1.));
#1069 = DIRECTION('',(1.,-2.22044604925E-16,0.));
#1070 = ADVANCED_FACE('',(#1071),#1105,.T.);
#1071 = FACE_BOUND('',#1072,.T.);
#1072 = EDGE_LOOP('',(#1073,#1083,#1091,#1099));
#1073 = ORIENTED_EDGE('',*,*,#1074,.F.);
#1074 = EDGE_CURVE('',#1075,#1077,#1079,.T.);
#1075 = VERTEX_POINT('',#1076);
#1076 = CARTESIAN_POINT('',(-1.357,-1.204,0.193));
#1077 = VERTEX_POINT('',#1078);
#1078 = CARTESIAN_POINT('',(-1.357,-0.696,0.193));
#1079 = LINE('',#1080,#1081);
#1080 = CARTESIAN_POINT('',(-1.357,-1.204,0.193));
#1081 = VECTOR('',#1082,1.);
#1082 = DIRECTION('',(2.22044604925E-16,1.,0.));
#1083 = ORIENTED_EDGE('',*,*,#1084,.F.);
#1084 = EDGE_CURVE('',#1085,#1075,#1087,.T.);
#1085 = VERTEX_POINT('',#1086);
#1086 = CARTESIAN_POINT('',(-1.303,-1.204,0.394));
#1087 = LINE('',#1088,#1089);
#1088 = CARTESIAN_POINT('',(-1.303,-1.204,0.394));
#1089 = VECTOR('',#1090,1.);
#1090 = DIRECTION('',(-0.258969313954,5.75027390047E-17,-0.965885549343)
  );
#1091 = ORIENTED_EDGE('',*,*,#1092,.F.);
#1092 = EDGE_CURVE('',#1093,#1085,#1095,.T.);
#1093 = VERTEX_POINT('',#1094);
#1094 = CARTESIAN_POINT('',(-1.303,-0.696,0.394));
#1095 = LINE('',#1096,#1097);
#1096 = CARTESIAN_POINT('',(-1.303,-0.696,0.394));
#1097 = VECTOR('',#1098,1.);
#1098 = DIRECTION('',(-2.22044604925E-16,-1.,0.));
#1099 = ORIENTED_EDGE('',*,*,#1100,.F.);
#1100 = EDGE_CURVE('',#1077,#1093,#1101,.T.);
#1101 = LINE('',#1102,#1103);
#1102 = CARTESIAN_POINT('',(-1.357,-0.696,0.193));
#1103 = VECTOR('',#1104,1.);
#1104 = DIRECTION('',(0.258969313954,-5.75027390047E-17,0.965885549343)
  );
#1105 = PLANE('',#1106);
#1106 = AXIS2_PLACEMENT_3D('',#1107,#1108,#1109);
#1107 = CARTESIAN_POINT('',(-1.357,-0.696,0.193));
#1108 = DIRECTION('',(-0.965885549343,2.144696752067E-16,0.258969313954)
  );
#1109 = DIRECTION('',(0.258969313954,-5.75027390047E-17,0.965885549343)
  );
#1110 = ADVANCED_FACE('',(#1111),#1145,.T.);
#1111 = FACE_BOUND('',#1112,.T.);
#1112 = EDGE_LOOP('',(#1113,#1123,#1131,#1139));
#1113 = ORIENTED_EDGE('',*,*,#1114,.F.);
#1114 = EDGE_CURVE('',#1115,#1117,#1119,.T.);
#1115 = VERTEX_POINT('',#1116);
#1116 = CARTESIAN_POINT('',(-1.25,-0.696,0.165));
#1117 = VERTEX_POINT('',#1118);
#1118 = CARTESIAN_POINT('',(-1.25,-1.204,0.165));
#1119 = LINE('',#1120,#1121);
#1120 = CARTESIAN_POINT('',(-1.25,-0.696,0.165));
#1121 = VECTOR('',#1122,1.);
#1122 = DIRECTION('',(-2.22044604925E-16,-1.,0.));
#1123 = ORIENTED_EDGE('',*,*,#1124,.F.);
#1124 = EDGE_CURVE('',#1125,#1115,#1127,.T.);
#1125 = VERTEX_POINT('',#1126);
#1126 = CARTESIAN_POINT('',(-1.196,-0.696,0.365));
#1127 = LINE('',#1128,#1129);
#1128 = CARTESIAN_POINT('',(-1.196,-0.696,0.365));
#1129 = VECTOR('',#1130,1.);
#1130 = DIRECTION('',(-0.258969313954,5.75027390047E-17,-0.965885549343)
  );
#1131 = ORIENTED_EDGE('',*,*,#1132,.F.);
#1132 = EDGE_CURVE('',#1133,#1125,#1135,.T.);
#1133 = VERTEX_POINT('',#1134);
#1134 = CARTESIAN_POINT('',(-1.196,-1.204,0.365));
#1135 = LINE('',#1136,#1137);
#1136 = CARTESIAN_POINT('',(-1.196,-1.204,0.365));
#1137 = VECTOR('',#1138,1.);
#1138 = DIRECTION('',(2.22044604925E-16,1.,0.));
#1139 = ORIENTED_EDGE('',*,*,#1140,.F.);
#1140 = EDGE_CURVE('',#1117,#1133,#1141,.T.);
#1141 = LINE('',#1142,#1143);
#1142 = CARTESIAN_POINT('',(-1.25,-1.204,0.165));
#1143 = VECTOR('',#1144,1.);
#1144 = DIRECTION('',(0.258969313954,-5.75027390047E-17,0.965885549343)
  );
#1145 = PLANE('',#1146);
#1146 = AXIS2_PLACEMENT_3D('',#1147,#1148,#1149);
#1147 = CARTESIAN_POINT('',(-1.25,-1.204,0.165));
#1148 = DIRECTION('',(0.965885549343,-2.144696752067E-16,-0.258969313954
    ));
#1149 = DIRECTION('',(0.258969313954,-5.75027390047E-17,0.965885549343)
  );
#1150 = ADVANCED_FACE('',(#1151),#1185,.T.);
#1151 = FACE_BOUND('',#1152,.T.);
#1152 = EDGE_LOOP('',(#1153,#1163,#1171,#1179));
#1153 = ORIENTED_EDGE('',*,*,#1154,.F.);
#1154 = EDGE_CURVE('',#1155,#1157,#1159,.T.);
#1155 = VERTEX_POINT('',#1156);
#1156 = CARTESIAN_POINT('',(-1.499,-1.204,0.111));
#1157 = VERTEX_POINT('',#1158);
#1158 = CARTESIAN_POINT('',(-1.499,-0.696,0.111));
#1159 = LINE('',#1160,#1161);
#1160 = CARTESIAN_POINT('',(-1.499,-1.204,0.111));
#1161 = VECTOR('',#1162,1.);
#1162 = DIRECTION('',(2.22044604925E-16,1.,0.));
#1163 = ORIENTED_EDGE('',*,*,#1164,.F.);
#1164 = EDGE_CURVE('',#1165,#1155,#1167,.T.);
#1165 = VERTEX_POINT('',#1166);
#1166 = CARTESIAN_POINT('',(-1.464,-1.204,0.111));
#1167 = LINE('',#1168,#1169);
#1168 = CARTESIAN_POINT('',(-1.464,-1.204,0.111));
#1169 = VECTOR('',#1170,1.);
#1170 = DIRECTION('',(-1.,2.22044604925E-16,0.));
#1171 = ORIENTED_EDGE('',*,*,#1172,.F.);
#1172 = EDGE_CURVE('',#1173,#1165,#1175,.T.);
#1173 = VERTEX_POINT('',#1174);
#1174 = CARTESIAN_POINT('',(-1.464,-0.696,0.111));
#1175 = LINE('',#1176,#1177);
#1176 = CARTESIAN_POINT('',(-1.464,-0.696,0.111));
#1177 = VECTOR('',#1178,1.);
#1178 = DIRECTION('',(-2.22044604925E-16,-1.,0.));
#1179 = ORIENTED_EDGE('',*,*,#1180,.F.);
#1180 = EDGE_CURVE('',#1157,#1173,#1181,.T.);
#1181 = LINE('',#1182,#1183);
#1182 = CARTESIAN_POINT('',(-1.499,-0.696,0.111));
#1183 = VECTOR('',#1184,1.);
#1184 = DIRECTION('',(1.,-2.22044604925E-16,0.));
#1185 = PLANE('',#1186);
#1186 = AXIS2_PLACEMENT_3D('',#1187,#1188,#1189);
#1187 = CARTESIAN_POINT('',(-1.499,-0.696,0.111));
#1188 = DIRECTION('',(0.,0.,1.));
#1189 = DIRECTION('',(1.,-2.22044604925E-16,0.));
#1190 = ADVANCED_FACE('',(#1191),#1225,.T.);
#1191 = FACE_BOUND('',#1192,.T.);
#1192 = EDGE_LOOP('',(#1193,#1203,#1211,#1219));
#1193 = ORIENTED_EDGE('',*,*,#1194,.F.);
#1194 = EDGE_CURVE('',#1195,#1197,#1199,.T.);
#1195 = VERTEX_POINT('',#1196);
#1196 = CARTESIAN_POINT('',(-1.464,-1.204,0.));
#1197 = VERTEX_POINT('',#1198);
#1198 = CARTESIAN_POINT('',(-1.464,-0.696,0.));
#1199 = LINE('',#1200,#1201);
#1200 = CARTESIAN_POINT('',(-1.464,-1.204,0.));
#1201 = VECTOR('',#1202,1.);
#1202 = DIRECTION('',(2.22044604925E-16,1.,0.));
#1203 = ORIENTED_EDGE('',*,*,#1204,.F.);
#1204 = EDGE_CURVE('',#1205,#1195,#1207,.T.);
#1205 = VERTEX_POINT('',#1206);
#1206 = CARTESIAN_POINT('',(-1.499,-1.204,0.));
#1207 = LINE('',#1208,#1209);
#1208 = CARTESIAN_POINT('',(-1.499,-1.204,0.));
#1209 = VECTOR('',#1210,1.);
#1210 = DIRECTION('',(1.,-2.22044604925E-16,0.));
#1211 = ORIENTED_EDGE('',*,*,#1212,.F.);
#1212 = EDGE_CURVE('',#1213,#1205,#1215,.T.);
#1213 = VERTEX_POINT('',#1214);
#1214 = CARTESIAN_POINT('',(-1.499,-0.696,0.));
#1215 = LINE('',#1216,#1217);
#1216 = CARTESIAN_POINT('',(-1.499,-0.696,0.));
#1217 = VECTOR('',#1218,1.);
#1218 = DIRECTION('',(-2.22044604925E-16,-1.,0.));
#1219 = ORIENTED_EDGE('',*,*,#1220,.F.);
#1220 = EDGE_CURVE('',#1197,#1213,#1221,.T.);
#1221 = LINE('',#1222,#1223);
#1222 = CARTESIAN_POINT('',(-1.464,-0.696,0.));
#1223 = VECTOR('',#1224,1.);
#1224 = DIRECTION('',(-1.,2.22044604925E-16,0.));
#1225 = PLANE('',#1226);
#1226 = AXIS2_PLACEMENT_3D('',#1227,#1228,#1229);
#1227 = CARTESIAN_POINT('',(-1.464,-0.696,0.));
#1228 = DIRECTION('',(0.,-0.,-1.));
#1229 = DIRECTION('',(1.,-2.22044604925E-16,0.));
#1230 = ADVANCED_FACE('',(#1231),#1247,.T.);
#1231 = FACE_BOUND('',#1232,.T.);
#1232 = EDGE_LOOP('',(#1233,#1234,#1240,#1241));
#1233 = ORIENTED_EDGE('',*,*,#1212,.T.);
#1234 = ORIENTED_EDGE('',*,*,#1235,.F.);
#1235 = EDGE_CURVE('',#1155,#1205,#1236,.T.);
#1236 = LINE('',#1237,#1238);
#1237 = CARTESIAN_POINT('',(-1.499,-1.204,0.111));
#1238 = VECTOR('',#1239,1.);
#1239 = DIRECTION('',(0.,-0.,-1.));
#1240 = ORIENTED_EDGE('',*,*,#1154,.T.);
#1241 = ORIENTED_EDGE('',*,*,#1242,.F.);
#1242 = EDGE_CURVE('',#1213,#1157,#1243,.T.);
#1243 = LINE('',#1244,#1245);
#1244 = CARTESIAN_POINT('',(-1.499,-0.696,0.));
#1245 = VECTOR('',#1246,1.);
#1246 = DIRECTION('',(0.,0.,1.));
#1247 = PLANE('',#1248);
#1248 = AXIS2_PLACEMENT_3D('',#1249,#1250,#1251);
#1249 = CARTESIAN_POINT('',(-1.499,-0.696,0.));
#1250 = DIRECTION('',(-1.,2.22044604925E-16,0.));
#1251 = DIRECTION('',(0.,0.,1.));
#1252 = ADVANCED_FACE('',(#1253),#1271,.T.);
#1253 = FACE_BOUND('',#1254,.T.);
#1254 = EDGE_LOOP('',(#1255,#1256,#1263,#1264));
#1255 = ORIENTED_EDGE('',*,*,#1021,.T.);
#1256 = ORIENTED_EDGE('',*,*,#1257,.F.);
#1257 = EDGE_CURVE('',#1093,#1014,#1258,.T.);
#1258 = CIRCLE('',#1259,0.22225);
#1259 = AXIS2_PLACEMENT_3D('',#1260,#1261,#1262);
#1260 = CARTESIAN_POINT('',(-1.088,-0.696,0.337));
#1261 = DIRECTION('',(2.22044604925E-16,1.,-3.534288332893E-33));
#1262 = DIRECTION('',(0.793107076684,-1.761051475054E-16,0.609082231652)
  );
#1263 = ORIENTED_EDGE('',*,*,#1092,.T.);
#1264 = ORIENTED_EDGE('',*,*,#1265,.F.);
#1265 = EDGE_CURVE('',#1022,#1085,#1266,.T.);
#1266 = CIRCLE('',#1267,0.22225);
#1267 = AXIS2_PLACEMENT_3D('',#1268,#1269,#1270);
#1268 = CARTESIAN_POINT('',(-1.088,-1.204,0.337));
#1269 = DIRECTION('',(-2.22044604925E-16,-1.,3.534288332893E-33));
#1270 = DIRECTION('',(-0.793107076684,1.761051475054E-16,-0.609082231652
    ));
#1271 = CYLINDRICAL_SURFACE('',#1272,0.22225);
#1272 = AXIS2_PLACEMENT_3D('',#1273,#1274,#1275);
#1273 = CARTESIAN_POINT('',(-1.088,-1.204,0.337));
#1274 = DIRECTION('',(-2.22044604925E-16,-1.,0.));
#1275 = DIRECTION('',(0.,0.,1.));
#1276 = ADVANCED_FACE('',(#1277),#1295,.F.);
#1277 = FACE_BOUND('',#1278,.F.);
#1278 = EDGE_LOOP('',(#1279,#1286,#1287,#1294));
#1279 = ORIENTED_EDGE('',*,*,#1280,.T.);
#1280 = EDGE_CURVE('',#1053,#1125,#1281,.T.);
#1281 = CIRCLE('',#1282,0.111125);
#1282 = AXIS2_PLACEMENT_3D('',#1283,#1284,#1285);
#1283 = CARTESIAN_POINT('',(-1.088,-0.696,0.337));
#1284 = DIRECTION('',(-2.22044604925E-16,-1.,3.534288332893E-33));
#1285 = DIRECTION('',(-0.793107076684,1.761051475054E-16,-0.609082231652
    ));
#1286 = ORIENTED_EDGE('',*,*,#1132,.F.);
#1287 = ORIENTED_EDGE('',*,*,#1288,.T.);
#1288 = EDGE_CURVE('',#1133,#1045,#1289,.T.);
#1289 = CIRCLE('',#1290,0.111125);
#1290 = AXIS2_PLACEMENT_3D('',#1291,#1292,#1293);
#1291 = CARTESIAN_POINT('',(-1.088,-1.204,0.337));
#1292 = DIRECTION('',(2.22044604925E-16,1.,-3.534288332893E-33));
#1293 = DIRECTION('',(0.793107076684,-1.761051475054E-16,0.609082231652)
  );
#1294 = ORIENTED_EDGE('',*,*,#1052,.F.);
#1295 = CYLINDRICAL_SURFACE('',#1296,0.111125);
#1296 = AXIS2_PLACEMENT_3D('',#1297,#1298,#1299);
#1297 = CARTESIAN_POINT('',(-1.088,-0.696,0.337));
#1298 = DIRECTION('',(-2.22044604925E-16,-1.,0.));
#1299 = DIRECTION('',(0.,-0.,-1.));
#1300 = ADVANCED_FACE('',(#1301),#1319,.F.);
#1301 = FACE_BOUND('',#1302,.F.);
#1302 = EDGE_LOOP('',(#1303,#1310,#1311,#1318));
#1303 = ORIENTED_EDGE('',*,*,#1304,.T.);
#1304 = EDGE_CURVE('',#1173,#1077,#1305,.T.);
#1305 = CIRCLE('',#1306,0.111125);
#1306 = AXIS2_PLACEMENT_3D('',#1307,#1308,#1309);
#1307 = CARTESIAN_POINT('',(-1.464,-0.696,0.222));
#1308 = DIRECTION('',(-2.22044604925E-16,-1.,3.534288332893E-33));
#1309 = DIRECTION('',(0.793107076684,-1.761051475054E-16,0.609082231652)
  );
#1310 = ORIENTED_EDGE('',*,*,#1074,.F.);
#1311 = ORIENTED_EDGE('',*,*,#1312,.T.);
#1312 = EDGE_CURVE('',#1075,#1165,#1313,.T.);
#1313 = CIRCLE('',#1314,0.111125);
#1314 = AXIS2_PLACEMENT_3D('',#1315,#1316,#1317);
#1315 = CARTESIAN_POINT('',(-1.464,-1.204,0.222));
#1316 = DIRECTION('',(2.22044604925E-16,1.,-3.534288332893E-33));
#1317 = DIRECTION('',(-0.793107076684,1.761051475054E-16,-0.609082231652
    ));
#1318 = ORIENTED_EDGE('',*,*,#1172,.F.);
#1319 = CYLINDRICAL_SURFACE('',#1320,0.111125);
#1320 = AXIS2_PLACEMENT_3D('',#1321,#1322,#1323);
#1321 = CARTESIAN_POINT('',(-1.464,-0.696,0.222));
#1322 = DIRECTION('',(-2.22044604925E-16,-1.,0.));
#1323 = DIRECTION('',(0.,0.,1.));
#1324 = ADVANCED_FACE('',(#1325),#1343,.T.);
#1325 = FACE_BOUND('',#1326,.T.);
#1326 = EDGE_LOOP('',(#1327,#1328,#1335,#1336));
#1327 = ORIENTED_EDGE('',*,*,#1194,.T.);
#1328 = ORIENTED_EDGE('',*,*,#1329,.F.);
#1329 = EDGE_CURVE('',#1115,#1197,#1330,.T.);
#1330 = CIRCLE('',#1331,0.22225);
#1331 = AXIS2_PLACEMENT_3D('',#1332,#1333,#1334);
#1332 = CARTESIAN_POINT('',(-1.464,-0.696,0.222));
#1333 = DIRECTION('',(2.22044604925E-16,1.,-3.534288332893E-33));
#1334 = DIRECTION('',(-0.793107076684,1.761051475054E-16,-0.609082231652
    ));
#1335 = ORIENTED_EDGE('',*,*,#1114,.T.);
#1336 = ORIENTED_EDGE('',*,*,#1337,.F.);
#1337 = EDGE_CURVE('',#1195,#1117,#1338,.T.);
#1338 = CIRCLE('',#1339,0.22225);
#1339 = AXIS2_PLACEMENT_3D('',#1340,#1341,#1342);
#1340 = CARTESIAN_POINT('',(-1.464,-1.204,0.222));
#1341 = DIRECTION('',(-2.22044604925E-16,-1.,3.534288332893E-33));
#1342 = DIRECTION('',(0.793107076684,-1.761051475054E-16,0.609082231652)
  );
#1343 = CYLINDRICAL_SURFACE('',#1344,0.22225);
#1344 = AXIS2_PLACEMENT_3D('',#1345,#1346,#1347);
#1345 = CARTESIAN_POINT('',(-1.464,-0.696,0.222));
#1346 = DIRECTION('',(-2.22044604925E-16,-1.,0.));
#1347 = DIRECTION('',(0.,-0.,-1.));
#1348 = ADVANCED_FACE('',(#1349),#1363,.T.);
#1349 = FACE_BOUND('',#1350,.T.);
#1350 = EDGE_LOOP('',(#1351,#1352,#1353,#1354,#1355,#1356,#1357,#1358,
    #1359,#1360,#1361,#1362));
#1351 = ORIENTED_EDGE('',*,*,#1013,.T.);
#1352 = ORIENTED_EDGE('',*,*,#982,.T.);
#1353 = ORIENTED_EDGE('',*,*,#1060,.T.);
#1354 = ORIENTED_EDGE('',*,*,#1280,.T.);
#1355 = ORIENTED_EDGE('',*,*,#1124,.T.);
#1356 = ORIENTED_EDGE('',*,*,#1329,.T.);
#1357 = ORIENTED_EDGE('',*,*,#1220,.T.);
#1358 = ORIENTED_EDGE('',*,*,#1242,.T.);
#1359 = ORIENTED_EDGE('',*,*,#1180,.T.);
#1360 = ORIENTED_EDGE('',*,*,#1304,.T.);
#1361 = ORIENTED_EDGE('',*,*,#1100,.T.);
#1362 = ORIENTED_EDGE('',*,*,#1257,.T.);
#1363 = PLANE('',#1364);
#1364 = AXIS2_PLACEMENT_3D('',#1365,#1366,#1367);
#1365 = CARTESIAN_POINT('',(-1.054,-0.696,0.448));
#1366 = DIRECTION('',(2.22044604925E-16,1.,0.));
#1367 = DIRECTION('',(0.,-0.,-1.));
#1368 = ADVANCED_FACE('',(#1369),#1383,.T.);
#1369 = FACE_BOUND('',#1370,.T.);
#1370 = EDGE_LOOP('',(#1371,#1372,#1373,#1374,#1375,#1376,#1377,#1378,
    #1379,#1380,#1381,#1382));
#1371 = ORIENTED_EDGE('',*,*,#1044,.T.);
#1372 = ORIENTED_EDGE('',*,*,#998,.T.);
#1373 = ORIENTED_EDGE('',*,*,#1029,.T.);
#1374 = ORIENTED_EDGE('',*,*,#1265,.T.);
#1375 = ORIENTED_EDGE('',*,*,#1084,.T.);
#1376 = ORIENTED_EDGE('',*,*,#1312,.T.);
#1377 = ORIENTED_EDGE('',*,*,#1164,.T.);
#1378 = ORIENTED_EDGE('',*,*,#1235,.T.);
#1379 = ORIENTED_EDGE('',*,*,#1204,.T.);
#1380 = ORIENTED_EDGE('',*,*,#1337,.T.);
#1381 = ORIENTED_EDGE('',*,*,#1140,.T.);
#1382 = ORIENTED_EDGE('',*,*,#1288,.T.);
#1383 = PLANE('',#1384);
#1384 = AXIS2_PLACEMENT_3D('',#1385,#1386,#1387);
#1385 = CARTESIAN_POINT('',(-1.464,-1.204,0.111));
#1386 = DIRECTION('',(-2.22044604925E-16,-1.,0.));
#1387 = DIRECTION('',(0.,0.,1.));
#1388 = MANIFOLD_SOLID_BREP('',#1389);
#1389 = CLOSED_SHELL('',(#1390,#1430,#1461,#1492,#1532,#1572,#1612,#1652
    ,#1674,#1698,#1722,#1746,#1770,#1790));
#1390 = ADVANCED_FACE('',(#1391),#1425,.T.);
#1391 = FACE_BOUND('',#1392,.T.);
#1392 = EDGE_LOOP('',(#1393,#1403,#1411,#1419));
#1393 = ORIENTED_EDGE('',*,*,#1394,.F.);
#1394 = EDGE_CURVE('',#1395,#1397,#1399,.T.);
#1395 = VERTEX_POINT('',#1396);
#1396 = CARTESIAN_POINT('',(-1.054,1.204,0.448));
#1397 = VERTEX_POINT('',#1398);
#1398 = CARTESIAN_POINT('',(-1.054,0.696,0.448));
#1399 = LINE('',#1400,#1401);
#1400 = CARTESIAN_POINT('',(-1.054,1.204,0.448));
#1401 = VECTOR('',#1402,1.);
#1402 = DIRECTION('',(-2.22044604925E-16,-1.,0.));
#1403 = ORIENTED_EDGE('',*,*,#1404,.F.);
#1404 = EDGE_CURVE('',#1405,#1395,#1407,.T.);
#1405 = VERTEX_POINT('',#1406);
#1406 = CARTESIAN_POINT('',(-1.054,1.204,0.559));
#1407 = LINE('',#1408,#1409);
#1408 = CARTESIAN_POINT('',(-1.054,1.204,0.559));
#1409 = VECTOR('',#1410,1.);
#1410 = DIRECTION('',(0.,-0.,-1.));
#1411 = ORIENTED_EDGE('',*,*,#1412,.F.);
#1412 = EDGE_CURVE('',#1413,#1405,#1415,.T.);
#1413 = VERTEX_POINT('',#1414);
#1414 = CARTESIAN_POINT('',(-1.054,0.696,0.559));
#1415 = LINE('',#1416,#1417);
#1416 = CARTESIAN_POINT('',(-1.054,0.696,0.559));
#1417 = VECTOR('',#1418,1.);
#1418 = DIRECTION('',(2.22044604925E-16,1.,0.));
#1419 = ORIENTED_EDGE('',*,*,#1420,.F.);
#1420 = EDGE_CURVE('',#1397,#1413,#1421,.T.);
#1421 = LINE('',#1422,#1423);
#1422 = CARTESIAN_POINT('',(-1.054,0.696,0.448));
#1423 = VECTOR('',#1424,1.);
#1424 = DIRECTION('',(0.,0.,1.));
#1425 = PLANE('',#1426);
#1426 = AXIS2_PLACEMENT_3D('',#1427,#1428,#1429);
#1427 = CARTESIAN_POINT('',(-1.054,0.696,0.448));
#1428 = DIRECTION('',(1.,-2.22044604925E-16,0.));
#1429 = DIRECTION('',(0.,0.,1.));
#1430 = ADVANCED_FACE('',(#1431),#1456,.T.);
#1431 = FACE_BOUND('',#1432,.T.);
#1432 = EDGE_LOOP('',(#1433,#1434,#1442,#1450));
#1433 = ORIENTED_EDGE('',*,*,#1412,.T.);
#1434 = ORIENTED_EDGE('',*,*,#1435,.F.);
#1435 = EDGE_CURVE('',#1436,#1405,#1438,.T.);
#1436 = VERTEX_POINT('',#1437);
#1437 = CARTESIAN_POINT('',(-1.088,1.204,0.559));
#1438 = LINE('',#1439,#1440);
#1439 = CARTESIAN_POINT('',(-1.088,1.204,0.559));
#1440 = VECTOR('',#1441,1.);
#1441 = DIRECTION('',(1.,-2.22044604925E-16,0.));
#1442 = ORIENTED_EDGE('',*,*,#1443,.F.);
#1443 = EDGE_CURVE('',#1444,#1436,#1446,.T.);
#1444 = VERTEX_POINT('',#1445);
#1445 = CARTESIAN_POINT('',(-1.088,0.696,0.559));
#1446 = LINE('',#1447,#1448);
#1447 = CARTESIAN_POINT('',(-1.088,0.696,0.559));
#1448 = VECTOR('',#1449,1.);
#1449 = DIRECTION('',(2.22044604925E-16,1.,0.));
#1450 = ORIENTED_EDGE('',*,*,#1451,.F.);
#1451 = EDGE_CURVE('',#1413,#1444,#1452,.T.);
#1452 = LINE('',#1453,#1454);
#1453 = CARTESIAN_POINT('',(-1.054,0.696,0.559));
#1454 = VECTOR('',#1455,1.);
#1455 = DIRECTION('',(-1.,2.22044604925E-16,0.));
#1456 = PLANE('',#1457);
#1457 = AXIS2_PLACEMENT_3D('',#1458,#1459,#1460);
#1458 = CARTESIAN_POINT('',(-1.054,0.696,0.559));
#1459 = DIRECTION('',(0.,0.,1.));
#1460 = DIRECTION('',(1.,-2.22044604925E-16,0.));
#1461 = ADVANCED_FACE('',(#1462),#1487,.T.);
#1462 = FACE_BOUND('',#1463,.T.);
#1463 = EDGE_LOOP('',(#1464,#1465,#1473,#1481));
#1464 = ORIENTED_EDGE('',*,*,#1394,.T.);
#1465 = ORIENTED_EDGE('',*,*,#1466,.F.);
#1466 = EDGE_CURVE('',#1467,#1397,#1469,.T.);
#1467 = VERTEX_POINT('',#1468);
#1468 = CARTESIAN_POINT('',(-1.088,0.696,0.448));
#1469 = LINE('',#1470,#1471);
#1470 = CARTESIAN_POINT('',(-1.088,0.696,0.448));
#1471 = VECTOR('',#1472,1.);
#1472 = DIRECTION('',(1.,-2.22044604925E-16,0.));
#1473 = ORIENTED_EDGE('',*,*,#1474,.F.);
#1474 = EDGE_CURVE('',#1475,#1467,#1477,.T.);
#1475 = VERTEX_POINT('',#1476);
#1476 = CARTESIAN_POINT('',(-1.088,1.204,0.448));
#1477 = LINE('',#1478,#1479);
#1478 = CARTESIAN_POINT('',(-1.088,1.204,0.448));
#1479 = VECTOR('',#1480,1.);
#1480 = DIRECTION('',(-2.22044604925E-16,-1.,0.));
#1481 = ORIENTED_EDGE('',*,*,#1482,.F.);
#1482 = EDGE_CURVE('',#1395,#1475,#1483,.T.);
#1483 = LINE('',#1484,#1485);
#1484 = CARTESIAN_POINT('',(-1.054,1.204,0.448));
#1485 = VECTOR('',#1486,1.);
#1486 = DIRECTION('',(-1.,2.22044604925E-16,0.));
#1487 = PLANE('',#1488);
#1488 = AXIS2_PLACEMENT_3D('',#1489,#1490,#1491);
#1489 = CARTESIAN_POINT('',(-1.054,1.204,0.448));
#1490 = DIRECTION('',(0.,-0.,-1.));
#1491 = DIRECTION('',(1.,-2.22044604925E-16,0.));
#1492 = ADVANCED_FACE('',(#1493),#1527,.T.);
#1493 = FACE_BOUND('',#1494,.T.);
#1494 = EDGE_LOOP('',(#1495,#1505,#1513,#1521));
#1495 = ORIENTED_EDGE('',*,*,#1496,.F.);
#1496 = EDGE_CURVE('',#1497,#1499,#1501,.T.);
#1497 = VERTEX_POINT('',#1498);
#1498 = CARTESIAN_POINT('',(-1.357,0.696,0.193));
#1499 = VERTEX_POINT('',#1500);
#1500 = CARTESIAN_POINT('',(-1.357,1.204,0.193));
#1501 = LINE('',#1502,#1503);
#1502 = CARTESIAN_POINT('',(-1.357,0.696,0.193));
#1503 = VECTOR('',#1504,1.);
#1504 = DIRECTION('',(2.22044604925E-16,1.,0.));
#1505 = ORIENTED_EDGE('',*,*,#1506,.F.);
#1506 = EDGE_CURVE('',#1507,#1497,#1509,.T.);
#1507 = VERTEX_POINT('',#1508);
#1508 = CARTESIAN_POINT('',(-1.303,0.696,0.394));
#1509 = LINE('',#1510,#1511);
#1510 = CARTESIAN_POINT('',(-1.303,0.696,0.394));
#1511 = VECTOR('',#1512,1.);
#1512 = DIRECTION('',(-0.258969313954,5.75027390047E-17,-0.965885549343)
  );
#1513 = ORIENTED_EDGE('',*,*,#1514,.F.);
#1514 = EDGE_CURVE('',#1515,#1507,#1517,.T.);
#1515 = VERTEX_POINT('',#1516);
#1516 = CARTESIAN_POINT('',(-1.303,1.204,0.394));
#1517 = LINE('',#1518,#1519);
#1518 = CARTESIAN_POINT('',(-1.303,1.204,0.394));
#1519 = VECTOR('',#1520,1.);
#1520 = DIRECTION('',(-2.22044604925E-16,-1.,0.));
#1521 = ORIENTED_EDGE('',*,*,#1522,.F.);
#1522 = EDGE_CURVE('',#1499,#1515,#1523,.T.);
#1523 = LINE('',#1524,#1525);
#1524 = CARTESIAN_POINT('',(-1.357,1.204,0.193));
#1525 = VECTOR('',#1526,1.);
#1526 = DIRECTION('',(0.258969313954,-5.75027390047E-17,0.965885549343)
  );
#1527 = PLANE('',#1528);
#1528 = AXIS2_PLACEMENT_3D('',#1529,#1530,#1531);
#1529 = CARTESIAN_POINT('',(-1.357,1.204,0.193));
#1530 = DIRECTION('',(-0.965885549343,2.144696752067E-16,0.258969313954)
  );
#1531 = DIRECTION('',(0.258969313954,-5.75027390047E-17,0.965885549343)
  );
#1532 = ADVANCED_FACE('',(#1533),#1567,.T.);
#1533 = FACE_BOUND('',#1534,.T.);
#1534 = EDGE_LOOP('',(#1535,#1545,#1553,#1561));
#1535 = ORIENTED_EDGE('',*,*,#1536,.F.);
#1536 = EDGE_CURVE('',#1537,#1539,#1541,.T.);
#1537 = VERTEX_POINT('',#1538);
#1538 = CARTESIAN_POINT('',(-1.25,1.204,0.165));
#1539 = VERTEX_POINT('',#1540);
#1540 = CARTESIAN_POINT('',(-1.25,0.696,0.165));
#1541 = LINE('',#1542,#1543);
#1542 = CARTESIAN_POINT('',(-1.25,1.204,0.165));
#1543 = VECTOR('',#1544,1.);
#1544 = DIRECTION('',(-2.22044604925E-16,-1.,0.));
#1545 = ORIENTED_EDGE('',*,*,#1546,.F.);
#1546 = EDGE_CURVE('',#1547,#1537,#1549,.T.);
#1547 = VERTEX_POINT('',#1548);
#1548 = CARTESIAN_POINT('',(-1.196,1.204,0.365));
#1549 = LINE('',#1550,#1551);
#1550 = CARTESIAN_POINT('',(-1.196,1.204,0.365));
#1551 = VECTOR('',#1552,1.);
#1552 = DIRECTION('',(-0.258969313954,5.75027390047E-17,-0.965885549343)
  );
#1553 = ORIENTED_EDGE('',*,*,#1554,.F.);
#1554 = EDGE_CURVE('',#1555,#1547,#1557,.T.);
#1555 = VERTEX_POINT('',#1556);
#1556 = CARTESIAN_POINT('',(-1.196,0.696,0.365));
#1557 = LINE('',#1558,#1559);
#1558 = CARTESIAN_POINT('',(-1.196,0.696,0.365));
#1559 = VECTOR('',#1560,1.);
#1560 = DIRECTION('',(2.22044604925E-16,1.,0.));
#1561 = ORIENTED_EDGE('',*,*,#1562,.F.);
#1562 = EDGE_CURVE('',#1539,#1555,#1563,.T.);
#1563 = LINE('',#1564,#1565);
#1564 = CARTESIAN_POINT('',(-1.25,0.696,0.165));
#1565 = VECTOR('',#1566,1.);
#1566 = DIRECTION('',(0.258969313954,-5.75027390047E-17,0.965885549343)
  );
#1567 = PLANE('',#1568);
#1568 = AXIS2_PLACEMENT_3D('',#1569,#1570,#1571);
#1569 = CARTESIAN_POINT('',(-1.25,0.696,0.165));
#1570 = DIRECTION('',(0.965885549343,-2.144696752067E-16,-0.258969313954
    ));
#1571 = DIRECTION('',(0.258969313954,-5.75027390047E-17,0.965885549343)
  );
#1572 = ADVANCED_FACE('',(#1573),#1607,.T.);
#1573 = FACE_BOUND('',#1574,.T.);
#1574 = EDGE_LOOP('',(#1575,#1585,#1593,#1601));
#1575 = ORIENTED_EDGE('',*,*,#1576,.F.);
#1576 = EDGE_CURVE('',#1577,#1579,#1581,.T.);
#1577 = VERTEX_POINT('',#1578);
#1578 = CARTESIAN_POINT('',(-1.499,0.696,0.111));
#1579 = VERTEX_POINT('',#1580);
#1580 = CARTESIAN_POINT('',(-1.499,1.204,0.111));
#1581 = LINE('',#1582,#1583);
#1582 = CARTESIAN_POINT('',(-1.499,0.696,0.111));
#1583 = VECTOR('',#1584,1.);
#1584 = DIRECTION('',(2.22044604925E-16,1.,0.));
#1585 = ORIENTED_EDGE('',*,*,#1586,.F.);
#1586 = EDGE_CURVE('',#1587,#1577,#1589,.T.);
#1587 = VERTEX_POINT('',#1588);
#1588 = CARTESIAN_POINT('',(-1.464,0.696,0.111));
#1589 = LINE('',#1590,#1591);
#1590 = CARTESIAN_POINT('',(-1.464,0.696,0.111));
#1591 = VECTOR('',#1592,1.);
#1592 = DIRECTION('',(-1.,2.22044604925E-16,0.));
#1593 = ORIENTED_EDGE('',*,*,#1594,.F.);
#1594 = EDGE_CURVE('',#1595,#1587,#1597,.T.);
#1595 = VERTEX_POINT('',#1596);
#1596 = CARTESIAN_POINT('',(-1.464,1.204,0.111));
#1597 = LINE('',#1598,#1599);
#1598 = CARTESIAN_POINT('',(-1.464,1.204,0.111));
#1599 = VECTOR('',#1600,1.);
#1600 = DIRECTION('',(-2.22044604925E-16,-1.,0.));
#1601 = ORIENTED_EDGE('',*,*,#1602,.F.);
#1602 = EDGE_CURVE('',#1579,#1595,#1603,.T.);
#1603 = LINE('',#1604,#1605);
#1604 = CARTESIAN_POINT('',(-1.499,1.204,0.111));
#1605 = VECTOR('',#1606,1.);
#1606 = DIRECTION('',(1.,-2.22044604925E-16,0.));
#1607 = PLANE('',#1608);
#1608 = AXIS2_PLACEMENT_3D('',#1609,#1610,#1611);
#1609 = CARTESIAN_POINT('',(-1.499,1.204,0.111));
#1610 = DIRECTION('',(0.,0.,1.));
#1611 = DIRECTION('',(1.,-2.22044604925E-16,0.));
#1612 = ADVANCED_FACE('',(#1613),#1647,.T.);
#1613 = FACE_BOUND('',#1614,.T.);
#1614 = EDGE_LOOP('',(#1615,#1625,#1633,#1641));
#1615 = ORIENTED_EDGE('',*,*,#1616,.F.);
#1616 = EDGE_CURVE('',#1617,#1619,#1621,.T.);
#1617 = VERTEX_POINT('',#1618);
#1618 = CARTESIAN_POINT('',(-1.464,0.696,0.));
#1619 = VERTEX_POINT('',#1620);
#1620 = CARTESIAN_POINT('',(-1.464,1.204,0.));
#1621 = LINE('',#1622,#1623);
#1622 = CARTESIAN_POINT('',(-1.464,0.696,0.));
#1623 = VECTOR('',#1624,1.);
#1624 = DIRECTION('',(2.22044604925E-16,1.,0.));
#1625 = ORIENTED_EDGE('',*,*,#1626,.F.);
#1626 = EDGE_CURVE('',#1627,#1617,#1629,.T.);
#1627 = VERTEX_POINT('',#1628);
#1628 = CARTESIAN_POINT('',(-1.499,0.696,0.));
#1629 = LINE('',#1630,#1631);
#1630 = CARTESIAN_POINT('',(-1.499,0.696,0.));
#1631 = VECTOR('',#1632,1.);
#1632 = DIRECTION('',(1.,-2.22044604925E-16,0.));
#1633 = ORIENTED_EDGE('',*,*,#1634,.F.);
#1634 = EDGE_CURVE('',#1635,#1627,#1637,.T.);
#1635 = VERTEX_POINT('',#1636);
#1636 = CARTESIAN_POINT('',(-1.499,1.204,0.));
#1637 = LINE('',#1638,#1639);
#1638 = CARTESIAN_POINT('',(-1.499,1.204,0.));
#1639 = VECTOR('',#1640,1.);
#1640 = DIRECTION('',(-2.22044604925E-16,-1.,0.));
#1641 = ORIENTED_EDGE('',*,*,#1642,.F.);
#1642 = EDGE_CURVE('',#1619,#1635,#1643,.T.);
#1643 = LINE('',#1644,#1645);
#1644 = CARTESIAN_POINT('',(-1.464,1.204,0.));
#1645 = VECTOR('',#1646,1.);
#1646 = DIRECTION('',(-1.,2.22044604925E-16,0.));
#1647 = PLANE('',#1648);
#1648 = AXIS2_PLACEMENT_3D('',#1649,#1650,#1651);
#1649 = CARTESIAN_POINT('',(-1.464,1.204,0.));
#1650 = DIRECTION('',(0.,-0.,-1.));
#1651 = DIRECTION('',(1.,-2.22044604925E-16,0.));
#1652 = ADVANCED_FACE('',(#1653),#1669,.T.);
#1653 = FACE_BOUND('',#1654,.T.);
#1654 = EDGE_LOOP('',(#1655,#1656,#1662,#1663));
#1655 = ORIENTED_EDGE('',*,*,#1634,.T.);
#1656 = ORIENTED_EDGE('',*,*,#1657,.F.);
#1657 = EDGE_CURVE('',#1577,#1627,#1658,.T.);
#1658 = LINE('',#1659,#1660);
#1659 = CARTESIAN_POINT('',(-1.499,0.696,0.111));
#1660 = VECTOR('',#1661,1.);
#1661 = DIRECTION('',(0.,-0.,-1.));
#1662 = ORIENTED_EDGE('',*,*,#1576,.T.);
#1663 = ORIENTED_EDGE('',*,*,#1664,.F.);
#1664 = EDGE_CURVE('',#1635,#1579,#1665,.T.);
#1665 = LINE('',#1666,#1667);
#1666 = CARTESIAN_POINT('',(-1.499,1.204,0.));
#1667 = VECTOR('',#1668,1.);
#1668 = DIRECTION('',(0.,0.,1.));
#1669 = PLANE('',#1670);
#1670 = AXIS2_PLACEMENT_3D('',#1671,#1672,#1673);
#1671 = CARTESIAN_POINT('',(-1.499,1.204,0.));
#1672 = DIRECTION('',(-1.,2.22044604925E-16,0.));
#1673 = DIRECTION('',(0.,0.,1.));
#1674 = ADVANCED_FACE('',(#1675),#1693,.T.);
#1675 = FACE_BOUND('',#1676,.T.);
#1676 = EDGE_LOOP('',(#1677,#1678,#1685,#1686));
#1677 = ORIENTED_EDGE('',*,*,#1443,.T.);
#1678 = ORIENTED_EDGE('',*,*,#1679,.F.);
#1679 = EDGE_CURVE('',#1515,#1436,#1680,.T.);
#1680 = CIRCLE('',#1681,0.22225);
#1681 = AXIS2_PLACEMENT_3D('',#1682,#1683,#1684);
#1682 = CARTESIAN_POINT('',(-1.088,1.204,0.337));
#1683 = DIRECTION('',(2.22044604925E-16,1.,-3.534288332893E-33));
#1684 = DIRECTION('',(0.793107076684,-1.761051475054E-16,0.609082231652)
  );
#1685 = ORIENTED_EDGE('',*,*,#1514,.T.);
#1686 = ORIENTED_EDGE('',*,*,#1687,.F.);
#1687 = EDGE_CURVE('',#1444,#1507,#1688,.T.);
#1688 = CIRCLE('',#1689,0.22225);
#1689 = AXIS2_PLACEMENT_3D('',#1690,#1691,#1692);
#1690 = CARTESIAN_POINT('',(-1.088,0.696,0.337));
#1691 = DIRECTION('',(-2.22044604925E-16,-1.,3.534288332893E-33));
#1692 = DIRECTION('',(-0.793107076684,1.761051475054E-16,-0.609082231652
    ));
#1693 = CYLINDRICAL_SURFACE('',#1694,0.22225);
#1694 = AXIS2_PLACEMENT_3D('',#1695,#1696,#1697);
#1695 = CARTESIAN_POINT('',(-1.088,0.696,0.337));
#1696 = DIRECTION('',(-2.22044604925E-16,-1.,0.));
#1697 = DIRECTION('',(0.,0.,1.));
#1698 = ADVANCED_FACE('',(#1699),#1717,.F.);
#1699 = FACE_BOUND('',#1700,.F.);
#1700 = EDGE_LOOP('',(#1701,#1708,#1709,#1716));
#1701 = ORIENTED_EDGE('',*,*,#1702,.T.);
#1702 = EDGE_CURVE('',#1475,#1547,#1703,.T.);
#1703 = CIRCLE('',#1704,0.111125);
#1704 = AXIS2_PLACEMENT_3D('',#1705,#1706,#1707);
#1705 = CARTESIAN_POINT('',(-1.088,1.204,0.337));
#1706 = DIRECTION('',(-2.22044604925E-16,-1.,3.534288332893E-33));
#1707 = DIRECTION('',(-0.793107076684,1.761051475054E-16,-0.609082231652
    ));
#1708 = ORIENTED_EDGE('',*,*,#1554,.F.);
#1709 = ORIENTED_EDGE('',*,*,#1710,.T.);
#1710 = EDGE_CURVE('',#1555,#1467,#1711,.T.);
#1711 = CIRCLE('',#1712,0.111125);
#1712 = AXIS2_PLACEMENT_3D('',#1713,#1714,#1715);
#1713 = CARTESIAN_POINT('',(-1.088,0.696,0.337));
#1714 = DIRECTION('',(2.22044604925E-16,1.,-3.534288332893E-33));
#1715 = DIRECTION('',(0.793107076684,-1.761051475054E-16,0.609082231652)
  );
#1716 = ORIENTED_EDGE('',*,*,#1474,.F.);
#1717 = CYLINDRICAL_SURFACE('',#1718,0.111125);
#1718 = AXIS2_PLACEMENT_3D('',#1719,#1720,#1721);
#1719 = CARTESIAN_POINT('',(-1.088,1.204,0.337));
#1720 = DIRECTION('',(-2.22044604925E-16,-1.,0.));
#1721 = DIRECTION('',(0.,-0.,-1.));
#1722 = ADVANCED_FACE('',(#1723),#1741,.F.);
#1723 = FACE_BOUND('',#1724,.F.);
#1724 = EDGE_LOOP('',(#1725,#1732,#1733,#1740));
#1725 = ORIENTED_EDGE('',*,*,#1726,.T.);
#1726 = EDGE_CURVE('',#1595,#1499,#1727,.T.);
#1727 = CIRCLE('',#1728,0.111125);
#1728 = AXIS2_PLACEMENT_3D('',#1729,#1730,#1731);
#1729 = CARTESIAN_POINT('',(-1.464,1.204,0.222));
#1730 = DIRECTION('',(-2.22044604925E-16,-1.,3.534288332893E-33));
#1731 = DIRECTION('',(0.793107076684,-1.761051475054E-16,0.609082231652)
  );
#1732 = ORIENTED_EDGE('',*,*,#1496,.F.);
#1733 = ORIENTED_EDGE('',*,*,#1734,.T.);
#1734 = EDGE_CURVE('',#1497,#1587,#1735,.T.);
#1735 = CIRCLE('',#1736,0.111125);
#1736 = AXIS2_PLACEMENT_3D('',#1737,#1738,#1739);
#1737 = CARTESIAN_POINT('',(-1.464,0.696,0.222));
#1738 = DIRECTION('',(2.22044604925E-16,1.,-3.534288332893E-33));
#1739 = DIRECTION('',(-0.793107076684,1.761051475054E-16,-0.609082231652
    ));
#1740 = ORIENTED_EDGE('',*,*,#1594,.F.);
#1741 = CYLINDRICAL_SURFACE('',#1742,0.111125);
#1742 = AXIS2_PLACEMENT_3D('',#1743,#1744,#1745);
#1743 = CARTESIAN_POINT('',(-1.464,1.204,0.222));
#1744 = DIRECTION('',(-2.22044604925E-16,-1.,0.));
#1745 = DIRECTION('',(0.,0.,1.));
#1746 = ADVANCED_FACE('',(#1747),#1765,.T.);
#1747 = FACE_BOUND('',#1748,.T.);
#1748 = EDGE_LOOP('',(#1749,#1750,#1757,#1758));
#1749 = ORIENTED_EDGE('',*,*,#1616,.T.);
#1750 = ORIENTED_EDGE('',*,*,#1751,.F.);
#1751 = EDGE_CURVE('',#1537,#1619,#1752,.T.);
#1752 = CIRCLE('',#1753,0.22225);
#1753 = AXIS2_PLACEMENT_3D('',#1754,#1755,#1756);
#1754 = CARTESIAN_POINT('',(-1.464,1.204,0.222));
#1755 = DIRECTION('',(2.22044604925E-16,1.,-3.534288332893E-33));
#1756 = DIRECTION('',(-0.793107076684,1.761051475054E-16,-0.609082231652
    ));
#1757 = ORIENTED_EDGE('',*,*,#1536,.T.);
#1758 = ORIENTED_EDGE('',*,*,#1759,.F.);
#1759 = EDGE_CURVE('',#1617,#1539,#1760,.T.);
#1760 = CIRCLE('',#1761,0.22225);
#1761 = AXIS2_PLACEMENT_3D('',#1762,#1763,#1764);
#1762 = CARTESIAN_POINT('',(-1.464,0.696,0.222));
#1763 = DIRECTION('',(-2.22044604925E-16,-1.,3.534288332893E-33));
#1764 = DIRECTION('',(0.793107076684,-1.761051475054E-16,0.609082231652)
  );
#1765 = CYLINDRICAL_SURFACE('',#1766,0.22225);
#1766 = AXIS2_PLACEMENT_3D('',#1767,#1768,#1769);
#1767 = CARTESIAN_POINT('',(-1.464,1.204,0.222));
#1768 = DIRECTION('',(-2.22044604925E-16,-1.,0.));
#1769 = DIRECTION('',(0.,-0.,-1.));
#1770 = ADVANCED_FACE('',(#1771),#1785,.T.);
#1771 = FACE_BOUND('',#1772,.T.);
#1772 = EDGE_LOOP('',(#1773,#1774,#1775,#1776,#1777,#1778,#1779,#1780,
    #1781,#1782,#1783,#1784));
#1773 = ORIENTED_EDGE('',*,*,#1435,.T.);
#1774 = ORIENTED_EDGE('',*,*,#1404,.T.);
#1775 = ORIENTED_EDGE('',*,*,#1482,.T.);
#1776 = ORIENTED_EDGE('',*,*,#1702,.T.);
#1777 = ORIENTED_EDGE('',*,*,#1546,.T.);
#1778 = ORIENTED_EDGE('',*,*,#1751,.T.);
#1779 = ORIENTED_EDGE('',*,*,#1642,.T.);
#1780 = ORIENTED_EDGE('',*,*,#1664,.T.);
#1781 = ORIENTED_EDGE('',*,*,#1602,.T.);
#1782 = ORIENTED_EDGE('',*,*,#1726,.T.);
#1783 = ORIENTED_EDGE('',*,*,#1522,.T.);
#1784 = ORIENTED_EDGE('',*,*,#1679,.T.);
#1785 = PLANE('',#1786);
#1786 = AXIS2_PLACEMENT_3D('',#1787,#1788,#1789);
#1787 = CARTESIAN_POINT('',(-1.054,1.204,0.448));
#1788 = DIRECTION('',(2.22044604925E-16,1.,0.));
#1789 = DIRECTION('',(0.,-0.,-1.));
#1790 = ADVANCED_FACE('',(#1791),#1805,.T.);
#1791 = FACE_BOUND('',#1792,.T.);
#1792 = EDGE_LOOP('',(#1793,#1794,#1795,#1796,#1797,#1798,#1799,#1800,
    #1801,#1802,#1803,#1804));
#1793 = ORIENTED_EDGE('',*,*,#1466,.T.);
#1794 = ORIENTED_EDGE('',*,*,#1420,.T.);
#1795 = ORIENTED_EDGE('',*,*,#1451,.T.);
#1796 = ORIENTED_EDGE('',*,*,#1687,.T.);
#1797 = ORIENTED_EDGE('',*,*,#1506,.T.);
#1798 = ORIENTED_EDGE('',*,*,#1734,.T.);
#1799 = ORIENTED_EDGE('',*,*,#1586,.T.);
#1800 = ORIENTED_EDGE('',*,*,#1657,.T.);
#1801 = ORIENTED_EDGE('',*,*,#1626,.T.);
#1802 = ORIENTED_EDGE('',*,*,#1759,.T.);
#1803 = ORIENTED_EDGE('',*,*,#1562,.T.);
#1804 = ORIENTED_EDGE('',*,*,#1710,.T.);
#1805 = PLANE('',#1806);
#1806 = AXIS2_PLACEMENT_3D('',#1807,#1808,#1809);
#1807 = CARTESIAN_POINT('',(-1.464,0.696,0.111));
#1808 = DIRECTION('',(-2.22044604925E-16,-1.,0.));
#1809 = DIRECTION('',(0.,0.,1.));
#1810 = MANIFOLD_SOLID_BREP('',#1811);
#1811 = CLOSED_SHELL('',(#1812,#1852,#1883,#1914,#1954,#1994,#2034,#2074
    ,#2096,#2120,#2144,#2168,#2192,#2212));
#1812 = ADVANCED_FACE('',(#1813),#1847,.T.);
#1813 = FACE_BOUND('',#1814,.T.);
#1814 = EDGE_LOOP('',(#1815,#1825,#1833,#1841));
#1815 = ORIENTED_EDGE('',*,*,#1816,.F.);
#1816 = EDGE_CURVE('',#1817,#1819,#1821,.T.);
#1817 = VERTEX_POINT('',#1818);
#1818 = CARTESIAN_POINT('',(1.054,-0.254,0.448));
#1819 = VERTEX_POINT('',#1820);
#1820 = CARTESIAN_POINT('',(1.054,0.254,0.448));
#1821 = LINE('',#1822,#1823);
#1822 = CARTESIAN_POINT('',(1.054,-0.254,0.448));
#1823 = VECTOR('',#1824,1.);
#1824 = DIRECTION('',(2.22044604925E-16,1.,0.));
#1825 = ORIENTED_EDGE('',*,*,#1826,.F.);
#1826 = EDGE_CURVE('',#1827,#1817,#1829,.T.);
#1827 = VERTEX_POINT('',#1828);
#1828 = CARTESIAN_POINT('',(1.054,-0.254,0.559));
#1829 = LINE('',#1830,#1831);
#1830 = CARTESIAN_POINT('',(1.054,-0.254,0.559));
#1831 = VECTOR('',#1832,1.);
#1832 = DIRECTION('',(0.,-0.,-1.));
#1833 = ORIENTED_EDGE('',*,*,#1834,.F.);
#1834 = EDGE_CURVE('',#1835,#1827,#1837,.T.);
#1835 = VERTEX_POINT('',#1836);
#1836 = CARTESIAN_POINT('',(1.054,0.254,0.559));
#1837 = LINE('',#1838,#1839);
#1838 = CARTESIAN_POINT('',(1.054,0.254,0.559));
#1839 = VECTOR('',#1840,1.);
#1840 = DIRECTION('',(-2.22044604925E-16,-1.,0.));
#1841 = ORIENTED_EDGE('',*,*,#1842,.F.);
#1842 = EDGE_CURVE('',#1819,#1835,#1843,.T.);
#1843 = LINE('',#1844,#1845);
#1844 = CARTESIAN_POINT('',(1.054,0.254,0.448));
#1845 = VECTOR('',#1846,1.);
#1846 = DIRECTION('',(0.,0.,1.));
#1847 = PLANE('',#1848);
#1848 = AXIS2_PLACEMENT_3D('',#1849,#1850,#1851);
#1849 = CARTESIAN_POINT('',(1.054,0.254,0.448));
#1850 = DIRECTION('',(-1.,2.22044604925E-16,0.));
#1851 = DIRECTION('',(0.,0.,1.));
#1852 = ADVANCED_FACE('',(#1853),#1878,.T.);
#1853 = FACE_BOUND('',#1854,.T.);
#1854 = EDGE_LOOP('',(#1855,#1856,#1864,#1872));
#1855 = ORIENTED_EDGE('',*,*,#1834,.T.);
#1856 = ORIENTED_EDGE('',*,*,#1857,.F.);
#1857 = EDGE_CURVE('',#1858,#1827,#1860,.T.);
#1858 = VERTEX_POINT('',#1859);
#1859 = CARTESIAN_POINT('',(1.088,-0.254,0.559));
#1860 = LINE('',#1861,#1862);
#1861 = CARTESIAN_POINT('',(1.088,-0.254,0.559));
#1862 = VECTOR('',#1863,1.);
#1863 = DIRECTION('',(-1.,2.22044604925E-16,0.));
#1864 = ORIENTED_EDGE('',*,*,#1865,.F.);
#1865 = EDGE_CURVE('',#1866,#1858,#1868,.T.);
#1866 = VERTEX_POINT('',#1867);
#1867 = CARTESIAN_POINT('',(1.088,0.254,0.559));
#1868 = LINE('',#1869,#1870);
#1869 = CARTESIAN_POINT('',(1.088,0.254,0.559));
#1870 = VECTOR('',#1871,1.);
#1871 = DIRECTION('',(-2.22044604925E-16,-1.,0.));
#1872 = ORIENTED_EDGE('',*,*,#1873,.F.);
#1873 = EDGE_CURVE('',#1835,#1866,#1874,.T.);
#1874 = LINE('',#1875,#1876);
#1875 = CARTESIAN_POINT('',(1.054,0.254,0.559));
#1876 = VECTOR('',#1877,1.);
#1877 = DIRECTION('',(1.,-2.22044604925E-16,0.));
#1878 = PLANE('',#1879);
#1879 = AXIS2_PLACEMENT_3D('',#1880,#1881,#1882);
#1880 = CARTESIAN_POINT('',(1.054,0.254,0.559));
#1881 = DIRECTION('',(0.,0.,1.));
#1882 = DIRECTION('',(1.,-2.22044604925E-16,0.));
#1883 = ADVANCED_FACE('',(#1884),#1909,.T.);
#1884 = FACE_BOUND('',#1885,.T.);
#1885 = EDGE_LOOP('',(#1886,#1887,#1895,#1903));
#1886 = ORIENTED_EDGE('',*,*,#1816,.T.);
#1887 = ORIENTED_EDGE('',*,*,#1888,.F.);
#1888 = EDGE_CURVE('',#1889,#1819,#1891,.T.);
#1889 = VERTEX_POINT('',#1890);
#1890 = CARTESIAN_POINT('',(1.088,0.254,0.448));
#1891 = LINE('',#1892,#1893);
#1892 = CARTESIAN_POINT('',(1.088,0.254,0.448));
#1893 = VECTOR('',#1894,1.);
#1894 = DIRECTION('',(-1.,2.22044604925E-16,0.));
#1895 = ORIENTED_EDGE('',*,*,#1896,.F.);
#1896 = EDGE_CURVE('',#1897,#1889,#1899,.T.);
#1897 = VERTEX_POINT('',#1898);
#1898 = CARTESIAN_POINT('',(1.088,-0.254,0.448));
#1899 = LINE('',#1900,#1901);
#1900 = CARTESIAN_POINT('',(1.088,-0.254,0.448));
#1901 = VECTOR('',#1902,1.);
#1902 = DIRECTION('',(2.22044604925E-16,1.,0.));
#1903 = ORIENTED_EDGE('',*,*,#1904,.F.);
#1904 = EDGE_CURVE('',#1817,#1897,#1905,.T.);
#1905 = LINE('',#1906,#1907);
#1906 = CARTESIAN_POINT('',(1.054,-0.254,0.448));
#1907 = VECTOR('',#1908,1.);
#1908 = DIRECTION('',(1.,-2.22044604925E-16,0.));
#1909 = PLANE('',#1910);
#1910 = AXIS2_PLACEMENT_3D('',#1911,#1912,#1913);
#1911 = CARTESIAN_POINT('',(1.054,-0.254,0.448));
#1912 = DIRECTION('',(0.,-0.,-1.));
#1913 = DIRECTION('',(1.,-2.22044604925E-16,0.));
#1914 = ADVANCED_FACE('',(#1915),#1949,.T.);
#1915 = FACE_BOUND('',#1916,.T.);
#1916 = EDGE_LOOP('',(#1917,#1927,#1935,#1943));
#1917 = ORIENTED_EDGE('',*,*,#1918,.F.);
#1918 = EDGE_CURVE('',#1919,#1921,#1923,.T.);
#1919 = VERTEX_POINT('',#1920);
#1920 = CARTESIAN_POINT('',(1.357,0.254,0.193));
#1921 = VERTEX_POINT('',#1922);
#1922 = CARTESIAN_POINT('',(1.357,-0.254,0.193));
#1923 = LINE('',#1924,#1925);
#1924 = CARTESIAN_POINT('',(1.357,0.254,0.193));
#1925 = VECTOR('',#1926,1.);
#1926 = DIRECTION('',(-2.22044604925E-16,-1.,0.));
#1927 = ORIENTED_EDGE('',*,*,#1928,.F.);
#1928 = EDGE_CURVE('',#1929,#1919,#1931,.T.);
#1929 = VERTEX_POINT('',#1930);
#1930 = CARTESIAN_POINT('',(1.303,0.254,0.394));
#1931 = LINE('',#1932,#1933);
#1932 = CARTESIAN_POINT('',(1.303,0.254,0.394));
#1933 = VECTOR('',#1934,1.);
#1934 = DIRECTION('',(0.258969313954,-5.75027390047E-17,-0.965885549343)
  );
#1935 = ORIENTED_EDGE('',*,*,#1936,.F.);
#1936 = EDGE_CURVE('',#1937,#1929,#1939,.T.);
#1937 = VERTEX_POINT('',#1938);
#1938 = CARTESIAN_POINT('',(1.303,-0.254,0.394));
#1939 = LINE('',#1940,#1941);
#1940 = CARTESIAN_POINT('',(1.303,-0.254,0.394));
#1941 = VECTOR('',#1942,1.);
#1942 = DIRECTION('',(2.22044604925E-16,1.,0.));
#1943 = ORIENTED_EDGE('',*,*,#1944,.F.);
#1944 = EDGE_CURVE('',#1921,#1937,#1945,.T.);
#1945 = LINE('',#1946,#1947);
#1946 = CARTESIAN_POINT('',(1.357,-0.254,0.193));
#1947 = VECTOR('',#1948,1.);
#1948 = DIRECTION('',(-0.258969313954,5.75027390047E-17,0.965885549343)
  );
#1949 = PLANE('',#1950);
#1950 = AXIS2_PLACEMENT_3D('',#1951,#1952,#1953);
#1951 = CARTESIAN_POINT('',(1.357,-0.254,0.193));
#1952 = DIRECTION('',(0.965885549343,-2.144696752067E-16,0.258969313954)
  );
#1953 = DIRECTION('',(-0.258969313954,5.75027390047E-17,0.965885549343)
  );
#1954 = ADVANCED_FACE('',(#1955),#1989,.T.);
#1955 = FACE_BOUND('',#1956,.T.);
#1956 = EDGE_LOOP('',(#1957,#1967,#1975,#1983));
#1957 = ORIENTED_EDGE('',*,*,#1958,.F.);
#1958 = EDGE_CURVE('',#1959,#1961,#1963,.T.);
#1959 = VERTEX_POINT('',#1960);
#1960 = CARTESIAN_POINT('',(1.25,-0.254,0.165));
#1961 = VERTEX_POINT('',#1962);
#1962 = CARTESIAN_POINT('',(1.25,0.254,0.165));
#1963 = LINE('',#1964,#1965);
#1964 = CARTESIAN_POINT('',(1.25,-0.254,0.165));
#1965 = VECTOR('',#1966,1.);
#1966 = DIRECTION('',(2.22044604925E-16,1.,0.));
#1967 = ORIENTED_EDGE('',*,*,#1968,.F.);
#1968 = EDGE_CURVE('',#1969,#1959,#1971,.T.);
#1969 = VERTEX_POINT('',#1970);
#1970 = CARTESIAN_POINT('',(1.196,-0.254,0.365));
#1971 = LINE('',#1972,#1973);
#1972 = CARTESIAN_POINT('',(1.196,-0.254,0.365));
#1973 = VECTOR('',#1974,1.);
#1974 = DIRECTION('',(0.258969313954,-5.75027390047E-17,-0.965885549343)
  );
#1975 = ORIENTED_EDGE('',*,*,#1976,.F.);
#1976 = EDGE_CURVE('',#1977,#1969,#1979,.T.);
#1977 = VERTEX_POINT('',#1978);
#1978 = CARTESIAN_POINT('',(1.196,0.254,0.365));
#1979 = LINE('',#1980,#1981);
#1980 = CARTESIAN_POINT('',(1.196,0.254,0.365));
#1981 = VECTOR('',#1982,1.);
#1982 = DIRECTION('',(-2.22044604925E-16,-1.,0.));
#1983 = ORIENTED_EDGE('',*,*,#1984,.F.);
#1984 = EDGE_CURVE('',#1961,#1977,#1985,.T.);
#1985 = LINE('',#1986,#1987);
#1986 = CARTESIAN_POINT('',(1.25,0.254,0.165));
#1987 = VECTOR('',#1988,1.);
#1988 = DIRECTION('',(-0.258969313954,5.75027390047E-17,0.965885549343)
  );
#1989 = PLANE('',#1990);
#1990 = AXIS2_PLACEMENT_3D('',#1991,#1992,#1993);
#1991 = CARTESIAN_POINT('',(1.25,0.254,0.165));
#1992 = DIRECTION('',(-0.965885549343,2.144696752067E-16,-0.258969313954
    ));
#1993 = DIRECTION('',(-0.258969313954,5.75027390047E-17,0.965885549343)
  );
#1994 = ADVANCED_FACE('',(#1995),#2029,.T.);
#1995 = FACE_BOUND('',#1996,.T.);
#1996 = EDGE_LOOP('',(#1997,#2007,#2015,#2023));
#1997 = ORIENTED_EDGE('',*,*,#1998,.F.);
#1998 = EDGE_CURVE('',#1999,#2001,#2003,.T.);
#1999 = VERTEX_POINT('',#2000);
#2000 = CARTESIAN_POINT('',(1.499,0.254,0.111));
#2001 = VERTEX_POINT('',#2002);
#2002 = CARTESIAN_POINT('',(1.499,-0.254,0.111));
#2003 = LINE('',#2004,#2005);
#2004 = CARTESIAN_POINT('',(1.499,0.254,0.111));
#2005 = VECTOR('',#2006,1.);
#2006 = DIRECTION('',(-2.22044604925E-16,-1.,0.));
#2007 = ORIENTED_EDGE('',*,*,#2008,.F.);
#2008 = EDGE_CURVE('',#2009,#1999,#2011,.T.);
#2009 = VERTEX_POINT('',#2010);
#2010 = CARTESIAN_POINT('',(1.464,0.254,0.111));
#2011 = LINE('',#2012,#2013);
#2012 = CARTESIAN_POINT('',(1.464,0.254,0.111));
#2013 = VECTOR('',#2014,1.);
#2014 = DIRECTION('',(1.,-2.22044604925E-16,0.));
#2015 = ORIENTED_EDGE('',*,*,#2016,.F.);
#2016 = EDGE_CURVE('',#2017,#2009,#2019,.T.);
#2017 = VERTEX_POINT('',#2018);
#2018 = CARTESIAN_POINT('',(1.464,-0.254,0.111));
#2019 = LINE('',#2020,#2021);
#2020 = CARTESIAN_POINT('',(1.464,-0.254,0.111));
#2021 = VECTOR('',#2022,1.);
#2022 = DIRECTION('',(2.22044604925E-16,1.,0.));
#2023 = ORIENTED_EDGE('',*,*,#2024,.F.);
#2024 = EDGE_CURVE('',#2001,#2017,#2025,.T.);
#2025 = LINE('',#2026,#2027);
#2026 = CARTESIAN_POINT('',(1.499,-0.254,0.111));
#2027 = VECTOR('',#2028,1.);
#2028 = DIRECTION('',(-1.,2.22044604925E-16,0.));
#2029 = PLANE('',#2030);
#2030 = AXIS2_PLACEMENT_3D('',#2031,#2032,#2033);
#2031 = CARTESIAN_POINT('',(1.499,-0.254,0.111));
#2032 = DIRECTION('',(0.,0.,1.));
#2033 = DIRECTION('',(1.,-2.22044604925E-16,0.));
#2034 = ADVANCED_FACE('',(#2035),#2069,.T.);
#2035 = FACE_BOUND('',#2036,.T.);
#2036 = EDGE_LOOP('',(#2037,#2047,#2055,#2063));
#2037 = ORIENTED_EDGE('',*,*,#2038,.F.);
#2038 = EDGE_CURVE('',#2039,#2041,#2043,.T.);
#2039 = VERTEX_POINT('',#2040);
#2040 = CARTESIAN_POINT('',(1.464,0.254,0.));
#2041 = VERTEX_POINT('',#2042);
#2042 = CARTESIAN_POINT('',(1.464,-0.254,0.));
#2043 = LINE('',#2044,#2045);
#2044 = CARTESIAN_POINT('',(1.464,0.254,0.));
#2045 = VECTOR('',#2046,1.);
#2046 = DIRECTION('',(-2.22044604925E-16,-1.,0.));
#2047 = ORIENTED_EDGE('',*,*,#2048,.F.);
#2048 = EDGE_CURVE('',#2049,#2039,#2051,.T.);
#2049 = VERTEX_POINT('',#2050);
#2050 = CARTESIAN_POINT('',(1.499,0.254,0.));
#2051 = LINE('',#2052,#2053);
#2052 = CARTESIAN_POINT('',(1.499,0.254,0.));
#2053 = VECTOR('',#2054,1.);
#2054 = DIRECTION('',(-1.,2.22044604925E-16,0.));
#2055 = ORIENTED_EDGE('',*,*,#2056,.F.);
#2056 = EDGE_CURVE('',#2057,#2049,#2059,.T.);
#2057 = VERTEX_POINT('',#2058);
#2058 = CARTESIAN_POINT('',(1.499,-0.254,0.));
#2059 = LINE('',#2060,#2061);
#2060 = CARTESIAN_POINT('',(1.499,-0.254,0.));
#2061 = VECTOR('',#2062,1.);
#2062 = DIRECTION('',(2.22044604925E-16,1.,0.));
#2063 = ORIENTED_EDGE('',*,*,#2064,.F.);
#2064 = EDGE_CURVE('',#2041,#2057,#2065,.T.);
#2065 = LINE('',#2066,#2067);
#2066 = CARTESIAN_POINT('',(1.464,-0.254,0.));
#2067 = VECTOR('',#2068,1.);
#2068 = DIRECTION('',(1.,-2.22044604925E-16,0.));
#2069 = PLANE('',#2070);
#2070 = AXIS2_PLACEMENT_3D('',#2071,#2072,#2073);
#2071 = CARTESIAN_POINT('',(1.464,-0.254,0.));
#2072 = DIRECTION('',(0.,-0.,-1.));
#2073 = DIRECTION('',(1.,-2.22044604925E-16,0.));
#2074 = ADVANCED_FACE('',(#2075),#2091,.T.);
#2075 = FACE_BOUND('',#2076,.T.);
#2076 = EDGE_LOOP('',(#2077,#2078,#2084,#2085));
#2077 = ORIENTED_EDGE('',*,*,#2056,.T.);
#2078 = ORIENTED_EDGE('',*,*,#2079,.F.);
#2079 = EDGE_CURVE('',#1999,#2049,#2080,.T.);
#2080 = LINE('',#2081,#2082);
#2081 = CARTESIAN_POINT('',(1.499,0.254,0.111));
#2082 = VECTOR('',#2083,1.);
#2083 = DIRECTION('',(0.,-0.,-1.));
#2084 = ORIENTED_EDGE('',*,*,#1998,.T.);
#2085 = ORIENTED_EDGE('',*,*,#2086,.F.);
#2086 = EDGE_CURVE('',#2057,#2001,#2087,.T.);
#2087 = LINE('',#2088,#2089);
#2088 = CARTESIAN_POINT('',(1.499,-0.254,0.));
#2089 = VECTOR('',#2090,1.);
#2090 = DIRECTION('',(0.,0.,1.));
#2091 = PLANE('',#2092);
#2092 = AXIS2_PLACEMENT_3D('',#2093,#2094,#2095);
#2093 = CARTESIAN_POINT('',(1.499,-0.254,0.));
#2094 = DIRECTION('',(1.,-2.22044604925E-16,0.));
#2095 = DIRECTION('',(0.,0.,1.));
#2096 = ADVANCED_FACE('',(#2097),#2115,.T.);
#2097 = FACE_BOUND('',#2098,.T.);
#2098 = EDGE_LOOP('',(#2099,#2100,#2107,#2108));
#2099 = ORIENTED_EDGE('',*,*,#1865,.T.);
#2100 = ORIENTED_EDGE('',*,*,#2101,.F.);
#2101 = EDGE_CURVE('',#1937,#1858,#2102,.T.);
#2102 = CIRCLE('',#2103,0.22225);
#2103 = AXIS2_PLACEMENT_3D('',#2104,#2105,#2106);
#2104 = CARTESIAN_POINT('',(1.088,-0.254,0.337));
#2105 = DIRECTION('',(-2.22044604925E-16,-1.,-3.534288332893E-33));
#2106 = DIRECTION('',(-0.793107076684,1.761051475054E-16,0.609082231652)
  );
#2107 = ORIENTED_EDGE('',*,*,#1936,.T.);
#2108 = ORIENTED_EDGE('',*,*,#2109,.F.);
#2109 = EDGE_CURVE('',#1866,#1929,#2110,.T.);
#2110 = CIRCLE('',#2111,0.22225);
#2111 = AXIS2_PLACEMENT_3D('',#2112,#2113,#2114);
#2112 = CARTESIAN_POINT('',(1.088,0.254,0.337));
#2113 = DIRECTION('',(2.22044604925E-16,1.,3.534288332893E-33));
#2114 = DIRECTION('',(0.793107076684,-1.761051475054E-16,-0.609082231652
    ));
#2115 = CYLINDRICAL_SURFACE('',#2116,0.22225);
#2116 = AXIS2_PLACEMENT_3D('',#2117,#2118,#2119);
#2117 = CARTESIAN_POINT('',(1.088,0.254,0.337));
#2118 = DIRECTION('',(2.22044604925E-16,1.,0.));
#2119 = DIRECTION('',(0.,0.,1.));
#2120 = ADVANCED_FACE('',(#2121),#2139,.F.);
#2121 = FACE_BOUND('',#2122,.F.);
#2122 = EDGE_LOOP('',(#2123,#2130,#2131,#2138));
#2123 = ORIENTED_EDGE('',*,*,#2124,.T.);
#2124 = EDGE_CURVE('',#1897,#1969,#2125,.T.);
#2125 = CIRCLE('',#2126,0.111125);
#2126 = AXIS2_PLACEMENT_3D('',#2127,#2128,#2129);
#2127 = CARTESIAN_POINT('',(1.088,-0.254,0.337));
#2128 = DIRECTION('',(2.22044604925E-16,1.,3.534288332893E-33));
#2129 = DIRECTION('',(0.793107076684,-1.761051475054E-16,-0.609082231652
    ));
#2130 = ORIENTED_EDGE('',*,*,#1976,.F.);
#2131 = ORIENTED_EDGE('',*,*,#2132,.T.);
#2132 = EDGE_CURVE('',#1977,#1889,#2133,.T.);
#2133 = CIRCLE('',#2134,0.111125);
#2134 = AXIS2_PLACEMENT_3D('',#2135,#2136,#2137);
#2135 = CARTESIAN_POINT('',(1.088,0.254,0.337));
#2136 = DIRECTION('',(-2.22044604925E-16,-1.,-3.534288332893E-33));
#2137 = DIRECTION('',(-0.793107076684,1.761051475054E-16,0.609082231652)
  );
#2138 = ORIENTED_EDGE('',*,*,#1896,.F.);
#2139 = CYLINDRICAL_SURFACE('',#2140,0.111125);
#2140 = AXIS2_PLACEMENT_3D('',#2141,#2142,#2143);
#2141 = CARTESIAN_POINT('',(1.088,-0.254,0.337));
#2142 = DIRECTION('',(2.22044604925E-16,1.,0.));
#2143 = DIRECTION('',(0.,-0.,-1.));
#2144 = ADVANCED_FACE('',(#2145),#2163,.F.);
#2145 = FACE_BOUND('',#2146,.F.);
#2146 = EDGE_LOOP('',(#2147,#2154,#2155,#2162));
#2147 = ORIENTED_EDGE('',*,*,#2148,.T.);
#2148 = EDGE_CURVE('',#2017,#1921,#2149,.T.);
#2149 = CIRCLE('',#2150,0.111125);
#2150 = AXIS2_PLACEMENT_3D('',#2151,#2152,#2153);
#2151 = CARTESIAN_POINT('',(1.464,-0.254,0.222));
#2152 = DIRECTION('',(2.22044604925E-16,1.,3.534288332893E-33));
#2153 = DIRECTION('',(-0.793107076684,1.761051475054E-16,0.609082231652)
  );
#2154 = ORIENTED_EDGE('',*,*,#1918,.F.);
#2155 = ORIENTED_EDGE('',*,*,#2156,.T.);
#2156 = EDGE_CURVE('',#1919,#2009,#2157,.T.);
#2157 = CIRCLE('',#2158,0.111125);
#2158 = AXIS2_PLACEMENT_3D('',#2159,#2160,#2161);
#2159 = CARTESIAN_POINT('',(1.464,0.254,0.222));
#2160 = DIRECTION('',(-2.22044604925E-16,-1.,-3.534288332893E-33));
#2161 = DIRECTION('',(0.793107076684,-1.761051475054E-16,-0.609082231652
    ));
#2162 = ORIENTED_EDGE('',*,*,#2016,.F.);
#2163 = CYLINDRICAL_SURFACE('',#2164,0.111125);
#2164 = AXIS2_PLACEMENT_3D('',#2165,#2166,#2167);
#2165 = CARTESIAN_POINT('',(1.464,-0.254,0.222));
#2166 = DIRECTION('',(2.22044604925E-16,1.,0.));
#2167 = DIRECTION('',(0.,0.,1.));
#2168 = ADVANCED_FACE('',(#2169),#2187,.T.);
#2169 = FACE_BOUND('',#2170,.T.);
#2170 = EDGE_LOOP('',(#2171,#2172,#2179,#2180));
#2171 = ORIENTED_EDGE('',*,*,#2038,.T.);
#2172 = ORIENTED_EDGE('',*,*,#2173,.F.);
#2173 = EDGE_CURVE('',#1959,#2041,#2174,.T.);
#2174 = CIRCLE('',#2175,0.22225);
#2175 = AXIS2_PLACEMENT_3D('',#2176,#2177,#2178);
#2176 = CARTESIAN_POINT('',(1.464,-0.254,0.222));
#2177 = DIRECTION('',(-2.22044604925E-16,-1.,-3.534288332893E-33));
#2178 = DIRECTION('',(0.793107076684,-1.761051475054E-16,-0.609082231652
    ));
#2179 = ORIENTED_EDGE('',*,*,#1958,.T.);
#2180 = ORIENTED_EDGE('',*,*,#2181,.F.);
#2181 = EDGE_CURVE('',#2039,#1961,#2182,.T.);
#2182 = CIRCLE('',#2183,0.22225);
#2183 = AXIS2_PLACEMENT_3D('',#2184,#2185,#2186);
#2184 = CARTESIAN_POINT('',(1.464,0.254,0.222));
#2185 = DIRECTION('',(2.22044604925E-16,1.,3.534288332893E-33));
#2186 = DIRECTION('',(-0.793107076684,1.761051475054E-16,0.609082231652)
  );
#2187 = CYLINDRICAL_SURFACE('',#2188,0.22225);
#2188 = AXIS2_PLACEMENT_3D('',#2189,#2190,#2191);
#2189 = CARTESIAN_POINT('',(1.464,-0.254,0.222));
#2190 = DIRECTION('',(2.22044604925E-16,1.,0.));
#2191 = DIRECTION('',(0.,-0.,-1.));
#2192 = ADVANCED_FACE('',(#2193),#2207,.T.);
#2193 = FACE_BOUND('',#2194,.T.);
#2194 = EDGE_LOOP('',(#2195,#2196,#2197,#2198,#2199,#2200,#2201,#2202,
    #2203,#2204,#2205,#2206));
#2195 = ORIENTED_EDGE('',*,*,#1857,.T.);
#2196 = ORIENTED_EDGE('',*,*,#1826,.T.);
#2197 = ORIENTED_EDGE('',*,*,#1904,.T.);
#2198 = ORIENTED_EDGE('',*,*,#2124,.T.);
#2199 = ORIENTED_EDGE('',*,*,#1968,.T.);
#2200 = ORIENTED_EDGE('',*,*,#2173,.T.);
#2201 = ORIENTED_EDGE('',*,*,#2064,.T.);
#2202 = ORIENTED_EDGE('',*,*,#2086,.T.);
#2203 = ORIENTED_EDGE('',*,*,#2024,.T.);
#2204 = ORIENTED_EDGE('',*,*,#2148,.T.);
#2205 = ORIENTED_EDGE('',*,*,#1944,.T.);
#2206 = ORIENTED_EDGE('',*,*,#2101,.T.);
#2207 = PLANE('',#2208);
#2208 = AXIS2_PLACEMENT_3D('',#2209,#2210,#2211);
#2209 = CARTESIAN_POINT('',(1.054,-0.254,0.448));
#2210 = DIRECTION('',(-2.22044604925E-16,-1.,0.));
#2211 = DIRECTION('',(0.,0.,1.));
#2212 = ADVANCED_FACE('',(#2213),#2227,.T.);
#2213 = FACE_BOUND('',#2214,.T.);
#2214 = EDGE_LOOP('',(#2215,#2216,#2217,#2218,#2219,#2220,#2221,#2222,
    #2223,#2224,#2225,#2226));
#2215 = ORIENTED_EDGE('',*,*,#1888,.T.);
#2216 = ORIENTED_EDGE('',*,*,#1842,.T.);
#2217 = ORIENTED_EDGE('',*,*,#1873,.T.);
#2218 = ORIENTED_EDGE('',*,*,#2109,.T.);
#2219 = ORIENTED_EDGE('',*,*,#1928,.T.);
#2220 = ORIENTED_EDGE('',*,*,#2156,.T.);
#2221 = ORIENTED_EDGE('',*,*,#2008,.T.);
#2222 = ORIENTED_EDGE('',*,*,#2079,.T.);
#2223 = ORIENTED_EDGE('',*,*,#2048,.T.);
#2224 = ORIENTED_EDGE('',*,*,#2181,.T.);
#2225 = ORIENTED_EDGE('',*,*,#1984,.T.);
#2226 = ORIENTED_EDGE('',*,*,#2132,.T.);
#2227 = PLANE('',#2228);
#2228 = AXIS2_PLACEMENT_3D('',#2229,#2230,#2231);
#2229 = CARTESIAN_POINT('',(1.464,0.254,0.111));
#2230 = DIRECTION('',(2.22044604925E-16,1.,0.));
#2231 = DIRECTION('',(0.,-0.,-1.));
#2232 = GEOMETRIC_CURVE_SET('',(#2233));
#2233 = TRIMMED_CURVE('',#2234,(#2239,PARAMETER_VALUE(3.14159265359)),(
    #2240,PARAMETER_VALUE(9.424777960769)),.T.,.PARAMETER.);
#2234 = CIRCLE('',#2235,7.747E-02);
#2235 = AXIS2_PLACEMENT_3D('',#2236,#2237,#2238);
#2236 = CARTESIAN_POINT('',(-0.661,0.95,1.12));
#2237 = DIRECTION('',(0.,0.,1.));
#2238 = DIRECTION('',(-2.22044604925E-16,-1.,0.));
#2239 = CARTESIAN_POINT('',(-0.661,1.027,1.12));
#2240 = CARTESIAN_POINT('',(-0.661,1.027,1.12));
#2241 = GEOMETRIC_CURVE_SET('',(#2242));
#2242 = TRIMMED_CURVE('',#2243,(#2246,PARAMETER_VALUE(0.)),(#2247,
    PARAMETER_VALUE(2.E-03)),.T.,.PARAMETER.);
#2243 = B_SPLINE_CURVE_WITH_KNOTS('',1,(#2244,#2245),.UNSPECIFIED.,.F.,
  .F.,(2,2),(0.,2.E-03),.PIECEWISE_BEZIER_KNOTS.);
#2244 = CARTESIAN_POINT('',(-0.661,1.02747,1.118));
#2245 = CARTESIAN_POINT('',(-0.661,1.02747,1.12));
#2246 = CARTESIAN_POINT('',(-0.661,1.027,1.118));
#2247 = CARTESIAN_POINT('',(-0.661,1.027,1.12));
#2248 = GEOMETRIC_CURVE_SET('',(#2249));
#2249 = TRIMMED_CURVE('',#2250,(#2255,PARAMETER_VALUE(3.14159265359)),(
    #2256,PARAMETER_VALUE(9.424777960769)),.T.,.PARAMETER.);
#2250 = CIRCLE('',#2251,7.747E-02);
#2251 = AXIS2_PLACEMENT_3D('',#2252,#2253,#2254);
#2252 = CARTESIAN_POINT('',(-0.661,0.95,1.118));
#2253 = DIRECTION('',(-0.,0.,-1.));
#2254 = DIRECTION('',(-2.22044604925E-16,-1.,0.));
#2255 = CARTESIAN_POINT('',(-0.661,1.027,1.118));
#2256 = CARTESIAN_POINT('',(-0.661,1.027,1.118));
#2257 = GEOMETRIC_CURVE_SET('',(#2258));
#2258 = TRIMMED_CURVE('',#2259,(#2262,PARAMETER_VALUE(0.)),(#2263,
    PARAMETER_VALUE(2.E-03)),.T.,.PARAMETER.);
#2259 = B_SPLINE_CURVE_WITH_KNOTS('',1,(#2260,#2261),.UNSPECIFIED.,.F.,
  .F.,(2,2),(0.,2.E-03),.PIECEWISE_BEZIER_KNOTS.);
#2260 = CARTESIAN_POINT('',(-0.661,1.02747,1.118));
#2261 = CARTESIAN_POINT('',(-0.661,1.02747,1.12));
#2262 = CARTESIAN_POINT('',(-0.661,1.027,1.118));
#2263 = CARTESIAN_POINT('',(-0.661,1.027,1.12));
#2264 = GEOMETRIC_CURVE_SET('',(#2265));
#2265 = TRIMMED_CURVE('',#2266,(#2271,PARAMETER_VALUE(3.14159265359)),(
    #2272,PARAMETER_VALUE(9.424777960769)),.T.,.PARAMETER.);
#2266 = CIRCLE('',#2267,7.747E-02);
#2267 = AXIS2_PLACEMENT_3D('',#2268,#2269,#2270);
#2268 = CARTESIAN_POINT('',(-0.661,0.95,1.118));
#2269 = DIRECTION('',(-0.,0.,-1.));
#2270 = DIRECTION('',(-2.22044604925E-16,-1.,0.));
#2271 = CARTESIAN_POINT('',(-0.661,1.027,1.118));
#2272 = CARTESIAN_POINT('',(-0.661,1.027,1.118));
#2273 = GEOMETRIC_CURVE_SET('',(#2274));
#2274 = TRIMMED_CURVE('',#2275,(#2280,PARAMETER_VALUE(3.14159265359)),(
    #2281,PARAMETER_VALUE(9.424777960769)),.T.,.PARAMETER.);
#2275 = CIRCLE('',#2276,7.747E-02);
#2276 = AXIS2_PLACEMENT_3D('',#2277,#2278,#2279);
#2277 = CARTESIAN_POINT('',(-0.661,0.95,1.12));
#2278 = DIRECTION('',(0.,0.,1.));
#2279 = DIRECTION('',(-2.22044604925E-16,-1.,0.));
#2280 = CARTESIAN_POINT('',(-0.661,1.027,1.12));
#2281 = CARTESIAN_POINT('',(-0.661,1.027,1.12));
#2282 = GEOMETRIC_CURVE_SET('',(#2283));
#2283 = TRIMMED_CURVE('',#2284,(#2288,PARAMETER_VALUE(0.)),(#2289,
    PARAMETER_VALUE(2.744)),.T.,.PARAMETER.);
#2284 = LINE('',#2285,#2286);
#2285 = CARTESIAN_POINT('',(-0.876,-1.372,1.118));
#2286 = VECTOR('',#2287,1.);
#2287 = DIRECTION('',(2.22044604925E-16,1.,0.));
#2288 = CARTESIAN_POINT('',(-0.876,-1.372,1.118));
#2289 = CARTESIAN_POINT('',(-0.876,1.372,1.118));
#2290 = GEOMETRIC_CURVE_SET('',(#2291));
#2291 = TRIMMED_CURVE('',#2292,(#2296,PARAMETER_VALUE(0.)),(#2297,
    PARAMETER_VALUE(1.752)),.T.,.PARAMETER.);
#2292 = LINE('',#2293,#2294);
#2293 = CARTESIAN_POINT('',(0.876,-1.372,1.118));
#2294 = VECTOR('',#2295,1.);
#2295 = DIRECTION('',(-1.,2.22044604925E-16,0.));
#2296 = CARTESIAN_POINT('',(0.876,-1.372,1.118));
#2297 = CARTESIAN_POINT('',(-0.876,-1.372,1.118));
#2298 = GEOMETRIC_CURVE_SET('',(#2299));
#2299 = TRIMMED_CURVE('',#2300,(#2304,PARAMETER_VALUE(0.)),(#2305,
    PARAMETER_VALUE(2.744)),.T.,.PARAMETER.);
#2300 = LINE('',#2301,#2302);
#2301 = CARTESIAN_POINT('',(0.876,1.372,1.118));
#2302 = VECTOR('',#2303,1.);
#2303 = DIRECTION('',(-2.22044604925E-16,-1.,0.));
#2304 = CARTESIAN_POINT('',(0.876,1.372,1.118));
#2305 = CARTESIAN_POINT('',(0.876,-1.372,1.118));
#2306 = GEOMETRIC_CURVE_SET('',(#2307));
#2307 = TRIMMED_CURVE('',#2308,(#2312,PARAMETER_VALUE(0.)),(#2313,
    PARAMETER_VALUE(1.752)),.T.,.PARAMETER.);
#2308 = LINE('',#2309,#2310);
#2309 = CARTESIAN_POINT('',(-0.876,1.372,1.118));
#2310 = VECTOR('',#2311,1.);
#2311 = DIRECTION('',(1.,-2.22044604925E-16,0.));
#2312 = CARTESIAN_POINT('',(-0.876,1.372,1.118));
#2313 = CARTESIAN_POINT('',(0.876,1.372,1.118));
#2314 = GEOMETRIC_CURVE_SET('',(#2315));
#2315 = TRIMMED_CURVE('',#2316,(#2320,PARAMETER_VALUE(0.)),(#2321,
    PARAMETER_VALUE(3.098)),.T.,.PARAMETER.);
#2316 = LINE('',#2317,#2318);
#2317 = CARTESIAN_POINT('',(-1.054,-1.549,0.574));
#2318 = VECTOR('',#2319,1.);
#2319 = DIRECTION('',(2.22044604925E-16,1.,0.));
#2320 = CARTESIAN_POINT('',(-1.054,-1.549,0.574));
#2321 = CARTESIAN_POINT('',(-1.054,1.549,0.574));
#2322 = GEOMETRIC_CURVE_SET('',(#2323));
#2323 = TRIMMED_CURVE('',#2324,(#2328,PARAMETER_VALUE(0.)),(#2329,
    PARAMETER_VALUE(0.599122845059)),.T.,.PARAMETER.);
#2324 = LINE('',#2325,#2326);
#2325 = CARTESIAN_POINT('',(-0.876,-1.372,1.118));
#2326 = VECTOR('',#2327,1.);
#2327 = DIRECTION('',(-0.296869109578,-0.296869109578,-0.907599836689));
#2328 = CARTESIAN_POINT('',(-0.876,-1.372,1.118));
#2329 = CARTESIAN_POINT('',(-1.054,-1.549,0.574));
#2330 = GEOMETRIC_CURVE_SET('',(#2331));
#2331 = TRIMMED_CURVE('',#2332,(#2336,PARAMETER_VALUE(0.)),(#2337,
    PARAMETER_VALUE(2.744)),.T.,.PARAMETER.);
#2332 = LINE('',#2333,#2334);
#2333 = CARTESIAN_POINT('',(-0.876,-1.372,1.118));
#2334 = VECTOR('',#2335,1.);
#2335 = DIRECTION('',(2.22044604925E-16,1.,0.));
#2336 = CARTESIAN_POINT('',(-0.876,-1.372,1.118));
#2337 = CARTESIAN_POINT('',(-0.876,1.372,1.118));
#2338 = GEOMETRIC_CURVE_SET('',(#2339));
#2339 = TRIMMED_CURVE('',#2340,(#2344,PARAMETER_VALUE(0.)),(#2345,
    PARAMETER_VALUE(0.599122845059)),.T.,.PARAMETER.);
#2340 = LINE('',#2341,#2342);
#2341 = CARTESIAN_POINT('',(-1.054,1.549,0.574));
#2342 = VECTOR('',#2343,1.);
#2343 = DIRECTION('',(0.296869109578,-0.296869109578,0.907599836689));
#2344 = CARTESIAN_POINT('',(-1.054,1.549,0.574));
#2345 = CARTESIAN_POINT('',(-0.876,1.372,1.118));
#2346 = GEOMETRIC_CURVE_SET('',(#2347));
#2347 = TRIMMED_CURVE('',#2348,(#2352,PARAMETER_VALUE(0.)),(#2353,
    PARAMETER_VALUE(2.108)),.T.,.PARAMETER.);
#2348 = LINE('',#2349,#2350);
#2349 = CARTESIAN_POINT('',(1.054,-1.549,0.574));
#2350 = VECTOR('',#2351,1.);
#2351 = DIRECTION('',(-1.,2.22044604925E-16,0.));
#2352 = CARTESIAN_POINT('',(1.054,-1.549,0.574));
#2353 = CARTESIAN_POINT('',(-1.054,-1.549,0.574));
#2354 = GEOMETRIC_CURVE_SET('',(#2355));
#2355 = TRIMMED_CURVE('',#2356,(#2360,PARAMETER_VALUE(0.)),(#2361,
    PARAMETER_VALUE(0.599122845059)),.T.,.PARAMETER.);
#2356 = LINE('',#2357,#2358);
#2357 = CARTESIAN_POINT('',(0.876,-1.372,1.118));
#2358 = VECTOR('',#2359,1.);
#2359 = DIRECTION('',(0.296869109578,-0.296869109578,-0.907599836689));
#2360 = CARTESIAN_POINT('',(0.876,-1.372,1.118));
#2361 = CARTESIAN_POINT('',(1.054,-1.549,0.574));
#2362 = GEOMETRIC_CURVE_SET('',(#2363));
#2363 = TRIMMED_CURVE('',#2364,(#2368,PARAMETER_VALUE(0.)),(#2369,
    PARAMETER_VALUE(1.752)),.T.,.PARAMETER.);
#2364 = LINE('',#2365,#2366);
#2365 = CARTESIAN_POINT('',(0.876,-1.372,1.118));
#2366 = VECTOR('',#2367,1.);
#2367 = DIRECTION('',(-1.,2.22044604925E-16,0.));
#2368 = CARTESIAN_POINT('',(0.876,-1.372,1.118));
#2369 = CARTESIAN_POINT('',(-0.876,-1.372,1.118));
#2370 = GEOMETRIC_CURVE_SET('',(#2371));
#2371 = TRIMMED_CURVE('',#2372,(#2376,PARAMETER_VALUE(0.)),(#2377,
    PARAMETER_VALUE(0.599122845059)),.T.,.PARAMETER.);
#2372 = LINE('',#2373,#2374);
#2373 = CARTESIAN_POINT('',(-0.876,-1.372,1.118));
#2374 = VECTOR('',#2375,1.);
#2375 = DIRECTION('',(-0.296869109578,-0.296869109578,-0.907599836689));
#2376 = CARTESIAN_POINT('',(-0.876,-1.372,1.118));
#2377 = CARTESIAN_POINT('',(-1.054,-1.549,0.574));
#2378 = GEOMETRIC_CURVE_SET('',(#2379));
#2379 = TRIMMED_CURVE('',#2380,(#2384,PARAMETER_VALUE(0.)),(#2385,
    PARAMETER_VALUE(3.098)),.T.,.PARAMETER.);
#2380 = LINE('',#2381,#2382);
#2381 = CARTESIAN_POINT('',(1.054,1.549,0.574));
#2382 = VECTOR('',#2383,1.);
#2383 = DIRECTION('',(-2.22044604925E-16,-1.,0.));
#2384 = CARTESIAN_POINT('',(1.054,1.549,0.574));
#2385 = CARTESIAN_POINT('',(1.054,-1.549,0.574));
#2386 = GEOMETRIC_CURVE_SET('',(#2387));
#2387 = TRIMMED_CURVE('',#2388,(#2392,PARAMETER_VALUE(0.)),(#2393,
    PARAMETER_VALUE(0.599122845059)),.T.,.PARAMETER.);
#2388 = LINE('',#2389,#2390);
#2389 = CARTESIAN_POINT('',(0.876,1.372,1.118));
#2390 = VECTOR('',#2391,1.);
#2391 = DIRECTION('',(0.296869109578,0.296869109578,-0.907599836689));
#2392 = CARTESIAN_POINT('',(0.876,1.372,1.118));
#2393 = CARTESIAN_POINT('',(1.054,1.549,0.574));
#2394 = GEOMETRIC_CURVE_SET('',(#2395));
#2395 = TRIMMED_CURVE('',#2396,(#2400,PARAMETER_VALUE(0.)),(#2401,
    PARAMETER_VALUE(2.744)),.T.,.PARAMETER.);
#2396 = LINE('',#2397,#2398);
#2397 = CARTESIAN_POINT('',(0.876,1.372,1.118));
#2398 = VECTOR('',#2399,1.);
#2399 = DIRECTION('',(-2.22044604925E-16,-1.,0.));
#2400 = CARTESIAN_POINT('',(0.876,1.372,1.118));
#2401 = CARTESIAN_POINT('',(0.876,-1.372,1.118));
#2402 = GEOMETRIC_CURVE_SET('',(#2403));
#2403 = TRIMMED_CURVE('',#2404,(#2408,PARAMETER_VALUE(0.)),(#2409,
    PARAMETER_VALUE(0.599122845059)),.T.,.PARAMETER.);
#2404 = LINE('',#2405,#2406);
#2405 = CARTESIAN_POINT('',(0.876,-1.372,1.118));
#2406 = VECTOR('',#2407,1.);
#2407 = DIRECTION('',(0.296869109578,-0.296869109578,-0.907599836689));
#2408 = CARTESIAN_POINT('',(0.876,-1.372,1.118));
#2409 = CARTESIAN_POINT('',(1.054,-1.549,0.574));
#2410 = GEOMETRIC_CURVE_SET('',(#2411));
#2411 = TRIMMED_CURVE('',#2412,(#2416,PARAMETER_VALUE(0.)),(#2417,
    PARAMETER_VALUE(2.108)),.T.,.PARAMETER.);
#2412 = LINE('',#2413,#2414);
#2413 = CARTESIAN_POINT('',(-1.054,1.549,0.574));
#2414 = VECTOR('',#2415,1.);
#2415 = DIRECTION('',(1.,-2.22044604925E-16,0.));
#2416 = CARTESIAN_POINT('',(-1.054,1.549,0.574));
#2417 = CARTESIAN_POINT('',(1.054,1.549,0.574));
#2418 = GEOMETRIC_CURVE_SET('',(#2419));
#2419 = TRIMMED_CURVE('',#2420,(#2424,PARAMETER_VALUE(0.)),(#2425,
    PARAMETER_VALUE(0.599122845059)),.T.,.PARAMETER.);
#2420 = LINE('',#2421,#2422);
#2421 = CARTESIAN_POINT('',(-1.054,1.549,0.574));
#2422 = VECTOR('',#2423,1.);
#2423 = DIRECTION('',(0.296869109578,-0.296869109578,0.907599836689));
#2424 = CARTESIAN_POINT('',(-1.054,1.549,0.574));
#2425 = CARTESIAN_POINT('',(-0.876,1.372,1.118));
#2426 = GEOMETRIC_CURVE_SET('',(#2427));
#2427 = TRIMMED_CURVE('',#2428,(#2432,PARAMETER_VALUE(0.)),(#2433,
    PARAMETER_VALUE(1.752)),.T.,.PARAMETER.);
#2428 = LINE('',#2429,#2430);
#2429 = CARTESIAN_POINT('',(-0.876,1.372,1.118));
#2430 = VECTOR('',#2431,1.);
#2431 = DIRECTION('',(1.,-2.22044604925E-16,0.));
#2432 = CARTESIAN_POINT('',(-0.876,1.372,1.118));
#2433 = CARTESIAN_POINT('',(0.876,1.372,1.118));
#2434 = GEOMETRIC_CURVE_SET('',(#2435));
#2435 = TRIMMED_CURVE('',#2436,(#2440,PARAMETER_VALUE(0.)),(#2441,
    PARAMETER_VALUE(0.599122845059)),.T.,.PARAMETER.);
#2436 = LINE('',#2437,#2438);
#2437 = CARTESIAN_POINT('',(0.876,1.372,1.118));
#2438 = VECTOR('',#2439,1.);
#2439 = DIRECTION('',(0.296869109578,0.296869109578,-0.907599836689));
#2440 = CARTESIAN_POINT('',(0.876,1.372,1.118));
#2441 = CARTESIAN_POINT('',(1.054,1.549,0.574));
#2442 = GEOMETRIC_CURVE_SET('',(#2443));
#2443 = TRIMMED_CURVE('',#2444,(#2448,PARAMETER_VALUE(0.)),(#2449,
    PARAMETER_VALUE(3.098)),.T.,.PARAMETER.);
#2444 = LINE('',#2445,#2446);
#2445 = CARTESIAN_POINT('',(-1.054,-1.549,0.29));
#2446 = VECTOR('',#2447,1.);
#2447 = DIRECTION('',(2.22044604925E-16,1.,0.));
#2448 = CARTESIAN_POINT('',(-1.054,-1.549,0.29));
#2449 = CARTESIAN_POINT('',(-1.054,1.549,0.29));
#2450 = GEOMETRIC_CURVE_SET('',(#2451));
#2451 = TRIMMED_CURVE('',#2452,(#2456,PARAMETER_VALUE(0.)),(#2457,
    PARAMETER_VALUE(0.284)),.T.,.PARAMETER.);
#2452 = LINE('',#2453,#2454);
#2453 = CARTESIAN_POINT('',(-1.054,-1.549,0.574));
#2454 = VECTOR('',#2455,1.);
#2455 = DIRECTION('',(0.,-0.,-1.));
#2456 = CARTESIAN_POINT('',(-1.054,-1.549,0.574));
#2457 = CARTESIAN_POINT('',(-1.054,-1.549,0.29));
#2458 = GEOMETRIC_CURVE_SET('',(#2459));
#2459 = TRIMMED_CURVE('',#2460,(#2464,PARAMETER_VALUE(0.)),(#2465,
    PARAMETER_VALUE(3.098)),.T.,.PARAMETER.);
#2460 = LINE('',#2461,#2462);
#2461 = CARTESIAN_POINT('',(-1.054,-1.549,0.574));
#2462 = VECTOR('',#2463,1.);
#2463 = DIRECTION('',(2.22044604925E-16,1.,0.));
#2464 = CARTESIAN_POINT('',(-1.054,-1.549,0.574));
#2465 = CARTESIAN_POINT('',(-1.054,1.549,0.574));
#2466 = GEOMETRIC_CURVE_SET('',(#2467));
#2467 = TRIMMED_CURVE('',#2468,(#2472,PARAMETER_VALUE(0.)),(#2473,
    PARAMETER_VALUE(0.284)),.T.,.PARAMETER.);
#2468 = LINE('',#2469,#2470);
#2469 = CARTESIAN_POINT('',(-1.054,1.549,0.29));
#2470 = VECTOR('',#2471,1.);
#2471 = DIRECTION('',(0.,0.,1.));
#2472 = CARTESIAN_POINT('',(-1.054,1.549,0.29));
#2473 = CARTESIAN_POINT('',(-1.054,1.549,0.574));
#2474 = GEOMETRIC_CURVE_SET('',(#2475));
#2475 = TRIMMED_CURVE('',#2476,(#2480,PARAMETER_VALUE(0.)),(#2481,
    PARAMETER_VALUE(2.108)),.T.,.PARAMETER.);
#2476 = LINE('',#2477,#2478);
#2477 = CARTESIAN_POINT('',(1.054,-1.549,0.29));
#2478 = VECTOR('',#2479,1.);
#2479 = DIRECTION('',(-1.,2.22044604925E-16,0.));
#2480 = CARTESIAN_POINT('',(1.054,-1.549,0.29));
#2481 = CARTESIAN_POINT('',(-1.054,-1.549,0.29));
#2482 = GEOMETRIC_CURVE_SET('',(#2483));
#2483 = TRIMMED_CURVE('',#2484,(#2488,PARAMETER_VALUE(0.)),(#2489,
    PARAMETER_VALUE(0.284)),.T.,.PARAMETER.);
#2484 = LINE('',#2485,#2486);
#2485 = CARTESIAN_POINT('',(1.054,-1.549,0.574));
#2486 = VECTOR('',#2487,1.);
#2487 = DIRECTION('',(0.,-0.,-1.));
#2488 = CARTESIAN_POINT('',(1.054,-1.549,0.574));
#2489 = CARTESIAN_POINT('',(1.054,-1.549,0.29));
#2490 = GEOMETRIC_CURVE_SET('',(#2491));
#2491 = TRIMMED_CURVE('',#2492,(#2496,PARAMETER_VALUE(0.)),(#2497,
    PARAMETER_VALUE(2.108)),.T.,.PARAMETER.);
#2492 = LINE('',#2493,#2494);
#2493 = CARTESIAN_POINT('',(1.054,-1.549,0.574));
#2494 = VECTOR('',#2495,1.);
#2495 = DIRECTION('',(-1.,2.22044604925E-16,0.));
#2496 = CARTESIAN_POINT('',(1.054,-1.549,0.574));
#2497 = CARTESIAN_POINT('',(-1.054,-1.549,0.574));
#2498 = GEOMETRIC_CURVE_SET('',(#2499));
#2499 = TRIMMED_CURVE('',#2500,(#2504,PARAMETER_VALUE(0.)),(#2505,
    PARAMETER_VALUE(0.284)),.T.,.PARAMETER.);
#2500 = LINE('',#2501,#2502);
#2501 = CARTESIAN_POINT('',(-1.054,-1.549,0.574));
#2502 = VECTOR('',#2503,1.);
#2503 = DIRECTION('',(0.,-0.,-1.));
#2504 = CARTESIAN_POINT('',(-1.054,-1.549,0.574));
#2505 = CARTESIAN_POINT('',(-1.054,-1.549,0.29));
#2506 = GEOMETRIC_CURVE_SET('',(#2507));
#2507 = TRIMMED_CURVE('',#2508,(#2512,PARAMETER_VALUE(0.)),(#2513,
    PARAMETER_VALUE(3.098)),.T.,.PARAMETER.);
#2508 = LINE('',#2509,#2510);
#2509 = CARTESIAN_POINT('',(1.054,1.549,0.29));
#2510 = VECTOR('',#2511,1.);
#2511 = DIRECTION('',(-2.22044604925E-16,-1.,0.));
#2512 = CARTESIAN_POINT('',(1.054,1.549,0.29));
#2513 = CARTESIAN_POINT('',(1.054,-1.549,0.29));
#2514 = GEOMETRIC_CURVE_SET('',(#2515));
#2515 = TRIMMED_CURVE('',#2516,(#2520,PARAMETER_VALUE(0.)),(#2521,
    PARAMETER_VALUE(0.284)),.T.,.PARAMETER.);
#2516 = LINE('',#2517,#2518);
#2517 = CARTESIAN_POINT('',(1.054,1.549,0.574));
#2518 = VECTOR('',#2519,1.);
#2519 = DIRECTION('',(0.,-0.,-1.));
#2520 = CARTESIAN_POINT('',(1.054,1.549,0.574));
#2521 = CARTESIAN_POINT('',(1.054,1.549,0.29));
#2522 = GEOMETRIC_CURVE_SET('',(#2523));
#2523 = TRIMMED_CURVE('',#2524,(#2528,PARAMETER_VALUE(0.)),(#2529,
    PARAMETER_VALUE(3.098)),.T.,.PARAMETER.);
#2524 = LINE('',#2525,#2526);
#2525 = CARTESIAN_POINT('',(1.054,1.549,0.574));
#2526 = VECTOR('',#2527,1.);
#2527 = DIRECTION('',(-2.22044604925E-16,-1.,0.));
#2528 = CARTESIAN_POINT('',(1.054,1.549,0.574));
#2529 = CARTESIAN_POINT('',(1.054,-1.549,0.574));
#2530 = GEOMETRIC_CURVE_SET('',(#2531));
#2531 = TRIMMED_CURVE('',#2532,(#2536,PARAMETER_VALUE(0.)),(#2537,
    PARAMETER_VALUE(0.284)),.T.,.PARAMETER.);
#2532 = LINE('',#2533,#2534);
#2533 = CARTESIAN_POINT('',(1.054,-1.549,0.574));
#2534 = VECTOR('',#2535,1.);
#2535 = DIRECTION('',(0.,-0.,-1.));
#2536 = CARTESIAN_POINT('',(1.054,-1.549,0.574));
#2537 = CARTESIAN_POINT('',(1.054,-1.549,0.29));
#2538 = GEOMETRIC_CURVE_SET('',(#2539));
#2539 = TRIMMED_CURVE('',#2540,(#2544,PARAMETER_VALUE(0.)),(#2545,
    PARAMETER_VALUE(2.108)),.T.,.PARAMETER.);
#2540 = LINE('',#2541,#2542);
#2541 = CARTESIAN_POINT('',(-1.054,1.549,0.29));
#2542 = VECTOR('',#2543,1.);
#2543 = DIRECTION('',(1.,-2.22044604925E-16,0.));
#2544 = CARTESIAN_POINT('',(-1.054,1.549,0.29));
#2545 = CARTESIAN_POINT('',(1.054,1.549,0.29));
#2546 = GEOMETRIC_CURVE_SET('',(#2547));
#2547 = TRIMMED_CURVE('',#2548,(#2552,PARAMETER_VALUE(0.)),(#2553,
    PARAMETER_VALUE(0.284)),.T.,.PARAMETER.);
#2548 = LINE('',#2549,#2550);
#2549 = CARTESIAN_POINT('',(-1.054,1.549,0.29));
#2550 = VECTOR('',#2551,1.);
#2551 = DIRECTION('',(0.,0.,1.));
#2552 = CARTESIAN_POINT('',(-1.054,1.549,0.29));
#2553 = CARTESIAN_POINT('',(-1.054,1.549,0.574));
#2554 = GEOMETRIC_CURVE_SET('',(#2555));
#2555 = TRIMMED_CURVE('',#2556,(#2560,PARAMETER_VALUE(0.)),(#2561,
    PARAMETER_VALUE(2.108)),.T.,.PARAMETER.);
#2556 = LINE('',#2557,#2558);
#2557 = CARTESIAN_POINT('',(-1.054,1.549,0.574));
#2558 = VECTOR('',#2559,1.);
#2559 = DIRECTION('',(1.,-2.22044604925E-16,0.));
#2560 = CARTESIAN_POINT('',(-1.054,1.549,0.574));
#2561 = CARTESIAN_POINT('',(1.054,1.549,0.574));
#2562 = GEOMETRIC_CURVE_SET('',(#2563));
#2563 = TRIMMED_CURVE('',#2564,(#2568,PARAMETER_VALUE(0.)),(#2569,
    PARAMETER_VALUE(0.284)),.T.,.PARAMETER.);
#2564 = LINE('',#2565,#2566);
#2565 = CARTESIAN_POINT('',(1.054,1.549,0.574));
#2566 = VECTOR('',#2567,1.);
#2567 = DIRECTION('',(0.,-0.,-1.));
#2568 = CARTESIAN_POINT('',(1.054,1.549,0.574));
#2569 = CARTESIAN_POINT('',(1.054,1.549,0.29));
#2570 = GEOMETRIC_CURVE_SET('',(#2571));
#2571 = TRIMMED_CURVE('',#2572,(#2576,PARAMETER_VALUE(0.)),(#2577,
    PARAMETER_VALUE(2.692)),.T.,.PARAMETER.);
#2572 = LINE('',#2573,#2574);
#2573 = CARTESIAN_POINT('',(-0.851,-1.346,0.));
#2574 = VECTOR('',#2575,1.);
#2575 = DIRECTION('',(2.22044604925E-16,1.,0.));
#2576 = CARTESIAN_POINT('',(-0.851,-1.346,0.));
#2577 = CARTESIAN_POINT('',(-0.851,1.346,0.));
#2578 = GEOMETRIC_CURVE_SET('',(#2579));
#2579 = TRIMMED_CURVE('',#2580,(#2584,PARAMETER_VALUE(0.)),(#2585,
    PARAMETER_VALUE(0.408065965033)),.T.,.PARAMETER.);
#2580 = LINE('',#2581,#2582);
#2581 = CARTESIAN_POINT('',(-1.054,-1.549,0.29));
#2582 = VECTOR('',#2583,1.);
#2583 = DIRECTION('',(0.497973110178,0.497973110178,-0.709961663105));
#2584 = CARTESIAN_POINT('',(-1.054,-1.549,0.29));
#2585 = CARTESIAN_POINT('',(-0.851,-1.346,0.));
#2586 = GEOMETRIC_CURVE_SET('',(#2587));
#2587 = TRIMMED_CURVE('',#2588,(#2592,PARAMETER_VALUE(0.)),(#2593,
    PARAMETER_VALUE(3.098)),.T.,.PARAMETER.);
#2588 = LINE('',#2589,#2590);
#2589 = CARTESIAN_POINT('',(-1.054,-1.549,0.29));
#2590 = VECTOR('',#2591,1.);
#2591 = DIRECTION('',(2.22044604925E-16,1.,0.));
#2592 = CARTESIAN_POINT('',(-1.054,-1.549,0.29));
#2593 = CARTESIAN_POINT('',(-1.054,1.549,0.29));
#2594 = GEOMETRIC_CURVE_SET('',(#2595));
#2595 = TRIMMED_CURVE('',#2596,(#2600,PARAMETER_VALUE(0.)),(#2601,
    PARAMETER_VALUE(0.408065965033)),.T.,.PARAMETER.);
#2596 = LINE('',#2597,#2598);
#2597 = CARTESIAN_POINT('',(-0.851,1.346,0.));
#2598 = VECTOR('',#2599,1.);
#2599 = DIRECTION('',(-0.497973110178,0.497973110178,0.709961663105));
#2600 = CARTESIAN_POINT('',(-0.851,1.346,0.));
#2601 = CARTESIAN_POINT('',(-1.054,1.549,0.29));
#2602 = GEOMETRIC_CURVE_SET('',(#2603));
#2603 = TRIMMED_CURVE('',#2604,(#2608,PARAMETER_VALUE(0.)),(#2609,
    PARAMETER_VALUE(1.702)),.T.,.PARAMETER.);
#2604 = LINE('',#2605,#2606);
#2605 = CARTESIAN_POINT('',(0.851,-1.346,0.));
#2606 = VECTOR('',#2607,1.);
#2607 = DIRECTION('',(-1.,2.22044604925E-16,0.));
#2608 = CARTESIAN_POINT('',(0.851,-1.346,0.));
#2609 = CARTESIAN_POINT('',(-0.851,-1.346,0.));
#2610 = GEOMETRIC_CURVE_SET('',(#2611));
#2611 = TRIMMED_CURVE('',#2612,(#2616,PARAMETER_VALUE(0.)),(#2617,
    PARAMETER_VALUE(0.408065965033)),.T.,.PARAMETER.);
#2612 = LINE('',#2613,#2614);
#2613 = CARTESIAN_POINT('',(1.054,-1.549,0.29));
#2614 = VECTOR('',#2615,1.);
#2615 = DIRECTION('',(-0.497973110178,0.497973110178,-0.709961663105));
#2616 = CARTESIAN_POINT('',(1.054,-1.549,0.29));
#2617 = CARTESIAN_POINT('',(0.851,-1.346,0.));
#2618 = GEOMETRIC_CURVE_SET('',(#2619));
#2619 = TRIMMED_CURVE('',#2620,(#2624,PARAMETER_VALUE(0.)),(#2625,
    PARAMETER_VALUE(2.108)),.T.,.PARAMETER.);
#2620 = LINE('',#2621,#2622);
#2621 = CARTESIAN_POINT('',(1.054,-1.549,0.29));
#2622 = VECTOR('',#2623,1.);
#2623 = DIRECTION('',(-1.,2.22044604925E-16,0.));
#2624 = CARTESIAN_POINT('',(1.054,-1.549,0.29));
#2625 = CARTESIAN_POINT('',(-1.054,-1.549,0.29));
#2626 = GEOMETRIC_CURVE_SET('',(#2627));
#2627 = TRIMMED_CURVE('',#2628,(#2632,PARAMETER_VALUE(0.)),(#2633,
    PARAMETER_VALUE(0.408065965033)),.T.,.PARAMETER.);
#2628 = LINE('',#2629,#2630);
#2629 = CARTESIAN_POINT('',(-1.054,-1.549,0.29));
#2630 = VECTOR('',#2631,1.);
#2631 = DIRECTION('',(0.497973110178,0.497973110178,-0.709961663105));
#2632 = CARTESIAN_POINT('',(-1.054,-1.549,0.29));
#2633 = CARTESIAN_POINT('',(-0.851,-1.346,0.));
#2634 = GEOMETRIC_CURVE_SET('',(#2635));
#2635 = TRIMMED_CURVE('',#2636,(#2640,PARAMETER_VALUE(0.)),(#2641,
    PARAMETER_VALUE(2.692)),.T.,.PARAMETER.);
#2636 = LINE('',#2637,#2638);
#2637 = CARTESIAN_POINT('',(0.851,1.346,0.));
#2638 = VECTOR('',#2639,1.);
#2639 = DIRECTION('',(-2.22044604925E-16,-1.,0.));
#2640 = CARTESIAN_POINT('',(0.851,1.346,0.));
#2641 = CARTESIAN_POINT('',(0.851,-1.346,0.));
#2642 = GEOMETRIC_CURVE_SET('',(#2643));
#2643 = TRIMMED_CURVE('',#2644,(#2648,PARAMETER_VALUE(0.)),(#2649,
    PARAMETER_VALUE(0.408065965033)),.T.,.PARAMETER.);
#2644 = LINE('',#2645,#2646);
#2645 = CARTESIAN_POINT('',(1.054,1.549,0.29));
#2646 = VECTOR('',#2647,1.);
#2647 = DIRECTION('',(-0.497973110178,-0.497973110178,-0.709961663105));
#2648 = CARTESIAN_POINT('',(1.054,1.549,0.29));
#2649 = CARTESIAN_POINT('',(0.851,1.346,0.));
#2650 = GEOMETRIC_CURVE_SET('',(#2651));
#2651 = TRIMMED_CURVE('',#2652,(#2656,PARAMETER_VALUE(0.)),(#2657,
    PARAMETER_VALUE(3.098)),.T.,.PARAMETER.);
#2652 = LINE('',#2653,#2654);
#2653 = CARTESIAN_POINT('',(1.054,1.549,0.29));
#2654 = VECTOR('',#2655,1.);
#2655 = DIRECTION('',(-2.22044604925E-16,-1.,0.));
#2656 = CARTESIAN_POINT('',(1.054,1.549,0.29));
#2657 = CARTESIAN_POINT('',(1.054,-1.549,0.29));
#2658 = GEOMETRIC_CURVE_SET('',(#2659));
#2659 = TRIMMED_CURVE('',#2660,(#2664,PARAMETER_VALUE(0.)),(#2665,
    PARAMETER_VALUE(0.408065965033)),.T.,.PARAMETER.);
#2660 = LINE('',#2661,#2662);
#2661 = CARTESIAN_POINT('',(1.054,-1.549,0.29));
#2662 = VECTOR('',#2663,1.);
#2663 = DIRECTION('',(-0.497973110178,0.497973110178,-0.709961663105));
#2664 = CARTESIAN_POINT('',(1.054,-1.549,0.29));
#2665 = CARTESIAN_POINT('',(0.851,-1.346,0.));
#2666 = GEOMETRIC_CURVE_SET('',(#2667));
#2667 = TRIMMED_CURVE('',#2668,(#2672,PARAMETER_VALUE(0.)),(#2673,
    PARAMETER_VALUE(1.702)),.T.,.PARAMETER.);
#2668 = LINE('',#2669,#2670);
#2669 = CARTESIAN_POINT('',(-0.851,1.346,0.));
#2670 = VECTOR('',#2671,1.);
#2671 = DIRECTION('',(1.,-2.22044604925E-16,0.));
#2672 = CARTESIAN_POINT('',(-0.851,1.346,0.));
#2673 = CARTESIAN_POINT('',(0.851,1.346,0.));
#2674 = GEOMETRIC_CURVE_SET('',(#2675));
#2675 = TRIMMED_CURVE('',#2676,(#2680,PARAMETER_VALUE(0.)),(#2681,
    PARAMETER_VALUE(0.408065965033)),.T.,.PARAMETER.);
#2676 = LINE('',#2677,#2678);
#2677 = CARTESIAN_POINT('',(-0.851,1.346,0.));
#2678 = VECTOR('',#2679,1.);
#2679 = DIRECTION('',(-0.497973110178,0.497973110178,0.709961663105));
#2680 = CARTESIAN_POINT('',(-0.851,1.346,0.));
#2681 = CARTESIAN_POINT('',(-1.054,1.549,0.29));
#2682 = GEOMETRIC_CURVE_SET('',(#2683));
#2683 = TRIMMED_CURVE('',#2684,(#2688,PARAMETER_VALUE(0.)),(#2689,
    PARAMETER_VALUE(2.108)),.T.,.PARAMETER.);
#2684 = LINE('',#2685,#2686);
#2685 = CARTESIAN_POINT('',(-1.054,1.549,0.29));
#2686 = VECTOR('',#2687,1.);
#2687 = DIRECTION('',(1.,-2.22044604925E-16,0.));
#2688 = CARTESIAN_POINT('',(-1.054,1.549,0.29));
#2689 = CARTESIAN_POINT('',(1.054,1.549,0.29));
#2690 = GEOMETRIC_CURVE_SET('',(#2691));
#2691 = TRIMMED_CURVE('',#2692,(#2696,PARAMETER_VALUE(0.)),(#2697,
    PARAMETER_VALUE(0.408065965033)),.T.,.PARAMETER.);
#2692 = LINE('',#2693,#2694);
#2693 = CARTESIAN_POINT('',(1.054,1.549,0.29));
#2694 = VECTOR('',#2695,1.);
#2695 = DIRECTION('',(-0.497973110178,-0.497973110178,-0.709961663105));
#2696 = CARTESIAN_POINT('',(1.054,1.549,0.29));
#2697 = CARTESIAN_POINT('',(0.851,1.346,0.));
#2698 = GEOMETRIC_CURVE_SET('',(#2699));
#2699 = TRIMMED_CURVE('',#2700,(#2704,PARAMETER_VALUE(0.)),(#2705,
    PARAMETER_VALUE(2.692)),.T.,.PARAMETER.);
#2700 = LINE('',#2701,#2702);
#2701 = CARTESIAN_POINT('',(0.851,1.346,0.));
#2702 = VECTOR('',#2703,1.);
#2703 = DIRECTION('',(-2.22044604925E-16,-1.,0.));
#2704 = CARTESIAN_POINT('',(0.851,1.346,0.));
#2705 = CARTESIAN_POINT('',(0.851,-1.346,0.));
#2706 = GEOMETRIC_CURVE_SET('',(#2707));
#2707 = TRIMMED_CURVE('',#2708,(#2712,PARAMETER_VALUE(0.)),(#2713,
    PARAMETER_VALUE(1.702)),.T.,.PARAMETER.);
#2708 = LINE('',#2709,#2710);
#2709 = CARTESIAN_POINT('',(0.851,-1.346,0.));
#2710 = VECTOR('',#2711,1.);
#2711 = DIRECTION('',(-1.,2.22044604925E-16,0.));
#2712 = CARTESIAN_POINT('',(0.851,-1.346,0.));
#2713 = CARTESIAN_POINT('',(-0.851,-1.346,0.));
#2714 = GEOMETRIC_CURVE_SET('',(#2715));
#2715 = TRIMMED_CURVE('',#2716,(#2720,PARAMETER_VALUE(0.)),(#2721,
    PARAMETER_VALUE(2.692)),.T.,.PARAMETER.);
#2716 = LINE('',#2717,#2718);
#2717 = CARTESIAN_POINT('',(-0.851,-1.346,0.));
#2718 = VECTOR('',#2719,1.);
#2719 = DIRECTION('',(2.22044604925E-16,1.,0.));
#2720 = CARTESIAN_POINT('',(-0.851,-1.346,0.));
#2721 = CARTESIAN_POINT('',(-0.851,1.346,0.));
#2722 = GEOMETRIC_CURVE_SET('',(#2723));
#2723 = TRIMMED_CURVE('',#2724,(#2728,PARAMETER_VALUE(0.)),(#2729,
    PARAMETER_VALUE(1.702)),.T.,.PARAMETER.);
#2724 = LINE('',#2725,#2726);
#2725 = CARTESIAN_POINT('',(-0.851,1.346,0.));
#2726 = VECTOR('',#2727,1.);
#2727 = DIRECTION('',(1.,-2.22044604925E-16,0.));
#2728 = CARTESIAN_POINT('',(-0.851,1.346,0.));
#2729 = CARTESIAN_POINT('',(0.851,1.346,0.));
#2730 = GEOMETRIC_CURVE_SET('',(#2731));
#2731 = TRIMMED_CURVE('',#2732,(#2736,PARAMETER_VALUE(0.)),(#2737,
    PARAMETER_VALUE(0.508)),.T.,.PARAMETER.);
#2732 = LINE('',#2733,#2734);
#2733 = CARTESIAN_POINT('',(-1.054,-0.696,0.448));
#2734 = VECTOR('',#2735,1.);
#2735 = DIRECTION('',(-2.22044604925E-16,-1.,0.));
#2736 = CARTESIAN_POINT('',(-1.054,-0.696,0.448));
#2737 = CARTESIAN_POINT('',(-1.054,-1.204,0.448));
#2738 = GEOMETRIC_CURVE_SET('',(#2739));
#2739 = TRIMMED_CURVE('',#2740,(#2744,PARAMETER_VALUE(0.)),(#2745,
    PARAMETER_VALUE(0.111)),.T.,.PARAMETER.);
#2740 = LINE('',#2741,#2742);
#2741 = CARTESIAN_POINT('',(-1.054,-0.696,0.559));
#2742 = VECTOR('',#2743,1.);
#2743 = DIRECTION('',(0.,-0.,-1.));
#2744 = CARTESIAN_POINT('',(-1.054,-0.696,0.559));
#2745 = CARTESIAN_POINT('',(-1.054,-0.696,0.448));
#2746 = GEOMETRIC_CURVE_SET('',(#2747));
#2747 = TRIMMED_CURVE('',#2748,(#2752,PARAMETER_VALUE(0.)),(#2753,
    PARAMETER_VALUE(0.508)),.T.,.PARAMETER.);
#2748 = LINE('',#2749,#2750);
#2749 = CARTESIAN_POINT('',(-1.054,-1.204,0.559));
#2750 = VECTOR('',#2751,1.);
#2751 = DIRECTION('',(2.22044604925E-16,1.,0.));
#2752 = CARTESIAN_POINT('',(-1.054,-1.204,0.559));
#2753 = CARTESIAN_POINT('',(-1.054,-0.696,0.559));
#2754 = GEOMETRIC_CURVE_SET('',(#2755));
#2755 = TRIMMED_CURVE('',#2756,(#2760,PARAMETER_VALUE(0.)),(#2761,
    PARAMETER_VALUE(0.111)),.T.,.PARAMETER.);
#2756 = LINE('',#2757,#2758);
#2757 = CARTESIAN_POINT('',(-1.054,-1.204,0.448));
#2758 = VECTOR('',#2759,1.);
#2759 = DIRECTION('',(0.,0.,1.));
#2760 = CARTESIAN_POINT('',(-1.054,-1.204,0.448));
#2761 = CARTESIAN_POINT('',(-1.054,-1.204,0.559));
#2762 = GEOMETRIC_CURVE_SET('',(#2763));
#2763 = TRIMMED_CURVE('',#2764,(#2768,PARAMETER_VALUE(0.)),(#2769,
    PARAMETER_VALUE(0.508)),.T.,.PARAMETER.);
#2764 = LINE('',#2765,#2766);
#2765 = CARTESIAN_POINT('',(-1.054,-1.204,0.559));
#2766 = VECTOR('',#2767,1.);
#2767 = DIRECTION('',(2.22044604925E-16,1.,0.));
#2768 = CARTESIAN_POINT('',(-1.054,-1.204,0.559));
#2769 = CARTESIAN_POINT('',(-1.054,-0.696,0.559));
#2770 = GEOMETRIC_CURVE_SET('',(#2771));
#2771 = TRIMMED_CURVE('',#2772,(#2776,PARAMETER_VALUE(0.)),(#2777,
    PARAMETER_VALUE(3.4E-02)),.T.,.PARAMETER.);
#2772 = LINE('',#2773,#2774);
#2773 = CARTESIAN_POINT('',(-1.088,-0.696,0.559));
#2774 = VECTOR('',#2775,1.);
#2775 = DIRECTION('',(1.,-2.22044604925E-16,0.));
#2776 = CARTESIAN_POINT('',(-1.088,-0.696,0.559));
#2777 = CARTESIAN_POINT('',(-1.054,-0.696,0.559));
#2778 = GEOMETRIC_CURVE_SET('',(#2779));
#2779 = TRIMMED_CURVE('',#2780,(#2784,PARAMETER_VALUE(0.)),(#2785,
    PARAMETER_VALUE(0.508)),.T.,.PARAMETER.);
#2780 = LINE('',#2781,#2782);
#2781 = CARTESIAN_POINT('',(-1.088,-1.204,0.559));
#2782 = VECTOR('',#2783,1.);
#2783 = DIRECTION('',(2.22044604925E-16,1.,0.));
#2784 = CARTESIAN_POINT('',(-1.088,-1.204,0.559));
#2785 = CARTESIAN_POINT('',(-1.088,-0.696,0.559));
#2786 = GEOMETRIC_CURVE_SET('',(#2787));
#2787 = TRIMMED_CURVE('',#2788,(#2792,PARAMETER_VALUE(0.)),(#2793,
    PARAMETER_VALUE(3.4E-02)),.T.,.PARAMETER.);
#2788 = LINE('',#2789,#2790);
#2789 = CARTESIAN_POINT('',(-1.054,-1.204,0.559));
#2790 = VECTOR('',#2791,1.);
#2791 = DIRECTION('',(-1.,2.22044604925E-16,0.));
#2792 = CARTESIAN_POINT('',(-1.054,-1.204,0.559));
#2793 = CARTESIAN_POINT('',(-1.088,-1.204,0.559));
#2794 = GEOMETRIC_CURVE_SET('',(#2795));
#2795 = TRIMMED_CURVE('',#2796,(#2800,PARAMETER_VALUE(0.)),(#2801,
    PARAMETER_VALUE(0.508)),.T.,.PARAMETER.);
#2796 = LINE('',#2797,#2798);
#2797 = CARTESIAN_POINT('',(-1.054,-0.696,0.448));
#2798 = VECTOR('',#2799,1.);
#2799 = DIRECTION('',(-2.22044604925E-16,-1.,0.));
#2800 = CARTESIAN_POINT('',(-1.054,-0.696,0.448));
#2801 = CARTESIAN_POINT('',(-1.054,-1.204,0.448));
#2802 = GEOMETRIC_CURVE_SET('',(#2803));
#2803 = TRIMMED_CURVE('',#2804,(#2808,PARAMETER_VALUE(0.)),(#2809,
    PARAMETER_VALUE(3.4E-02)),.T.,.PARAMETER.);
#2804 = LINE('',#2805,#2806);
#2805 = CARTESIAN_POINT('',(-1.088,-1.204,0.448));
#2806 = VECTOR('',#2807,1.);
#2807 = DIRECTION('',(1.,-2.22044604925E-16,0.));
#2808 = CARTESIAN_POINT('',(-1.088,-1.204,0.448));
#2809 = CARTESIAN_POINT('',(-1.054,-1.204,0.448));
#2810 = GEOMETRIC_CURVE_SET('',(#2811));
#2811 = TRIMMED_CURVE('',#2812,(#2816,PARAMETER_VALUE(0.)),(#2817,
    PARAMETER_VALUE(0.508)),.T.,.PARAMETER.);
#2812 = LINE('',#2813,#2814);
#2813 = CARTESIAN_POINT('',(-1.088,-0.696,0.448));
#2814 = VECTOR('',#2815,1.);
#2815 = DIRECTION('',(-2.22044604925E-16,-1.,0.));
#2816 = CARTESIAN_POINT('',(-1.088,-0.696,0.448));
#2817 = CARTESIAN_POINT('',(-1.088,-1.204,0.448));
#2818 = GEOMETRIC_CURVE_SET('',(#2819));
#2819 = TRIMMED_CURVE('',#2820,(#2824,PARAMETER_VALUE(0.)),(#2825,
    PARAMETER_VALUE(3.4E-02)),.T.,.PARAMETER.);
#2820 = LINE('',#2821,#2822);
#2821 = CARTESIAN_POINT('',(-1.054,-0.696,0.448));
#2822 = VECTOR('',#2823,1.);
#2823 = DIRECTION('',(-1.,2.22044604925E-16,0.));
#2824 = CARTESIAN_POINT('',(-1.054,-0.696,0.448));
#2825 = CARTESIAN_POINT('',(-1.088,-0.696,0.448));
#2826 = GEOMETRIC_CURVE_SET('',(#2827));
#2827 = TRIMMED_CURVE('',#2828,(#2832,PARAMETER_VALUE(0.)),(#2833,
    PARAMETER_VALUE(0.508)),.T.,.PARAMETER.);
#2828 = LINE('',#2829,#2830);
#2829 = CARTESIAN_POINT('',(-1.357,-1.204,0.193));
#2830 = VECTOR('',#2831,1.);
#2831 = DIRECTION('',(2.22044604925E-16,1.,0.));
#2832 = CARTESIAN_POINT('',(-1.357,-1.204,0.193));
#2833 = CARTESIAN_POINT('',(-1.357,-0.696,0.193));
#2834 = GEOMETRIC_CURVE_SET('',(#2835));
#2835 = TRIMMED_CURVE('',#2836,(#2840,PARAMETER_VALUE(0.)),(#2841,
    PARAMETER_VALUE(0.208127338372)),.T.,.PARAMETER.);
#2836 = LINE('',#2837,#2838);
#2837 = CARTESIAN_POINT('',(-1.303,-1.204,0.394));
#2838 = VECTOR('',#2839,1.);
#2839 = DIRECTION('',(-0.258969313954,5.75027390047E-17,-0.965885549343)
  );
#2840 = CARTESIAN_POINT('',(-1.303,-1.204,0.394));
#2841 = CARTESIAN_POINT('',(-1.357,-1.204,0.193));
#2842 = GEOMETRIC_CURVE_SET('',(#2843));
#2843 = TRIMMED_CURVE('',#2844,(#2848,PARAMETER_VALUE(0.)),(#2849,
    PARAMETER_VALUE(0.508)),.T.,.PARAMETER.);
#2844 = LINE('',#2845,#2846);
#2845 = CARTESIAN_POINT('',(-1.303,-0.696,0.394));
#2846 = VECTOR('',#2847,1.);
#2847 = DIRECTION('',(-2.22044604925E-16,-1.,0.));
#2848 = CARTESIAN_POINT('',(-1.303,-0.696,0.394));
#2849 = CARTESIAN_POINT('',(-1.303,-1.204,0.394));
#2850 = GEOMETRIC_CURVE_SET('',(#2851));
#2851 = TRIMMED_CURVE('',#2852,(#2856,PARAMETER_VALUE(0.)),(#2857,
    PARAMETER_VALUE(0.208127338372)),.T.,.PARAMETER.);
#2852 = LINE('',#2853,#2854);
#2853 = CARTESIAN_POINT('',(-1.357,-0.696,0.193));
#2854 = VECTOR('',#2855,1.);
#2855 = DIRECTION('',(0.258969313954,-5.75027390047E-17,0.965885549343)
  );
#2856 = CARTESIAN_POINT('',(-1.357,-0.696,0.193));
#2857 = CARTESIAN_POINT('',(-1.303,-0.696,0.394));
#2858 = GEOMETRIC_CURVE_SET('',(#2859));
#2859 = TRIMMED_CURVE('',#2860,(#2864,PARAMETER_VALUE(0.)),(#2865,
    PARAMETER_VALUE(0.508)),.T.,.PARAMETER.);
#2860 = LINE('',#2861,#2862);
#2861 = CARTESIAN_POINT('',(-1.25,-0.696,0.165));
#2862 = VECTOR('',#2863,1.);
#2863 = DIRECTION('',(-2.22044604925E-16,-1.,0.));
#2864 = CARTESIAN_POINT('',(-1.25,-0.696,0.165));
#2865 = CARTESIAN_POINT('',(-1.25,-1.204,0.165));
#2866 = GEOMETRIC_CURVE_SET('',(#2867));
#2867 = TRIMMED_CURVE('',#2868,(#2872,PARAMETER_VALUE(0.)),(#2873,
    PARAMETER_VALUE(0.207161452822)),.T.,.PARAMETER.);
#2868 = LINE('',#2869,#2870);
#2869 = CARTESIAN_POINT('',(-1.196,-0.696,0.365));
#2870 = VECTOR('',#2871,1.);
#2871 = DIRECTION('',(-0.258969313954,5.75027390047E-17,-0.965885549343)
  );
#2872 = CARTESIAN_POINT('',(-1.196,-0.696,0.365));
#2873 = CARTESIAN_POINT('',(-1.25,-0.696,0.165));
#2874 = GEOMETRIC_CURVE_SET('',(#2875));
#2875 = TRIMMED_CURVE('',#2876,(#2880,PARAMETER_VALUE(0.)),(#2881,
    PARAMETER_VALUE(0.508)),.T.,.PARAMETER.);
#2876 = LINE('',#2877,#2878);
#2877 = CARTESIAN_POINT('',(-1.196,-1.204,0.365));
#2878 = VECTOR('',#2879,1.);
#2879 = DIRECTION('',(2.22044604925E-16,1.,0.));
#2880 = CARTESIAN_POINT('',(-1.196,-1.204,0.365));
#2881 = CARTESIAN_POINT('',(-1.196,-0.696,0.365));
#2882 = GEOMETRIC_CURVE_SET('',(#2883));
#2883 = TRIMMED_CURVE('',#2884,(#2888,PARAMETER_VALUE(0.)),(#2889,
    PARAMETER_VALUE(0.207161452822)),.T.,.PARAMETER.);
#2884 = LINE('',#2885,#2886);
#2885 = CARTESIAN_POINT('',(-1.25,-1.204,0.165));
#2886 = VECTOR('',#2887,1.);
#2887 = DIRECTION('',(0.258969313954,-5.75027390047E-17,0.965885549343)
  );
#2888 = CARTESIAN_POINT('',(-1.25,-1.204,0.165));
#2889 = CARTESIAN_POINT('',(-1.196,-1.204,0.365));
#2890 = GEOMETRIC_CURVE_SET('',(#2891));
#2891 = TRIMMED_CURVE('',#2892,(#2896,PARAMETER_VALUE(0.)),(#2897,
    PARAMETER_VALUE(0.508)),.T.,.PARAMETER.);
#2892 = LINE('',#2893,#2894);
#2893 = CARTESIAN_POINT('',(-1.499,-1.204,0.111));
#2894 = VECTOR('',#2895,1.);
#2895 = DIRECTION('',(2.22044604925E-16,1.,0.));
#2896 = CARTESIAN_POINT('',(-1.499,-1.204,0.111));
#2897 = CARTESIAN_POINT('',(-1.499,-0.696,0.111));
#2898 = GEOMETRIC_CURVE_SET('',(#2899));
#2899 = TRIMMED_CURVE('',#2900,(#2904,PARAMETER_VALUE(0.)),(#2905,
    PARAMETER_VALUE(3.5E-02)),.T.,.PARAMETER.);
#2900 = LINE('',#2901,#2902);
#2901 = CARTESIAN_POINT('',(-1.464,-1.204,0.111));
#2902 = VECTOR('',#2903,1.);
#2903 = DIRECTION('',(-1.,2.22044604925E-16,0.));
#2904 = CARTESIAN_POINT('',(-1.464,-1.204,0.111));
#2905 = CARTESIAN_POINT('',(-1.499,-1.204,0.111));
#2906 = GEOMETRIC_CURVE_SET('',(#2907));
#2907 = TRIMMED_CURVE('',#2908,(#2912,PARAMETER_VALUE(0.)),(#2913,
    PARAMETER_VALUE(0.508)),.T.,.PARAMETER.);
#2908 = LINE('',#2909,#2910);
#2909 = CARTESIAN_POINT('',(-1.464,-0.696,0.111));
#2910 = VECTOR('',#2911,1.);
#2911 = DIRECTION('',(-2.22044604925E-16,-1.,0.));
#2912 = CARTESIAN_POINT('',(-1.464,-0.696,0.111));
#2913 = CARTESIAN_POINT('',(-1.464,-1.204,0.111));
#2914 = GEOMETRIC_CURVE_SET('',(#2915));
#2915 = TRIMMED_CURVE('',#2916,(#2920,PARAMETER_VALUE(0.)),(#2921,
    PARAMETER_VALUE(3.5E-02)),.T.,.PARAMETER.);
#2916 = LINE('',#2917,#2918);
#2917 = CARTESIAN_POINT('',(-1.499,-0.696,0.111));
#2918 = VECTOR('',#2919,1.);
#2919 = DIRECTION('',(1.,-2.22044604925E-16,0.));
#2920 = CARTESIAN_POINT('',(-1.499,-0.696,0.111));
#2921 = CARTESIAN_POINT('',(-1.464,-0.696,0.111));
#2922 = GEOMETRIC_CURVE_SET('',(#2923));
#2923 = TRIMMED_CURVE('',#2924,(#2928,PARAMETER_VALUE(0.)),(#2929,
    PARAMETER_VALUE(0.508)),.T.,.PARAMETER.);
#2924 = LINE('',#2925,#2926);
#2925 = CARTESIAN_POINT('',(-1.464,-1.204,0.));
#2926 = VECTOR('',#2927,1.);
#2927 = DIRECTION('',(2.22044604925E-16,1.,0.));
#2928 = CARTESIAN_POINT('',(-1.464,-1.204,0.));
#2929 = CARTESIAN_POINT('',(-1.464,-0.696,0.));
#2930 = GEOMETRIC_CURVE_SET('',(#2931));
#2931 = TRIMMED_CURVE('',#2932,(#2936,PARAMETER_VALUE(0.)),(#2937,
    PARAMETER_VALUE(3.5E-02)),.T.,.PARAMETER.);
#2932 = LINE('',#2933,#2934);
#2933 = CARTESIAN_POINT('',(-1.499,-1.204,0.));
#2934 = VECTOR('',#2935,1.);
#2935 = DIRECTION('',(1.,-2.22044604925E-16,0.));
#2936 = CARTESIAN_POINT('',(-1.499,-1.204,0.));
#2937 = CARTESIAN_POINT('',(-1.464,-1.204,0.));
#2938 = GEOMETRIC_CURVE_SET('',(#2939));
#2939 = TRIMMED_CURVE('',#2940,(#2944,PARAMETER_VALUE(0.)),(#2945,
    PARAMETER_VALUE(0.508)),.T.,.PARAMETER.);
#2940 = LINE('',#2941,#2942);
#2941 = CARTESIAN_POINT('',(-1.499,-0.696,0.));
#2942 = VECTOR('',#2943,1.);
#2943 = DIRECTION('',(-2.22044604925E-16,-1.,0.));
#2944 = CARTESIAN_POINT('',(-1.499,-0.696,0.));
#2945 = CARTESIAN_POINT('',(-1.499,-1.204,0.));
#2946 = GEOMETRIC_CURVE_SET('',(#2947));
#2947 = TRIMMED_CURVE('',#2948,(#2952,PARAMETER_VALUE(0.)),(#2953,
    PARAMETER_VALUE(3.5E-02)),.T.,.PARAMETER.);
#2948 = LINE('',#2949,#2950);
#2949 = CARTESIAN_POINT('',(-1.464,-0.696,0.));
#2950 = VECTOR('',#2951,1.);
#2951 = DIRECTION('',(-1.,2.22044604925E-16,0.));
#2952 = CARTESIAN_POINT('',(-1.464,-0.696,0.));
#2953 = CARTESIAN_POINT('',(-1.499,-0.696,0.));
#2954 = GEOMETRIC_CURVE_SET('',(#2955));
#2955 = TRIMMED_CURVE('',#2956,(#2960,PARAMETER_VALUE(0.)),(#2961,
    PARAMETER_VALUE(0.508)),.T.,.PARAMETER.);
#2956 = LINE('',#2957,#2958);
#2957 = CARTESIAN_POINT('',(-1.499,-0.696,0.));
#2958 = VECTOR('',#2959,1.);
#2959 = DIRECTION('',(-2.22044604925E-16,-1.,0.));
#2960 = CARTESIAN_POINT('',(-1.499,-0.696,0.));
#2961 = CARTESIAN_POINT('',(-1.499,-1.204,0.));
#2962 = GEOMETRIC_CURVE_SET('',(#2963));
#2963 = TRIMMED_CURVE('',#2964,(#2968,PARAMETER_VALUE(0.)),(#2969,
    PARAMETER_VALUE(0.111)),.T.,.PARAMETER.);
#2964 = LINE('',#2965,#2966);
#2965 = CARTESIAN_POINT('',(-1.499,-1.204,0.111));
#2966 = VECTOR('',#2967,1.);
#2967 = DIRECTION('',(0.,-0.,-1.));
#2968 = CARTESIAN_POINT('',(-1.499,-1.204,0.111));
#2969 = CARTESIAN_POINT('',(-1.499,-1.204,0.));
#2970 = GEOMETRIC_CURVE_SET('',(#2971));
#2971 = TRIMMED_CURVE('',#2972,(#2976,PARAMETER_VALUE(0.)),(#2977,
    PARAMETER_VALUE(0.508)),.T.,.PARAMETER.);
#2972 = LINE('',#2973,#2974);
#2973 = CARTESIAN_POINT('',(-1.499,-1.204,0.111));
#2974 = VECTOR('',#2975,1.);
#2975 = DIRECTION('',(2.22044604925E-16,1.,0.));
#2976 = CARTESIAN_POINT('',(-1.499,-1.204,0.111));
#2977 = CARTESIAN_POINT('',(-1.499,-0.696,0.111));
#2978 = GEOMETRIC_CURVE_SET('',(#2979));
#2979 = TRIMMED_CURVE('',#2980,(#2984,PARAMETER_VALUE(0.)),(#2985,
    PARAMETER_VALUE(0.111)),.T.,.PARAMETER.);
#2980 = LINE('',#2981,#2982);
#2981 = CARTESIAN_POINT('',(-1.499,-0.696,0.));
#2982 = VECTOR('',#2983,1.);
#2983 = DIRECTION('',(0.,0.,1.));
#2984 = CARTESIAN_POINT('',(-1.499,-0.696,0.));
#2985 = CARTESIAN_POINT('',(-1.499,-0.696,0.111));
#2986 = GEOMETRIC_CURVE_SET('',(#2987));
#2987 = TRIMMED_CURVE('',#2988,(#2992,PARAMETER_VALUE(0.)),(#2993,
    PARAMETER_VALUE(0.508)),.T.,.PARAMETER.);
#2988 = LINE('',#2989,#2990);
#2989 = CARTESIAN_POINT('',(-1.088,-1.204,0.559));
#2990 = VECTOR('',#2991,1.);
#2991 = DIRECTION('',(2.22044604925E-16,1.,0.));
#2992 = CARTESIAN_POINT('',(-1.088,-1.204,0.559));
#2993 = CARTESIAN_POINT('',(-1.088,-0.696,0.559));
#2994 = GEOMETRIC_CURVE_SET('',(#2995));
#2995 = TRIMMED_CURVE('',#2996,(#3001,PARAMETER_VALUE(4.055649925275)),(
    #3002,PARAMETER_VALUE(5.367291875528)),.T.,.PARAMETER.);
#2996 = CIRCLE('',#2997,0.22225);
#2997 = AXIS2_PLACEMENT_3D('',#2998,#2999,#3000);
#2998 = CARTESIAN_POINT('',(-1.088,-0.696,0.337));
#2999 = DIRECTION('',(2.22044604925E-16,1.,-3.534288332893E-33));
#3000 = DIRECTION('',(0.793107076684,-1.761051475054E-16,0.609082231652)
  );
#3001 = CARTESIAN_POINT('',(-1.303,-0.696,0.394));
#3002 = CARTESIAN_POINT('',(-1.088,-0.696,0.559));
#3003 = GEOMETRIC_CURVE_SET('',(#3004));
#3004 = TRIMMED_CURVE('',#3005,(#3009,PARAMETER_VALUE(0.)),(#3010,
    PARAMETER_VALUE(0.508)),.T.,.PARAMETER.);
#3005 = LINE('',#3006,#3007);
#3006 = CARTESIAN_POINT('',(-1.303,-0.696,0.394));
#3007 = VECTOR('',#3008,1.);
#3008 = DIRECTION('',(-2.22044604925E-16,-1.,0.));
#3009 = CARTESIAN_POINT('',(-1.303,-0.696,0.394));
#3010 = CARTESIAN_POINT('',(-1.303,-1.204,0.394));
#3011 = GEOMETRIC_CURVE_SET('',(#3012));
#3012 = TRIMMED_CURVE('',#3013,(#3018,PARAMETER_VALUE(4.057486085241)),(
    #3019,PARAMETER_VALUE(5.369128035494)),.T.,.PARAMETER.);
#3013 = CIRCLE('',#3014,0.22225);
#3014 = AXIS2_PLACEMENT_3D('',#3015,#3016,#3017);
#3015 = CARTESIAN_POINT('',(-1.088,-1.204,0.337));
#3016 = DIRECTION('',(-2.22044604925E-16,-1.,3.534288332893E-33));
#3017 = DIRECTION('',(-0.793107076684,1.761051475054E-16,-0.609082231652
    ));
#3018 = CARTESIAN_POINT('',(-1.088,-1.204,0.559));
#3019 = CARTESIAN_POINT('',(-1.303,-1.204,0.394));
#3020 = GEOMETRIC_CURVE_SET('',(#3021));
#3021 = TRIMMED_CURVE('',#3022,(#3027,PARAMETER_VALUE(4.057486085241)),(
    #3028,PARAMETER_VALUE(5.374608315897)),.T.,.PARAMETER.);
#3022 = CIRCLE('',#3023,0.111125);
#3023 = AXIS2_PLACEMENT_3D('',#3024,#3025,#3026);
#3024 = CARTESIAN_POINT('',(-1.088,-0.696,0.337));
#3025 = DIRECTION('',(-2.22044604925E-16,-1.,3.534288332893E-33));
#3026 = DIRECTION('',(-0.793107076684,1.761051475054E-16,-0.609082231652
    ));
#3027 = CARTESIAN_POINT('',(-1.088,-0.696,0.448));
#3028 = CARTESIAN_POINT('',(-1.196,-0.696,0.365));
#3029 = GEOMETRIC_CURVE_SET('',(#3030));
#3030 = TRIMMED_CURVE('',#3031,(#3035,PARAMETER_VALUE(0.)),(#3036,
    PARAMETER_VALUE(0.508)),.T.,.PARAMETER.);
#3031 = LINE('',#3032,#3033);
#3032 = CARTESIAN_POINT('',(-1.196,-1.204,0.365));
#3033 = VECTOR('',#3034,1.);
#3034 = DIRECTION('',(2.22044604925E-16,1.,0.));
#3035 = CARTESIAN_POINT('',(-1.196,-1.204,0.365));
#3036 = CARTESIAN_POINT('',(-1.196,-0.696,0.365));
#3037 = GEOMETRIC_CURVE_SET('',(#3038));
#3038 = TRIMMED_CURVE('',#3039,(#3044,PARAMETER_VALUE(4.050169644872)),(
    #3045,PARAMETER_VALUE(5.367291875528)),.T.,.PARAMETER.);
#3039 = CIRCLE('',#3040,0.111125);
#3040 = AXIS2_PLACEMENT_3D('',#3041,#3042,#3043);
#3041 = CARTESIAN_POINT('',(-1.088,-1.204,0.337));
#3042 = DIRECTION('',(2.22044604925E-16,1.,-3.534288332893E-33));
#3043 = DIRECTION('',(0.793107076684,-1.761051475054E-16,0.609082231652)
  );
#3044 = CARTESIAN_POINT('',(-1.196,-1.204,0.365));
#3045 = CARTESIAN_POINT('',(-1.088,-1.204,0.448));
#3046 = GEOMETRIC_CURVE_SET('',(#3047));
#3047 = TRIMMED_CURVE('',#3048,(#3052,PARAMETER_VALUE(0.)),(#3053,
    PARAMETER_VALUE(0.508)),.T.,.PARAMETER.);
#3048 = LINE('',#3049,#3050);
#3049 = CARTESIAN_POINT('',(-1.088,-0.696,0.448));
#3050 = VECTOR('',#3051,1.);
#3051 = DIRECTION('',(-2.22044604925E-16,-1.,0.));
#3052 = CARTESIAN_POINT('',(-1.088,-0.696,0.448));
#3053 = CARTESIAN_POINT('',(-1.088,-1.204,0.448));
#3054 = GEOMETRIC_CURVE_SET('',(#3055));
#3055 = TRIMMED_CURVE('',#3056,(#3061,PARAMETER_VALUE(4.057486085241)),(
    #3062,PARAMETER_VALUE(5.363612640046)),.T.,.PARAMETER.);
#3056 = CIRCLE('',#3057,0.111125);
#3057 = AXIS2_PLACEMENT_3D('',#3058,#3059,#3060);
#3058 = CARTESIAN_POINT('',(-1.464,-0.696,0.222));
#3059 = DIRECTION('',(-2.22044604925E-16,-1.,3.534288332893E-33));
#3060 = DIRECTION('',(0.793107076684,-1.761051475054E-16,0.609082231652)
  );
#3061 = CARTESIAN_POINT('',(-1.464,-0.696,0.111));
#3062 = CARTESIAN_POINT('',(-1.357,-0.696,0.193));
#3063 = GEOMETRIC_CURVE_SET('',(#3064));
#3064 = TRIMMED_CURVE('',#3065,(#3069,PARAMETER_VALUE(0.)),(#3070,
    PARAMETER_VALUE(0.508)),.T.,.PARAMETER.);
#3065 = LINE('',#3066,#3067);
#3066 = CARTESIAN_POINT('',(-1.357,-1.204,0.193));
#3067 = VECTOR('',#3068,1.);
#3068 = DIRECTION('',(2.22044604925E-16,1.,0.));
#3069 = CARTESIAN_POINT('',(-1.357,-1.204,0.193));
#3070 = CARTESIAN_POINT('',(-1.357,-0.696,0.193));
#3071 = GEOMETRIC_CURVE_SET('',(#3072));
#3072 = TRIMMED_CURVE('',#3073,(#3078,PARAMETER_VALUE(4.061165320724)),(
    #3079,PARAMETER_VALUE(5.367291875528)),.T.,.PARAMETER.);
#3073 = CIRCLE('',#3074,0.111125);
#3074 = AXIS2_PLACEMENT_3D('',#3075,#3076,#3077);
#3075 = CARTESIAN_POINT('',(-1.464,-1.204,0.222));
#3076 = DIRECTION('',(2.22044604925E-16,1.,-3.534288332893E-33));
#3077 = DIRECTION('',(-0.793107076684,1.761051475054E-16,-0.609082231652
    ));
#3078 = CARTESIAN_POINT('',(-1.357,-1.204,0.193));
#3079 = CARTESIAN_POINT('',(-1.464,-1.204,0.111));
#3080 = GEOMETRIC_CURVE_SET('',(#3081));
#3081 = TRIMMED_CURVE('',#3082,(#3086,PARAMETER_VALUE(0.)),(#3087,
    PARAMETER_VALUE(0.508)),.T.,.PARAMETER.);
#3082 = LINE('',#3083,#3084);
#3083 = CARTESIAN_POINT('',(-1.464,-0.696,0.111));
#3084 = VECTOR('',#3085,1.);
#3085 = DIRECTION('',(-2.22044604925E-16,-1.,0.));
#3086 = CARTESIAN_POINT('',(-1.464,-0.696,0.111));
#3087 = CARTESIAN_POINT('',(-1.464,-1.204,0.111));
#3088 = GEOMETRIC_CURVE_SET('',(#3089));
#3089 = TRIMMED_CURVE('',#3090,(#3094,PARAMETER_VALUE(0.)),(#3095,
    PARAMETER_VALUE(0.508)),.T.,.PARAMETER.);
#3090 = LINE('',#3091,#3092);
#3091 = CARTESIAN_POINT('',(-1.464,-1.204,0.));
#3092 = VECTOR('',#3093,1.);
#3093 = DIRECTION('',(2.22044604925E-16,1.,0.));
#3094 = CARTESIAN_POINT('',(-1.464,-1.204,0.));
#3095 = CARTESIAN_POINT('',(-1.464,-0.696,0.));
#3096 = GEOMETRIC_CURVE_SET('',(#3097));
#3097 = TRIMMED_CURVE('',#3098,(#3103,PARAMETER_VALUE(4.056807073706)),(
    #3104,PARAMETER_VALUE(5.367291875528)),.T.,.PARAMETER.);
#3098 = CIRCLE('',#3099,0.22225);
#3099 = AXIS2_PLACEMENT_3D('',#3100,#3101,#3102);
#3100 = CARTESIAN_POINT('',(-1.464,-0.696,0.222));
#3101 = DIRECTION('',(2.22044604925E-16,1.,-3.534288332893E-33));
#3102 = DIRECTION('',(-0.793107076684,1.761051475054E-16,-0.609082231652
    ));
#3103 = CARTESIAN_POINT('',(-1.25,-0.696,0.165));
#3104 = CARTESIAN_POINT('',(-1.464,-0.696,0.));
#3105 = GEOMETRIC_CURVE_SET('',(#3106));
#3106 = TRIMMED_CURVE('',#3107,(#3111,PARAMETER_VALUE(0.)),(#3112,
    PARAMETER_VALUE(0.508)),.T.,.PARAMETER.);
#3107 = LINE('',#3108,#3109);
#3108 = CARTESIAN_POINT('',(-1.25,-0.696,0.165));
#3109 = VECTOR('',#3110,1.);
#3110 = DIRECTION('',(-2.22044604925E-16,-1.,0.));
#3111 = CARTESIAN_POINT('',(-1.25,-0.696,0.165));
#3112 = CARTESIAN_POINT('',(-1.25,-1.204,0.165));
#3113 = GEOMETRIC_CURVE_SET('',(#3114));
#3114 = TRIMMED_CURVE('',#3115,(#3120,PARAMETER_VALUE(4.057486085241)),(
    #3121,PARAMETER_VALUE(5.367970887064)),.T.,.PARAMETER.);
#3115 = CIRCLE('',#3116,0.22225);
#3116 = AXIS2_PLACEMENT_3D('',#3117,#3118,#3119);
#3117 = CARTESIAN_POINT('',(-1.464,-1.204,0.222));
#3118 = DIRECTION('',(-2.22044604925E-16,-1.,3.534288332893E-33));
#3119 = DIRECTION('',(0.793107076684,-1.761051475054E-16,0.609082231652)
  );
#3120 = CARTESIAN_POINT('',(-1.464,-1.204,0.));
#3121 = CARTESIAN_POINT('',(-1.25,-1.204,0.165));
#3122 = GEOMETRIC_CURVE_SET('',(#3123));
#3123 = TRIMMED_CURVE('',#3124,(#3128,PARAMETER_VALUE(0.)),(#3129,
    PARAMETER_VALUE(3.4E-02)),.T.,.PARAMETER.);
#3124 = LINE('',#3125,#3126);
#3125 = CARTESIAN_POINT('',(-1.088,-0.696,0.559));
#3126 = VECTOR('',#3127,1.);
#3127 = DIRECTION('',(1.,-2.22044604925E-16,0.));
#3128 = CARTESIAN_POINT('',(-1.088,-0.696,0.559));
#3129 = CARTESIAN_POINT('',(-1.054,-0.696,0.559));
#3130 = GEOMETRIC_CURVE_SET('',(#3131));
#3131 = TRIMMED_CURVE('',#3132,(#3136,PARAMETER_VALUE(0.)),(#3137,
    PARAMETER_VALUE(0.111)),.T.,.PARAMETER.);
#3132 = LINE('',#3133,#3134);
#3133 = CARTESIAN_POINT('',(-1.054,-0.696,0.559));
#3134 = VECTOR('',#3135,1.);
#3135 = DIRECTION('',(0.,-0.,-1.));
#3136 = CARTESIAN_POINT('',(-1.054,-0.696,0.559));
#3137 = CARTESIAN_POINT('',(-1.054,-0.696,0.448));
#3138 = GEOMETRIC_CURVE_SET('',(#3139));
#3139 = TRIMMED_CURVE('',#3140,(#3144,PARAMETER_VALUE(0.)),(#3145,
    PARAMETER_VALUE(3.4E-02)),.T.,.PARAMETER.);
#3140 = LINE('',#3141,#3142);
#3141 = CARTESIAN_POINT('',(-1.054,-0.696,0.448));
#3142 = VECTOR('',#3143,1.);
#3143 = DIRECTION('',(-1.,2.22044604925E-16,0.));
#3144 = CARTESIAN_POINT('',(-1.054,-0.696,0.448));
#3145 = CARTESIAN_POINT('',(-1.088,-0.696,0.448));
#3146 = GEOMETRIC_CURVE_SET('',(#3147));
#3147 = TRIMMED_CURVE('',#3148,(#3153,PARAMETER_VALUE(4.057486085241)),(
    #3154,PARAMETER_VALUE(5.374608315897)),.T.,.PARAMETER.);
#3148 = CIRCLE('',#3149,0.111125);
#3149 = AXIS2_PLACEMENT_3D('',#3150,#3151,#3152);
#3150 = CARTESIAN_POINT('',(-1.088,-0.696,0.337));
#3151 = DIRECTION('',(-2.22044604925E-16,-1.,3.534288332893E-33));
#3152 = DIRECTION('',(-0.793107076684,1.761051475054E-16,-0.609082231652
    ));
#3153 = CARTESIAN_POINT('',(-1.088,-0.696,0.448));
#3154 = CARTESIAN_POINT('',(-1.196,-0.696,0.365));
#3155 = GEOMETRIC_CURVE_SET('',(#3156));
#3156 = TRIMMED_CURVE('',#3157,(#3161,PARAMETER_VALUE(0.)),(#3162,
    PARAMETER_VALUE(0.207161452822)),.T.,.PARAMETER.);
#3157 = LINE('',#3158,#3159);
#3158 = CARTESIAN_POINT('',(-1.196,-0.696,0.365));
#3159 = VECTOR('',#3160,1.);
#3160 = DIRECTION('',(-0.258969313954,5.75027390047E-17,-0.965885549343)
  );
#3161 = CARTESIAN_POINT('',(-1.196,-0.696,0.365));
#3162 = CARTESIAN_POINT('',(-1.25,-0.696,0.165));
#3163 = GEOMETRIC_CURVE_SET('',(#3164));
#3164 = TRIMMED_CURVE('',#3165,(#3170,PARAMETER_VALUE(4.056807073706)),(
    #3171,PARAMETER_VALUE(5.367291875528)),.T.,.PARAMETER.);
#3165 = CIRCLE('',#3166,0.22225);
#3166 = AXIS2_PLACEMENT_3D('',#3167,#3168,#3169);
#3167 = CARTESIAN_POINT('',(-1.464,-0.696,0.222));
#3168 = DIRECTION('',(2.22044604925E-16,1.,-3.534288332893E-33));
#3169 = DIRECTION('',(-0.793107076684,1.761051475054E-16,-0.609082231652
    ));
#3170 = CARTESIAN_POINT('',(-1.25,-0.696,0.165));
#3171 = CARTESIAN_POINT('',(-1.464,-0.696,0.));
#3172 = GEOMETRIC_CURVE_SET('',(#3173));
#3173 = TRIMMED_CURVE('',#3174,(#3178,PARAMETER_VALUE(0.)),(#3179,
    PARAMETER_VALUE(3.5E-02)),.T.,.PARAMETER.);
#3174 = LINE('',#3175,#3176);
#3175 = CARTESIAN_POINT('',(-1.464,-0.696,0.));
#3176 = VECTOR('',#3177,1.);
#3177 = DIRECTION('',(-1.,2.22044604925E-16,0.));
#3178 = CARTESIAN_POINT('',(-1.464,-0.696,0.));
#3179 = CARTESIAN_POINT('',(-1.499,-0.696,0.));
#3180 = GEOMETRIC_CURVE_SET('',(#3181));
#3181 = TRIMMED_CURVE('',#3182,(#3186,PARAMETER_VALUE(0.)),(#3187,
    PARAMETER_VALUE(0.111)),.T.,.PARAMETER.);
#3182 = LINE('',#3183,#3184);
#3183 = CARTESIAN_POINT('',(-1.499,-0.696,0.));
#3184 = VECTOR('',#3185,1.);
#3185 = DIRECTION('',(0.,0.,1.));
#3186 = CARTESIAN_POINT('',(-1.499,-0.696,0.));
#3187 = CARTESIAN_POINT('',(-1.499,-0.696,0.111));
#3188 = GEOMETRIC_CURVE_SET('',(#3189));
#3189 = TRIMMED_CURVE('',#3190,(#3194,PARAMETER_VALUE(0.)),(#3195,
    PARAMETER_VALUE(3.5E-02)),.T.,.PARAMETER.);
#3190 = LINE('',#3191,#3192);
#3191 = CARTESIAN_POINT('',(-1.499,-0.696,0.111));
#3192 = VECTOR('',#3193,1.);
#3193 = DIRECTION('',(1.,-2.22044604925E-16,0.));
#3194 = CARTESIAN_POINT('',(-1.499,-0.696,0.111));
#3195 = CARTESIAN_POINT('',(-1.464,-0.696,0.111));
#3196 = GEOMETRIC_CURVE_SET('',(#3197));
#3197 = TRIMMED_CURVE('',#3198,(#3203,PARAMETER_VALUE(4.057486085241)),(
    #3204,PARAMETER_VALUE(5.363612640046)),.T.,.PARAMETER.);
#3198 = CIRCLE('',#3199,0.111125);
#3199 = AXIS2_PLACEMENT_3D('',#3200,#3201,#3202);
#3200 = CARTESIAN_POINT('',(-1.464,-0.696,0.222));
#3201 = DIRECTION('',(-2.22044604925E-16,-1.,3.534288332893E-33));
#3202 = DIRECTION('',(0.793107076684,-1.761051475054E-16,0.609082231652)
  );
#3203 = CARTESIAN_POINT('',(-1.464,-0.696,0.111));
#3204 = CARTESIAN_POINT('',(-1.357,-0.696,0.193));
#3205 = GEOMETRIC_CURVE_SET('',(#3206));
#3206 = TRIMMED_CURVE('',#3207,(#3211,PARAMETER_VALUE(0.)),(#3212,
    PARAMETER_VALUE(0.208127338372)),.T.,.PARAMETER.);
#3207 = LINE('',#3208,#3209);
#3208 = CARTESIAN_POINT('',(-1.357,-0.696,0.193));
#3209 = VECTOR('',#3210,1.);
#3210 = DIRECTION('',(0.258969313954,-5.75027390047E-17,0.965885549343)
  );
#3211 = CARTESIAN_POINT('',(-1.357,-0.696,0.193));
#3212 = CARTESIAN_POINT('',(-1.303,-0.696,0.394));
#3213 = GEOMETRIC_CURVE_SET('',(#3214));
#3214 = TRIMMED_CURVE('',#3215,(#3220,PARAMETER_VALUE(4.055649925275)),(
    #3221,PARAMETER_VALUE(5.367291875528)),.T.,.PARAMETER.);
#3215 = CIRCLE('',#3216,0.22225);
#3216 = AXIS2_PLACEMENT_3D('',#3217,#3218,#3219);
#3217 = CARTESIAN_POINT('',(-1.088,-0.696,0.337));
#3218 = DIRECTION('',(2.22044604925E-16,1.,-3.534288332893E-33));
#3219 = DIRECTION('',(0.793107076684,-1.761051475054E-16,0.609082231652)
  );
#3220 = CARTESIAN_POINT('',(-1.303,-0.696,0.394));
#3221 = CARTESIAN_POINT('',(-1.088,-0.696,0.559));
#3222 = GEOMETRIC_CURVE_SET('',(#3223));
#3223 = TRIMMED_CURVE('',#3224,(#3228,PARAMETER_VALUE(0.)),(#3229,
    PARAMETER_VALUE(3.4E-02)),.T.,.PARAMETER.);
#3224 = LINE('',#3225,#3226);
#3225 = CARTESIAN_POINT('',(-1.088,-1.204,0.448));
#3226 = VECTOR('',#3227,1.);
#3227 = DIRECTION('',(1.,-2.22044604925E-16,0.));
#3228 = CARTESIAN_POINT('',(-1.088,-1.204,0.448));
#3229 = CARTESIAN_POINT('',(-1.054,-1.204,0.448));
#3230 = GEOMETRIC_CURVE_SET('',(#3231));
#3231 = TRIMMED_CURVE('',#3232,(#3236,PARAMETER_VALUE(0.)),(#3237,
    PARAMETER_VALUE(0.111)),.T.,.PARAMETER.);
#3232 = LINE('',#3233,#3234);
#3233 = CARTESIAN_POINT('',(-1.054,-1.204,0.448));
#3234 = VECTOR('',#3235,1.);
#3235 = DIRECTION('',(0.,0.,1.));
#3236 = CARTESIAN_POINT('',(-1.054,-1.204,0.448));
#3237 = CARTESIAN_POINT('',(-1.054,-1.204,0.559));
#3238 = GEOMETRIC_CURVE_SET('',(#3239));
#3239 = TRIMMED_CURVE('',#3240,(#3244,PARAMETER_VALUE(0.)),(#3245,
    PARAMETER_VALUE(3.4E-02)),.T.,.PARAMETER.);
#3240 = LINE('',#3241,#3242);
#3241 = CARTESIAN_POINT('',(-1.054,-1.204,0.559));
#3242 = VECTOR('',#3243,1.);
#3243 = DIRECTION('',(-1.,2.22044604925E-16,0.));
#3244 = CARTESIAN_POINT('',(-1.054,-1.204,0.559));
#3245 = CARTESIAN_POINT('',(-1.088,-1.204,0.559));
#3246 = GEOMETRIC_CURVE_SET('',(#3247));
#3247 = TRIMMED_CURVE('',#3248,(#3253,PARAMETER_VALUE(4.057486085241)),(
    #3254,PARAMETER_VALUE(5.369128035494)),.T.,.PARAMETER.);
#3248 = CIRCLE('',#3249,0.22225);
#3249 = AXIS2_PLACEMENT_3D('',#3250,#3251,#3252);
#3250 = CARTESIAN_POINT('',(-1.088,-1.204,0.337));
#3251 = DIRECTION('',(-2.22044604925E-16,-1.,3.534288332893E-33));
#3252 = DIRECTION('',(-0.793107076684,1.761051475054E-16,-0.609082231652
    ));
#3253 = CARTESIAN_POINT('',(-1.088,-1.204,0.559));
#3254 = CARTESIAN_POINT('',(-1.303,-1.204,0.394));
#3255 = GEOMETRIC_CURVE_SET('',(#3256));
#3256 = TRIMMED_CURVE('',#3257,(#3261,PARAMETER_VALUE(0.)),(#3262,
    PARAMETER_VALUE(0.208127338372)),.T.,.PARAMETER.);
#3257 = LINE('',#3258,#3259);
#3258 = CARTESIAN_POINT('',(-1.303,-1.204,0.394));
#3259 = VECTOR('',#3260,1.);
#3260 = DIRECTION('',(-0.258969313954,5.75027390047E-17,-0.965885549343)
  );
#3261 = CARTESIAN_POINT('',(-1.303,-1.204,0.394));
#3262 = CARTESIAN_POINT('',(-1.357,-1.204,0.193));
#3263 = GEOMETRIC_CURVE_SET('',(#3264));
#3264 = TRIMMED_CURVE('',#3265,(#3270,PARAMETER_VALUE(4.061165320724)),(
    #3271,PARAMETER_VALUE(5.367291875528)),.T.,.PARAMETER.);
#3265 = CIRCLE('',#3266,0.111125);
#3266 = AXIS2_PLACEMENT_3D('',#3267,#3268,#3269);
#3267 = CARTESIAN_POINT('',(-1.464,-1.204,0.222));
#3268 = DIRECTION('',(2.22044604925E-16,1.,-3.534288332893E-33));
#3269 = DIRECTION('',(-0.793107076684,1.761051475054E-16,-0.609082231652
    ));
#3270 = CARTESIAN_POINT('',(-1.357,-1.204,0.193));
#3271 = CARTESIAN_POINT('',(-1.464,-1.204,0.111));
#3272 = GEOMETRIC_CURVE_SET('',(#3273));
#3273 = TRIMMED_CURVE('',#3274,(#3278,PARAMETER_VALUE(0.)),(#3279,
    PARAMETER_VALUE(3.5E-02)),.T.,.PARAMETER.);
#3274 = LINE('',#3275,#3276);
#3275 = CARTESIAN_POINT('',(-1.464,-1.204,0.111));
#3276 = VECTOR('',#3277,1.);
#3277 = DIRECTION('',(-1.,2.22044604925E-16,0.));
#3278 = CARTESIAN_POINT('',(-1.464,-1.204,0.111));
#3279 = CARTESIAN_POINT('',(-1.499,-1.204,0.111));
#3280 = GEOMETRIC_CURVE_SET('',(#3281));
#3281 = TRIMMED_CURVE('',#3282,(#3286,PARAMETER_VALUE(0.)),(#3287,
    PARAMETER_VALUE(0.111)),.T.,.PARAMETER.);
#3282 = LINE('',#3283,#3284);
#3283 = CARTESIAN_POINT('',(-1.499,-1.204,0.111));
#3284 = VECTOR('',#3285,1.);
#3285 = DIRECTION('',(0.,-0.,-1.));
#3286 = CARTESIAN_POINT('',(-1.499,-1.204,0.111));
#3287 = CARTESIAN_POINT('',(-1.499,-1.204,0.));
#3288 = GEOMETRIC_CURVE_SET('',(#3289));
#3289 = TRIMMED_CURVE('',#3290,(#3294,PARAMETER_VALUE(0.)),(#3295,
    PARAMETER_VALUE(3.5E-02)),.T.,.PARAMETER.);
#3290 = LINE('',#3291,#3292);
#3291 = CARTESIAN_POINT('',(-1.499,-1.204,0.));
#3292 = VECTOR('',#3293,1.);
#3293 = DIRECTION('',(1.,-2.22044604925E-16,0.));
#3294 = CARTESIAN_POINT('',(-1.499,-1.204,0.));
#3295 = CARTESIAN_POINT('',(-1.464,-1.204,0.));
#3296 = GEOMETRIC_CURVE_SET('',(#3297));
#3297 = TRIMMED_CURVE('',#3298,(#3303,PARAMETER_VALUE(4.057486085241)),(
    #3304,PARAMETER_VALUE(5.367970887064)),.T.,.PARAMETER.);
#3298 = CIRCLE('',#3299,0.22225);
#3299 = AXIS2_PLACEMENT_3D('',#3300,#3301,#3302);
#3300 = CARTESIAN_POINT('',(-1.464,-1.204,0.222));
#3301 = DIRECTION('',(-2.22044604925E-16,-1.,3.534288332893E-33));
#3302 = DIRECTION('',(0.793107076684,-1.761051475054E-16,0.609082231652)
  );
#3303 = CARTESIAN_POINT('',(-1.464,-1.204,0.));
#3304 = CARTESIAN_POINT('',(-1.25,-1.204,0.165));
#3305 = GEOMETRIC_CURVE_SET('',(#3306));
#3306 = TRIMMED_CURVE('',#3307,(#3311,PARAMETER_VALUE(0.)),(#3312,
    PARAMETER_VALUE(0.207161452822)),.T.,.PARAMETER.);
#3307 = LINE('',#3308,#3309);
#3308 = CARTESIAN_POINT('',(-1.25,-1.204,0.165));
#3309 = VECTOR('',#3310,1.);
#3310 = DIRECTION('',(0.258969313954,-5.75027390047E-17,0.965885549343)
  );
#3311 = CARTESIAN_POINT('',(-1.25,-1.204,0.165));
#3312 = CARTESIAN_POINT('',(-1.196,-1.204,0.365));
#3313 = GEOMETRIC_CURVE_SET('',(#3314));
#3314 = TRIMMED_CURVE('',#3315,(#3320,PARAMETER_VALUE(4.050169644872)),(
    #3321,PARAMETER_VALUE(5.367291875528)),.T.,.PARAMETER.);
#3315 = CIRCLE('',#3316,0.111125);
#3316 = AXIS2_PLACEMENT_3D('',#3317,#3318,#3319);
#3317 = CARTESIAN_POINT('',(-1.088,-1.204,0.337));
#3318 = DIRECTION('',(2.22044604925E-16,1.,-3.534288332893E-33));
#3319 = DIRECTION('',(0.793107076684,-1.761051475054E-16,0.609082231652)
  );
#3320 = CARTESIAN_POINT('',(-1.196,-1.204,0.365));
#3321 = CARTESIAN_POINT('',(-1.088,-1.204,0.448));
#3322 = GEOMETRIC_CURVE_SET('',(#3323));
#3323 = TRIMMED_CURVE('',#3324,(#3328,PARAMETER_VALUE(0.)),(#3329,
    PARAMETER_VALUE(0.508)),.T.,.PARAMETER.);
#3324 = LINE('',#3325,#3326);
#3325 = CARTESIAN_POINT('',(-1.054,1.204,0.448));
#3326 = VECTOR('',#3327,1.);
#3327 = DIRECTION('',(-2.22044604925E-16,-1.,0.));
#3328 = CARTESIAN_POINT('',(-1.054,1.204,0.448));
#3329 = CARTESIAN_POINT('',(-1.054,0.696,0.448));
#3330 = GEOMETRIC_CURVE_SET('',(#3331));
#3331 = TRIMMED_CURVE('',#3332,(#3336,PARAMETER_VALUE(0.)),(#3337,
    PARAMETER_VALUE(0.111)),.T.,.PARAMETER.);
#3332 = LINE('',#3333,#3334);
#3333 = CARTESIAN_POINT('',(-1.054,1.204,0.559));
#3334 = VECTOR('',#3335,1.);
#3335 = DIRECTION('',(0.,-0.,-1.));
#3336 = CARTESIAN_POINT('',(-1.054,1.204,0.559));
#3337 = CARTESIAN_POINT('',(-1.054,1.204,0.448));
#3338 = GEOMETRIC_CURVE_SET('',(#3339));
#3339 = TRIMMED_CURVE('',#3340,(#3344,PARAMETER_VALUE(0.)),(#3345,
    PARAMETER_VALUE(0.508)),.T.,.PARAMETER.);
#3340 = LINE('',#3341,#3342);
#3341 = CARTESIAN_POINT('',(-1.054,0.696,0.559));
#3342 = VECTOR('',#3343,1.);
#3343 = DIRECTION('',(2.22044604925E-16,1.,0.));
#3344 = CARTESIAN_POINT('',(-1.054,0.696,0.559));
#3345 = CARTESIAN_POINT('',(-1.054,1.204,0.559));
#3346 = GEOMETRIC_CURVE_SET('',(#3347));
#3347 = TRIMMED_CURVE('',#3348,(#3352,PARAMETER_VALUE(0.)),(#3353,
    PARAMETER_VALUE(0.111)),.T.,.PARAMETER.);
#3348 = LINE('',#3349,#3350);
#3349 = CARTESIAN_POINT('',(-1.054,0.696,0.448));
#3350 = VECTOR('',#3351,1.);
#3351 = DIRECTION('',(0.,0.,1.));
#3352 = CARTESIAN_POINT('',(-1.054,0.696,0.448));
#3353 = CARTESIAN_POINT('',(-1.054,0.696,0.559));
#3354 = GEOMETRIC_CURVE_SET('',(#3355));
#3355 = TRIMMED_CURVE('',#3356,(#3360,PARAMETER_VALUE(0.)),(#3361,
    PARAMETER_VALUE(0.508)),.T.,.PARAMETER.);
#3356 = LINE('',#3357,#3358);
#3357 = CARTESIAN_POINT('',(-1.054,0.696,0.559));
#3358 = VECTOR('',#3359,1.);
#3359 = DIRECTION('',(2.22044604925E-16,1.,0.));
#3360 = CARTESIAN_POINT('',(-1.054,0.696,0.559));
#3361 = CARTESIAN_POINT('',(-1.054,1.204,0.559));
#3362 = GEOMETRIC_CURVE_SET('',(#3363));
#3363 = TRIMMED_CURVE('',#3364,(#3368,PARAMETER_VALUE(0.)),(#3369,
    PARAMETER_VALUE(3.4E-02)),.T.,.PARAMETER.);
#3364 = LINE('',#3365,#3366);
#3365 = CARTESIAN_POINT('',(-1.088,1.204,0.559));
#3366 = VECTOR('',#3367,1.);
#3367 = DIRECTION('',(1.,-2.22044604925E-16,0.));
#3368 = CARTESIAN_POINT('',(-1.088,1.204,0.559));
#3369 = CARTESIAN_POINT('',(-1.054,1.204,0.559));
#3370 = GEOMETRIC_CURVE_SET('',(#3371));
#3371 = TRIMMED_CURVE('',#3372,(#3376,PARAMETER_VALUE(0.)),(#3377,
    PARAMETER_VALUE(0.508)),.T.,.PARAMETER.);
#3372 = LINE('',#3373,#3374);
#3373 = CARTESIAN_POINT('',(-1.088,0.696,0.559));
#3374 = VECTOR('',#3375,1.);
#3375 = DIRECTION('',(2.22044604925E-16,1.,0.));
#3376 = CARTESIAN_POINT('',(-1.088,0.696,0.559));
#3377 = CARTESIAN_POINT('',(-1.088,1.204,0.559));
#3378 = GEOMETRIC_CURVE_SET('',(#3379));
#3379 = TRIMMED_CURVE('',#3380,(#3384,PARAMETER_VALUE(0.)),(#3385,
    PARAMETER_VALUE(3.4E-02)),.T.,.PARAMETER.);
#3380 = LINE('',#3381,#3382);
#3381 = CARTESIAN_POINT('',(-1.054,0.696,0.559));
#3382 = VECTOR('',#3383,1.);
#3383 = DIRECTION('',(-1.,2.22044604925E-16,0.));
#3384 = CARTESIAN_POINT('',(-1.054,0.696,0.559));
#3385 = CARTESIAN_POINT('',(-1.088,0.696,0.559));
#3386 = GEOMETRIC_CURVE_SET('',(#3387));
#3387 = TRIMMED_CURVE('',#3388,(#3392,PARAMETER_VALUE(0.)),(#3393,
    PARAMETER_VALUE(0.508)),.T.,.PARAMETER.);
#3388 = LINE('',#3389,#3390);
#3389 = CARTESIAN_POINT('',(-1.054,1.204,0.448));
#3390 = VECTOR('',#3391,1.);
#3391 = DIRECTION('',(-2.22044604925E-16,-1.,0.));
#3392 = CARTESIAN_POINT('',(-1.054,1.204,0.448));
#3393 = CARTESIAN_POINT('',(-1.054,0.696,0.448));
#3394 = GEOMETRIC_CURVE_SET('',(#3395));
#3395 = TRIMMED_CURVE('',#3396,(#3400,PARAMETER_VALUE(0.)),(#3401,
    PARAMETER_VALUE(3.4E-02)),.T.,.PARAMETER.);
#3396 = LINE('',#3397,#3398);
#3397 = CARTESIAN_POINT('',(-1.088,0.696,0.448));
#3398 = VECTOR('',#3399,1.);
#3399 = DIRECTION('',(1.,-2.22044604925E-16,0.));
#3400 = CARTESIAN_POINT('',(-1.088,0.696,0.448));
#3401 = CARTESIAN_POINT('',(-1.054,0.696,0.448));
#3402 = GEOMETRIC_CURVE_SET('',(#3403));
#3403 = TRIMMED_CURVE('',#3404,(#3408,PARAMETER_VALUE(0.)),(#3409,
    PARAMETER_VALUE(0.508)),.T.,.PARAMETER.);
#3404 = LINE('',#3405,#3406);
#3405 = CARTESIAN_POINT('',(-1.088,1.204,0.448));
#3406 = VECTOR('',#3407,1.);
#3407 = DIRECTION('',(-2.22044604925E-16,-1.,0.));
#3408 = CARTESIAN_POINT('',(-1.088,1.204,0.448));
#3409 = CARTESIAN_POINT('',(-1.088,0.696,0.448));
#3410 = GEOMETRIC_CURVE_SET('',(#3411));
#3411 = TRIMMED_CURVE('',#3412,(#3416,PARAMETER_VALUE(0.)),(#3417,
    PARAMETER_VALUE(3.4E-02)),.T.,.PARAMETER.);
#3412 = LINE('',#3413,#3414);
#3413 = CARTESIAN_POINT('',(-1.054,1.204,0.448));
#3414 = VECTOR('',#3415,1.);
#3415 = DIRECTION('',(-1.,2.22044604925E-16,0.));
#3416 = CARTESIAN_POINT('',(-1.054,1.204,0.448));
#3417 = CARTESIAN_POINT('',(-1.088,1.204,0.448));
#3418 = GEOMETRIC_CURVE_SET('',(#3419));
#3419 = TRIMMED_CURVE('',#3420,(#3424,PARAMETER_VALUE(0.)),(#3425,
    PARAMETER_VALUE(0.508)),.T.,.PARAMETER.);
#3420 = LINE('',#3421,#3422);
#3421 = CARTESIAN_POINT('',(-1.357,0.696,0.193));
#3422 = VECTOR('',#3423,1.);
#3423 = DIRECTION('',(2.22044604925E-16,1.,0.));
#3424 = CARTESIAN_POINT('',(-1.357,0.696,0.193));
#3425 = CARTESIAN_POINT('',(-1.357,1.204,0.193));
#3426 = GEOMETRIC_CURVE_SET('',(#3427));
#3427 = TRIMMED_CURVE('',#3428,(#3432,PARAMETER_VALUE(0.)),(#3433,
    PARAMETER_VALUE(0.208127338372)),.T.,.PARAMETER.);
#3428 = LINE('',#3429,#3430);
#3429 = CARTESIAN_POINT('',(-1.303,0.696,0.394));
#3430 = VECTOR('',#3431,1.);
#3431 = DIRECTION('',(-0.258969313954,5.75027390047E-17,-0.965885549343)
  );
#3432 = CARTESIAN_POINT('',(-1.303,0.696,0.394));
#3433 = CARTESIAN_POINT('',(-1.357,0.696,0.193));
#3434 = GEOMETRIC_CURVE_SET('',(#3435));
#3435 = TRIMMED_CURVE('',#3436,(#3440,PARAMETER_VALUE(0.)),(#3441,
    PARAMETER_VALUE(0.508)),.T.,.PARAMETER.);
#3436 = LINE('',#3437,#3438);
#3437 = CARTESIAN_POINT('',(-1.303,1.204,0.394));
#3438 = VECTOR('',#3439,1.);
#3439 = DIRECTION('',(-2.22044604925E-16,-1.,0.));
#3440 = CARTESIAN_POINT('',(-1.303,1.204,0.394));
#3441 = CARTESIAN_POINT('',(-1.303,0.696,0.394));
#3442 = GEOMETRIC_CURVE_SET('',(#3443));
#3443 = TRIMMED_CURVE('',#3444,(#3448,PARAMETER_VALUE(0.)),(#3449,
    PARAMETER_VALUE(0.208127338372)),.T.,.PARAMETER.);
#3444 = LINE('',#3445,#3446);
#3445 = CARTESIAN_POINT('',(-1.357,1.204,0.193));
#3446 = VECTOR('',#3447,1.);
#3447 = DIRECTION('',(0.258969313954,-5.75027390047E-17,0.965885549343)
  );
#3448 = CARTESIAN_POINT('',(-1.357,1.204,0.193));
#3449 = CARTESIAN_POINT('',(-1.303,1.204,0.394));
#3450 = GEOMETRIC_CURVE_SET('',(#3451));
#3451 = TRIMMED_CURVE('',#3452,(#3456,PARAMETER_VALUE(0.)),(#3457,
    PARAMETER_VALUE(0.508)),.T.,.PARAMETER.);
#3452 = LINE('',#3453,#3454);
#3453 = CARTESIAN_POINT('',(-1.25,1.204,0.165));
#3454 = VECTOR('',#3455,1.);
#3455 = DIRECTION('',(-2.22044604925E-16,-1.,0.));
#3456 = CARTESIAN_POINT('',(-1.25,1.204,0.165));
#3457 = CARTESIAN_POINT('',(-1.25,0.696,0.165));
#3458 = GEOMETRIC_CURVE_SET('',(#3459));
#3459 = TRIMMED_CURVE('',#3460,(#3464,PARAMETER_VALUE(0.)),(#3465,
    PARAMETER_VALUE(0.207161452822)),.T.,.PARAMETER.);
#3460 = LINE('',#3461,#3462);
#3461 = CARTESIAN_POINT('',(-1.196,1.204,0.365));
#3462 = VECTOR('',#3463,1.);
#3463 = DIRECTION('',(-0.258969313954,5.75027390047E-17,-0.965885549343)
  );
#3464 = CARTESIAN_POINT('',(-1.196,1.204,0.365));
#3465 = CARTESIAN_POINT('',(-1.25,1.204,0.165));
#3466 = GEOMETRIC_CURVE_SET('',(#3467));
#3467 = TRIMMED_CURVE('',#3468,(#3472,PARAMETER_VALUE(0.)),(#3473,
    PARAMETER_VALUE(0.508)),.T.,.PARAMETER.);
#3468 = LINE('',#3469,#3470);
#3469 = CARTESIAN_POINT('',(-1.196,0.696,0.365));
#3470 = VECTOR('',#3471,1.);
#3471 = DIRECTION('',(2.22044604925E-16,1.,0.));
#3472 = CARTESIAN_POINT('',(-1.196,0.696,0.365));
#3473 = CARTESIAN_POINT('',(-1.196,1.204,0.365));
#3474 = GEOMETRIC_CURVE_SET('',(#3475));
#3475 = TRIMMED_CURVE('',#3476,(#3480,PARAMETER_VALUE(0.)),(#3481,
    PARAMETER_VALUE(0.207161452822)),.T.,.PARAMETER.);
#3476 = LINE('',#3477,#3478);
#3477 = CARTESIAN_POINT('',(-1.25,0.696,0.165));
#3478 = VECTOR('',#3479,1.);
#3479 = DIRECTION('',(0.258969313954,-5.75027390047E-17,0.965885549343)
  );
#3480 = CARTESIAN_POINT('',(-1.25,0.696,0.165));
#3481 = CARTESIAN_POINT('',(-1.196,0.696,0.365));
#3482 = GEOMETRIC_CURVE_SET('',(#3483));
#3483 = TRIMMED_CURVE('',#3484,(#3488,PARAMETER_VALUE(0.)),(#3489,
    PARAMETER_VALUE(0.508)),.T.,.PARAMETER.);
#3484 = LINE('',#3485,#3486);
#3485 = CARTESIAN_POINT('',(-1.499,0.696,0.111));
#3486 = VECTOR('',#3487,1.);
#3487 = DIRECTION('',(2.22044604925E-16,1.,0.));
#3488 = CARTESIAN_POINT('',(-1.499,0.696,0.111));
#3489 = CARTESIAN_POINT('',(-1.499,1.204,0.111));
#3490 = GEOMETRIC_CURVE_SET('',(#3491));
#3491 = TRIMMED_CURVE('',#3492,(#3496,PARAMETER_VALUE(0.)),(#3497,
    PARAMETER_VALUE(3.5E-02)),.T.,.PARAMETER.);
#3492 = LINE('',#3493,#3494);
#3493 = CARTESIAN_POINT('',(-1.464,0.696,0.111));
#3494 = VECTOR('',#3495,1.);
#3495 = DIRECTION('',(-1.,2.22044604925E-16,0.));
#3496 = CARTESIAN_POINT('',(-1.464,0.696,0.111));
#3497 = CARTESIAN_POINT('',(-1.499,0.696,0.111));
#3498 = GEOMETRIC_CURVE_SET('',(#3499));
#3499 = TRIMMED_CURVE('',#3500,(#3504,PARAMETER_VALUE(0.)),(#3505,
    PARAMETER_VALUE(0.508)),.T.,.PARAMETER.);
#3500 = LINE('',#3501,#3502);
#3501 = CARTESIAN_POINT('',(-1.464,1.204,0.111));
#3502 = VECTOR('',#3503,1.);
#3503 = DIRECTION('',(-2.22044604925E-16,-1.,0.));
#3504 = CARTESIAN_POINT('',(-1.464,1.204,0.111));
#3505 = CARTESIAN_POINT('',(-1.464,0.696,0.111));
#3506 = GEOMETRIC_CURVE_SET('',(#3507));
#3507 = TRIMMED_CURVE('',#3508,(#3512,PARAMETER_VALUE(0.)),(#3513,
    PARAMETER_VALUE(3.5E-02)),.T.,.PARAMETER.);
#3508 = LINE('',#3509,#3510);
#3509 = CARTESIAN_POINT('',(-1.499,1.204,0.111));
#3510 = VECTOR('',#3511,1.);
#3511 = DIRECTION('',(1.,-2.22044604925E-16,0.));
#3512 = CARTESIAN_POINT('',(-1.499,1.204,0.111));
#3513 = CARTESIAN_POINT('',(-1.464,1.204,0.111));
#3514 = GEOMETRIC_CURVE_SET('',(#3515));
#3515 = TRIMMED_CURVE('',#3516,(#3520,PARAMETER_VALUE(0.)),(#3521,
    PARAMETER_VALUE(0.508)),.T.,.PARAMETER.);
#3516 = LINE('',#3517,#3518);
#3517 = CARTESIAN_POINT('',(-1.464,0.696,0.));
#3518 = VECTOR('',#3519,1.);
#3519 = DIRECTION('',(2.22044604925E-16,1.,0.));
#3520 = CARTESIAN_POINT('',(-1.464,0.696,0.));
#3521 = CARTESIAN_POINT('',(-1.464,1.204,0.));
#3522 = GEOMETRIC_CURVE_SET('',(#3523));
#3523 = TRIMMED_CURVE('',#3524,(#3528,PARAMETER_VALUE(0.)),(#3529,
    PARAMETER_VALUE(3.5E-02)),.T.,.PARAMETER.);
#3524 = LINE('',#3525,#3526);
#3525 = CARTESIAN_POINT('',(-1.499,0.696,0.));
#3526 = VECTOR('',#3527,1.);
#3527 = DIRECTION('',(1.,-2.22044604925E-16,0.));
#3528 = CARTESIAN_POINT('',(-1.499,0.696,0.));
#3529 = CARTESIAN_POINT('',(-1.464,0.696,0.));
#3530 = GEOMETRIC_CURVE_SET('',(#3531));
#3531 = TRIMMED_CURVE('',#3532,(#3536,PARAMETER_VALUE(0.)),(#3537,
    PARAMETER_VALUE(0.508)),.T.,.PARAMETER.);
#3532 = LINE('',#3533,#3534);
#3533 = CARTESIAN_POINT('',(-1.499,1.204,0.));
#3534 = VECTOR('',#3535,1.);
#3535 = DIRECTION('',(-2.22044604925E-16,-1.,0.));
#3536 = CARTESIAN_POINT('',(-1.499,1.204,0.));
#3537 = CARTESIAN_POINT('',(-1.499,0.696,0.));
#3538 = GEOMETRIC_CURVE_SET('',(#3539));
#3539 = TRIMMED_CURVE('',#3540,(#3544,PARAMETER_VALUE(0.)),(#3545,
    PARAMETER_VALUE(3.5E-02)),.T.,.PARAMETER.);
#3540 = LINE('',#3541,#3542);
#3541 = CARTESIAN_POINT('',(-1.464,1.204,0.));
#3542 = VECTOR('',#3543,1.);
#3543 = DIRECTION('',(-1.,2.22044604925E-16,0.));
#3544 = CARTESIAN_POINT('',(-1.464,1.204,0.));
#3545 = CARTESIAN_POINT('',(-1.499,1.204,0.));
#3546 = GEOMETRIC_CURVE_SET('',(#3547));
#3547 = TRIMMED_CURVE('',#3548,(#3552,PARAMETER_VALUE(0.)),(#3553,
    PARAMETER_VALUE(0.508)),.T.,.PARAMETER.);
#3548 = LINE('',#3549,#3550);
#3549 = CARTESIAN_POINT('',(-1.499,1.204,0.));
#3550 = VECTOR('',#3551,1.);
#3551 = DIRECTION('',(-2.22044604925E-16,-1.,0.));
#3552 = CARTESIAN_POINT('',(-1.499,1.204,0.));
#3553 = CARTESIAN_POINT('',(-1.499,0.696,0.));
#3554 = GEOMETRIC_CURVE_SET('',(#3555));
#3555 = TRIMMED_CURVE('',#3556,(#3560,PARAMETER_VALUE(0.)),(#3561,
    PARAMETER_VALUE(0.111)),.T.,.PARAMETER.);
#3556 = LINE('',#3557,#3558);
#3557 = CARTESIAN_POINT('',(-1.499,0.696,0.111));
#3558 = VECTOR('',#3559,1.);
#3559 = DIRECTION('',(0.,-0.,-1.));
#3560 = CARTESIAN_POINT('',(-1.499,0.696,0.111));
#3561 = CARTESIAN_POINT('',(-1.499,0.696,0.));
#3562 = GEOMETRIC_CURVE_SET('',(#3563));
#3563 = TRIMMED_CURVE('',#3564,(#3568,PARAMETER_VALUE(0.)),(#3569,
    PARAMETER_VALUE(0.508)),.T.,.PARAMETER.);
#3564 = LINE('',#3565,#3566);
#3565 = CARTESIAN_POINT('',(-1.499,0.696,0.111));
#3566 = VECTOR('',#3567,1.);
#3567 = DIRECTION('',(2.22044604925E-16,1.,0.));
#3568 = CARTESIAN_POINT('',(-1.499,0.696,0.111));
#3569 = CARTESIAN_POINT('',(-1.499,1.204,0.111));
#3570 = GEOMETRIC_CURVE_SET('',(#3571));
#3571 = TRIMMED_CURVE('',#3572,(#3576,PARAMETER_VALUE(0.)),(#3577,
    PARAMETER_VALUE(0.111)),.T.,.PARAMETER.);
#3572 = LINE('',#3573,#3574);
#3573 = CARTESIAN_POINT('',(-1.499,1.204,0.));
#3574 = VECTOR('',#3575,1.);
#3575 = DIRECTION('',(0.,0.,1.));
#3576 = CARTESIAN_POINT('',(-1.499,1.204,0.));
#3577 = CARTESIAN_POINT('',(-1.499,1.204,0.111));
#3578 = GEOMETRIC_CURVE_SET('',(#3579));
#3579 = TRIMMED_CURVE('',#3580,(#3584,PARAMETER_VALUE(0.)),(#3585,
    PARAMETER_VALUE(0.508)),.T.,.PARAMETER.);
#3580 = LINE('',#3581,#3582);
#3581 = CARTESIAN_POINT('',(-1.088,0.696,0.559));
#3582 = VECTOR('',#3583,1.);
#3583 = DIRECTION('',(2.22044604925E-16,1.,0.));
#3584 = CARTESIAN_POINT('',(-1.088,0.696,0.559));
#3585 = CARTESIAN_POINT('',(-1.088,1.204,0.559));
#3586 = GEOMETRIC_CURVE_SET('',(#3587));
#3587 = TRIMMED_CURVE('',#3588,(#3593,PARAMETER_VALUE(4.055649925275)),(
    #3594,PARAMETER_VALUE(5.367291875528)),.T.,.PARAMETER.);
#3588 = CIRCLE('',#3589,0.22225);
#3589 = AXIS2_PLACEMENT_3D('',#3590,#3591,#3592);
#3590 = CARTESIAN_POINT('',(-1.088,1.204,0.337));
#3591 = DIRECTION('',(2.22044604925E-16,1.,-3.534288332893E-33));
#3592 = DIRECTION('',(0.793107076684,-1.761051475054E-16,0.609082231652)
  );
#3593 = CARTESIAN_POINT('',(-1.303,1.204,0.394));
#3594 = CARTESIAN_POINT('',(-1.088,1.204,0.559));
#3595 = GEOMETRIC_CURVE_SET('',(#3596));
#3596 = TRIMMED_CURVE('',#3597,(#3601,PARAMETER_VALUE(0.)),(#3602,
    PARAMETER_VALUE(0.508)),.T.,.PARAMETER.);
#3597 = LINE('',#3598,#3599);
#3598 = CARTESIAN_POINT('',(-1.303,1.204,0.394));
#3599 = VECTOR('',#3600,1.);
#3600 = DIRECTION('',(-2.22044604925E-16,-1.,0.));
#3601 = CARTESIAN_POINT('',(-1.303,1.204,0.394));
#3602 = CARTESIAN_POINT('',(-1.303,0.696,0.394));
#3603 = GEOMETRIC_CURVE_SET('',(#3604));
#3604 = TRIMMED_CURVE('',#3605,(#3610,PARAMETER_VALUE(4.057486085241)),(
    #3611,PARAMETER_VALUE(5.369128035494)),.T.,.PARAMETER.);
#3605 = CIRCLE('',#3606,0.22225);
#3606 = AXIS2_PLACEMENT_3D('',#3607,#3608,#3609);
#3607 = CARTESIAN_POINT('',(-1.088,0.696,0.337));
#3608 = DIRECTION('',(-2.22044604925E-16,-1.,3.534288332893E-33));
#3609 = DIRECTION('',(-0.793107076684,1.761051475054E-16,-0.609082231652
    ));
#3610 = CARTESIAN_POINT('',(-1.088,0.696,0.559));
#3611 = CARTESIAN_POINT('',(-1.303,0.696,0.394));
#3612 = GEOMETRIC_CURVE_SET('',(#3613));
#3613 = TRIMMED_CURVE('',#3614,(#3619,PARAMETER_VALUE(4.057486085241)),(
    #3620,PARAMETER_VALUE(5.374608315897)),.T.,.PARAMETER.);
#3614 = CIRCLE('',#3615,0.111125);
#3615 = AXIS2_PLACEMENT_3D('',#3616,#3617,#3618);
#3616 = CARTESIAN_POINT('',(-1.088,1.204,0.337));
#3617 = DIRECTION('',(-2.22044604925E-16,-1.,3.534288332893E-33));
#3618 = DIRECTION('',(-0.793107076684,1.761051475054E-16,-0.609082231652
    ));
#3619 = CARTESIAN_POINT('',(-1.088,1.204,0.448));
#3620 = CARTESIAN_POINT('',(-1.196,1.204,0.365));
#3621 = GEOMETRIC_CURVE_SET('',(#3622));
#3622 = TRIMMED_CURVE('',#3623,(#3627,PARAMETER_VALUE(0.)),(#3628,
    PARAMETER_VALUE(0.508)),.T.,.PARAMETER.);
#3623 = LINE('',#3624,#3625);
#3624 = CARTESIAN_POINT('',(-1.196,0.696,0.365));
#3625 = VECTOR('',#3626,1.);
#3626 = DIRECTION('',(2.22044604925E-16,1.,0.));
#3627 = CARTESIAN_POINT('',(-1.196,0.696,0.365));
#3628 = CARTESIAN_POINT('',(-1.196,1.204,0.365));
#3629 = GEOMETRIC_CURVE_SET('',(#3630));
#3630 = TRIMMED_CURVE('',#3631,(#3636,PARAMETER_VALUE(4.050169644872)),(
    #3637,PARAMETER_VALUE(5.367291875528)),.T.,.PARAMETER.);
#3631 = CIRCLE('',#3632,0.111125);
#3632 = AXIS2_PLACEMENT_3D('',#3633,#3634,#3635);
#3633 = CARTESIAN_POINT('',(-1.088,0.696,0.337));
#3634 = DIRECTION('',(2.22044604925E-16,1.,-3.534288332893E-33));
#3635 = DIRECTION('',(0.793107076684,-1.761051475054E-16,0.609082231652)
  );
#3636 = CARTESIAN_POINT('',(-1.196,0.696,0.365));
#3637 = CARTESIAN_POINT('',(-1.088,0.696,0.448));
#3638 = GEOMETRIC_CURVE_SET('',(#3639));
#3639 = TRIMMED_CURVE('',#3640,(#3644,PARAMETER_VALUE(0.)),(#3645,
    PARAMETER_VALUE(0.508)),.T.,.PARAMETER.);
#3640 = LINE('',#3641,#3642);
#3641 = CARTESIAN_POINT('',(-1.088,1.204,0.448));
#3642 = VECTOR('',#3643,1.);
#3643 = DIRECTION('',(-2.22044604925E-16,-1.,0.));
#3644 = CARTESIAN_POINT('',(-1.088,1.204,0.448));
#3645 = CARTESIAN_POINT('',(-1.088,0.696,0.448));
#3646 = GEOMETRIC_CURVE_SET('',(#3647));
#3647 = TRIMMED_CURVE('',#3648,(#3653,PARAMETER_VALUE(4.057486085241)),(
    #3654,PARAMETER_VALUE(5.363612640046)),.T.,.PARAMETER.);
#3648 = CIRCLE('',#3649,0.111125);
#3649 = AXIS2_PLACEMENT_3D('',#3650,#3651,#3652);
#3650 = CARTESIAN_POINT('',(-1.464,1.204,0.222));
#3651 = DIRECTION('',(-2.22044604925E-16,-1.,3.534288332893E-33));
#3652 = DIRECTION('',(0.793107076684,-1.761051475054E-16,0.609082231652)
  );
#3653 = CARTESIAN_POINT('',(-1.464,1.204,0.111));
#3654 = CARTESIAN_POINT('',(-1.357,1.204,0.193));
#3655 = GEOMETRIC_CURVE_SET('',(#3656));
#3656 = TRIMMED_CURVE('',#3657,(#3661,PARAMETER_VALUE(0.)),(#3662,
    PARAMETER_VALUE(0.508)),.T.,.PARAMETER.);
#3657 = LINE('',#3658,#3659);
#3658 = CARTESIAN_POINT('',(-1.357,0.696,0.193));
#3659 = VECTOR('',#3660,1.);
#3660 = DIRECTION('',(2.22044604925E-16,1.,0.));
#3661 = CARTESIAN_POINT('',(-1.357,0.696,0.193));
#3662 = CARTESIAN_POINT('',(-1.357,1.204,0.193));
#3663 = GEOMETRIC_CURVE_SET('',(#3664));
#3664 = TRIMMED_CURVE('',#3665,(#3670,PARAMETER_VALUE(4.061165320724)),(
    #3671,PARAMETER_VALUE(5.367291875528)),.T.,.PARAMETER.);
#3665 = CIRCLE('',#3666,0.111125);
#3666 = AXIS2_PLACEMENT_3D('',#3667,#3668,#3669);
#3667 = CARTESIAN_POINT('',(-1.464,0.696,0.222));
#3668 = DIRECTION('',(2.22044604925E-16,1.,-3.534288332893E-33));
#3669 = DIRECTION('',(-0.793107076684,1.761051475054E-16,-0.609082231652
    ));
#3670 = CARTESIAN_POINT('',(-1.357,0.696,0.193));
#3671 = CARTESIAN_POINT('',(-1.464,0.696,0.111));
#3672 = GEOMETRIC_CURVE_SET('',(#3673));
#3673 = TRIMMED_CURVE('',#3674,(#3678,PARAMETER_VALUE(0.)),(#3679,
    PARAMETER_VALUE(0.508)),.T.,.PARAMETER.);
#3674 = LINE('',#3675,#3676);
#3675 = CARTESIAN_POINT('',(-1.464,1.204,0.111));
#3676 = VECTOR('',#3677,1.);
#3677 = DIRECTION('',(-2.22044604925E-16,-1.,0.));
#3678 = CARTESIAN_POINT('',(-1.464,1.204,0.111));
#3679 = CARTESIAN_POINT('',(-1.464,0.696,0.111));
#3680 = GEOMETRIC_CURVE_SET('',(#3681));
#3681 = TRIMMED_CURVE('',#3682,(#3686,PARAMETER_VALUE(0.)),(#3687,
    PARAMETER_VALUE(0.508)),.T.,.PARAMETER.);
#3682 = LINE('',#3683,#3684);
#3683 = CARTESIAN_POINT('',(-1.464,0.696,0.));
#3684 = VECTOR('',#3685,1.);
#3685 = DIRECTION('',(2.22044604925E-16,1.,0.));
#3686 = CARTESIAN_POINT('',(-1.464,0.696,0.));
#3687 = CARTESIAN_POINT('',(-1.464,1.204,0.));
#3688 = GEOMETRIC_CURVE_SET('',(#3689));
#3689 = TRIMMED_CURVE('',#3690,(#3695,PARAMETER_VALUE(4.056807073706)),(
    #3696,PARAMETER_VALUE(5.367291875528)),.T.,.PARAMETER.);
#3690 = CIRCLE('',#3691,0.22225);
#3691 = AXIS2_PLACEMENT_3D('',#3692,#3693,#3694);
#3692 = CARTESIAN_POINT('',(-1.464,1.204,0.222));
#3693 = DIRECTION('',(2.22044604925E-16,1.,-3.534288332893E-33));
#3694 = DIRECTION('',(-0.793107076684,1.761051475054E-16,-0.609082231652
    ));
#3695 = CARTESIAN_POINT('',(-1.25,1.204,0.165));
#3696 = CARTESIAN_POINT('',(-1.464,1.204,0.));
#3697 = GEOMETRIC_CURVE_SET('',(#3698));
#3698 = TRIMMED_CURVE('',#3699,(#3703,PARAMETER_VALUE(0.)),(#3704,
    PARAMETER_VALUE(0.508)),.T.,.PARAMETER.);
#3699 = LINE('',#3700,#3701);
#3700 = CARTESIAN_POINT('',(-1.25,1.204,0.165));
#3701 = VECTOR('',#3702,1.);
#3702 = DIRECTION('',(-2.22044604925E-16,-1.,0.));
#3703 = CARTESIAN_POINT('',(-1.25,1.204,0.165));
#3704 = CARTESIAN_POINT('',(-1.25,0.696,0.165));
#3705 = GEOMETRIC_CURVE_SET('',(#3706));
#3706 = TRIMMED_CURVE('',#3707,(#3712,PARAMETER_VALUE(4.057486085241)),(
    #3713,PARAMETER_VALUE(5.367970887064)),.T.,.PARAMETER.);
#3707 = CIRCLE('',#3708,0.22225);
#3708 = AXIS2_PLACEMENT_3D('',#3709,#3710,#3711);
#3709 = CARTESIAN_POINT('',(-1.464,0.696,0.222));
#3710 = DIRECTION('',(-2.22044604925E-16,-1.,3.534288332893E-33));
#3711 = DIRECTION('',(0.793107076684,-1.761051475054E-16,0.609082231652)
  );
#3712 = CARTESIAN_POINT('',(-1.464,0.696,0.));
#3713 = CARTESIAN_POINT('',(-1.25,0.696,0.165));
#3714 = GEOMETRIC_CURVE_SET('',(#3715));
#3715 = TRIMMED_CURVE('',#3716,(#3720,PARAMETER_VALUE(0.)),(#3721,
    PARAMETER_VALUE(3.4E-02)),.T.,.PARAMETER.);
#3716 = LINE('',#3717,#3718);
#3717 = CARTESIAN_POINT('',(-1.088,1.204,0.559));
#3718 = VECTOR('',#3719,1.);
#3719 = DIRECTION('',(1.,-2.22044604925E-16,0.));
#3720 = CARTESIAN_POINT('',(-1.088,1.204,0.559));
#3721 = CARTESIAN_POINT('',(-1.054,1.204,0.559));
#3722 = GEOMETRIC_CURVE_SET('',(#3723));
#3723 = TRIMMED_CURVE('',#3724,(#3728,PARAMETER_VALUE(0.)),(#3729,
    PARAMETER_VALUE(0.111)),.T.,.PARAMETER.);
#3724 = LINE('',#3725,#3726);
#3725 = CARTESIAN_POINT('',(-1.054,1.204,0.559));
#3726 = VECTOR('',#3727,1.);
#3727 = DIRECTION('',(0.,-0.,-1.));
#3728 = CARTESIAN_POINT('',(-1.054,1.204,0.559));
#3729 = CARTESIAN_POINT('',(-1.054,1.204,0.448));
#3730 = GEOMETRIC_CURVE_SET('',(#3731));
#3731 = TRIMMED_CURVE('',#3732,(#3736,PARAMETER_VALUE(0.)),(#3737,
    PARAMETER_VALUE(3.4E-02)),.T.,.PARAMETER.);
#3732 = LINE('',#3733,#3734);
#3733 = CARTESIAN_POINT('',(-1.054,1.204,0.448));
#3734 = VECTOR('',#3735,1.);
#3735 = DIRECTION('',(-1.,2.22044604925E-16,0.));
#3736 = CARTESIAN_POINT('',(-1.054,1.204,0.448));
#3737 = CARTESIAN_POINT('',(-1.088,1.204,0.448));
#3738 = GEOMETRIC_CURVE_SET('',(#3739));
#3739 = TRIMMED_CURVE('',#3740,(#3745,PARAMETER_VALUE(4.057486085241)),(
    #3746,PARAMETER_VALUE(5.374608315897)),.T.,.PARAMETER.);
#3740 = CIRCLE('',#3741,0.111125);
#3741 = AXIS2_PLACEMENT_3D('',#3742,#3743,#3744);
#3742 = CARTESIAN_POINT('',(-1.088,1.204,0.337));
#3743 = DIRECTION('',(-2.22044604925E-16,-1.,3.534288332893E-33));
#3744 = DIRECTION('',(-0.793107076684,1.761051475054E-16,-0.609082231652
    ));
#3745 = CARTESIAN_POINT('',(-1.088,1.204,0.448));
#3746 = CARTESIAN_POINT('',(-1.196,1.204,0.365));
#3747 = GEOMETRIC_CURVE_SET('',(#3748));
#3748 = TRIMMED_CURVE('',#3749,(#3753,PARAMETER_VALUE(0.)),(#3754,
    PARAMETER_VALUE(0.207161452822)),.T.,.PARAMETER.);
#3749 = LINE('',#3750,#3751);
#3750 = CARTESIAN_POINT('',(-1.196,1.204,0.365));
#3751 = VECTOR('',#3752,1.);
#3752 = DIRECTION('',(-0.258969313954,5.75027390047E-17,-0.965885549343)
  );
#3753 = CARTESIAN_POINT('',(-1.196,1.204,0.365));
#3754 = CARTESIAN_POINT('',(-1.25,1.204,0.165));
#3755 = GEOMETRIC_CURVE_SET('',(#3756));
#3756 = TRIMMED_CURVE('',#3757,(#3762,PARAMETER_VALUE(4.056807073706)),(
    #3763,PARAMETER_VALUE(5.367291875528)),.T.,.PARAMETER.);
#3757 = CIRCLE('',#3758,0.22225);
#3758 = AXIS2_PLACEMENT_3D('',#3759,#3760,#3761);
#3759 = CARTESIAN_POINT('',(-1.464,1.204,0.222));
#3760 = DIRECTION('',(2.22044604925E-16,1.,-3.534288332893E-33));
#3761 = DIRECTION('',(-0.793107076684,1.761051475054E-16,-0.609082231652
    ));
#3762 = CARTESIAN_POINT('',(-1.25,1.204,0.165));
#3763 = CARTESIAN_POINT('',(-1.464,1.204,0.));
#3764 = GEOMETRIC_CURVE_SET('',(#3765));
#3765 = TRIMMED_CURVE('',#3766,(#3770,PARAMETER_VALUE(0.)),(#3771,
    PARAMETER_VALUE(3.5E-02)),.T.,.PARAMETER.);
#3766 = LINE('',#3767,#3768);
#3767 = CARTESIAN_POINT('',(-1.464,1.204,0.));
#3768 = VECTOR('',#3769,1.);
#3769 = DIRECTION('',(-1.,2.22044604925E-16,0.));
#3770 = CARTESIAN_POINT('',(-1.464,1.204,0.));
#3771 = CARTESIAN_POINT('',(-1.499,1.204,0.));
#3772 = GEOMETRIC_CURVE_SET('',(#3773));
#3773 = TRIMMED_CURVE('',#3774,(#3778,PARAMETER_VALUE(0.)),(#3779,
    PARAMETER_VALUE(0.111)),.T.,.PARAMETER.);
#3774 = LINE('',#3775,#3776);
#3775 = CARTESIAN_POINT('',(-1.499,1.204,0.));
#3776 = VECTOR('',#3777,1.);
#3777 = DIRECTION('',(0.,0.,1.));
#3778 = CARTESIAN_POINT('',(-1.499,1.204,0.));
#3779 = CARTESIAN_POINT('',(-1.499,1.204,0.111));
#3780 = GEOMETRIC_CURVE_SET('',(#3781));
#3781 = TRIMMED_CURVE('',#3782,(#3786,PARAMETER_VALUE(0.)),(#3787,
    PARAMETER_VALUE(3.5E-02)),.T.,.PARAMETER.);
#3782 = LINE('',#3783,#3784);
#3783 = CARTESIAN_POINT('',(-1.499,1.204,0.111));
#3784 = VECTOR('',#3785,1.);
#3785 = DIRECTION('',(1.,-2.22044604925E-16,0.));
#3786 = CARTESIAN_POINT('',(-1.499,1.204,0.111));
#3787 = CARTESIAN_POINT('',(-1.464,1.204,0.111));
#3788 = GEOMETRIC_CURVE_SET('',(#3789));
#3789 = TRIMMED_CURVE('',#3790,(#3795,PARAMETER_VALUE(4.057486085241)),(
    #3796,PARAMETER_VALUE(5.363612640046)),.T.,.PARAMETER.);
#3790 = CIRCLE('',#3791,0.111125);
#3791 = AXIS2_PLACEMENT_3D('',#3792,#3793,#3794);
#3792 = CARTESIAN_POINT('',(-1.464,1.204,0.222));
#3793 = DIRECTION('',(-2.22044604925E-16,-1.,3.534288332893E-33));
#3794 = DIRECTION('',(0.793107076684,-1.761051475054E-16,0.609082231652)
  );
#3795 = CARTESIAN_POINT('',(-1.464,1.204,0.111));
#3796 = CARTESIAN_POINT('',(-1.357,1.204,0.193));
#3797 = GEOMETRIC_CURVE_SET('',(#3798));
#3798 = TRIMMED_CURVE('',#3799,(#3803,PARAMETER_VALUE(0.)),(#3804,
    PARAMETER_VALUE(0.208127338372)),.T.,.PARAMETER.);
#3799 = LINE('',#3800,#3801);
#3800 = CARTESIAN_POINT('',(-1.357,1.204,0.193));
#3801 = VECTOR('',#3802,1.);
#3802 = DIRECTION('',(0.258969313954,-5.75027390047E-17,0.965885549343)
  );
#3803 = CARTESIAN_POINT('',(-1.357,1.204,0.193));
#3804 = CARTESIAN_POINT('',(-1.303,1.204,0.394));
#3805 = GEOMETRIC_CURVE_SET('',(#3806));
#3806 = TRIMMED_CURVE('',#3807,(#3812,PARAMETER_VALUE(4.055649925275)),(
    #3813,PARAMETER_VALUE(5.367291875528)),.T.,.PARAMETER.);
#3807 = CIRCLE('',#3808,0.22225);
#3808 = AXIS2_PLACEMENT_3D('',#3809,#3810,#3811);
#3809 = CARTESIAN_POINT('',(-1.088,1.204,0.337));
#3810 = DIRECTION('',(2.22044604925E-16,1.,-3.534288332893E-33));
#3811 = DIRECTION('',(0.793107076684,-1.761051475054E-16,0.609082231652)
  );
#3812 = CARTESIAN_POINT('',(-1.303,1.204,0.394));
#3813 = CARTESIAN_POINT('',(-1.088,1.204,0.559));
#3814 = GEOMETRIC_CURVE_SET('',(#3815));
#3815 = TRIMMED_CURVE('',#3816,(#3820,PARAMETER_VALUE(0.)),(#3821,
    PARAMETER_VALUE(3.4E-02)),.T.,.PARAMETER.);
#3816 = LINE('',#3817,#3818);
#3817 = CARTESIAN_POINT('',(-1.088,0.696,0.448));
#3818 = VECTOR('',#3819,1.);
#3819 = DIRECTION('',(1.,-2.22044604925E-16,0.));
#3820 = CARTESIAN_POINT('',(-1.088,0.696,0.448));
#3821 = CARTESIAN_POINT('',(-1.054,0.696,0.448));
#3822 = GEOMETRIC_CURVE_SET('',(#3823));
#3823 = TRIMMED_CURVE('',#3824,(#3828,PARAMETER_VALUE(0.)),(#3829,
    PARAMETER_VALUE(0.111)),.T.,.PARAMETER.);
#3824 = LINE('',#3825,#3826);
#3825 = CARTESIAN_POINT('',(-1.054,0.696,0.448));
#3826 = VECTOR('',#3827,1.);
#3827 = DIRECTION('',(0.,0.,1.));
#3828 = CARTESIAN_POINT('',(-1.054,0.696,0.448));
#3829 = CARTESIAN_POINT('',(-1.054,0.696,0.559));
#3830 = GEOMETRIC_CURVE_SET('',(#3831));
#3831 = TRIMMED_CURVE('',#3832,(#3836,PARAMETER_VALUE(0.)),(#3837,
    PARAMETER_VALUE(3.4E-02)),.T.,.PARAMETER.);
#3832 = LINE('',#3833,#3834);
#3833 = CARTESIAN_POINT('',(-1.054,0.696,0.559));
#3834 = VECTOR('',#3835,1.);
#3835 = DIRECTION('',(-1.,2.22044604925E-16,0.));
#3836 = CARTESIAN_POINT('',(-1.054,0.696,0.559));
#3837 = CARTESIAN_POINT('',(-1.088,0.696,0.559));
#3838 = GEOMETRIC_CURVE_SET('',(#3839));
#3839 = TRIMMED_CURVE('',#3840,(#3845,PARAMETER_VALUE(4.057486085241)),(
    #3846,PARAMETER_VALUE(5.369128035494)),.T.,.PARAMETER.);
#3840 = CIRCLE('',#3841,0.22225);
#3841 = AXIS2_PLACEMENT_3D('',#3842,#3843,#3844);
#3842 = CARTESIAN_POINT('',(-1.088,0.696,0.337));
#3843 = DIRECTION('',(-2.22044604925E-16,-1.,3.534288332893E-33));
#3844 = DIRECTION('',(-0.793107076684,1.761051475054E-16,-0.609082231652
    ));
#3845 = CARTESIAN_POINT('',(-1.088,0.696,0.559));
#3846 = CARTESIAN_POINT('',(-1.303,0.696,0.394));
#3847 = GEOMETRIC_CURVE_SET('',(#3848));
#3848 = TRIMMED_CURVE('',#3849,(#3853,PARAMETER_VALUE(0.)),(#3854,
    PARAMETER_VALUE(0.208127338372)),.T.,.PARAMETER.);
#3849 = LINE('',#3850,#3851);
#3850 = CARTESIAN_POINT('',(-1.303,0.696,0.394));
#3851 = VECTOR('',#3852,1.);
#3852 = DIRECTION('',(-0.258969313954,5.75027390047E-17,-0.965885549343)
  );
#3853 = CARTESIAN_POINT('',(-1.303,0.696,0.394));
#3854 = CARTESIAN_POINT('',(-1.357,0.696,0.193));
#3855 = GEOMETRIC_CURVE_SET('',(#3856));
#3856 = TRIMMED_CURVE('',#3857,(#3862,PARAMETER_VALUE(4.061165320724)),(
    #3863,PARAMETER_VALUE(5.367291875528)),.T.,.PARAMETER.);
#3857 = CIRCLE('',#3858,0.111125);
#3858 = AXIS2_PLACEMENT_3D('',#3859,#3860,#3861);
#3859 = CARTESIAN_POINT('',(-1.464,0.696,0.222));
#3860 = DIRECTION('',(2.22044604925E-16,1.,-3.534288332893E-33));
#3861 = DIRECTION('',(-0.793107076684,1.761051475054E-16,-0.609082231652
    ));
#3862 = CARTESIAN_POINT('',(-1.357,0.696,0.193));
#3863 = CARTESIAN_POINT('',(-1.464,0.696,0.111));
#3864 = GEOMETRIC_CURVE_SET('',(#3865));
#3865 = TRIMMED_CURVE('',#3866,(#3870,PARAMETER_VALUE(0.)),(#3871,
    PARAMETER_VALUE(3.5E-02)),.T.,.PARAMETER.);
#3866 = LINE('',#3867,#3868);
#3867 = CARTESIAN_POINT('',(-1.464,0.696,0.111));
#3868 = VECTOR('',#3869,1.);
#3869 = DIRECTION('',(-1.,2.22044604925E-16,0.));
#3870 = CARTESIAN_POINT('',(-1.464,0.696,0.111));
#3871 = CARTESIAN_POINT('',(-1.499,0.696,0.111));
#3872 = GEOMETRIC_CURVE_SET('',(#3873));
#3873 = TRIMMED_CURVE('',#3874,(#3878,PARAMETER_VALUE(0.)),(#3879,
    PARAMETER_VALUE(0.111)),.T.,.PARAMETER.);
#3874 = LINE('',#3875,#3876);
#3875 = CARTESIAN_POINT('',(-1.499,0.696,0.111));
#3876 = VECTOR('',#3877,1.);
#3877 = DIRECTION('',(0.,-0.,-1.));
#3878 = CARTESIAN_POINT('',(-1.499,0.696,0.111));
#3879 = CARTESIAN_POINT('',(-1.499,0.696,0.));
#3880 = GEOMETRIC_CURVE_SET('',(#3881));
#3881 = TRIMMED_CURVE('',#3882,(#3886,PARAMETER_VALUE(0.)),(#3887,
    PARAMETER_VALUE(3.5E-02)),.T.,.PARAMETER.);
#3882 = LINE('',#3883,#3884);
#3883 = CARTESIAN_POINT('',(-1.499,0.696,0.));
#3884 = VECTOR('',#3885,1.);
#3885 = DIRECTION('',(1.,-2.22044604925E-16,0.));
#3886 = CARTESIAN_POINT('',(-1.499,0.696,0.));
#3887 = CARTESIAN_POINT('',(-1.464,0.696,0.));
#3888 = GEOMETRIC_CURVE_SET('',(#3889));
#3889 = TRIMMED_CURVE('',#3890,(#3895,PARAMETER_VALUE(4.057486085241)),(
    #3896,PARAMETER_VALUE(5.367970887064)),.T.,.PARAMETER.);
#3890 = CIRCLE('',#3891,0.22225);
#3891 = AXIS2_PLACEMENT_3D('',#3892,#3893,#3894);
#3892 = CARTESIAN_POINT('',(-1.464,0.696,0.222));
#3893 = DIRECTION('',(-2.22044604925E-16,-1.,3.534288332893E-33));
#3894 = DIRECTION('',(0.793107076684,-1.761051475054E-16,0.609082231652)
  );
#3895 = CARTESIAN_POINT('',(-1.464,0.696,0.));
#3896 = CARTESIAN_POINT('',(-1.25,0.696,0.165));
#3897 = GEOMETRIC_CURVE_SET('',(#3898));
#3898 = TRIMMED_CURVE('',#3899,(#3903,PARAMETER_VALUE(0.)),(#3904,
    PARAMETER_VALUE(0.207161452822)),.T.,.PARAMETER.);
#3899 = LINE('',#3900,#3901);
#3900 = CARTESIAN_POINT('',(-1.25,0.696,0.165));
#3901 = VECTOR('',#3902,1.);
#3902 = DIRECTION('',(0.258969313954,-5.75027390047E-17,0.965885549343)
  );
#3903 = CARTESIAN_POINT('',(-1.25,0.696,0.165));
#3904 = CARTESIAN_POINT('',(-1.196,0.696,0.365));
#3905 = GEOMETRIC_CURVE_SET('',(#3906));
#3906 = TRIMMED_CURVE('',#3907,(#3912,PARAMETER_VALUE(4.050169644872)),(
    #3913,PARAMETER_VALUE(5.367291875528)),.T.,.PARAMETER.);
#3907 = CIRCLE('',#3908,0.111125);
#3908 = AXIS2_PLACEMENT_3D('',#3909,#3910,#3911);
#3909 = CARTESIAN_POINT('',(-1.088,0.696,0.337));
#3910 = DIRECTION('',(2.22044604925E-16,1.,-3.534288332893E-33));
#3911 = DIRECTION('',(0.793107076684,-1.761051475054E-16,0.609082231652)
  );
#3912 = CARTESIAN_POINT('',(-1.196,0.696,0.365));
#3913 = CARTESIAN_POINT('',(-1.088,0.696,0.448));
#3914 = GEOMETRIC_CURVE_SET('',(#3915));
#3915 = TRIMMED_CURVE('',#3916,(#3920,PARAMETER_VALUE(0.)),(#3921,
    PARAMETER_VALUE(0.508)),.T.,.PARAMETER.);
#3916 = LINE('',#3917,#3918);
#3917 = CARTESIAN_POINT('',(1.054,-0.254,0.448));
#3918 = VECTOR('',#3919,1.);
#3919 = DIRECTION('',(2.22044604925E-16,1.,0.));
#3920 = CARTESIAN_POINT('',(1.054,-0.254,0.448));
#3921 = CARTESIAN_POINT('',(1.054,0.254,0.448));
#3922 = GEOMETRIC_CURVE_SET('',(#3923));
#3923 = TRIMMED_CURVE('',#3924,(#3928,PARAMETER_VALUE(0.)),(#3929,
    PARAMETER_VALUE(0.111)),.T.,.PARAMETER.);
#3924 = LINE('',#3925,#3926);
#3925 = CARTESIAN_POINT('',(1.054,-0.254,0.559));
#3926 = VECTOR('',#3927,1.);
#3927 = DIRECTION('',(0.,-0.,-1.));
#3928 = CARTESIAN_POINT('',(1.054,-0.254,0.559));
#3929 = CARTESIAN_POINT('',(1.054,-0.254,0.448));
#3930 = GEOMETRIC_CURVE_SET('',(#3931));
#3931 = TRIMMED_CURVE('',#3932,(#3936,PARAMETER_VALUE(0.)),(#3937,
    PARAMETER_VALUE(0.508)),.T.,.PARAMETER.);
#3932 = LINE('',#3933,#3934);
#3933 = CARTESIAN_POINT('',(1.054,0.254,0.559));
#3934 = VECTOR('',#3935,1.);
#3935 = DIRECTION('',(-2.22044604925E-16,-1.,0.));
#3936 = CARTESIAN_POINT('',(1.054,0.254,0.559));
#3937 = CARTESIAN_POINT('',(1.054,-0.254,0.559));
#3938 = GEOMETRIC_CURVE_SET('',(#3939));
#3939 = TRIMMED_CURVE('',#3940,(#3944,PARAMETER_VALUE(0.)),(#3945,
    PARAMETER_VALUE(0.111)),.T.,.PARAMETER.);
#3940 = LINE('',#3941,#3942);
#3941 = CARTESIAN_POINT('',(1.054,0.254,0.448));
#3942 = VECTOR('',#3943,1.);
#3943 = DIRECTION('',(0.,0.,1.));
#3944 = CARTESIAN_POINT('',(1.054,0.254,0.448));
#3945 = CARTESIAN_POINT('',(1.054,0.254,0.559));
#3946 = GEOMETRIC_CURVE_SET('',(#3947));
#3947 = TRIMMED_CURVE('',#3948,(#3952,PARAMETER_VALUE(0.)),(#3953,
    PARAMETER_VALUE(0.508)),.T.,.PARAMETER.);
#3948 = LINE('',#3949,#3950);
#3949 = CARTESIAN_POINT('',(1.054,0.254,0.559));
#3950 = VECTOR('',#3951,1.);
#3951 = DIRECTION('',(-2.22044604925E-16,-1.,0.));
#3952 = CARTESIAN_POINT('',(1.054,0.254,0.559));
#3953 = CARTESIAN_POINT('',(1.054,-0.254,0.559));
#3954 = GEOMETRIC_CURVE_SET('',(#3955));
#3955 = TRIMMED_CURVE('',#3956,(#3960,PARAMETER_VALUE(0.)),(#3961,
    PARAMETER_VALUE(3.4E-02)),.T.,.PARAMETER.);
#3956 = LINE('',#3957,#3958);
#3957 = CARTESIAN_POINT('',(1.088,-0.254,0.559));
#3958 = VECTOR('',#3959,1.);
#3959 = DIRECTION('',(-1.,2.22044604925E-16,0.));
#3960 = CARTESIAN_POINT('',(1.088,-0.254,0.559));
#3961 = CARTESIAN_POINT('',(1.054,-0.254,0.559));
#3962 = GEOMETRIC_CURVE_SET('',(#3963));
#3963 = TRIMMED_CURVE('',#3964,(#3968,PARAMETER_VALUE(0.)),(#3969,
    PARAMETER_VALUE(0.508)),.T.,.PARAMETER.);
#3964 = LINE('',#3965,#3966);
#3965 = CARTESIAN_POINT('',(1.088,0.254,0.559));
#3966 = VECTOR('',#3967,1.);
#3967 = DIRECTION('',(-2.22044604925E-16,-1.,0.));
#3968 = CARTESIAN_POINT('',(1.088,0.254,0.559));
#3969 = CARTESIAN_POINT('',(1.088,-0.254,0.559));
#3970 = GEOMETRIC_CURVE_SET('',(#3971));
#3971 = TRIMMED_CURVE('',#3972,(#3976,PARAMETER_VALUE(0.)),(#3977,
    PARAMETER_VALUE(3.4E-02)),.T.,.PARAMETER.);
#3972 = LINE('',#3973,#3974);
#3973 = CARTESIAN_POINT('',(1.054,0.254,0.559));
#3974 = VECTOR('',#3975,1.);
#3975 = DIRECTION('',(1.,-2.22044604925E-16,0.));
#3976 = CARTESIAN_POINT('',(1.054,0.254,0.559));
#3977 = CARTESIAN_POINT('',(1.088,0.254,0.559));
#3978 = GEOMETRIC_CURVE_SET('',(#3979));
#3979 = TRIMMED_CURVE('',#3980,(#3984,PARAMETER_VALUE(0.)),(#3985,
    PARAMETER_VALUE(0.508)),.T.,.PARAMETER.);
#3980 = LINE('',#3981,#3982);
#3981 = CARTESIAN_POINT('',(1.054,-0.254,0.448));
#3982 = VECTOR('',#3983,1.);
#3983 = DIRECTION('',(2.22044604925E-16,1.,0.));
#3984 = CARTESIAN_POINT('',(1.054,-0.254,0.448));
#3985 = CARTESIAN_POINT('',(1.054,0.254,0.448));
#3986 = GEOMETRIC_CURVE_SET('',(#3987));
#3987 = TRIMMED_CURVE('',#3988,(#3992,PARAMETER_VALUE(0.)),(#3993,
    PARAMETER_VALUE(3.4E-02)),.T.,.PARAMETER.);
#3988 = LINE('',#3989,#3990);
#3989 = CARTESIAN_POINT('',(1.088,0.254,0.448));
#3990 = VECTOR('',#3991,1.);
#3991 = DIRECTION('',(-1.,2.22044604925E-16,0.));
#3992 = CARTESIAN_POINT('',(1.088,0.254,0.448));
#3993 = CARTESIAN_POINT('',(1.054,0.254,0.448));
#3994 = GEOMETRIC_CURVE_SET('',(#3995));
#3995 = TRIMMED_CURVE('',#3996,(#4000,PARAMETER_VALUE(0.)),(#4001,
    PARAMETER_VALUE(0.508)),.T.,.PARAMETER.);
#3996 = LINE('',#3997,#3998);
#3997 = CARTESIAN_POINT('',(1.088,-0.254,0.448));
#3998 = VECTOR('',#3999,1.);
#3999 = DIRECTION('',(2.22044604925E-16,1.,0.));
#4000 = CARTESIAN_POINT('',(1.088,-0.254,0.448));
#4001 = CARTESIAN_POINT('',(1.088,0.254,0.448));
#4002 = GEOMETRIC_CURVE_SET('',(#4003));
#4003 = TRIMMED_CURVE('',#4004,(#4008,PARAMETER_VALUE(0.)),(#4009,
    PARAMETER_VALUE(3.4E-02)),.T.,.PARAMETER.);
#4004 = LINE('',#4005,#4006);
#4005 = CARTESIAN_POINT('',(1.054,-0.254,0.448));
#4006 = VECTOR('',#4007,1.);
#4007 = DIRECTION('',(1.,-2.22044604925E-16,0.));
#4008 = CARTESIAN_POINT('',(1.054,-0.254,0.448));
#4009 = CARTESIAN_POINT('',(1.088,-0.254,0.448));
#4010 = GEOMETRIC_CURVE_SET('',(#4011));
#4011 = TRIMMED_CURVE('',#4012,(#4016,PARAMETER_VALUE(0.)),(#4017,
    PARAMETER_VALUE(0.508)),.T.,.PARAMETER.);
#4012 = LINE('',#4013,#4014);
#4013 = CARTESIAN_POINT('',(1.357,0.254,0.193));
#4014 = VECTOR('',#4015,1.);
#4015 = DIRECTION('',(-2.22044604925E-16,-1.,0.));
#4016 = CARTESIAN_POINT('',(1.357,0.254,0.193));
#4017 = CARTESIAN_POINT('',(1.357,-0.254,0.193));
#4018 = GEOMETRIC_CURVE_SET('',(#4019));
#4019 = TRIMMED_CURVE('',#4020,(#4024,PARAMETER_VALUE(0.)),(#4025,
    PARAMETER_VALUE(0.208127338372)),.T.,.PARAMETER.);
#4020 = LINE('',#4021,#4022);
#4021 = CARTESIAN_POINT('',(1.303,0.254,0.394));
#4022 = VECTOR('',#4023,1.);
#4023 = DIRECTION('',(0.258969313954,-5.75027390047E-17,-0.965885549343)
  );
#4024 = CARTESIAN_POINT('',(1.303,0.254,0.394));
#4025 = CARTESIAN_POINT('',(1.357,0.254,0.193));
#4026 = GEOMETRIC_CURVE_SET('',(#4027));
#4027 = TRIMMED_CURVE('',#4028,(#4032,PARAMETER_VALUE(0.)),(#4033,
    PARAMETER_VALUE(0.508)),.T.,.PARAMETER.);
#4028 = LINE('',#4029,#4030);
#4029 = CARTESIAN_POINT('',(1.303,-0.254,0.394));
#4030 = VECTOR('',#4031,1.);
#4031 = DIRECTION('',(2.22044604925E-16,1.,0.));
#4032 = CARTESIAN_POINT('',(1.303,-0.254,0.394));
#4033 = CARTESIAN_POINT('',(1.303,0.254,0.394));
#4034 = GEOMETRIC_CURVE_SET('',(#4035));
#4035 = TRIMMED_CURVE('',#4036,(#4040,PARAMETER_VALUE(0.)),(#4041,
    PARAMETER_VALUE(0.208127338372)),.T.,.PARAMETER.);
#4036 = LINE('',#4037,#4038);
#4037 = CARTESIAN_POINT('',(1.357,-0.254,0.193));
#4038 = VECTOR('',#4039,1.);
#4039 = DIRECTION('',(-0.258969313954,5.75027390047E-17,0.965885549343)
  );
#4040 = CARTESIAN_POINT('',(1.357,-0.254,0.193));
#4041 = CARTESIAN_POINT('',(1.303,-0.254,0.394));
#4042 = GEOMETRIC_CURVE_SET('',(#4043));
#4043 = TRIMMED_CURVE('',#4044,(#4048,PARAMETER_VALUE(0.)),(#4049,
    PARAMETER_VALUE(0.508)),.T.,.PARAMETER.);
#4044 = LINE('',#4045,#4046);
#4045 = CARTESIAN_POINT('',(1.25,-0.254,0.165));
#4046 = VECTOR('',#4047,1.);
#4047 = DIRECTION('',(2.22044604925E-16,1.,0.));
#4048 = CARTESIAN_POINT('',(1.25,-0.254,0.165));
#4049 = CARTESIAN_POINT('',(1.25,0.254,0.165));
#4050 = GEOMETRIC_CURVE_SET('',(#4051));
#4051 = TRIMMED_CURVE('',#4052,(#4056,PARAMETER_VALUE(0.)),(#4057,
    PARAMETER_VALUE(0.207161452822)),.T.,.PARAMETER.);
#4052 = LINE('',#4053,#4054);
#4053 = CARTESIAN_POINT('',(1.196,-0.254,0.365));
#4054 = VECTOR('',#4055,1.);
#4055 = DIRECTION('',(0.258969313954,-5.75027390047E-17,-0.965885549343)
  );
#4056 = CARTESIAN_POINT('',(1.196,-0.254,0.365));
#4057 = CARTESIAN_POINT('',(1.25,-0.254,0.165));
#4058 = GEOMETRIC_CURVE_SET('',(#4059));
#4059 = TRIMMED_CURVE('',#4060,(#4064,PARAMETER_VALUE(0.)),(#4065,
    PARAMETER_VALUE(0.508)),.T.,.PARAMETER.);
#4060 = LINE('',#4061,#4062);
#4061 = CARTESIAN_POINT('',(1.196,0.254,0.365));
#4062 = VECTOR('',#4063,1.);
#4063 = DIRECTION('',(-2.22044604925E-16,-1.,0.));
#4064 = CARTESIAN_POINT('',(1.196,0.254,0.365));
#4065 = CARTESIAN_POINT('',(1.196,-0.254,0.365));
#4066 = GEOMETRIC_CURVE_SET('',(#4067));
#4067 = TRIMMED_CURVE('',#4068,(#4072,PARAMETER_VALUE(0.)),(#4073,
    PARAMETER_VALUE(0.207161452822)),.T.,.PARAMETER.);
#4068 = LINE('',#4069,#4070);
#4069 = CARTESIAN_POINT('',(1.25,0.254,0.165));
#4070 = VECTOR('',#4071,1.);
#4071 = DIRECTION('',(-0.258969313954,5.75027390047E-17,0.965885549343)
  );
#4072 = CARTESIAN_POINT('',(1.25,0.254,0.165));
#4073 = CARTESIAN_POINT('',(1.196,0.254,0.365));
#4074 = GEOMETRIC_CURVE_SET('',(#4075));
#4075 = TRIMMED_CURVE('',#4076,(#4080,PARAMETER_VALUE(0.)),(#4081,
    PARAMETER_VALUE(0.508)),.T.,.PARAMETER.);
#4076 = LINE('',#4077,#4078);
#4077 = CARTESIAN_POINT('',(1.499,0.254,0.111));
#4078 = VECTOR('',#4079,1.);
#4079 = DIRECTION('',(-2.22044604925E-16,-1.,0.));
#4080 = CARTESIAN_POINT('',(1.499,0.254,0.111));
#4081 = CARTESIAN_POINT('',(1.499,-0.254,0.111));
#4082 = GEOMETRIC_CURVE_SET('',(#4083));
#4083 = TRIMMED_CURVE('',#4084,(#4088,PARAMETER_VALUE(0.)),(#4089,
    PARAMETER_VALUE(3.5E-02)),.T.,.PARAMETER.);
#4084 = LINE('',#4085,#4086);
#4085 = CARTESIAN_POINT('',(1.464,0.254,0.111));
#4086 = VECTOR('',#4087,1.);
#4087 = DIRECTION('',(1.,-2.22044604925E-16,0.));
#4088 = CARTESIAN_POINT('',(1.464,0.254,0.111));
#4089 = CARTESIAN_POINT('',(1.499,0.254,0.111));
#4090 = GEOMETRIC_CURVE_SET('',(#4091));
#4091 = TRIMMED_CURVE('',#4092,(#4096,PARAMETER_VALUE(0.)),(#4097,
    PARAMETER_VALUE(0.508)),.T.,.PARAMETER.);
#4092 = LINE('',#4093,#4094);
#4093 = CARTESIAN_POINT('',(1.464,-0.254,0.111));
#4094 = VECTOR('',#4095,1.);
#4095 = DIRECTION('',(2.22044604925E-16,1.,0.));
#4096 = CARTESIAN_POINT('',(1.464,-0.254,0.111));
#4097 = CARTESIAN_POINT('',(1.464,0.254,0.111));
#4098 = GEOMETRIC_CURVE_SET('',(#4099));
#4099 = TRIMMED_CURVE('',#4100,(#4104,PARAMETER_VALUE(0.)),(#4105,
    PARAMETER_VALUE(3.5E-02)),.T.,.PARAMETER.);
#4100 = LINE('',#4101,#4102);
#4101 = CARTESIAN_POINT('',(1.499,-0.254,0.111));
#4102 = VECTOR('',#4103,1.);
#4103 = DIRECTION('',(-1.,2.22044604925E-16,0.));
#4104 = CARTESIAN_POINT('',(1.499,-0.254,0.111));
#4105 = CARTESIAN_POINT('',(1.464,-0.254,0.111));
#4106 = GEOMETRIC_CURVE_SET('',(#4107));
#4107 = TRIMMED_CURVE('',#4108,(#4112,PARAMETER_VALUE(0.)),(#4113,
    PARAMETER_VALUE(0.508)),.T.,.PARAMETER.);
#4108 = LINE('',#4109,#4110);
#4109 = CARTESIAN_POINT('',(1.464,0.254,0.));
#4110 = VECTOR('',#4111,1.);
#4111 = DIRECTION('',(-2.22044604925E-16,-1.,0.));
#4112 = CARTESIAN_POINT('',(1.464,0.254,0.));
#4113 = CARTESIAN_POINT('',(1.464,-0.254,0.));
#4114 = GEOMETRIC_CURVE_SET('',(#4115));
#4115 = TRIMMED_CURVE('',#4116,(#4120,PARAMETER_VALUE(0.)),(#4121,
    PARAMETER_VALUE(3.5E-02)),.T.,.PARAMETER.);
#4116 = LINE('',#4117,#4118);
#4117 = CARTESIAN_POINT('',(1.499,0.254,0.));
#4118 = VECTOR('',#4119,1.);
#4119 = DIRECTION('',(-1.,2.22044604925E-16,0.));
#4120 = CARTESIAN_POINT('',(1.499,0.254,0.));
#4121 = CARTESIAN_POINT('',(1.464,0.254,0.));
#4122 = GEOMETRIC_CURVE_SET('',(#4123));
#4123 = TRIMMED_CURVE('',#4124,(#4128,PARAMETER_VALUE(0.)),(#4129,
    PARAMETER_VALUE(0.508)),.T.,.PARAMETER.);
#4124 = LINE('',#4125,#4126);
#4125 = CARTESIAN_POINT('',(1.499,-0.254,0.));
#4126 = VECTOR('',#4127,1.);
#4127 = DIRECTION('',(2.22044604925E-16,1.,0.));
#4128 = CARTESIAN_POINT('',(1.499,-0.254,0.));
#4129 = CARTESIAN_POINT('',(1.499,0.254,0.));
#4130 = GEOMETRIC_CURVE_SET('',(#4131));
#4131 = TRIMMED_CURVE('',#4132,(#4136,PARAMETER_VALUE(0.)),(#4137,
    PARAMETER_VALUE(3.5E-02)),.T.,.PARAMETER.);
#4132 = LINE('',#4133,#4134);
#4133 = CARTESIAN_POINT('',(1.464,-0.254,0.));
#4134 = VECTOR('',#4135,1.);
#4135 = DIRECTION('',(1.,-2.22044604925E-16,0.));
#4136 = CARTESIAN_POINT('',(1.464,-0.254,0.));
#4137 = CARTESIAN_POINT('',(1.499,-0.254,0.));
#4138 = GEOMETRIC_CURVE_SET('',(#4139));
#4139 = TRIMMED_CURVE('',#4140,(#4144,PARAMETER_VALUE(0.)),(#4145,
    PARAMETER_VALUE(0.508)),.T.,.PARAMETER.);
#4140 = LINE('',#4141,#4142);
#4141 = CARTESIAN_POINT('',(1.499,-0.254,0.));
#4142 = VECTOR('',#4143,1.);
#4143 = DIRECTION('',(2.22044604925E-16,1.,0.));
#4144 = CARTESIAN_POINT('',(1.499,-0.254,0.));
#4145 = CARTESIAN_POINT('',(1.499,0.254,0.));
#4146 = GEOMETRIC_CURVE_SET('',(#4147));
#4147 = TRIMMED_CURVE('',#4148,(#4152,PARAMETER_VALUE(0.)),(#4153,
    PARAMETER_VALUE(0.111)),.T.,.PARAMETER.);
#4148 = LINE('',#4149,#4150);
#4149 = CARTESIAN_POINT('',(1.499,0.254,0.111));
#4150 = VECTOR('',#4151,1.);
#4151 = DIRECTION('',(0.,-0.,-1.));
#4152 = CARTESIAN_POINT('',(1.499,0.254,0.111));
#4153 = CARTESIAN_POINT('',(1.499,0.254,0.));
#4154 = GEOMETRIC_CURVE_SET('',(#4155));
#4155 = TRIMMED_CURVE('',#4156,(#4160,PARAMETER_VALUE(0.)),(#4161,
    PARAMETER_VALUE(0.508)),.T.,.PARAMETER.);
#4156 = LINE('',#4157,#4158);
#4157 = CARTESIAN_POINT('',(1.499,0.254,0.111));
#4158 = VECTOR('',#4159,1.);
#4159 = DIRECTION('',(-2.22044604925E-16,-1.,0.));
#4160 = CARTESIAN_POINT('',(1.499,0.254,0.111));
#4161 = CARTESIAN_POINT('',(1.499,-0.254,0.111));
#4162 = GEOMETRIC_CURVE_SET('',(#4163));
#4163 = TRIMMED_CURVE('',#4164,(#4168,PARAMETER_VALUE(0.)),(#4169,
    PARAMETER_VALUE(0.111)),.T.,.PARAMETER.);
#4164 = LINE('',#4165,#4166);
#4165 = CARTESIAN_POINT('',(1.499,-0.254,0.));
#4166 = VECTOR('',#4167,1.);
#4167 = DIRECTION('',(0.,0.,1.));
#4168 = CARTESIAN_POINT('',(1.499,-0.254,0.));
#4169 = CARTESIAN_POINT('',(1.499,-0.254,0.111));
#4170 = GEOMETRIC_CURVE_SET('',(#4171));
#4171 = TRIMMED_CURVE('',#4172,(#4176,PARAMETER_VALUE(0.)),(#4177,
    PARAMETER_VALUE(0.508)),.T.,.PARAMETER.);
#4172 = LINE('',#4173,#4174);
#4173 = CARTESIAN_POINT('',(1.088,0.254,0.559));
#4174 = VECTOR('',#4175,1.);
#4175 = DIRECTION('',(-2.22044604925E-16,-1.,0.));
#4176 = CARTESIAN_POINT('',(1.088,0.254,0.559));
#4177 = CARTESIAN_POINT('',(1.088,-0.254,0.559));
#4178 = GEOMETRIC_CURVE_SET('',(#4179));
#4179 = TRIMMED_CURVE('',#4180,(#4185,PARAMETER_VALUE(4.055649925275)),(
    #4186,PARAMETER_VALUE(5.367291875528)),.T.,.PARAMETER.);
#4180 = CIRCLE('',#4181,0.22225);
#4181 = AXIS2_PLACEMENT_3D('',#4182,#4183,#4184);
#4182 = CARTESIAN_POINT('',(1.088,-0.254,0.337));
#4183 = DIRECTION('',(-2.22044604925E-16,-1.,-3.534288332893E-33));
#4184 = DIRECTION('',(-0.793107076684,1.761051475054E-16,0.609082231652)
  );
#4185 = CARTESIAN_POINT('',(1.303,-0.254,0.394));
#4186 = CARTESIAN_POINT('',(1.088,-0.254,0.559));
#4187 = GEOMETRIC_CURVE_SET('',(#4188));
#4188 = TRIMMED_CURVE('',#4189,(#4193,PARAMETER_VALUE(0.)),(#4194,
    PARAMETER_VALUE(0.508)),.T.,.PARAMETER.);
#4189 = LINE('',#4190,#4191);
#4190 = CARTESIAN_POINT('',(1.303,-0.254,0.394));
#4191 = VECTOR('',#4192,1.);
#4192 = DIRECTION('',(2.22044604925E-16,1.,0.));
#4193 = CARTESIAN_POINT('',(1.303,-0.254,0.394));
#4194 = CARTESIAN_POINT('',(1.303,0.254,0.394));
#4195 = GEOMETRIC_CURVE_SET('',(#4196));
#4196 = TRIMMED_CURVE('',#4197,(#4202,PARAMETER_VALUE(4.057486085241)),(
    #4203,PARAMETER_VALUE(5.369128035494)),.T.,.PARAMETER.);
#4197 = CIRCLE('',#4198,0.22225);
#4198 = AXIS2_PLACEMENT_3D('',#4199,#4200,#4201);
#4199 = CARTESIAN_POINT('',(1.088,0.254,0.337));
#4200 = DIRECTION('',(2.22044604925E-16,1.,3.534288332893E-33));
#4201 = DIRECTION('',(0.793107076684,-1.761051475054E-16,-0.609082231652
    ));
#4202 = CARTESIAN_POINT('',(1.088,0.254,0.559));
#4203 = CARTESIAN_POINT('',(1.303,0.254,0.394));
#4204 = GEOMETRIC_CURVE_SET('',(#4205));
#4205 = TRIMMED_CURVE('',#4206,(#4211,PARAMETER_VALUE(4.057486085241)),(
    #4212,PARAMETER_VALUE(5.374608315897)),.T.,.PARAMETER.);
#4206 = CIRCLE('',#4207,0.111125);
#4207 = AXIS2_PLACEMENT_3D('',#4208,#4209,#4210);
#4208 = CARTESIAN_POINT('',(1.088,-0.254,0.337));
#4209 = DIRECTION('',(2.22044604925E-16,1.,3.534288332893E-33));
#4210 = DIRECTION('',(0.793107076684,-1.761051475054E-16,-0.609082231652
    ));
#4211 = CARTESIAN_POINT('',(1.088,-0.254,0.448));
#4212 = CARTESIAN_POINT('',(1.196,-0.254,0.365));
#4213 = GEOMETRIC_CURVE_SET('',(#4214));
#4214 = TRIMMED_CURVE('',#4215,(#4219,PARAMETER_VALUE(0.)),(#4220,
    PARAMETER_VALUE(0.508)),.T.,.PARAMETER.);
#4215 = LINE('',#4216,#4217);
#4216 = CARTESIAN_POINT('',(1.196,0.254,0.365));
#4217 = VECTOR('',#4218,1.);
#4218 = DIRECTION('',(-2.22044604925E-16,-1.,0.));
#4219 = CARTESIAN_POINT('',(1.196,0.254,0.365));
#4220 = CARTESIAN_POINT('',(1.196,-0.254,0.365));
#4221 = GEOMETRIC_CURVE_SET('',(#4222));
#4222 = TRIMMED_CURVE('',#4223,(#4228,PARAMETER_VALUE(4.050169644872)),(
    #4229,PARAMETER_VALUE(5.367291875528)),.T.,.PARAMETER.);
#4223 = CIRCLE('',#4224,0.111125);
#4224 = AXIS2_PLACEMENT_3D('',#4225,#4226,#4227);
#4225 = CARTESIAN_POINT('',(1.088,0.254,0.337));
#4226 = DIRECTION('',(-2.22044604925E-16,-1.,-3.534288332893E-33));
#4227 = DIRECTION('',(-0.793107076684,1.761051475054E-16,0.609082231652)
  );
#4228 = CARTESIAN_POINT('',(1.196,0.254,0.365));
#4229 = CARTESIAN_POINT('',(1.088,0.254,0.448));
#4230 = GEOMETRIC_CURVE_SET('',(#4231));
#4231 = TRIMMED_CURVE('',#4232,(#4236,PARAMETER_VALUE(0.)),(#4237,
    PARAMETER_VALUE(0.508)),.T.,.PARAMETER.);
#4232 = LINE('',#4233,#4234);
#4233 = CARTESIAN_POINT('',(1.088,-0.254,0.448));
#4234 = VECTOR('',#4235,1.);
#4235 = DIRECTION('',(2.22044604925E-16,1.,0.));
#4236 = CARTESIAN_POINT('',(1.088,-0.254,0.448));
#4237 = CARTESIAN_POINT('',(1.088,0.254,0.448));
#4238 = GEOMETRIC_CURVE_SET('',(#4239));
#4239 = TRIMMED_CURVE('',#4240,(#4245,PARAMETER_VALUE(4.057486085241)),(
    #4246,PARAMETER_VALUE(5.363612640046)),.T.,.PARAMETER.);
#4240 = CIRCLE('',#4241,0.111125);
#4241 = AXIS2_PLACEMENT_3D('',#4242,#4243,#4244);
#4242 = CARTESIAN_POINT('',(1.464,-0.254,0.222));
#4243 = DIRECTION('',(2.22044604925E-16,1.,3.534288332893E-33));
#4244 = DIRECTION('',(-0.793107076684,1.761051475054E-16,0.609082231652)
  );
#4245 = CARTESIAN_POINT('',(1.464,-0.254,0.111));
#4246 = CARTESIAN_POINT('',(1.357,-0.254,0.193));
#4247 = GEOMETRIC_CURVE_SET('',(#4248));
#4248 = TRIMMED_CURVE('',#4249,(#4253,PARAMETER_VALUE(0.)),(#4254,
    PARAMETER_VALUE(0.508)),.T.,.PARAMETER.);
#4249 = LINE('',#4250,#4251);
#4250 = CARTESIAN_POINT('',(1.357,0.254,0.193));
#4251 = VECTOR('',#4252,1.);
#4252 = DIRECTION('',(-2.22044604925E-16,-1.,0.));
#4253 = CARTESIAN_POINT('',(1.357,0.254,0.193));
#4254 = CARTESIAN_POINT('',(1.357,-0.254,0.193));
#4255 = GEOMETRIC_CURVE_SET('',(#4256));
#4256 = TRIMMED_CURVE('',#4257,(#4262,PARAMETER_VALUE(4.061165320724)),(
    #4263,PARAMETER_VALUE(5.367291875528)),.T.,.PARAMETER.);
#4257 = CIRCLE('',#4258,0.111125);
#4258 = AXIS2_PLACEMENT_3D('',#4259,#4260,#4261);
#4259 = CARTESIAN_POINT('',(1.464,0.254,0.222));
#4260 = DIRECTION('',(-2.22044604925E-16,-1.,-3.534288332893E-33));
#4261 = DIRECTION('',(0.793107076684,-1.761051475054E-16,-0.609082231652
    ));
#4262 = CARTESIAN_POINT('',(1.357,0.254,0.193));
#4263 = CARTESIAN_POINT('',(1.464,0.254,0.111));
#4264 = GEOMETRIC_CURVE_SET('',(#4265));
#4265 = TRIMMED_CURVE('',#4266,(#4270,PARAMETER_VALUE(0.)),(#4271,
    PARAMETER_VALUE(0.508)),.T.,.PARAMETER.);
#4266 = LINE('',#4267,#4268);
#4267 = CARTESIAN_POINT('',(1.464,-0.254,0.111));
#4268 = VECTOR('',#4269,1.);
#4269 = DIRECTION('',(2.22044604925E-16,1.,0.));
#4270 = CARTESIAN_POINT('',(1.464,-0.254,0.111));
#4271 = CARTESIAN_POINT('',(1.464,0.254,0.111));
#4272 = GEOMETRIC_CURVE_SET('',(#4273));
#4273 = TRIMMED_CURVE('',#4274,(#4278,PARAMETER_VALUE(0.)),(#4279,
    PARAMETER_VALUE(0.508)),.T.,.PARAMETER.);
#4274 = LINE('',#4275,#4276);
#4275 = CARTESIAN_POINT('',(1.464,0.254,0.));
#4276 = VECTOR('',#4277,1.);
#4277 = DIRECTION('',(-2.22044604925E-16,-1.,0.));
#4278 = CARTESIAN_POINT('',(1.464,0.254,0.));
#4279 = CARTESIAN_POINT('',(1.464,-0.254,0.));
#4280 = GEOMETRIC_CURVE_SET('',(#4281));
#4281 = TRIMMED_CURVE('',#4282,(#4287,PARAMETER_VALUE(4.056807073706)),(
    #4288,PARAMETER_VALUE(5.367291875528)),.T.,.PARAMETER.);
#4282 = CIRCLE('',#4283,0.22225);
#4283 = AXIS2_PLACEMENT_3D('',#4284,#4285,#4286);
#4284 = CARTESIAN_POINT('',(1.464,-0.254,0.222));
#4285 = DIRECTION('',(-2.22044604925E-16,-1.,-3.534288332893E-33));
#4286 = DIRECTION('',(0.793107076684,-1.761051475054E-16,-0.609082231652
    ));
#4287 = CARTESIAN_POINT('',(1.25,-0.254,0.165));
#4288 = CARTESIAN_POINT('',(1.464,-0.254,0.));
#4289 = GEOMETRIC_CURVE_SET('',(#4290));
#4290 = TRIMMED_CURVE('',#4291,(#4295,PARAMETER_VALUE(0.)),(#4296,
    PARAMETER_VALUE(0.508)),.T.,.PARAMETER.);
#4291 = LINE('',#4292,#4293);
#4292 = CARTESIAN_POINT('',(1.25,-0.254,0.165));
#4293 = VECTOR('',#4294,1.);
#4294 = DIRECTION('',(2.22044604925E-16,1.,0.));
#4295 = CARTESIAN_POINT('',(1.25,-0.254,0.165));
#4296 = CARTESIAN_POINT('',(1.25,0.254,0.165));
#4297 = GEOMETRIC_CURVE_SET('',(#4298));
#4298 = TRIMMED_CURVE('',#4299,(#4304,PARAMETER_VALUE(4.057486085241)),(
    #4305,PARAMETER_VALUE(5.367970887064)),.T.,.PARAMETER.);
#4299 = CIRCLE('',#4300,0.22225);
#4300 = AXIS2_PLACEMENT_3D('',#4301,#4302,#4303);
#4301 = CARTESIAN_POINT('',(1.464,0.254,0.222));
#4302 = DIRECTION('',(2.22044604925E-16,1.,3.534288332893E-33));
#4303 = DIRECTION('',(-0.793107076684,1.761051475054E-16,0.609082231652)
  );
#4304 = CARTESIAN_POINT('',(1.464,0.254,0.));
#4305 = CARTESIAN_POINT('',(1.25,0.254,0.165));
#4306 = GEOMETRIC_CURVE_SET('',(#4307));
#4307 = TRIMMED_CURVE('',#4308,(#4312,PARAMETER_VALUE(0.)),(#4313,
    PARAMETER_VALUE(3.4E-02)),.T.,.PARAMETER.);
#4308 = LINE('',#4309,#4310);
#4309 = CARTESIAN_POINT('',(1.088,-0.254,0.559));
#4310 = VECTOR('',#4311,1.);
#4311 = DIRECTION('',(-1.,2.22044604925E-16,0.));
#4312 = CARTESIAN_POINT('',(1.088,-0.254,0.559));
#4313 = CARTESIAN_POINT('',(1.054,-0.254,0.559));
#4314 = GEOMETRIC_CURVE_SET('',(#4315));
#4315 = TRIMMED_CURVE('',#4316,(#4320,PARAMETER_VALUE(0.)),(#4321,
    PARAMETER_VALUE(0.111)),.T.,.PARAMETER.);
#4316 = LINE('',#4317,#4318);
#4317 = CARTESIAN_POINT('',(1.054,-0.254,0.559));
#4318 = VECTOR('',#4319,1.);
#4319 = DIRECTION('',(0.,-0.,-1.));
#4320 = CARTESIAN_POINT('',(1.054,-0.254,0.559));
#4321 = CARTESIAN_POINT('',(1.054,-0.254,0.448));
#4322 = GEOMETRIC_CURVE_SET('',(#4323));
#4323 = TRIMMED_CURVE('',#4324,(#4328,PARAMETER_VALUE(0.)),(#4329,
    PARAMETER_VALUE(3.4E-02)),.T.,.PARAMETER.);
#4324 = LINE('',#4325,#4326);
#4325 = CARTESIAN_POINT('',(1.054,-0.254,0.448));
#4326 = VECTOR('',#4327,1.);
#4327 = DIRECTION('',(1.,-2.22044604925E-16,0.));
#4328 = CARTESIAN_POINT('',(1.054,-0.254,0.448));
#4329 = CARTESIAN_POINT('',(1.088,-0.254,0.448));
#4330 = GEOMETRIC_CURVE_SET('',(#4331));
#4331 = TRIMMED_CURVE('',#4332,(#4337,PARAMETER_VALUE(4.057486085241)),(
    #4338,PARAMETER_VALUE(5.374608315897)),.T.,.PARAMETER.);
#4332 = CIRCLE('',#4333,0.111125);
#4333 = AXIS2_PLACEMENT_3D('',#4334,#4335,#4336);
#4334 = CARTESIAN_POINT('',(1.088,-0.254,0.337));
#4335 = DIRECTION('',(2.22044604925E-16,1.,3.534288332893E-33));
#4336 = DIRECTION('',(0.793107076684,-1.761051475054E-16,-0.609082231652
    ));
#4337 = CARTESIAN_POINT('',(1.088,-0.254,0.448));
#4338 = CARTESIAN_POINT('',(1.196,-0.254,0.365));
#4339 = GEOMETRIC_CURVE_SET('',(#4340));
#4340 = TRIMMED_CURVE('',#4341,(#4345,PARAMETER_VALUE(0.)),(#4346,
    PARAMETER_VALUE(0.207161452822)),.T.,.PARAMETER.);
#4341 = LINE('',#4342,#4343);
#4342 = CARTESIAN_POINT('',(1.196,-0.254,0.365));
#4343 = VECTOR('',#4344,1.);
#4344 = DIRECTION('',(0.258969313954,-5.75027390047E-17,-0.965885549343)
  );
#4345 = CARTESIAN_POINT('',(1.196,-0.254,0.365));
#4346 = CARTESIAN_POINT('',(1.25,-0.254,0.165));
#4347 = GEOMETRIC_CURVE_SET('',(#4348));
#4348 = TRIMMED_CURVE('',#4349,(#4354,PARAMETER_VALUE(4.056807073706)),(
    #4355,PARAMETER_VALUE(5.367291875528)),.T.,.PARAMETER.);
#4349 = CIRCLE('',#4350,0.22225);
#4350 = AXIS2_PLACEMENT_3D('',#4351,#4352,#4353);
#4351 = CARTESIAN_POINT('',(1.464,-0.254,0.222));
#4352 = DIRECTION('',(-2.22044604925E-16,-1.,-3.534288332893E-33));
#4353 = DIRECTION('',(0.793107076684,-1.761051475054E-16,-0.609082231652
    ));
#4354 = CARTESIAN_POINT('',(1.25,-0.254,0.165));
#4355 = CARTESIAN_POINT('',(1.464,-0.254,0.));
#4356 = GEOMETRIC_CURVE_SET('',(#4357));
#4357 = TRIMMED_CURVE('',#4358,(#4362,PARAMETER_VALUE(0.)),(#4363,
    PARAMETER_VALUE(3.5E-02)),.T.,.PARAMETER.);
#4358 = LINE('',#4359,#4360);
#4359 = CARTESIAN_POINT('',(1.464,-0.254,0.));
#4360 = VECTOR('',#4361,1.);
#4361 = DIRECTION('',(1.,-2.22044604925E-16,0.));
#4362 = CARTESIAN_POINT('',(1.464,-0.254,0.));
#4363 = CARTESIAN_POINT('',(1.499,-0.254,0.));
#4364 = GEOMETRIC_CURVE_SET('',(#4365));
#4365 = TRIMMED_CURVE('',#4366,(#4370,PARAMETER_VALUE(0.)),(#4371,
    PARAMETER_VALUE(0.111)),.T.,.PARAMETER.);
#4366 = LINE('',#4367,#4368);
#4367 = CARTESIAN_POINT('',(1.499,-0.254,0.));
#4368 = VECTOR('',#4369,1.);
#4369 = DIRECTION('',(0.,0.,1.));
#4370 = CARTESIAN_POINT('',(1.499,-0.254,0.));
#4371 = CARTESIAN_POINT('',(1.499,-0.254,0.111));
#4372 = GEOMETRIC_CURVE_SET('',(#4373));
#4373 = TRIMMED_CURVE('',#4374,(#4378,PARAMETER_VALUE(0.)),(#4379,
    PARAMETER_VALUE(3.5E-02)),.T.,.PARAMETER.);
#4374 = LINE('',#4375,#4376);
#4375 = CARTESIAN_POINT('',(1.499,-0.254,0.111));
#4376 = VECTOR('',#4377,1.);
#4377 = DIRECTION('',(-1.,2.22044604925E-16,0.));
#4378 = CARTESIAN_POINT('',(1.499,-0.254,0.111));
#4379 = CARTESIAN_POINT('',(1.464,-0.254,0.111));
#4380 = GEOMETRIC_CURVE_SET('',(#4381));
#4381 = TRIMMED_CURVE('',#4382,(#4387,PARAMETER_VALUE(4.057486085241)),(
    #4388,PARAMETER_VALUE(5.363612640046)),.T.,.PARAMETER.);
#4382 = CIRCLE('',#4383,0.111125);
#4383 = AXIS2_PLACEMENT_3D('',#4384,#4385,#4386);
#4384 = CARTESIAN_POINT('',(1.464,-0.254,0.222));
#4385 = DIRECTION('',(2.22044604925E-16,1.,3.534288332893E-33));
#4386 = DIRECTION('',(-0.793107076684,1.761051475054E-16,0.609082231652)
  );
#4387 = CARTESIAN_POINT('',(1.464,-0.254,0.111));
#4388 = CARTESIAN_POINT('',(1.357,-0.254,0.193));
#4389 = GEOMETRIC_CURVE_SET('',(#4390));
#4390 = TRIMMED_CURVE('',#4391,(#4395,PARAMETER_VALUE(0.)),(#4396,
    PARAMETER_VALUE(0.208127338372)),.T.,.PARAMETER.);
#4391 = LINE('',#4392,#4393);
#4392 = CARTESIAN_POINT('',(1.357,-0.254,0.193));
#4393 = VECTOR('',#4394,1.);
#4394 = DIRECTION('',(-0.258969313954,5.75027390047E-17,0.965885549343)
  );
#4395 = CARTESIAN_POINT('',(1.357,-0.254,0.193));
#4396 = CARTESIAN_POINT('',(1.303,-0.254,0.394));
#4397 = GEOMETRIC_CURVE_SET('',(#4398));
#4398 = TRIMMED_CURVE('',#4399,(#4404,PARAMETER_VALUE(4.055649925275)),(
    #4405,PARAMETER_VALUE(5.367291875528)),.T.,.PARAMETER.);
#4399 = CIRCLE('',#4400,0.22225);
#4400 = AXIS2_PLACEMENT_3D('',#4401,#4402,#4403);
#4401 = CARTESIAN_POINT('',(1.088,-0.254,0.337));
#4402 = DIRECTION('',(-2.22044604925E-16,-1.,-3.534288332893E-33));
#4403 = DIRECTION('',(-0.793107076684,1.761051475054E-16,0.609082231652)
  );
#4404 = CARTESIAN_POINT('',(1.303,-0.254,0.394));
#4405 = CARTESIAN_POINT('',(1.088,-0.254,0.559));
#4406 = GEOMETRIC_CURVE_SET('',(#4407));
#4407 = TRIMMED_CURVE('',#4408,(#4412,PARAMETER_VALUE(0.)),(#4413,
    PARAMETER_VALUE(3.4E-02)),.T.,.PARAMETER.);
#4408 = LINE('',#4409,#4410);
#4409 = CARTESIAN_POINT('',(1.088,0.254,0.448));
#4410 = VECTOR('',#4411,1.);
#4411 = DIRECTION('',(-1.,2.22044604925E-16,0.));
#4412 = CARTESIAN_POINT('',(1.088,0.254,0.448));
#4413 = CARTESIAN_POINT('',(1.054,0.254,0.448));
#4414 = GEOMETRIC_CURVE_SET('',(#4415));
#4415 = TRIMMED_CURVE('',#4416,(#4420,PARAMETER_VALUE(0.)),(#4421,
    PARAMETER_VALUE(0.111)),.T.,.PARAMETER.);
#4416 = LINE('',#4417,#4418);
#4417 = CARTESIAN_POINT('',(1.054,0.254,0.448));
#4418 = VECTOR('',#4419,1.);
#4419 = DIRECTION('',(0.,0.,1.));
#4420 = CARTESIAN_POINT('',(1.054,0.254,0.448));
#4421 = CARTESIAN_POINT('',(1.054,0.254,0.559));
#4422 = GEOMETRIC_CURVE_SET('',(#4423));
#4423 = TRIMMED_CURVE('',#4424,(#4428,PARAMETER_VALUE(0.)),(#4429,
    PARAMETER_VALUE(3.4E-02)),.T.,.PARAMETER.);
#4424 = LINE('',#4425,#4426);
#4425 = CARTESIAN_POINT('',(1.054,0.254,0.559));
#4426 = VECTOR('',#4427,1.);
#4427 = DIRECTION('',(1.,-2.22044604925E-16,0.));
#4428 = CARTESIAN_POINT('',(1.054,0.254,0.559));
#4429 = CARTESIAN_POINT('',(1.088,0.254,0.559));
#4430 = GEOMETRIC_CURVE_SET('',(#4431));
#4431 = TRIMMED_CURVE('',#4432,(#4437,PARAMETER_VALUE(4.057486085241)),(
    #4438,PARAMETER_VALUE(5.369128035494)),.T.,.PARAMETER.);
#4432 = CIRCLE('',#4433,0.22225);
#4433 = AXIS2_PLACEMENT_3D('',#4434,#4435,#4436);
#4434 = CARTESIAN_POINT('',(1.088,0.254,0.337));
#4435 = DIRECTION('',(2.22044604925E-16,1.,3.534288332893E-33));
#4436 = DIRECTION('',(0.793107076684,-1.761051475054E-16,-0.609082231652
    ));
#4437 = CARTESIAN_POINT('',(1.088,0.254,0.559));
#4438 = CARTESIAN_POINT('',(1.303,0.254,0.394));
#4439 = GEOMETRIC_CURVE_SET('',(#4440));
#4440 = TRIMMED_CURVE('',#4441,(#4445,PARAMETER_VALUE(0.)),(#4446,
    PARAMETER_VALUE(0.208127338372)),.T.,.PARAMETER.);
#4441 = LINE('',#4442,#4443);
#4442 = CARTESIAN_POINT('',(1.303,0.254,0.394));
#4443 = VECTOR('',#4444,1.);
#4444 = DIRECTION('',(0.258969313954,-5.75027390047E-17,-0.965885549343)
  );
#4445 = CARTESIAN_POINT('',(1.303,0.254,0.394));
#4446 = CARTESIAN_POINT('',(1.357,0.254,0.193));
#4447 = GEOMETRIC_CURVE_SET('',(#4448));
#4448 = TRIMMED_CURVE('',#4449,(#4454,PARAMETER_VALUE(4.061165320724)),(
    #4455,PARAMETER_VALUE(5.367291875528)),.T.,.PARAMETER.);
#4449 = CIRCLE('',#4450,0.111125);
#4450 = AXIS2_PLACEMENT_3D('',#4451,#4452,#4453);
#4451 = CARTESIAN_POINT('',(1.464,0.254,0.222));
#4452 = DIRECTION('',(-2.22044604925E-16,-1.,-3.534288332893E-33));
#4453 = DIRECTION('',(0.793107076684,-1.761051475054E-16,-0.609082231652
    ));
#4454 = CARTESIAN_POINT('',(1.357,0.254,0.193));
#4455 = CARTESIAN_POINT('',(1.464,0.254,0.111));
#4456 = GEOMETRIC_CURVE_SET('',(#4457));
#4457 = TRIMMED_CURVE('',#4458,(#4462,PARAMETER_VALUE(0.)),(#4463,
    PARAMETER_VALUE(3.5E-02)),.T.,.PARAMETER.);
#4458 = LINE('',#4459,#4460);
#4459 = CARTESIAN_POINT('',(1.464,0.254,0.111));
#4460 = VECTOR('',#4461,1.);
#4461 = DIRECTION('',(1.,-2.22044604925E-16,0.));
#4462 = CARTESIAN_POINT('',(1.464,0.254,0.111));
#4463 = CARTESIAN_POINT('',(1.499,0.254,0.111));
#4464 = GEOMETRIC_CURVE_SET('',(#4465));
#4465 = TRIMMED_CURVE('',#4466,(#4470,PARAMETER_VALUE(0.)),(#4471,
    PARAMETER_VALUE(0.111)),.T.,.PARAMETER.);
#4466 = LINE('',#4467,#4468);
#4467 = CARTESIAN_POINT('',(1.499,0.254,0.111));
#4468 = VECTOR('',#4469,1.);
#4469 = DIRECTION('',(0.,-0.,-1.));
#4470 = CARTESIAN_POINT('',(1.499,0.254,0.111));
#4471 = CARTESIAN_POINT('',(1.499,0.254,0.));
#4472 = GEOMETRIC_CURVE_SET('',(#4473));
#4473 = TRIMMED_CURVE('',#4474,(#4478,PARAMETER_VALUE(0.)),(#4479,
    PARAMETER_VALUE(3.5E-02)),.T.,.PARAMETER.);
#4474 = LINE('',#4475,#4476);
#4475 = CARTESIAN_POINT('',(1.499,0.254,0.));
#4476 = VECTOR('',#4477,1.);
#4477 = DIRECTION('',(-1.,2.22044604925E-16,0.));
#4478 = CARTESIAN_POINT('',(1.499,0.254,0.));
#4479 = CARTESIAN_POINT('',(1.464,0.254,0.));
#4480 = GEOMETRIC_CURVE_SET('',(#4481));
#4481 = TRIMMED_CURVE('',#4482,(#4487,PARAMETER_VALUE(4.057486085241)),(
    #4488,PARAMETER_VALUE(5.367970887064)),.T.,.PARAMETER.);
#4482 = CIRCLE('',#4483,0.22225);
#4483 = AXIS2_PLACEMENT_3D('',#4484,#4485,#4486);
#4484 = CARTESIAN_POINT('',(1.464,0.254,0.222));
#4485 = DIRECTION('',(2.22044604925E-16,1.,3.534288332893E-33));
#4486 = DIRECTION('',(-0.793107076684,1.761051475054E-16,0.609082231652)
  );
#4487 = CARTESIAN_POINT('',(1.464,0.254,0.));
#4488 = CARTESIAN_POINT('',(1.25,0.254,0.165));
#4489 = GEOMETRIC_CURVE_SET('',(#4490));
#4490 = TRIMMED_CURVE('',#4491,(#4495,PARAMETER_VALUE(0.)),(#4496,
    PARAMETER_VALUE(0.207161452822)),.T.,.PARAMETER.);
#4491 = LINE('',#4492,#4493);
#4492 = CARTESIAN_POINT('',(1.25,0.254,0.165));
#4493 = VECTOR('',#4494,1.);
#4494 = DIRECTION('',(-0.258969313954,5.75027390047E-17,0.965885549343)
  );
#4495 = CARTESIAN_POINT('',(1.25,0.254,0.165));
#4496 = CARTESIAN_POINT('',(1.196,0.254,0.365));
#4497 = GEOMETRIC_CURVE_SET('',(#4498));
#4498 = TRIMMED_CURVE('',#4499,(#4504,PARAMETER_VALUE(4.050169644872)),(
    #4505,PARAMETER_VALUE(5.367291875528)),.T.,.PARAMETER.);
#4499 = CIRCLE('',#4500,0.111125);
#4500 = AXIS2_PLACEMENT_3D('',#4501,#4502,#4503);
#4501 = CARTESIAN_POINT('',(1.088,0.254,0.337));
#4502 = DIRECTION('',(-2.22044604925E-16,-1.,-3.534288332893E-33));
#4503 = DIRECTION('',(-0.793107076684,1.761051475054E-16,0.609082231652)
  );
#4504 = CARTESIAN_POINT('',(1.196,0.254,0.365));
#4505 = CARTESIAN_POINT('',(1.088,0.254,0.448));
#4506 = ( GEOMETRIC_REPRESENTATION_CONTEXT(3) 
GLOBAL_UNCERTAINTY_ASSIGNED_CONTEXT((#4510)) 
GLOBAL_UNIT_ASSIGNED_CONTEXT((#4507,#4508,#4509)) REPRESENTATION_CONTEXT
('Context #1','3D Context with UNIT and UNCERTAINTY') );
#4507 = ( LENGTH_UNIT() NAMED_UNIT(*) SI_UNIT(.MILLI.,.METRE.) );
#4508 = ( NAMED_UNIT(*) PLANE_ANGLE_UNIT() SI_UNIT($,.RADIAN.) );
#4509 = ( NAMED_UNIT(*) SI_UNIT($,.STERADIAN.) SOLID_ANGLE_UNIT() );
#4510 = UNCERTAINTY_MEASURE_WITH_UNIT(LENGTH_MEASURE(2.E-04),#4507,
  'distance_accuracy_value','confusion accuracy');
#4511 = PRODUCT_RELATED_PRODUCT_CATEGORY('part',$,(#7));
#4512 = MECHANICAL_DESIGN_GEOMETRIC_PRESENTATION_REPRESENTATION('',(
    #4513,#4524,#4533,#4541,#4548,#4555,#4562,#4569,#4576,#4583,#4590,
    #4597,#4604,#4611,#4618,#4625,#4632,#4641,#4649,#4656,#4663,#4670,
    #4677,#4684,#4691,#4698,#4705,#4712,#4719,#4726,#4733,#4740,#4749,
    #4756,#4763,#4770,#4777,#4784,#4791,#4798,#4805,#4812,#4819,#4826,
    #4833,#4840,#4847,#4856,#4863,#4870,#4877,#4884,#4891,#4898,#4905,
    #4912,#4919,#4926,#4933,#4940,#4947,#4954,#4963,#4972,#4981,#4990,
    #4999,#5008,#5017,#5026,#5035,#5044,#5053,#5062,#5071,#5080,#5089,
    #5098,#5107,#5116,#5125,#5134,#5143,#5152,#5161,#5170,#5179,#5188,
    #5197,#5206,#5215,#5224,#5233,#5242,#5251,#5260,#5269,#5278,#5287,
    #5296,#5305,#5314,#5323,#5332,#5341,#5350,#5359,#5368,#5377,#5386,
    #5395,#5404,#5413,#5422,#5431,#5440,#5449,#5458,#5467,#5476,#5485,
    #5494,#5503,#5512,#5521,#5530,#5539,#5548,#5557,#5566,#5575,#5584,
    #5593,#5602,#5611,#5620,#5629,#5638,#5647,#5656,#5665,#5674,#5683,
    #5692,#5701,#5710,#5719,#5728,#5737,#5746,#5755),#4506);
#4513 = STYLED_ITEM('color',(#4514),#572);
#4514 = PRESENTATION_STYLE_ASSIGNMENT((#4515,#4521));
#4515 = SURFACE_STYLE_USAGE(.BOTH.,#4516);
#4516 = SURFACE_SIDE_STYLE('',(#4517));
#4517 = SURFACE_STYLE_FILL_AREA(#4518);
#4518 = FILL_AREA_STYLE('',(#4519));
#4519 = FILL_AREA_STYLE_COLOUR('',#4520);
#4520 = COLOUR_RGB('',0.587999997538,0.587999997538,0.587999997538);
#4521 = CURVE_STYLE('',#4522,POSITIVE_LENGTH_MEASURE(0.1),#4523);
#4522 = DRAUGHTING_PRE_DEFINED_CURVE_FONT('continuous');
#4523 = COLOUR_RGB('',9.803921802644E-02,9.803921802644E-02,
  9.803921802644E-02);
#4524 = STYLED_ITEM('color',(#4525),#624);
#4525 = PRESENTATION_STYLE_ASSIGNMENT((#4526,#4531));
#4526 = SURFACE_STYLE_USAGE(.BOTH.,#4527);
#4527 = SURFACE_SIDE_STYLE('',(#4528));
#4528 = SURFACE_STYLE_FILL_AREA(#4529);
#4529 = FILL_AREA_STYLE('',(#4530));
#4530 = FILL_AREA_STYLE_COLOUR('',#4520);
#4531 = CURVE_STYLE('',#4532,POSITIVE_LENGTH_MEASURE(0.1),#4523);
#4532 = DRAUGHTING_PRE_DEFINED_CURVE_FONT('continuous');
#4533 = OVER_RIDING_STYLED_ITEM('overriding color',(#4534),#626,#4524);
#4534 = PRESENTATION_STYLE_ASSIGNMENT((#4535));
#4535 = SURFACE_STYLE_USAGE(.BOTH.,#4536);
#4536 = SURFACE_SIDE_STYLE('',(#4537));
#4537 = SURFACE_STYLE_FILL_AREA(#4538);
#4538 = FILL_AREA_STYLE('',(#4539));
#4539 = FILL_AREA_STYLE_COLOUR('',#4540);
#4540 = COLOUR_RGB('',0.196000005209,0.196000005209,0.196000005209);
#4541 = OVER_RIDING_STYLED_ITEM('overriding color',(#4542),#666,#4524);
#4542 = PRESENTATION_STYLE_ASSIGNMENT((#4543));
#4543 = SURFACE_STYLE_USAGE(.BOTH.,#4544);
#4544 = SURFACE_SIDE_STYLE('',(#4545));
#4545 = SURFACE_STYLE_FILL_AREA(#4546);
#4546 = FILL_AREA_STYLE('',(#4547));
#4547 = FILL_AREA_STYLE_COLOUR('',#4540);
#4548 = OVER_RIDING_STYLED_ITEM('overriding color',(#4549),#697,#4524);
#4549 = PRESENTATION_STYLE_ASSIGNMENT((#4550));
#4550 = SURFACE_STYLE_USAGE(.BOTH.,#4551);
#4551 = SURFACE_SIDE_STYLE('',(#4552));
#4552 = SURFACE_STYLE_FILL_AREA(#4553);
#4553 = FILL_AREA_STYLE('',(#4554));
#4554 = FILL_AREA_STYLE_COLOUR('',#4540);
#4555 = OVER_RIDING_STYLED_ITEM('overriding color',(#4556),#721,#4524);
#4556 = PRESENTATION_STYLE_ASSIGNMENT((#4557));
#4557 = SURFACE_STYLE_USAGE(.BOTH.,#4558);
#4558 = SURFACE_SIDE_STYLE('',(#4559));
#4559 = SURFACE_STYLE_FILL_AREA(#4560);
#4560 = FILL_AREA_STYLE('',(#4561));
#4561 = FILL_AREA_STYLE_COLOUR('',#4540);
#4562 = OVER_RIDING_STYLED_ITEM('overriding color',(#4563),#745,#4524);
#4563 = PRESENTATION_STYLE_ASSIGNMENT((#4564));
#4564 = SURFACE_STYLE_USAGE(.BOTH.,#4565);
#4565 = SURFACE_SIDE_STYLE('',(#4566));
#4566 = SURFACE_STYLE_FILL_AREA(#4567);
#4567 = FILL_AREA_STYLE('',(#4568));
#4568 = FILL_AREA_STYLE_COLOUR('',#4540);
#4569 = OVER_RIDING_STYLED_ITEM('overriding color',(#4570),#762,#4524);
#4570 = PRESENTATION_STYLE_ASSIGNMENT((#4571));
#4571 = SURFACE_STYLE_USAGE(.BOTH.,#4572);
#4572 = SURFACE_SIDE_STYLE('',(#4573));
#4573 = SURFACE_STYLE_FILL_AREA(#4574);
#4574 = FILL_AREA_STYLE('',(#4575));
#4575 = FILL_AREA_STYLE_COLOUR('',#4540);
#4576 = OVER_RIDING_STYLED_ITEM('overriding color',(#4577),#793,#4524);
#4577 = PRESENTATION_STYLE_ASSIGNMENT((#4578));
#4578 = SURFACE_STYLE_USAGE(.BOTH.,#4579);
#4579 = SURFACE_SIDE_STYLE('',(#4580));
#4580 = SURFACE_STYLE_FILL_AREA(#4581);
#4581 = FILL_AREA_STYLE('',(#4582));
#4582 = FILL_AREA_STYLE_COLOUR('',#4540);
#4583 = OVER_RIDING_STYLED_ITEM('overriding color',(#4584),#817,#4524);
#4584 = PRESENTATION_STYLE_ASSIGNMENT((#4585));
#4585 = SURFACE_STYLE_USAGE(.BOTH.,#4586);
#4586 = SURFACE_SIDE_STYLE('',(#4587));
#4587 = SURFACE_STYLE_FILL_AREA(#4588);
#4588 = FILL_AREA_STYLE('',(#4589));
#4589 = FILL_AREA_STYLE_COLOUR('',#4540);
#4590 = OVER_RIDING_STYLED_ITEM('overriding color',(#4591),#841,#4524);
#4591 = PRESENTATION_STYLE_ASSIGNMENT((#4592));
#4592 = SURFACE_STYLE_USAGE(.BOTH.,#4593);
#4593 = SURFACE_SIDE_STYLE('',(#4594));
#4594 = SURFACE_STYLE_FILL_AREA(#4595);
#4595 = FILL_AREA_STYLE('',(#4596));
#4596 = FILL_AREA_STYLE_COLOUR('',#4540);
#4597 = OVER_RIDING_STYLED_ITEM('overriding color',(#4598),#858,#4524);
#4598 = PRESENTATION_STYLE_ASSIGNMENT((#4599));
#4599 = SURFACE_STYLE_USAGE(.BOTH.,#4600);
#4600 = SURFACE_SIDE_STYLE('',(#4601));
#4601 = SURFACE_STYLE_FILL_AREA(#4602);
#4602 = FILL_AREA_STYLE('',(#4603));
#4603 = FILL_AREA_STYLE_COLOUR('',#4540);
#4604 = OVER_RIDING_STYLED_ITEM('overriding color',(#4605),#889,#4524);
#4605 = PRESENTATION_STYLE_ASSIGNMENT((#4606));
#4606 = SURFACE_STYLE_USAGE(.BOTH.,#4607);
#4607 = SURFACE_SIDE_STYLE('',(#4608));
#4608 = SURFACE_STYLE_FILL_AREA(#4609);
#4609 = FILL_AREA_STYLE('',(#4610));
#4610 = FILL_AREA_STYLE_COLOUR('',#4540);
#4611 = OVER_RIDING_STYLED_ITEM('overriding color',(#4612),#913,#4524);
#4612 = PRESENTATION_STYLE_ASSIGNMENT((#4613));
#4613 = SURFACE_STYLE_USAGE(.BOTH.,#4614);
#4614 = SURFACE_SIDE_STYLE('',(#4615));
#4615 = SURFACE_STYLE_FILL_AREA(#4616);
#4616 = FILL_AREA_STYLE('',(#4617));
#4617 = FILL_AREA_STYLE_COLOUR('',#4540);
#4618 = OVER_RIDING_STYLED_ITEM('overriding color',(#4619),#937,#4524);
#4619 = PRESENTATION_STYLE_ASSIGNMENT((#4620));
#4620 = SURFACE_STYLE_USAGE(.BOTH.,#4621);
#4621 = SURFACE_SIDE_STYLE('',(#4622));
#4622 = SURFACE_STYLE_FILL_AREA(#4623);
#4623 = FILL_AREA_STYLE('',(#4624));
#4624 = FILL_AREA_STYLE_COLOUR('',#4540);
#4625 = OVER_RIDING_STYLED_ITEM('overriding color',(#4626),#954,#4524);
#4626 = PRESENTATION_STYLE_ASSIGNMENT((#4627));
#4627 = SURFACE_STYLE_USAGE(.BOTH.,#4628);
#4628 = SURFACE_SIDE_STYLE('',(#4629));
#4629 = SURFACE_STYLE_FILL_AREA(#4630);
#4630 = FILL_AREA_STYLE('',(#4631));
#4631 = FILL_AREA_STYLE_COLOUR('',#4540);
#4632 = STYLED_ITEM('color',(#4633),#966);
#4633 = PRESENTATION_STYLE_ASSIGNMENT((#4634,#4639));
#4634 = SURFACE_STYLE_USAGE(.BOTH.,#4635);
#4635 = SURFACE_SIDE_STYLE('',(#4636));
#4636 = SURFACE_STYLE_FILL_AREA(#4637);
#4637 = FILL_AREA_STYLE('',(#4638));
#4638 = FILL_AREA_STYLE_COLOUR('',#4520);
#4639 = CURVE_STYLE('',#4640,POSITIVE_LENGTH_MEASURE(0.1),#4523);
#4640 = DRAUGHTING_PRE_DEFINED_CURVE_FONT('continuous');
#4641 = OVER_RIDING_STYLED_ITEM('overriding color',(#4642),#968,#4632);
#4642 = PRESENTATION_STYLE_ASSIGNMENT((#4643));
#4643 = SURFACE_STYLE_USAGE(.BOTH.,#4644);
#4644 = SURFACE_SIDE_STYLE('',(#4645));
#4645 = SURFACE_STYLE_FILL_AREA(#4646);
#4646 = FILL_AREA_STYLE('',(#4647));
#4647 = FILL_AREA_STYLE_COLOUR('',#4648);
#4648 = COLOUR_RGB('',0.724999971175,0.724999971175,0.724999971175);
#4649 = OVER_RIDING_STYLED_ITEM('overriding color',(#4650),#1008,#4632);
#4650 = PRESENTATION_STYLE_ASSIGNMENT((#4651));
#4651 = SURFACE_STYLE_USAGE(.BOTH.,#4652);
#4652 = SURFACE_SIDE_STYLE('',(#4653));
#4653 = SURFACE_STYLE_FILL_AREA(#4654);
#4654 = FILL_AREA_STYLE('',(#4655));
#4655 = FILL_AREA_STYLE_COLOUR('',#4648);
#4656 = OVER_RIDING_STYLED_ITEM('overriding color',(#4657),#1039,#4632);
#4657 = PRESENTATION_STYLE_ASSIGNMENT((#4658));
#4658 = SURFACE_STYLE_USAGE(.BOTH.,#4659);
#4659 = SURFACE_SIDE_STYLE('',(#4660));
#4660 = SURFACE_STYLE_FILL_AREA(#4661);
#4661 = FILL_AREA_STYLE('',(#4662));
#4662 = FILL_AREA_STYLE_COLOUR('',#4648);
#4663 = OVER_RIDING_STYLED_ITEM('overriding color',(#4664),#1070,#4632);
#4664 = PRESENTATION_STYLE_ASSIGNMENT((#4665));
#4665 = SURFACE_STYLE_USAGE(.BOTH.,#4666);
#4666 = SURFACE_SIDE_STYLE('',(#4667));
#4667 = SURFACE_STYLE_FILL_AREA(#4668);
#4668 = FILL_AREA_STYLE('',(#4669));
#4669 = FILL_AREA_STYLE_COLOUR('',#4648);
#4670 = OVER_RIDING_STYLED_ITEM('overriding color',(#4671),#1110,#4632);
#4671 = PRESENTATION_STYLE_ASSIGNMENT((#4672));
#4672 = SURFACE_STYLE_USAGE(.BOTH.,#4673);
#4673 = SURFACE_SIDE_STYLE('',(#4674));
#4674 = SURFACE_STYLE_FILL_AREA(#4675);
#4675 = FILL_AREA_STYLE('',(#4676));
#4676 = FILL_AREA_STYLE_COLOUR('',#4648);
#4677 = OVER_RIDING_STYLED_ITEM('overriding color',(#4678),#1150,#4632);
#4678 = PRESENTATION_STYLE_ASSIGNMENT((#4679));
#4679 = SURFACE_STYLE_USAGE(.BOTH.,#4680);
#4680 = SURFACE_SIDE_STYLE('',(#4681));
#4681 = SURFACE_STYLE_FILL_AREA(#4682);
#4682 = FILL_AREA_STYLE('',(#4683));
#4683 = FILL_AREA_STYLE_COLOUR('',#4648);
#4684 = OVER_RIDING_STYLED_ITEM('overriding color',(#4685),#1190,#4632);
#4685 = PRESENTATION_STYLE_ASSIGNMENT((#4686));
#4686 = SURFACE_STYLE_USAGE(.BOTH.,#4687);
#4687 = SURFACE_SIDE_STYLE('',(#4688));
#4688 = SURFACE_STYLE_FILL_AREA(#4689);
#4689 = FILL_AREA_STYLE('',(#4690));
#4690 = FILL_AREA_STYLE_COLOUR('',#4648);
#4691 = OVER_RIDING_STYLED_ITEM('overriding color',(#4692),#1230,#4632);
#4692 = PRESENTATION_STYLE_ASSIGNMENT((#4693));
#4693 = SURFACE_STYLE_USAGE(.BOTH.,#4694);
#4694 = SURFACE_SIDE_STYLE('',(#4695));
#4695 = SURFACE_STYLE_FILL_AREA(#4696);
#4696 = FILL_AREA_STYLE('',(#4697));
#4697 = FILL_AREA_STYLE_COLOUR('',#4648);
#4698 = OVER_RIDING_STYLED_ITEM('overriding color',(#4699),#1252,#4632);
#4699 = PRESENTATION_STYLE_ASSIGNMENT((#4700));
#4700 = SURFACE_STYLE_USAGE(.BOTH.,#4701);
#4701 = SURFACE_SIDE_STYLE('',(#4702));
#4702 = SURFACE_STYLE_FILL_AREA(#4703);
#4703 = FILL_AREA_STYLE('',(#4704));
#4704 = FILL_AREA_STYLE_COLOUR('',#4648);
#4705 = OVER_RIDING_STYLED_ITEM('overriding color',(#4706),#1276,#4632);
#4706 = PRESENTATION_STYLE_ASSIGNMENT((#4707));
#4707 = SURFACE_STYLE_USAGE(.BOTH.,#4708);
#4708 = SURFACE_SIDE_STYLE('',(#4709));
#4709 = SURFACE_STYLE_FILL_AREA(#4710);
#4710 = FILL_AREA_STYLE('',(#4711));
#4711 = FILL_AREA_STYLE_COLOUR('',#4648);
#4712 = OVER_RIDING_STYLED_ITEM('overriding color',(#4713),#1300,#4632);
#4713 = PRESENTATION_STYLE_ASSIGNMENT((#4714));
#4714 = SURFACE_STYLE_USAGE(.BOTH.,#4715);
#4715 = SURFACE_SIDE_STYLE('',(#4716));
#4716 = SURFACE_STYLE_FILL_AREA(#4717);
#4717 = FILL_AREA_STYLE('',(#4718));
#4718 = FILL_AREA_STYLE_COLOUR('',#4648);
#4719 = OVER_RIDING_STYLED_ITEM('overriding color',(#4720),#1324,#4632);
#4720 = PRESENTATION_STYLE_ASSIGNMENT((#4721));
#4721 = SURFACE_STYLE_USAGE(.BOTH.,#4722);
#4722 = SURFACE_SIDE_STYLE('',(#4723));
#4723 = SURFACE_STYLE_FILL_AREA(#4724);
#4724 = FILL_AREA_STYLE('',(#4725));
#4725 = FILL_AREA_STYLE_COLOUR('',#4648);
#4726 = OVER_RIDING_STYLED_ITEM('overriding color',(#4727),#1348,#4632);
#4727 = PRESENTATION_STYLE_ASSIGNMENT((#4728));
#4728 = SURFACE_STYLE_USAGE(.BOTH.,#4729);
#4729 = SURFACE_SIDE_STYLE('',(#4730));
#4730 = SURFACE_STYLE_FILL_AREA(#4731);
#4731 = FILL_AREA_STYLE('',(#4732));
#4732 = FILL_AREA_STYLE_COLOUR('',#4648);
#4733 = OVER_RIDING_STYLED_ITEM('overriding color',(#4734),#1368,#4632);
#4734 = PRESENTATION_STYLE_ASSIGNMENT((#4735));
#4735 = SURFACE_STYLE_USAGE(.BOTH.,#4736);
#4736 = SURFACE_SIDE_STYLE('',(#4737));
#4737 = SURFACE_STYLE_FILL_AREA(#4738);
#4738 = FILL_AREA_STYLE('',(#4739));
#4739 = FILL_AREA_STYLE_COLOUR('',#4648);
#4740 = STYLED_ITEM('color',(#4741),#1388);
#4741 = PRESENTATION_STYLE_ASSIGNMENT((#4742,#4747));
#4742 = SURFACE_STYLE_USAGE(.BOTH.,#4743);
#4743 = SURFACE_SIDE_STYLE('',(#4744));
#4744 = SURFACE_STYLE_FILL_AREA(#4745);
#4745 = FILL_AREA_STYLE('',(#4746));
#4746 = FILL_AREA_STYLE_COLOUR('',#4520);
#4747 = CURVE_STYLE('',#4748,POSITIVE_LENGTH_MEASURE(0.1),#4523);
#4748 = DRAUGHTING_PRE_DEFINED_CURVE_FONT('continuous');
#4749 = OVER_RIDING_STYLED_ITEM('overriding color',(#4750),#1390,#4740);
#4750 = PRESENTATION_STYLE_ASSIGNMENT((#4751));
#4751 = SURFACE_STYLE_USAGE(.BOTH.,#4752);
#4752 = SURFACE_SIDE_STYLE('',(#4753));
#4753 = SURFACE_STYLE_FILL_AREA(#4754);
#4754 = FILL_AREA_STYLE('',(#4755));
#4755 = FILL_AREA_STYLE_COLOUR('',#4648);
#4756 = OVER_RIDING_STYLED_ITEM('overriding color',(#4757),#1430,#4740);
#4757 = PRESENTATION_STYLE_ASSIGNMENT((#4758));
#4758 = SURFACE_STYLE_USAGE(.BOTH.,#4759);
#4759 = SURFACE_SIDE_STYLE('',(#4760));
#4760 = SURFACE_STYLE_FILL_AREA(#4761);
#4761 = FILL_AREA_STYLE('',(#4762));
#4762 = FILL_AREA_STYLE_COLOUR('',#4648);
#4763 = OVER_RIDING_STYLED_ITEM('overriding color',(#4764),#1461,#4740);
#4764 = PRESENTATION_STYLE_ASSIGNMENT((#4765));
#4765 = SURFACE_STYLE_USAGE(.BOTH.,#4766);
#4766 = SURFACE_SIDE_STYLE('',(#4767));
#4767 = SURFACE_STYLE_FILL_AREA(#4768);
#4768 = FILL_AREA_STYLE('',(#4769));
#4769 = FILL_AREA_STYLE_COLOUR('',#4648);
#4770 = OVER_RIDING_STYLED_ITEM('overriding color',(#4771),#1492,#4740);
#4771 = PRESENTATION_STYLE_ASSIGNMENT((#4772));
#4772 = SURFACE_STYLE_USAGE(.BOTH.,#4773);
#4773 = SURFACE_SIDE_STYLE('',(#4774));
#4774 = SURFACE_STYLE_FILL_AREA(#4775);
#4775 = FILL_AREA_STYLE('',(#4776));
#4776 = FILL_AREA_STYLE_COLOUR('',#4648);
#4777 = OVER_RIDING_STYLED_ITEM('overriding color',(#4778),#1532,#4740);
#4778 = PRESENTATION_STYLE_ASSIGNMENT((#4779));
#4779 = SURFACE_STYLE_USAGE(.BOTH.,#4780);
#4780 = SURFACE_SIDE_STYLE('',(#4781));
#4781 = SURFACE_STYLE_FILL_AREA(#4782);
#4782 = FILL_AREA_STYLE('',(#4783));
#4783 = FILL_AREA_STYLE_COLOUR('',#4648);
#4784 = OVER_RIDING_STYLED_ITEM('overriding color',(#4785),#1572,#4740);
#4785 = PRESENTATION_STYLE_ASSIGNMENT((#4786));
#4786 = SURFACE_STYLE_USAGE(.BOTH.,#4787);
#4787 = SURFACE_SIDE_STYLE('',(#4788));
#4788 = SURFACE_STYLE_FILL_AREA(#4789);
#4789 = FILL_AREA_STYLE('',(#4790));
#4790 = FILL_AREA_STYLE_COLOUR('',#4648);
#4791 = OVER_RIDING_STYLED_ITEM('overriding color',(#4792),#1612,#4740);
#4792 = PRESENTATION_STYLE_ASSIGNMENT((#4793));
#4793 = SURFACE_STYLE_USAGE(.BOTH.,#4794);
#4794 = SURFACE_SIDE_STYLE('',(#4795));
#4795 = SURFACE_STYLE_FILL_AREA(#4796);
#4796 = FILL_AREA_STYLE('',(#4797));
#4797 = FILL_AREA_STYLE_COLOUR('',#4648);
#4798 = OVER_RIDING_STYLED_ITEM('overriding color',(#4799),#1652,#4740);
#4799 = PRESENTATION_STYLE_ASSIGNMENT((#4800));
#4800 = SURFACE_STYLE_USAGE(.BOTH.,#4801);
#4801 = SURFACE_SIDE_STYLE('',(#4802));
#4802 = SURFACE_STYLE_FILL_AREA(#4803);
#4803 = FILL_AREA_STYLE('',(#4804));
#4804 = FILL_AREA_STYLE_COLOUR('',#4648);
#4805 = OVER_RIDING_STYLED_ITEM('overriding color',(#4806),#1674,#4740);
#4806 = PRESENTATION_STYLE_ASSIGNMENT((#4807));
#4807 = SURFACE_STYLE_USAGE(.BOTH.,#4808);
#4808 = SURFACE_SIDE_STYLE('',(#4809));
#4809 = SURFACE_STYLE_FILL_AREA(#4810);
#4810 = FILL_AREA_STYLE('',(#4811));
#4811 = FILL_AREA_STYLE_COLOUR('',#4648);
#4812 = OVER_RIDING_STYLED_ITEM('overriding color',(#4813),#1698,#4740);
#4813 = PRESENTATION_STYLE_ASSIGNMENT((#4814));
#4814 = SURFACE_STYLE_USAGE(.BOTH.,#4815);
#4815 = SURFACE_SIDE_STYLE('',(#4816));
#4816 = SURFACE_STYLE_FILL_AREA(#4817);
#4817 = FILL_AREA_STYLE('',(#4818));
#4818 = FILL_AREA_STYLE_COLOUR('',#4648);
#4819 = OVER_RIDING_STYLED_ITEM('overriding color',(#4820),#1722,#4740);
#4820 = PRESENTATION_STYLE_ASSIGNMENT((#4821));
#4821 = SURFACE_STYLE_USAGE(.BOTH.,#4822);
#4822 = SURFACE_SIDE_STYLE('',(#4823));
#4823 = SURFACE_STYLE_FILL_AREA(#4824);
#4824 = FILL_AREA_STYLE('',(#4825));
#4825 = FILL_AREA_STYLE_COLOUR('',#4648);
#4826 = OVER_RIDING_STYLED_ITEM('overriding color',(#4827),#1746,#4740);
#4827 = PRESENTATION_STYLE_ASSIGNMENT((#4828));
#4828 = SURFACE_STYLE_USAGE(.BOTH.,#4829);
#4829 = SURFACE_SIDE_STYLE('',(#4830));
#4830 = SURFACE_STYLE_FILL_AREA(#4831);
#4831 = FILL_AREA_STYLE('',(#4832));
#4832 = FILL_AREA_STYLE_COLOUR('',#4648);
#4833 = OVER_RIDING_STYLED_ITEM('overriding color',(#4834),#1770,#4740);
#4834 = PRESENTATION_STYLE_ASSIGNMENT((#4835));
#4835 = SURFACE_STYLE_USAGE(.BOTH.,#4836);
#4836 = SURFACE_SIDE_STYLE('',(#4837));
#4837 = SURFACE_STYLE_FILL_AREA(#4838);
#4838 = FILL_AREA_STYLE('',(#4839));
#4839 = FILL_AREA_STYLE_COLOUR('',#4648);
#4840 = OVER_RIDING_STYLED_ITEM('overriding color',(#4841),#1790,#4740);
#4841 = PRESENTATION_STYLE_ASSIGNMENT((#4842));
#4842 = SURFACE_STYLE_USAGE(.BOTH.,#4843);
#4843 = SURFACE_SIDE_STYLE('',(#4844));
#4844 = SURFACE_STYLE_FILL_AREA(#4845);
#4845 = FILL_AREA_STYLE('',(#4846));
#4846 = FILL_AREA_STYLE_COLOUR('',#4648);
#4847 = STYLED_ITEM('color',(#4848),#1810);
#4848 = PRESENTATION_STYLE_ASSIGNMENT((#4849,#4854));
#4849 = SURFACE_STYLE_USAGE(.BOTH.,#4850);
#4850 = SURFACE_SIDE_STYLE('',(#4851));
#4851 = SURFACE_STYLE_FILL_AREA(#4852);
#4852 = FILL_AREA_STYLE('',(#4853));
#4853 = FILL_AREA_STYLE_COLOUR('',#4520);
#4854 = CURVE_STYLE('',#4855,POSITIVE_LENGTH_MEASURE(0.1),#4523);
#4855 = DRAUGHTING_PRE_DEFINED_CURVE_FONT('continuous');
#4856 = OVER_RIDING_STYLED_ITEM('overriding color',(#4857),#1812,#4847);
#4857 = PRESENTATION_STYLE_ASSIGNMENT((#4858));
#4858 = SURFACE_STYLE_USAGE(.BOTH.,#4859);
#4859 = SURFACE_SIDE_STYLE('',(#4860));
#4860 = SURFACE_STYLE_FILL_AREA(#4861);
#4861 = FILL_AREA_STYLE('',(#4862));
#4862 = FILL_AREA_STYLE_COLOUR('',#4648);
#4863 = OVER_RIDING_STYLED_ITEM('overriding color',(#4864),#1852,#4847);
#4864 = PRESENTATION_STYLE_ASSIGNMENT((#4865));
#4865 = SURFACE_STYLE_USAGE(.BOTH.,#4866);
#4866 = SURFACE_SIDE_STYLE('',(#4867));
#4867 = SURFACE_STYLE_FILL_AREA(#4868);
#4868 = FILL_AREA_STYLE('',(#4869));
#4869 = FILL_AREA_STYLE_COLOUR('',#4648);
#4870 = OVER_RIDING_STYLED_ITEM('overriding color',(#4871),#1883,#4847);
#4871 = PRESENTATION_STYLE_ASSIGNMENT((#4872));
#4872 = SURFACE_STYLE_USAGE(.BOTH.,#4873);
#4873 = SURFACE_SIDE_STYLE('',(#4874));
#4874 = SURFACE_STYLE_FILL_AREA(#4875);
#4875 = FILL_AREA_STYLE('',(#4876));
#4876 = FILL_AREA_STYLE_COLOUR('',#4648);
#4877 = OVER_RIDING_STYLED_ITEM('overriding color',(#4878),#1914,#4847);
#4878 = PRESENTATION_STYLE_ASSIGNMENT((#4879));
#4879 = SURFACE_STYLE_USAGE(.BOTH.,#4880);
#4880 = SURFACE_SIDE_STYLE('',(#4881));
#4881 = SURFACE_STYLE_FILL_AREA(#4882);
#4882 = FILL_AREA_STYLE('',(#4883));
#4883 = FILL_AREA_STYLE_COLOUR('',#4648);
#4884 = OVER_RIDING_STYLED_ITEM('overriding color',(#4885),#1954,#4847);
#4885 = PRESENTATION_STYLE_ASSIGNMENT((#4886));
#4886 = SURFACE_STYLE_USAGE(.BOTH.,#4887);
#4887 = SURFACE_SIDE_STYLE('',(#4888));
#4888 = SURFACE_STYLE_FILL_AREA(#4889);
#4889 = FILL_AREA_STYLE('',(#4890));
#4890 = FILL_AREA_STYLE_COLOUR('',#4648);
#4891 = OVER_RIDING_STYLED_ITEM('overriding color',(#4892),#1994,#4847);
#4892 = PRESENTATION_STYLE_ASSIGNMENT((#4893));
#4893 = SURFACE_STYLE_USAGE(.BOTH.,#4894);
#4894 = SURFACE_SIDE_STYLE('',(#4895));
#4895 = SURFACE_STYLE_FILL_AREA(#4896);
#4896 = FILL_AREA_STYLE('',(#4897));
#4897 = FILL_AREA_STYLE_COLOUR('',#4648);
#4898 = OVER_RIDING_STYLED_ITEM('overriding color',(#4899),#2034,#4847);
#4899 = PRESENTATION_STYLE_ASSIGNMENT((#4900));
#4900 = SURFACE_STYLE_USAGE(.BOTH.,#4901);
#4901 = SURFACE_SIDE_STYLE('',(#4902));
#4902 = SURFACE_STYLE_FILL_AREA(#4903);
#4903 = FILL_AREA_STYLE('',(#4904));
#4904 = FILL_AREA_STYLE_COLOUR('',#4648);
#4905 = OVER_RIDING_STYLED_ITEM('overriding color',(#4906),#2074,#4847);
#4906 = PRESENTATION_STYLE_ASSIGNMENT((#4907));
#4907 = SURFACE_STYLE_USAGE(.BOTH.,#4908);
#4908 = SURFACE_SIDE_STYLE('',(#4909));
#4909 = SURFACE_STYLE_FILL_AREA(#4910);
#4910 = FILL_AREA_STYLE('',(#4911));
#4911 = FILL_AREA_STYLE_COLOUR('',#4648);
#4912 = OVER_RIDING_STYLED_ITEM('overriding color',(#4913),#2096,#4847);
#4913 = PRESENTATION_STYLE_ASSIGNMENT((#4914));
#4914 = SURFACE_STYLE_USAGE(.BOTH.,#4915);
#4915 = SURFACE_SIDE_STYLE('',(#4916));
#4916 = SURFACE_STYLE_FILL_AREA(#4917);
#4917 = FILL_AREA_STYLE('',(#4918));
#4918 = FILL_AREA_STYLE_COLOUR('',#4648);
#4919 = OVER_RIDING_STYLED_ITEM('overriding color',(#4920),#2120,#4847);
#4920 = PRESENTATION_STYLE_ASSIGNMENT((#4921));
#4921 = SURFACE_STYLE_USAGE(.BOTH.,#4922);
#4922 = SURFACE_SIDE_STYLE('',(#4923));
#4923 = SURFACE_STYLE_FILL_AREA(#4924);
#4924 = FILL_AREA_STYLE('',(#4925));
#4925 = FILL_AREA_STYLE_COLOUR('',#4648);
#4926 = OVER_RIDING_STYLED_ITEM('overriding color',(#4927),#2144,#4847);
#4927 = PRESENTATION_STYLE_ASSIGNMENT((#4928));
#4928 = SURFACE_STYLE_USAGE(.BOTH.,#4929);
#4929 = SURFACE_SIDE_STYLE('',(#4930));
#4930 = SURFACE_STYLE_FILL_AREA(#4931);
#4931 = FILL_AREA_STYLE('',(#4932));
#4932 = FILL_AREA_STYLE_COLOUR('',#4648);
#4933 = OVER_RIDING_STYLED_ITEM('overriding color',(#4934),#2168,#4847);
#4934 = PRESENTATION_STYLE_ASSIGNMENT((#4935));
#4935 = SURFACE_STYLE_USAGE(.BOTH.,#4936);
#4936 = SURFACE_SIDE_STYLE('',(#4937));
#4937 = SURFACE_STYLE_FILL_AREA(#4938);
#4938 = FILL_AREA_STYLE('',(#4939));
#4939 = FILL_AREA_STYLE_COLOUR('',#4648);
#4940 = OVER_RIDING_STYLED_ITEM('overriding color',(#4941),#2192,#4847);
#4941 = PRESENTATION_STYLE_ASSIGNMENT((#4942));
#4942 = SURFACE_STYLE_USAGE(.BOTH.,#4943);
#4943 = SURFACE_SIDE_STYLE('',(#4944));
#4944 = SURFACE_STYLE_FILL_AREA(#4945);
#4945 = FILL_AREA_STYLE('',(#4946));
#4946 = FILL_AREA_STYLE_COLOUR('',#4648);
#4947 = OVER_RIDING_STYLED_ITEM('overriding color',(#4948),#2212,#4847);
#4948 = PRESENTATION_STYLE_ASSIGNMENT((#4949));
#4949 = SURFACE_STYLE_USAGE(.BOTH.,#4950);
#4950 = SURFACE_SIDE_STYLE('',(#4951));
#4951 = SURFACE_STYLE_FILL_AREA(#4952);
#4952 = FILL_AREA_STYLE('',(#4953));
#4953 = FILL_AREA_STYLE_COLOUR('',#4648);
#4954 = STYLED_ITEM('color',(#4955),#579);
#4955 = PRESENTATION_STYLE_ASSIGNMENT((#4956,#4961));
#4956 = SURFACE_STYLE_USAGE(.BOTH.,#4957);
#4957 = SURFACE_SIDE_STYLE('',(#4958));
#4958 = SURFACE_STYLE_FILL_AREA(#4959);
#4959 = FILL_AREA_STYLE('',(#4960));
#4960 = FILL_AREA_STYLE_COLOUR('',#4520);
#4961 = CURVE_STYLE('',#4962,POSITIVE_LENGTH_MEASURE(0.1),#4523);
#4962 = DRAUGHTING_PRE_DEFINED_CURVE_FONT('continuous');
#4963 = STYLED_ITEM('color',(#4964),#588);
#4964 = PRESENTATION_STYLE_ASSIGNMENT((#4965,#4970));
#4965 = SURFACE_STYLE_USAGE(.BOTH.,#4966);
#4966 = SURFACE_SIDE_STYLE('',(#4967));
#4967 = SURFACE_STYLE_FILL_AREA(#4968);
#4968 = FILL_AREA_STYLE('',(#4969));
#4969 = FILL_AREA_STYLE_COLOUR('',#4520);
#4970 = CURVE_STYLE('',#4971,POSITIVE_LENGTH_MEASURE(0.1),#4523);
#4971 = DRAUGHTING_PRE_DEFINED_CURVE_FONT('continuous');
#4972 = STYLED_ITEM('color',(#4973),#631);
#4973 = PRESENTATION_STYLE_ASSIGNMENT((#4974,#4979));
#4974 = SURFACE_STYLE_USAGE(.BOTH.,#4975);
#4975 = SURFACE_SIDE_STYLE('',(#4976));
#4976 = SURFACE_STYLE_FILL_AREA(#4977);
#4977 = FILL_AREA_STYLE('',(#4978));
#4978 = FILL_AREA_STYLE_COLOUR('',#4520);
#4979 = CURVE_STYLE('',#4980,POSITIVE_LENGTH_MEASURE(0.1),#4523);
#4980 = DRAUGHTING_PRE_DEFINED_CURVE_FONT('continuous');
#4981 = STYLED_ITEM('color',(#4982),#633);
#4982 = PRESENTATION_STYLE_ASSIGNMENT((#4983,#4988));
#4983 = SURFACE_STYLE_USAGE(.BOTH.,#4984);
#4984 = SURFACE_SIDE_STYLE('',(#4985));
#4985 = SURFACE_STYLE_FILL_AREA(#4986);
#4986 = FILL_AREA_STYLE('',(#4987));
#4987 = FILL_AREA_STYLE_COLOUR('',#4520);
#4988 = CURVE_STYLE('',#4989,POSITIVE_LENGTH_MEASURE(0.1),#4523);
#4989 = DRAUGHTING_PRE_DEFINED_CURVE_FONT('continuous');
#4990 = STYLED_ITEM('color',(#4991),#641);
#4991 = PRESENTATION_STYLE_ASSIGNMENT((#4992,#4997));
#4992 = SURFACE_STYLE_USAGE(.BOTH.,#4993);
#4993 = SURFACE_SIDE_STYLE('',(#4994));
#4994 = SURFACE_STYLE_FILL_AREA(#4995);
#4995 = FILL_AREA_STYLE('',(#4996));
#4996 = FILL_AREA_STYLE_COLOUR('',#4520);
#4997 = CURVE_STYLE('',#4998,POSITIVE_LENGTH_MEASURE(0.1),#4523);
#4998 = DRAUGHTING_PRE_DEFINED_CURVE_FONT('continuous');
#4999 = STYLED_ITEM('color',(#5000),#649);
#5000 = PRESENTATION_STYLE_ASSIGNMENT((#5001,#5006));
#5001 = SURFACE_STYLE_USAGE(.BOTH.,#5002);
#5002 = SURFACE_SIDE_STYLE('',(#5003));
#5003 = SURFACE_STYLE_FILL_AREA(#5004);
#5004 = FILL_AREA_STYLE('',(#5005));
#5005 = FILL_AREA_STYLE_COLOUR('',#4520);
#5006 = CURVE_STYLE('',#5007,POSITIVE_LENGTH_MEASURE(0.1),#4523);
#5007 = DRAUGHTING_PRE_DEFINED_CURVE_FONT('continuous');
#5008 = STYLED_ITEM('color',(#5009),#671);
#5009 = PRESENTATION_STYLE_ASSIGNMENT((#5010,#5015));
#5010 = SURFACE_STYLE_USAGE(.BOTH.,#5011);
#5011 = SURFACE_SIDE_STYLE('',(#5012));
#5012 = SURFACE_STYLE_FILL_AREA(#5013);
#5013 = FILL_AREA_STYLE('',(#5014));
#5014 = FILL_AREA_STYLE_COLOUR('',#4520);
#5015 = CURVE_STYLE('',#5016,POSITIVE_LENGTH_MEASURE(0.1),#4523);
#5016 = DRAUGHTING_PRE_DEFINED_CURVE_FONT('continuous');
#5017 = STYLED_ITEM('color',(#5018),#673);
#5018 = PRESENTATION_STYLE_ASSIGNMENT((#5019,#5024));
#5019 = SURFACE_STYLE_USAGE(.BOTH.,#5020);
#5020 = SURFACE_SIDE_STYLE('',(#5021));
#5021 = SURFACE_STYLE_FILL_AREA(#5022);
#5022 = FILL_AREA_STYLE('',(#5023));
#5023 = FILL_AREA_STYLE_COLOUR('',#4520);
#5024 = CURVE_STYLE('',#5025,POSITIVE_LENGTH_MEASURE(0.1),#4523);
#5025 = DRAUGHTING_PRE_DEFINED_CURVE_FONT('continuous');
#5026 = STYLED_ITEM('color',(#5027),#702);
#5027 = PRESENTATION_STYLE_ASSIGNMENT((#5028,#5033));
#5028 = SURFACE_STYLE_USAGE(.BOTH.,#5029);
#5029 = SURFACE_SIDE_STYLE('',(#5030));
#5030 = SURFACE_STYLE_FILL_AREA(#5031);
#5031 = FILL_AREA_STYLE('',(#5032));
#5032 = FILL_AREA_STYLE_COLOUR('',#4520);
#5033 = CURVE_STYLE('',#5034,POSITIVE_LENGTH_MEASURE(0.1),#4523);
#5034 = DRAUGHTING_PRE_DEFINED_CURVE_FONT('continuous');
#5035 = STYLED_ITEM('color',(#5036),#726);
#5036 = PRESENTATION_STYLE_ASSIGNMENT((#5037,#5042));
#5037 = SURFACE_STYLE_USAGE(.BOTH.,#5038);
#5038 = SURFACE_SIDE_STYLE('',(#5039));
#5039 = SURFACE_STYLE_FILL_AREA(#5040);
#5040 = FILL_AREA_STYLE('',(#5041));
#5041 = FILL_AREA_STYLE_COLOUR('',#4520);
#5042 = CURVE_STYLE('',#5043,POSITIVE_LENGTH_MEASURE(0.1),#4523);
#5043 = DRAUGHTING_PRE_DEFINED_CURVE_FONT('continuous');
#5044 = STYLED_ITEM('color',(#5045),#767);
#5045 = PRESENTATION_STYLE_ASSIGNMENT((#5046,#5051));
#5046 = SURFACE_STYLE_USAGE(.BOTH.,#5047);
#5047 = SURFACE_SIDE_STYLE('',(#5048));
#5048 = SURFACE_STYLE_FILL_AREA(#5049);
#5049 = FILL_AREA_STYLE('',(#5050));
#5050 = FILL_AREA_STYLE_COLOUR('',#4520);
#5051 = CURVE_STYLE('',#5052,POSITIVE_LENGTH_MEASURE(0.1),#4523);
#5052 = DRAUGHTING_PRE_DEFINED_CURVE_FONT('continuous');
#5053 = STYLED_ITEM('color',(#5054),#769);
#5054 = PRESENTATION_STYLE_ASSIGNMENT((#5055,#5060));
#5055 = SURFACE_STYLE_USAGE(.BOTH.,#5056);
#5056 = SURFACE_SIDE_STYLE('',(#5057));
#5057 = SURFACE_STYLE_FILL_AREA(#5058);
#5058 = FILL_AREA_STYLE('',(#5059));
#5059 = FILL_AREA_STYLE_COLOUR('',#4520);
#5060 = CURVE_STYLE('',#5061,POSITIVE_LENGTH_MEASURE(0.1),#4523);
#5061 = DRAUGHTING_PRE_DEFINED_CURVE_FONT('continuous');
#5062 = STYLED_ITEM('color',(#5063),#798);
#5063 = PRESENTATION_STYLE_ASSIGNMENT((#5064,#5069));
#5064 = SURFACE_STYLE_USAGE(.BOTH.,#5065);
#5065 = SURFACE_SIDE_STYLE('',(#5066));
#5066 = SURFACE_STYLE_FILL_AREA(#5067);
#5067 = FILL_AREA_STYLE('',(#5068));
#5068 = FILL_AREA_STYLE_COLOUR('',#4520);
#5069 = CURVE_STYLE('',#5070,POSITIVE_LENGTH_MEASURE(0.1),#4523);
#5070 = DRAUGHTING_PRE_DEFINED_CURVE_FONT('continuous');
#5071 = STYLED_ITEM('color',(#5072),#822);
#5072 = PRESENTATION_STYLE_ASSIGNMENT((#5073,#5078));
#5073 = SURFACE_STYLE_USAGE(.BOTH.,#5074);
#5074 = SURFACE_SIDE_STYLE('',(#5075));
#5075 = SURFACE_STYLE_FILL_AREA(#5076);
#5076 = FILL_AREA_STYLE('',(#5077));
#5077 = FILL_AREA_STYLE_COLOUR('',#4520);
#5078 = CURVE_STYLE('',#5079,POSITIVE_LENGTH_MEASURE(0.1),#4523);
#5079 = DRAUGHTING_PRE_DEFINED_CURVE_FONT('continuous');
#5080 = STYLED_ITEM('color',(#5081),#863);
#5081 = PRESENTATION_STYLE_ASSIGNMENT((#5082,#5087));
#5082 = SURFACE_STYLE_USAGE(.BOTH.,#5083);
#5083 = SURFACE_SIDE_STYLE('',(#5084));
#5084 = SURFACE_STYLE_FILL_AREA(#5085);
#5085 = FILL_AREA_STYLE('',(#5086));
#5086 = FILL_AREA_STYLE_COLOUR('',#4520);
#5087 = CURVE_STYLE('',#5088,POSITIVE_LENGTH_MEASURE(0.1),#4523);
#5088 = DRAUGHTING_PRE_DEFINED_CURVE_FONT('continuous');
#5089 = STYLED_ITEM('color',(#5090),#865);
#5090 = PRESENTATION_STYLE_ASSIGNMENT((#5091,#5096));
#5091 = SURFACE_STYLE_USAGE(.BOTH.,#5092);
#5092 = SURFACE_SIDE_STYLE('',(#5093));
#5093 = SURFACE_STYLE_FILL_AREA(#5094);
#5094 = FILL_AREA_STYLE('',(#5095));
#5095 = FILL_AREA_STYLE_COLOUR('',#4520);
#5096 = CURVE_STYLE('',#5097,POSITIVE_LENGTH_MEASURE(0.1),#4523);
#5097 = DRAUGHTING_PRE_DEFINED_CURVE_FONT('continuous');
#5098 = STYLED_ITEM('color',(#5099),#894);
#5099 = PRESENTATION_STYLE_ASSIGNMENT((#5100,#5105));
#5100 = SURFACE_STYLE_USAGE(.BOTH.,#5101);
#5101 = SURFACE_SIDE_STYLE('',(#5102));
#5102 = SURFACE_STYLE_FILL_AREA(#5103);
#5103 = FILL_AREA_STYLE('',(#5104));
#5104 = FILL_AREA_STYLE_COLOUR('',#4520);
#5105 = CURVE_STYLE('',#5106,POSITIVE_LENGTH_MEASURE(0.1),#4523);
#5106 = DRAUGHTING_PRE_DEFINED_CURVE_FONT('continuous');
#5107 = STYLED_ITEM('color',(#5108),#918);
#5108 = PRESENTATION_STYLE_ASSIGNMENT((#5109,#5114));
#5109 = SURFACE_STYLE_USAGE(.BOTH.,#5110);
#5110 = SURFACE_SIDE_STYLE('',(#5111));
#5111 = SURFACE_STYLE_FILL_AREA(#5112);
#5112 = FILL_AREA_STYLE('',(#5113));
#5113 = FILL_AREA_STYLE_COLOUR('',#4520);
#5114 = CURVE_STYLE('',#5115,POSITIVE_LENGTH_MEASURE(0.1),#4523);
#5115 = DRAUGHTING_PRE_DEFINED_CURVE_FONT('continuous');
#5116 = STYLED_ITEM('color',(#5117),#973);
#5117 = PRESENTATION_STYLE_ASSIGNMENT((#5118,#5123));
#5118 = SURFACE_STYLE_USAGE(.BOTH.,#5119);
#5119 = SURFACE_SIDE_STYLE('',(#5120));
#5120 = SURFACE_STYLE_FILL_AREA(#5121);
#5121 = FILL_AREA_STYLE('',(#5122));
#5122 = FILL_AREA_STYLE_COLOUR('',#4520);
#5123 = CURVE_STYLE('',#5124,POSITIVE_LENGTH_MEASURE(0.1),#4523);
#5124 = DRAUGHTING_PRE_DEFINED_CURVE_FONT('continuous');
#5125 = STYLED_ITEM('color',(#5126),#975);
#5126 = PRESENTATION_STYLE_ASSIGNMENT((#5127,#5132));
#5127 = SURFACE_STYLE_USAGE(.BOTH.,#5128);
#5128 = SURFACE_SIDE_STYLE('',(#5129));
#5129 = SURFACE_STYLE_FILL_AREA(#5130);
#5130 = FILL_AREA_STYLE('',(#5131));
#5131 = FILL_AREA_STYLE_COLOUR('',#4520);
#5132 = CURVE_STYLE('',#5133,POSITIVE_LENGTH_MEASURE(0.1),#4523);
#5133 = DRAUGHTING_PRE_DEFINED_CURVE_FONT('continuous');
#5134 = STYLED_ITEM('color',(#5135),#983);
#5135 = PRESENTATION_STYLE_ASSIGNMENT((#5136,#5141));
#5136 = SURFACE_STYLE_USAGE(.BOTH.,#5137);
#5137 = SURFACE_SIDE_STYLE('',(#5138));
#5138 = SURFACE_STYLE_FILL_AREA(#5139);
#5139 = FILL_AREA_STYLE('',(#5140));
#5140 = FILL_AREA_STYLE_COLOUR('',#4520);
#5141 = CURVE_STYLE('',#5142,POSITIVE_LENGTH_MEASURE(0.1),#4523);
#5142 = DRAUGHTING_PRE_DEFINED_CURVE_FONT('continuous');
#5143 = STYLED_ITEM('color',(#5144),#991);
#5144 = PRESENTATION_STYLE_ASSIGNMENT((#5145,#5150));
#5145 = SURFACE_STYLE_USAGE(.BOTH.,#5146);
#5146 = SURFACE_SIDE_STYLE('',(#5147));
#5147 = SURFACE_STYLE_FILL_AREA(#5148);
#5148 = FILL_AREA_STYLE('',(#5149));
#5149 = FILL_AREA_STYLE_COLOUR('',#4520);
#5150 = CURVE_STYLE('',#5151,POSITIVE_LENGTH_MEASURE(0.1),#4523);
#5151 = DRAUGHTING_PRE_DEFINED_CURVE_FONT('continuous');
#5152 = STYLED_ITEM('color',(#5153),#1014);
#5153 = PRESENTATION_STYLE_ASSIGNMENT((#5154,#5159));
#5154 = SURFACE_STYLE_USAGE(.BOTH.,#5155);
#5155 = SURFACE_SIDE_STYLE('',(#5156));
#5156 = SURFACE_STYLE_FILL_AREA(#5157);
#5157 = FILL_AREA_STYLE('',(#5158));
#5158 = FILL_AREA_STYLE_COLOUR('',#4520);
#5159 = CURVE_STYLE('',#5160,POSITIVE_LENGTH_MEASURE(0.1),#4523);
#5160 = DRAUGHTING_PRE_DEFINED_CURVE_FONT('continuous');
#5161 = STYLED_ITEM('color',(#5162),#1022);
#5162 = PRESENTATION_STYLE_ASSIGNMENT((#5163,#5168));
#5163 = SURFACE_STYLE_USAGE(.BOTH.,#5164);
#5164 = SURFACE_SIDE_STYLE('',(#5165));
#5165 = SURFACE_STYLE_FILL_AREA(#5166);
#5166 = FILL_AREA_STYLE('',(#5167));
#5167 = FILL_AREA_STYLE_COLOUR('',#4520);
#5168 = CURVE_STYLE('',#5169,POSITIVE_LENGTH_MEASURE(0.1),#4523);
#5169 = DRAUGHTING_PRE_DEFINED_CURVE_FONT('continuous');
#5170 = STYLED_ITEM('color',(#5171),#1045);
#5171 = PRESENTATION_STYLE_ASSIGNMENT((#5172,#5177));
#5172 = SURFACE_STYLE_USAGE(.BOTH.,#5173);
#5173 = SURFACE_SIDE_STYLE('',(#5174));
#5174 = SURFACE_STYLE_FILL_AREA(#5175);
#5175 = FILL_AREA_STYLE('',(#5176));
#5176 = FILL_AREA_STYLE_COLOUR('',#4520);
#5177 = CURVE_STYLE('',#5178,POSITIVE_LENGTH_MEASURE(0.1),#4523);
#5178 = DRAUGHTING_PRE_DEFINED_CURVE_FONT('continuous');
#5179 = STYLED_ITEM('color',(#5180),#1053);
#5180 = PRESENTATION_STYLE_ASSIGNMENT((#5181,#5186));
#5181 = SURFACE_STYLE_USAGE(.BOTH.,#5182);
#5182 = SURFACE_SIDE_STYLE('',(#5183));
#5183 = SURFACE_STYLE_FILL_AREA(#5184);
#5184 = FILL_AREA_STYLE('',(#5185));
#5185 = FILL_AREA_STYLE_COLOUR('',#4520);
#5186 = CURVE_STYLE('',#5187,POSITIVE_LENGTH_MEASURE(0.1),#4523);
#5187 = DRAUGHTING_PRE_DEFINED_CURVE_FONT('continuous');
#5188 = STYLED_ITEM('color',(#5189),#1075);
#5189 = PRESENTATION_STYLE_ASSIGNMENT((#5190,#5195));
#5190 = SURFACE_STYLE_USAGE(.BOTH.,#5191);
#5191 = SURFACE_SIDE_STYLE('',(#5192));
#5192 = SURFACE_STYLE_FILL_AREA(#5193);
#5193 = FILL_AREA_STYLE('',(#5194));
#5194 = FILL_AREA_STYLE_COLOUR('',#4520);
#5195 = CURVE_STYLE('',#5196,POSITIVE_LENGTH_MEASURE(0.1),#4523);
#5196 = DRAUGHTING_PRE_DEFINED_CURVE_FONT('continuous');
#5197 = STYLED_ITEM('color',(#5198),#1077);
#5198 = PRESENTATION_STYLE_ASSIGNMENT((#5199,#5204));
#5199 = SURFACE_STYLE_USAGE(.BOTH.,#5200);
#5200 = SURFACE_SIDE_STYLE('',(#5201));
#5201 = SURFACE_STYLE_FILL_AREA(#5202);
#5202 = FILL_AREA_STYLE('',(#5203));
#5203 = FILL_AREA_STYLE_COLOUR('',#4520);
#5204 = CURVE_STYLE('',#5205,POSITIVE_LENGTH_MEASURE(0.1),#4523);
#5205 = DRAUGHTING_PRE_DEFINED_CURVE_FONT('continuous');
#5206 = STYLED_ITEM('color',(#5207),#1085);
#5207 = PRESENTATION_STYLE_ASSIGNMENT((#5208,#5213));
#5208 = SURFACE_STYLE_USAGE(.BOTH.,#5209);
#5209 = SURFACE_SIDE_STYLE('',(#5210));
#5210 = SURFACE_STYLE_FILL_AREA(#5211);
#5211 = FILL_AREA_STYLE('',(#5212));
#5212 = FILL_AREA_STYLE_COLOUR('',#4520);
#5213 = CURVE_STYLE('',#5214,POSITIVE_LENGTH_MEASURE(0.1),#4523);
#5214 = DRAUGHTING_PRE_DEFINED_CURVE_FONT('continuous');
#5215 = STYLED_ITEM('color',(#5216),#1093);
#5216 = PRESENTATION_STYLE_ASSIGNMENT((#5217,#5222));
#5217 = SURFACE_STYLE_USAGE(.BOTH.,#5218);
#5218 = SURFACE_SIDE_STYLE('',(#5219));
#5219 = SURFACE_STYLE_FILL_AREA(#5220);
#5220 = FILL_AREA_STYLE('',(#5221));
#5221 = FILL_AREA_STYLE_COLOUR('',#4520);
#5222 = CURVE_STYLE('',#5223,POSITIVE_LENGTH_MEASURE(0.1),#4523);
#5223 = DRAUGHTING_PRE_DEFINED_CURVE_FONT('continuous');
#5224 = STYLED_ITEM('color',(#5225),#1115);
#5225 = PRESENTATION_STYLE_ASSIGNMENT((#5226,#5231));
#5226 = SURFACE_STYLE_USAGE(.BOTH.,#5227);
#5227 = SURFACE_SIDE_STYLE('',(#5228));
#5228 = SURFACE_STYLE_FILL_AREA(#5229);
#5229 = FILL_AREA_STYLE('',(#5230));
#5230 = FILL_AREA_STYLE_COLOUR('',#4520);
#5231 = CURVE_STYLE('',#5232,POSITIVE_LENGTH_MEASURE(0.1),#4523);
#5232 = DRAUGHTING_PRE_DEFINED_CURVE_FONT('continuous');
#5233 = STYLED_ITEM('color',(#5234),#1117);
#5234 = PRESENTATION_STYLE_ASSIGNMENT((#5235,#5240));
#5235 = SURFACE_STYLE_USAGE(.BOTH.,#5236);
#5236 = SURFACE_SIDE_STYLE('',(#5237));
#5237 = SURFACE_STYLE_FILL_AREA(#5238);
#5238 = FILL_AREA_STYLE('',(#5239));
#5239 = FILL_AREA_STYLE_COLOUR('',#4520);
#5240 = CURVE_STYLE('',#5241,POSITIVE_LENGTH_MEASURE(0.1),#4523);
#5241 = DRAUGHTING_PRE_DEFINED_CURVE_FONT('continuous');
#5242 = STYLED_ITEM('color',(#5243),#1125);
#5243 = PRESENTATION_STYLE_ASSIGNMENT((#5244,#5249));
#5244 = SURFACE_STYLE_USAGE(.BOTH.,#5245);
#5245 = SURFACE_SIDE_STYLE('',(#5246));
#5246 = SURFACE_STYLE_FILL_AREA(#5247);
#5247 = FILL_AREA_STYLE('',(#5248));
#5248 = FILL_AREA_STYLE_COLOUR('',#4520);
#5249 = CURVE_STYLE('',#5250,POSITIVE_LENGTH_MEASURE(0.1),#4523);
#5250 = DRAUGHTING_PRE_DEFINED_CURVE_FONT('continuous');
#5251 = STYLED_ITEM('color',(#5252),#1133);
#5252 = PRESENTATION_STYLE_ASSIGNMENT((#5253,#5258));
#5253 = SURFACE_STYLE_USAGE(.BOTH.,#5254);
#5254 = SURFACE_SIDE_STYLE('',(#5255));
#5255 = SURFACE_STYLE_FILL_AREA(#5256);
#5256 = FILL_AREA_STYLE('',(#5257));
#5257 = FILL_AREA_STYLE_COLOUR('',#4520);
#5258 = CURVE_STYLE('',#5259,POSITIVE_LENGTH_MEASURE(0.1),#4523);
#5259 = DRAUGHTING_PRE_DEFINED_CURVE_FONT('continuous');
#5260 = STYLED_ITEM('color',(#5261),#1155);
#5261 = PRESENTATION_STYLE_ASSIGNMENT((#5262,#5267));
#5262 = SURFACE_STYLE_USAGE(.BOTH.,#5263);
#5263 = SURFACE_SIDE_STYLE('',(#5264));
#5264 = SURFACE_STYLE_FILL_AREA(#5265);
#5265 = FILL_AREA_STYLE('',(#5266));
#5266 = FILL_AREA_STYLE_COLOUR('',#4520);
#5267 = CURVE_STYLE('',#5268,POSITIVE_LENGTH_MEASURE(0.1),#4523);
#5268 = DRAUGHTING_PRE_DEFINED_CURVE_FONT('continuous');
#5269 = STYLED_ITEM('color',(#5270),#1157);
#5270 = PRESENTATION_STYLE_ASSIGNMENT((#5271,#5276));
#5271 = SURFACE_STYLE_USAGE(.BOTH.,#5272);
#5272 = SURFACE_SIDE_STYLE('',(#5273));
#5273 = SURFACE_STYLE_FILL_AREA(#5274);
#5274 = FILL_AREA_STYLE('',(#5275));
#5275 = FILL_AREA_STYLE_COLOUR('',#4520);
#5276 = CURVE_STYLE('',#5277,POSITIVE_LENGTH_MEASURE(0.1),#4523);
#5277 = DRAUGHTING_PRE_DEFINED_CURVE_FONT('continuous');
#5278 = STYLED_ITEM('color',(#5279),#1165);
#5279 = PRESENTATION_STYLE_ASSIGNMENT((#5280,#5285));
#5280 = SURFACE_STYLE_USAGE(.BOTH.,#5281);
#5281 = SURFACE_SIDE_STYLE('',(#5282));
#5282 = SURFACE_STYLE_FILL_AREA(#5283);
#5283 = FILL_AREA_STYLE('',(#5284));
#5284 = FILL_AREA_STYLE_COLOUR('',#4520);
#5285 = CURVE_STYLE('',#5286,POSITIVE_LENGTH_MEASURE(0.1),#4523);
#5286 = DRAUGHTING_PRE_DEFINED_CURVE_FONT('continuous');
#5287 = STYLED_ITEM('color',(#5288),#1173);
#5288 = PRESENTATION_STYLE_ASSIGNMENT((#5289,#5294));
#5289 = SURFACE_STYLE_USAGE(.BOTH.,#5290);
#5290 = SURFACE_SIDE_STYLE('',(#5291));
#5291 = SURFACE_STYLE_FILL_AREA(#5292);
#5292 = FILL_AREA_STYLE('',(#5293));
#5293 = FILL_AREA_STYLE_COLOUR('',#4520);
#5294 = CURVE_STYLE('',#5295,POSITIVE_LENGTH_MEASURE(0.1),#4523);
#5295 = DRAUGHTING_PRE_DEFINED_CURVE_FONT('continuous');
#5296 = STYLED_ITEM('color',(#5297),#1195);
#5297 = PRESENTATION_STYLE_ASSIGNMENT((#5298,#5303));
#5298 = SURFACE_STYLE_USAGE(.BOTH.,#5299);
#5299 = SURFACE_SIDE_STYLE('',(#5300));
#5300 = SURFACE_STYLE_FILL_AREA(#5301);
#5301 = FILL_AREA_STYLE('',(#5302));
#5302 = FILL_AREA_STYLE_COLOUR('',#4520);
#5303 = CURVE_STYLE('',#5304,POSITIVE_LENGTH_MEASURE(0.1),#4523);
#5304 = DRAUGHTING_PRE_DEFINED_CURVE_FONT('continuous');
#5305 = STYLED_ITEM('color',(#5306),#1197);
#5306 = PRESENTATION_STYLE_ASSIGNMENT((#5307,#5312));
#5307 = SURFACE_STYLE_USAGE(.BOTH.,#5308);
#5308 = SURFACE_SIDE_STYLE('',(#5309));
#5309 = SURFACE_STYLE_FILL_AREA(#5310);
#5310 = FILL_AREA_STYLE('',(#5311));
#5311 = FILL_AREA_STYLE_COLOUR('',#4520);
#5312 = CURVE_STYLE('',#5313,POSITIVE_LENGTH_MEASURE(0.1),#4523);
#5313 = DRAUGHTING_PRE_DEFINED_CURVE_FONT('continuous');
#5314 = STYLED_ITEM('color',(#5315),#1205);
#5315 = PRESENTATION_STYLE_ASSIGNMENT((#5316,#5321));
#5316 = SURFACE_STYLE_USAGE(.BOTH.,#5317);
#5317 = SURFACE_SIDE_STYLE('',(#5318));
#5318 = SURFACE_STYLE_FILL_AREA(#5319);
#5319 = FILL_AREA_STYLE('',(#5320));
#5320 = FILL_AREA_STYLE_COLOUR('',#4520);
#5321 = CURVE_STYLE('',#5322,POSITIVE_LENGTH_MEASURE(0.1),#4523);
#5322 = DRAUGHTING_PRE_DEFINED_CURVE_FONT('continuous');
#5323 = STYLED_ITEM('color',(#5324),#1213);
#5324 = PRESENTATION_STYLE_ASSIGNMENT((#5325,#5330));
#5325 = SURFACE_STYLE_USAGE(.BOTH.,#5326);
#5326 = SURFACE_SIDE_STYLE('',(#5327));
#5327 = SURFACE_STYLE_FILL_AREA(#5328);
#5328 = FILL_AREA_STYLE('',(#5329));
#5329 = FILL_AREA_STYLE_COLOUR('',#4520);
#5330 = CURVE_STYLE('',#5331,POSITIVE_LENGTH_MEASURE(0.1),#4523);
#5331 = DRAUGHTING_PRE_DEFINED_CURVE_FONT('continuous');
#5332 = STYLED_ITEM('color',(#5333),#1395);
#5333 = PRESENTATION_STYLE_ASSIGNMENT((#5334,#5339));
#5334 = SURFACE_STYLE_USAGE(.BOTH.,#5335);
#5335 = SURFACE_SIDE_STYLE('',(#5336));
#5336 = SURFACE_STYLE_FILL_AREA(#5337);
#5337 = FILL_AREA_STYLE('',(#5338));
#5338 = FILL_AREA_STYLE_COLOUR('',#4520);
#5339 = CURVE_STYLE('',#5340,POSITIVE_LENGTH_MEASURE(0.1),#4523);
#5340 = DRAUGHTING_PRE_DEFINED_CURVE_FONT('continuous');
#5341 = STYLED_ITEM('color',(#5342),#1397);
#5342 = PRESENTATION_STYLE_ASSIGNMENT((#5343,#5348));
#5343 = SURFACE_STYLE_USAGE(.BOTH.,#5344);
#5344 = SURFACE_SIDE_STYLE('',(#5345));
#5345 = SURFACE_STYLE_FILL_AREA(#5346);
#5346 = FILL_AREA_STYLE('',(#5347));
#5347 = FILL_AREA_STYLE_COLOUR('',#4520);
#5348 = CURVE_STYLE('',#5349,POSITIVE_LENGTH_MEASURE(0.1),#4523);
#5349 = DRAUGHTING_PRE_DEFINED_CURVE_FONT('continuous');
#5350 = STYLED_ITEM('color',(#5351),#1405);
#5351 = PRESENTATION_STYLE_ASSIGNMENT((#5352,#5357));
#5352 = SURFACE_STYLE_USAGE(.BOTH.,#5353);
#5353 = SURFACE_SIDE_STYLE('',(#5354));
#5354 = SURFACE_STYLE_FILL_AREA(#5355);
#5355 = FILL_AREA_STYLE('',(#5356));
#5356 = FILL_AREA_STYLE_COLOUR('',#4520);
#5357 = CURVE_STYLE('',#5358,POSITIVE_LENGTH_MEASURE(0.1),#4523);
#5358 = DRAUGHTING_PRE_DEFINED_CURVE_FONT('continuous');
#5359 = STYLED_ITEM('color',(#5360),#1413);
#5360 = PRESENTATION_STYLE_ASSIGNMENT((#5361,#5366));
#5361 = SURFACE_STYLE_USAGE(.BOTH.,#5362);
#5362 = SURFACE_SIDE_STYLE('',(#5363));
#5363 = SURFACE_STYLE_FILL_AREA(#5364);
#5364 = FILL_AREA_STYLE('',(#5365));
#5365 = FILL_AREA_STYLE_COLOUR('',#4520);
#5366 = CURVE_STYLE('',#5367,POSITIVE_LENGTH_MEASURE(0.1),#4523);
#5367 = DRAUGHTING_PRE_DEFINED_CURVE_FONT('continuous');
#5368 = STYLED_ITEM('color',(#5369),#1436);
#5369 = PRESENTATION_STYLE_ASSIGNMENT((#5370,#5375));
#5370 = SURFACE_STYLE_USAGE(.BOTH.,#5371);
#5371 = SURFACE_SIDE_STYLE('',(#5372));
#5372 = SURFACE_STYLE_FILL_AREA(#5373);
#5373 = FILL_AREA_STYLE('',(#5374));
#5374 = FILL_AREA_STYLE_COLOUR('',#4520);
#5375 = CURVE_STYLE('',#5376,POSITIVE_LENGTH_MEASURE(0.1),#4523);
#5376 = DRAUGHTING_PRE_DEFINED_CURVE_FONT('continuous');
#5377 = STYLED_ITEM('color',(#5378),#1444);
#5378 = PRESENTATION_STYLE_ASSIGNMENT((#5379,#5384));
#5379 = SURFACE_STYLE_USAGE(.BOTH.,#5380);
#5380 = SURFACE_SIDE_STYLE('',(#5381));
#5381 = SURFACE_STYLE_FILL_AREA(#5382);
#5382 = FILL_AREA_STYLE('',(#5383));
#5383 = FILL_AREA_STYLE_COLOUR('',#4520);
#5384 = CURVE_STYLE('',#5385,POSITIVE_LENGTH_MEASURE(0.1),#4523);
#5385 = DRAUGHTING_PRE_DEFINED_CURVE_FONT('continuous');
#5386 = STYLED_ITEM('color',(#5387),#1467);
#5387 = PRESENTATION_STYLE_ASSIGNMENT((#5388,#5393));
#5388 = SURFACE_STYLE_USAGE(.BOTH.,#5389);
#5389 = SURFACE_SIDE_STYLE('',(#5390));
#5390 = SURFACE_STYLE_FILL_AREA(#5391);
#5391 = FILL_AREA_STYLE('',(#5392));
#5392 = FILL_AREA_STYLE_COLOUR('',#4520);
#5393 = CURVE_STYLE('',#5394,POSITIVE_LENGTH_MEASURE(0.1),#4523);
#5394 = DRAUGHTING_PRE_DEFINED_CURVE_FONT('continuous');
#5395 = STYLED_ITEM('color',(#5396),#1475);
#5396 = PRESENTATION_STYLE_ASSIGNMENT((#5397,#5402));
#5397 = SURFACE_STYLE_USAGE(.BOTH.,#5398);
#5398 = SURFACE_SIDE_STYLE('',(#5399));
#5399 = SURFACE_STYLE_FILL_AREA(#5400);
#5400 = FILL_AREA_STYLE('',(#5401));
#5401 = FILL_AREA_STYLE_COLOUR('',#4520);
#5402 = CURVE_STYLE('',#5403,POSITIVE_LENGTH_MEASURE(0.1),#4523);
#5403 = DRAUGHTING_PRE_DEFINED_CURVE_FONT('continuous');
#5404 = STYLED_ITEM('color',(#5405),#1497);
#5405 = PRESENTATION_STYLE_ASSIGNMENT((#5406,#5411));
#5406 = SURFACE_STYLE_USAGE(.BOTH.,#5407);
#5407 = SURFACE_SIDE_STYLE('',(#5408));
#5408 = SURFACE_STYLE_FILL_AREA(#5409);
#5409 = FILL_AREA_STYLE('',(#5410));
#5410 = FILL_AREA_STYLE_COLOUR('',#4520);
#5411 = CURVE_STYLE('',#5412,POSITIVE_LENGTH_MEASURE(0.1),#4523);
#5412 = DRAUGHTING_PRE_DEFINED_CURVE_FONT('continuous');
#5413 = STYLED_ITEM('color',(#5414),#1499);
#5414 = PRESENTATION_STYLE_ASSIGNMENT((#5415,#5420));
#5415 = SURFACE_STYLE_USAGE(.BOTH.,#5416);
#5416 = SURFACE_SIDE_STYLE('',(#5417));
#5417 = SURFACE_STYLE_FILL_AREA(#5418);
#5418 = FILL_AREA_STYLE('',(#5419));
#5419 = FILL_AREA_STYLE_COLOUR('',#4520);
#5420 = CURVE_STYLE('',#5421,POSITIVE_LENGTH_MEASURE(0.1),#4523);
#5421 = DRAUGHTING_PRE_DEFINED_CURVE_FONT('continuous');
#5422 = STYLED_ITEM('color',(#5423),#1507);
#5423 = PRESENTATION_STYLE_ASSIGNMENT((#5424,#5429));
#5424 = SURFACE_STYLE_USAGE(.BOTH.,#5425);
#5425 = SURFACE_SIDE_STYLE('',(#5426));
#5426 = SURFACE_STYLE_FILL_AREA(#5427);
#5427 = FILL_AREA_STYLE('',(#5428));
#5428 = FILL_AREA_STYLE_COLOUR('',#4520);
#5429 = CURVE_STYLE('',#5430,POSITIVE_LENGTH_MEASURE(0.1),#4523);
#5430 = DRAUGHTING_PRE_DEFINED_CURVE_FONT('continuous');
#5431 = STYLED_ITEM('color',(#5432),#1515);
#5432 = PRESENTATION_STYLE_ASSIGNMENT((#5433,#5438));
#5433 = SURFACE_STYLE_USAGE(.BOTH.,#5434);
#5434 = SURFACE_SIDE_STYLE('',(#5435));
#5435 = SURFACE_STYLE_FILL_AREA(#5436);
#5436 = FILL_AREA_STYLE('',(#5437));
#5437 = FILL_AREA_STYLE_COLOUR('',#4520);
#5438 = CURVE_STYLE('',#5439,POSITIVE_LENGTH_MEASURE(0.1),#4523);
#5439 = DRAUGHTING_PRE_DEFINED_CURVE_FONT('continuous');
#5440 = STYLED_ITEM('color',(#5441),#1537);
#5441 = PRESENTATION_STYLE_ASSIGNMENT((#5442,#5447));
#5442 = SURFACE_STYLE_USAGE(.BOTH.,#5443);
#5443 = SURFACE_SIDE_STYLE('',(#5444));
#5444 = SURFACE_STYLE_FILL_AREA(#5445);
#5445 = FILL_AREA_STYLE('',(#5446));
#5446 = FILL_AREA_STYLE_COLOUR('',#4520);
#5447 = CURVE_STYLE('',#5448,POSITIVE_LENGTH_MEASURE(0.1),#4523);
#5448 = DRAUGHTING_PRE_DEFINED_CURVE_FONT('continuous');
#5449 = STYLED_ITEM('color',(#5450),#1539);
#5450 = PRESENTATION_STYLE_ASSIGNMENT((#5451,#5456));
#5451 = SURFACE_STYLE_USAGE(.BOTH.,#5452);
#5452 = SURFACE_SIDE_STYLE('',(#5453));
#5453 = SURFACE_STYLE_FILL_AREA(#5454);
#5454 = FILL_AREA_STYLE('',(#5455));
#5455 = FILL_AREA_STYLE_COLOUR('',#4520);
#5456 = CURVE_STYLE('',#5457,POSITIVE_LENGTH_MEASURE(0.1),#4523);
#5457 = DRAUGHTING_PRE_DEFINED_CURVE_FONT('continuous');
#5458 = STYLED_ITEM('color',(#5459),#1547);
#5459 = PRESENTATION_STYLE_ASSIGNMENT((#5460,#5465));
#5460 = SURFACE_STYLE_USAGE(.BOTH.,#5461);
#5461 = SURFACE_SIDE_STYLE('',(#5462));
#5462 = SURFACE_STYLE_FILL_AREA(#5463);
#5463 = FILL_AREA_STYLE('',(#5464));
#5464 = FILL_AREA_STYLE_COLOUR('',#4520);
#5465 = CURVE_STYLE('',#5466,POSITIVE_LENGTH_MEASURE(0.1),#4523);
#5466 = DRAUGHTING_PRE_DEFINED_CURVE_FONT('continuous');
#5467 = STYLED_ITEM('color',(#5468),#1555);
#5468 = PRESENTATION_STYLE_ASSIGNMENT((#5469,#5474));
#5469 = SURFACE_STYLE_USAGE(.BOTH.,#5470);
#5470 = SURFACE_SIDE_STYLE('',(#5471));
#5471 = SURFACE_STYLE_FILL_AREA(#5472);
#5472 = FILL_AREA_STYLE('',(#5473));
#5473 = FILL_AREA_STYLE_COLOUR('',#4520);
#5474 = CURVE_STYLE('',#5475,POSITIVE_LENGTH_MEASURE(0.1),#4523);
#5475 = DRAUGHTING_PRE_DEFINED_CURVE_FONT('continuous');
#5476 = STYLED_ITEM('color',(#5477),#1577);
#5477 = PRESENTATION_STYLE_ASSIGNMENT((#5478,#5483));
#5478 = SURFACE_STYLE_USAGE(.BOTH.,#5479);
#5479 = SURFACE_SIDE_STYLE('',(#5480));
#5480 = SURFACE_STYLE_FILL_AREA(#5481);
#5481 = FILL_AREA_STYLE('',(#5482));
#5482 = FILL_AREA_STYLE_COLOUR('',#4520);
#5483 = CURVE_STYLE('',#5484,POSITIVE_LENGTH_MEASURE(0.1),#4523);
#5484 = DRAUGHTING_PRE_DEFINED_CURVE_FONT('continuous');
#5485 = STYLED_ITEM('color',(#5486),#1579);
#5486 = PRESENTATION_STYLE_ASSIGNMENT((#5487,#5492));
#5487 = SURFACE_STYLE_USAGE(.BOTH.,#5488);
#5488 = SURFACE_SIDE_STYLE('',(#5489));
#5489 = SURFACE_STYLE_FILL_AREA(#5490);
#5490 = FILL_AREA_STYLE('',(#5491));
#5491 = FILL_AREA_STYLE_COLOUR('',#4520);
#5492 = CURVE_STYLE('',#5493,POSITIVE_LENGTH_MEASURE(0.1),#4523);
#5493 = DRAUGHTING_PRE_DEFINED_CURVE_FONT('continuous');
#5494 = STYLED_ITEM('color',(#5495),#1587);
#5495 = PRESENTATION_STYLE_ASSIGNMENT((#5496,#5501));
#5496 = SURFACE_STYLE_USAGE(.BOTH.,#5497);
#5497 = SURFACE_SIDE_STYLE('',(#5498));
#5498 = SURFACE_STYLE_FILL_AREA(#5499);
#5499 = FILL_AREA_STYLE('',(#5500));
#5500 = FILL_AREA_STYLE_COLOUR('',#4520);
#5501 = CURVE_STYLE('',#5502,POSITIVE_LENGTH_MEASURE(0.1),#4523);
#5502 = DRAUGHTING_PRE_DEFINED_CURVE_FONT('continuous');
#5503 = STYLED_ITEM('color',(#5504),#1595);
#5504 = PRESENTATION_STYLE_ASSIGNMENT((#5505,#5510));
#5505 = SURFACE_STYLE_USAGE(.BOTH.,#5506);
#5506 = SURFACE_SIDE_STYLE('',(#5507));
#5507 = SURFACE_STYLE_FILL_AREA(#5508);
#5508 = FILL_AREA_STYLE('',(#5509));
#5509 = FILL_AREA_STYLE_COLOUR('',#4520);
#5510 = CURVE_STYLE('',#5511,POSITIVE_LENGTH_MEASURE(0.1),#4523);
#5511 = DRAUGHTING_PRE_DEFINED_CURVE_FONT('continuous');
#5512 = STYLED_ITEM('color',(#5513),#1617);
#5513 = PRESENTATION_STYLE_ASSIGNMENT((#5514,#5519));
#5514 = SURFACE_STYLE_USAGE(.BOTH.,#5515);
#5515 = SURFACE_SIDE_STYLE('',(#5516));
#5516 = SURFACE_STYLE_FILL_AREA(#5517);
#5517 = FILL_AREA_STYLE('',(#5518));
#5518 = FILL_AREA_STYLE_COLOUR('',#4520);
#5519 = CURVE_STYLE('',#5520,POSITIVE_LENGTH_MEASURE(0.1),#4523);
#5520 = DRAUGHTING_PRE_DEFINED_CURVE_FONT('continuous');
#5521 = STYLED_ITEM('color',(#5522),#1619);
#5522 = PRESENTATION_STYLE_ASSIGNMENT((#5523,#5528));
#5523 = SURFACE_STYLE_USAGE(.BOTH.,#5524);
#5524 = SURFACE_SIDE_STYLE('',(#5525));
#5525 = SURFACE_STYLE_FILL_AREA(#5526);
#5526 = FILL_AREA_STYLE('',(#5527));
#5527 = FILL_AREA_STYLE_COLOUR('',#4520);
#5528 = CURVE_STYLE('',#5529,POSITIVE_LENGTH_MEASURE(0.1),#4523);
#5529 = DRAUGHTING_PRE_DEFINED_CURVE_FONT('continuous');
#5530 = STYLED_ITEM('color',(#5531),#1627);
#5531 = PRESENTATION_STYLE_ASSIGNMENT((#5532,#5537));
#5532 = SURFACE_STYLE_USAGE(.BOTH.,#5533);
#5533 = SURFACE_SIDE_STYLE('',(#5534));
#5534 = SURFACE_STYLE_FILL_AREA(#5535);
#5535 = FILL_AREA_STYLE('',(#5536));
#5536 = FILL_AREA_STYLE_COLOUR('',#4520);
#5537 = CURVE_STYLE('',#5538,POSITIVE_LENGTH_MEASURE(0.1),#4523);
#5538 = DRAUGHTING_PRE_DEFINED_CURVE_FONT('continuous');
#5539 = STYLED_ITEM('color',(#5540),#1635);
#5540 = PRESENTATION_STYLE_ASSIGNMENT((#5541,#5546));
#5541 = SURFACE_STYLE_USAGE(.BOTH.,#5542);
#5542 = SURFACE_SIDE_STYLE('',(#5543));
#5543 = SURFACE_STYLE_FILL_AREA(#5544);
#5544 = FILL_AREA_STYLE('',(#5545));
#5545 = FILL_AREA_STYLE_COLOUR('',#4520);
#5546 = CURVE_STYLE('',#5547,POSITIVE_LENGTH_MEASURE(0.1),#4523);
#5547 = DRAUGHTING_PRE_DEFINED_CURVE_FONT('continuous');
#5548 = STYLED_ITEM('color',(#5549),#1817);
#5549 = PRESENTATION_STYLE_ASSIGNMENT((#5550,#5555));
#5550 = SURFACE_STYLE_USAGE(.BOTH.,#5551);
#5551 = SURFACE_SIDE_STYLE('',(#5552));
#5552 = SURFACE_STYLE_FILL_AREA(#5553);
#5553 = FILL_AREA_STYLE('',(#5554));
#5554 = FILL_AREA_STYLE_COLOUR('',#4520);
#5555 = CURVE_STYLE('',#5556,POSITIVE_LENGTH_MEASURE(0.1),#4523);
#5556 = DRAUGHTING_PRE_DEFINED_CURVE_FONT('continuous');
#5557 = STYLED_ITEM('color',(#5558),#1819);
#5558 = PRESENTATION_STYLE_ASSIGNMENT((#5559,#5564));
#5559 = SURFACE_STYLE_USAGE(.BOTH.,#5560);
#5560 = SURFACE_SIDE_STYLE('',(#5561));
#5561 = SURFACE_STYLE_FILL_AREA(#5562);
#5562 = FILL_AREA_STYLE('',(#5563));
#5563 = FILL_AREA_STYLE_COLOUR('',#4520);
#5564 = CURVE_STYLE('',#5565,POSITIVE_LENGTH_MEASURE(0.1),#4523);
#5565 = DRAUGHTING_PRE_DEFINED_CURVE_FONT('continuous');
#5566 = STYLED_ITEM('color',(#5567),#1827);
#5567 = PRESENTATION_STYLE_ASSIGNMENT((#5568,#5573));
#5568 = SURFACE_STYLE_USAGE(.BOTH.,#5569);
#5569 = SURFACE_SIDE_STYLE('',(#5570));
#5570 = SURFACE_STYLE_FILL_AREA(#5571);
#5571 = FILL_AREA_STYLE('',(#5572));
#5572 = FILL_AREA_STYLE_COLOUR('',#4520);
#5573 = CURVE_STYLE('',#5574,POSITIVE_LENGTH_MEASURE(0.1),#4523);
#5574 = DRAUGHTING_PRE_DEFINED_CURVE_FONT('continuous');
#5575 = STYLED_ITEM('color',(#5576),#1835);
#5576 = PRESENTATION_STYLE_ASSIGNMENT((#5577,#5582));
#5577 = SURFACE_STYLE_USAGE(.BOTH.,#5578);
#5578 = SURFACE_SIDE_STYLE('',(#5579));
#5579 = SURFACE_STYLE_FILL_AREA(#5580);
#5580 = FILL_AREA_STYLE('',(#5581));
#5581 = FILL_AREA_STYLE_COLOUR('',#4520);
#5582 = CURVE_STYLE('',#5583,POSITIVE_LENGTH_MEASURE(0.1),#4523);
#5583 = DRAUGHTING_PRE_DEFINED_CURVE_FONT('continuous');
#5584 = STYLED_ITEM('color',(#5585),#1858);
#5585 = PRESENTATION_STYLE_ASSIGNMENT((#5586,#5591));
#5586 = SURFACE_STYLE_USAGE(.BOTH.,#5587);
#5587 = SURFACE_SIDE_STYLE('',(#5588));
#5588 = SURFACE_STYLE_FILL_AREA(#5589);
#5589 = FILL_AREA_STYLE('',(#5590));
#5590 = FILL_AREA_STYLE_COLOUR('',#4520);
#5591 = CURVE_STYLE('',#5592,POSITIVE_LENGTH_MEASURE(0.1),#4523);
#5592 = DRAUGHTING_PRE_DEFINED_CURVE_FONT('continuous');
#5593 = STYLED_ITEM('color',(#5594),#1866);
#5594 = PRESENTATION_STYLE_ASSIGNMENT((#5595,#5600));
#5595 = SURFACE_STYLE_USAGE(.BOTH.,#5596);
#5596 = SURFACE_SIDE_STYLE('',(#5597));
#5597 = SURFACE_STYLE_FILL_AREA(#5598);
#5598 = FILL_AREA_STYLE('',(#5599));
#5599 = FILL_AREA_STYLE_COLOUR('',#4520);
#5600 = CURVE_STYLE('',#5601,POSITIVE_LENGTH_MEASURE(0.1),#4523);
#5601 = DRAUGHTING_PRE_DEFINED_CURVE_FONT('continuous');
#5602 = STYLED_ITEM('color',(#5603),#1889);
#5603 = PRESENTATION_STYLE_ASSIGNMENT((#5604,#5609));
#5604 = SURFACE_STYLE_USAGE(.BOTH.,#5605);
#5605 = SURFACE_SIDE_STYLE('',(#5606));
#5606 = SURFACE_STYLE_FILL_AREA(#5607);
#5607 = FILL_AREA_STYLE('',(#5608));
#5608 = FILL_AREA_STYLE_COLOUR('',#4520);
#5609 = CURVE_STYLE('',#5610,POSITIVE_LENGTH_MEASURE(0.1),#4523);
#5610 = DRAUGHTING_PRE_DEFINED_CURVE_FONT('continuous');
#5611 = STYLED_ITEM('color',(#5612),#1897);
#5612 = PRESENTATION_STYLE_ASSIGNMENT((#5613,#5618));
#5613 = SURFACE_STYLE_USAGE(.BOTH.,#5614);
#5614 = SURFACE_SIDE_STYLE('',(#5615));
#5615 = SURFACE_STYLE_FILL_AREA(#5616);
#5616 = FILL_AREA_STYLE('',(#5617));
#5617 = FILL_AREA_STYLE_COLOUR('',#4520);
#5618 = CURVE_STYLE('',#5619,POSITIVE_LENGTH_MEASURE(0.1),#4523);
#5619 = DRAUGHTING_PRE_DEFINED_CURVE_FONT('continuous');
#5620 = STYLED_ITEM('color',(#5621),#1919);
#5621 = PRESENTATION_STYLE_ASSIGNMENT((#5622,#5627));
#5622 = SURFACE_STYLE_USAGE(.BOTH.,#5623);
#5623 = SURFACE_SIDE_STYLE('',(#5624));
#5624 = SURFACE_STYLE_FILL_AREA(#5625);
#5625 = FILL_AREA_STYLE('',(#5626));
#5626 = FILL_AREA_STYLE_COLOUR('',#4520);
#5627 = CURVE_STYLE('',#5628,POSITIVE_LENGTH_MEASURE(0.1),#4523);
#5628 = DRAUGHTING_PRE_DEFINED_CURVE_FONT('continuous');
#5629 = STYLED_ITEM('color',(#5630),#1921);
#5630 = PRESENTATION_STYLE_ASSIGNMENT((#5631,#5636));
#5631 = SURFACE_STYLE_USAGE(.BOTH.,#5632);
#5632 = SURFACE_SIDE_STYLE('',(#5633));
#5633 = SURFACE_STYLE_FILL_AREA(#5634);
#5634 = FILL_AREA_STYLE('',(#5635));
#5635 = FILL_AREA_STYLE_COLOUR('',#4520);
#5636 = CURVE_STYLE('',#5637,POSITIVE_LENGTH_MEASURE(0.1),#4523);
#5637 = DRAUGHTING_PRE_DEFINED_CURVE_FONT('continuous');
#5638 = STYLED_ITEM('color',(#5639),#1929);
#5639 = PRESENTATION_STYLE_ASSIGNMENT((#5640,#5645));
#5640 = SURFACE_STYLE_USAGE(.BOTH.,#5641);
#5641 = SURFACE_SIDE_STYLE('',(#5642));
#5642 = SURFACE_STYLE_FILL_AREA(#5643);
#5643 = FILL_AREA_STYLE('',(#5644));
#5644 = FILL_AREA_STYLE_COLOUR('',#4520);
#5645 = CURVE_STYLE('',#5646,POSITIVE_LENGTH_MEASURE(0.1),#4523);
#5646 = DRAUGHTING_PRE_DEFINED_CURVE_FONT('continuous');
#5647 = STYLED_ITEM('color',(#5648),#1937);
#5648 = PRESENTATION_STYLE_ASSIGNMENT((#5649,#5654));
#5649 = SURFACE_STYLE_USAGE(.BOTH.,#5650);
#5650 = SURFACE_SIDE_STYLE('',(#5651));
#5651 = SURFACE_STYLE_FILL_AREA(#5652);
#5652 = FILL_AREA_STYLE('',(#5653));
#5653 = FILL_AREA_STYLE_COLOUR('',#4520);
#5654 = CURVE_STYLE('',#5655,POSITIVE_LENGTH_MEASURE(0.1),#4523);
#5655 = DRAUGHTING_PRE_DEFINED_CURVE_FONT('continuous');
#5656 = STYLED_ITEM('color',(#5657),#1959);
#5657 = PRESENTATION_STYLE_ASSIGNMENT((#5658,#5663));
#5658 = SURFACE_STYLE_USAGE(.BOTH.,#5659);
#5659 = SURFACE_SIDE_STYLE('',(#5660));
#5660 = SURFACE_STYLE_FILL_AREA(#5661);
#5661 = FILL_AREA_STYLE('',(#5662));
#5662 = FILL_AREA_STYLE_COLOUR('',#4520);
#5663 = CURVE_STYLE('',#5664,POSITIVE_LENGTH_MEASURE(0.1),#4523);
#5664 = DRAUGHTING_PRE_DEFINED_CURVE_FONT('continuous');
#5665 = STYLED_ITEM('color',(#5666),#1961);
#5666 = PRESENTATION_STYLE_ASSIGNMENT((#5667,#5672));
#5667 = SURFACE_STYLE_USAGE(.BOTH.,#5668);
#5668 = SURFACE_SIDE_STYLE('',(#5669));
#5669 = SURFACE_STYLE_FILL_AREA(#5670);
#5670 = FILL_AREA_STYLE('',(#5671));
#5671 = FILL_AREA_STYLE_COLOUR('',#4520);
#5672 = CURVE_STYLE('',#5673,POSITIVE_LENGTH_MEASURE(0.1),#4523);
#5673 = DRAUGHTING_PRE_DEFINED_CURVE_FONT('continuous');
#5674 = STYLED_ITEM('color',(#5675),#1969);
#5675 = PRESENTATION_STYLE_ASSIGNMENT((#5676,#5681));
#5676 = SURFACE_STYLE_USAGE(.BOTH.,#5677);
#5677 = SURFACE_SIDE_STYLE('',(#5678));
#5678 = SURFACE_STYLE_FILL_AREA(#5679);
#5679 = FILL_AREA_STYLE('',(#5680));
#5680 = FILL_AREA_STYLE_COLOUR('',#4520);
#5681 = CURVE_STYLE('',#5682,POSITIVE_LENGTH_MEASURE(0.1),#4523);
#5682 = DRAUGHTING_PRE_DEFINED_CURVE_FONT('continuous');
#5683 = STYLED_ITEM('color',(#5684),#1977);
#5684 = PRESENTATION_STYLE_ASSIGNMENT((#5685,#5690));
#5685 = SURFACE_STYLE_USAGE(.BOTH.,#5686);
#5686 = SURFACE_SIDE_STYLE('',(#5687));
#5687 = SURFACE_STYLE_FILL_AREA(#5688);
#5688 = FILL_AREA_STYLE('',(#5689));
#5689 = FILL_AREA_STYLE_COLOUR('',#4520);
#5690 = CURVE_STYLE('',#5691,POSITIVE_LENGTH_MEASURE(0.1),#4523);
#5691 = DRAUGHTING_PRE_DEFINED_CURVE_FONT('continuous');
#5692 = STYLED_ITEM('color',(#5693),#1999);
#5693 = PRESENTATION_STYLE_ASSIGNMENT((#5694,#5699));
#5694 = SURFACE_STYLE_USAGE(.BOTH.,#5695);
#5695 = SURFACE_SIDE_STYLE('',(#5696));
#5696 = SURFACE_STYLE_FILL_AREA(#5697);
#5697 = FILL_AREA_STYLE('',(#5698));
#5698 = FILL_AREA_STYLE_COLOUR('',#4520);
#5699 = CURVE_STYLE('',#5700,POSITIVE_LENGTH_MEASURE(0.1),#4523);
#5700 = DRAUGHTING_PRE_DEFINED_CURVE_FONT('continuous');
#5701 = STYLED_ITEM('color',(#5702),#2001);
#5702 = PRESENTATION_STYLE_ASSIGNMENT((#5703,#5708));
#5703 = SURFACE_STYLE_USAGE(.BOTH.,#5704);
#5704 = SURFACE_SIDE_STYLE('',(#5705));
#5705 = SURFACE_STYLE_FILL_AREA(#5706);
#5706 = FILL_AREA_STYLE('',(#5707));
#5707 = FILL_AREA_STYLE_COLOUR('',#4520);
#5708 = CURVE_STYLE('',#5709,POSITIVE_LENGTH_MEASURE(0.1),#4523);
#5709 = DRAUGHTING_PRE_DEFINED_CURVE_FONT('continuous');
#5710 = STYLED_ITEM('color',(#5711),#2009);
#5711 = PRESENTATION_STYLE_ASSIGNMENT((#5712,#5717));
#5712 = SURFACE_STYLE_USAGE(.BOTH.,#5713);
#5713 = SURFACE_SIDE_STYLE('',(#5714));
#5714 = SURFACE_STYLE_FILL_AREA(#5715);
#5715 = FILL_AREA_STYLE('',(#5716));
#5716 = FILL_AREA_STYLE_COLOUR('',#4520);
#5717 = CURVE_STYLE('',#5718,POSITIVE_LENGTH_MEASURE(0.1),#4523);
#5718 = DRAUGHTING_PRE_DEFINED_CURVE_FONT('continuous');
#5719 = STYLED_ITEM('color',(#5720),#2017);
#5720 = PRESENTATION_STYLE_ASSIGNMENT((#5721,#5726));
#5721 = SURFACE_STYLE_USAGE(.BOTH.,#5722);
#5722 = SURFACE_SIDE_STYLE('',(#5723));
#5723 = SURFACE_STYLE_FILL_AREA(#5724);
#5724 = FILL_AREA_STYLE('',(#5725));
#5725 = FILL_AREA_STYLE_COLOUR('',#4520);
#5726 = CURVE_STYLE('',#5727,POSITIVE_LENGTH_MEASURE(0.1),#4523);
#5727 = DRAUGHTING_PRE_DEFINED_CURVE_FONT('continuous');
#5728 = STYLED_ITEM('color',(#5729),#2039);
#5729 = PRESENTATION_STYLE_ASSIGNMENT((#5730,#5735));
#5730 = SURFACE_STYLE_USAGE(.BOTH.,#5731);
#5731 = SURFACE_SIDE_STYLE('',(#5732));
#5732 = SURFACE_STYLE_FILL_AREA(#5733);
#5733 = FILL_AREA_STYLE('',(#5734));
#5734 = FILL_AREA_STYLE_COLOUR('',#4520);
#5735 = CURVE_STYLE('',#5736,POSITIVE_LENGTH_MEASURE(0.1),#4523);
#5736 = DRAUGHTING_PRE_DEFINED_CURVE_FONT('continuous');
#5737 = STYLED_ITEM('color',(#5738),#2041);
#5738 = PRESENTATION_STYLE_ASSIGNMENT((#5739,#5744));
#5739 = SURFACE_STYLE_USAGE(.BOTH.,#5740);
#5740 = SURFACE_SIDE_STYLE('',(#5741));
#5741 = SURFACE_STYLE_FILL_AREA(#5742);
#5742 = FILL_AREA_STYLE('',(#5743));
#5743 = FILL_AREA_STYLE_COLOUR('',#4520);
#5744 = CURVE_STYLE('',#5745,POSITIVE_LENGTH_MEASURE(0.1),#4523);
#5745 = DRAUGHTING_PRE_DEFINED_CURVE_FONT('continuous');
#5746 = STYLED_ITEM('color',(#5747),#2049);
#5747 = PRESENTATION_STYLE_ASSIGNMENT((#5748,#5753));
#5748 = SURFACE_STYLE_USAGE(.BOTH.,#5749);
#5749 = SURFACE_SIDE_STYLE('',(#5750));
#5750 = SURFACE_STYLE_FILL_AREA(#5751);
#5751 = FILL_AREA_STYLE('',(#5752));
#5752 = FILL_AREA_STYLE_COLOUR('',#4520);
#5753 = CURVE_STYLE('',#5754,POSITIVE_LENGTH_MEASURE(0.1),#4523);
#5754 = DRAUGHTING_PRE_DEFINED_CURVE_FONT('continuous');
#5755 = STYLED_ITEM('color',(#5756),#2057);
#5756 = PRESENTATION_STYLE_ASSIGNMENT((#5757,#5762));
#5757 = SURFACE_STYLE_USAGE(.BOTH.,#5758);
#5758 = SURFACE_SIDE_STYLE('',(#5759));
#5759 = SURFACE_STYLE_FILL_AREA(#5760);
#5760 = FILL_AREA_STYLE('',(#5761));
#5761 = FILL_AREA_STYLE_COLOUR('',#4520);
#5762 = CURVE_STYLE('',#5763,POSITIVE_LENGTH_MEASURE(0.1),#4523);
#5763 = DRAUGHTING_PRE_DEFINED_CURVE_FONT('continuous');
ENDSEC;
END-ISO-10303-21;
