ISO-10303-21;
HEADER;
/* Generated by software containing ST-Developer
 * from STEP Tools, Inc. (www.steptools.com) 
 */

FILE_DESCRIPTION(
/* description */ ('STEP AP214'),
/* implementation_level */ '2;1');

FILE_NAME(
/* name */ 'ECS-480-8-47-JTN-TR.step',
/* time_stamp */ '2026-06-11T18:35:29-04:00',
/* author */ (''),
/* organization */ (''),
/* preprocessor_version */ 'ST-DEVELOPER v20.1',
/* originating_system */ 'Autodesk Translation Framework v15.8.0.0',
/* authorisation */ '');

FILE_SCHEMA (('AUTOMOTIVE_DESIGN { 1 0 10303 214 3 1 1 }'));
ENDSEC;

DATA;
#10=MECHANICAL_DESIGN_GEOMETRIC_PRESENTATION_REPRESENTATION('',(#13,#14,
#15,#16,#17,#18),#2810);
#11=SHAPE_REPRESENTATION_RELATIONSHIP('SRR','None',#2817,#12);
#12=ADVANCED_BREP_SHAPE_REPRESENTATION('',(#19,#20,#21,#22,#23,#24),#2809);
#13=STYLED_ITEM('',(#2827),#19);
#14=STYLED_ITEM('',(#2828),#20);
#15=STYLED_ITEM('',(#2829),#21);
#16=STYLED_ITEM('',(#2829),#22);
#17=STYLED_ITEM('',(#2829),#23);
#18=STYLED_ITEM('',(#2829),#24);
#19=MANIFOLD_SOLID_BREP('Body1',#1729);
#20=MANIFOLD_SOLID_BREP('Body2',#1730);
#21=MANIFOLD_SOLID_BREP('Body3',#1731);
#22=MANIFOLD_SOLID_BREP('Body4',#1732);
#23=MANIFOLD_SOLID_BREP('Body5',#1733);
#24=MANIFOLD_SOLID_BREP('Body6',#1734);
#25=CYLINDRICAL_SURFACE('',#1759,0.05);
#26=CYLINDRICAL_SURFACE('',#1761,0.05);
#27=CYLINDRICAL_SURFACE('',#1763,0.0500000000000003);
#28=CYLINDRICAL_SURFACE('',#1765,0.0500000000000001);
#29=CYLINDRICAL_SURFACE('',#1766,0.025);
#30=CYLINDRICAL_SURFACE('',#1769,0.025);
#31=CYLINDRICAL_SURFACE('',#1772,0.025);
#32=CYLINDRICAL_SURFACE('',#1775,0.025);
#33=CYLINDRICAL_SURFACE('',#1812,0.025);
#34=CYLINDRICAL_SURFACE('',#1825,0.025);
#35=CYLINDRICAL_SURFACE('',#1838,0.0250000000000001);
#36=CYLINDRICAL_SURFACE('',#1853,0.025);
#37=FACE_OUTER_BOUND('',#129,.T.);
#38=FACE_OUTER_BOUND('',#130,.T.);
#39=FACE_OUTER_BOUND('',#131,.T.);
#40=FACE_OUTER_BOUND('',#132,.T.);
#41=FACE_OUTER_BOUND('',#133,.T.);
#42=FACE_OUTER_BOUND('',#134,.T.);
#43=FACE_OUTER_BOUND('',#135,.T.);
#44=FACE_OUTER_BOUND('',#136,.T.);
#45=FACE_OUTER_BOUND('',#137,.T.);
#46=FACE_OUTER_BOUND('',#138,.T.);
#47=FACE_OUTER_BOUND('',#139,.T.);
#48=FACE_OUTER_BOUND('',#140,.T.);
#49=FACE_OUTER_BOUND('',#141,.T.);
#50=FACE_OUTER_BOUND('',#142,.T.);
#51=FACE_OUTER_BOUND('',#143,.T.);
#52=FACE_OUTER_BOUND('',#144,.T.);
#53=FACE_OUTER_BOUND('',#145,.T.);
#54=FACE_OUTER_BOUND('',#146,.T.);
#55=FACE_OUTER_BOUND('',#147,.T.);
#56=FACE_OUTER_BOUND('',#148,.T.);
#57=FACE_OUTER_BOUND('',#149,.T.);
#58=FACE_OUTER_BOUND('',#150,.T.);
#59=FACE_OUTER_BOUND('',#151,.T.);
#60=FACE_OUTER_BOUND('',#152,.T.);
#61=FACE_OUTER_BOUND('',#153,.T.);
#62=FACE_OUTER_BOUND('',#154,.T.);
#63=FACE_OUTER_BOUND('',#155,.T.);
#64=FACE_OUTER_BOUND('',#156,.T.);
#65=FACE_OUTER_BOUND('',#157,.T.);
#66=FACE_OUTER_BOUND('',#158,.T.);
#67=FACE_OUTER_BOUND('',#159,.T.);
#68=FACE_OUTER_BOUND('',#160,.T.);
#69=FACE_OUTER_BOUND('',#161,.T.);
#70=FACE_OUTER_BOUND('',#162,.T.);
#71=FACE_OUTER_BOUND('',#163,.T.);
#72=FACE_OUTER_BOUND('',#164,.T.);
#73=FACE_OUTER_BOUND('',#165,.T.);
#74=FACE_OUTER_BOUND('',#166,.T.);
#75=FACE_OUTER_BOUND('',#167,.T.);
#76=FACE_OUTER_BOUND('',#168,.T.);
#77=FACE_OUTER_BOUND('',#169,.T.);
#78=FACE_OUTER_BOUND('',#170,.T.);
#79=FACE_OUTER_BOUND('',#171,.T.);
#80=FACE_OUTER_BOUND('',#172,.T.);
#81=FACE_OUTER_BOUND('',#173,.T.);
#82=FACE_OUTER_BOUND('',#174,.T.);
#83=FACE_OUTER_BOUND('',#175,.T.);
#84=FACE_OUTER_BOUND('',#176,.T.);
#85=FACE_OUTER_BOUND('',#177,.T.);
#86=FACE_OUTER_BOUND('',#178,.T.);
#87=FACE_OUTER_BOUND('',#179,.T.);
#88=FACE_OUTER_BOUND('',#180,.T.);
#89=FACE_OUTER_BOUND('',#181,.T.);
#90=FACE_OUTER_BOUND('',#182,.T.);
#91=FACE_OUTER_BOUND('',#183,.T.);
#92=FACE_OUTER_BOUND('',#184,.T.);
#93=FACE_OUTER_BOUND('',#185,.T.);
#94=FACE_OUTER_BOUND('',#186,.T.);
#95=FACE_OUTER_BOUND('',#187,.T.);
#96=FACE_OUTER_BOUND('',#188,.T.);
#97=FACE_OUTER_BOUND('',#189,.T.);
#98=FACE_OUTER_BOUND('',#190,.T.);
#99=FACE_OUTER_BOUND('',#191,.T.);
#100=FACE_OUTER_BOUND('',#192,.T.);
#101=FACE_OUTER_BOUND('',#193,.T.);
#102=FACE_OUTER_BOUND('',#194,.T.);
#103=FACE_OUTER_BOUND('',#195,.T.);
#104=FACE_OUTER_BOUND('',#196,.T.);
#105=FACE_OUTER_BOUND('',#197,.T.);
#106=FACE_OUTER_BOUND('',#198,.T.);
#107=FACE_OUTER_BOUND('',#199,.T.);
#108=FACE_OUTER_BOUND('',#200,.T.);
#109=FACE_OUTER_BOUND('',#201,.T.);
#110=FACE_OUTER_BOUND('',#202,.T.);
#111=FACE_OUTER_BOUND('',#203,.T.);
#112=FACE_OUTER_BOUND('',#204,.T.);
#113=FACE_OUTER_BOUND('',#205,.T.);
#114=FACE_OUTER_BOUND('',#206,.T.);
#115=FACE_OUTER_BOUND('',#207,.T.);
#116=FACE_OUTER_BOUND('',#208,.T.);
#117=FACE_OUTER_BOUND('',#209,.T.);
#118=FACE_OUTER_BOUND('',#210,.T.);
#119=FACE_OUTER_BOUND('',#211,.T.);
#120=FACE_OUTER_BOUND('',#212,.T.);
#121=FACE_OUTER_BOUND('',#213,.T.);
#122=FACE_OUTER_BOUND('',#214,.T.);
#123=FACE_OUTER_BOUND('',#215,.T.);
#124=FACE_OUTER_BOUND('',#216,.T.);
#125=FACE_OUTER_BOUND('',#217,.T.);
#126=FACE_OUTER_BOUND('',#218,.T.);
#127=FACE_OUTER_BOUND('',#219,.T.);
#128=FACE_OUTER_BOUND('',#220,.T.);
#129=EDGE_LOOP('',(#1077,#1078,#1079,#1080,#1081,#1082,#1083,#1084));
#130=EDGE_LOOP('',(#1085,#1086,#1087,#1088,#1089,#1090,#1091,#1092));
#131=EDGE_LOOP('',(#1093,#1094,#1095,#1096));
#132=EDGE_LOOP('',(#1097,#1098,#1099,#1100));
#133=EDGE_LOOP('',(#1101,#1102,#1103,#1104));
#134=EDGE_LOOP('',(#1105,#1106,#1107,#1108));
#135=EDGE_LOOP('',(#1109,#1110,#1111,#1112));
#136=EDGE_LOOP('',(#1113,#1114,#1115,#1116));
#137=EDGE_LOOP('',(#1117,#1118,#1119,#1120));
#138=EDGE_LOOP('',(#1121,#1122,#1123,#1124));
#139=EDGE_LOOP('',(#1125,#1126,#1127,#1128));
#140=EDGE_LOOP('',(#1129,#1130,#1131,#1132));
#141=EDGE_LOOP('',(#1133,#1134,#1135,#1136));
#142=EDGE_LOOP('',(#1137,#1138,#1139,#1140));
#143=EDGE_LOOP('',(#1141,#1142,#1143,#1144,#1145,#1146,#1147,#1148,#1149,
#1150,#1151,#1152,#1153,#1154,#1155,#1156,#1157,#1158,#1159,#1160,#1161,
#1162,#1163,#1164,#1165,#1166,#1167,#1168));
#144=EDGE_LOOP('',(#1169,#1170,#1171,#1172,#1173,#1174,#1175,#1176));
#145=EDGE_LOOP('',(#1177,#1178,#1179,#1180,#1181,#1182,#1183,#1184));
#146=EDGE_LOOP('',(#1185,#1186,#1187,#1188,#1189,#1190,#1191,#1192));
#147=EDGE_LOOP('',(#1193,#1194,#1195,#1196,#1197,#1198,#1199,#1200));
#148=EDGE_LOOP('',(#1201,#1202,#1203,#1204,#1205,#1206,#1207,#1208));
#149=EDGE_LOOP('',(#1209,#1210,#1211,#1212));
#150=EDGE_LOOP('',(#1213,#1214,#1215,#1216));
#151=EDGE_LOOP('',(#1217,#1218,#1219,#1220));
#152=EDGE_LOOP('',(#1221,#1222,#1223,#1224));
#153=EDGE_LOOP('',(#1225,#1226,#1227,#1228));
#154=EDGE_LOOP('',(#1229,#1230,#1231,#1232));
#155=EDGE_LOOP('',(#1233,#1234,#1235,#1236,#1237,#1238,#1239,#1240,#1241));
#156=EDGE_LOOP('',(#1242,#1243,#1244,#1245));
#157=EDGE_LOOP('',(#1246,#1247,#1248,#1249));
#158=EDGE_LOOP('',(#1250,#1251,#1252,#1253));
#159=EDGE_LOOP('',(#1254,#1255,#1256,#1257));
#160=EDGE_LOOP('',(#1258,#1259,#1260,#1261));
#161=EDGE_LOOP('',(#1262,#1263,#1264,#1265));
#162=EDGE_LOOP('',(#1266,#1267,#1268,#1269,#1270,#1271,#1272,#1273,#1274));
#163=EDGE_LOOP('',(#1275,#1276,#1277,#1278));
#164=EDGE_LOOP('',(#1279,#1280,#1281,#1282));
#165=EDGE_LOOP('',(#1283,#1284,#1285,#1286));
#166=EDGE_LOOP('',(#1287,#1288,#1289,#1290));
#167=EDGE_LOOP('',(#1291,#1292,#1293,#1294));
#168=EDGE_LOOP('',(#1295,#1296,#1297,#1298));
#169=EDGE_LOOP('',(#1299,#1300,#1301,#1302,#1303,#1304,#1305,#1306,#1307));
#170=EDGE_LOOP('',(#1308,#1309,#1310,#1311));
#171=EDGE_LOOP('',(#1312,#1313,#1314,#1315));
#172=EDGE_LOOP('',(#1316,#1317,#1318,#1319));
#173=EDGE_LOOP('',(#1320,#1321,#1322,#1323));
#174=EDGE_LOOP('',(#1324,#1325,#1326,#1327));
#175=EDGE_LOOP('',(#1328,#1329,#1330,#1331));
#176=EDGE_LOOP('',(#1332,#1333,#1334,#1335,#1336,#1337,#1338,#1339,#1340));
#177=EDGE_LOOP('',(#1341,#1342,#1343,#1344));
#178=EDGE_LOOP('',(#1345,#1346,#1347,#1348));
#179=EDGE_LOOP('',(#1349,#1350,#1351,#1352));
#180=EDGE_LOOP('',(#1353,#1354,#1355,#1356));
#181=EDGE_LOOP('',(#1357,#1358,#1359,#1360));
#182=EDGE_LOOP('',(#1361,#1362,#1363,#1364));
#183=EDGE_LOOP('',(#1365,#1366,#1367,#1368));
#184=EDGE_LOOP('',(#1369,#1370,#1371,#1372));
#185=EDGE_LOOP('',(#1373,#1374,#1375,#1376));
#186=EDGE_LOOP('',(#1377,#1378,#1379,#1380,#1381,#1382,#1383,#1384,#1385));
#187=EDGE_LOOP('',(#1386,#1387,#1388,#1389,#1390,#1391,#1392,#1393,#1394));
#188=EDGE_LOOP('',(#1395,#1396,#1397,#1398));
#189=EDGE_LOOP('',(#1399,#1400,#1401,#1402));
#190=EDGE_LOOP('',(#1403,#1404,#1405,#1406));
#191=EDGE_LOOP('',(#1407,#1408,#1409,#1410));
#192=EDGE_LOOP('',(#1411,#1412,#1413,#1414));
#193=EDGE_LOOP('',(#1415,#1416,#1417,#1418));
#194=EDGE_LOOP('',(#1419,#1420,#1421,#1422));
#195=EDGE_LOOP('',(#1423,#1424,#1425,#1426));
#196=EDGE_LOOP('',(#1427,#1428,#1429,#1430));
#197=EDGE_LOOP('',(#1431,#1432,#1433,#1434,#1435,#1436,#1437,#1438,#1439));
#198=EDGE_LOOP('',(#1440,#1441,#1442,#1443,#1444,#1445,#1446,#1447,#1448));
#199=EDGE_LOOP('',(#1449,#1450,#1451,#1452));
#200=EDGE_LOOP('',(#1453,#1454,#1455,#1456));
#201=EDGE_LOOP('',(#1457,#1458,#1459,#1460));
#202=EDGE_LOOP('',(#1461,#1462,#1463,#1464));
#203=EDGE_LOOP('',(#1465,#1466,#1467,#1468));
#204=EDGE_LOOP('',(#1469,#1470,#1471,#1472));
#205=EDGE_LOOP('',(#1473,#1474,#1475,#1476));
#206=EDGE_LOOP('',(#1477,#1478,#1479,#1480));
#207=EDGE_LOOP('',(#1481,#1482,#1483,#1484));
#208=EDGE_LOOP('',(#1485,#1486,#1487,#1488,#1489,#1490,#1491,#1492,#1493));
#209=EDGE_LOOP('',(#1494,#1495,#1496,#1497,#1498,#1499,#1500,#1501,#1502));
#210=EDGE_LOOP('',(#1503,#1504,#1505,#1506));
#211=EDGE_LOOP('',(#1507,#1508,#1509,#1510));
#212=EDGE_LOOP('',(#1511,#1512,#1513,#1514));
#213=EDGE_LOOP('',(#1515,#1516,#1517,#1518));
#214=EDGE_LOOP('',(#1519,#1520,#1521,#1522));
#215=EDGE_LOOP('',(#1523,#1524,#1525,#1526));
#216=EDGE_LOOP('',(#1527,#1528,#1529,#1530));
#217=EDGE_LOOP('',(#1531,#1532,#1533,#1534));
#218=EDGE_LOOP('',(#1535,#1536,#1537,#1538));
#219=EDGE_LOOP('',(#1539,#1540,#1541,#1542,#1543,#1544,#1545,#1546,#1547));
#220=EDGE_LOOP('',(#1548,#1549,#1550,#1551,#1552,#1553,#1554,#1555,#1556));
#221=LINE('',#2320,#437);
#222=LINE('',#2324,#438);
#223=LINE('',#2328,#439);
#224=LINE('',#2331,#440);
#225=LINE('',#2337,#441);
#226=LINE('',#2341,#442);
#227=LINE('',#2345,#443);
#228=LINE('',#2348,#444);
#229=LINE('',#2350,#445);
#230=LINE('',#2351,#446);
#231=LINE('',#2353,#447);
#232=LINE('',#2355,#448);
#233=LINE('',#2357,#449);
#234=LINE('',#2359,#450);
#235=LINE('',#2361,#451);
#236=LINE('',#2363,#452);
#237=LINE('',#2370,#453);
#238=LINE('',#2373,#454);
#239=LINE('',#2379,#455);
#240=LINE('',#2382,#456);
#241=LINE('',#2388,#457);
#242=LINE('',#2391,#458);
#243=LINE('',#2397,#459);
#244=LINE('',#2400,#460);
#245=LINE('',#2404,#461);
#246=LINE('',#2406,#462);
#247=LINE('',#2408,#463);
#248=LINE('',#2410,#464);
#249=LINE('',#2412,#465);
#250=LINE('',#2414,#466);
#251=LINE('',#2416,#467);
#252=LINE('',#2418,#468);
#253=LINE('',#2420,#469);
#254=LINE('',#2422,#470);
#255=LINE('',#2424,#471);
#256=LINE('',#2426,#472);
#257=LINE('',#2428,#473);
#258=LINE('',#2430,#474);
#259=LINE('',#2432,#475);
#260=LINE('',#2434,#476);
#261=LINE('',#2436,#477);
#262=LINE('',#2438,#478);
#263=LINE('',#2440,#479);
#264=LINE('',#2442,#480);
#265=LINE('',#2444,#481);
#266=LINE('',#2446,#482);
#267=LINE('',#2448,#483);
#268=LINE('',#2450,#484);
#269=LINE('',#2452,#485);
#270=LINE('',#2454,#486);
#271=LINE('',#2456,#487);
#272=LINE('',#2457,#488);
#273=LINE('',#2460,#489);
#274=LINE('',#2461,#490);
#275=LINE('',#2463,#491);
#276=LINE('',#2464,#492);
#277=LINE('',#2465,#493);
#278=LINE('',#2468,#494);
#279=LINE('',#2469,#495);
#280=LINE('',#2471,#496);
#281=LINE('',#2472,#497);
#282=LINE('',#2473,#498);
#283=LINE('',#2476,#499);
#284=LINE('',#2477,#500);
#285=LINE('',#2478,#501);
#286=LINE('',#2480,#502);
#287=LINE('',#2481,#503);
#288=LINE('',#2484,#504);
#289=LINE('',#2485,#505);
#290=LINE('',#2487,#506);
#291=LINE('',#2488,#507);
#292=LINE('',#2489,#508);
#293=LINE('',#2493,#509);
#294=LINE('',#2494,#510);
#295=LINE('',#2497,#511);
#296=LINE('',#2498,#512);
#297=LINE('',#2501,#513);
#298=LINE('',#2502,#514);
#299=LINE('',#2505,#515);
#300=LINE('',#2506,#516);
#301=LINE('',#2509,#517);
#302=LINE('',#2510,#518);
#303=LINE('',#2512,#519);
#304=LINE('',#2516,#520);
#305=LINE('',#2517,#521);
#306=LINE('',#2520,#522);
#307=LINE('',#2521,#523);
#308=LINE('',#2524,#524);
#309=LINE('',#2525,#525);
#310=LINE('',#2528,#526);
#311=LINE('',#2529,#527);
#312=LINE('',#2532,#528);
#313=LINE('',#2533,#529);
#314=LINE('',#2535,#530);
#315=LINE('',#2539,#531);
#316=LINE('',#2540,#532);
#317=LINE('',#2543,#533);
#318=LINE('',#2544,#534);
#319=LINE('',#2547,#535);
#320=LINE('',#2548,#536);
#321=LINE('',#2551,#537);
#322=LINE('',#2552,#538);
#323=LINE('',#2555,#539);
#324=LINE('',#2556,#540);
#325=LINE('',#2558,#541);
#326=LINE('',#2562,#542);
#327=LINE('',#2563,#543);
#328=LINE('',#2566,#544);
#329=LINE('',#2567,#545);
#330=LINE('',#2570,#546);
#331=LINE('',#2571,#547);
#332=LINE('',#2574,#548);
#333=LINE('',#2575,#549);
#334=LINE('',#2578,#550);
#335=LINE('',#2579,#551);
#336=LINE('',#2581,#552);
#337=LINE('',#2586,#553);
#338=LINE('',#2590,#554);
#339=LINE('',#2594,#555);
#340=LINE('',#2596,#556);
#341=LINE('',#2597,#557);
#342=LINE('',#2600,#558);
#343=LINE('',#2602,#559);
#344=LINE('',#2603,#560);
#345=LINE('',#2606,#561);
#346=LINE('',#2608,#562);
#347=LINE('',#2609,#563);
#348=LINE('',#2612,#564);
#349=LINE('',#2614,#565);
#350=LINE('',#2615,#566);
#351=LINE('',#2618,#567);
#352=LINE('',#2620,#568);
#353=LINE('',#2621,#569);
#354=LINE('',#2624,#570);
#355=LINE('',#2626,#571);
#356=LINE('',#2627,#572);
#357=LINE('',#2630,#573);
#358=LINE('',#2632,#574);
#359=LINE('',#2633,#575);
#360=LINE('',#2635,#576);
#361=LINE('',#2636,#577);
#362=LINE('',#2642,#578);
#363=LINE('',#2646,#579);
#364=LINE('',#2650,#580);
#365=LINE('',#2652,#581);
#366=LINE('',#2653,#582);
#367=LINE('',#2656,#583);
#368=LINE('',#2658,#584);
#369=LINE('',#2659,#585);
#370=LINE('',#2662,#586);
#371=LINE('',#2664,#587);
#372=LINE('',#2665,#588);
#373=LINE('',#2668,#589);
#374=LINE('',#2670,#590);
#375=LINE('',#2671,#591);
#376=LINE('',#2674,#592);
#377=LINE('',#2676,#593);
#378=LINE('',#2677,#594);
#379=LINE('',#2680,#595);
#380=LINE('',#2682,#596);
#381=LINE('',#2683,#597);
#382=LINE('',#2686,#598);
#383=LINE('',#2688,#599);
#384=LINE('',#2689,#600);
#385=LINE('',#2691,#601);
#386=LINE('',#2692,#602);
#387=LINE('',#2698,#603);
#388=LINE('',#2702,#604);
#389=LINE('',#2706,#605);
#390=LINE('',#2708,#606);
#391=LINE('',#2709,#607);
#392=LINE('',#2712,#608);
#393=LINE('',#2714,#609);
#394=LINE('',#2715,#610);
#395=LINE('',#2718,#611);
#396=LINE('',#2720,#612);
#397=LINE('',#2721,#613);
#398=LINE('',#2724,#614);
#399=LINE('',#2726,#615);
#400=LINE('',#2727,#616);
#401=LINE('',#2730,#617);
#402=LINE('',#2732,#618);
#403=LINE('',#2733,#619);
#404=LINE('',#2736,#620);
#405=LINE('',#2738,#621);
#406=LINE('',#2739,#622);
#407=LINE('',#2742,#623);
#408=LINE('',#2744,#624);
#409=LINE('',#2745,#625);
#410=LINE('',#2747,#626);
#411=LINE('',#2748,#627);
#412=LINE('',#2754,#628);
#413=LINE('',#2756,#629);
#414=LINE('',#2758,#630);
#415=LINE('',#2759,#631);
#416=LINE('',#2762,#632);
#417=LINE('',#2764,#633);
#418=LINE('',#2765,#634);
#419=LINE('',#2771,#635);
#420=LINE('',#2774,#636);
#421=LINE('',#2776,#637);
#422=LINE('',#2777,#638);
#423=LINE('',#2780,#639);
#424=LINE('',#2782,#640);
#425=LINE('',#2783,#641);
#426=LINE('',#2786,#642);
#427=LINE('',#2788,#643);
#428=LINE('',#2789,#644);
#429=LINE('',#2792,#645);
#430=LINE('',#2794,#646);
#431=LINE('',#2795,#647);
#432=LINE('',#2798,#648);
#433=LINE('',#2800,#649);
#434=LINE('',#2801,#650);
#435=LINE('',#2803,#651);
#436=LINE('',#2804,#652);
#437=VECTOR('',#1870,1000.);
#438=VECTOR('',#1873,1000.);
#439=VECTOR('',#1876,1000.);
#440=VECTOR('',#1879,1000.);
#441=VECTOR('',#1884,1000.);
#442=VECTOR('',#1887,1000.);
#443=VECTOR('',#1890,1000.);
#444=VECTOR('',#1893,1000.);
#445=VECTOR('',#1896,1000.);
#446=VECTOR('',#1897,1000.);
#447=VECTOR('',#1900,1000.);
#448=VECTOR('',#1903,1000.);
#449=VECTOR('',#1906,1000.);
#450=VECTOR('',#1909,1000.);
#451=VECTOR('',#1912,1000.);
#452=VECTOR('',#1915,1000.);
#453=VECTOR('',#1922,1000.);
#454=VECTOR('',#1925,1000.);
#455=VECTOR('',#1930,1000.);
#456=VECTOR('',#1933,1000.);
#457=VECTOR('',#1938,1000.);
#458=VECTOR('',#1941,1000.);
#459=VECTOR('',#1946,1000.);
#460=VECTOR('',#1949,1000.);
#461=VECTOR('',#1952,1000.);
#462=VECTOR('',#1953,1000.);
#463=VECTOR('',#1954,1000.);
#464=VECTOR('',#1955,1000.);
#465=VECTOR('',#1956,1000.);
#466=VECTOR('',#1957,1000.);
#467=VECTOR('',#1958,1000.);
#468=VECTOR('',#1959,1000.);
#469=VECTOR('',#1960,1000.);
#470=VECTOR('',#1961,1000.);
#471=VECTOR('',#1962,1000.);
#472=VECTOR('',#1963,1000.);
#473=VECTOR('',#1964,1000.);
#474=VECTOR('',#1965,1000.);
#475=VECTOR('',#1966,1000.);
#476=VECTOR('',#1967,1000.);
#477=VECTOR('',#1968,1000.);
#478=VECTOR('',#1969,1000.);
#479=VECTOR('',#1970,1000.);
#480=VECTOR('',#1971,1000.);
#481=VECTOR('',#1972,1000.);
#482=VECTOR('',#1973,1000.);
#483=VECTOR('',#1974,1000.);
#484=VECTOR('',#1975,1000.);
#485=VECTOR('',#1976,1000.);
#486=VECTOR('',#1977,1000.);
#487=VECTOR('',#1978,1000.);
#488=VECTOR('',#1979,1000.);
#489=VECTOR('',#1982,1000.);
#490=VECTOR('',#1983,1000.);
#491=VECTOR('',#1984,1000.);
#492=VECTOR('',#1985,1000.);
#493=VECTOR('',#1986,1000.);
#494=VECTOR('',#1989,1000.);
#495=VECTOR('',#1990,1000.);
#496=VECTOR('',#1991,1000.);
#497=VECTOR('',#1992,1000.);
#498=VECTOR('',#1993,1000.);
#499=VECTOR('',#1996,1000.);
#500=VECTOR('',#1997,1000.);
#501=VECTOR('',#1998,1000.);
#502=VECTOR('',#1999,1000.);
#503=VECTOR('',#2000,1000.);
#504=VECTOR('',#2003,1000.);
#505=VECTOR('',#2004,1000.);
#506=VECTOR('',#2005,1000.);
#507=VECTOR('',#2006,1000.);
#508=VECTOR('',#2007,1000.);
#509=VECTOR('',#2012,1000.);
#510=VECTOR('',#2013,1000.);
#511=VECTOR('',#2016,1000.);
#512=VECTOR('',#2017,1000.);
#513=VECTOR('',#2020,1000.);
#514=VECTOR('',#2021,1000.);
#515=VECTOR('',#2024,1000.);
#516=VECTOR('',#2025,1000.);
#517=VECTOR('',#2028,1000.);
#518=VECTOR('',#2029,1000.);
#519=VECTOR('',#2032,1000.);
#520=VECTOR('',#2037,1000.);
#521=VECTOR('',#2038,1000.);
#522=VECTOR('',#2041,1000.);
#523=VECTOR('',#2042,1000.);
#524=VECTOR('',#2045,1000.);
#525=VECTOR('',#2046,1000.);
#526=VECTOR('',#2049,1000.);
#527=VECTOR('',#2050,1000.);
#528=VECTOR('',#2053,1000.);
#529=VECTOR('',#2054,1000.);
#530=VECTOR('',#2057,1000.);
#531=VECTOR('',#2062,1000.);
#532=VECTOR('',#2063,1000.);
#533=VECTOR('',#2066,1000.);
#534=VECTOR('',#2067,1000.);
#535=VECTOR('',#2070,1000.);
#536=VECTOR('',#2071,1000.);
#537=VECTOR('',#2074,1000.);
#538=VECTOR('',#2075,1000.);
#539=VECTOR('',#2078,1000.);
#540=VECTOR('',#2079,1000.);
#541=VECTOR('',#2082,1000.);
#542=VECTOR('',#2087,1000.);
#543=VECTOR('',#2088,1000.);
#544=VECTOR('',#2091,1000.);
#545=VECTOR('',#2092,1000.);
#546=VECTOR('',#2095,1000.);
#547=VECTOR('',#2096,1000.);
#548=VECTOR('',#2099,1000.);
#549=VECTOR('',#2100,1000.);
#550=VECTOR('',#2103,1000.);
#551=VECTOR('',#2104,1000.);
#552=VECTOR('',#2107,1000.);
#553=VECTOR('',#2112,1000.);
#554=VECTOR('',#2115,1000.);
#555=VECTOR('',#2120,1000.);
#556=VECTOR('',#2121,1000.);
#557=VECTOR('',#2122,1000.);
#558=VECTOR('',#2125,1000.);
#559=VECTOR('',#2126,1000.);
#560=VECTOR('',#2127,1000.);
#561=VECTOR('',#2130,1000.);
#562=VECTOR('',#2131,1000.);
#563=VECTOR('',#2132,1000.);
#564=VECTOR('',#2135,1000.);
#565=VECTOR('',#2136,1000.);
#566=VECTOR('',#2137,1000.);
#567=VECTOR('',#2140,1000.);
#568=VECTOR('',#2141,1000.);
#569=VECTOR('',#2142,1000.);
#570=VECTOR('',#2145,1000.);
#571=VECTOR('',#2146,1000.);
#572=VECTOR('',#2147,1000.);
#573=VECTOR('',#2150,1000.);
#574=VECTOR('',#2151,1000.);
#575=VECTOR('',#2152,1000.);
#576=VECTOR('',#2155,1000.);
#577=VECTOR('',#2156,1000.);
#578=VECTOR('',#2163,1000.);
#579=VECTOR('',#2166,1000.);
#580=VECTOR('',#2171,1000.);
#581=VECTOR('',#2172,1000.);
#582=VECTOR('',#2173,1000.);
#583=VECTOR('',#2176,1000.);
#584=VECTOR('',#2177,1000.);
#585=VECTOR('',#2178,1000.);
#586=VECTOR('',#2181,1000.);
#587=VECTOR('',#2182,1000.);
#588=VECTOR('',#2183,1000.);
#589=VECTOR('',#2186,1000.);
#590=VECTOR('',#2187,1000.);
#591=VECTOR('',#2188,1000.);
#592=VECTOR('',#2191,1000.);
#593=VECTOR('',#2192,1000.);
#594=VECTOR('',#2193,1000.);
#595=VECTOR('',#2196,1000.);
#596=VECTOR('',#2197,1000.);
#597=VECTOR('',#2198,1000.);
#598=VECTOR('',#2201,1000.);
#599=VECTOR('',#2202,1000.);
#600=VECTOR('',#2203,1000.);
#601=VECTOR('',#2206,1000.);
#602=VECTOR('',#2207,1000.);
#603=VECTOR('',#2214,1000.);
#604=VECTOR('',#2217,1000.);
#605=VECTOR('',#2222,1000.);
#606=VECTOR('',#2223,1000.);
#607=VECTOR('',#2224,1000.);
#608=VECTOR('',#2227,1000.);
#609=VECTOR('',#2228,1000.);
#610=VECTOR('',#2229,1000.);
#611=VECTOR('',#2232,1000.);
#612=VECTOR('',#2233,1000.);
#613=VECTOR('',#2234,1000.);
#614=VECTOR('',#2237,1000.);
#615=VECTOR('',#2238,1000.);
#616=VECTOR('',#2239,1000.);
#617=VECTOR('',#2242,1000.);
#618=VECTOR('',#2243,1000.);
#619=VECTOR('',#2244,1000.);
#620=VECTOR('',#2247,1000.);
#621=VECTOR('',#2248,1000.);
#622=VECTOR('',#2249,1000.);
#623=VECTOR('',#2252,1000.);
#624=VECTOR('',#2253,1000.);
#625=VECTOR('',#2254,1000.);
#626=VECTOR('',#2257,1000.);
#627=VECTOR('',#2258,1000.);
#628=VECTOR('',#2265,1000.);
#629=VECTOR('',#2266,1000.);
#630=VECTOR('',#2267,1000.);
#631=VECTOR('',#2268,1000.);
#632=VECTOR('',#2271,1000.);
#633=VECTOR('',#2272,1000.);
#634=VECTOR('',#2273,1000.);
#635=VECTOR('',#2280,1000.);
#636=VECTOR('',#2283,1000.);
#637=VECTOR('',#2284,1000.);
#638=VECTOR('',#2285,1000.);
#639=VECTOR('',#2288,1000.);
#640=VECTOR('',#2289,1000.);
#641=VECTOR('',#2290,1000.);
#642=VECTOR('',#2293,1000.);
#643=VECTOR('',#2294,1000.);
#644=VECTOR('',#2295,1000.);
#645=VECTOR('',#2298,1000.);
#646=VECTOR('',#2299,1000.);
#647=VECTOR('',#2300,1000.);
#648=VECTOR('',#2303,1000.);
#649=VECTOR('',#2304,1000.);
#650=VECTOR('',#2305,1000.);
#651=VECTOR('',#2308,1000.);
#652=VECTOR('',#2309,1000.);
#653=CIRCLE('',#1749,0.0500000000000001);
#654=CIRCLE('',#1750,0.0500000000000002);
#655=CIRCLE('',#1751,0.05);
#656=CIRCLE('',#1752,0.05);
#657=CIRCLE('',#1754,0.0500000000000001);
#658=CIRCLE('',#1755,0.05);
#659=CIRCLE('',#1756,0.05);
#660=CIRCLE('',#1757,0.0500000000000003);
#661=CIRCLE('',#1767,0.0250000000000001);
#662=CIRCLE('',#1768,0.025);
#663=CIRCLE('',#1770,0.025);
#664=CIRCLE('',#1771,0.025);
#665=CIRCLE('',#1773,0.025);
#666=CIRCLE('',#1774,0.025);
#667=CIRCLE('',#1776,0.025);
#668=CIRCLE('',#1777,0.025);
#669=CIRCLE('',#1813,0.025);
#670=CIRCLE('',#1814,0.025);
#671=CIRCLE('',#1826,0.025);
#672=CIRCLE('',#1827,0.025);
#673=CIRCLE('',#1839,0.0250000000000001);
#674=CIRCLE('',#1840,0.0250000000000001);
#675=CIRCLE('',#1854,0.025);
#676=CIRCLE('',#1855,0.025);
#677=VERTEX_POINT('',#2316);
#678=VERTEX_POINT('',#2317);
#679=VERTEX_POINT('',#2319);
#680=VERTEX_POINT('',#2321);
#681=VERTEX_POINT('',#2323);
#682=VERTEX_POINT('',#2325);
#683=VERTEX_POINT('',#2327);
#684=VERTEX_POINT('',#2329);
#685=VERTEX_POINT('',#2333);
#686=VERTEX_POINT('',#2334);
#687=VERTEX_POINT('',#2336);
#688=VERTEX_POINT('',#2338);
#689=VERTEX_POINT('',#2340);
#690=VERTEX_POINT('',#2342);
#691=VERTEX_POINT('',#2344);
#692=VERTEX_POINT('',#2346);
#693=VERTEX_POINT('',#2366);
#694=VERTEX_POINT('',#2367);
#695=VERTEX_POINT('',#2369);
#696=VERTEX_POINT('',#2371);
#697=VERTEX_POINT('',#2375);
#698=VERTEX_POINT('',#2376);
#699=VERTEX_POINT('',#2378);
#700=VERTEX_POINT('',#2380);
#701=VERTEX_POINT('',#2384);
#702=VERTEX_POINT('',#2385);
#703=VERTEX_POINT('',#2387);
#704=VERTEX_POINT('',#2389);
#705=VERTEX_POINT('',#2393);
#706=VERTEX_POINT('',#2394);
#707=VERTEX_POINT('',#2396);
#708=VERTEX_POINT('',#2398);
#709=VERTEX_POINT('',#2402);
#710=VERTEX_POINT('',#2403);
#711=VERTEX_POINT('',#2405);
#712=VERTEX_POINT('',#2407);
#713=VERTEX_POINT('',#2409);
#714=VERTEX_POINT('',#2411);
#715=VERTEX_POINT('',#2413);
#716=VERTEX_POINT('',#2415);
#717=VERTEX_POINT('',#2417);
#718=VERTEX_POINT('',#2419);
#719=VERTEX_POINT('',#2421);
#720=VERTEX_POINT('',#2423);
#721=VERTEX_POINT('',#2425);
#722=VERTEX_POINT('',#2427);
#723=VERTEX_POINT('',#2429);
#724=VERTEX_POINT('',#2431);
#725=VERTEX_POINT('',#2433);
#726=VERTEX_POINT('',#2435);
#727=VERTEX_POINT('',#2437);
#728=VERTEX_POINT('',#2439);
#729=VERTEX_POINT('',#2441);
#730=VERTEX_POINT('',#2443);
#731=VERTEX_POINT('',#2445);
#732=VERTEX_POINT('',#2447);
#733=VERTEX_POINT('',#2449);
#734=VERTEX_POINT('',#2451);
#735=VERTEX_POINT('',#2453);
#736=VERTEX_POINT('',#2455);
#737=VERTEX_POINT('',#2459);
#738=VERTEX_POINT('',#2462);
#739=VERTEX_POINT('',#2467);
#740=VERTEX_POINT('',#2470);
#741=VERTEX_POINT('',#2475);
#742=VERTEX_POINT('',#2479);
#743=VERTEX_POINT('',#2483);
#744=VERTEX_POINT('',#2486);
#745=VERTEX_POINT('',#2492);
#746=VERTEX_POINT('',#2496);
#747=VERTEX_POINT('',#2500);
#748=VERTEX_POINT('',#2504);
#749=VERTEX_POINT('',#2508);
#750=VERTEX_POINT('',#2515);
#751=VERTEX_POINT('',#2519);
#752=VERTEX_POINT('',#2523);
#753=VERTEX_POINT('',#2527);
#754=VERTEX_POINT('',#2531);
#755=VERTEX_POINT('',#2538);
#756=VERTEX_POINT('',#2542);
#757=VERTEX_POINT('',#2546);
#758=VERTEX_POINT('',#2550);
#759=VERTEX_POINT('',#2554);
#760=VERTEX_POINT('',#2561);
#761=VERTEX_POINT('',#2565);
#762=VERTEX_POINT('',#2569);
#763=VERTEX_POINT('',#2573);
#764=VERTEX_POINT('',#2577);
#765=VERTEX_POINT('',#2584);
#766=VERTEX_POINT('',#2585);
#767=VERTEX_POINT('',#2587);
#768=VERTEX_POINT('',#2589);
#769=VERTEX_POINT('',#2593);
#770=VERTEX_POINT('',#2595);
#771=VERTEX_POINT('',#2599);
#772=VERTEX_POINT('',#2601);
#773=VERTEX_POINT('',#2605);
#774=VERTEX_POINT('',#2607);
#775=VERTEX_POINT('',#2611);
#776=VERTEX_POINT('',#2613);
#777=VERTEX_POINT('',#2617);
#778=VERTEX_POINT('',#2619);
#779=VERTEX_POINT('',#2623);
#780=VERTEX_POINT('',#2625);
#781=VERTEX_POINT('',#2629);
#782=VERTEX_POINT('',#2631);
#783=VERTEX_POINT('',#2640);
#784=VERTEX_POINT('',#2641);
#785=VERTEX_POINT('',#2643);
#786=VERTEX_POINT('',#2645);
#787=VERTEX_POINT('',#2649);
#788=VERTEX_POINT('',#2651);
#789=VERTEX_POINT('',#2655);
#790=VERTEX_POINT('',#2657);
#791=VERTEX_POINT('',#2661);
#792=VERTEX_POINT('',#2663);
#793=VERTEX_POINT('',#2667);
#794=VERTEX_POINT('',#2669);
#795=VERTEX_POINT('',#2673);
#796=VERTEX_POINT('',#2675);
#797=VERTEX_POINT('',#2679);
#798=VERTEX_POINT('',#2681);
#799=VERTEX_POINT('',#2685);
#800=VERTEX_POINT('',#2687);
#801=VERTEX_POINT('',#2696);
#802=VERTEX_POINT('',#2697);
#803=VERTEX_POINT('',#2699);
#804=VERTEX_POINT('',#2701);
#805=VERTEX_POINT('',#2705);
#806=VERTEX_POINT('',#2707);
#807=VERTEX_POINT('',#2711);
#808=VERTEX_POINT('',#2713);
#809=VERTEX_POINT('',#2717);
#810=VERTEX_POINT('',#2719);
#811=VERTEX_POINT('',#2723);
#812=VERTEX_POINT('',#2725);
#813=VERTEX_POINT('',#2729);
#814=VERTEX_POINT('',#2731);
#815=VERTEX_POINT('',#2735);
#816=VERTEX_POINT('',#2737);
#817=VERTEX_POINT('',#2741);
#818=VERTEX_POINT('',#2743);
#819=VERTEX_POINT('',#2752);
#820=VERTEX_POINT('',#2753);
#821=VERTEX_POINT('',#2755);
#822=VERTEX_POINT('',#2757);
#823=VERTEX_POINT('',#2761);
#824=VERTEX_POINT('',#2763);
#825=VERTEX_POINT('',#2767);
#826=VERTEX_POINT('',#2769);
#827=VERTEX_POINT('',#2773);
#828=VERTEX_POINT('',#2775);
#829=VERTEX_POINT('',#2779);
#830=VERTEX_POINT('',#2781);
#831=VERTEX_POINT('',#2785);
#832=VERTEX_POINT('',#2787);
#833=VERTEX_POINT('',#2791);
#834=VERTEX_POINT('',#2793);
#835=VERTEX_POINT('',#2797);
#836=VERTEX_POINT('',#2799);
#837=EDGE_CURVE('',#677,#678,#653,.T.);
#838=EDGE_CURVE('',#679,#677,#221,.T.);
#839=EDGE_CURVE('',#680,#679,#654,.T.);
#840=EDGE_CURVE('',#681,#680,#222,.T.);
#841=EDGE_CURVE('',#682,#681,#655,.T.);
#842=EDGE_CURVE('',#683,#682,#223,.T.);
#843=EDGE_CURVE('',#684,#683,#656,.T.);
#844=EDGE_CURVE('',#678,#684,#224,.T.);
#845=EDGE_CURVE('',#685,#686,#657,.T.);
#846=EDGE_CURVE('',#686,#687,#225,.T.);
#847=EDGE_CURVE('',#687,#688,#658,.T.);
#848=EDGE_CURVE('',#688,#689,#226,.T.);
#849=EDGE_CURVE('',#689,#690,#659,.T.);
#850=EDGE_CURVE('',#690,#691,#227,.T.);
#851=EDGE_CURVE('',#691,#692,#660,.T.);
#852=EDGE_CURVE('',#692,#685,#228,.T.);
#853=EDGE_CURVE('',#678,#686,#229,.T.);
#854=EDGE_CURVE('',#684,#687,#230,.T.);
#855=EDGE_CURVE('',#683,#688,#231,.T.);
#856=EDGE_CURVE('',#682,#689,#232,.T.);
#857=EDGE_CURVE('',#681,#690,#233,.T.);
#858=EDGE_CURVE('',#680,#691,#234,.T.);
#859=EDGE_CURVE('',#679,#692,#235,.T.);
#860=EDGE_CURVE('',#677,#685,#236,.T.);
#861=EDGE_CURVE('',#693,#694,#661,.T.);
#862=EDGE_CURVE('',#694,#695,#237,.T.);
#863=EDGE_CURVE('',#696,#695,#662,.T.);
#864=EDGE_CURVE('',#696,#693,#238,.T.);
#865=EDGE_CURVE('',#697,#698,#663,.T.);
#866=EDGE_CURVE('',#699,#697,#239,.T.);
#867=EDGE_CURVE('',#700,#699,#664,.T.);
#868=EDGE_CURVE('',#700,#698,#240,.T.);
#869=EDGE_CURVE('',#701,#702,#665,.T.);
#870=EDGE_CURVE('',#703,#702,#241,.T.);
#871=EDGE_CURVE('',#704,#703,#666,.T.);
#872=EDGE_CURVE('',#704,#701,#242,.T.);
#873=EDGE_CURVE('',#705,#706,#667,.T.);
#874=EDGE_CURVE('',#707,#706,#243,.T.);
#875=EDGE_CURVE('',#708,#707,#668,.T.);
#876=EDGE_CURVE('',#708,#705,#244,.T.);
#877=EDGE_CURVE('',#709,#710,#245,.T.);
#878=EDGE_CURVE('',#709,#711,#246,.T.);
#879=EDGE_CURVE('',#712,#711,#247,.T.);
#880=EDGE_CURVE('',#713,#712,#248,.T.);
#881=EDGE_CURVE('',#714,#713,#249,.T.);
#882=EDGE_CURVE('',#715,#714,#250,.T.);
#883=EDGE_CURVE('',#716,#715,#251,.T.);
#884=EDGE_CURVE('',#717,#716,#252,.T.);
#885=EDGE_CURVE('',#717,#718,#253,.T.);
#886=EDGE_CURVE('',#719,#718,#254,.T.);
#887=EDGE_CURVE('',#720,#719,#255,.T.);
#888=EDGE_CURVE('',#721,#720,#256,.T.);
#889=EDGE_CURVE('',#722,#721,#257,.T.);
#890=EDGE_CURVE('',#723,#722,#258,.T.);
#891=EDGE_CURVE('',#724,#723,#259,.T.);
#892=EDGE_CURVE('',#724,#725,#260,.T.);
#893=EDGE_CURVE('',#726,#725,#261,.T.);
#894=EDGE_CURVE('',#727,#726,#262,.T.);
#895=EDGE_CURVE('',#728,#727,#263,.T.);
#896=EDGE_CURVE('',#729,#728,#264,.T.);
#897=EDGE_CURVE('',#730,#729,#265,.T.);
#898=EDGE_CURVE('',#731,#730,#266,.T.);
#899=EDGE_CURVE('',#731,#732,#267,.T.);
#900=EDGE_CURVE('',#733,#732,#268,.T.);
#901=EDGE_CURVE('',#734,#733,#269,.T.);
#902=EDGE_CURVE('',#735,#734,#270,.T.);
#903=EDGE_CURVE('',#736,#735,#271,.T.);
#904=EDGE_CURVE('',#710,#736,#272,.T.);
#905=EDGE_CURVE('',#737,#694,#273,.T.);
#906=EDGE_CURVE('',#737,#725,#274,.T.);
#907=EDGE_CURVE('',#738,#724,#275,.T.);
#908=EDGE_CURVE('',#705,#738,#276,.T.);
#909=EDGE_CURVE('',#695,#708,#277,.T.);
#910=EDGE_CURVE('',#739,#706,#278,.T.);
#911=EDGE_CURVE('',#739,#718,#279,.T.);
#912=EDGE_CURVE('',#740,#717,#280,.T.);
#913=EDGE_CURVE('',#701,#740,#281,.T.);
#914=EDGE_CURVE('',#707,#704,#282,.T.);
#915=EDGE_CURVE('',#741,#709,#283,.T.);
#916=EDGE_CURVE('',#698,#741,#284,.T.);
#917=EDGE_CURVE('',#703,#700,#285,.T.);
#918=EDGE_CURVE('',#742,#702,#286,.T.);
#919=EDGE_CURVE('',#742,#711,#287,.T.);
#920=EDGE_CURVE('',#743,#697,#288,.T.);
#921=EDGE_CURVE('',#743,#732,#289,.T.);
#922=EDGE_CURVE('',#744,#731,#290,.T.);
#923=EDGE_CURVE('',#693,#744,#291,.T.);
#924=EDGE_CURVE('',#699,#696,#292,.T.);
#925=EDGE_CURVE('',#745,#742,#293,.T.);
#926=EDGE_CURVE('',#745,#712,#294,.T.);
#927=EDGE_CURVE('',#746,#745,#295,.T.);
#928=EDGE_CURVE('',#746,#713,#296,.T.);
#929=EDGE_CURVE('',#747,#746,#297,.T.);
#930=EDGE_CURVE('',#747,#714,#298,.T.);
#931=EDGE_CURVE('',#748,#747,#299,.T.);
#932=EDGE_CURVE('',#748,#715,#300,.T.);
#933=EDGE_CURVE('',#749,#748,#301,.T.);
#934=EDGE_CURVE('',#749,#716,#302,.T.);
#935=EDGE_CURVE('',#740,#749,#303,.T.);
#936=EDGE_CURVE('',#750,#739,#304,.T.);
#937=EDGE_CURVE('',#750,#719,#305,.T.);
#938=EDGE_CURVE('',#751,#750,#306,.T.);
#939=EDGE_CURVE('',#751,#720,#307,.T.);
#940=EDGE_CURVE('',#752,#751,#308,.T.);
#941=EDGE_CURVE('',#752,#721,#309,.T.);
#942=EDGE_CURVE('',#753,#752,#310,.T.);
#943=EDGE_CURVE('',#753,#722,#311,.T.);
#944=EDGE_CURVE('',#754,#753,#312,.T.);
#945=EDGE_CURVE('',#754,#723,#313,.T.);
#946=EDGE_CURVE('',#738,#754,#314,.T.);
#947=EDGE_CURVE('',#755,#737,#315,.T.);
#948=EDGE_CURVE('',#755,#726,#316,.T.);
#949=EDGE_CURVE('',#756,#755,#317,.T.);
#950=EDGE_CURVE('',#756,#727,#318,.T.);
#951=EDGE_CURVE('',#757,#756,#319,.T.);
#952=EDGE_CURVE('',#757,#728,#320,.T.);
#953=EDGE_CURVE('',#758,#757,#321,.T.);
#954=EDGE_CURVE('',#758,#729,#322,.T.);
#955=EDGE_CURVE('',#759,#758,#323,.T.);
#956=EDGE_CURVE('',#759,#730,#324,.T.);
#957=EDGE_CURVE('',#744,#759,#325,.T.);
#958=EDGE_CURVE('',#760,#710,#326,.T.);
#959=EDGE_CURVE('',#741,#760,#327,.T.);
#960=EDGE_CURVE('',#761,#743,#328,.T.);
#961=EDGE_CURVE('',#761,#733,#329,.T.);
#962=EDGE_CURVE('',#762,#761,#330,.T.);
#963=EDGE_CURVE('',#762,#734,#331,.T.);
#964=EDGE_CURVE('',#763,#762,#332,.T.);
#965=EDGE_CURVE('',#763,#735,#333,.T.);
#966=EDGE_CURVE('',#764,#763,#334,.T.);
#967=EDGE_CURVE('',#764,#736,#335,.T.);
#968=EDGE_CURVE('',#760,#764,#336,.T.);
#969=EDGE_CURVE('',#765,#766,#337,.T.);
#970=EDGE_CURVE('',#765,#767,#669,.T.);
#971=EDGE_CURVE('',#767,#768,#338,.T.);
#972=EDGE_CURVE('',#768,#766,#670,.T.);
#973=EDGE_CURVE('',#765,#769,#339,.T.);
#974=EDGE_CURVE('',#770,#766,#340,.T.);
#975=EDGE_CURVE('',#769,#770,#341,.T.);
#976=EDGE_CURVE('',#769,#771,#342,.T.);
#977=EDGE_CURVE('',#772,#770,#343,.T.);
#978=EDGE_CURVE('',#771,#772,#344,.T.);
#979=EDGE_CURVE('',#771,#773,#345,.T.);
#980=EDGE_CURVE('',#774,#772,#346,.T.);
#981=EDGE_CURVE('',#773,#774,#347,.T.);
#982=EDGE_CURVE('',#773,#775,#348,.T.);
#983=EDGE_CURVE('',#776,#774,#349,.T.);
#984=EDGE_CURVE('',#775,#776,#350,.T.);
#985=EDGE_CURVE('',#775,#777,#351,.T.);
#986=EDGE_CURVE('',#778,#776,#352,.T.);
#987=EDGE_CURVE('',#777,#778,#353,.T.);
#988=EDGE_CURVE('',#777,#779,#354,.T.);
#989=EDGE_CURVE('',#780,#778,#355,.T.);
#990=EDGE_CURVE('',#779,#780,#356,.T.);
#991=EDGE_CURVE('',#779,#781,#357,.T.);
#992=EDGE_CURVE('',#782,#780,#358,.T.);
#993=EDGE_CURVE('',#781,#782,#359,.T.);
#994=EDGE_CURVE('',#781,#767,#360,.T.);
#995=EDGE_CURVE('',#768,#782,#361,.T.);
#996=EDGE_CURVE('',#783,#784,#362,.T.);
#997=EDGE_CURVE('',#783,#785,#671,.T.);
#998=EDGE_CURVE('',#785,#786,#363,.T.);
#999=EDGE_CURVE('',#786,#784,#672,.T.);
#1000=EDGE_CURVE('',#783,#787,#364,.T.);
#1001=EDGE_CURVE('',#788,#784,#365,.T.);
#1002=EDGE_CURVE('',#787,#788,#366,.T.);
#1003=EDGE_CURVE('',#787,#789,#367,.T.);
#1004=EDGE_CURVE('',#790,#788,#368,.T.);
#1005=EDGE_CURVE('',#789,#790,#369,.T.);
#1006=EDGE_CURVE('',#789,#791,#370,.T.);
#1007=EDGE_CURVE('',#792,#790,#371,.T.);
#1008=EDGE_CURVE('',#791,#792,#372,.T.);
#1009=EDGE_CURVE('',#791,#793,#373,.T.);
#1010=EDGE_CURVE('',#794,#792,#374,.T.);
#1011=EDGE_CURVE('',#793,#794,#375,.T.);
#1012=EDGE_CURVE('',#793,#795,#376,.T.);
#1013=EDGE_CURVE('',#796,#794,#377,.T.);
#1014=EDGE_CURVE('',#795,#796,#378,.T.);
#1015=EDGE_CURVE('',#795,#797,#379,.T.);
#1016=EDGE_CURVE('',#798,#796,#380,.T.);
#1017=EDGE_CURVE('',#797,#798,#381,.T.);
#1018=EDGE_CURVE('',#797,#799,#382,.T.);
#1019=EDGE_CURVE('',#800,#798,#383,.T.);
#1020=EDGE_CURVE('',#799,#800,#384,.T.);
#1021=EDGE_CURVE('',#799,#785,#385,.T.);
#1022=EDGE_CURVE('',#786,#800,#386,.T.);
#1023=EDGE_CURVE('',#801,#802,#387,.T.);
#1024=EDGE_CURVE('',#801,#803,#673,.T.);
#1025=EDGE_CURVE('',#803,#804,#388,.T.);
#1026=EDGE_CURVE('',#804,#802,#674,.T.);
#1027=EDGE_CURVE('',#801,#805,#389,.T.);
#1028=EDGE_CURVE('',#806,#802,#390,.T.);
#1029=EDGE_CURVE('',#805,#806,#391,.T.);
#1030=EDGE_CURVE('',#805,#807,#392,.T.);
#1031=EDGE_CURVE('',#808,#806,#393,.T.);
#1032=EDGE_CURVE('',#807,#808,#394,.T.);
#1033=EDGE_CURVE('',#807,#809,#395,.T.);
#1034=EDGE_CURVE('',#810,#808,#396,.T.);
#1035=EDGE_CURVE('',#809,#810,#397,.T.);
#1036=EDGE_CURVE('',#809,#811,#398,.T.);
#1037=EDGE_CURVE('',#812,#810,#399,.T.);
#1038=EDGE_CURVE('',#811,#812,#400,.T.);
#1039=EDGE_CURVE('',#811,#813,#401,.T.);
#1040=EDGE_CURVE('',#814,#812,#402,.T.);
#1041=EDGE_CURVE('',#813,#814,#403,.T.);
#1042=EDGE_CURVE('',#813,#815,#404,.T.);
#1043=EDGE_CURVE('',#816,#814,#405,.T.);
#1044=EDGE_CURVE('',#815,#816,#406,.T.);
#1045=EDGE_CURVE('',#815,#817,#407,.T.);
#1046=EDGE_CURVE('',#818,#816,#408,.T.);
#1047=EDGE_CURVE('',#817,#818,#409,.T.);
#1048=EDGE_CURVE('',#817,#803,#410,.T.);
#1049=EDGE_CURVE('',#804,#818,#411,.T.);
#1050=EDGE_CURVE('',#819,#820,#412,.T.);
#1051=EDGE_CURVE('',#819,#821,#413,.T.);
#1052=EDGE_CURVE('',#822,#821,#414,.T.);
#1053=EDGE_CURVE('',#820,#822,#415,.T.);
#1054=EDGE_CURVE('',#820,#823,#416,.T.);
#1055=EDGE_CURVE('',#824,#822,#417,.T.);
#1056=EDGE_CURVE('',#823,#824,#418,.T.);
#1057=EDGE_CURVE('',#823,#825,#675,.T.);
#1058=EDGE_CURVE('',#826,#824,#676,.T.);
#1059=EDGE_CURVE('',#825,#826,#419,.T.);
#1060=EDGE_CURVE('',#825,#827,#420,.T.);
#1061=EDGE_CURVE('',#828,#826,#421,.T.);
#1062=EDGE_CURVE('',#827,#828,#422,.T.);
#1063=EDGE_CURVE('',#827,#829,#423,.T.);
#1064=EDGE_CURVE('',#830,#828,#424,.T.);
#1065=EDGE_CURVE('',#829,#830,#425,.T.);
#1066=EDGE_CURVE('',#829,#831,#426,.T.);
#1067=EDGE_CURVE('',#832,#830,#427,.T.);
#1068=EDGE_CURVE('',#831,#832,#428,.T.);
#1069=EDGE_CURVE('',#831,#833,#429,.T.);
#1070=EDGE_CURVE('',#834,#832,#430,.T.);
#1071=EDGE_CURVE('',#833,#834,#431,.T.);
#1072=EDGE_CURVE('',#833,#835,#432,.T.);
#1073=EDGE_CURVE('',#836,#834,#433,.T.);
#1074=EDGE_CURVE('',#835,#836,#434,.T.);
#1075=EDGE_CURVE('',#835,#819,#435,.T.);
#1076=EDGE_CURVE('',#821,#836,#436,.T.);
#1077=ORIENTED_EDGE('',*,*,#837,.F.);
#1078=ORIENTED_EDGE('',*,*,#838,.F.);
#1079=ORIENTED_EDGE('',*,*,#839,.F.);
#1080=ORIENTED_EDGE('',*,*,#840,.F.);
#1081=ORIENTED_EDGE('',*,*,#841,.F.);
#1082=ORIENTED_EDGE('',*,*,#842,.F.);
#1083=ORIENTED_EDGE('',*,*,#843,.F.);
#1084=ORIENTED_EDGE('',*,*,#844,.F.);
#1085=ORIENTED_EDGE('',*,*,#845,.T.);
#1086=ORIENTED_EDGE('',*,*,#846,.T.);
#1087=ORIENTED_EDGE('',*,*,#847,.T.);
#1088=ORIENTED_EDGE('',*,*,#848,.T.);
#1089=ORIENTED_EDGE('',*,*,#849,.T.);
#1090=ORIENTED_EDGE('',*,*,#850,.T.);
#1091=ORIENTED_EDGE('',*,*,#851,.T.);
#1092=ORIENTED_EDGE('',*,*,#852,.T.);
#1093=ORIENTED_EDGE('',*,*,#853,.F.);
#1094=ORIENTED_EDGE('',*,*,#844,.T.);
#1095=ORIENTED_EDGE('',*,*,#854,.T.);
#1096=ORIENTED_EDGE('',*,*,#846,.F.);
#1097=ORIENTED_EDGE('',*,*,#854,.F.);
#1098=ORIENTED_EDGE('',*,*,#843,.T.);
#1099=ORIENTED_EDGE('',*,*,#855,.T.);
#1100=ORIENTED_EDGE('',*,*,#847,.F.);
#1101=ORIENTED_EDGE('',*,*,#855,.F.);
#1102=ORIENTED_EDGE('',*,*,#842,.T.);
#1103=ORIENTED_EDGE('',*,*,#856,.T.);
#1104=ORIENTED_EDGE('',*,*,#848,.F.);
#1105=ORIENTED_EDGE('',*,*,#856,.F.);
#1106=ORIENTED_EDGE('',*,*,#841,.T.);
#1107=ORIENTED_EDGE('',*,*,#857,.T.);
#1108=ORIENTED_EDGE('',*,*,#849,.F.);
#1109=ORIENTED_EDGE('',*,*,#857,.F.);
#1110=ORIENTED_EDGE('',*,*,#840,.T.);
#1111=ORIENTED_EDGE('',*,*,#858,.T.);
#1112=ORIENTED_EDGE('',*,*,#850,.F.);
#1113=ORIENTED_EDGE('',*,*,#858,.F.);
#1114=ORIENTED_EDGE('',*,*,#839,.T.);
#1115=ORIENTED_EDGE('',*,*,#859,.T.);
#1116=ORIENTED_EDGE('',*,*,#851,.F.);
#1117=ORIENTED_EDGE('',*,*,#859,.F.);
#1118=ORIENTED_EDGE('',*,*,#838,.T.);
#1119=ORIENTED_EDGE('',*,*,#860,.T.);
#1120=ORIENTED_EDGE('',*,*,#852,.F.);
#1121=ORIENTED_EDGE('',*,*,#860,.F.);
#1122=ORIENTED_EDGE('',*,*,#837,.T.);
#1123=ORIENTED_EDGE('',*,*,#853,.T.);
#1124=ORIENTED_EDGE('',*,*,#845,.F.);
#1125=ORIENTED_EDGE('',*,*,#861,.T.);
#1126=ORIENTED_EDGE('',*,*,#862,.T.);
#1127=ORIENTED_EDGE('',*,*,#863,.F.);
#1128=ORIENTED_EDGE('',*,*,#864,.T.);
#1129=ORIENTED_EDGE('',*,*,#865,.F.);
#1130=ORIENTED_EDGE('',*,*,#866,.F.);
#1131=ORIENTED_EDGE('',*,*,#867,.F.);
#1132=ORIENTED_EDGE('',*,*,#868,.T.);
#1133=ORIENTED_EDGE('',*,*,#869,.T.);
#1134=ORIENTED_EDGE('',*,*,#870,.F.);
#1135=ORIENTED_EDGE('',*,*,#871,.F.);
#1136=ORIENTED_EDGE('',*,*,#872,.T.);
#1137=ORIENTED_EDGE('',*,*,#873,.T.);
#1138=ORIENTED_EDGE('',*,*,#874,.F.);
#1139=ORIENTED_EDGE('',*,*,#875,.F.);
#1140=ORIENTED_EDGE('',*,*,#876,.T.);
#1141=ORIENTED_EDGE('',*,*,#877,.F.);
#1142=ORIENTED_EDGE('',*,*,#878,.T.);
#1143=ORIENTED_EDGE('',*,*,#879,.F.);
#1144=ORIENTED_EDGE('',*,*,#880,.F.);
#1145=ORIENTED_EDGE('',*,*,#881,.F.);
#1146=ORIENTED_EDGE('',*,*,#882,.F.);
#1147=ORIENTED_EDGE('',*,*,#883,.F.);
#1148=ORIENTED_EDGE('',*,*,#884,.F.);
#1149=ORIENTED_EDGE('',*,*,#885,.T.);
#1150=ORIENTED_EDGE('',*,*,#886,.F.);
#1151=ORIENTED_EDGE('',*,*,#887,.F.);
#1152=ORIENTED_EDGE('',*,*,#888,.F.);
#1153=ORIENTED_EDGE('',*,*,#889,.F.);
#1154=ORIENTED_EDGE('',*,*,#890,.F.);
#1155=ORIENTED_EDGE('',*,*,#891,.F.);
#1156=ORIENTED_EDGE('',*,*,#892,.T.);
#1157=ORIENTED_EDGE('',*,*,#893,.F.);
#1158=ORIENTED_EDGE('',*,*,#894,.F.);
#1159=ORIENTED_EDGE('',*,*,#895,.F.);
#1160=ORIENTED_EDGE('',*,*,#896,.F.);
#1161=ORIENTED_EDGE('',*,*,#897,.F.);
#1162=ORIENTED_EDGE('',*,*,#898,.F.);
#1163=ORIENTED_EDGE('',*,*,#899,.T.);
#1164=ORIENTED_EDGE('',*,*,#900,.F.);
#1165=ORIENTED_EDGE('',*,*,#901,.F.);
#1166=ORIENTED_EDGE('',*,*,#902,.F.);
#1167=ORIENTED_EDGE('',*,*,#903,.F.);
#1168=ORIENTED_EDGE('',*,*,#904,.F.);
#1169=ORIENTED_EDGE('',*,*,#905,.F.);
#1170=ORIENTED_EDGE('',*,*,#906,.T.);
#1171=ORIENTED_EDGE('',*,*,#892,.F.);
#1172=ORIENTED_EDGE('',*,*,#907,.F.);
#1173=ORIENTED_EDGE('',*,*,#908,.F.);
#1174=ORIENTED_EDGE('',*,*,#876,.F.);
#1175=ORIENTED_EDGE('',*,*,#909,.F.);
#1176=ORIENTED_EDGE('',*,*,#862,.F.);
#1177=ORIENTED_EDGE('',*,*,#910,.F.);
#1178=ORIENTED_EDGE('',*,*,#911,.T.);
#1179=ORIENTED_EDGE('',*,*,#885,.F.);
#1180=ORIENTED_EDGE('',*,*,#912,.F.);
#1181=ORIENTED_EDGE('',*,*,#913,.F.);
#1182=ORIENTED_EDGE('',*,*,#872,.F.);
#1183=ORIENTED_EDGE('',*,*,#914,.F.);
#1184=ORIENTED_EDGE('',*,*,#874,.T.);
#1185=ORIENTED_EDGE('',*,*,#878,.F.);
#1186=ORIENTED_EDGE('',*,*,#915,.F.);
#1187=ORIENTED_EDGE('',*,*,#916,.F.);
#1188=ORIENTED_EDGE('',*,*,#868,.F.);
#1189=ORIENTED_EDGE('',*,*,#917,.F.);
#1190=ORIENTED_EDGE('',*,*,#870,.T.);
#1191=ORIENTED_EDGE('',*,*,#918,.F.);
#1192=ORIENTED_EDGE('',*,*,#919,.T.);
#1193=ORIENTED_EDGE('',*,*,#920,.F.);
#1194=ORIENTED_EDGE('',*,*,#921,.T.);
#1195=ORIENTED_EDGE('',*,*,#899,.F.);
#1196=ORIENTED_EDGE('',*,*,#922,.F.);
#1197=ORIENTED_EDGE('',*,*,#923,.F.);
#1198=ORIENTED_EDGE('',*,*,#864,.F.);
#1199=ORIENTED_EDGE('',*,*,#924,.F.);
#1200=ORIENTED_EDGE('',*,*,#866,.T.);
#1201=ORIENTED_EDGE('',*,*,#863,.T.);
#1202=ORIENTED_EDGE('',*,*,#909,.T.);
#1203=ORIENTED_EDGE('',*,*,#875,.T.);
#1204=ORIENTED_EDGE('',*,*,#914,.T.);
#1205=ORIENTED_EDGE('',*,*,#871,.T.);
#1206=ORIENTED_EDGE('',*,*,#917,.T.);
#1207=ORIENTED_EDGE('',*,*,#867,.T.);
#1208=ORIENTED_EDGE('',*,*,#924,.T.);
#1209=ORIENTED_EDGE('',*,*,#879,.T.);
#1210=ORIENTED_EDGE('',*,*,#919,.F.);
#1211=ORIENTED_EDGE('',*,*,#925,.F.);
#1212=ORIENTED_EDGE('',*,*,#926,.T.);
#1213=ORIENTED_EDGE('',*,*,#880,.T.);
#1214=ORIENTED_EDGE('',*,*,#926,.F.);
#1215=ORIENTED_EDGE('',*,*,#927,.F.);
#1216=ORIENTED_EDGE('',*,*,#928,.T.);
#1217=ORIENTED_EDGE('',*,*,#881,.T.);
#1218=ORIENTED_EDGE('',*,*,#928,.F.);
#1219=ORIENTED_EDGE('',*,*,#929,.F.);
#1220=ORIENTED_EDGE('',*,*,#930,.T.);
#1221=ORIENTED_EDGE('',*,*,#882,.T.);
#1222=ORIENTED_EDGE('',*,*,#930,.F.);
#1223=ORIENTED_EDGE('',*,*,#931,.F.);
#1224=ORIENTED_EDGE('',*,*,#932,.T.);
#1225=ORIENTED_EDGE('',*,*,#883,.T.);
#1226=ORIENTED_EDGE('',*,*,#932,.F.);
#1227=ORIENTED_EDGE('',*,*,#933,.F.);
#1228=ORIENTED_EDGE('',*,*,#934,.T.);
#1229=ORIENTED_EDGE('',*,*,#884,.T.);
#1230=ORIENTED_EDGE('',*,*,#934,.F.);
#1231=ORIENTED_EDGE('',*,*,#935,.F.);
#1232=ORIENTED_EDGE('',*,*,#912,.T.);
#1233=ORIENTED_EDGE('',*,*,#869,.F.);
#1234=ORIENTED_EDGE('',*,*,#913,.T.);
#1235=ORIENTED_EDGE('',*,*,#935,.T.);
#1236=ORIENTED_EDGE('',*,*,#933,.T.);
#1237=ORIENTED_EDGE('',*,*,#931,.T.);
#1238=ORIENTED_EDGE('',*,*,#929,.T.);
#1239=ORIENTED_EDGE('',*,*,#927,.T.);
#1240=ORIENTED_EDGE('',*,*,#925,.T.);
#1241=ORIENTED_EDGE('',*,*,#918,.T.);
#1242=ORIENTED_EDGE('',*,*,#886,.T.);
#1243=ORIENTED_EDGE('',*,*,#911,.F.);
#1244=ORIENTED_EDGE('',*,*,#936,.F.);
#1245=ORIENTED_EDGE('',*,*,#937,.T.);
#1246=ORIENTED_EDGE('',*,*,#887,.T.);
#1247=ORIENTED_EDGE('',*,*,#937,.F.);
#1248=ORIENTED_EDGE('',*,*,#938,.F.);
#1249=ORIENTED_EDGE('',*,*,#939,.T.);
#1250=ORIENTED_EDGE('',*,*,#888,.T.);
#1251=ORIENTED_EDGE('',*,*,#939,.F.);
#1252=ORIENTED_EDGE('',*,*,#940,.F.);
#1253=ORIENTED_EDGE('',*,*,#941,.T.);
#1254=ORIENTED_EDGE('',*,*,#889,.T.);
#1255=ORIENTED_EDGE('',*,*,#941,.F.);
#1256=ORIENTED_EDGE('',*,*,#942,.F.);
#1257=ORIENTED_EDGE('',*,*,#943,.T.);
#1258=ORIENTED_EDGE('',*,*,#890,.T.);
#1259=ORIENTED_EDGE('',*,*,#943,.F.);
#1260=ORIENTED_EDGE('',*,*,#944,.F.);
#1261=ORIENTED_EDGE('',*,*,#945,.T.);
#1262=ORIENTED_EDGE('',*,*,#891,.T.);
#1263=ORIENTED_EDGE('',*,*,#945,.F.);
#1264=ORIENTED_EDGE('',*,*,#946,.F.);
#1265=ORIENTED_EDGE('',*,*,#907,.T.);
#1266=ORIENTED_EDGE('',*,*,#873,.F.);
#1267=ORIENTED_EDGE('',*,*,#908,.T.);
#1268=ORIENTED_EDGE('',*,*,#946,.T.);
#1269=ORIENTED_EDGE('',*,*,#944,.T.);
#1270=ORIENTED_EDGE('',*,*,#942,.T.);
#1271=ORIENTED_EDGE('',*,*,#940,.T.);
#1272=ORIENTED_EDGE('',*,*,#938,.T.);
#1273=ORIENTED_EDGE('',*,*,#936,.T.);
#1274=ORIENTED_EDGE('',*,*,#910,.T.);
#1275=ORIENTED_EDGE('',*,*,#893,.T.);
#1276=ORIENTED_EDGE('',*,*,#906,.F.);
#1277=ORIENTED_EDGE('',*,*,#947,.F.);
#1278=ORIENTED_EDGE('',*,*,#948,.T.);
#1279=ORIENTED_EDGE('',*,*,#894,.T.);
#1280=ORIENTED_EDGE('',*,*,#948,.F.);
#1281=ORIENTED_EDGE('',*,*,#949,.F.);
#1282=ORIENTED_EDGE('',*,*,#950,.T.);
#1283=ORIENTED_EDGE('',*,*,#895,.T.);
#1284=ORIENTED_EDGE('',*,*,#950,.F.);
#1285=ORIENTED_EDGE('',*,*,#951,.F.);
#1286=ORIENTED_EDGE('',*,*,#952,.T.);
#1287=ORIENTED_EDGE('',*,*,#896,.T.);
#1288=ORIENTED_EDGE('',*,*,#952,.F.);
#1289=ORIENTED_EDGE('',*,*,#953,.F.);
#1290=ORIENTED_EDGE('',*,*,#954,.T.);
#1291=ORIENTED_EDGE('',*,*,#897,.T.);
#1292=ORIENTED_EDGE('',*,*,#954,.F.);
#1293=ORIENTED_EDGE('',*,*,#955,.F.);
#1294=ORIENTED_EDGE('',*,*,#956,.T.);
#1295=ORIENTED_EDGE('',*,*,#898,.T.);
#1296=ORIENTED_EDGE('',*,*,#956,.F.);
#1297=ORIENTED_EDGE('',*,*,#957,.F.);
#1298=ORIENTED_EDGE('',*,*,#922,.T.);
#1299=ORIENTED_EDGE('',*,*,#861,.F.);
#1300=ORIENTED_EDGE('',*,*,#923,.T.);
#1301=ORIENTED_EDGE('',*,*,#957,.T.);
#1302=ORIENTED_EDGE('',*,*,#955,.T.);
#1303=ORIENTED_EDGE('',*,*,#953,.T.);
#1304=ORIENTED_EDGE('',*,*,#951,.T.);
#1305=ORIENTED_EDGE('',*,*,#949,.T.);
#1306=ORIENTED_EDGE('',*,*,#947,.T.);
#1307=ORIENTED_EDGE('',*,*,#905,.T.);
#1308=ORIENTED_EDGE('',*,*,#877,.T.);
#1309=ORIENTED_EDGE('',*,*,#958,.F.);
#1310=ORIENTED_EDGE('',*,*,#959,.F.);
#1311=ORIENTED_EDGE('',*,*,#915,.T.);
#1312=ORIENTED_EDGE('',*,*,#900,.T.);
#1313=ORIENTED_EDGE('',*,*,#921,.F.);
#1314=ORIENTED_EDGE('',*,*,#960,.F.);
#1315=ORIENTED_EDGE('',*,*,#961,.T.);
#1316=ORIENTED_EDGE('',*,*,#901,.T.);
#1317=ORIENTED_EDGE('',*,*,#961,.F.);
#1318=ORIENTED_EDGE('',*,*,#962,.F.);
#1319=ORIENTED_EDGE('',*,*,#963,.T.);
#1320=ORIENTED_EDGE('',*,*,#902,.T.);
#1321=ORIENTED_EDGE('',*,*,#963,.F.);
#1322=ORIENTED_EDGE('',*,*,#964,.F.);
#1323=ORIENTED_EDGE('',*,*,#965,.T.);
#1324=ORIENTED_EDGE('',*,*,#903,.T.);
#1325=ORIENTED_EDGE('',*,*,#965,.F.);
#1326=ORIENTED_EDGE('',*,*,#966,.F.);
#1327=ORIENTED_EDGE('',*,*,#967,.T.);
#1328=ORIENTED_EDGE('',*,*,#904,.T.);
#1329=ORIENTED_EDGE('',*,*,#967,.F.);
#1330=ORIENTED_EDGE('',*,*,#968,.F.);
#1331=ORIENTED_EDGE('',*,*,#958,.T.);
#1332=ORIENTED_EDGE('',*,*,#959,.T.);
#1333=ORIENTED_EDGE('',*,*,#968,.T.);
#1334=ORIENTED_EDGE('',*,*,#966,.T.);
#1335=ORIENTED_EDGE('',*,*,#964,.T.);
#1336=ORIENTED_EDGE('',*,*,#962,.T.);
#1337=ORIENTED_EDGE('',*,*,#960,.T.);
#1338=ORIENTED_EDGE('',*,*,#920,.T.);
#1339=ORIENTED_EDGE('',*,*,#865,.T.);
#1340=ORIENTED_EDGE('',*,*,#916,.T.);
#1341=ORIENTED_EDGE('',*,*,#969,.F.);
#1342=ORIENTED_EDGE('',*,*,#970,.T.);
#1343=ORIENTED_EDGE('',*,*,#971,.T.);
#1344=ORIENTED_EDGE('',*,*,#972,.T.);
#1345=ORIENTED_EDGE('',*,*,#973,.F.);
#1346=ORIENTED_EDGE('',*,*,#969,.T.);
#1347=ORIENTED_EDGE('',*,*,#974,.F.);
#1348=ORIENTED_EDGE('',*,*,#975,.F.);
#1349=ORIENTED_EDGE('',*,*,#976,.F.);
#1350=ORIENTED_EDGE('',*,*,#975,.T.);
#1351=ORIENTED_EDGE('',*,*,#977,.F.);
#1352=ORIENTED_EDGE('',*,*,#978,.F.);
#1353=ORIENTED_EDGE('',*,*,#979,.F.);
#1354=ORIENTED_EDGE('',*,*,#978,.T.);
#1355=ORIENTED_EDGE('',*,*,#980,.F.);
#1356=ORIENTED_EDGE('',*,*,#981,.F.);
#1357=ORIENTED_EDGE('',*,*,#982,.F.);
#1358=ORIENTED_EDGE('',*,*,#981,.T.);
#1359=ORIENTED_EDGE('',*,*,#983,.F.);
#1360=ORIENTED_EDGE('',*,*,#984,.F.);
#1361=ORIENTED_EDGE('',*,*,#985,.F.);
#1362=ORIENTED_EDGE('',*,*,#984,.T.);
#1363=ORIENTED_EDGE('',*,*,#986,.F.);
#1364=ORIENTED_EDGE('',*,*,#987,.F.);
#1365=ORIENTED_EDGE('',*,*,#988,.F.);
#1366=ORIENTED_EDGE('',*,*,#987,.T.);
#1367=ORIENTED_EDGE('',*,*,#989,.F.);
#1368=ORIENTED_EDGE('',*,*,#990,.F.);
#1369=ORIENTED_EDGE('',*,*,#991,.F.);
#1370=ORIENTED_EDGE('',*,*,#990,.T.);
#1371=ORIENTED_EDGE('',*,*,#992,.F.);
#1372=ORIENTED_EDGE('',*,*,#993,.F.);
#1373=ORIENTED_EDGE('',*,*,#994,.F.);
#1374=ORIENTED_EDGE('',*,*,#993,.T.);
#1375=ORIENTED_EDGE('',*,*,#995,.F.);
#1376=ORIENTED_EDGE('',*,*,#971,.F.);
#1377=ORIENTED_EDGE('',*,*,#972,.F.);
#1378=ORIENTED_EDGE('',*,*,#995,.T.);
#1379=ORIENTED_EDGE('',*,*,#992,.T.);
#1380=ORIENTED_EDGE('',*,*,#989,.T.);
#1381=ORIENTED_EDGE('',*,*,#986,.T.);
#1382=ORIENTED_EDGE('',*,*,#983,.T.);
#1383=ORIENTED_EDGE('',*,*,#980,.T.);
#1384=ORIENTED_EDGE('',*,*,#977,.T.);
#1385=ORIENTED_EDGE('',*,*,#974,.T.);
#1386=ORIENTED_EDGE('',*,*,#973,.T.);
#1387=ORIENTED_EDGE('',*,*,#976,.T.);
#1388=ORIENTED_EDGE('',*,*,#979,.T.);
#1389=ORIENTED_EDGE('',*,*,#982,.T.);
#1390=ORIENTED_EDGE('',*,*,#985,.T.);
#1391=ORIENTED_EDGE('',*,*,#988,.T.);
#1392=ORIENTED_EDGE('',*,*,#991,.T.);
#1393=ORIENTED_EDGE('',*,*,#994,.T.);
#1394=ORIENTED_EDGE('',*,*,#970,.F.);
#1395=ORIENTED_EDGE('',*,*,#996,.F.);
#1396=ORIENTED_EDGE('',*,*,#997,.T.);
#1397=ORIENTED_EDGE('',*,*,#998,.T.);
#1398=ORIENTED_EDGE('',*,*,#999,.T.);
#1399=ORIENTED_EDGE('',*,*,#1000,.F.);
#1400=ORIENTED_EDGE('',*,*,#996,.T.);
#1401=ORIENTED_EDGE('',*,*,#1001,.F.);
#1402=ORIENTED_EDGE('',*,*,#1002,.F.);
#1403=ORIENTED_EDGE('',*,*,#1003,.F.);
#1404=ORIENTED_EDGE('',*,*,#1002,.T.);
#1405=ORIENTED_EDGE('',*,*,#1004,.F.);
#1406=ORIENTED_EDGE('',*,*,#1005,.F.);
#1407=ORIENTED_EDGE('',*,*,#1006,.F.);
#1408=ORIENTED_EDGE('',*,*,#1005,.T.);
#1409=ORIENTED_EDGE('',*,*,#1007,.F.);
#1410=ORIENTED_EDGE('',*,*,#1008,.F.);
#1411=ORIENTED_EDGE('',*,*,#1009,.F.);
#1412=ORIENTED_EDGE('',*,*,#1008,.T.);
#1413=ORIENTED_EDGE('',*,*,#1010,.F.);
#1414=ORIENTED_EDGE('',*,*,#1011,.F.);
#1415=ORIENTED_EDGE('',*,*,#1012,.F.);
#1416=ORIENTED_EDGE('',*,*,#1011,.T.);
#1417=ORIENTED_EDGE('',*,*,#1013,.F.);
#1418=ORIENTED_EDGE('',*,*,#1014,.F.);
#1419=ORIENTED_EDGE('',*,*,#1015,.F.);
#1420=ORIENTED_EDGE('',*,*,#1014,.T.);
#1421=ORIENTED_EDGE('',*,*,#1016,.F.);
#1422=ORIENTED_EDGE('',*,*,#1017,.F.);
#1423=ORIENTED_EDGE('',*,*,#1018,.F.);
#1424=ORIENTED_EDGE('',*,*,#1017,.T.);
#1425=ORIENTED_EDGE('',*,*,#1019,.F.);
#1426=ORIENTED_EDGE('',*,*,#1020,.F.);
#1427=ORIENTED_EDGE('',*,*,#1021,.F.);
#1428=ORIENTED_EDGE('',*,*,#1020,.T.);
#1429=ORIENTED_EDGE('',*,*,#1022,.F.);
#1430=ORIENTED_EDGE('',*,*,#998,.F.);
#1431=ORIENTED_EDGE('',*,*,#999,.F.);
#1432=ORIENTED_EDGE('',*,*,#1022,.T.);
#1433=ORIENTED_EDGE('',*,*,#1019,.T.);
#1434=ORIENTED_EDGE('',*,*,#1016,.T.);
#1435=ORIENTED_EDGE('',*,*,#1013,.T.);
#1436=ORIENTED_EDGE('',*,*,#1010,.T.);
#1437=ORIENTED_EDGE('',*,*,#1007,.T.);
#1438=ORIENTED_EDGE('',*,*,#1004,.T.);
#1439=ORIENTED_EDGE('',*,*,#1001,.T.);
#1440=ORIENTED_EDGE('',*,*,#1000,.T.);
#1441=ORIENTED_EDGE('',*,*,#1003,.T.);
#1442=ORIENTED_EDGE('',*,*,#1006,.T.);
#1443=ORIENTED_EDGE('',*,*,#1009,.T.);
#1444=ORIENTED_EDGE('',*,*,#1012,.T.);
#1445=ORIENTED_EDGE('',*,*,#1015,.T.);
#1446=ORIENTED_EDGE('',*,*,#1018,.T.);
#1447=ORIENTED_EDGE('',*,*,#1021,.T.);
#1448=ORIENTED_EDGE('',*,*,#997,.F.);
#1449=ORIENTED_EDGE('',*,*,#1023,.F.);
#1450=ORIENTED_EDGE('',*,*,#1024,.T.);
#1451=ORIENTED_EDGE('',*,*,#1025,.T.);
#1452=ORIENTED_EDGE('',*,*,#1026,.T.);
#1453=ORIENTED_EDGE('',*,*,#1027,.F.);
#1454=ORIENTED_EDGE('',*,*,#1023,.T.);
#1455=ORIENTED_EDGE('',*,*,#1028,.F.);
#1456=ORIENTED_EDGE('',*,*,#1029,.F.);
#1457=ORIENTED_EDGE('',*,*,#1030,.F.);
#1458=ORIENTED_EDGE('',*,*,#1029,.T.);
#1459=ORIENTED_EDGE('',*,*,#1031,.F.);
#1460=ORIENTED_EDGE('',*,*,#1032,.F.);
#1461=ORIENTED_EDGE('',*,*,#1033,.F.);
#1462=ORIENTED_EDGE('',*,*,#1032,.T.);
#1463=ORIENTED_EDGE('',*,*,#1034,.F.);
#1464=ORIENTED_EDGE('',*,*,#1035,.F.);
#1465=ORIENTED_EDGE('',*,*,#1036,.F.);
#1466=ORIENTED_EDGE('',*,*,#1035,.T.);
#1467=ORIENTED_EDGE('',*,*,#1037,.F.);
#1468=ORIENTED_EDGE('',*,*,#1038,.F.);
#1469=ORIENTED_EDGE('',*,*,#1039,.F.);
#1470=ORIENTED_EDGE('',*,*,#1038,.T.);
#1471=ORIENTED_EDGE('',*,*,#1040,.F.);
#1472=ORIENTED_EDGE('',*,*,#1041,.F.);
#1473=ORIENTED_EDGE('',*,*,#1042,.F.);
#1474=ORIENTED_EDGE('',*,*,#1041,.T.);
#1475=ORIENTED_EDGE('',*,*,#1043,.F.);
#1476=ORIENTED_EDGE('',*,*,#1044,.F.);
#1477=ORIENTED_EDGE('',*,*,#1045,.F.);
#1478=ORIENTED_EDGE('',*,*,#1044,.T.);
#1479=ORIENTED_EDGE('',*,*,#1046,.F.);
#1480=ORIENTED_EDGE('',*,*,#1047,.F.);
#1481=ORIENTED_EDGE('',*,*,#1048,.F.);
#1482=ORIENTED_EDGE('',*,*,#1047,.T.);
#1483=ORIENTED_EDGE('',*,*,#1049,.F.);
#1484=ORIENTED_EDGE('',*,*,#1025,.F.);
#1485=ORIENTED_EDGE('',*,*,#1026,.F.);
#1486=ORIENTED_EDGE('',*,*,#1049,.T.);
#1487=ORIENTED_EDGE('',*,*,#1046,.T.);
#1488=ORIENTED_EDGE('',*,*,#1043,.T.);
#1489=ORIENTED_EDGE('',*,*,#1040,.T.);
#1490=ORIENTED_EDGE('',*,*,#1037,.T.);
#1491=ORIENTED_EDGE('',*,*,#1034,.T.);
#1492=ORIENTED_EDGE('',*,*,#1031,.T.);
#1493=ORIENTED_EDGE('',*,*,#1028,.T.);
#1494=ORIENTED_EDGE('',*,*,#1027,.T.);
#1495=ORIENTED_EDGE('',*,*,#1030,.T.);
#1496=ORIENTED_EDGE('',*,*,#1033,.T.);
#1497=ORIENTED_EDGE('',*,*,#1036,.T.);
#1498=ORIENTED_EDGE('',*,*,#1039,.T.);
#1499=ORIENTED_EDGE('',*,*,#1042,.T.);
#1500=ORIENTED_EDGE('',*,*,#1045,.T.);
#1501=ORIENTED_EDGE('',*,*,#1048,.T.);
#1502=ORIENTED_EDGE('',*,*,#1024,.F.);
#1503=ORIENTED_EDGE('',*,*,#1050,.F.);
#1504=ORIENTED_EDGE('',*,*,#1051,.T.);
#1505=ORIENTED_EDGE('',*,*,#1052,.F.);
#1506=ORIENTED_EDGE('',*,*,#1053,.F.);
#1507=ORIENTED_EDGE('',*,*,#1054,.F.);
#1508=ORIENTED_EDGE('',*,*,#1053,.T.);
#1509=ORIENTED_EDGE('',*,*,#1055,.F.);
#1510=ORIENTED_EDGE('',*,*,#1056,.F.);
#1511=ORIENTED_EDGE('',*,*,#1057,.F.);
#1512=ORIENTED_EDGE('',*,*,#1056,.T.);
#1513=ORIENTED_EDGE('',*,*,#1058,.F.);
#1514=ORIENTED_EDGE('',*,*,#1059,.F.);
#1515=ORIENTED_EDGE('',*,*,#1060,.F.);
#1516=ORIENTED_EDGE('',*,*,#1059,.T.);
#1517=ORIENTED_EDGE('',*,*,#1061,.F.);
#1518=ORIENTED_EDGE('',*,*,#1062,.F.);
#1519=ORIENTED_EDGE('',*,*,#1063,.F.);
#1520=ORIENTED_EDGE('',*,*,#1062,.T.);
#1521=ORIENTED_EDGE('',*,*,#1064,.F.);
#1522=ORIENTED_EDGE('',*,*,#1065,.F.);
#1523=ORIENTED_EDGE('',*,*,#1066,.F.);
#1524=ORIENTED_EDGE('',*,*,#1065,.T.);
#1525=ORIENTED_EDGE('',*,*,#1067,.F.);
#1526=ORIENTED_EDGE('',*,*,#1068,.F.);
#1527=ORIENTED_EDGE('',*,*,#1069,.F.);
#1528=ORIENTED_EDGE('',*,*,#1068,.T.);
#1529=ORIENTED_EDGE('',*,*,#1070,.F.);
#1530=ORIENTED_EDGE('',*,*,#1071,.F.);
#1531=ORIENTED_EDGE('',*,*,#1072,.F.);
#1532=ORIENTED_EDGE('',*,*,#1071,.T.);
#1533=ORIENTED_EDGE('',*,*,#1073,.F.);
#1534=ORIENTED_EDGE('',*,*,#1074,.F.);
#1535=ORIENTED_EDGE('',*,*,#1075,.F.);
#1536=ORIENTED_EDGE('',*,*,#1074,.T.);
#1537=ORIENTED_EDGE('',*,*,#1076,.F.);
#1538=ORIENTED_EDGE('',*,*,#1051,.F.);
#1539=ORIENTED_EDGE('',*,*,#1052,.T.);
#1540=ORIENTED_EDGE('',*,*,#1076,.T.);
#1541=ORIENTED_EDGE('',*,*,#1073,.T.);
#1542=ORIENTED_EDGE('',*,*,#1070,.T.);
#1543=ORIENTED_EDGE('',*,*,#1067,.T.);
#1544=ORIENTED_EDGE('',*,*,#1064,.T.);
#1545=ORIENTED_EDGE('',*,*,#1061,.T.);
#1546=ORIENTED_EDGE('',*,*,#1058,.T.);
#1547=ORIENTED_EDGE('',*,*,#1055,.T.);
#1548=ORIENTED_EDGE('',*,*,#1050,.T.);
#1549=ORIENTED_EDGE('',*,*,#1054,.T.);
#1550=ORIENTED_EDGE('',*,*,#1057,.T.);
#1551=ORIENTED_EDGE('',*,*,#1060,.T.);
#1552=ORIENTED_EDGE('',*,*,#1063,.T.);
#1553=ORIENTED_EDGE('',*,*,#1066,.T.);
#1554=ORIENTED_EDGE('',*,*,#1069,.T.);
#1555=ORIENTED_EDGE('',*,*,#1072,.T.);
#1556=ORIENTED_EDGE('',*,*,#1075,.T.);
#1557=PLANE('',#1748);
#1558=PLANE('',#1753);
#1559=PLANE('',#1758);
#1560=PLANE('',#1760);
#1561=PLANE('',#1762);
#1562=PLANE('',#1764);
#1563=PLANE('',#1778);
#1564=PLANE('',#1779);
#1565=PLANE('',#1780);
#1566=PLANE('',#1781);
#1567=PLANE('',#1782);
#1568=PLANE('',#1783);
#1569=PLANE('',#1784);
#1570=PLANE('',#1785);
#1571=PLANE('',#1786);
#1572=PLANE('',#1787);
#1573=PLANE('',#1788);
#1574=PLANE('',#1789);
#1575=PLANE('',#1790);
#1576=PLANE('',#1791);
#1577=PLANE('',#1792);
#1578=PLANE('',#1793);
#1579=PLANE('',#1794);
#1580=PLANE('',#1795);
#1581=PLANE('',#1796);
#1582=PLANE('',#1797);
#1583=PLANE('',#1798);
#1584=PLANE('',#1799);
#1585=PLANE('',#1800);
#1586=PLANE('',#1801);
#1587=PLANE('',#1802);
#1588=PLANE('',#1803);
#1589=PLANE('',#1804);
#1590=PLANE('',#1805);
#1591=PLANE('',#1806);
#1592=PLANE('',#1807);
#1593=PLANE('',#1808);
#1594=PLANE('',#1809);
#1595=PLANE('',#1810);
#1596=PLANE('',#1811);
#1597=PLANE('',#1815);
#1598=PLANE('',#1816);
#1599=PLANE('',#1817);
#1600=PLANE('',#1818);
#1601=PLANE('',#1819);
#1602=PLANE('',#1820);
#1603=PLANE('',#1821);
#1604=PLANE('',#1822);
#1605=PLANE('',#1823);
#1606=PLANE('',#1824);
#1607=PLANE('',#1828);
#1608=PLANE('',#1829);
#1609=PLANE('',#1830);
#1610=PLANE('',#1831);
#1611=PLANE('',#1832);
#1612=PLANE('',#1833);
#1613=PLANE('',#1834);
#1614=PLANE('',#1835);
#1615=PLANE('',#1836);
#1616=PLANE('',#1837);
#1617=PLANE('',#1841);
#1618=PLANE('',#1842);
#1619=PLANE('',#1843);
#1620=PLANE('',#1844);
#1621=PLANE('',#1845);
#1622=PLANE('',#1846);
#1623=PLANE('',#1847);
#1624=PLANE('',#1848);
#1625=PLANE('',#1849);
#1626=PLANE('',#1850);
#1627=PLANE('',#1851);
#1628=PLANE('',#1852);
#1629=PLANE('',#1856);
#1630=PLANE('',#1857);
#1631=PLANE('',#1858);
#1632=PLANE('',#1859);
#1633=PLANE('',#1860);
#1634=PLANE('',#1861);
#1635=PLANE('',#1862);
#1636=PLANE('',#1863);
#1637=ADVANCED_FACE('',(#37),#1557,.T.);
#1638=ADVANCED_FACE('',(#38),#1558,.T.);
#1639=ADVANCED_FACE('',(#39),#1559,.T.);
#1640=ADVANCED_FACE('',(#40),#25,.T.);
#1641=ADVANCED_FACE('',(#41),#1560,.T.);
#1642=ADVANCED_FACE('',(#42),#26,.T.);
#1643=ADVANCED_FACE('',(#43),#1561,.T.);
#1644=ADVANCED_FACE('',(#44),#27,.T.);
#1645=ADVANCED_FACE('',(#45),#1562,.T.);
#1646=ADVANCED_FACE('',(#46),#28,.T.);
#1647=ADVANCED_FACE('',(#47),#29,.F.);
#1648=ADVANCED_FACE('',(#48),#30,.F.);
#1649=ADVANCED_FACE('',(#49),#31,.F.);
#1650=ADVANCED_FACE('',(#50),#32,.F.);
#1651=ADVANCED_FACE('',(#51),#1563,.T.);
#1652=ADVANCED_FACE('',(#52),#1564,.F.);
#1653=ADVANCED_FACE('',(#53),#1565,.F.);
#1654=ADVANCED_FACE('',(#54),#1566,.F.);
#1655=ADVANCED_FACE('',(#55),#1567,.F.);
#1656=ADVANCED_FACE('',(#56),#1568,.F.);
#1657=ADVANCED_FACE('',(#57),#1569,.F.);
#1658=ADVANCED_FACE('',(#58),#1570,.F.);
#1659=ADVANCED_FACE('',(#59),#1571,.F.);
#1660=ADVANCED_FACE('',(#60),#1572,.F.);
#1661=ADVANCED_FACE('',(#61),#1573,.F.);
#1662=ADVANCED_FACE('',(#62),#1574,.F.);
#1663=ADVANCED_FACE('',(#63),#1575,.T.);
#1664=ADVANCED_FACE('',(#64),#1576,.F.);
#1665=ADVANCED_FACE('',(#65),#1577,.F.);
#1666=ADVANCED_FACE('',(#66),#1578,.F.);
#1667=ADVANCED_FACE('',(#67),#1579,.F.);
#1668=ADVANCED_FACE('',(#68),#1580,.F.);
#1669=ADVANCED_FACE('',(#69),#1581,.F.);
#1670=ADVANCED_FACE('',(#70),#1582,.T.);
#1671=ADVANCED_FACE('',(#71),#1583,.F.);
#1672=ADVANCED_FACE('',(#72),#1584,.F.);
#1673=ADVANCED_FACE('',(#73),#1585,.F.);
#1674=ADVANCED_FACE('',(#74),#1586,.F.);
#1675=ADVANCED_FACE('',(#75),#1587,.F.);
#1676=ADVANCED_FACE('',(#76),#1588,.F.);
#1677=ADVANCED_FACE('',(#77),#1589,.T.);
#1678=ADVANCED_FACE('',(#78),#1590,.F.);
#1679=ADVANCED_FACE('',(#79),#1591,.F.);
#1680=ADVANCED_FACE('',(#80),#1592,.F.);
#1681=ADVANCED_FACE('',(#81),#1593,.F.);
#1682=ADVANCED_FACE('',(#82),#1594,.F.);
#1683=ADVANCED_FACE('',(#83),#1595,.F.);
#1684=ADVANCED_FACE('',(#84),#1596,.T.);
#1685=ADVANCED_FACE('',(#85),#33,.F.);
#1686=ADVANCED_FACE('',(#86),#1597,.T.);
#1687=ADVANCED_FACE('',(#87),#1598,.T.);
#1688=ADVANCED_FACE('',(#88),#1599,.T.);
#1689=ADVANCED_FACE('',(#89),#1600,.T.);
#1690=ADVANCED_FACE('',(#90),#1601,.T.);
#1691=ADVANCED_FACE('',(#91),#1602,.T.);
#1692=ADVANCED_FACE('',(#92),#1603,.T.);
#1693=ADVANCED_FACE('',(#93),#1604,.T.);
#1694=ADVANCED_FACE('',(#94),#1605,.T.);
#1695=ADVANCED_FACE('',(#95),#1606,.F.);
#1696=ADVANCED_FACE('',(#96),#34,.F.);
#1697=ADVANCED_FACE('',(#97),#1607,.T.);
#1698=ADVANCED_FACE('',(#98),#1608,.T.);
#1699=ADVANCED_FACE('',(#99),#1609,.T.);
#1700=ADVANCED_FACE('',(#100),#1610,.T.);
#1701=ADVANCED_FACE('',(#101),#1611,.T.);
#1702=ADVANCED_FACE('',(#102),#1612,.T.);
#1703=ADVANCED_FACE('',(#103),#1613,.T.);
#1704=ADVANCED_FACE('',(#104),#1614,.T.);
#1705=ADVANCED_FACE('',(#105),#1615,.T.);
#1706=ADVANCED_FACE('',(#106),#1616,.F.);
#1707=ADVANCED_FACE('',(#107),#35,.F.);
#1708=ADVANCED_FACE('',(#108),#1617,.T.);
#1709=ADVANCED_FACE('',(#109),#1618,.T.);
#1710=ADVANCED_FACE('',(#110),#1619,.T.);
#1711=ADVANCED_FACE('',(#111),#1620,.T.);
#1712=ADVANCED_FACE('',(#112),#1621,.T.);
#1713=ADVANCED_FACE('',(#113),#1622,.T.);
#1714=ADVANCED_FACE('',(#114),#1623,.T.);
#1715=ADVANCED_FACE('',(#115),#1624,.T.);
#1716=ADVANCED_FACE('',(#116),#1625,.T.);
#1717=ADVANCED_FACE('',(#117),#1626,.F.);
#1718=ADVANCED_FACE('',(#118),#1627,.T.);
#1719=ADVANCED_FACE('',(#119),#1628,.T.);
#1720=ADVANCED_FACE('',(#120),#36,.F.);
#1721=ADVANCED_FACE('',(#121),#1629,.T.);
#1722=ADVANCED_FACE('',(#122),#1630,.T.);
#1723=ADVANCED_FACE('',(#123),#1631,.T.);
#1724=ADVANCED_FACE('',(#124),#1632,.T.);
#1725=ADVANCED_FACE('',(#125),#1633,.T.);
#1726=ADVANCED_FACE('',(#126),#1634,.T.);
#1727=ADVANCED_FACE('',(#127),#1635,.T.);
#1728=ADVANCED_FACE('',(#128),#1636,.F.);
#1729=CLOSED_SHELL('',(#1637,#1638,#1639,#1640,#1641,#1642,#1643,#1644,
#1645,#1646));
#1730=CLOSED_SHELL('',(#1647,#1648,#1649,#1650,#1651,#1652,#1653,#1654,
#1655,#1656,#1657,#1658,#1659,#1660,#1661,#1662,#1663,#1664,#1665,#1666,
#1667,#1668,#1669,#1670,#1671,#1672,#1673,#1674,#1675,#1676,#1677,#1678,
#1679,#1680,#1681,#1682,#1683,#1684));
#1731=CLOSED_SHELL('',(#1685,#1686,#1687,#1688,#1689,#1690,#1691,#1692,
#1693,#1694,#1695));
#1732=CLOSED_SHELL('',(#1696,#1697,#1698,#1699,#1700,#1701,#1702,#1703,
#1704,#1705,#1706));
#1733=CLOSED_SHELL('',(#1707,#1708,#1709,#1710,#1711,#1712,#1713,#1714,
#1715,#1716,#1717));
#1734=CLOSED_SHELL('',(#1718,#1719,#1720,#1721,#1722,#1723,#1724,#1725,
#1726,#1727,#1728));
#1735=DERIVED_UNIT_ELEMENT(#1737,1.);
#1736=DERIVED_UNIT_ELEMENT(#2812,-3.);
#1737=(
MASS_UNIT()
NAMED_UNIT(*)
SI_UNIT(.KILO.,.GRAM.)
);
#1738=DERIVED_UNIT((#1735,#1736));
#1739=MEASURE_REPRESENTATION_ITEM('density measure',
POSITIVE_RATIO_MEASURE(7850.),#1738);
#1740=PROPERTY_DEFINITION_REPRESENTATION(#1745,#1742);
#1741=PROPERTY_DEFINITION_REPRESENTATION(#1746,#1743);
#1742=REPRESENTATION('material name',(#1744),#2809);
#1743=REPRESENTATION('density',(#1739),#2809);
#1744=DESCRIPTIVE_REPRESENTATION_ITEM('Steel','Steel');
#1745=PROPERTY_DEFINITION('material property','material name',#2819);
#1746=PROPERTY_DEFINITION('material property','density of part',#2819);
#1747=AXIS2_PLACEMENT_3D('',#2314,#1864,#1865);
#1748=AXIS2_PLACEMENT_3D('',#2315,#1866,#1867);
#1749=AXIS2_PLACEMENT_3D('',#2318,#1868,#1869);
#1750=AXIS2_PLACEMENT_3D('',#2322,#1871,#1872);
#1751=AXIS2_PLACEMENT_3D('',#2326,#1874,#1875);
#1752=AXIS2_PLACEMENT_3D('',#2330,#1877,#1878);
#1753=AXIS2_PLACEMENT_3D('',#2332,#1880,#1881);
#1754=AXIS2_PLACEMENT_3D('',#2335,#1882,#1883);
#1755=AXIS2_PLACEMENT_3D('',#2339,#1885,#1886);
#1756=AXIS2_PLACEMENT_3D('',#2343,#1888,#1889);
#1757=AXIS2_PLACEMENT_3D('',#2347,#1891,#1892);
#1758=AXIS2_PLACEMENT_3D('',#2349,#1894,#1895);
#1759=AXIS2_PLACEMENT_3D('',#2352,#1898,#1899);
#1760=AXIS2_PLACEMENT_3D('',#2354,#1901,#1902);
#1761=AXIS2_PLACEMENT_3D('',#2356,#1904,#1905);
#1762=AXIS2_PLACEMENT_3D('',#2358,#1907,#1908);
#1763=AXIS2_PLACEMENT_3D('',#2360,#1910,#1911);
#1764=AXIS2_PLACEMENT_3D('',#2362,#1913,#1914);
#1765=AXIS2_PLACEMENT_3D('',#2364,#1916,#1917);
#1766=AXIS2_PLACEMENT_3D('',#2365,#1918,#1919);
#1767=AXIS2_PLACEMENT_3D('',#2368,#1920,#1921);
#1768=AXIS2_PLACEMENT_3D('',#2372,#1923,#1924);
#1769=AXIS2_PLACEMENT_3D('',#2374,#1926,#1927);
#1770=AXIS2_PLACEMENT_3D('',#2377,#1928,#1929);
#1771=AXIS2_PLACEMENT_3D('',#2381,#1931,#1932);
#1772=AXIS2_PLACEMENT_3D('',#2383,#1934,#1935);
#1773=AXIS2_PLACEMENT_3D('',#2386,#1936,#1937);
#1774=AXIS2_PLACEMENT_3D('',#2390,#1939,#1940);
#1775=AXIS2_PLACEMENT_3D('',#2392,#1942,#1943);
#1776=AXIS2_PLACEMENT_3D('',#2395,#1944,#1945);
#1777=AXIS2_PLACEMENT_3D('',#2399,#1947,#1948);
#1778=AXIS2_PLACEMENT_3D('',#2401,#1950,#1951);
#1779=AXIS2_PLACEMENT_3D('',#2458,#1980,#1981);
#1780=AXIS2_PLACEMENT_3D('',#2466,#1987,#1988);
#1781=AXIS2_PLACEMENT_3D('',#2474,#1994,#1995);
#1782=AXIS2_PLACEMENT_3D('',#2482,#2001,#2002);
#1783=AXIS2_PLACEMENT_3D('',#2490,#2008,#2009);
#1784=AXIS2_PLACEMENT_3D('',#2491,#2010,#2011);
#1785=AXIS2_PLACEMENT_3D('',#2495,#2014,#2015);
#1786=AXIS2_PLACEMENT_3D('',#2499,#2018,#2019);
#1787=AXIS2_PLACEMENT_3D('',#2503,#2022,#2023);
#1788=AXIS2_PLACEMENT_3D('',#2507,#2026,#2027);
#1789=AXIS2_PLACEMENT_3D('',#2511,#2030,#2031);
#1790=AXIS2_PLACEMENT_3D('',#2513,#2033,#2034);
#1791=AXIS2_PLACEMENT_3D('',#2514,#2035,#2036);
#1792=AXIS2_PLACEMENT_3D('',#2518,#2039,#2040);
#1793=AXIS2_PLACEMENT_3D('',#2522,#2043,#2044);
#1794=AXIS2_PLACEMENT_3D('',#2526,#2047,#2048);
#1795=AXIS2_PLACEMENT_3D('',#2530,#2051,#2052);
#1796=AXIS2_PLACEMENT_3D('',#2534,#2055,#2056);
#1797=AXIS2_PLACEMENT_3D('',#2536,#2058,#2059);
#1798=AXIS2_PLACEMENT_3D('',#2537,#2060,#2061);
#1799=AXIS2_PLACEMENT_3D('',#2541,#2064,#2065);
#1800=AXIS2_PLACEMENT_3D('',#2545,#2068,#2069);
#1801=AXIS2_PLACEMENT_3D('',#2549,#2072,#2073);
#1802=AXIS2_PLACEMENT_3D('',#2553,#2076,#2077);
#1803=AXIS2_PLACEMENT_3D('',#2557,#2080,#2081);
#1804=AXIS2_PLACEMENT_3D('',#2559,#2083,#2084);
#1805=AXIS2_PLACEMENT_3D('',#2560,#2085,#2086);
#1806=AXIS2_PLACEMENT_3D('',#2564,#2089,#2090);
#1807=AXIS2_PLACEMENT_3D('',#2568,#2093,#2094);
#1808=AXIS2_PLACEMENT_3D('',#2572,#2097,#2098);
#1809=AXIS2_PLACEMENT_3D('',#2576,#2101,#2102);
#1810=AXIS2_PLACEMENT_3D('',#2580,#2105,#2106);
#1811=AXIS2_PLACEMENT_3D('',#2582,#2108,#2109);
#1812=AXIS2_PLACEMENT_3D('',#2583,#2110,#2111);
#1813=AXIS2_PLACEMENT_3D('',#2588,#2113,#2114);
#1814=AXIS2_PLACEMENT_3D('',#2591,#2116,#2117);
#1815=AXIS2_PLACEMENT_3D('',#2592,#2118,#2119);
#1816=AXIS2_PLACEMENT_3D('',#2598,#2123,#2124);
#1817=AXIS2_PLACEMENT_3D('',#2604,#2128,#2129);
#1818=AXIS2_PLACEMENT_3D('',#2610,#2133,#2134);
#1819=AXIS2_PLACEMENT_3D('',#2616,#2138,#2139);
#1820=AXIS2_PLACEMENT_3D('',#2622,#2143,#2144);
#1821=AXIS2_PLACEMENT_3D('',#2628,#2148,#2149);
#1822=AXIS2_PLACEMENT_3D('',#2634,#2153,#2154);
#1823=AXIS2_PLACEMENT_3D('',#2637,#2157,#2158);
#1824=AXIS2_PLACEMENT_3D('',#2638,#2159,#2160);
#1825=AXIS2_PLACEMENT_3D('',#2639,#2161,#2162);
#1826=AXIS2_PLACEMENT_3D('',#2644,#2164,#2165);
#1827=AXIS2_PLACEMENT_3D('',#2647,#2167,#2168);
#1828=AXIS2_PLACEMENT_3D('',#2648,#2169,#2170);
#1829=AXIS2_PLACEMENT_3D('',#2654,#2174,#2175);
#1830=AXIS2_PLACEMENT_3D('',#2660,#2179,#2180);
#1831=AXIS2_PLACEMENT_3D('',#2666,#2184,#2185);
#1832=AXIS2_PLACEMENT_3D('',#2672,#2189,#2190);
#1833=AXIS2_PLACEMENT_3D('',#2678,#2194,#2195);
#1834=AXIS2_PLACEMENT_3D('',#2684,#2199,#2200);
#1835=AXIS2_PLACEMENT_3D('',#2690,#2204,#2205);
#1836=AXIS2_PLACEMENT_3D('',#2693,#2208,#2209);
#1837=AXIS2_PLACEMENT_3D('',#2694,#2210,#2211);
#1838=AXIS2_PLACEMENT_3D('',#2695,#2212,#2213);
#1839=AXIS2_PLACEMENT_3D('',#2700,#2215,#2216);
#1840=AXIS2_PLACEMENT_3D('',#2703,#2218,#2219);
#1841=AXIS2_PLACEMENT_3D('',#2704,#2220,#2221);
#1842=AXIS2_PLACEMENT_3D('',#2710,#2225,#2226);
#1843=AXIS2_PLACEMENT_3D('',#2716,#2230,#2231);
#1844=AXIS2_PLACEMENT_3D('',#2722,#2235,#2236);
#1845=AXIS2_PLACEMENT_3D('',#2728,#2240,#2241);
#1846=AXIS2_PLACEMENT_3D('',#2734,#2245,#2246);
#1847=AXIS2_PLACEMENT_3D('',#2740,#2250,#2251);
#1848=AXIS2_PLACEMENT_3D('',#2746,#2255,#2256);
#1849=AXIS2_PLACEMENT_3D('',#2749,#2259,#2260);
#1850=AXIS2_PLACEMENT_3D('',#2750,#2261,#2262);
#1851=AXIS2_PLACEMENT_3D('',#2751,#2263,#2264);
#1852=AXIS2_PLACEMENT_3D('',#2760,#2269,#2270);
#1853=AXIS2_PLACEMENT_3D('',#2766,#2274,#2275);
#1854=AXIS2_PLACEMENT_3D('',#2768,#2276,#2277);
#1855=AXIS2_PLACEMENT_3D('',#2770,#2278,#2279);
#1856=AXIS2_PLACEMENT_3D('',#2772,#2281,#2282);
#1857=AXIS2_PLACEMENT_3D('',#2778,#2286,#2287);
#1858=AXIS2_PLACEMENT_3D('',#2784,#2291,#2292);
#1859=AXIS2_PLACEMENT_3D('',#2790,#2296,#2297);
#1860=AXIS2_PLACEMENT_3D('',#2796,#2301,#2302);
#1861=AXIS2_PLACEMENT_3D('',#2802,#2306,#2307);
#1862=AXIS2_PLACEMENT_3D('',#2805,#2310,#2311);
#1863=AXIS2_PLACEMENT_3D('',#2806,#2312,#2313);
#1864=DIRECTION('axis',(0.,0.,1.));
#1865=DIRECTION('refdir',(1.,0.,0.));
#1866=DIRECTION('center_axis',(0.,-2.22044604925031E-16,-1.));
#1867=DIRECTION('ref_axis',(0.,1.,-2.22044604925031E-16));
#1868=DIRECTION('center_axis',(0.,2.22044604925031E-16,1.));
#1869=DIRECTION('ref_axis',(-2.168404344971E-15,1.,-2.22044604925031E-16));
#1870=DIRECTION('',(-1.,-1.54886024640786E-16,3.43916061497721E-32));
#1871=DIRECTION('center_axis',(0.,2.22044604925031E-16,1.));
#1872=DIRECTION('ref_axis',(0.,1.,-2.22044604925031E-16));
#1873=DIRECTION('',(0.,1.,-2.22044604925031E-16));
#1874=DIRECTION('center_axis',(0.,2.22044604925031E-16,1.));
#1875=DIRECTION('ref_axis',(0.,1.,-2.22044604925031E-16));
#1876=DIRECTION('',(1.,0.,0.));
#1877=DIRECTION('center_axis',(0.,2.22044604925031E-16,1.));
#1878=DIRECTION('ref_axis',(0.,1.,-2.22044604925031E-16));
#1879=DIRECTION('',(0.,-1.,2.22044604925031E-16));
#1880=DIRECTION('center_axis',(0.,2.22044604925031E-16,1.));
#1881=DIRECTION('ref_axis',(0.,-1.,2.22044604925031E-16));
#1882=DIRECTION('center_axis',(0.,2.22044604925031E-16,1.));
#1883=DIRECTION('ref_axis',(0.,-1.,2.22044604925031E-16));
#1884=DIRECTION('',(0.,-1.,2.22044604925031E-16));
#1885=DIRECTION('center_axis',(0.,2.22044604925031E-16,1.));
#1886=DIRECTION('ref_axis',(0.,-1.,2.22044604925031E-16));
#1887=DIRECTION('',(1.,0.,0.));
#1888=DIRECTION('center_axis',(0.,2.22044604925031E-16,1.));
#1889=DIRECTION('ref_axis',(0.,-1.,2.22044604925031E-16));
#1890=DIRECTION('',(0.,1.,-2.22044604925031E-16));
#1891=DIRECTION('center_axis',(0.,2.22044604925031E-16,1.));
#1892=DIRECTION('ref_axis',(0.,-1.,2.22044604925031E-16));
#1893=DIRECTION('',(-1.,-1.54886024640786E-16,3.43916061497721E-32));
#1894=DIRECTION('center_axis',(-1.,0.,0.));
#1895=DIRECTION('ref_axis',(0.,-1.,2.22044604925031E-16));
#1896=DIRECTION('',(0.,2.22044604925031E-16,1.));
#1897=DIRECTION('',(0.,2.22044604925031E-16,1.));
#1898=DIRECTION('center_axis',(0.,2.22044604925031E-16,1.));
#1899=DIRECTION('ref_axis',(0.,-1.,2.22044604925031E-16));
#1900=DIRECTION('',(0.,2.22044604925031E-16,1.));
#1901=DIRECTION('center_axis',(0.,-1.,2.22044604925031E-16));
#1902=DIRECTION('ref_axis',(1.,0.,0.));
#1903=DIRECTION('',(0.,2.22044604925031E-16,1.));
#1904=DIRECTION('center_axis',(0.,2.22044604925031E-16,1.));
#1905=DIRECTION('ref_axis',(0.,-1.,2.22044604925031E-16));
#1906=DIRECTION('',(0.,2.22044604925031E-16,1.));
#1907=DIRECTION('center_axis',(1.,0.,0.));
#1908=DIRECTION('ref_axis',(0.,1.,-2.22044604925031E-16));
#1909=DIRECTION('',(0.,2.22044604925031E-16,1.));
#1910=DIRECTION('center_axis',(0.,2.22044604925031E-16,1.));
#1911=DIRECTION('ref_axis',(0.,-1.,2.22044604925031E-16));
#1912=DIRECTION('',(0.,2.22044604925031E-16,1.));
#1913=DIRECTION('center_axis',(-1.54886024640786E-16,1.,-2.22044604925031E-16));
#1914=DIRECTION('ref_axis',(-1.,-1.54886024640786E-16,3.43916061497721E-32));
#1915=DIRECTION('',(0.,2.22044604925031E-16,1.));
#1916=DIRECTION('center_axis',(0.,2.22044604925031E-16,1.));
#1917=DIRECTION('ref_axis',(0.,-1.,2.22044604925031E-16));
#1918=DIRECTION('center_axis',(0.,2.22044604925031E-16,1.));
#1919=DIRECTION('ref_axis',(0.,-1.,2.22044604925031E-16));
#1920=DIRECTION('center_axis',(0.,-2.22044604925031E-16,-1.));
#1921=DIRECTION('ref_axis',(0.,1.,-2.22044604925031E-16));
#1922=DIRECTION('',(0.,2.22044604925031E-16,1.));
#1923=DIRECTION('center_axis',(0.,-2.22044604925031E-16,-1.));
#1924=DIRECTION('ref_axis',(0.,-1.,2.22044604925031E-16));
#1925=DIRECTION('',(0.,-2.22044604925031E-16,-1.));
#1926=DIRECTION('center_axis',(0.,2.22044604925031E-16,1.));
#1927=DIRECTION('ref_axis',(0.,-1.,2.22044604925031E-16));
#1928=DIRECTION('center_axis',(0.,2.22044604925031E-16,1.));
#1929=DIRECTION('ref_axis',(0.,1.,-2.22044604925031E-16));
#1930=DIRECTION('',(0.,-2.22044604925031E-16,-1.));
#1931=DIRECTION('center_axis',(0.,-2.22044604925031E-16,-1.));
#1932=DIRECTION('ref_axis',(0.,-1.,2.22044604925031E-16));
#1933=DIRECTION('',(0.,-2.22044604925031E-16,-1.));
#1934=DIRECTION('center_axis',(0.,2.22044604925031E-16,1.));
#1935=DIRECTION('ref_axis',(0.,-1.,2.22044604925031E-16));
#1936=DIRECTION('center_axis',(0.,-2.22044604925031E-16,-1.));
#1937=DIRECTION('ref_axis',(0.,1.,-2.22044604925031E-16));
#1938=DIRECTION('',(0.,-2.22044604925031E-16,-1.));
#1939=DIRECTION('center_axis',(0.,-2.22044604925031E-16,-1.));
#1940=DIRECTION('ref_axis',(0.,-1.,2.22044604925031E-16));
#1941=DIRECTION('',(0.,-2.22044604925031E-16,-1.));
#1942=DIRECTION('center_axis',(0.,2.22044604925031E-16,1.));
#1943=DIRECTION('ref_axis',(0.,-1.,2.22044604925031E-16));
#1944=DIRECTION('center_axis',(0.,-2.22044604925031E-16,-1.));
#1945=DIRECTION('ref_axis',(0.,1.,-2.22044604925031E-16));
#1946=DIRECTION('',(0.,-2.22044604925031E-16,-1.));
#1947=DIRECTION('center_axis',(0.,-2.22044604925031E-16,-1.));
#1948=DIRECTION('ref_axis',(0.,-1.,2.22044604925031E-16));
#1949=DIRECTION('',(0.,-2.22044604925031E-16,-1.));
#1950=DIRECTION('center_axis',(0.,-2.22044604925031E-16,-1.));
#1951=DIRECTION('ref_axis',(0.,1.,-2.22044604925031E-16));
#1952=DIRECTION('',(1.,0.,0.));
#1953=DIRECTION('',(0.,1.,-2.22044604925031E-16));
#1954=DIRECTION('',(-1.,0.,0.));
#1955=DIRECTION('',(0.,1.,-2.22044604925031E-16));
#1956=DIRECTION('',(-1.,0.,0.));
#1957=DIRECTION('',(-2.64439554264757E-16,-1.,2.22044604925031E-16));
#1958=DIRECTION('',(1.,0.,0.));
#1959=DIRECTION('',(-2.71050543121376E-15,-1.,2.22044604925031E-16));
#1960=DIRECTION('',(1.,0.,0.));
#1961=DIRECTION('',(-2.71050543121376E-15,1.,-2.22044604925031E-16));
#1962=DIRECTION('',(1.,0.,0.));
#1963=DIRECTION('',(-2.64439554264757E-16,1.,-2.22044604925031E-16));
#1964=DIRECTION('',(-1.,0.,0.));
#1965=DIRECTION('',(0.,-1.,2.22044604925031E-16));
#1966=DIRECTION('',(-1.,0.,0.));
#1967=DIRECTION('',(0.,-1.,2.22044604925031E-16));
#1968=DIRECTION('',(1.,0.,0.));
#1969=DIRECTION('',(0.,-1.,2.22044604925031E-16));
#1970=DIRECTION('',(1.,0.,0.));
#1971=DIRECTION('',(2.64439554264757E-16,1.,-2.22044604925031E-16));
#1972=DIRECTION('',(-1.,0.,0.));
#1973=DIRECTION('',(2.71050543121376E-15,1.,-2.22044604925031E-16));
#1974=DIRECTION('',(-1.,0.,0.));
#1975=DIRECTION('',(2.71050543121376E-15,-1.,2.22044604925031E-16));
#1976=DIRECTION('',(-1.,0.,0.));
#1977=DIRECTION('',(2.64439554264757E-16,-1.,2.22044604925031E-16));
#1978=DIRECTION('',(1.,0.,0.));
#1979=DIRECTION('',(0.,1.,-2.22044604925031E-16));
#1980=DIRECTION('center_axis',(-1.,0.,0.));
#1981=DIRECTION('ref_axis',(0.,-1.,2.22044604925031E-16));
#1982=DIRECTION('',(-7.54227598250786E-16,-1.,2.22044604925031E-16));
#1983=DIRECTION('',(0.,-2.22044604925031E-16,-1.));
#1984=DIRECTION('',(0.,-2.22044604925031E-16,-1.));
#1985=DIRECTION('',(-7.54227598250786E-16,-1.,2.22044604925031E-16));
#1986=DIRECTION('',(0.,1.,-2.22044604925031E-16));
#1987=DIRECTION('center_axis',(0.,-1.,2.22044604925031E-16));
#1988=DIRECTION('ref_axis',(1.,0.,0.));
#1989=DIRECTION('',(1.,0.,0.));
#1990=DIRECTION('',(0.,-2.22044604925031E-16,-1.));
#1991=DIRECTION('',(0.,-2.22044604925031E-16,-1.));
#1992=DIRECTION('',(1.,0.,0.));
#1993=DIRECTION('',(-1.,0.,0.));
#1994=DIRECTION('center_axis',(1.,0.,0.));
#1995=DIRECTION('ref_axis',(0.,1.,-2.22044604925031E-16));
#1996=DIRECTION('',(0.,-2.22044604925031E-16,-1.));
#1997=DIRECTION('',(1.78126593445683E-14,1.,-2.22044604925031E-16));
#1998=DIRECTION('',(0.,-1.,2.22044604925031E-16));
#1999=DIRECTION('',(0.,1.,-2.22044604925031E-16));
#2000=DIRECTION('',(0.,-2.22044604925031E-16,-1.));
#2001=DIRECTION('center_axis',(0.,1.,-2.22044604925031E-16));
#2002=DIRECTION('ref_axis',(-1.,0.,0.));
#2003=DIRECTION('',(-1.,6.97457298047157E-15,-1.54866630196961E-30));
#2004=DIRECTION('',(0.,-2.22044604925031E-16,-1.));
#2005=DIRECTION('',(0.,-2.22044604925031E-16,-1.));
#2006=DIRECTION('',(-1.,0.,0.));
#2007=DIRECTION('',(1.,0.,0.));
#2008=DIRECTION('center_axis',(0.,-2.22044604925031E-16,-1.));
#2009=DIRECTION('ref_axis',(0.,1.,-2.22044604925031E-16));
#2010=DIRECTION('center_axis',(0.,-1.,2.22044604925031E-16));
#2011=DIRECTION('ref_axis',(1.,0.,0.));
#2012=DIRECTION('',(-1.,0.,0.));
#2013=DIRECTION('',(0.,-2.22044604925031E-16,-1.));
#2014=DIRECTION('center_axis',(-1.,0.,0.));
#2015=DIRECTION('ref_axis',(0.,-1.,2.22044604925031E-16));
#2016=DIRECTION('',(0.,1.,-2.22044604925031E-16));
#2017=DIRECTION('',(0.,-2.22044604925031E-16,-1.));
#2018=DIRECTION('center_axis',(0.,-1.,2.22044604925031E-16));
#2019=DIRECTION('ref_axis',(1.,0.,0.));
#2020=DIRECTION('',(-1.,0.,0.));
#2021=DIRECTION('',(0.,-2.22044604925031E-16,-1.));
#2022=DIRECTION('center_axis',(1.,-2.64439554264757E-16,5.87173763532694E-32));
#2023=DIRECTION('ref_axis',(2.64439554264757E-16,1.,-2.22044604925031E-16));
#2024=DIRECTION('',(-2.64439554264757E-16,-1.,2.22044604925031E-16));
#2025=DIRECTION('',(0.,-2.22044604925031E-16,-1.));
#2026=DIRECTION('center_axis',(0.,1.,-2.22044604925031E-16));
#2027=DIRECTION('ref_axis',(-1.,0.,0.));
#2028=DIRECTION('',(1.,0.,0.));
#2029=DIRECTION('',(0.,-2.22044604925031E-16,-1.));
#2030=DIRECTION('center_axis',(1.,-2.71050543121376E-15,6.01853107621011E-31));
#2031=DIRECTION('ref_axis',(2.71050543121376E-15,1.,-2.22044604925031E-16));
#2032=DIRECTION('',(-2.71050543121376E-15,-1.,2.22044604925031E-16));
#2033=DIRECTION('center_axis',(0.,-2.22044604925031E-16,-1.));
#2034=DIRECTION('ref_axis',(0.,1.,-2.22044604925031E-16));
#2035=DIRECTION('center_axis',(-1.,-2.71050543121376E-15,6.01853107621011E-31));
#2036=DIRECTION('ref_axis',(2.71050543121376E-15,-1.,2.22044604925031E-16));
#2037=DIRECTION('',(-2.71050543121376E-15,1.,-2.22044604925031E-16));
#2038=DIRECTION('',(0.,-2.22044604925031E-16,-1.));
#2039=DIRECTION('center_axis',(0.,1.,-2.22044604925031E-16));
#2040=DIRECTION('ref_axis',(-1.,0.,0.));
#2041=DIRECTION('',(1.,0.,0.));
#2042=DIRECTION('',(0.,-2.22044604925031E-16,-1.));
#2043=DIRECTION('center_axis',(-1.,-2.64439554264757E-16,5.87173763532694E-32));
#2044=DIRECTION('ref_axis',(2.64439554264757E-16,-1.,2.22044604925031E-16));
#2045=DIRECTION('',(-2.64439554264757E-16,1.,-2.22044604925031E-16));
#2046=DIRECTION('',(0.,-2.22044604925031E-16,-1.));
#2047=DIRECTION('center_axis',(0.,-1.,2.22044604925031E-16));
#2048=DIRECTION('ref_axis',(1.,0.,0.));
#2049=DIRECTION('',(-1.,0.,0.));
#2050=DIRECTION('',(0.,-2.22044604925031E-16,-1.));
#2051=DIRECTION('center_axis',(1.,0.,0.));
#2052=DIRECTION('ref_axis',(0.,1.,-2.22044604925031E-16));
#2053=DIRECTION('',(0.,-1.,2.22044604925031E-16));
#2054=DIRECTION('',(0.,-2.22044604925031E-16,-1.));
#2055=DIRECTION('center_axis',(0.,-1.,2.22044604925031E-16));
#2056=DIRECTION('ref_axis',(1.,0.,0.));
#2057=DIRECTION('',(-1.,0.,0.));
#2058=DIRECTION('center_axis',(0.,-2.22044604925031E-16,-1.));
#2059=DIRECTION('ref_axis',(0.,1.,-2.22044604925031E-16));
#2060=DIRECTION('center_axis',(0.,1.,-2.22044604925031E-16));
#2061=DIRECTION('ref_axis',(-1.,0.,0.));
#2062=DIRECTION('',(1.,0.,0.));
#2063=DIRECTION('',(0.,-2.22044604925031E-16,-1.));
#2064=DIRECTION('center_axis',(1.,0.,0.));
#2065=DIRECTION('ref_axis',(0.,1.,-2.22044604925031E-16));
#2066=DIRECTION('',(0.,-1.,2.22044604925031E-16));
#2067=DIRECTION('',(0.,-2.22044604925031E-16,-1.));
#2068=DIRECTION('center_axis',(0.,1.,-2.22044604925031E-16));
#2069=DIRECTION('ref_axis',(-1.,0.,0.));
#2070=DIRECTION('',(1.,0.,0.));
#2071=DIRECTION('',(0.,-2.22044604925031E-16,-1.));
#2072=DIRECTION('center_axis',(-1.,2.64439554264757E-16,-5.87173763532694E-32));
#2073=DIRECTION('ref_axis',(-2.64439554264757E-16,-1.,2.22044604925031E-16));
#2074=DIRECTION('',(2.64439554264757E-16,1.,-2.22044604925031E-16));
#2075=DIRECTION('',(0.,-2.22044604925031E-16,-1.));
#2076=DIRECTION('center_axis',(0.,-1.,2.22044604925031E-16));
#2077=DIRECTION('ref_axis',(1.,0.,0.));
#2078=DIRECTION('',(-1.,0.,0.));
#2079=DIRECTION('',(0.,-2.22044604925031E-16,-1.));
#2080=DIRECTION('center_axis',(-1.,2.71050543121376E-15,-6.01853107621011E-31));
#2081=DIRECTION('ref_axis',(-2.71050543121376E-15,-1.,2.22044604925031E-16));
#2082=DIRECTION('',(2.71050543121376E-15,1.,-2.22044604925031E-16));
#2083=DIRECTION('center_axis',(0.,-2.22044604925031E-16,-1.));
#2084=DIRECTION('ref_axis',(0.,1.,-2.22044604925031E-16));
#2085=DIRECTION('center_axis',(0.,1.,-2.22044604925031E-16));
#2086=DIRECTION('ref_axis',(-1.,0.,0.));
#2087=DIRECTION('',(0.,-2.22044604925031E-16,-1.));
#2088=DIRECTION('',(1.,0.,0.));
#2089=DIRECTION('center_axis',(1.,2.71050543121376E-15,-6.01853107621011E-31));
#2090=DIRECTION('ref_axis',(-2.71050543121376E-15,1.,-2.22044604925031E-16));
#2091=DIRECTION('',(2.71050543121376E-15,-1.,2.22044604925031E-16));
#2092=DIRECTION('',(0.,-2.22044604925031E-16,-1.));
#2093=DIRECTION('center_axis',(0.,-1.,2.22044604925031E-16));
#2094=DIRECTION('ref_axis',(1.,0.,0.));
#2095=DIRECTION('',(-1.,0.,0.));
#2096=DIRECTION('',(0.,-2.22044604925031E-16,-1.));
#2097=DIRECTION('center_axis',(1.,2.64439554264757E-16,-5.87173763532694E-32));
#2098=DIRECTION('ref_axis',(-2.64439554264757E-16,1.,-2.22044604925031E-16));
#2099=DIRECTION('',(2.64439554264757E-16,-1.,2.22044604925031E-16));
#2100=DIRECTION('',(0.,-2.22044604925031E-16,-1.));
#2101=DIRECTION('center_axis',(0.,1.,-2.22044604925031E-16));
#2102=DIRECTION('ref_axis',(-1.,0.,0.));
#2103=DIRECTION('',(1.,0.,0.));
#2104=DIRECTION('',(0.,-2.22044604925031E-16,-1.));
#2105=DIRECTION('center_axis',(-1.,0.,0.));
#2106=DIRECTION('ref_axis',(0.,-1.,2.22044604925031E-16));
#2107=DIRECTION('',(0.,1.,-2.22044604925031E-16));
#2108=DIRECTION('center_axis',(0.,-2.22044604925031E-16,-1.));
#2109=DIRECTION('ref_axis',(0.,1.,-2.22044604925031E-16));
#2110=DIRECTION('center_axis',(0.,-2.22044604925031E-16,-1.));
#2111=DIRECTION('ref_axis',(0.,1.,-2.22044604925031E-16));
#2112=DIRECTION('',(0.,-2.22044604925031E-16,-1.));
#2113=DIRECTION('center_axis',(0.,2.22044604925031E-16,1.));
#2114=DIRECTION('ref_axis',(0.,1.,-2.22044604925031E-16));
#2115=DIRECTION('',(0.,-2.22044604925031E-16,-1.));
#2116=DIRECTION('center_axis',(0.,-2.22044604925031E-16,-1.));
#2117=DIRECTION('ref_axis',(0.,1.,-2.22044604925031E-16));
#2118=DIRECTION('center_axis',(-1.,0.,0.));
#2119=DIRECTION('ref_axis',(0.,-1.,2.22044604925031E-16));
#2120=DIRECTION('',(0.,-1.,2.22044604925031E-16));
#2121=DIRECTION('',(0.,1.,-2.22044604925031E-16));
#2122=DIRECTION('',(0.,-2.22044604925031E-16,-1.));
#2123=DIRECTION('center_axis',(0.,-1.,2.22044604925031E-16));
#2124=DIRECTION('ref_axis',(1.,0.,0.));
#2125=DIRECTION('',(1.,0.,0.));
#2126=DIRECTION('',(-1.,0.,0.));
#2127=DIRECTION('',(0.,-2.22044604925031E-16,-1.));
#2128=DIRECTION('center_axis',(-1.,0.,0.));
#2129=DIRECTION('ref_axis',(0.,-1.,2.22044604925031E-16));
#2130=DIRECTION('',(0.,-1.,2.22044604925031E-16));
#2131=DIRECTION('',(0.,1.,-2.22044604925031E-16));
#2132=DIRECTION('',(0.,-2.22044604925031E-16,-1.));
#2133=DIRECTION('center_axis',(0.,-1.,2.22044604925031E-16));
#2134=DIRECTION('ref_axis',(1.,0.,0.));
#2135=DIRECTION('',(1.,0.,0.));
#2136=DIRECTION('',(-1.,0.,0.));
#2137=DIRECTION('',(0.,-2.22044604925031E-16,-1.));
#2138=DIRECTION('center_axis',(1.,-2.64439554264757E-16,5.87173763532694E-32));
#2139=DIRECTION('ref_axis',(2.64439554264757E-16,1.,-2.22044604925031E-16));
#2140=DIRECTION('',(2.64439554264757E-16,1.,-2.22044604925031E-16));
#2141=DIRECTION('',(-2.64439554264757E-16,-1.,2.22044604925031E-16));
#2142=DIRECTION('',(0.,-2.22044604925031E-16,-1.));
#2143=DIRECTION('center_axis',(0.,1.,-2.22044604925031E-16));
#2144=DIRECTION('ref_axis',(-1.,0.,0.));
#2145=DIRECTION('',(-1.,0.,0.));
#2146=DIRECTION('',(1.,0.,0.));
#2147=DIRECTION('',(0.,-2.22044604925031E-16,-1.));
#2148=DIRECTION('center_axis',(1.,-2.71050543121376E-15,6.01853107621011E-31));
#2149=DIRECTION('ref_axis',(2.71050543121376E-15,1.,-2.22044604925031E-16));
#2150=DIRECTION('',(2.71050543121376E-15,1.,-2.22044604925031E-16));
#2151=DIRECTION('',(-2.71050543121376E-15,-1.,2.22044604925031E-16));
#2152=DIRECTION('',(0.,-2.22044604925031E-16,-1.));
#2153=DIRECTION('center_axis',(0.,1.,-2.22044604925031E-16));
#2154=DIRECTION('ref_axis',(-1.,0.,0.));
#2155=DIRECTION('',(-1.,0.,0.));
#2156=DIRECTION('',(1.,0.,0.));
#2157=DIRECTION('center_axis',(0.,-2.22044604925031E-16,-1.));
#2158=DIRECTION('ref_axis',(0.,1.,-2.22044604925031E-16));
#2159=DIRECTION('center_axis',(0.,-2.22044604925031E-16,-1.));
#2160=DIRECTION('ref_axis',(0.,1.,-2.22044604925031E-16));
#2161=DIRECTION('center_axis',(0.,-2.22044604925031E-16,-1.));
#2162=DIRECTION('ref_axis',(0.,1.,-2.22044604925031E-16));
#2163=DIRECTION('',(0.,-2.22044604925031E-16,-1.));
#2164=DIRECTION('center_axis',(0.,2.22044604925031E-16,1.));
#2165=DIRECTION('ref_axis',(0.,1.,-2.22044604925031E-16));
#2166=DIRECTION('',(0.,-2.22044604925031E-16,-1.));
#2167=DIRECTION('center_axis',(0.,-2.22044604925031E-16,-1.));
#2168=DIRECTION('ref_axis',(0.,1.,-2.22044604925031E-16));
#2169=DIRECTION('center_axis',(0.,1.,-2.22044604925031E-16));
#2170=DIRECTION('ref_axis',(-1.,0.,0.));
#2171=DIRECTION('',(-1.,0.,0.));
#2172=DIRECTION('',(1.,0.,0.));
#2173=DIRECTION('',(0.,-2.22044604925031E-16,-1.));
#2174=DIRECTION('center_axis',(-1.,-2.71050543121376E-15,6.01853107621011E-31));
#2175=DIRECTION('ref_axis',(2.71050543121376E-15,-1.,2.22044604925031E-16));
#2176=DIRECTION('',(2.71050543121376E-15,-1.,2.22044604925031E-16));
#2177=DIRECTION('',(-2.71050543121376E-15,1.,-2.22044604925031E-16));
#2178=DIRECTION('',(0.,-2.22044604925031E-16,-1.));
#2179=DIRECTION('center_axis',(0.,1.,-2.22044604925031E-16));
#2180=DIRECTION('ref_axis',(-1.,0.,0.));
#2181=DIRECTION('',(-1.,0.,0.));
#2182=DIRECTION('',(1.,0.,0.));
#2183=DIRECTION('',(0.,-2.22044604925031E-16,-1.));
#2184=DIRECTION('center_axis',(-1.,-2.64439554264757E-16,5.87173763532694E-32));
#2185=DIRECTION('ref_axis',(2.64439554264757E-16,-1.,2.22044604925031E-16));
#2186=DIRECTION('',(2.64439554264757E-16,-1.,2.22044604925031E-16));
#2187=DIRECTION('',(-2.64439554264757E-16,1.,-2.22044604925031E-16));
#2188=DIRECTION('',(0.,-2.22044604925031E-16,-1.));
#2189=DIRECTION('center_axis',(0.,-1.,2.22044604925031E-16));
#2190=DIRECTION('ref_axis',(1.,0.,0.));
#2191=DIRECTION('',(1.,0.,0.));
#2192=DIRECTION('',(-1.,0.,0.));
#2193=DIRECTION('',(0.,-2.22044604925031E-16,-1.));
#2194=DIRECTION('center_axis',(1.,0.,0.));
#2195=DIRECTION('ref_axis',(0.,1.,-2.22044604925031E-16));
#2196=DIRECTION('',(0.,1.,-2.22044604925031E-16));
#2197=DIRECTION('',(0.,-1.,2.22044604925031E-16));
#2198=DIRECTION('',(0.,-2.22044604925031E-16,-1.));
#2199=DIRECTION('center_axis',(0.,-1.,2.22044604925031E-16));
#2200=DIRECTION('ref_axis',(1.,0.,0.));
#2201=DIRECTION('',(1.,0.,0.));
#2202=DIRECTION('',(-1.,0.,0.));
#2203=DIRECTION('',(0.,-2.22044604925031E-16,-1.));
#2204=DIRECTION('center_axis',(1.,-7.54227598250786E-16,1.67472169077151E-31));
#2205=DIRECTION('ref_axis',(7.54227598250786E-16,1.,-2.22044604925031E-16));
#2206=DIRECTION('',(7.54227598250786E-16,1.,-2.22044604925031E-16));
#2207=DIRECTION('',(-7.54227598250786E-16,-1.,2.22044604925031E-16));
#2208=DIRECTION('center_axis',(0.,-2.22044604925031E-16,-1.));
#2209=DIRECTION('ref_axis',(0.,1.,-2.22044604925031E-16));
#2210=DIRECTION('center_axis',(0.,-2.22044604925031E-16,-1.));
#2211=DIRECTION('ref_axis',(0.,1.,-2.22044604925031E-16));
#2212=DIRECTION('center_axis',(0.,-2.22044604925031E-16,-1.));
#2213=DIRECTION('ref_axis',(0.,1.,-2.22044604925031E-16));
#2214=DIRECTION('',(0.,-2.22044604925031E-16,-1.));
#2215=DIRECTION('center_axis',(0.,2.22044604925031E-16,1.));
#2216=DIRECTION('ref_axis',(0.,1.,-2.22044604925031E-16));
#2217=DIRECTION('',(0.,-2.22044604925031E-16,-1.));
#2218=DIRECTION('center_axis',(0.,-2.22044604925031E-16,-1.));
#2219=DIRECTION('ref_axis',(0.,1.,-2.22044604925031E-16));
#2220=DIRECTION('center_axis',(1.,-7.54227598250786E-16,1.67472169077151E-31));
#2221=DIRECTION('ref_axis',(7.54227598250786E-16,1.,-2.22044604925031E-16));
#2222=DIRECTION('',(7.54227598250786E-16,1.,-2.22044604925031E-16));
#2223=DIRECTION('',(-7.54227598250786E-16,-1.,2.22044604925031E-16));
#2224=DIRECTION('',(0.,-2.22044604925031E-16,-1.));
#2225=DIRECTION('center_axis',(0.,1.,-2.22044604925031E-16));
#2226=DIRECTION('ref_axis',(-1.,0.,0.));
#2227=DIRECTION('',(-1.,0.,0.));
#2228=DIRECTION('',(1.,0.,0.));
#2229=DIRECTION('',(0.,-2.22044604925031E-16,-1.));
#2230=DIRECTION('center_axis',(1.,0.,0.));
#2231=DIRECTION('ref_axis',(0.,1.,-2.22044604925031E-16));
#2232=DIRECTION('',(0.,1.,-2.22044604925031E-16));
#2233=DIRECTION('',(0.,-1.,2.22044604925031E-16));
#2234=DIRECTION('',(0.,-2.22044604925031E-16,-1.));
#2235=DIRECTION('center_axis',(0.,1.,-2.22044604925031E-16));
#2236=DIRECTION('ref_axis',(-1.,0.,0.));
#2237=DIRECTION('',(-1.,0.,0.));
#2238=DIRECTION('',(1.,0.,0.));
#2239=DIRECTION('',(0.,-2.22044604925031E-16,-1.));
#2240=DIRECTION('center_axis',(-1.,2.64439554264757E-16,-5.87173763532694E-32));
#2241=DIRECTION('ref_axis',(-2.64439554264757E-16,-1.,2.22044604925031E-16));
#2242=DIRECTION('',(-2.64439554264757E-16,-1.,2.22044604925031E-16));
#2243=DIRECTION('',(2.64439554264757E-16,1.,-2.22044604925031E-16));
#2244=DIRECTION('',(0.,-2.22044604925031E-16,-1.));
#2245=DIRECTION('center_axis',(0.,-1.,2.22044604925031E-16));
#2246=DIRECTION('ref_axis',(1.,0.,0.));
#2247=DIRECTION('',(1.,0.,0.));
#2248=DIRECTION('',(-1.,0.,0.));
#2249=DIRECTION('',(0.,-2.22044604925031E-16,-1.));
#2250=DIRECTION('center_axis',(-1.,2.71050543121376E-15,-6.01853107621011E-31));
#2251=DIRECTION('ref_axis',(-2.71050543121376E-15,-1.,2.22044604925031E-16));
#2252=DIRECTION('',(-2.71050543121376E-15,-1.,2.22044604925031E-16));
#2253=DIRECTION('',(2.71050543121376E-15,1.,-2.22044604925031E-16));
#2254=DIRECTION('',(0.,-2.22044604925031E-16,-1.));
#2255=DIRECTION('center_axis',(0.,-1.,2.22044604925031E-16));
#2256=DIRECTION('ref_axis',(1.,0.,0.));
#2257=DIRECTION('',(1.,0.,0.));
#2258=DIRECTION('',(-1.,0.,0.));
#2259=DIRECTION('center_axis',(0.,-2.22044604925031E-16,-1.));
#2260=DIRECTION('ref_axis',(0.,1.,-2.22044604925031E-16));
#2261=DIRECTION('center_axis',(0.,-2.22044604925031E-16,-1.));
#2262=DIRECTION('ref_axis',(0.,1.,-2.22044604925031E-16));
#2263=DIRECTION('center_axis',(0.,1.,-2.22044604925031E-16));
#2264=DIRECTION('ref_axis',(-1.,0.,0.));
#2265=DIRECTION('',(-1.,0.,0.));
#2266=DIRECTION('',(0.,-2.22044604925031E-16,-1.));
#2267=DIRECTION('',(1.,0.,0.));
#2268=DIRECTION('',(0.,-2.22044604925031E-16,-1.));
#2269=DIRECTION('center_axis',(-1.,1.78126593445683E-14,-3.95520490682883E-30));
#2270=DIRECTION('ref_axis',(-1.78126593445683E-14,-1.,2.22044604925031E-16));
#2271=DIRECTION('',(-1.78126593445683E-14,-1.,2.22044604925031E-16));
#2272=DIRECTION('',(1.78126593445683E-14,1.,-2.22044604925031E-16));
#2273=DIRECTION('',(0.,-2.22044604925031E-16,-1.));
#2274=DIRECTION('center_axis',(0.,-2.22044604925031E-16,-1.));
#2275=DIRECTION('ref_axis',(0.,1.,-2.22044604925031E-16));
#2276=DIRECTION('center_axis',(0.,-2.22044604925031E-16,-1.));
#2277=DIRECTION('ref_axis',(0.,1.,-2.22044604925031E-16));
#2278=DIRECTION('center_axis',(0.,2.22044604925031E-16,1.));
#2279=DIRECTION('ref_axis',(0.,1.,-2.22044604925031E-16));
#2280=DIRECTION('',(0.,-2.22044604925031E-16,-1.));
#2281=DIRECTION('center_axis',(-6.97457298047157E-15,-1.,2.22044604925031E-16));
#2282=DIRECTION('ref_axis',(1.,-6.97457298047157E-15,1.54866630196961E-30));
#2283=DIRECTION('',(1.,-6.97457298047157E-15,1.54866630196961E-30));
#2284=DIRECTION('',(-1.,6.97457298047157E-15,-1.54866630196961E-30));
#2285=DIRECTION('',(0.,-2.22044604925031E-16,-1.));
#2286=DIRECTION('center_axis',(1.,2.71050543121376E-15,-6.01853107621011E-31));
#2287=DIRECTION('ref_axis',(-2.71050543121376E-15,1.,-2.22044604925031E-16));
#2288=DIRECTION('',(-2.71050543121376E-15,1.,-2.22044604925031E-16));
#2289=DIRECTION('',(2.71050543121376E-15,-1.,2.22044604925031E-16));
#2290=DIRECTION('',(0.,-2.22044604925031E-16,-1.));
#2291=DIRECTION('center_axis',(0.,-1.,2.22044604925031E-16));
#2292=DIRECTION('ref_axis',(1.,0.,0.));
#2293=DIRECTION('',(1.,0.,0.));
#2294=DIRECTION('',(-1.,0.,0.));
#2295=DIRECTION('',(0.,-2.22044604925031E-16,-1.));
#2296=DIRECTION('center_axis',(1.,2.64439554264757E-16,-5.87173763532694E-32));
#2297=DIRECTION('ref_axis',(-2.64439554264757E-16,1.,-2.22044604925031E-16));
#2298=DIRECTION('',(-2.64439554264757E-16,1.,-2.22044604925031E-16));
#2299=DIRECTION('',(2.64439554264757E-16,-1.,2.22044604925031E-16));
#2300=DIRECTION('',(0.,-2.22044604925031E-16,-1.));
#2301=DIRECTION('center_axis',(0.,1.,-2.22044604925031E-16));
#2302=DIRECTION('ref_axis',(-1.,0.,0.));
#2303=DIRECTION('',(-1.,0.,0.));
#2304=DIRECTION('',(1.,0.,0.));
#2305=DIRECTION('',(0.,-2.22044604925031E-16,-1.));
#2306=DIRECTION('center_axis',(-1.,0.,0.));
#2307=DIRECTION('ref_axis',(0.,-1.,2.22044604925031E-16));
#2308=DIRECTION('',(0.,-1.,2.22044604925031E-16));
#2309=DIRECTION('',(0.,1.,-2.22044604925031E-16));
#2310=DIRECTION('center_axis',(0.,-2.22044604925031E-16,-1.));
#2311=DIRECTION('ref_axis',(0.,1.,-2.22044604925031E-16));
#2312=DIRECTION('center_axis',(0.,-2.22044604925031E-16,-1.));
#2313=DIRECTION('ref_axis',(0.,1.,-2.22044604925031E-16));
#2314=CARTESIAN_POINT('',(0.,0.,0.));
#2315=CARTESIAN_POINT('Origin',(0.,5.99520433297585E-17,0.27));
#2316=CARTESIAN_POINT('',(-0.7,0.55,0.27));
#2317=CARTESIAN_POINT('',(-0.75,0.499999999999999,0.27));
#2318=CARTESIAN_POINT('Origin',(-0.7,0.499999999999999,0.27));
#2319=CARTESIAN_POINT('',(0.699999999999999,0.55,0.27));
#2320=CARTESIAN_POINT('',(0.699999999999999,0.55,0.27));
#2321=CARTESIAN_POINT('',(0.75,0.5,0.27));
#2322=CARTESIAN_POINT('Origin',(0.699999999999999,0.5,0.27));
#2323=CARTESIAN_POINT('',(0.75,-0.500000000000001,0.27));
#2324=CARTESIAN_POINT('',(0.75,-0.500000000000001,0.27));
#2325=CARTESIAN_POINT('',(0.7,-0.550000000000001,0.27));
#2326=CARTESIAN_POINT('Origin',(0.7,-0.500000000000001,0.27));
#2327=CARTESIAN_POINT('',(-0.7,-0.550000000000001,0.27));
#2328=CARTESIAN_POINT('',(-0.7,-0.550000000000001,0.27));
#2329=CARTESIAN_POINT('',(-0.75,-0.500000000000001,0.27));
#2330=CARTESIAN_POINT('Origin',(-0.7,-0.500000000000001,0.27));
#2331=CARTESIAN_POINT('',(-0.75,0.499999999999999,0.27));
#2332=CARTESIAN_POINT('Origin',(-0.7,0.499999999999999,0.35));
#2333=CARTESIAN_POINT('',(-0.7,0.55,0.35));
#2334=CARTESIAN_POINT('',(-0.75,0.499999999999999,0.35));
#2335=CARTESIAN_POINT('Origin',(-0.7,0.499999999999999,0.35));
#2336=CARTESIAN_POINT('',(-0.75,-0.500000000000001,0.35));
#2337=CARTESIAN_POINT('',(-0.75,0.499999999999999,0.35));
#2338=CARTESIAN_POINT('',(-0.7,-0.550000000000001,0.35));
#2339=CARTESIAN_POINT('Origin',(-0.7,-0.500000000000001,0.35));
#2340=CARTESIAN_POINT('',(0.7,-0.550000000000001,0.35));
#2341=CARTESIAN_POINT('',(-0.7,-0.550000000000001,0.35));
#2342=CARTESIAN_POINT('',(0.75,-0.500000000000001,0.35));
#2343=CARTESIAN_POINT('Origin',(0.7,-0.500000000000001,0.35));
#2344=CARTESIAN_POINT('',(0.75,0.5,0.35));
#2345=CARTESIAN_POINT('',(0.75,-0.500000000000001,0.35));
#2346=CARTESIAN_POINT('',(0.699999999999999,0.55,0.35));
#2347=CARTESIAN_POINT('Origin',(0.699999999999999,0.5,0.35));
#2348=CARTESIAN_POINT('',(0.699999999999999,0.55,0.35));
#2349=CARTESIAN_POINT('Origin',(-0.75,0.499999999999999,-1.59010752377383));
#2350=CARTESIAN_POINT('',(-0.75,0.499999999999999,-1.59010752377383));
#2351=CARTESIAN_POINT('',(-0.75,-0.500000000000001,-1.59010752377383));
#2352=CARTESIAN_POINT('Origin',(-0.7,-0.500000000000001,-1.59010752377383));
#2353=CARTESIAN_POINT('',(-0.7,-0.550000000000001,-1.59010752377383));
#2354=CARTESIAN_POINT('Origin',(-0.7,-0.550000000000001,-1.59010752377383));
#2355=CARTESIAN_POINT('',(0.7,-0.550000000000001,-1.59010752377383));
#2356=CARTESIAN_POINT('Origin',(0.7,-0.500000000000001,-1.59010752377383));
#2357=CARTESIAN_POINT('',(0.75,-0.500000000000001,-1.59010752377383));
#2358=CARTESIAN_POINT('Origin',(0.75,-0.500000000000001,-1.59010752377383));
#2359=CARTESIAN_POINT('',(0.75,0.499999999999999,-1.59010752377383));
#2360=CARTESIAN_POINT('Origin',(0.699999999999999,0.499999999999999,-1.59010752377383));
#2361=CARTESIAN_POINT('',(0.699999999999999,0.549999999999999,-1.59010752377383));
#2362=CARTESIAN_POINT('Origin',(0.699999999999999,0.549999999999999,-1.59010752377383));
#2363=CARTESIAN_POINT('',(-0.7,0.549999999999999,-1.59010752377383));
#2364=CARTESIAN_POINT('Origin',(-0.7,0.499999999999999,-1.59010752377383));
#2365=CARTESIAN_POINT('Origin',(0.799999999999999,-0.6,-0.0299999999999998));
#2366=CARTESIAN_POINT('',(0.774999999999999,-0.6,0.1));
#2367=CARTESIAN_POINT('',(0.799999999999999,-0.575,0.1));
#2368=CARTESIAN_POINT('Origin',(0.799999999999999,-0.6,0.1));
#2369=CARTESIAN_POINT('',(0.799999999999999,-0.575,0.27));
#2370=CARTESIAN_POINT('',(0.799999999999999,-0.575,0.27));
#2371=CARTESIAN_POINT('',(0.774999999999999,-0.6,0.27));
#2372=CARTESIAN_POINT('Origin',(0.799999999999999,-0.6,0.27));
#2373=CARTESIAN_POINT('',(0.774999999999999,-0.6,0.27));
#2374=CARTESIAN_POINT('Origin',(-0.800000000000001,-0.6,-0.0299999999999998));
#2375=CARTESIAN_POINT('',(-0.775000000000001,-0.6,0.1));
#2376=CARTESIAN_POINT('',(-0.800000000000001,-0.575,0.1));
#2377=CARTESIAN_POINT('Origin',(-0.800000000000001,-0.6,0.1));
#2378=CARTESIAN_POINT('',(-0.775000000000001,-0.6,0.27));
#2379=CARTESIAN_POINT('',(-0.775000000000001,-0.6,-0.0299999999999998));
#2380=CARTESIAN_POINT('',(-0.800000000000001,-0.575,0.27));
#2381=CARTESIAN_POINT('Origin',(-0.800000000000001,-0.6,0.27));
#2382=CARTESIAN_POINT('',(-0.800000000000001,-0.575,0.27));
#2383=CARTESIAN_POINT('Origin',(-0.800000000000001,0.6,-0.0300000000000001));
#2384=CARTESIAN_POINT('',(-0.775000000000001,0.6,0.0999999999999999));
#2385=CARTESIAN_POINT('',(-0.800000000000001,0.575,0.0999999999999999));
#2386=CARTESIAN_POINT('Origin',(-0.800000000000001,0.6,0.0999999999999999));
#2387=CARTESIAN_POINT('',(-0.800000000000001,0.575,0.27));
#2388=CARTESIAN_POINT('',(-0.800000000000001,0.575,-0.0300000000000001));
#2389=CARTESIAN_POINT('',(-0.775000000000001,0.6,0.27));
#2390=CARTESIAN_POINT('Origin',(-0.800000000000001,0.6,0.27));
#2391=CARTESIAN_POINT('',(-0.775000000000001,0.6,0.27));
#2392=CARTESIAN_POINT('Origin',(0.799999999999999,0.6,-0.0300000000000001));
#2393=CARTESIAN_POINT('',(0.8,0.575,0.0999999999999999));
#2394=CARTESIAN_POINT('',(0.775,0.6,0.0999999999999999));
#2395=CARTESIAN_POINT('Origin',(0.8,0.6,0.0999999999999999));
#2396=CARTESIAN_POINT('',(0.774999999999999,0.6,0.27));
#2397=CARTESIAN_POINT('',(0.774999999999999,0.6,-0.0300000000000001));
#2398=CARTESIAN_POINT('',(0.799999999999999,0.575,0.27));
#2399=CARTESIAN_POINT('Origin',(0.799999999999999,0.6,0.27));
#2400=CARTESIAN_POINT('',(0.799999999999999,0.575,0.27));
#2401=CARTESIAN_POINT('Origin',(0.,0.,0.));
#2402=CARTESIAN_POINT('',(-0.8,-0.53847983246591,1.1956654165999E-16));
#2403=CARTESIAN_POINT('',(-0.76,-0.53847983246591,1.1956654165999E-16));
#2404=CARTESIAN_POINT('',(0.,-0.53847983246591,1.1956654165999E-16));
#2405=CARTESIAN_POINT('',(-0.800000000000001,0.53847983246591,-1.1956654165999E-16));
#2406=CARTESIAN_POINT('',(-0.800000000000001,0.,0.));
#2407=CARTESIAN_POINT('',(-0.76,0.53847983246591,-1.1956654165999E-16));
#2408=CARTESIAN_POINT('',(0.,0.53847983246591,-1.1956654165999E-16));
#2409=CARTESIAN_POINT('',(-0.76,0.15,-3.33066907387547E-17));
#2410=CARTESIAN_POINT('',(-0.76,0.,0.));
#2411=CARTESIAN_POINT('',(-0.25,0.15,-3.33066907387547E-17));
#2412=CARTESIAN_POINT('',(0.,0.15,-3.33066907387547E-17));
#2413=CARTESIAN_POINT('',(-0.25,0.56,-1.24344978758018E-16));
#2414=CARTESIAN_POINT('',(-0.25,6.61098885661893E-17,-1.46793440883173E-32));
#2415=CARTESIAN_POINT('',(-0.743909862280567,0.56,-1.24344978758018E-16));
#2416=CARTESIAN_POINT('',(0.,0.56,-1.24344978758018E-16));
#2417=CARTESIAN_POINT('',(-0.743909862280567,0.6,-1.33226762955019E-16));
#2418=CARTESIAN_POINT('',(-0.743909862280569,2.01637172204496E-15,-4.47724462403479E-31));
#2419=CARTESIAN_POINT('',(0.743909862280567,0.6,-1.33226762955019E-16));
#2420=CARTESIAN_POINT('',(0.,0.6,-1.33226762955019E-16));
#2421=CARTESIAN_POINT('',(0.743909862280567,0.56,-1.24344978758018E-16));
#2422=CARTESIAN_POINT('',(0.743909862280569,2.01637172204496E-15,-4.47724462403479E-31));
#2423=CARTESIAN_POINT('',(0.25,0.56,-1.24344978758018E-16));
#2424=CARTESIAN_POINT('',(0.,0.56,-1.24344978758018E-16));
#2425=CARTESIAN_POINT('',(0.25,0.15,-3.33066907387547E-17));
#2426=CARTESIAN_POINT('',(0.25,6.61098885661893E-17,-1.46793440883173E-32));
#2427=CARTESIAN_POINT('',(0.76,0.15,-3.33066907387547E-17));
#2428=CARTESIAN_POINT('',(0.,0.15,-3.33066907387547E-17));
#2429=CARTESIAN_POINT('',(0.76,0.53847983246591,-1.1956654165999E-16));
#2430=CARTESIAN_POINT('',(0.76,0.,0.));
#2431=CARTESIAN_POINT('',(0.799999999999999,0.53847983246591,-1.1956654165999E-16));
#2432=CARTESIAN_POINT('',(0.,0.53847983246591,-1.1956654165999E-16));
#2433=CARTESIAN_POINT('',(0.799999999999999,-0.53847983246591,1.1956654165999E-16));
#2434=CARTESIAN_POINT('',(0.799999999999999,0.,0.));
#2435=CARTESIAN_POINT('',(0.76,-0.53847983246591,1.1956654165999E-16));
#2436=CARTESIAN_POINT('',(0.,-0.53847983246591,1.1956654165999E-16));
#2437=CARTESIAN_POINT('',(0.76,-0.15,3.33066907387547E-17));
#2438=CARTESIAN_POINT('',(0.76,0.,0.));
#2439=CARTESIAN_POINT('',(0.25,-0.15,3.33066907387547E-17));
#2440=CARTESIAN_POINT('',(0.,-0.15,3.33066907387547E-17));
#2441=CARTESIAN_POINT('',(0.25,-0.56,1.24344978758018E-16));
#2442=CARTESIAN_POINT('',(0.25,-6.61098885661893E-17,1.46793440883173E-32));
#2443=CARTESIAN_POINT('',(0.743909862280567,-0.56,1.24344978758018E-16));
#2444=CARTESIAN_POINT('',(0.,-0.56,1.24344978758018E-16));
#2445=CARTESIAN_POINT('',(0.743909862280567,-0.6,1.33226762955019E-16));
#2446=CARTESIAN_POINT('',(0.743909862280569,-2.01637172204496E-15,4.47724462403479E-31));
#2447=CARTESIAN_POINT('',(-0.743909862280567,-0.6,1.33226762955019E-16));
#2448=CARTESIAN_POINT('',(0.,-0.6,1.33226762955019E-16));
#2449=CARTESIAN_POINT('',(-0.743909862280567,-0.56,1.24344978758018E-16));
#2450=CARTESIAN_POINT('',(-0.743909862280569,-2.01637172204496E-15,4.47724462403479E-31));
#2451=CARTESIAN_POINT('',(-0.25,-0.56,1.24344978758018E-16));
#2452=CARTESIAN_POINT('',(0.,-0.56,1.24344978758018E-16));
#2453=CARTESIAN_POINT('',(-0.25,-0.15,3.33066907387547E-17));
#2454=CARTESIAN_POINT('',(-0.25,-6.61098885661893E-17,1.46793440883174E-32));
#2455=CARTESIAN_POINT('',(-0.76,-0.15,3.33066907387547E-17));
#2456=CARTESIAN_POINT('',(0.,-0.15,3.33066907387547E-17));
#2457=CARTESIAN_POINT('',(-0.76,0.,0.));
#2458=CARTESIAN_POINT('Origin',(0.799999999999999,-0.6,0.27));
#2459=CARTESIAN_POINT('',(0.799999999999999,-0.53847983246591,0.1));
#2460=CARTESIAN_POINT('',(0.8,-5.81177618108125E-16,0.1));
#2461=CARTESIAN_POINT('',(0.799999999999999,-0.53847983246591,0.1));
#2462=CARTESIAN_POINT('',(0.8,0.53847983246591,0.0999999999999999));
#2463=CARTESIAN_POINT('',(0.8,0.53847983246591,0.0999999999999999));
#2464=CARTESIAN_POINT('',(0.8,-5.81177618108125E-16,0.1));
#2465=CARTESIAN_POINT('',(0.799999999999999,-0.6,0.27));
#2466=CARTESIAN_POINT('Origin',(-0.800000000000001,0.6,0.27));
#2467=CARTESIAN_POINT('',(0.743909862280567,0.6,0.0999999999999999));
#2468=CARTESIAN_POINT('',(0.,0.6,0.0999999999999999));
#2469=CARTESIAN_POINT('',(0.743909862280567,0.6,0.0999999999999999));
#2470=CARTESIAN_POINT('',(-0.743909862280567,0.6,0.0999999999999999));
#2471=CARTESIAN_POINT('',(-0.743909862280567,0.6,0.0999999999999999));
#2472=CARTESIAN_POINT('',(0.,0.6,0.0999999999999999));
#2473=CARTESIAN_POINT('',(-0.800000000000001,0.6,0.27));
#2474=CARTESIAN_POINT('Origin',(-0.800000000000001,-0.6,0.27));
#2475=CARTESIAN_POINT('',(-0.8,-0.53847983246591,0.1));
#2476=CARTESIAN_POINT('',(-0.8,-0.53847983246591,0.1));
#2477=CARTESIAN_POINT('',(-0.799999999999991,1.4272331936147E-14,0.1));
#2478=CARTESIAN_POINT('',(-0.800000000000001,-0.6,0.27));
#2479=CARTESIAN_POINT('',(-0.800000000000001,0.53847983246591,0.0999999999999999));
#2480=CARTESIAN_POINT('',(-0.800000000000001,2.22044604925031E-17,0.1));
#2481=CARTESIAN_POINT('',(-0.800000000000001,0.53847983246591,0.0999999999999999));
#2482=CARTESIAN_POINT('Origin',(-0.800000000000001,-0.6,0.27));
#2483=CARTESIAN_POINT('',(-0.743909862280567,-0.6,0.1));
#2484=CARTESIAN_POINT('',(-4.18474378828298E-15,-0.600000000000005,0.1));
#2485=CARTESIAN_POINT('',(-0.743909862280567,-0.6,0.1));
#2486=CARTESIAN_POINT('',(0.743909862280567,-0.6,0.1));
#2487=CARTESIAN_POINT('',(0.743909862280567,-0.6,0.1));
#2488=CARTESIAN_POINT('',(0.,-0.6,0.1));
#2489=CARTESIAN_POINT('',(-0.800000000000001,-0.6,0.27));
#2490=CARTESIAN_POINT('Origin',(0.,5.99520433297585E-17,0.27));
#2491=CARTESIAN_POINT('Origin',(0.,0.53847983246591,0.0999999999999999));
#2492=CARTESIAN_POINT('',(-0.76,0.53847983246591,0.0999999999999999));
#2493=CARTESIAN_POINT('',(0.,0.53847983246591,0.0999999999999999));
#2494=CARTESIAN_POINT('',(-0.76,0.53847983246591,0.0999999999999999));
#2495=CARTESIAN_POINT('Origin',(-0.76,2.22044604925031E-17,0.1));
#2496=CARTESIAN_POINT('',(-0.76,0.15,0.1));
#2497=CARTESIAN_POINT('',(-0.76,2.22044604925031E-17,0.1));
#2498=CARTESIAN_POINT('',(-0.76,0.15,0.1));
#2499=CARTESIAN_POINT('Origin',(0.,0.15,0.1));
#2500=CARTESIAN_POINT('',(-0.25,0.15,0.1));
#2501=CARTESIAN_POINT('',(0.,0.15,0.1));
#2502=CARTESIAN_POINT('',(-0.25,0.15,0.1));
#2503=CARTESIAN_POINT('Origin',(-0.25,8.83143490586924E-17,0.1));
#2504=CARTESIAN_POINT('',(-0.25,0.56,0.0999999999999999));
#2505=CARTESIAN_POINT('',(-0.25,8.83143490586924E-17,0.1));
#2506=CARTESIAN_POINT('',(-0.25,0.56,0.0999999999999999));
#2507=CARTESIAN_POINT('Origin',(0.,0.56,0.0999999999999999));
#2508=CARTESIAN_POINT('',(-0.743909862280567,0.56,0.0999999999999999));
#2509=CARTESIAN_POINT('',(0.,0.56,0.0999999999999999));
#2510=CARTESIAN_POINT('',(-0.743909862280567,0.56,0.0999999999999999));
#2511=CARTESIAN_POINT('Origin',(-0.743909862280569,2.03857618253747E-15,
0.1));
#2512=CARTESIAN_POINT('',(-0.743909862280569,2.03857618253747E-15,0.1));
#2513=CARTESIAN_POINT('Origin',(0.,2.22044604925031E-17,0.1));
#2514=CARTESIAN_POINT('Origin',(0.743909862280569,2.03857618253747E-15,
0.1));
#2515=CARTESIAN_POINT('',(0.743909862280567,0.56,0.0999999999999999));
#2516=CARTESIAN_POINT('',(0.743909862280569,2.03857618253747E-15,0.1));
#2517=CARTESIAN_POINT('',(0.743909862280567,0.56,0.0999999999999999));
#2518=CARTESIAN_POINT('Origin',(0.,0.56,0.0999999999999999));
#2519=CARTESIAN_POINT('',(0.25,0.56,0.0999999999999999));
#2520=CARTESIAN_POINT('',(0.,0.56,0.0999999999999999));
#2521=CARTESIAN_POINT('',(0.25,0.56,0.0999999999999999));
#2522=CARTESIAN_POINT('Origin',(0.25,8.83143490586924E-17,0.1));
#2523=CARTESIAN_POINT('',(0.25,0.15,0.1));
#2524=CARTESIAN_POINT('',(0.25,8.83143490586924E-17,0.1));
#2525=CARTESIAN_POINT('',(0.25,0.15,0.1));
#2526=CARTESIAN_POINT('Origin',(0.,0.15,0.1));
#2527=CARTESIAN_POINT('',(0.76,0.15,0.1));
#2528=CARTESIAN_POINT('',(0.,0.15,0.1));
#2529=CARTESIAN_POINT('',(0.76,0.15,0.1));
#2530=CARTESIAN_POINT('Origin',(0.76,2.22044604925031E-17,0.1));
#2531=CARTESIAN_POINT('',(0.76,0.53847983246591,0.0999999999999999));
#2532=CARTESIAN_POINT('',(0.76,2.22044604925031E-17,0.1));
#2533=CARTESIAN_POINT('',(0.76,0.53847983246591,0.0999999999999999));
#2534=CARTESIAN_POINT('Origin',(0.,0.53847983246591,0.0999999999999999));
#2535=CARTESIAN_POINT('',(0.,0.53847983246591,0.0999999999999999));
#2536=CARTESIAN_POINT('Origin',(0.,2.22044604925031E-17,0.1));
#2537=CARTESIAN_POINT('Origin',(0.,-0.53847983246591,0.1));
#2538=CARTESIAN_POINT('',(0.76,-0.53847983246591,0.1));
#2539=CARTESIAN_POINT('',(0.,-0.53847983246591,0.1));
#2540=CARTESIAN_POINT('',(0.76,-0.53847983246591,0.1));
#2541=CARTESIAN_POINT('Origin',(0.76,2.22044604925031E-17,0.1));
#2542=CARTESIAN_POINT('',(0.76,-0.15,0.1));
#2543=CARTESIAN_POINT('',(0.76,2.22044604925031E-17,0.1));
#2544=CARTESIAN_POINT('',(0.76,-0.15,0.1));
#2545=CARTESIAN_POINT('Origin',(0.,-0.15,0.1));
#2546=CARTESIAN_POINT('',(0.25,-0.15,0.1));
#2547=CARTESIAN_POINT('',(0.,-0.15,0.1));
#2548=CARTESIAN_POINT('',(0.25,-0.15,0.1));
#2549=CARTESIAN_POINT('Origin',(0.25,-4.39054280736862E-17,0.1));
#2550=CARTESIAN_POINT('',(0.25,-0.56,0.1));
#2551=CARTESIAN_POINT('',(0.25,-4.39054280736862E-17,0.1));
#2552=CARTESIAN_POINT('',(0.25,-0.56,0.1));
#2553=CARTESIAN_POINT('Origin',(0.,-0.56,0.1));
#2554=CARTESIAN_POINT('',(0.743909862280567,-0.56,0.1));
#2555=CARTESIAN_POINT('',(0.,-0.56,0.1));
#2556=CARTESIAN_POINT('',(0.743909862280567,-0.56,0.1));
#2557=CARTESIAN_POINT('Origin',(0.743909862280569,-1.99416726155246E-15,
0.1));
#2558=CARTESIAN_POINT('',(0.743909862280569,-1.99416726155246E-15,0.1));
#2559=CARTESIAN_POINT('Origin',(0.,2.22044604925031E-17,0.1));
#2560=CARTESIAN_POINT('Origin',(0.,-0.53847983246591,0.1));
#2561=CARTESIAN_POINT('',(-0.76,-0.53847983246591,0.1));
#2562=CARTESIAN_POINT('',(-0.76,-0.53847983246591,0.1));
#2563=CARTESIAN_POINT('',(0.,-0.53847983246591,0.1));
#2564=CARTESIAN_POINT('Origin',(-0.743909862280569,-1.99416726155246E-15,
0.1));
#2565=CARTESIAN_POINT('',(-0.743909862280567,-0.56,0.1));
#2566=CARTESIAN_POINT('',(-0.743909862280569,-1.99416726155246E-15,0.1));
#2567=CARTESIAN_POINT('',(-0.743909862280567,-0.56,0.1));
#2568=CARTESIAN_POINT('Origin',(0.,-0.56,0.1));
#2569=CARTESIAN_POINT('',(-0.25,-0.56,0.1));
#2570=CARTESIAN_POINT('',(0.,-0.56,0.1));
#2571=CARTESIAN_POINT('',(-0.25,-0.56,0.1));
#2572=CARTESIAN_POINT('Origin',(-0.25,-4.39054280736862E-17,0.1));
#2573=CARTESIAN_POINT('',(-0.25,-0.15,0.1));
#2574=CARTESIAN_POINT('',(-0.25,-4.39054280736862E-17,0.1));
#2575=CARTESIAN_POINT('',(-0.25,-0.15,0.1));
#2576=CARTESIAN_POINT('Origin',(0.,-0.15,0.1));
#2577=CARTESIAN_POINT('',(-0.76,-0.15,0.1));
#2578=CARTESIAN_POINT('',(0.,-0.15,0.1));
#2579=CARTESIAN_POINT('',(-0.76,-0.15,0.1));
#2580=CARTESIAN_POINT('Origin',(-0.76,2.22044604925031E-17,0.1));
#2581=CARTESIAN_POINT('',(-0.76,2.22044604925031E-17,0.1));
#2582=CARTESIAN_POINT('Origin',(0.,2.22044604925031E-17,0.1));
#2583=CARTESIAN_POINT('Origin',(-0.800000000000001,0.6,0.810633520177595));
#2584=CARTESIAN_POINT('',(-0.800000000000001,0.575,0.0999999999999999));
#2585=CARTESIAN_POINT('',(-0.800000000000001,0.575,-1.27675647831893E-16));
#2586=CARTESIAN_POINT('',(-0.800000000000001,0.575,0.810633520177595));
#2587=CARTESIAN_POINT('',(-0.775000000000001,0.6,0.0999999999999999));
#2588=CARTESIAN_POINT('Origin',(-0.800000000000001,0.6,0.0999999999999999));
#2589=CARTESIAN_POINT('',(-0.775000000000001,0.6,-1.33226762955019E-16));
#2590=CARTESIAN_POINT('',(-0.775000000000001,0.6,0.810633520177595));
#2591=CARTESIAN_POINT('Origin',(-0.800000000000001,0.6,-1.33226762955019E-16));
#2592=CARTESIAN_POINT('Origin',(-0.800000000000001,1.79996799726822E-16,
0.810633520177595));
#2593=CARTESIAN_POINT('',(-0.800000000000001,0.53847983246591,0.0999999999999999));
#2594=CARTESIAN_POINT('',(-0.800000000000001,2.22044604925031E-17,0.1));
#2595=CARTESIAN_POINT('',(-0.800000000000001,0.53847983246591,-1.1956654165999E-16));
#2596=CARTESIAN_POINT('',(-0.800000000000001,0.,0.));
#2597=CARTESIAN_POINT('',(-0.800000000000001,0.53847983246591,0.810633520177595));
#2598=CARTESIAN_POINT('Origin',(0.,0.53847983246591,0.810633520177595));
#2599=CARTESIAN_POINT('',(-0.76,0.53847983246591,0.0999999999999999));
#2600=CARTESIAN_POINT('',(0.,0.53847983246591,0.0999999999999999));
#2601=CARTESIAN_POINT('',(-0.76,0.53847983246591,-1.1956654165999E-16));
#2602=CARTESIAN_POINT('',(0.,0.53847983246591,-1.1956654165999E-16));
#2603=CARTESIAN_POINT('',(-0.76,0.53847983246591,0.810633520177595));
#2604=CARTESIAN_POINT('Origin',(-0.76,1.79996799726822E-16,0.810633520177595));
#2605=CARTESIAN_POINT('',(-0.76,0.15,0.1));
#2606=CARTESIAN_POINT('',(-0.76,2.22044604925031E-17,0.1));
#2607=CARTESIAN_POINT('',(-0.76,0.15,-3.33066907387547E-17));
#2608=CARTESIAN_POINT('',(-0.76,0.,0.));
#2609=CARTESIAN_POINT('',(-0.76,0.15,0.810633520177595));
#2610=CARTESIAN_POINT('Origin',(0.,0.15,0.810633520177595));
#2611=CARTESIAN_POINT('',(-0.25,0.15,0.1));
#2612=CARTESIAN_POINT('',(0.,0.15,0.1));
#2613=CARTESIAN_POINT('',(-0.25,0.15,-3.33066907387547E-17));
#2614=CARTESIAN_POINT('',(0.,0.15,-3.33066907387547E-17));
#2615=CARTESIAN_POINT('',(-0.25,0.15,0.810633520177595));
#2616=CARTESIAN_POINT('Origin',(-0.25,2.46106688293011E-16,0.810633520177595));
#2617=CARTESIAN_POINT('',(-0.25,0.56,0.0999999999999999));
#2618=CARTESIAN_POINT('',(-0.25,8.83143490586925E-17,0.1));
#2619=CARTESIAN_POINT('',(-0.25,0.56,-1.24344978758018E-16));
#2620=CARTESIAN_POINT('',(-0.25,6.61098885661893E-17,-1.46793440883173E-32));
#2621=CARTESIAN_POINT('',(-0.25,0.56,0.810633520177595));
#2622=CARTESIAN_POINT('Origin',(0.,0.56,0.810633520177595));
#2623=CARTESIAN_POINT('',(-0.743909862280567,0.56,0.0999999999999999));
#2624=CARTESIAN_POINT('',(0.,0.56,0.0999999999999999));
#2625=CARTESIAN_POINT('',(-0.743909862280567,0.56,-1.24344978758018E-16));
#2626=CARTESIAN_POINT('',(0.,0.56,-1.24344978758018E-16));
#2627=CARTESIAN_POINT('',(-0.743909862280567,0.56,0.810633520177595));
#2628=CARTESIAN_POINT('Origin',(-0.743909862280569,2.19636852177179E-15,
0.810633520177595));
#2629=CARTESIAN_POINT('',(-0.743909862280567,0.6,0.0999999999999999));
#2630=CARTESIAN_POINT('',(-0.743909862280569,2.03857618253747E-15,0.1));
#2631=CARTESIAN_POINT('',(-0.743909862280567,0.6,-1.33226762955019E-16));
#2632=CARTESIAN_POINT('',(-0.743909862280569,2.01637172204496E-15,-4.47724462403479E-31));
#2633=CARTESIAN_POINT('',(-0.743909862280567,0.6,0.810633520177595));
#2634=CARTESIAN_POINT('Origin',(0.,0.6,0.810633520177595));
#2635=CARTESIAN_POINT('',(0.,0.6,0.0999999999999999));
#2636=CARTESIAN_POINT('',(0.,0.6,-1.33226762955019E-16));
#2637=CARTESIAN_POINT('Origin',(0.,0.,0.));
#2638=CARTESIAN_POINT('Origin',(0.,2.22044604925031E-17,0.1));
#2639=CARTESIAN_POINT('Origin',(0.8,0.6,0.810633520177595));
#2640=CARTESIAN_POINT('',(0.775,0.6,0.0999999999999999));
#2641=CARTESIAN_POINT('',(0.775,0.6,-1.33226762955019E-16));
#2642=CARTESIAN_POINT('',(0.775,0.6,0.810633520177595));
#2643=CARTESIAN_POINT('',(0.8,0.575,0.0999999999999999));
#2644=CARTESIAN_POINT('Origin',(0.8,0.6,0.0999999999999999));
#2645=CARTESIAN_POINT('',(0.8,0.575,-1.27675647831893E-16));
#2646=CARTESIAN_POINT('',(0.8,0.575,0.810633520177595));
#2647=CARTESIAN_POINT('Origin',(0.8,0.6,-1.33226762955019E-16));
#2648=CARTESIAN_POINT('Origin',(0.,0.6,0.810633520177595));
#2649=CARTESIAN_POINT('',(0.743909862280567,0.6,0.0999999999999999));
#2650=CARTESIAN_POINT('',(0.,0.6,0.0999999999999999));
#2651=CARTESIAN_POINT('',(0.743909862280567,0.6,-1.33226762955019E-16));
#2652=CARTESIAN_POINT('',(0.,0.6,-1.33226762955019E-16));
#2653=CARTESIAN_POINT('',(0.743909862280567,0.6,0.810633520177595));
#2654=CARTESIAN_POINT('Origin',(0.743909862280569,2.19636852177179E-15,
0.810633520177595));
#2655=CARTESIAN_POINT('',(0.743909862280567,0.56,0.0999999999999999));
#2656=CARTESIAN_POINT('',(0.743909862280569,2.03857618253747E-15,0.1));
#2657=CARTESIAN_POINT('',(0.743909862280567,0.56,-1.24344978758018E-16));
#2658=CARTESIAN_POINT('',(0.743909862280569,2.01637172204496E-15,-4.47724462403479E-31));
#2659=CARTESIAN_POINT('',(0.743909862280567,0.56,0.810633520177595));
#2660=CARTESIAN_POINT('Origin',(0.,0.56,0.810633520177595));
#2661=CARTESIAN_POINT('',(0.25,0.56,0.0999999999999999));
#2662=CARTESIAN_POINT('',(0.,0.56,0.0999999999999999));
#2663=CARTESIAN_POINT('',(0.25,0.56,-1.24344978758018E-16));
#2664=CARTESIAN_POINT('',(0.,0.56,-1.24344978758018E-16));
#2665=CARTESIAN_POINT('',(0.25,0.56,0.810633520177595));
#2666=CARTESIAN_POINT('Origin',(0.25,2.46106688293011E-16,0.810633520177595));
#2667=CARTESIAN_POINT('',(0.25,0.15,0.1));
#2668=CARTESIAN_POINT('',(0.25,8.83143490586925E-17,0.1));
#2669=CARTESIAN_POINT('',(0.25,0.15,-3.33066907387547E-17));
#2670=CARTESIAN_POINT('',(0.25,6.61098885661893E-17,-1.46793440883173E-32));
#2671=CARTESIAN_POINT('',(0.25,0.15,0.810633520177595));
#2672=CARTESIAN_POINT('Origin',(0.,0.15,0.810633520177595));
#2673=CARTESIAN_POINT('',(0.76,0.15,0.1));
#2674=CARTESIAN_POINT('',(0.,0.15,0.1));
#2675=CARTESIAN_POINT('',(0.76,0.15,-3.33066907387547E-17));
#2676=CARTESIAN_POINT('',(0.,0.15,-3.33066907387547E-17));
#2677=CARTESIAN_POINT('',(0.76,0.15,0.810633520177595));
#2678=CARTESIAN_POINT('Origin',(0.76,1.79996799726822E-16,0.810633520177595));
#2679=CARTESIAN_POINT('',(0.76,0.53847983246591,0.0999999999999999));
#2680=CARTESIAN_POINT('',(0.76,2.22044604925031E-17,0.1));
#2681=CARTESIAN_POINT('',(0.76,0.53847983246591,-1.1956654165999E-16));
#2682=CARTESIAN_POINT('',(0.76,0.,0.));
#2683=CARTESIAN_POINT('',(0.76,0.53847983246591,0.810633520177595));
#2684=CARTESIAN_POINT('Origin',(0.,0.53847983246591,0.810633520177595));
#2685=CARTESIAN_POINT('',(0.8,0.53847983246591,0.0999999999999999));
#2686=CARTESIAN_POINT('',(0.,0.53847983246591,0.0999999999999999));
#2687=CARTESIAN_POINT('',(0.8,0.53847983246591,-1.1956654165999E-16));
#2688=CARTESIAN_POINT('',(0.,0.53847983246591,-1.1956654165999E-16));
#2689=CARTESIAN_POINT('',(0.8,0.53847983246591,0.810633520177595));
#2690=CARTESIAN_POINT('Origin',(0.8,-4.23385278873807E-16,0.810633520177595));
#2691=CARTESIAN_POINT('',(0.8,-5.81177618108125E-16,0.1));
#2692=CARTESIAN_POINT('',(0.8,-6.03382078600628E-16,1.33977735261721E-31));
#2693=CARTESIAN_POINT('Origin',(0.,0.,0.));
#2694=CARTESIAN_POINT('Origin',(0.,2.22044604925031E-17,0.1));
#2695=CARTESIAN_POINT('Origin',(0.799999999999999,-0.6,0.810633520177596));
#2696=CARTESIAN_POINT('',(0.799999999999999,-0.575,0.1));
#2697=CARTESIAN_POINT('',(0.799999999999999,-0.575,1.27675647831893E-16));
#2698=CARTESIAN_POINT('',(0.799999999999999,-0.575,0.810633520177596));
#2699=CARTESIAN_POINT('',(0.774999999999999,-0.6,0.1));
#2700=CARTESIAN_POINT('Origin',(0.799999999999999,-0.6,0.1));
#2701=CARTESIAN_POINT('',(0.774999999999999,-0.6,1.33226762955019E-16));
#2702=CARTESIAN_POINT('',(0.774999999999999,-0.6,0.810633520177596));
#2703=CARTESIAN_POINT('Origin',(0.799999999999999,-0.6,1.33226762955019E-16));
#2704=CARTESIAN_POINT('Origin',(0.8,-4.23385278873807E-16,0.810633520177595));
#2705=CARTESIAN_POINT('',(0.799999999999999,-0.53847983246591,0.1));
#2706=CARTESIAN_POINT('',(0.8,-5.81177618108125E-16,0.1));
#2707=CARTESIAN_POINT('',(0.799999999999999,-0.53847983246591,1.1956654165999E-16));
#2708=CARTESIAN_POINT('',(0.8,-6.03382078600628E-16,1.33977735261721E-31));
#2709=CARTESIAN_POINT('',(0.799999999999999,-0.53847983246591,0.810633520177596));
#2710=CARTESIAN_POINT('Origin',(0.,-0.53847983246591,0.810633520177596));
#2711=CARTESIAN_POINT('',(0.76,-0.53847983246591,0.1));
#2712=CARTESIAN_POINT('',(0.,-0.53847983246591,0.1));
#2713=CARTESIAN_POINT('',(0.76,-0.53847983246591,1.1956654165999E-16));
#2714=CARTESIAN_POINT('',(0.,-0.53847983246591,1.1956654165999E-16));
#2715=CARTESIAN_POINT('',(0.76,-0.53847983246591,0.810633520177596));
#2716=CARTESIAN_POINT('Origin',(0.76,1.79996799726822E-16,0.810633520177595));
#2717=CARTESIAN_POINT('',(0.76,-0.15,0.1));
#2718=CARTESIAN_POINT('',(0.76,2.22044604925031E-17,0.1));
#2719=CARTESIAN_POINT('',(0.76,-0.15,3.33066907387547E-17));
#2720=CARTESIAN_POINT('',(0.76,0.,0.));
#2721=CARTESIAN_POINT('',(0.76,-0.15,0.810633520177595));
#2722=CARTESIAN_POINT('Origin',(0.,-0.15,0.810633520177595));
#2723=CARTESIAN_POINT('',(0.25,-0.15,0.1));
#2724=CARTESIAN_POINT('',(0.,-0.15,0.1));
#2725=CARTESIAN_POINT('',(0.25,-0.15,3.33066907387547E-17));
#2726=CARTESIAN_POINT('',(0.,-0.15,3.33066907387547E-17));
#2727=CARTESIAN_POINT('',(0.25,-0.15,0.810633520177595));
#2728=CARTESIAN_POINT('Origin',(0.25,1.13886911160632E-16,0.810633520177595));
#2729=CARTESIAN_POINT('',(0.25,-0.56,0.1));
#2730=CARTESIAN_POINT('',(0.25,-4.39054280736862E-17,0.1));
#2731=CARTESIAN_POINT('',(0.25,-0.56,1.24344978758018E-16));
#2732=CARTESIAN_POINT('',(0.25,-6.61098885661893E-17,1.46793440883173E-32));
#2733=CARTESIAN_POINT('',(0.25,-0.56,0.810633520177596));
#2734=CARTESIAN_POINT('Origin',(0.,-0.56,0.810633520177596));
#2735=CARTESIAN_POINT('',(0.743909862280567,-0.56,0.1));
#2736=CARTESIAN_POINT('',(0.,-0.56,0.1));
#2737=CARTESIAN_POINT('',(0.743909862280567,-0.56,1.24344978758018E-16));
#2738=CARTESIAN_POINT('',(0.,-0.56,1.24344978758018E-16));
#2739=CARTESIAN_POINT('',(0.743909862280567,-0.56,0.810633520177596));
#2740=CARTESIAN_POINT('Origin',(0.743909862280569,-1.83637492231814E-15,
0.810633520177595));
#2741=CARTESIAN_POINT('',(0.743909862280567,-0.6,0.1));
#2742=CARTESIAN_POINT('',(0.743909862280569,-1.99416726155246E-15,0.1));
#2743=CARTESIAN_POINT('',(0.743909862280567,-0.6,1.33226762955019E-16));
#2744=CARTESIAN_POINT('',(0.743909862280569,-2.01637172204496E-15,4.47724462403479E-31));
#2745=CARTESIAN_POINT('',(0.743909862280567,-0.6,0.810633520177596));
#2746=CARTESIAN_POINT('Origin',(0.,-0.6,0.810633520177596));
#2747=CARTESIAN_POINT('',(0.,-0.6,0.1));
#2748=CARTESIAN_POINT('',(0.,-0.6,1.33226762955019E-16));
#2749=CARTESIAN_POINT('Origin',(0.,0.,0.));
#2750=CARTESIAN_POINT('Origin',(0.,2.22044604925031E-17,0.1));
#2751=CARTESIAN_POINT('Origin',(0.,-0.53847983246591,0.810633520177596));
#2752=CARTESIAN_POINT('',(-0.76,-0.53847983246591,0.1));
#2753=CARTESIAN_POINT('',(-0.8,-0.53847983246591,0.1));
#2754=CARTESIAN_POINT('',(0.,-0.53847983246591,0.1));
#2755=CARTESIAN_POINT('',(-0.76,-0.53847983246591,1.1956654165999E-16));
#2756=CARTESIAN_POINT('',(-0.76,-0.53847983246591,0.810633520177596));
#2757=CARTESIAN_POINT('',(-0.8,-0.53847983246591,1.1956654165999E-16));
#2758=CARTESIAN_POINT('',(0.,-0.53847983246591,1.1956654165999E-16));
#2759=CARTESIAN_POINT('',(-0.8,-0.53847983246591,0.810633520177596));
#2760=CARTESIAN_POINT('Origin',(-0.799999999999991,1.44301242753813E-14,
0.810633520177595));
#2761=CARTESIAN_POINT('',(-0.800000000000001,-0.575,0.1));
#2762=CARTESIAN_POINT('',(-0.799999999999991,1.4272331936147E-14,0.1));
#2763=CARTESIAN_POINT('',(-0.800000000000001,-0.575,1.27675647831893E-16));
#2764=CARTESIAN_POINT('',(-0.799999999999991,1.42501274756545E-14,-3.16416392546303E-30));
#2765=CARTESIAN_POINT('',(-0.800000000000001,-0.575,0.810633520177596));
#2766=CARTESIAN_POINT('Origin',(-0.800000000000001,-0.6,0.810633520177596));
#2767=CARTESIAN_POINT('',(-0.775000000000001,-0.6,0.1));
#2768=CARTESIAN_POINT('Origin',(-0.800000000000001,-0.6,0.1));
#2769=CARTESIAN_POINT('',(-0.775000000000001,-0.6,1.33226762955019E-16));
#2770=CARTESIAN_POINT('Origin',(-0.800000000000001,-0.6,1.33226762955019E-16));
#2771=CARTESIAN_POINT('',(-0.775000000000001,-0.6,0.810633520177596));
#2772=CARTESIAN_POINT('Origin',(-4.18474378828298E-15,-0.600000000000005,
0.810633520177596));
#2773=CARTESIAN_POINT('',(-0.743909862280567,-0.6,0.1));
#2774=CARTESIAN_POINT('',(-4.18474378828298E-15,-0.600000000000005,0.1));
#2775=CARTESIAN_POINT('',(-0.743909862280567,-0.6,1.33226762955019E-16));
#2776=CARTESIAN_POINT('',(-4.18474378828298E-15,-0.600000000000005,1.3322676295502E-16));
#2777=CARTESIAN_POINT('',(-0.743909862280567,-0.6,0.810633520177596));
#2778=CARTESIAN_POINT('Origin',(-0.743909862280569,-1.83637492231814E-15,
0.810633520177595));
#2779=CARTESIAN_POINT('',(-0.743909862280567,-0.56,0.1));
#2780=CARTESIAN_POINT('',(-0.743909862280569,-1.99416726155246E-15,0.1));
#2781=CARTESIAN_POINT('',(-0.743909862280567,-0.56,1.24344978758018E-16));
#2782=CARTESIAN_POINT('',(-0.743909862280569,-2.01637172204496E-15,4.47724462403479E-31));
#2783=CARTESIAN_POINT('',(-0.743909862280567,-0.56,0.810633520177596));
#2784=CARTESIAN_POINT('Origin',(0.,-0.56,0.810633520177596));
#2785=CARTESIAN_POINT('',(-0.25,-0.56,0.1));
#2786=CARTESIAN_POINT('',(0.,-0.56,0.1));
#2787=CARTESIAN_POINT('',(-0.25,-0.56,1.24344978758018E-16));
#2788=CARTESIAN_POINT('',(0.,-0.56,1.24344978758018E-16));
#2789=CARTESIAN_POINT('',(-0.25,-0.56,0.810633520177596));
#2790=CARTESIAN_POINT('Origin',(-0.25,1.13886911160632E-16,0.810633520177595));
#2791=CARTESIAN_POINT('',(-0.25,-0.15,0.1));
#2792=CARTESIAN_POINT('',(-0.25,-4.39054280736862E-17,0.1));
#2793=CARTESIAN_POINT('',(-0.25,-0.15,3.33066907387547E-17));
#2794=CARTESIAN_POINT('',(-0.25,-6.61098885661893E-17,1.46793440883174E-32));
#2795=CARTESIAN_POINT('',(-0.25,-0.15,0.810633520177595));
#2796=CARTESIAN_POINT('Origin',(0.,-0.15,0.810633520177595));
#2797=CARTESIAN_POINT('',(-0.76,-0.15,0.1));
#2798=CARTESIAN_POINT('',(0.,-0.15,0.1));
#2799=CARTESIAN_POINT('',(-0.76,-0.15,3.33066907387547E-17));
#2800=CARTESIAN_POINT('',(0.,-0.15,3.33066907387547E-17));
#2801=CARTESIAN_POINT('',(-0.76,-0.15,0.810633520177595));
#2802=CARTESIAN_POINT('Origin',(-0.76,1.79996799726822E-16,0.810633520177595));
#2803=CARTESIAN_POINT('',(-0.76,2.22044604925031E-17,0.1));
#2804=CARTESIAN_POINT('',(-0.76,0.,0.));
#2805=CARTESIAN_POINT('Origin',(0.,0.,0.));
#2806=CARTESIAN_POINT('Origin',(0.,2.22044604925031E-17,0.1));
#2807=UNCERTAINTY_MEASURE_WITH_UNIT(LENGTH_MEASURE(0.01),#2811,
'DISTANCE_ACCURACY_VALUE',
'Maximum model space distance between geometric entities at asserted c
onnectivities');
#2808=UNCERTAINTY_MEASURE_WITH_UNIT(LENGTH_MEASURE(0.01),#2811,
'DISTANCE_ACCURACY_VALUE',
'Maximum model space distance between geometric entities at asserted c
onnectivities');
#2809=(
GEOMETRIC_REPRESENTATION_CONTEXT(3)
GLOBAL_UNCERTAINTY_ASSIGNED_CONTEXT((#2807))
GLOBAL_UNIT_ASSIGNED_CONTEXT((#2811,#2813,#2814))
REPRESENTATION_CONTEXT('','3D')
);
#2810=(
GEOMETRIC_REPRESENTATION_CONTEXT(3)
GLOBAL_UNCERTAINTY_ASSIGNED_CONTEXT((#2808))
GLOBAL_UNIT_ASSIGNED_CONTEXT((#2811,#2813,#2814))
REPRESENTATION_CONTEXT('','3D')
);
#2811=(
LENGTH_UNIT()
NAMED_UNIT(*)
SI_UNIT(.MILLI.,.METRE.)
);
#2812=(
LENGTH_UNIT()
NAMED_UNIT(*)
SI_UNIT($,.METRE.)
);
#2813=(
NAMED_UNIT(*)
PLANE_ANGLE_UNIT()
SI_UNIT($,.RADIAN.)
);
#2814=(
NAMED_UNIT(*)
SI_UNIT($,.STERADIAN.)
SOLID_ANGLE_UNIT()
);
#2815=SHAPE_DEFINITION_REPRESENTATION(#2816,#2817);
#2816=PRODUCT_DEFINITION_SHAPE('',$,#2819);
#2817=SHAPE_REPRESENTATION('',(#1747),#2809);
#2818=PRODUCT_DEFINITION_CONTEXT('part definition',#2823,'design');
#2819=PRODUCT_DEFINITION('2026-06-11-22-34-29-446',
'ECS-480-8-47-JTN-TR',#2820,#2818);
#2820=PRODUCT_DEFINITION_FORMATION('',$,#2825);
#2821=PRODUCT_RELATED_PRODUCT_CATEGORY('ECS-480-8-47-JTN-TR',
'ECS-480-8-47-JTN-TR',(#2825));
#2822=APPLICATION_PROTOCOL_DEFINITION('international standard',
'automotive_design',2009,#2823);
#2823=APPLICATION_CONTEXT(
'Core Data for Automotive Mechanical Design Process');
#2824=PRODUCT_CONTEXT('part definition',#2823,'mechanical');
#2825=PRODUCT('2026-06-11-22-34-29-446','ECS-480-8-47-JTN-TR',
'STEP AP214',(#2824));
#2826=PRESENTATION_STYLE_ASSIGNMENT((#2830));
#2827=PRESENTATION_STYLE_ASSIGNMENT((#2831));
#2828=PRESENTATION_STYLE_ASSIGNMENT((#2832));
#2829=PRESENTATION_STYLE_ASSIGNMENT((#2833));
#2830=SURFACE_STYLE_USAGE(.BOTH.,#2834);
#2831=SURFACE_STYLE_USAGE(.BOTH.,#2835);
#2832=SURFACE_STYLE_USAGE(.BOTH.,#2836);
#2833=SURFACE_STYLE_USAGE(.BOTH.,#2837);
#2834=SURFACE_SIDE_STYLE('',(#2838));
#2835=SURFACE_SIDE_STYLE('',(#2839));
#2836=SURFACE_SIDE_STYLE('',(#2840));
#2837=SURFACE_SIDE_STYLE('',(#2841));
#2838=SURFACE_STYLE_FILL_AREA(#2842);
#2839=SURFACE_STYLE_FILL_AREA(#2843);
#2840=SURFACE_STYLE_FILL_AREA(#2844);
#2841=SURFACE_STYLE_FILL_AREA(#2845);
#2842=FILL_AREA_STYLE('Steel - Satin',(#2846));
#2843=FILL_AREA_STYLE('Opaque(202,209,238)',(#2847));
#2844=FILL_AREA_STYLE('Opaque(64,64,64)',(#2848));
#2845=FILL_AREA_STYLE('Opaque(255,207,128)',(#2849));
#2846=FILL_AREA_STYLE_COLOUR('Steel - Satin',#2850);
#2847=FILL_AREA_STYLE_COLOUR('Opaque(202,209,238)',#2851);
#2848=FILL_AREA_STYLE_COLOUR('Opaque(64,64,64)',#2852);
#2849=FILL_AREA_STYLE_COLOUR('Opaque(255,207,128)',#2853);
#2850=COLOUR_RGB('Steel - Satin',0.627450980392157,0.627450980392157,0.627450980392157);
#2851=COLOUR_RGB('Opaque(202,209,238)',0.792156862745098,0.819607843137255,
0.933333333333333);
#2852=COLOUR_RGB('Opaque(64,64,64)',0.250980392156863,0.250980392156863,
0.250980392156863);
#2853=COLOUR_RGB('Opaque(255,207,128)',1.,0.811764705882353,0.501960784313725);
ENDSEC;
END-ISO-10303-21;
