ISO-10303-21;
HEADER;
FILE_DESCRIPTION(('FreeCAD Model'),'2;1');
FILE_NAME('Open CASCADE Shape Model','2026-01-01T14:45:27',(''),(''),
  'Open CASCADE STEP processor 7.8','FreeCAD','Unknown');
FILE_SCHEMA(('AUTOMOTIVE_DESIGN { 1 0 10303 214 1 1 1 1 }'));
ENDSEC;
DATA;
#1 = APPLICATION_PROTOCOL_DEFINITION('international standard',
  'automotive_design',2000,#2);
#2 = APPLICATION_CONTEXT(
  'core data for automotive mechanical design processes');
#3 = SHAPE_DEFINITION_REPRESENTATION(#4,#10);
#4 = PRODUCT_DEFINITION_SHAPE('','',#5);
#5 = PRODUCT_DEFINITION('design','',#6,#9);
#6 = PRODUCT_DEFINITION_FORMATION('','',#7);
#7 = PRODUCT('SM02B-SRSS-TB(LF)(SN)','SM02B-SRSS-TB(LF)(SN)','',(#8));
#8 = PRODUCT_CONTEXT('',#2,'mechanical');
#9 = PRODUCT_DEFINITION_CONTEXT('part definition',#2,'design');
#10 = SHAPE_REPRESENTATION('',(#11,#15,#808,#2770,#2920,#3070,#3078,
    #3086,#3094,#3102,#3110,#3118,#3126,#3134,#3142,#3150,#3158,#3166,
    #3174,#3182,#3190,#3198,#3206,#3214,#3222,#3230,#3238,#3246,#3254,
    #3262,#3270,#3278,#3286,#3294,#3302,#3310,#3318,#3326,#3334,#3342,
    #3350,#3358,#3366,#3374,#3382,#3390,#3398,#3406,#3414,#3422,#3430,
    #3438,#3446,#3454,#3462,#3470,#3478,#3486,#3494,#3502,#3510,#3518,
    #3526,#3534,#3542,#3550,#3558,#3566,#3574,#3582,#3590,#3598,#3606,
    #3614,#3622,#3630,#3638,#3646,#3654,#3662,#3670,#3678,#3686,#3694,
    #3702,#3710,#3718,#3726,#3734,#3742,#3750,#3758,#3766,#3774,#3782,
    #3790,#3798,#3806,#3814,#3822,#3830,#3838,#3846,#3854,#3862,#3870,
    #3878,#3886,#3894,#3902,#3910,#3918,#3926,#3934,#3942,#3950,#3958,
    #3966,#3974,#3982,#3990,#3998,#4006,#4014,#4022,#4030,#4038,#4046,
    #4054,#4062,#4070,#4078,#4086,#4094,#4102,#4110,#4118,#4126,#4134,
    #4142,#4150,#4158,#4166,#4174,#4182,#4190,#4198,#4206,#4214,#4222,
    #4230,#4238,#4246,#4254,#4262,#4270,#4278,#4286,#4294,#4302,#4310,
    #4318,#4326,#4334,#4342,#4350,#4358,#4366,#4374,#4382,#4390,#4398,
    #4406,#4414,#4422,#4430,#4438,#4446,#4454,#4462,#4470,#4478,#4486,
    #4494,#4502,#4510,#4518,#4526,#4534,#4542,#4550,#4558,#4566,#4574,
    #4582,#4590,#4598,#4606,#4614,#4622,#4630,#4638,#4646,#4654,#4662,
    #4670,#4678,#4686,#4694,#4702,#4710,#4718,#4726,#4734,#4742,#4750,
    #4758,#4766,#4774,#4782,#4790,#4798,#4806,#4814,#4822,#4830,#4838,
    #4846,#4854,#4862,#4870,#4878,#4886,#4894,#4902,#4910,#4918,#4926,
    #4934,#4942,#4950,#4958,#4966,#4974,#4982,#4990,#4998,#5006,#5014,
    #5022,#5030,#5038,#5046,#5054,#5062,#5070,#5078,#5086,#5094,#5102,
    #5110,#5118,#5126,#5134,#5142,#5150,#5158,#5166,#5174,#5182,#5190,
    #5198,#5206,#5214,#5222,#5230,#5238,#5246,#5254,#5262,#5270,#5278,
    #5286,#5294,#5302,#5310,#5318,#5326,#5334,#5342,#5350,#5358,#5366,
    #5374,#5382,#5390,#5398,#5406,#5414,#5422,#5430,#5438,#5446,#5454,
    #5462,#5470,#5478,#5486,#5494,#5502,#5510,#5518,#5526,#5534,#5542,
    #5550,#5558,#5566,#5574,#5582,#5590,#5598,#5606,#5614,#5622,#5630,
    #5638,#5646,#5654,#5662,#5670,#5678,#5686,#5694,#5702,#5710,#5718,
    #5726,#5734,#5742,#5750,#5758,#5766,#5774,#5782,#5790,#5798,#5806,
    #5814,#5822,#5830,#5838,#5846,#5854,#5862,#5870,#5878,#5886,#5894,
    #5902,#5910,#5918,#5926,#5934,#5942,#5950,#5958,#5966,#5974,#5982,
    #5990,#5998,#6006,#6014,#6022,#6030,#6038,#6046,#6054,#6062,#6070,
    #6078,#6086,#6094,#6102,#6110,#6118,#6126,#6134,#6142,#6150,#6158,
    #6166,#6174,#6182,#6190,#6198,#6206,#6214,#6222,#6230),#6238);
#11 = AXIS2_PLACEMENT_3D('',#12,#13,#14);
#12 = CARTESIAN_POINT('',(0.,0.,0.));
#13 = DIRECTION('',(0.,0.,1.));
#14 = DIRECTION('',(1.,0.,-0.));
#15 = GEOMETRIC_CURVE_SET('',(#16,#17,#18,#19,#20,#21,#22,#23,#24,#25,
    #26,#27,#28,#29,#30,#31,#32,#33,#34,#35,#36,#37,#38,#39,#40,#41,#42,
    #43,#44,#45,#46,#47,#48,#49,#50,#51,#52,#53,#54,#55,#56,#57,#58,#59,
    #60,#61,#62,#63,#64,#65,#66,#67,#68,#69,#70,#71,#72,#73,#74,#75,#76,
    #77,#78,#79,#80,#81,#82,#83,#84,#85,#86,#87,#88,#89,#90,#91,#92,#93,
    #94,#95,#96,#97,#98,#99,#100,#101,#102,#103,#104,#105,#106,#107,#108
    ,#109,#110,#111,#112,#113,#114,#115,#116,#117,#118,#119,#120,#121,
    #122,#123,#124,#125,#126,#127,#128,#129,#130,#131,#132,#133,#134,
    #135,#136,#137,#138,#139,#140,#141,#142,#143,#144,#145,#146,#147,
    #148,#149,#150,#151,#152,#153,#154,#155,#156,#157,#158,#159,#160,
    #161,#162,#163,#164,#165,#166,#167,#168,#169,#170,#171,#172,#173,
    #174,#175,#176,#177,#178,#179,#180,#181,#182,#183,#184,#185,#186,
    #187,#188,#189,#190,#191,#192,#193,#194,#195,#196,#197,#198,#199,
    #200,#201,#202,#203,#204,#205,#206,#207,#208,#209,#210,#211,#212,
    #213,#214,#215,#216,#217,#218,#219,#220,#221,#222,#223,#224,#225,
    #226,#227,#228,#229,#230,#231,#232,#233,#234,#235,#236,#237,#238,
    #239,#240,#241,#242,#243,#244,#245,#246,#247,#248,#249,#250,#251,
    #252,#253,#254,#255,#256,#257,#258,#259,#260,#261,#262,#263,#264,
    #265,#266,#267,#268,#269,#270,#271,#272,#273,#274,#275,#276,#277,
    #278,#279,#280,#281,#282,#283,#284,#285,#286,#287,#288,#289,#290,
    #291,#292,#293,#294,#295,#296,#297,#298,#299,#300,#301,#302,#303,
    #304,#305,#306,#307,#308,#309,#310,#311,#312,#313,#314,#315,#316,
    #317,#318,#319,#320,#321,#322,#323,#324,#325,#326,#327,#328,#329,
    #330,#331,#332,#333,#334,#335,#336,#337,#338,#339,#340,#341,#342,
    #343,#344,#345,#346,#347,#348,#349,#350,#351,#352,#353,#354,#355,
    #356,#357,#358,#359,#360,#361,#362,#363,#364,#365,#366,#367,#368,
    #369,#370,#371,#372,#373,#374,#375,#376,#377,#378,#379,#380,#381,
    #382,#383,#384,#385,#386,#387,#388,#389,#390,#391,#392,#393,#394,
    #395,#396,#397,#398,#399,#400,#401,#402,#403,#404,#405,#406,#407,
    #408,#409,#410,#411,#412,#413,#414,#415,#416,#417,#418,#419,#420,
    #421,#422,#423,#424,#425,#426,#427,#428,#429,#430,#431,#432,#433,
    #434,#435,#436,#437,#438,#439,#440,#441,#442,#443,#444,#445,#446,
    #447,#448,#449,#450,#451,#452,#453,#454,#455,#456,#457,#458,#459,
    #460,#461,#462,#463,#464,#465,#466,#467,#468,#469,#470,#471,#472,
    #473,#474,#475,#476,#477,#478,#479,#480,#481,#482,#483,#484,#485,
    #486,#487,#488,#489,#490,#491,#492,#493,#494,#495,#496,#497,#498,
    #499,#500,#501,#502,#503,#504,#505,#506,#507,#508,#509,#510,#511,
    #512,#513,#514,#515,#516,#517,#518,#519,#520,#521,#522,#523,#524,
    #525,#526,#527,#528,#529,#530,#531,#532,#533,#534,#535,#536,#537,
    #538,#539,#540,#541,#542,#543,#544,#545,#546,#547,#548,#549,#550,
    #551,#552,#553,#554,#555,#556,#557,#558,#559,#560,#561,#562,#563,
    #564,#565,#566,#567,#568,#569,#570,#571,#572,#573,#574,#575,#576,
    #577,#578,#579,#580,#581,#582,#583,#584,#585,#586,#587,#588,#589,
    #590,#591,#592,#593,#594,#595,#596,#597,#598,#599,#600,#601,#602,
    #603,#604,#605,#606,#607,#608,#609,#610,#611,#612,#613,#614,#615,
    #616,#617,#618,#619,#620,#621,#622,#623,#624,#625,#626,#627,#628,
    #629,#630,#631,#632,#633,#634,#635,#636,#637,#638,#639,#640,#641,
    #642,#643,#644,#645,#646,#647,#648,#649,#650,#651,#652,#653,#654,
    #655,#656,#657,#658,#659,#660,#661,#662,#663,#664,#665,#666,#667,
    #668,#669,#670,#671,#672,#673,#674,#675,#676,#677,#678,#679,#680,
    #681,#682,#683,#684,#685,#686,#687,#688,#689,#690,#691,#692,#693,
    #694,#695,#696,#697,#698,#699,#700,#701,#702,#703,#704,#705,#706,
    #707,#708,#709,#710,#711,#712,#713,#714,#715,#716,#717,#718,#719,
    #720,#721,#722,#723,#724,#725,#726,#727,#728,#729,#730,#731,#732,
    #733,#734,#735,#736,#737,#738,#739,#740,#741,#742,#743,#744,#745,
    #746,#747,#748,#749,#750,#751,#752,#753,#754,#755,#756,#757,#758,
    #759,#760,#761,#762,#763,#764,#765,#766,#767,#768,#769,#770,#771,
    #772,#773,#774,#775,#776,#777,#778,#779,#780,#781,#782,#783,#784,
    #785,#786,#787,#788,#789,#790,#791,#792,#793,#794,#795,#796,#797,
    #798,#799,#800,#801,#802,#803,#804,#805,#806,#807));
#16 = CARTESIAN_POINT('',(1.5,-0.133675134595,2.959062853009));
#17 = CARTESIAN_POINT('',(1.5,1.355,2.959062853009));
#18 = CARTESIAN_POINT('',(1.5,1.355,2.959062853009));
#19 = CARTESIAN_POINT('',(-1.5,1.355,2.959062853009));
#20 = CARTESIAN_POINT('',(-1.5,1.355,2.959062853009));
#21 = CARTESIAN_POINT('',(-1.5,-0.133675134595,2.959062853009));
#22 = CARTESIAN_POINT('',(-1.5,-0.133675134595,2.959062853009));
#23 = CARTESIAN_POINT('',(-2.,-0.133675134595,2.959062853009));
#24 = CARTESIAN_POINT('',(-2.,-0.133675134595,2.959062853009));
#25 = CARTESIAN_POINT('',(-2.,-2.895,2.959062853009));
#26 = CARTESIAN_POINT('',(-2.,-2.895,2.959062853009));
#27 = CARTESIAN_POINT('',(2.,-2.895,2.959062853009));
#28 = CARTESIAN_POINT('',(2.,-2.895,2.959062853009));
#29 = CARTESIAN_POINT('',(2.,-0.133675134595,2.959062853009));
#30 = CARTESIAN_POINT('',(2.,-0.133675134595,2.959062853009));
#31 = CARTESIAN_POINT('',(1.5,-0.133675134595,2.959062853009));
#32 = CARTESIAN_POINT('',(0.4,1.355,5.906285300851E-02));
#33 = CARTESIAN_POINT('',(0.4,1.355,0.199062853009));
#34 = CARTESIAN_POINT('',(0.4,1.355,5.906285300851E-02));
#35 = CARTESIAN_POINT('',(-0.4,1.355,5.906285300851E-02));
#36 = CARTESIAN_POINT('',(-0.4,1.355,0.199062853009));
#37 = CARTESIAN_POINT('',(-0.4,1.355,5.906285300851E-02));
#38 = CARTESIAN_POINT('',(-0.6,1.355,0.199062853009));
#39 = CARTESIAN_POINT('',(-0.4,1.355,0.199062853009));
#40 = CARTESIAN_POINT('',(-0.6,1.355,5.906285300851E-02));
#41 = CARTESIAN_POINT('',(-0.6,1.355,0.199062853009));
#42 = CARTESIAN_POINT('',(-0.6,1.355,5.906285300851E-02));
#43 = CARTESIAN_POINT('',(-2.,1.355,5.906285300851E-02));
#44 = CARTESIAN_POINT('',(-2.,1.355,1.459062853009));
#45 = CARTESIAN_POINT('',(-2.,1.355,5.906285300851E-02));
#46 = CARTESIAN_POINT('',(-1.5,1.355,1.459062853009));
#47 = CARTESIAN_POINT('',(-2.,1.355,1.459062853009));
#48 = CARTESIAN_POINT('',(-1.5,1.355,2.959062853009));
#49 = CARTESIAN_POINT('',(-1.5,1.355,1.459062853009));
#50 = CARTESIAN_POINT('',(1.5,1.355,2.959062853009));
#51 = CARTESIAN_POINT('',(-1.5,1.355,2.959062853009));
#52 = CARTESIAN_POINT('',(1.5,1.355,1.459062853009));
#53 = CARTESIAN_POINT('',(1.5,1.355,2.959062853009));
#54 = CARTESIAN_POINT('',(2.,1.355,1.459062853009));
#55 = CARTESIAN_POINT('',(1.5,1.355,1.459062853009));
#56 = CARTESIAN_POINT('',(2.,1.355,5.906285300851E-02));
#57 = CARTESIAN_POINT('',(2.,1.355,1.459062853009));
#58 = CARTESIAN_POINT('',(2.,1.355,5.906285300851E-02));
#59 = CARTESIAN_POINT('',(0.6,1.355,5.906285300851E-02));
#60 = CARTESIAN_POINT('',(0.6,1.355,0.199062853009));
#61 = CARTESIAN_POINT('',(0.6,1.355,5.906285300851E-02));
#62 = CARTESIAN_POINT('',(0.4,1.355,0.199062853009));
#63 = CARTESIAN_POINT('',(0.6,1.355,0.199062853009));
#64 = CARTESIAN_POINT('',(1.5,0.805,1.459062853009));
#65 = CARTESIAN_POINT('',(1.5,0.805,2.459062853009));
#66 = CARTESIAN_POINT('',(1.5,1.355,1.459062853009));
#67 = CARTESIAN_POINT('',(1.5,0.805,1.459062853009));
#68 = CARTESIAN_POINT('',(1.5,1.355,1.459062853009));
#69 = CARTESIAN_POINT('',(1.5,1.355,2.959062853009));
#70 = CARTESIAN_POINT('',(1.5,-0.133675134595,2.959062853009));
#71 = CARTESIAN_POINT('',(1.5,1.355,2.959062853009));
#72 = CARTESIAN_POINT('',(1.5,0.155,2.459062853009));
#73 = CARTESIAN_POINT('',(1.5,-0.133675134595,2.959062853009));
#74 = CARTESIAN_POINT('',(1.5,0.805,2.459062853009));
#75 = CARTESIAN_POINT('',(1.5,0.155,2.459062853009));
#76 = CARTESIAN_POINT('',(1.5,0.155,2.459062853009));
#77 = CARTESIAN_POINT('',(2.,0.155,2.459062853009));
#78 = CARTESIAN_POINT('',(1.5,0.155,2.459062853009));
#79 = CARTESIAN_POINT('',(1.5,-0.133675134595,2.959062853009));
#80 = CARTESIAN_POINT('',(2.,-0.133675134595,2.959062853009));
#81 = CARTESIAN_POINT('',(1.5,-0.133675134595,2.959062853009));
#82 = CARTESIAN_POINT('',(2.,0.155,2.459062853009));
#83 = CARTESIAN_POINT('',(2.,-0.133675134595,2.959062853009));
#84 = CARTESIAN_POINT('',(2.,0.155,2.459062853009));
#85 = CARTESIAN_POINT('',(2.,-0.133675134595,2.959062853009));
#86 = CARTESIAN_POINT('',(2.,-2.895,2.959062853009));
#87 = CARTESIAN_POINT('',(2.,-0.133675134595,2.959062853009));
#88 = CARTESIAN_POINT('',(2.,-2.895,1.259062853009));
#89 = CARTESIAN_POINT('',(2.,-2.895,2.959062853009));
#90 = CARTESIAN_POINT('',(2.,-2.395,1.259062853009));
#91 = CARTESIAN_POINT('',(2.,-2.895,1.259062853009));
#92 = CARTESIAN_POINT('',(2.,-2.395,0.609062853009));
#93 = CARTESIAN_POINT('',(2.,-2.395,1.259062853009));
#94 = CARTESIAN_POINT('',(2.,-1.395,0.609062853009));
#95 = CARTESIAN_POINT('',(2.,-2.395,0.609062853009));
#96 = CARTESIAN_POINT('',(2.,-1.395,5.906285300851E-02));
#97 = CARTESIAN_POINT('',(2.,-1.395,0.609062853009));
#98 = CARTESIAN_POINT('',(2.,1.355,5.906285300851E-02));
#99 = CARTESIAN_POINT('',(2.,-1.395,5.906285300851E-02));
#100 = CARTESIAN_POINT('',(2.,1.355,5.906285300851E-02));
#101 = CARTESIAN_POINT('',(2.,1.355,1.459062853009));
#102 = CARTESIAN_POINT('',(2.,0.805,1.459062853009));
#103 = CARTESIAN_POINT('',(2.,1.355,1.459062853009));
#104 = CARTESIAN_POINT('',(2.,0.805,2.459062853009));
#105 = CARTESIAN_POINT('',(2.,0.805,1.459062853009));
#106 = CARTESIAN_POINT('',(2.,0.155,2.459062853009));
#107 = CARTESIAN_POINT('',(2.,0.805,2.459062853009));
#108 = CARTESIAN_POINT('',(-1.55,-2.895,2.059062853009));
#109 = CARTESIAN_POINT('',(-1.2,-2.895,2.059062853009));
#110 = CARTESIAN_POINT('',(-1.2,-2.895,2.059062853009));
#111 = CARTESIAN_POINT('',(-1.2,-2.895,2.559062853009));
#112 = CARTESIAN_POINT('',(1.2,-2.895,2.559062853009));
#113 = CARTESIAN_POINT('',(-1.2,-2.895,2.559062853009));
#114 = CARTESIAN_POINT('',(1.2,-2.895,2.559062853009));
#115 = CARTESIAN_POINT('',(1.2,-2.895,2.059062853009));
#116 = CARTESIAN_POINT('',(1.2,-2.895,2.059062853009));
#117 = CARTESIAN_POINT('',(1.55,-2.895,2.059062853009));
#118 = CARTESIAN_POINT('',(1.55,-2.895,2.059062853009));
#119 = CARTESIAN_POINT('',(1.55,-2.895,1.459062853009));
#120 = CARTESIAN_POINT('',(1.55,-2.895,1.459062853009));
#121 = CARTESIAN_POINT('',(1.2,-2.895,1.459062853009));
#122 = CARTESIAN_POINT('',(1.2,-2.895,1.459062853009));
#123 = CARTESIAN_POINT('',(1.2,-2.895,0.459062853009));
#124 = CARTESIAN_POINT('',(-1.2,-2.895,0.459062853009));
#125 = CARTESIAN_POINT('',(1.2,-2.895,0.459062853009));
#126 = CARTESIAN_POINT('',(-1.2,-2.895,0.459062853009));
#127 = CARTESIAN_POINT('',(-1.2,-2.895,1.459062853009));
#128 = CARTESIAN_POINT('',(-1.2,-2.895,1.459062853009));
#129 = CARTESIAN_POINT('',(-1.55,-2.895,1.459062853009));
#130 = CARTESIAN_POINT('',(-1.55,-2.895,1.459062853009));
#131 = CARTESIAN_POINT('',(-1.55,-2.895,2.059062853009));
#132 = CARTESIAN_POINT('',(-1.5,-2.895,1.259062853009));
#133 = CARTESIAN_POINT('',(-2.,-2.895,1.259062853009));
#134 = CARTESIAN_POINT('',(-1.5,-2.895,1.259062853009));
#135 = CARTESIAN_POINT('',(-1.5,-2.895,5.90628530085E-02));
#136 = CARTESIAN_POINT('',(1.5,-2.895,5.90628530085E-02));
#137 = CARTESIAN_POINT('',(-1.5,-2.895,5.90628530085E-02));
#138 = CARTESIAN_POINT('',(1.5,-2.895,1.259062853009));
#139 = CARTESIAN_POINT('',(1.5,-2.895,5.90628530085E-02));
#140 = CARTESIAN_POINT('',(2.,-2.895,1.259062853009));
#141 = CARTESIAN_POINT('',(1.5,-2.895,1.259062853009));
#142 = CARTESIAN_POINT('',(2.,-2.895,1.259062853009));
#143 = CARTESIAN_POINT('',(2.,-2.895,2.959062853009));
#144 = CARTESIAN_POINT('',(-2.,-2.895,2.959062853009));
#145 = CARTESIAN_POINT('',(2.,-2.895,2.959062853009));
#146 = CARTESIAN_POINT('',(-2.,-2.895,1.259062853009));
#147 = CARTESIAN_POINT('',(-2.,-2.895,2.959062853009));
#148 = CARTESIAN_POINT('',(-2.,1.355,1.459062853009));
#149 = CARTESIAN_POINT('',(-2.,1.355,5.906285300851E-02));
#150 = CARTESIAN_POINT('',(-2.,-1.395,5.906285300851E-02));
#151 = CARTESIAN_POINT('',(-2.,1.355,5.906285300851E-02));
#152 = CARTESIAN_POINT('',(-2.,-1.395,0.609062853009));
#153 = CARTESIAN_POINT('',(-2.,-1.395,5.906285300851E-02));
#154 = CARTESIAN_POINT('',(-2.,-2.395,0.609062853009));
#155 = CARTESIAN_POINT('',(-2.,-1.395,0.609062853009));
#156 = CARTESIAN_POINT('',(-2.,-2.395,1.259062853009));
#157 = CARTESIAN_POINT('',(-2.,-2.395,0.609062853009));
#158 = CARTESIAN_POINT('',(-2.,-2.895,1.259062853009));
#159 = CARTESIAN_POINT('',(-2.,-2.395,1.259062853009));
#160 = CARTESIAN_POINT('',(-2.,-2.895,1.259062853009));
#161 = CARTESIAN_POINT('',(-2.,-2.895,2.959062853009));
#162 = CARTESIAN_POINT('',(-2.,-0.133675134595,2.959062853009));
#163 = CARTESIAN_POINT('',(-2.,-2.895,2.959062853009));
#164 = CARTESIAN_POINT('',(-2.,0.155,2.459062853009));
#165 = CARTESIAN_POINT('',(-2.,-0.133675134595,2.959062853009));
#166 = CARTESIAN_POINT('',(-2.,0.805,2.459062853009));
#167 = CARTESIAN_POINT('',(-2.,0.155,2.459062853009));
#168 = CARTESIAN_POINT('',(-2.,0.805,1.459062853009));
#169 = CARTESIAN_POINT('',(-2.,0.805,2.459062853009));
#170 = CARTESIAN_POINT('',(-2.,1.355,1.459062853009));
#171 = CARTESIAN_POINT('',(-2.,0.805,1.459062853009));
#172 = CARTESIAN_POINT('',(-1.5,-0.133675134595,2.959062853009));
#173 = CARTESIAN_POINT('',(-1.5,0.155,2.459062853009));
#174 = CARTESIAN_POINT('',(-1.5,0.155,2.459062853009));
#175 = CARTESIAN_POINT('',(-2.,0.155,2.459062853009));
#176 = CARTESIAN_POINT('',(-2.,0.155,2.459062853009));
#177 = CARTESIAN_POINT('',(-2.,-0.133675134595,2.959062853009));
#178 = CARTESIAN_POINT('',(-1.5,-0.133675134595,2.959062853009));
#179 = CARTESIAN_POINT('',(-2.,-0.133675134595,2.959062853009));
#180 = CARTESIAN_POINT('',(-1.5,-0.133675134595,2.959062853009));
#181 = CARTESIAN_POINT('',(-1.5,0.155,2.459062853009));
#182 = CARTESIAN_POINT('',(-1.5,1.355,2.959062853009));
#183 = CARTESIAN_POINT('',(-1.5,-0.133675134595,2.959062853009));
#184 = CARTESIAN_POINT('',(-1.5,1.355,2.959062853009));
#185 = CARTESIAN_POINT('',(-1.5,1.355,1.459062853009));
#186 = CARTESIAN_POINT('',(-1.5,0.805,1.459062853009));
#187 = CARTESIAN_POINT('',(-1.5,1.355,1.459062853009));
#188 = CARTESIAN_POINT('',(-1.5,0.805,2.459062853009));
#189 = CARTESIAN_POINT('',(-1.5,0.805,1.459062853009));
#190 = CARTESIAN_POINT('',(-1.5,0.155,2.459062853009));
#191 = CARTESIAN_POINT('',(-1.5,0.805,2.459062853009));
#192 = CARTESIAN_POINT('',(0.4,2.055,0.199062853009));
#193 = CARTESIAN_POINT('',(0.6,2.055,0.199062853009));
#194 = CARTESIAN_POINT('',(0.4,1.355,0.199062853009));
#195 = CARTESIAN_POINT('',(0.4,2.055,0.199062853009));
#196 = CARTESIAN_POINT('',(0.4,1.355,0.199062853009));
#197 = CARTESIAN_POINT('',(0.6,1.355,0.199062853009));
#198 = CARTESIAN_POINT('',(0.6,2.055,0.199062853009));
#199 = CARTESIAN_POINT('',(0.6,1.355,0.199062853009));
#200 = CARTESIAN_POINT('',(0.4,1.255,-9.371469914852E-04));
#201 = CARTESIAN_POINT('',(0.4,1.255,5.906285300851E-02));
#202 = CARTESIAN_POINT('',(0.4,1.255,5.906285300851E-02));
#203 = CARTESIAN_POINT('',(0.4,1.355,5.906285300851E-02));
#204 = CARTESIAN_POINT('',(0.4,1.355,5.906285300851E-02));
#205 = CARTESIAN_POINT('',(0.4,1.355,0.199062853009));
#206 = CARTESIAN_POINT('',(0.4,1.355,0.199062853009));
#207 = CARTESIAN_POINT('',(0.4,2.055,0.199062853009));
#208 = CARTESIAN_POINT('',(0.4,2.055,0.199062853009));
#209 = CARTESIAN_POINT('',(0.4,2.055,-9.371469914833E-04));
#210 = CARTESIAN_POINT('',(0.4,2.055,-9.371469914833E-04));
#211 = CARTESIAN_POINT('',(0.4,1.255,-9.371469914852E-04));
#212 = CARTESIAN_POINT('',(-0.4,1.355,0.199062853009));
#213 = CARTESIAN_POINT('',(-0.4,1.355,5.906285300851E-02));
#214 = CARTESIAN_POINT('',(-0.4,1.255,5.906285300851E-02));
#215 = CARTESIAN_POINT('',(-0.4,1.355,5.906285300851E-02));
#216 = CARTESIAN_POINT('',(-0.4,1.255,-9.371469914852E-04));
#217 = CARTESIAN_POINT('',(-0.4,1.255,5.906285300851E-02));
#218 = CARTESIAN_POINT('',(-0.4,2.055,-9.371469914833E-04));
#219 = CARTESIAN_POINT('',(-0.4,1.255,-9.371469914852E-04));
#220 = CARTESIAN_POINT('',(-0.4,2.055,0.199062853009));
#221 = CARTESIAN_POINT('',(-0.4,2.055,-9.371469914833E-04));
#222 = CARTESIAN_POINT('',(-0.4,1.355,0.199062853009));
#223 = CARTESIAN_POINT('',(-0.4,2.055,0.199062853009));
#224 = CARTESIAN_POINT('',(-0.6,2.055,0.199062853009));
#225 = CARTESIAN_POINT('',(-0.4,2.055,0.199062853009));
#226 = CARTESIAN_POINT('',(-0.6,1.355,0.199062853009));
#227 = CARTESIAN_POINT('',(-0.6,2.055,0.199062853009));
#228 = CARTESIAN_POINT('',(-0.6,1.355,0.199062853009));
#229 = CARTESIAN_POINT('',(-0.4,1.355,0.199062853009));
#230 = CARTESIAN_POINT('',(-0.4,1.355,0.199062853009));
#231 = CARTESIAN_POINT('',(-0.4,2.055,0.199062853009));
#232 = CARTESIAN_POINT('',(-0.6,1.255,-9.371469914852E-04));
#233 = CARTESIAN_POINT('',(-0.6,1.255,5.906285300851E-02));
#234 = CARTESIAN_POINT('',(-0.6,1.255,5.906285300851E-02));
#235 = CARTESIAN_POINT('',(-0.6,1.355,5.906285300851E-02));
#236 = CARTESIAN_POINT('',(-0.6,1.355,5.906285300851E-02));
#237 = CARTESIAN_POINT('',(-0.6,1.355,0.199062853009));
#238 = CARTESIAN_POINT('',(-0.6,1.355,0.199062853009));
#239 = CARTESIAN_POINT('',(-0.6,2.055,0.199062853009));
#240 = CARTESIAN_POINT('',(-0.6,2.055,0.199062853009));
#241 = CARTESIAN_POINT('',(-0.6,2.055,-9.371469914833E-04));
#242 = CARTESIAN_POINT('',(-0.6,2.055,-9.371469914833E-04));
#243 = CARTESIAN_POINT('',(-0.6,1.255,-9.371469914852E-04));
#244 = CARTESIAN_POINT('',(-1.5,0.805,1.459062853009));
#245 = CARTESIAN_POINT('',(-1.5,1.355,1.459062853009));
#246 = CARTESIAN_POINT('',(-1.5,1.355,1.459062853009));
#247 = CARTESIAN_POINT('',(-2.,1.355,1.459062853009));
#248 = CARTESIAN_POINT('',(-2.,1.355,1.459062853009));
#249 = CARTESIAN_POINT('',(-2.,0.805,1.459062853009));
#250 = CARTESIAN_POINT('',(-2.,0.805,1.459062853009));
#251 = CARTESIAN_POINT('',(-1.5,0.805,1.459062853009));
#252 = CARTESIAN_POINT('',(2.,1.355,1.459062853009));
#253 = CARTESIAN_POINT('',(1.5,1.355,1.459062853009));
#254 = CARTESIAN_POINT('',(1.5,1.355,1.459062853009));
#255 = CARTESIAN_POINT('',(1.5,0.805,1.459062853009));
#256 = CARTESIAN_POINT('',(2.,0.805,1.459062853009));
#257 = CARTESIAN_POINT('',(1.5,0.805,1.459062853009));
#258 = CARTESIAN_POINT('',(2.,0.805,1.459062853009));
#259 = CARTESIAN_POINT('',(2.,1.355,1.459062853009));
#260 = CARTESIAN_POINT('',(0.6,1.355,0.199062853009));
#261 = CARTESIAN_POINT('',(0.6,1.355,5.906285300851E-02));
#262 = CARTESIAN_POINT('',(0.6,1.255,5.906285300851E-02));
#263 = CARTESIAN_POINT('',(0.6,1.355,5.906285300851E-02));
#264 = CARTESIAN_POINT('',(0.6,1.255,-9.371469914852E-04));
#265 = CARTESIAN_POINT('',(0.6,1.255,5.906285300851E-02));
#266 = CARTESIAN_POINT('',(0.6,2.055,-9.371469914833E-04));
#267 = CARTESIAN_POINT('',(0.6,1.255,-9.371469914852E-04));
#268 = CARTESIAN_POINT('',(0.6,2.055,0.199062853009));
#269 = CARTESIAN_POINT('',(0.6,2.055,-9.371469914833E-04));
#270 = CARTESIAN_POINT('',(0.6,2.055,0.199062853009));
#271 = CARTESIAN_POINT('',(0.6,1.355,0.199062853009));
#272 = CARTESIAN_POINT('',(1.5,0.805,2.459062853009));
#273 = CARTESIAN_POINT('',(2.,0.805,2.459062853009));
#274 = CARTESIAN_POINT('',(1.5,0.805,2.459062853009));
#275 = CARTESIAN_POINT('',(1.5,0.155,2.459062853009));
#276 = CARTESIAN_POINT('',(1.5,0.155,2.459062853009));
#277 = CARTESIAN_POINT('',(2.,0.155,2.459062853009));
#278 = CARTESIAN_POINT('',(2.,0.155,2.459062853009));
#279 = CARTESIAN_POINT('',(2.,0.805,2.459062853009));
#280 = CARTESIAN_POINT('',(2.,0.805,1.459062853009));
#281 = CARTESIAN_POINT('',(1.5,0.805,1.459062853009));
#282 = CARTESIAN_POINT('',(1.5,0.805,1.459062853009));
#283 = CARTESIAN_POINT('',(1.5,0.805,2.459062853009));
#284 = CARTESIAN_POINT('',(1.5,0.805,2.459062853009));
#285 = CARTESIAN_POINT('',(2.,0.805,2.459062853009));
#286 = CARTESIAN_POINT('',(2.,0.805,2.459062853009));
#287 = CARTESIAN_POINT('',(2.,0.805,1.459062853009));
#288 = CARTESIAN_POINT('',(2.,-2.895,1.259062853009));
#289 = CARTESIAN_POINT('',(1.5,-2.895,1.259062853009));
#290 = CARTESIAN_POINT('',(1.5,-1.395,1.259062853009));
#291 = CARTESIAN_POINT('',(1.5,-2.895,1.259062853009));
#292 = CARTESIAN_POINT('',(1.7,-1.395,1.259062853009));
#293 = CARTESIAN_POINT('',(1.5,-1.395,1.259062853009));
#294 = CARTESIAN_POINT('',(1.7,-1.395,1.259062853009));
#295 = CARTESIAN_POINT('',(1.7,-2.395,1.259062853009));
#296 = CARTESIAN_POINT('',(2.,-2.395,1.259062853009));
#297 = CARTESIAN_POINT('',(1.7,-2.395,1.259062853009));
#298 = CARTESIAN_POINT('',(2.,-2.395,1.259062853009));
#299 = CARTESIAN_POINT('',(2.,-2.895,1.259062853009));
#300 = CARTESIAN_POINT('',(1.7,-2.395,0.609062853009));
#301 = CARTESIAN_POINT('',(1.7,-2.395,1.259062853009));
#302 = CARTESIAN_POINT('',(2.,-2.395,0.609062853009));
#303 = CARTESIAN_POINT('',(1.7,-2.395,0.609062853009));
#304 = CARTESIAN_POINT('',(2.,-2.395,0.609062853009));
#305 = CARTESIAN_POINT('',(2.,-2.395,1.259062853009));
#306 = CARTESIAN_POINT('',(2.,-2.395,1.259062853009));
#307 = CARTESIAN_POINT('',(1.7,-2.395,1.259062853009));
#308 = CARTESIAN_POINT('',(1.7,-1.395,0.609062853009));
#309 = CARTESIAN_POINT('',(1.7,-2.395,0.609062853009));
#310 = CARTESIAN_POINT('',(2.,-1.395,0.609062853009));
#311 = CARTESIAN_POINT('',(1.7,-1.395,0.609062853009));
#312 = CARTESIAN_POINT('',(2.,-1.395,0.609062853009));
#313 = CARTESIAN_POINT('',(2.,-2.395,0.609062853009));
#314 = CARTESIAN_POINT('',(2.,-2.395,0.609062853009));
#315 = CARTESIAN_POINT('',(1.7,-2.395,0.609062853009));
#316 = CARTESIAN_POINT('',(2.,-1.395,0.609062853009));
#317 = CARTESIAN_POINT('',(1.7,-1.395,0.609062853009));
#318 = CARTESIAN_POINT('',(1.7,-1.395,0.609062853009));
#319 = CARTESIAN_POINT('',(1.7,-1.395,1.259062853009));
#320 = CARTESIAN_POINT('',(1.7,-1.395,1.259062853009));
#321 = CARTESIAN_POINT('',(1.5,-1.395,1.259062853009));
#322 = CARTESIAN_POINT('',(1.5,-1.395,1.259062853009));
#323 = CARTESIAN_POINT('',(1.5,-1.395,5.90628530085E-02));
#324 = CARTESIAN_POINT('',(2.,-1.395,5.906285300851E-02));
#325 = CARTESIAN_POINT('',(1.5,-1.395,5.90628530085E-02));
#326 = CARTESIAN_POINT('',(2.,-1.395,5.906285300851E-02));
#327 = CARTESIAN_POINT('',(2.,-1.395,0.609062853009));
#328 = CARTESIAN_POINT('',(0.4,1.255,5.906285300851E-02));
#329 = CARTESIAN_POINT('',(0.4,1.355,5.906285300851E-02));
#330 = CARTESIAN_POINT('',(0.6,1.255,5.906285300851E-02));
#331 = CARTESIAN_POINT('',(0.4,1.255,5.906285300851E-02));
#332 = CARTESIAN_POINT('',(0.6,1.255,5.906285300851E-02));
#333 = CARTESIAN_POINT('',(0.6,1.355,5.906285300851E-02));
#334 = CARTESIAN_POINT('',(2.,1.355,5.906285300851E-02));
#335 = CARTESIAN_POINT('',(0.6,1.355,5.906285300851E-02));
#336 = CARTESIAN_POINT('',(2.,1.355,5.906285300851E-02));
#337 = CARTESIAN_POINT('',(2.,-1.395,5.906285300851E-02));
#338 = CARTESIAN_POINT('',(2.,-1.395,5.906285300851E-02));
#339 = CARTESIAN_POINT('',(1.5,-1.395,5.90628530085E-02));
#340 = CARTESIAN_POINT('',(1.5,-2.895,5.90628530085E-02));
#341 = CARTESIAN_POINT('',(1.5,-1.395,5.90628530085E-02));
#342 = CARTESIAN_POINT('',(1.5,-2.895,5.90628530085E-02));
#343 = CARTESIAN_POINT('',(-1.5,-2.895,5.90628530085E-02));
#344 = CARTESIAN_POINT('',(-1.5,-1.395,5.90628530085E-02));
#345 = CARTESIAN_POINT('',(-1.5,-2.895,5.90628530085E-02));
#346 = CARTESIAN_POINT('',(-2.,-1.395,5.906285300851E-02));
#347 = CARTESIAN_POINT('',(-1.5,-1.395,5.90628530085E-02));
#348 = CARTESIAN_POINT('',(-2.,-1.395,5.906285300851E-02));
#349 = CARTESIAN_POINT('',(-2.,1.355,5.906285300851E-02));
#350 = CARTESIAN_POINT('',(-0.6,1.355,5.906285300851E-02));
#351 = CARTESIAN_POINT('',(-2.,1.355,5.906285300851E-02));
#352 = CARTESIAN_POINT('',(-0.6,1.255,5.906285300851E-02));
#353 = CARTESIAN_POINT('',(-0.6,1.355,5.906285300851E-02));
#354 = CARTESIAN_POINT('',(-0.4,1.255,5.906285300851E-02));
#355 = CARTESIAN_POINT('',(-0.6,1.255,5.906285300851E-02));
#356 = CARTESIAN_POINT('',(-0.4,1.255,5.906285300851E-02));
#357 = CARTESIAN_POINT('',(-0.4,1.355,5.906285300851E-02));
#358 = CARTESIAN_POINT('',(0.4,1.355,5.906285300851E-02));
#359 = CARTESIAN_POINT('',(-0.4,1.355,5.906285300851E-02));
#360 = CARTESIAN_POINT('',(-1.2,0.105,2.559062853009));
#361 = CARTESIAN_POINT('',(-1.2,-2.895,2.559062853009));
#362 = CARTESIAN_POINT('',(1.2,0.105,2.559062853009));
#363 = CARTESIAN_POINT('',(-1.2,0.105,2.559062853009));
#364 = CARTESIAN_POINT('',(1.2,-2.895,2.559062853009));
#365 = CARTESIAN_POINT('',(1.2,0.105,2.559062853009));
#366 = CARTESIAN_POINT('',(1.2,-2.895,2.559062853009));
#367 = CARTESIAN_POINT('',(-1.2,-2.895,2.559062853009));
#368 = CARTESIAN_POINT('',(1.2,0.105,0.459062853009));
#369 = CARTESIAN_POINT('',(1.2,-2.895,0.459062853009));
#370 = CARTESIAN_POINT('',(-1.2,0.105,0.459062853009));
#371 = CARTESIAN_POINT('',(1.2,0.105,0.459062853009));
#372 = CARTESIAN_POINT('',(-1.2,-2.895,0.459062853009));
#373 = CARTESIAN_POINT('',(-1.2,0.105,0.459062853009));
#374 = CARTESIAN_POINT('',(-1.2,-2.895,0.459062853009));
#375 = CARTESIAN_POINT('',(1.2,-2.895,0.459062853009));
#376 = CARTESIAN_POINT('',(-2.,-2.895,1.259062853009));
#377 = CARTESIAN_POINT('',(-2.,-2.395,1.259062853009));
#378 = CARTESIAN_POINT('',(-2.,-2.395,1.259062853009));
#379 = CARTESIAN_POINT('',(-1.7,-2.395,1.259062853009));
#380 = CARTESIAN_POINT('',(-1.7,-1.395,1.259062853009));
#381 = CARTESIAN_POINT('',(-1.7,-2.395,1.259062853009));
#382 = CARTESIAN_POINT('',(-1.5,-1.395,1.259062853009));
#383 = CARTESIAN_POINT('',(-1.7,-1.395,1.259062853009));
#384 = CARTESIAN_POINT('',(-1.5,-1.395,1.259062853009));
#385 = CARTESIAN_POINT('',(-1.5,-2.895,1.259062853009));
#386 = CARTESIAN_POINT('',(-1.5,-2.895,1.259062853009));
#387 = CARTESIAN_POINT('',(-2.,-2.895,1.259062853009));
#388 = CARTESIAN_POINT('',(-2.,-1.395,0.609062853009));
#389 = CARTESIAN_POINT('',(-2.,-1.395,5.906285300851E-02));
#390 = CARTESIAN_POINT('',(-2.,-1.395,5.906285300851E-02));
#391 = CARTESIAN_POINT('',(-1.5,-1.395,5.90628530085E-02));
#392 = CARTESIAN_POINT('',(-1.5,-1.395,5.90628530085E-02));
#393 = CARTESIAN_POINT('',(-1.5,-1.395,1.259062853009));
#394 = CARTESIAN_POINT('',(-1.5,-1.395,1.259062853009));
#395 = CARTESIAN_POINT('',(-1.7,-1.395,1.259062853009));
#396 = CARTESIAN_POINT('',(-1.7,-1.395,1.259062853009));
#397 = CARTESIAN_POINT('',(-1.7,-1.395,0.609062853009));
#398 = CARTESIAN_POINT('',(-1.7,-1.395,0.609062853009));
#399 = CARTESIAN_POINT('',(-2.,-1.395,0.609062853009));
#400 = CARTESIAN_POINT('',(-2.,-2.395,0.609062853009));
#401 = CARTESIAN_POINT('',(-2.,-1.395,0.609062853009));
#402 = CARTESIAN_POINT('',(-1.7,-1.395,0.609062853009));
#403 = CARTESIAN_POINT('',(-2.,-1.395,0.609062853009));
#404 = CARTESIAN_POINT('',(-1.7,-2.395,0.609062853009));
#405 = CARTESIAN_POINT('',(-1.7,-1.395,0.609062853009));
#406 = CARTESIAN_POINT('',(-1.7,-2.395,0.609062853009));
#407 = CARTESIAN_POINT('',(-2.,-2.395,0.609062853009));
#408 = CARTESIAN_POINT('',(-2.,-2.395,1.259062853009));
#409 = CARTESIAN_POINT('',(-2.,-2.395,0.609062853009));
#410 = CARTESIAN_POINT('',(-1.7,-2.395,0.609062853009));
#411 = CARTESIAN_POINT('',(-2.,-2.395,0.609062853009));
#412 = CARTESIAN_POINT('',(-1.7,-2.395,1.259062853009));
#413 = CARTESIAN_POINT('',(-1.7,-2.395,0.609062853009));
#414 = CARTESIAN_POINT('',(-2.,-2.395,1.259062853009));
#415 = CARTESIAN_POINT('',(-1.7,-2.395,1.259062853009));
#416 = CARTESIAN_POINT('',(-1.5,0.155,2.459062853009));
#417 = CARTESIAN_POINT('',(-1.5,0.805,2.459062853009));
#418 = CARTESIAN_POINT('',(-1.5,0.805,2.459062853009));
#419 = CARTESIAN_POINT('',(-2.,0.805,2.459062853009));
#420 = CARTESIAN_POINT('',(-2.,0.805,2.459062853009));
#421 = CARTESIAN_POINT('',(-2.,0.155,2.459062853009));
#422 = CARTESIAN_POINT('',(-1.5,0.155,2.459062853009));
#423 = CARTESIAN_POINT('',(-2.,0.155,2.459062853009));
#424 = CARTESIAN_POINT('',(-1.5,0.805,2.459062853009));
#425 = CARTESIAN_POINT('',(-1.5,0.805,1.459062853009));
#426 = CARTESIAN_POINT('',(-2.,0.805,1.459062853009));
#427 = CARTESIAN_POINT('',(-1.5,0.805,1.459062853009));
#428 = CARTESIAN_POINT('',(-2.,0.805,1.459062853009));
#429 = CARTESIAN_POINT('',(-2.,0.805,2.459062853009));
#430 = CARTESIAN_POINT('',(-1.5,0.805,2.459062853009));
#431 = CARTESIAN_POINT('',(-2.,0.805,2.459062853009));
#432 = CARTESIAN_POINT('',(0.4,2.055,-9.371469914833E-04));
#433 = CARTESIAN_POINT('',(0.6,2.055,-9.371469914833E-04));
#434 = CARTESIAN_POINT('',(0.4,2.055,0.199062853009));
#435 = CARTESIAN_POINT('',(0.4,2.055,-9.371469914833E-04));
#436 = CARTESIAN_POINT('',(0.4,2.055,0.199062853009));
#437 = CARTESIAN_POINT('',(0.6,2.055,0.199062853009));
#438 = CARTESIAN_POINT('',(0.6,2.055,0.199062853009));
#439 = CARTESIAN_POINT('',(0.6,2.055,-9.371469914833E-04));
#440 = CARTESIAN_POINT('',(0.6,1.255,5.906285300851E-02));
#441 = CARTESIAN_POINT('',(0.4,1.255,5.906285300851E-02));
#442 = CARTESIAN_POINT('',(0.4,1.255,-9.371469914852E-04));
#443 = CARTESIAN_POINT('',(0.4,1.255,5.906285300851E-02));
#444 = CARTESIAN_POINT('',(0.6,1.255,-9.371469914852E-04));
#445 = CARTESIAN_POINT('',(0.4,1.255,-9.371469914852E-04));
#446 = CARTESIAN_POINT('',(0.6,1.255,-9.371469914852E-04));
#447 = CARTESIAN_POINT('',(0.6,1.255,5.906285300851E-02));
#448 = CARTESIAN_POINT('',(0.6,1.255,-9.371469914852E-04));
#449 = CARTESIAN_POINT('',(0.4,1.255,-9.371469914852E-04));
#450 = CARTESIAN_POINT('',(0.4,2.055,-9.371469914833E-04));
#451 = CARTESIAN_POINT('',(0.4,1.255,-9.371469914852E-04));
#452 = CARTESIAN_POINT('',(0.4,2.055,-9.371469914833E-04));
#453 = CARTESIAN_POINT('',(0.6,2.055,-9.371469914833E-04));
#454 = CARTESIAN_POINT('',(0.6,2.055,-9.371469914833E-04));
#455 = CARTESIAN_POINT('',(0.6,1.255,-9.371469914852E-04));
#456 = CARTESIAN_POINT('',(-0.4,1.255,5.906285300851E-02));
#457 = CARTESIAN_POINT('',(-0.6,1.255,5.906285300851E-02));
#458 = CARTESIAN_POINT('',(-0.6,1.255,-9.371469914852E-04));
#459 = CARTESIAN_POINT('',(-0.6,1.255,5.906285300851E-02));
#460 = CARTESIAN_POINT('',(-0.4,1.255,-9.371469914852E-04));
#461 = CARTESIAN_POINT('',(-0.6,1.255,-9.371469914852E-04));
#462 = CARTESIAN_POINT('',(-0.4,1.255,-9.371469914852E-04));
#463 = CARTESIAN_POINT('',(-0.4,1.255,5.906285300851E-02));
#464 = CARTESIAN_POINT('',(-0.4,1.255,-9.371469914852E-04));
#465 = CARTESIAN_POINT('',(-0.6,1.255,-9.371469914852E-04));
#466 = CARTESIAN_POINT('',(-0.6,2.055,-9.371469914833E-04));
#467 = CARTESIAN_POINT('',(-0.6,1.255,-9.371469914852E-04));
#468 = CARTESIAN_POINT('',(-0.4,2.055,-9.371469914833E-04));
#469 = CARTESIAN_POINT('',(-0.6,2.055,-9.371469914833E-04));
#470 = CARTESIAN_POINT('',(-0.4,2.055,-9.371469914833E-04));
#471 = CARTESIAN_POINT('',(-0.4,1.255,-9.371469914852E-04));
#472 = CARTESIAN_POINT('',(-0.4,2.055,-9.371469914833E-04));
#473 = CARTESIAN_POINT('',(-0.6,2.055,-9.371469914833E-04));
#474 = CARTESIAN_POINT('',(-0.6,2.055,0.199062853009));
#475 = CARTESIAN_POINT('',(-0.6,2.055,-9.371469914833E-04));
#476 = CARTESIAN_POINT('',(-0.6,2.055,0.199062853009));
#477 = CARTESIAN_POINT('',(-0.4,2.055,0.199062853009));
#478 = CARTESIAN_POINT('',(-0.4,2.055,0.199062853009));
#479 = CARTESIAN_POINT('',(-0.4,2.055,-9.371469914833E-04));
#480 = CARTESIAN_POINT('',(-1.2,-0.495,2.059062853009));
#481 = CARTESIAN_POINT('',(-1.2,-2.895,2.059062853009));
#482 = CARTESIAN_POINT('',(-1.2,-0.495,1.459062853009));
#483 = CARTESIAN_POINT('',(-1.2,-0.495,2.059062853009));
#484 = CARTESIAN_POINT('',(-1.2,-2.895,1.459062853009));
#485 = CARTESIAN_POINT('',(-1.2,-0.495,1.459062853009));
#486 = CARTESIAN_POINT('',(-1.2,-2.895,0.459062853009));
#487 = CARTESIAN_POINT('',(-1.2,-2.895,1.459062853009));
#488 = CARTESIAN_POINT('',(-1.2,-2.895,0.459062853009));
#489 = CARTESIAN_POINT('',(-1.2,0.105,0.459062853009));
#490 = CARTESIAN_POINT('',(-1.2,0.105,2.559062853009));
#491 = CARTESIAN_POINT('',(-1.2,0.105,0.459062853009));
#492 = CARTESIAN_POINT('',(-1.2,0.105,2.559062853009));
#493 = CARTESIAN_POINT('',(-1.2,-2.895,2.559062853009));
#494 = CARTESIAN_POINT('',(-1.2,-2.895,2.059062853009));
#495 = CARTESIAN_POINT('',(-1.2,-2.895,2.559062853009));
#496 = CARTESIAN_POINT('',(-1.2,0.105,2.559062853009));
#497 = CARTESIAN_POINT('',(-1.2,0.105,0.459062853009));
#498 = CARTESIAN_POINT('',(-1.2,0.105,0.459062853009));
#499 = CARTESIAN_POINT('',(1.2,0.105,0.459062853009));
#500 = CARTESIAN_POINT('',(1.2,0.105,0.459062853009));
#501 = CARTESIAN_POINT('',(1.2,0.105,2.559062853009));
#502 = CARTESIAN_POINT('',(1.2,0.105,2.559062853009));
#503 = CARTESIAN_POINT('',(-1.2,0.105,2.559062853009));
#504 = CARTESIAN_POINT('',(-0.4,0.105,2.139062853009));
#505 = CARTESIAN_POINT('',(-0.4,0.105,1.659062853009));
#506 = CARTESIAN_POINT('',(-0.4,0.105,1.659062853009));
#507 = CARTESIAN_POINT('',(-0.6,0.105,1.659062853009));
#508 = CARTESIAN_POINT('',(-0.6,0.105,2.139062853009));
#509 = CARTESIAN_POINT('',(-0.6,0.105,1.659062853009));
#510 = CARTESIAN_POINT('',(-0.6,0.105,2.139062853009));
#511 = CARTESIAN_POINT('',(-0.4,0.105,2.139062853009));
#512 = CARTESIAN_POINT('',(0.6,0.105,2.139062853009));
#513 = CARTESIAN_POINT('',(0.6,0.105,1.659062853009));
#514 = CARTESIAN_POINT('',(0.6,0.105,1.659062853009));
#515 = CARTESIAN_POINT('',(0.4,0.105,1.659062853009));
#516 = CARTESIAN_POINT('',(0.4,0.105,2.139062853009));
#517 = CARTESIAN_POINT('',(0.4,0.105,1.659062853009));
#518 = CARTESIAN_POINT('',(0.4,0.105,2.139062853009));
#519 = CARTESIAN_POINT('',(0.6,0.105,2.139062853009));
#520 = CARTESIAN_POINT('',(1.2,-2.895,2.059062853009));
#521 = CARTESIAN_POINT('',(1.2,-0.495,2.059062853009));
#522 = CARTESIAN_POINT('',(1.2,-2.895,2.559062853009));
#523 = CARTESIAN_POINT('',(1.2,-2.895,2.059062853009));
#524 = CARTESIAN_POINT('',(1.2,-2.895,2.559062853009));
#525 = CARTESIAN_POINT('',(1.2,0.105,2.559062853009));
#526 = CARTESIAN_POINT('',(1.2,0.105,0.459062853009));
#527 = CARTESIAN_POINT('',(1.2,0.105,2.559062853009));
#528 = CARTESIAN_POINT('',(1.2,0.105,0.459062853009));
#529 = CARTESIAN_POINT('',(1.2,-2.895,0.459062853009));
#530 = CARTESIAN_POINT('',(1.2,-2.895,1.459062853009));
#531 = CARTESIAN_POINT('',(1.2,-2.895,0.459062853009));
#532 = CARTESIAN_POINT('',(1.2,-0.495,1.459062853009));
#533 = CARTESIAN_POINT('',(1.2,-2.895,1.459062853009));
#534 = CARTESIAN_POINT('',(1.2,-0.495,2.059062853009));
#535 = CARTESIAN_POINT('',(1.2,-0.495,1.459062853009));
#536 = CARTESIAN_POINT('',(-1.55,-0.495,2.059062853009));
#537 = CARTESIAN_POINT('',(-1.55,-2.895,2.059062853009));
#538 = CARTESIAN_POINT('',(-1.2,-0.495,2.059062853009));
#539 = CARTESIAN_POINT('',(-1.55,-0.495,2.059062853009));
#540 = CARTESIAN_POINT('',(-1.2,-0.495,2.059062853009));
#541 = CARTESIAN_POINT('',(-1.2,-2.895,2.059062853009));
#542 = CARTESIAN_POINT('',(-1.55,-2.895,2.059062853009));
#543 = CARTESIAN_POINT('',(-1.2,-2.895,2.059062853009));
#544 = CARTESIAN_POINT('',(-1.55,-0.495,1.459062853009));
#545 = CARTESIAN_POINT('',(-1.2,-0.495,1.459062853009));
#546 = CARTESIAN_POINT('',(-1.2,-0.495,1.459062853009));
#547 = CARTESIAN_POINT('',(-1.2,-0.495,2.059062853009));
#548 = CARTESIAN_POINT('',(-1.2,-0.495,2.059062853009));
#549 = CARTESIAN_POINT('',(-1.55,-0.495,2.059062853009));
#550 = CARTESIAN_POINT('',(-1.55,-0.495,2.059062853009));
#551 = CARTESIAN_POINT('',(-1.55,-0.495,1.459062853009));
#552 = CARTESIAN_POINT('',(-1.2,-2.895,1.459062853009));
#553 = CARTESIAN_POINT('',(-1.2,-0.495,1.459062853009));
#554 = CARTESIAN_POINT('',(-1.55,-0.495,1.459062853009));
#555 = CARTESIAN_POINT('',(-1.2,-0.495,1.459062853009));
#556 = CARTESIAN_POINT('',(-1.55,-2.895,1.459062853009));
#557 = CARTESIAN_POINT('',(-1.55,-0.495,1.459062853009));
#558 = CARTESIAN_POINT('',(-1.2,-2.895,1.459062853009));
#559 = CARTESIAN_POINT('',(-1.55,-2.895,1.459062853009));
#560 = CARTESIAN_POINT('',(-0.6,-1.645,1.789062853009));
#561 = CARTESIAN_POINT('',(-0.4,-1.645,1.789062853009));
#562 = CARTESIAN_POINT('',(-0.6,0.105,1.659062853009));
#563 = CARTESIAN_POINT('',(-0.6,-1.645,1.789062853009));
#564 = CARTESIAN_POINT('',(-0.4,0.105,1.659062853009));
#565 = CARTESIAN_POINT('',(-0.6,0.105,1.659062853009));
#566 = CARTESIAN_POINT('',(-0.4,-1.645,1.789062853009));
#567 = CARTESIAN_POINT('',(-0.4,0.105,1.659062853009));
#568 = CARTESIAN_POINT('',(0.4,-1.645,1.789062853009));
#569 = CARTESIAN_POINT('',(0.6,-1.645,1.789062853009));
#570 = CARTESIAN_POINT('',(0.4,0.105,1.659062853009));
#571 = CARTESIAN_POINT('',(0.4,-1.645,1.789062853009));
#572 = CARTESIAN_POINT('',(0.6,0.105,1.659062853009));
#573 = CARTESIAN_POINT('',(0.4,0.105,1.659062853009));
#574 = CARTESIAN_POINT('',(0.6,-1.645,1.789062853009));
#575 = CARTESIAN_POINT('',(0.6,0.105,1.659062853009));
#576 = CARTESIAN_POINT('',(1.55,-0.495,1.459062853009));
#577 = CARTESIAN_POINT('',(1.55,-0.495,2.059062853009));
#578 = CARTESIAN_POINT('',(1.55,-0.495,2.059062853009));
#579 = CARTESIAN_POINT('',(1.2,-0.495,2.059062853009));
#580 = CARTESIAN_POINT('',(1.2,-0.495,2.059062853009));
#581 = CARTESIAN_POINT('',(1.2,-0.495,1.459062853009));
#582 = CARTESIAN_POINT('',(1.2,-0.495,1.459062853009));
#583 = CARTESIAN_POINT('',(1.55,-0.495,1.459062853009));
#584 = CARTESIAN_POINT('',(1.2,-2.895,2.059062853009));
#585 = CARTESIAN_POINT('',(1.2,-0.495,2.059062853009));
#586 = CARTESIAN_POINT('',(1.55,-0.495,2.059062853009));
#587 = CARTESIAN_POINT('',(1.2,-0.495,2.059062853009));
#588 = CARTESIAN_POINT('',(1.55,-2.895,2.059062853009));
#589 = CARTESIAN_POINT('',(1.55,-0.495,2.059062853009));
#590 = CARTESIAN_POINT('',(1.2,-2.895,2.059062853009));
#591 = CARTESIAN_POINT('',(1.55,-2.895,2.059062853009));
#592 = CARTESIAN_POINT('',(1.55,-0.495,1.459062853009));
#593 = CARTESIAN_POINT('',(1.55,-2.895,1.459062853009));
#594 = CARTESIAN_POINT('',(1.2,-0.495,1.459062853009));
#595 = CARTESIAN_POINT('',(1.55,-0.495,1.459062853009));
#596 = CARTESIAN_POINT('',(1.2,-0.495,1.459062853009));
#597 = CARTESIAN_POINT('',(1.2,-2.895,1.459062853009));
#598 = CARTESIAN_POINT('',(1.55,-2.895,1.459062853009));
#599 = CARTESIAN_POINT('',(1.2,-2.895,1.459062853009));
#600 = CARTESIAN_POINT('',(-1.55,-2.895,1.459062853009));
#601 = CARTESIAN_POINT('',(-1.55,-0.495,1.459062853009));
#602 = CARTESIAN_POINT('',(-1.55,-0.495,2.059062853009));
#603 = CARTESIAN_POINT('',(-1.55,-0.495,1.459062853009));
#604 = CARTESIAN_POINT('',(-1.55,-0.495,2.059062853009));
#605 = CARTESIAN_POINT('',(-1.55,-2.895,2.059062853009));
#606 = CARTESIAN_POINT('',(-1.55,-2.895,1.459062853009));
#607 = CARTESIAN_POINT('',(-1.55,-2.895,2.059062853009));
#608 = CARTESIAN_POINT('',(-0.4,-1.645,2.139062853009));
#609 = CARTESIAN_POINT('',(-0.4,0.105,2.139062853009));
#610 = CARTESIAN_POINT('',(-0.4,-1.645,1.789062853009));
#611 = CARTESIAN_POINT('',(-0.4,-1.645,2.139062853009));
#612 = CARTESIAN_POINT('',(-0.4,-1.645,1.789062853009));
#613 = CARTESIAN_POINT('',(-0.4,0.105,1.659062853009));
#614 = CARTESIAN_POINT('',(-0.4,0.105,2.139062853009));
#615 = CARTESIAN_POINT('',(-0.4,0.105,1.659062853009));
#616 = CARTESIAN_POINT('',(-0.6,-1.645,2.139062853009));
#617 = CARTESIAN_POINT('',(-0.4,-1.645,2.139062853009));
#618 = CARTESIAN_POINT('',(-0.6,-1.645,1.789062853009));
#619 = CARTESIAN_POINT('',(-0.6,-1.645,2.139062853009));
#620 = CARTESIAN_POINT('',(-0.6,-1.645,1.789062853009));
#621 = CARTESIAN_POINT('',(-0.4,-1.645,1.789062853009));
#622 = CARTESIAN_POINT('',(-0.4,-1.645,1.789062853009));
#623 = CARTESIAN_POINT('',(-0.4,-1.645,2.139062853009));
#624 = CARTESIAN_POINT('',(-0.6,0.105,1.659062853009));
#625 = CARTESIAN_POINT('',(-0.6,-1.645,1.789062853009));
#626 = CARTESIAN_POINT('',(-0.6,-1.645,1.789062853009));
#627 = CARTESIAN_POINT('',(-0.6,-1.645,2.139062853009));
#628 = CARTESIAN_POINT('',(-0.6,-1.645,2.139062853009));
#629 = CARTESIAN_POINT('',(-0.6,0.105,2.139062853009));
#630 = CARTESIAN_POINT('',(-0.6,0.105,2.139062853009));
#631 = CARTESIAN_POINT('',(-0.6,0.105,1.659062853009));
#632 = CARTESIAN_POINT('',(0.6,-1.645,2.139062853009));
#633 = CARTESIAN_POINT('',(0.6,0.105,2.139062853009));
#634 = CARTESIAN_POINT('',(0.6,-1.645,1.789062853009));
#635 = CARTESIAN_POINT('',(0.6,-1.645,2.139062853009));
#636 = CARTESIAN_POINT('',(0.6,-1.645,1.789062853009));
#637 = CARTESIAN_POINT('',(0.6,0.105,1.659062853009));
#638 = CARTESIAN_POINT('',(0.6,0.105,2.139062853009));
#639 = CARTESIAN_POINT('',(0.6,0.105,1.659062853009));
#640 = CARTESIAN_POINT('',(0.4,-1.645,2.139062853009));
#641 = CARTESIAN_POINT('',(0.6,-1.645,2.139062853009));
#642 = CARTESIAN_POINT('',(0.4,-1.645,1.789062853009));
#643 = CARTESIAN_POINT('',(0.4,-1.645,2.139062853009));
#644 = CARTESIAN_POINT('',(0.4,-1.645,1.789062853009));
#645 = CARTESIAN_POINT('',(0.6,-1.645,1.789062853009));
#646 = CARTESIAN_POINT('',(0.6,-1.645,1.789062853009));
#647 = CARTESIAN_POINT('',(0.6,-1.645,2.139062853009));
#648 = CARTESIAN_POINT('',(0.4,0.105,1.659062853009));
#649 = CARTESIAN_POINT('',(0.4,-1.645,1.789062853009));
#650 = CARTESIAN_POINT('',(0.4,-1.645,1.789062853009));
#651 = CARTESIAN_POINT('',(0.4,-1.645,2.139062853009));
#652 = CARTESIAN_POINT('',(0.4,-1.645,2.139062853009));
#653 = CARTESIAN_POINT('',(0.4,0.105,2.139062853009));
#654 = CARTESIAN_POINT('',(0.4,0.105,2.139062853009));
#655 = CARTESIAN_POINT('',(0.4,0.105,1.659062853009));
#656 = CARTESIAN_POINT('',(1.55,-2.895,2.059062853009));
#657 = CARTESIAN_POINT('',(1.55,-0.495,2.059062853009));
#658 = CARTESIAN_POINT('',(1.55,-0.495,1.459062853009));
#659 = CARTESIAN_POINT('',(1.55,-0.495,2.059062853009));
#660 = CARTESIAN_POINT('',(1.55,-0.495,1.459062853009));
#661 = CARTESIAN_POINT('',(1.55,-2.895,1.459062853009));
#662 = CARTESIAN_POINT('',(1.55,-2.895,2.059062853009));
#663 = CARTESIAN_POINT('',(1.55,-2.895,1.459062853009));
#664 = CARTESIAN_POINT('',(-0.6,-1.645,2.139062853009));
#665 = CARTESIAN_POINT('',(-0.6,0.105,2.139062853009));
#666 = CARTESIAN_POINT('',(-0.6,-1.645,2.139062853009));
#667 = CARTESIAN_POINT('',(-0.4,-1.645,2.139062853009));
#668 = CARTESIAN_POINT('',(-0.4,-1.645,2.139062853009));
#669 = CARTESIAN_POINT('',(-0.4,0.105,2.139062853009));
#670 = CARTESIAN_POINT('',(-0.6,0.105,2.139062853009));
#671 = CARTESIAN_POINT('',(-0.4,0.105,2.139062853009));
#672 = CARTESIAN_POINT('',(0.4,-1.645,2.139062853009));
#673 = CARTESIAN_POINT('',(0.4,0.105,2.139062853009));
#674 = CARTESIAN_POINT('',(0.4,-1.645,2.139062853009));
#675 = CARTESIAN_POINT('',(0.6,-1.645,2.139062853009));
#676 = CARTESIAN_POINT('',(0.6,-1.645,2.139062853009));
#677 = CARTESIAN_POINT('',(0.6,0.105,2.139062853009));
#678 = CARTESIAN_POINT('',(0.4,0.105,2.139062853009));
#679 = CARTESIAN_POINT('',(0.6,0.105,2.139062853009));
#680 = CARTESIAN_POINT('',(1.7,-2.395,0.609062853009));
#681 = CARTESIAN_POINT('',(1.7,-2.395,1.259062853009));
#682 = CARTESIAN_POINT('',(1.7,-1.395,1.259062853009));
#683 = CARTESIAN_POINT('',(1.7,-2.395,1.259062853009));
#684 = CARTESIAN_POINT('',(1.7,-1.395,0.609062853009));
#685 = CARTESIAN_POINT('',(1.7,-1.395,1.259062853009));
#686 = CARTESIAN_POINT('',(1.7,-1.395,0.609062853009));
#687 = CARTESIAN_POINT('',(1.7,-2.395,0.609062853009));
#688 = CARTESIAN_POINT('',(1.5,-1.395,1.259062853009));
#689 = CARTESIAN_POINT('',(1.5,-1.395,5.90628530085E-02));
#690 = CARTESIAN_POINT('',(1.5,-1.395,1.259062853009));
#691 = CARTESIAN_POINT('',(1.5,-2.895,1.259062853009));
#692 = CARTESIAN_POINT('',(1.5,-2.895,1.259062853009));
#693 = CARTESIAN_POINT('',(1.5,-2.895,5.90628530085E-02));
#694 = CARTESIAN_POINT('',(1.5,-2.895,5.90628530085E-02));
#695 = CARTESIAN_POINT('',(1.5,-1.395,5.90628530085E-02));
#696 = CARTESIAN_POINT('',(-1.5,-2.895,1.259062853009));
#697 = CARTESIAN_POINT('',(-1.5,-2.895,5.90628530085E-02));
#698 = CARTESIAN_POINT('',(-1.5,-1.395,1.259062853009));
#699 = CARTESIAN_POINT('',(-1.5,-2.895,1.259062853009));
#700 = CARTESIAN_POINT('',(-1.5,-1.395,5.90628530085E-02));
#701 = CARTESIAN_POINT('',(-1.5,-1.395,1.259062853009));
#702 = CARTESIAN_POINT('',(-1.5,-1.395,5.90628530085E-02));
#703 = CARTESIAN_POINT('',(-1.5,-2.895,5.90628530085E-02));
#704 = CARTESIAN_POINT('',(-1.7,-2.395,1.259062853009));
#705 = CARTESIAN_POINT('',(-1.7,-2.395,0.609062853009));
#706 = CARTESIAN_POINT('',(-1.7,-2.395,0.609062853009));
#707 = CARTESIAN_POINT('',(-1.7,-1.395,0.609062853009));
#708 = CARTESIAN_POINT('',(-1.7,-1.395,1.259062853009));
#709 = CARTESIAN_POINT('',(-1.7,-1.395,0.609062853009));
#710 = CARTESIAN_POINT('',(-1.7,-1.395,1.259062853009));
#711 = CARTESIAN_POINT('',(-1.7,-2.395,1.259062853009));
#712 = CARTESIAN_POINT('',(1.5,-1.395,9.062853008501E-03));
#713 = CARTESIAN_POINT('',(1.5,-1.395,1.259062853009));
#714 = CARTESIAN_POINT('',(1.5,-1.395,9.062853008501E-03));
#715 = CARTESIAN_POINT('',(1.5,-2.895,9.062853008501E-03));
#716 = CARTESIAN_POINT('',(1.5,-2.895,1.259062853009));
#717 = CARTESIAN_POINT('',(1.5,-2.895,9.062853008501E-03));
#718 = CARTESIAN_POINT('',(1.5,-1.395,1.259062853009));
#719 = CARTESIAN_POINT('',(1.5,-2.895,1.259062853009));
#720 = CARTESIAN_POINT('',(1.5,-1.395,1.259062853009));
#721 = CARTESIAN_POINT('',(1.7,-1.395,1.259062853009));
#722 = CARTESIAN_POINT('',(1.5,-1.395,1.259062853009));
#723 = CARTESIAN_POINT('',(1.5,-2.895,1.259062853009));
#724 = CARTESIAN_POINT('',(1.7,-2.895,1.259062853009));
#725 = CARTESIAN_POINT('',(1.5,-2.895,1.259062853009));
#726 = CARTESIAN_POINT('',(1.7,-1.395,1.259062853009));
#727 = CARTESIAN_POINT('',(1.7,-2.895,1.259062853009));
#728 = CARTESIAN_POINT('',(1.7,-1.395,1.259062853009));
#729 = CARTESIAN_POINT('',(1.7,-1.395,9.062853008501E-03));
#730 = CARTESIAN_POINT('',(1.7,-1.395,1.259062853009));
#731 = CARTESIAN_POINT('',(1.7,-2.895,1.259062853009));
#732 = CARTESIAN_POINT('',(1.7,-2.895,9.062853008501E-03));
#733 = CARTESIAN_POINT('',(1.7,-2.895,1.259062853009));
#734 = CARTESIAN_POINT('',(1.7,-1.395,9.062853008501E-03));
#735 = CARTESIAN_POINT('',(1.7,-2.895,9.062853008501E-03));
#736 = CARTESIAN_POINT('',(1.7,-1.395,9.062853008501E-03));
#737 = CARTESIAN_POINT('',(1.5,-1.395,9.062853008501E-03));
#738 = CARTESIAN_POINT('',(1.7,-1.395,9.062853008501E-03));
#739 = CARTESIAN_POINT('',(1.7,-2.895,9.062853008501E-03));
#740 = CARTESIAN_POINT('',(1.5,-2.895,9.062853008501E-03));
#741 = CARTESIAN_POINT('',(1.7,-2.895,9.062853008501E-03));
#742 = CARTESIAN_POINT('',(1.5,-1.395,9.062853008501E-03));
#743 = CARTESIAN_POINT('',(1.5,-2.895,9.062853008501E-03));
#744 = CARTESIAN_POINT('',(1.5,-2.895,1.259062853009));
#745 = CARTESIAN_POINT('',(1.5,-2.895,9.062853008501E-03));
#746 = CARTESIAN_POINT('',(1.5,-2.895,9.062853008501E-03));
#747 = CARTESIAN_POINT('',(1.7,-2.895,9.062853008501E-03));
#748 = CARTESIAN_POINT('',(1.7,-2.895,9.062853008501E-03));
#749 = CARTESIAN_POINT('',(1.7,-2.895,1.259062853009));
#750 = CARTESIAN_POINT('',(1.7,-2.895,1.259062853009));
#751 = CARTESIAN_POINT('',(1.5,-2.895,1.259062853009));
#752 = CARTESIAN_POINT('',(1.5,-1.395,9.062853008501E-03));
#753 = CARTESIAN_POINT('',(1.5,-1.395,1.259062853009));
#754 = CARTESIAN_POINT('',(1.5,-1.395,1.259062853009));
#755 = CARTESIAN_POINT('',(1.7,-1.395,1.259062853009));
#756 = CARTESIAN_POINT('',(1.7,-1.395,1.259062853009));
#757 = CARTESIAN_POINT('',(1.7,-1.395,9.062853008501E-03));
#758 = CARTESIAN_POINT('',(1.7,-1.395,9.062853008501E-03));
#759 = CARTESIAN_POINT('',(1.5,-1.395,9.062853008501E-03));
#760 = CARTESIAN_POINT('',(-1.5,-1.395,1.259062853009));
#761 = CARTESIAN_POINT('',(-1.5,-1.395,9.062853008502E-03));
#762 = CARTESIAN_POINT('',(-1.5,-1.395,1.259062853009));
#763 = CARTESIAN_POINT('',(-1.5,-2.895,1.259062853009));
#764 = CARTESIAN_POINT('',(-1.5,-2.895,9.062853008502E-03));
#765 = CARTESIAN_POINT('',(-1.5,-2.895,1.259062853009));
#766 = CARTESIAN_POINT('',(-1.5,-1.395,9.062853008502E-03));
#767 = CARTESIAN_POINT('',(-1.5,-2.895,9.062853008502E-03));
#768 = CARTESIAN_POINT('',(-1.5,-1.395,9.062853008502E-03));
#769 = CARTESIAN_POINT('',(-1.7,-1.395,9.062853008502E-03));
#770 = CARTESIAN_POINT('',(-1.5,-1.395,9.062853008502E-03));
#771 = CARTESIAN_POINT('',(-1.5,-2.895,9.062853008502E-03));
#772 = CARTESIAN_POINT('',(-1.7,-2.895,9.062853008502E-03));
#773 = CARTESIAN_POINT('',(-1.5,-2.895,9.062853008502E-03));
#774 = CARTESIAN_POINT('',(-1.7,-1.395,9.062853008502E-03));
#775 = CARTESIAN_POINT('',(-1.7,-2.895,9.062853008502E-03));
#776 = CARTESIAN_POINT('',(-1.7,-1.395,9.062853008502E-03));
#777 = CARTESIAN_POINT('',(-1.7,-1.395,1.259062853009));
#778 = CARTESIAN_POINT('',(-1.7,-1.395,9.062853008502E-03));
#779 = CARTESIAN_POINT('',(-1.7,-2.895,9.062853008502E-03));
#780 = CARTESIAN_POINT('',(-1.7,-2.895,1.259062853009));
#781 = CARTESIAN_POINT('',(-1.7,-2.895,9.062853008502E-03));
#782 = CARTESIAN_POINT('',(-1.7,-1.395,1.259062853009));
#783 = CARTESIAN_POINT('',(-1.7,-2.895,1.259062853009));
#784 = CARTESIAN_POINT('',(-1.7,-1.395,1.259062853009));
#785 = CARTESIAN_POINT('',(-1.5,-1.395,1.259062853009));
#786 = CARTESIAN_POINT('',(-1.7,-1.395,1.259062853009));
#787 = CARTESIAN_POINT('',(-1.7,-2.895,1.259062853009));
#788 = CARTESIAN_POINT('',(-1.5,-2.895,1.259062853009));
#789 = CARTESIAN_POINT('',(-1.7,-2.895,1.259062853009));
#790 = CARTESIAN_POINT('',(-1.5,-1.395,1.259062853009));
#791 = CARTESIAN_POINT('',(-1.5,-2.895,1.259062853009));
#792 = CARTESIAN_POINT('',(-1.5,-2.895,9.062853008502E-03));
#793 = CARTESIAN_POINT('',(-1.5,-2.895,1.259062853009));
#794 = CARTESIAN_POINT('',(-1.5,-2.895,1.259062853009));
#795 = CARTESIAN_POINT('',(-1.7,-2.895,1.259062853009));
#796 = CARTESIAN_POINT('',(-1.7,-2.895,1.259062853009));
#797 = CARTESIAN_POINT('',(-1.7,-2.895,9.062853008502E-03));
#798 = CARTESIAN_POINT('',(-1.7,-2.895,9.062853008502E-03));
#799 = CARTESIAN_POINT('',(-1.5,-2.895,9.062853008502E-03));
#800 = CARTESIAN_POINT('',(-1.5,-1.395,1.259062853009));
#801 = CARTESIAN_POINT('',(-1.5,-1.395,9.062853008502E-03));
#802 = CARTESIAN_POINT('',(-1.5,-1.395,9.062853008502E-03));
#803 = CARTESIAN_POINT('',(-1.7,-1.395,9.062853008502E-03));
#804 = CARTESIAN_POINT('',(-1.7,-1.395,9.062853008502E-03));
#805 = CARTESIAN_POINT('',(-1.7,-1.395,1.259062853009));
#806 = CARTESIAN_POINT('',(-1.7,-1.395,1.259062853009));
#807 = CARTESIAN_POINT('',(-1.5,-1.395,1.259062853009));
#808 = MANIFOLD_SOLID_BREP('',#809);
#809 = CLOSED_SHELL('',(#810,#882,#1009,#1049,#1073,#1152,#1306,#1385,
    #1409,#1442,#1473,#1513,#1560,#1584,#1624,#1641,#1658,#1698,#1715,
    #1727,#1767,#1791,#1815,#1846,#1897,#1928,#1959,#1999,#2030,#2054,
    #2071,#2088,#2100,#2117,#2134,#2146,#2163,#2180,#2192,#2232,#2317,
    #2352,#2376,#2400,#2417,#2448,#2479,#2510,#2527,#2544,#2556,#2580,
    #2604,#2621,#2645,#2669,#2686,#2698,#2710,#2722,#2734,#2746,#2758));
#810 = ADVANCED_FACE('',(#811),#877,.T.);
#811 = FACE_BOUND('',#812,.T.);
#812 = EDGE_LOOP('',(#813,#823,#831,#839,#847,#855,#863,#871));
#813 = ORIENTED_EDGE('',*,*,#814,.T.);
#814 = EDGE_CURVE('',#815,#817,#819,.T.);
#815 = VERTEX_POINT('',#816);
#816 = CARTESIAN_POINT('',(1.5,-0.133675134595,2.959062853009));
#817 = VERTEX_POINT('',#818);
#818 = CARTESIAN_POINT('',(1.5,1.355,2.959062853009));
#819 = LINE('',#820,#821);
#820 = CARTESIAN_POINT('',(1.5,-2.895,2.959062853009));
#821 = VECTOR('',#822,1.);
#822 = DIRECTION('',(0.,1.,3.269438756184E-15));
#823 = ORIENTED_EDGE('',*,*,#824,.T.);
#824 = EDGE_CURVE('',#817,#825,#827,.T.);
#825 = VERTEX_POINT('',#826);
#826 = CARTESIAN_POINT('',(-1.5,1.355,2.959062853009));
#827 = LINE('',#828,#829);
#828 = CARTESIAN_POINT('',(-2.,1.355,2.959062853009));
#829 = VECTOR('',#830,1.);
#830 = DIRECTION('',(-1.,-7.971189900216E-44,2.438091212181E-29));
#831 = ORIENTED_EDGE('',*,*,#832,.T.);
#832 = EDGE_CURVE('',#825,#833,#835,.T.);
#833 = VERTEX_POINT('',#834);
#834 = CARTESIAN_POINT('',(-1.5,-0.133675134595,2.959062853009));
#835 = LINE('',#836,#837);
#836 = CARTESIAN_POINT('',(-1.5,-2.895,2.959062853009));
#837 = VECTOR('',#838,1.);
#838 = DIRECTION('',(0.,-1.,-3.269438756184E-15));
#839 = ORIENTED_EDGE('',*,*,#840,.T.);
#840 = EDGE_CURVE('',#833,#841,#843,.T.);
#841 = VERTEX_POINT('',#842);
#842 = CARTESIAN_POINT('',(-2.,-0.133675134595,2.959062853009));
#843 = LINE('',#844,#845);
#844 = CARTESIAN_POINT('',(-2.,-0.133675134595,2.959062853009));
#845 = VECTOR('',#846,1.);
#846 = DIRECTION('',(-1.,-7.971189900216E-44,2.438091212181E-29));
#847 = ORIENTED_EDGE('',*,*,#848,.T.);
#848 = EDGE_CURVE('',#841,#849,#851,.T.);
#849 = VERTEX_POINT('',#850);
#850 = CARTESIAN_POINT('',(-2.,-2.895,2.959062853009));
#851 = LINE('',#852,#853);
#852 = CARTESIAN_POINT('',(-2.,-2.895,2.959062853009));
#853 = VECTOR('',#854,1.);
#854 = DIRECTION('',(0.,-1.,-3.269438756184E-15));
#855 = ORIENTED_EDGE('',*,*,#856,.T.);
#856 = EDGE_CURVE('',#849,#857,#859,.T.);
#857 = VERTEX_POINT('',#858);
#858 = CARTESIAN_POINT('',(2.,-2.895,2.959062853009));
#859 = LINE('',#860,#861);
#860 = CARTESIAN_POINT('',(-2.,-2.895,2.959062853009));
#861 = VECTOR('',#862,1.);
#862 = DIRECTION('',(1.,7.971189900216E-44,-2.438091212181E-29));
#863 = ORIENTED_EDGE('',*,*,#864,.T.);
#864 = EDGE_CURVE('',#857,#865,#867,.T.);
#865 = VERTEX_POINT('',#866);
#866 = CARTESIAN_POINT('',(2.,-0.133675134595,2.959062853009));
#867 = LINE('',#868,#869);
#868 = CARTESIAN_POINT('',(2.,-2.895,2.959062853009));
#869 = VECTOR('',#870,1.);
#870 = DIRECTION('',(0.,1.,3.269438756184E-15));
#871 = ORIENTED_EDGE('',*,*,#872,.T.);
#872 = EDGE_CURVE('',#865,#815,#873,.T.);
#873 = LINE('',#874,#875);
#874 = CARTESIAN_POINT('',(-2.,-0.133675134595,2.959062853009));
#875 = VECTOR('',#876,1.);
#876 = DIRECTION('',(-1.,-7.971189900216E-44,2.438091212181E-29));
#877 = PLANE('',#878);
#878 = AXIS2_PLACEMENT_3D('',#879,#880,#881);
#879 = CARTESIAN_POINT('',(-2.,-2.895,2.959062853009));
#880 = DIRECTION('',(2.438091212181E-29,-3.269438756184E-15,1.));
#881 = DIRECTION('',(0.,-1.,-3.269438756184E-15));
#882 = ADVANCED_FACE('',(#883),#1004,.F.);
#883 = FACE_BOUND('',#884,.T.);
#884 = EDGE_LOOP('',(#885,#895,#903,#911,#919,#927,#935,#943,#951,#957,
    #958,#966,#974,#982,#990,#998));
#885 = ORIENTED_EDGE('',*,*,#886,.F.);
#886 = EDGE_CURVE('',#887,#889,#891,.T.);
#887 = VERTEX_POINT('',#888);
#888 = CARTESIAN_POINT('',(0.4,1.355,5.906285300851E-02));
#889 = VERTEX_POINT('',#890);
#890 = CARTESIAN_POINT('',(0.4,1.355,0.199062853009));
#891 = LINE('',#892,#893);
#892 = CARTESIAN_POINT('',(0.4,1.355,2.959062853009));
#893 = VECTOR('',#894,1.);
#894 = DIRECTION('',(2.480848139264E-29,-3.269438756184E-15,1.));
#895 = ORIENTED_EDGE('',*,*,#896,.T.);
#896 = EDGE_CURVE('',#887,#897,#899,.T.);
#897 = VERTEX_POINT('',#898);
#898 = CARTESIAN_POINT('',(-0.4,1.355,5.906285300851E-02));
#899 = LINE('',#900,#901);
#900 = CARTESIAN_POINT('',(-2.,1.355,5.906285300851E-02));
#901 = VECTOR('',#902,1.);
#902 = DIRECTION('',(-1.,-7.971189900216E-44,2.438091212181E-29));
#903 = ORIENTED_EDGE('',*,*,#904,.F.);
#904 = EDGE_CURVE('',#905,#897,#907,.T.);
#905 = VERTEX_POINT('',#906);
#906 = CARTESIAN_POINT('',(-0.4,1.355,0.199062853009));
#907 = LINE('',#908,#909);
#908 = CARTESIAN_POINT('',(-0.4,1.355,2.959062853009));
#909 = VECTOR('',#910,1.);
#910 = DIRECTION('',(-2.480848139264E-29,3.269438756184E-15,-1.));
#911 = ORIENTED_EDGE('',*,*,#912,.F.);
#912 = EDGE_CURVE('',#913,#905,#915,.T.);
#913 = VERTEX_POINT('',#914);
#914 = CARTESIAN_POINT('',(-0.6,1.355,0.199062853009));
#915 = LINE('',#916,#917);
#916 = CARTESIAN_POINT('',(2.,1.355,0.199062853009));
#917 = VECTOR('',#918,1.);
#918 = DIRECTION('',(1.,7.105427357601E-15,-1.577721810442E-30));
#919 = ORIENTED_EDGE('',*,*,#920,.F.);
#920 = EDGE_CURVE('',#921,#913,#923,.T.);
#921 = VERTEX_POINT('',#922);
#922 = CARTESIAN_POINT('',(-0.6,1.355,5.906285300851E-02));
#923 = LINE('',#924,#925);
#924 = CARTESIAN_POINT('',(-0.6,1.355,2.959062853009));
#925 = VECTOR('',#926,1.);
#926 = DIRECTION('',(2.480848139264E-29,-3.269438756184E-15,1.));
#927 = ORIENTED_EDGE('',*,*,#928,.T.);
#928 = EDGE_CURVE('',#921,#929,#931,.T.);
#929 = VERTEX_POINT('',#930);
#930 = CARTESIAN_POINT('',(-2.,1.355,5.906285300851E-02));
#931 = LINE('',#932,#933);
#932 = CARTESIAN_POINT('',(-2.,1.355,5.906285300851E-02));
#933 = VECTOR('',#934,1.);
#934 = DIRECTION('',(-1.,-7.971189900216E-44,2.438091212181E-29));
#935 = ORIENTED_EDGE('',*,*,#936,.F.);
#936 = EDGE_CURVE('',#937,#929,#939,.T.);
#937 = VERTEX_POINT('',#938);
#938 = CARTESIAN_POINT('',(-2.,1.355,1.459062853009));
#939 = LINE('',#940,#941);
#940 = CARTESIAN_POINT('',(-2.,1.355,2.959062853009));
#941 = VECTOR('',#942,1.);
#942 = DIRECTION('',(-2.480848139264E-29,3.269438756184E-15,-1.));
#943 = ORIENTED_EDGE('',*,*,#944,.F.);
#944 = EDGE_CURVE('',#945,#937,#947,.T.);
#945 = VERTEX_POINT('',#946);
#946 = CARTESIAN_POINT('',(-1.5,1.355,1.459062853009));
#947 = LINE('',#948,#949);
#948 = CARTESIAN_POINT('',(2.,1.355,1.459062853009));
#949 = VECTOR('',#950,1.);
#950 = DIRECTION('',(-1.,-7.105427357601E-15,1.577721810442E-30));
#951 = ORIENTED_EDGE('',*,*,#952,.F.);
#952 = EDGE_CURVE('',#825,#945,#953,.T.);
#953 = LINE('',#954,#955);
#954 = CARTESIAN_POINT('',(-1.5,1.355,2.959062853009));
#955 = VECTOR('',#956,1.);
#956 = DIRECTION('',(-2.480848139264E-29,3.269438756184E-15,-1.));
#957 = ORIENTED_EDGE('',*,*,#824,.F.);
#958 = ORIENTED_EDGE('',*,*,#959,.F.);
#959 = EDGE_CURVE('',#960,#817,#962,.T.);
#960 = VERTEX_POINT('',#961);
#961 = CARTESIAN_POINT('',(1.5,1.355,1.459062853009));
#962 = LINE('',#963,#964);
#963 = CARTESIAN_POINT('',(1.5,1.355,2.959062853009));
#964 = VECTOR('',#965,1.);
#965 = DIRECTION('',(2.480848139264E-29,-3.269438756184E-15,1.));
#966 = ORIENTED_EDGE('',*,*,#967,.F.);
#967 = EDGE_CURVE('',#968,#960,#970,.T.);
#968 = VERTEX_POINT('',#969);
#969 = CARTESIAN_POINT('',(2.,1.355,1.459062853009));
#970 = LINE('',#971,#972);
#971 = CARTESIAN_POINT('',(2.,1.355,1.459062853009));
#972 = VECTOR('',#973,1.);
#973 = DIRECTION('',(-1.,-7.105427357601E-15,1.577721810442E-30));
#974 = ORIENTED_EDGE('',*,*,#975,.F.);
#975 = EDGE_CURVE('',#976,#968,#978,.T.);
#976 = VERTEX_POINT('',#977);
#977 = CARTESIAN_POINT('',(2.,1.355,5.906285300851E-02));
#978 = LINE('',#979,#980);
#979 = CARTESIAN_POINT('',(2.,1.355,2.959062853009));
#980 = VECTOR('',#981,1.);
#981 = DIRECTION('',(2.480848139264E-29,-3.269438756184E-15,1.));
#982 = ORIENTED_EDGE('',*,*,#983,.T.);
#983 = EDGE_CURVE('',#976,#984,#986,.T.);
#984 = VERTEX_POINT('',#985);
#985 = CARTESIAN_POINT('',(0.6,1.355,5.906285300851E-02));
#986 = LINE('',#987,#988);
#987 = CARTESIAN_POINT('',(-2.,1.355,5.906285300851E-02));
#988 = VECTOR('',#989,1.);
#989 = DIRECTION('',(-1.,-7.971189900216E-44,2.438091212181E-29));
#990 = ORIENTED_EDGE('',*,*,#991,.F.);
#991 = EDGE_CURVE('',#992,#984,#994,.T.);
#992 = VERTEX_POINT('',#993);
#993 = CARTESIAN_POINT('',(0.6,1.355,0.199062853009));
#994 = LINE('',#995,#996);
#995 = CARTESIAN_POINT('',(0.6,1.355,2.959062853009));
#996 = VECTOR('',#997,1.);
#997 = DIRECTION('',(-2.480848139264E-29,3.269438756184E-15,-1.));
#998 = ORIENTED_EDGE('',*,*,#999,.F.);
#999 = EDGE_CURVE('',#889,#992,#1000,.T.);
#1000 = LINE('',#1001,#1002);
#1001 = CARTESIAN_POINT('',(2.,1.355,0.199062853009));
#1002 = VECTOR('',#1003,1.);
#1003 = DIRECTION('',(1.,7.105427357601E-15,-1.577721810442E-30));
#1004 = PLANE('',#1005);
#1005 = AXIS2_PLACEMENT_3D('',#1006,#1007,#1008);
#1006 = CARTESIAN_POINT('',(2.,1.355,2.959062853009));
#1007 = DIRECTION('',(7.105427357601E-15,-1.,-3.269438756184E-15));
#1008 = DIRECTION('',(1.,7.105427357601E-15,-1.577721810442E-30));
#1009 = ADVANCED_FACE('',(#1010),#1044,.F.);
#1010 = FACE_BOUND('',#1011,.T.);
#1011 = EDGE_LOOP('',(#1012,#1022,#1028,#1029,#1030,#1038));
#1012 = ORIENTED_EDGE('',*,*,#1013,.F.);
#1013 = EDGE_CURVE('',#1014,#1016,#1018,.T.);
#1014 = VERTEX_POINT('',#1015);
#1015 = CARTESIAN_POINT('',(1.5,0.805,1.459062853009));
#1016 = VERTEX_POINT('',#1017);
#1017 = CARTESIAN_POINT('',(1.5,0.805,2.459062853009));
#1018 = LINE('',#1019,#1020);
#1019 = CARTESIAN_POINT('',(1.5,0.805,2.459062853009));
#1020 = VECTOR('',#1021,1.);
#1021 = DIRECTION('',(-5.605193857299E-45,2.22044604925E-16,1.));
#1022 = ORIENTED_EDGE('',*,*,#1023,.F.);
#1023 = EDGE_CURVE('',#960,#1014,#1024,.T.);
#1024 = LINE('',#1025,#1026);
#1025 = CARTESIAN_POINT('',(1.5,1.355,1.459062853009));
#1026 = VECTOR('',#1027,1.);
#1027 = DIRECTION('',(6.982966722219E-15,-1.,2.22044604925E-16));
#1028 = ORIENTED_EDGE('',*,*,#959,.T.);
#1029 = ORIENTED_EDGE('',*,*,#814,.F.);
#1030 = ORIENTED_EDGE('',*,*,#1031,.F.);
#1031 = EDGE_CURVE('',#1032,#815,#1034,.T.);
#1032 = VERTEX_POINT('',#1033);
#1033 = CARTESIAN_POINT('',(1.5,0.155,2.459062853009));
#1034 = LINE('',#1035,#1036);
#1035 = CARTESIAN_POINT('',(1.5,0.155,2.459062853009));
#1036 = VECTOR('',#1037,1.);
#1037 = DIRECTION('',(3.380207847159E-15,-0.5,0.866025403784));
#1038 = ORIENTED_EDGE('',*,*,#1039,.F.);
#1039 = EDGE_CURVE('',#1016,#1032,#1040,.T.);
#1040 = LINE('',#1041,#1042);
#1041 = CARTESIAN_POINT('',(1.5,1.355,2.459062853009));
#1042 = VECTOR('',#1043,1.);
#1043 = DIRECTION('',(6.982966722219E-15,-1.,2.22044604925E-16));
#1044 = PLANE('',#1045);
#1045 = AXIS2_PLACEMENT_3D('',#1046,#1047,#1048);
#1046 = CARTESIAN_POINT('',(1.5,1.355,2.459062853009));
#1047 = DIRECTION('',(-1.,-6.982966722219E-15,1.55053008704E-30));
#1048 = DIRECTION('',(6.982966722219E-15,-1.,2.22044604925E-16));
#1049 = ADVANCED_FACE('',(#1050),#1068,.F.);
#1050 = FACE_BOUND('',#1051,.T.);
#1051 = EDGE_LOOP('',(#1052,#1060,#1061,#1062));
#1052 = ORIENTED_EDGE('',*,*,#1053,.F.);
#1053 = EDGE_CURVE('',#1032,#1054,#1056,.T.);
#1054 = VERTEX_POINT('',#1055);
#1055 = CARTESIAN_POINT('',(2.,0.155,2.459062853009));
#1056 = LINE('',#1057,#1058);
#1057 = CARTESIAN_POINT('',(1.5,0.155,2.459062853009));
#1058 = VECTOR('',#1059,1.);
#1059 = DIRECTION('',(1.,5.237225041664E-15,3.023713287611E-15));
#1060 = ORIENTED_EDGE('',*,*,#1031,.T.);
#1061 = ORIENTED_EDGE('',*,*,#872,.F.);
#1062 = ORIENTED_EDGE('',*,*,#1063,.F.);
#1063 = EDGE_CURVE('',#1054,#865,#1064,.T.);
#1064 = LINE('',#1065,#1066);
#1065 = CARTESIAN_POINT('',(2.,0.155,2.459062853009));
#1066 = VECTOR('',#1067,1.);
#1067 = DIRECTION('',(0.,-0.5,0.866025403784));
#1068 = PLANE('',#1069);
#1069 = AXIS2_PLACEMENT_3D('',#1070,#1071,#1072);
#1070 = CARTESIAN_POINT('',(1.5,0.155,2.459062853009));
#1071 = DIRECTION('',(6.047426575223E-15,-0.866025403784,-0.5));
#1072 = DIRECTION('',(-8.504936727069E-32,0.5,-0.866025403784));
#1073 = ADVANCED_FACE('',(#1074),#1147,.F.);
#1074 = FACE_BOUND('',#1075,.T.);
#1075 = EDGE_LOOP('',(#1076,#1077,#1078,#1086,#1094,#1102,#1110,#1118,
    #1124,#1125,#1133,#1141));
#1076 = ORIENTED_EDGE('',*,*,#1063,.T.);
#1077 = ORIENTED_EDGE('',*,*,#864,.F.);
#1078 = ORIENTED_EDGE('',*,*,#1079,.F.);
#1079 = EDGE_CURVE('',#1080,#857,#1082,.T.);
#1080 = VERTEX_POINT('',#1081);
#1081 = CARTESIAN_POINT('',(2.,-2.895,1.259062853009));
#1082 = LINE('',#1083,#1084);
#1083 = CARTESIAN_POINT('',(2.,-2.895,2.959062853009));
#1084 = VECTOR('',#1085,1.);
#1085 = DIRECTION('',(-5.605193857299E-45,2.22044604925E-16,1.));
#1086 = ORIENTED_EDGE('',*,*,#1087,.F.);
#1087 = EDGE_CURVE('',#1088,#1080,#1090,.T.);
#1088 = VERTEX_POINT('',#1089);
#1089 = CARTESIAN_POINT('',(2.,-2.395,1.259062853009));
#1090 = LINE('',#1091,#1092);
#1091 = CARTESIAN_POINT('',(2.,1.355,1.259062853009));
#1092 = VECTOR('',#1093,1.);
#1093 = DIRECTION('',(6.982966722219E-15,-1.,2.22044604925E-16));
#1094 = ORIENTED_EDGE('',*,*,#1095,.F.);
#1095 = EDGE_CURVE('',#1096,#1088,#1098,.T.);
#1096 = VERTEX_POINT('',#1097);
#1097 = CARTESIAN_POINT('',(2.,-2.395,0.609062853009));
#1098 = LINE('',#1099,#1100);
#1099 = CARTESIAN_POINT('',(2.,-2.395,2.959062853009));
#1100 = VECTOR('',#1101,1.);
#1101 = DIRECTION('',(-5.605193857299E-45,2.22044604925E-16,1.));
#1102 = ORIENTED_EDGE('',*,*,#1103,.F.);
#1103 = EDGE_CURVE('',#1104,#1096,#1106,.T.);
#1104 = VERTEX_POINT('',#1105);
#1105 = CARTESIAN_POINT('',(2.,-1.395,0.609062853009));
#1106 = LINE('',#1107,#1108);
#1107 = CARTESIAN_POINT('',(2.,1.355,0.609062853009));
#1108 = VECTOR('',#1109,1.);
#1109 = DIRECTION('',(6.982966722219E-15,-1.,2.22044604925E-16));
#1110 = ORIENTED_EDGE('',*,*,#1111,.F.);
#1111 = EDGE_CURVE('',#1112,#1104,#1114,.T.);
#1112 = VERTEX_POINT('',#1113);
#1113 = CARTESIAN_POINT('',(2.,-1.395,5.906285300851E-02));
#1114 = LINE('',#1115,#1116);
#1115 = CARTESIAN_POINT('',(2.,-1.395,2.959062853009));
#1116 = VECTOR('',#1117,1.);
#1117 = DIRECTION('',(-5.605193857299E-45,2.22044604925E-16,1.));
#1118 = ORIENTED_EDGE('',*,*,#1119,.F.);
#1119 = EDGE_CURVE('',#976,#1112,#1120,.T.);
#1120 = LINE('',#1121,#1122);
#1121 = CARTESIAN_POINT('',(2.,1.355,5.906285300851E-02));
#1122 = VECTOR('',#1123,1.);
#1123 = DIRECTION('',(6.982966722219E-15,-1.,2.22044604925E-16));
#1124 = ORIENTED_EDGE('',*,*,#975,.T.);
#1125 = ORIENTED_EDGE('',*,*,#1126,.F.);
#1126 = EDGE_CURVE('',#1127,#968,#1129,.T.);
#1127 = VERTEX_POINT('',#1128);
#1128 = CARTESIAN_POINT('',(2.,0.805,1.459062853009));
#1129 = LINE('',#1130,#1131);
#1130 = CARTESIAN_POINT('',(2.,1.355,1.459062853009));
#1131 = VECTOR('',#1132,1.);
#1132 = DIRECTION('',(-6.982966722219E-15,1.,-2.22044604925E-16));
#1133 = ORIENTED_EDGE('',*,*,#1134,.F.);
#1134 = EDGE_CURVE('',#1135,#1127,#1137,.T.);
#1135 = VERTEX_POINT('',#1136);
#1136 = CARTESIAN_POINT('',(2.,0.805,2.459062853009));
#1137 = LINE('',#1138,#1139);
#1138 = CARTESIAN_POINT('',(2.,0.805,2.959062853009));
#1139 = VECTOR('',#1140,1.);
#1140 = DIRECTION('',(5.605193857299E-45,-2.22044604925E-16,-1.));
#1141 = ORIENTED_EDGE('',*,*,#1142,.F.);
#1142 = EDGE_CURVE('',#1054,#1135,#1143,.T.);
#1143 = LINE('',#1144,#1145);
#1144 = CARTESIAN_POINT('',(2.,1.355,2.459062853009));
#1145 = VECTOR('',#1146,1.);
#1146 = DIRECTION('',(-6.982966722219E-15,1.,-2.22044604925E-16));
#1147 = PLANE('',#1148);
#1148 = AXIS2_PLACEMENT_3D('',#1149,#1150,#1151);
#1149 = CARTESIAN_POINT('',(2.,1.355,2.959062853009));
#1150 = DIRECTION('',(-1.,-6.982966722219E-15,1.55053008704E-30));
#1151 = DIRECTION('',(6.982966722219E-15,-1.,2.22044604925E-16));
#1152 = ADVANCED_FACE('',(#1153,#1251),#1301,.F.);
#1153 = FACE_BOUND('',#1154,.T.);
#1154 = EDGE_LOOP('',(#1155,#1165,#1173,#1181,#1189,#1197,#1205,#1213,
    #1221,#1229,#1237,#1245));
#1155 = ORIENTED_EDGE('',*,*,#1156,.T.);
#1156 = EDGE_CURVE('',#1157,#1159,#1161,.T.);
#1157 = VERTEX_POINT('',#1158);
#1158 = CARTESIAN_POINT('',(-1.55,-2.895,2.059062853009));
#1159 = VERTEX_POINT('',#1160);
#1160 = CARTESIAN_POINT('',(-1.2,-2.895,2.059062853009));
#1161 = LINE('',#1162,#1163);
#1162 = CARTESIAN_POINT('',(-1.2,-2.895,2.059062853009));
#1163 = VECTOR('',#1164,1.);
#1164 = DIRECTION('',(1.,7.971189900216E-44,-2.438091212181E-29));
#1165 = ORIENTED_EDGE('',*,*,#1166,.T.);
#1166 = EDGE_CURVE('',#1159,#1167,#1169,.T.);
#1167 = VERTEX_POINT('',#1168);
#1168 = CARTESIAN_POINT('',(-1.2,-2.895,2.559062853009));
#1169 = LINE('',#1170,#1171);
#1170 = CARTESIAN_POINT('',(-1.2,-2.895,2.559062853009));
#1171 = VECTOR('',#1172,1.);
#1172 = DIRECTION('',(-3.562798913235E-31,2.22044604925E-16,1.));
#1173 = ORIENTED_EDGE('',*,*,#1174,.F.);
#1174 = EDGE_CURVE('',#1175,#1167,#1177,.T.);
#1175 = VERTEX_POINT('',#1176);
#1176 = CARTESIAN_POINT('',(1.2,-2.895,2.559062853009));
#1177 = LINE('',#1178,#1179);
#1178 = CARTESIAN_POINT('',(-2.,-2.895,2.559062853009));
#1179 = VECTOR('',#1180,1.);
#1180 = DIRECTION('',(-1.,-7.199807156716E-15,1.598678335649E-30));
#1181 = ORIENTED_EDGE('',*,*,#1182,.T.);
#1182 = EDGE_CURVE('',#1175,#1183,#1185,.T.);
#1183 = VERTEX_POINT('',#1184);
#1184 = CARTESIAN_POINT('',(1.2,-2.895,2.059062853009));
#1185 = LINE('',#1186,#1187);
#1186 = CARTESIAN_POINT('',(1.2,-2.895,2.559062853009));
#1187 = VECTOR('',#1188,1.);
#1188 = DIRECTION('',(2.06514699521E-16,-2.22044604925E-16,-1.));
#1189 = ORIENTED_EDGE('',*,*,#1190,.T.);
#1190 = EDGE_CURVE('',#1183,#1191,#1193,.T.);
#1191 = VERTEX_POINT('',#1192);
#1192 = CARTESIAN_POINT('',(1.55,-2.895,2.059062853009));
#1193 = LINE('',#1194,#1195);
#1194 = CARTESIAN_POINT('',(1.2,-2.895,2.059062853009));
#1195 = VECTOR('',#1196,1.);
#1196 = DIRECTION('',(1.,7.971189900216E-44,-2.438091212181E-29));
#1197 = ORIENTED_EDGE('',*,*,#1198,.T.);
#1198 = EDGE_CURVE('',#1191,#1199,#1201,.T.);
#1199 = VERTEX_POINT('',#1200);
#1200 = CARTESIAN_POINT('',(1.55,-2.895,1.459062853009));
#1201 = LINE('',#1202,#1203);
#1202 = CARTESIAN_POINT('',(1.55,-2.895,2.059062853009));
#1203 = VECTOR('',#1204,1.);
#1204 = DIRECTION('',(3.562798913235E-31,-2.22044604925E-16,-1.));
#1205 = ORIENTED_EDGE('',*,*,#1206,.T.);
#1206 = EDGE_CURVE('',#1199,#1207,#1209,.T.);
#1207 = VERTEX_POINT('',#1208);
#1208 = CARTESIAN_POINT('',(1.2,-2.895,1.459062853009));
#1209 = LINE('',#1210,#1211);
#1210 = CARTESIAN_POINT('',(1.2,-2.895,1.459062853009));
#1211 = VECTOR('',#1212,1.);
#1212 = DIRECTION('',(-1.,-7.971189900216E-44,2.438091212181E-29));
#1213 = ORIENTED_EDGE('',*,*,#1214,.T.);
#1214 = EDGE_CURVE('',#1207,#1215,#1217,.T.);
#1215 = VERTEX_POINT('',#1216);
#1216 = CARTESIAN_POINT('',(1.2,-2.895,0.459062853009));
#1217 = LINE('',#1218,#1219);
#1218 = CARTESIAN_POINT('',(1.2,-2.895,2.559062853009));
#1219 = VECTOR('',#1220,1.);
#1220 = DIRECTION('',(2.06514699521E-16,-2.22044604925E-16,-1.));
#1221 = ORIENTED_EDGE('',*,*,#1222,.F.);
#1222 = EDGE_CURVE('',#1223,#1215,#1225,.T.);
#1223 = VERTEX_POINT('',#1224);
#1224 = CARTESIAN_POINT('',(-1.2,-2.895,0.459062853009));
#1225 = LINE('',#1226,#1227);
#1226 = CARTESIAN_POINT('',(-2.,-2.895,0.459062853009));
#1227 = VECTOR('',#1228,1.);
#1228 = DIRECTION('',(1.,7.199807156716E-15,-1.598678335649E-30));
#1229 = ORIENTED_EDGE('',*,*,#1230,.T.);
#1230 = EDGE_CURVE('',#1223,#1231,#1233,.T.);
#1231 = VERTEX_POINT('',#1232);
#1232 = CARTESIAN_POINT('',(-1.2,-2.895,1.459062853009));
#1233 = LINE('',#1234,#1235);
#1234 = CARTESIAN_POINT('',(-1.2,-2.895,2.559062853009));
#1235 = VECTOR('',#1236,1.);
#1236 = DIRECTION('',(-3.562798913235E-31,2.22044604925E-16,1.));
#1237 = ORIENTED_EDGE('',*,*,#1238,.T.);
#1238 = EDGE_CURVE('',#1231,#1239,#1241,.T.);
#1239 = VERTEX_POINT('',#1240);
#1240 = CARTESIAN_POINT('',(-1.55,-2.895,1.459062853009));
#1241 = LINE('',#1242,#1243);
#1242 = CARTESIAN_POINT('',(-1.2,-2.895,1.459062853009));
#1243 = VECTOR('',#1244,1.);
#1244 = DIRECTION('',(-1.,2.025561487008E-30,-6.195440985631E-16));
#1245 = ORIENTED_EDGE('',*,*,#1246,.T.);
#1246 = EDGE_CURVE('',#1239,#1157,#1247,.T.);
#1247 = LINE('',#1248,#1249);
#1248 = CARTESIAN_POINT('',(-1.55,-2.895,2.059062853009));
#1249 = VECTOR('',#1250,1.);
#1250 = DIRECTION('',(-3.562798913235E-31,2.22044604925E-16,1.));
#1251 = FACE_BOUND('',#1252,.T.);
#1252 = EDGE_LOOP('',(#1253,#1263,#1271,#1279,#1287,#1293,#1294,#1295));
#1253 = ORIENTED_EDGE('',*,*,#1254,.F.);
#1254 = EDGE_CURVE('',#1255,#1257,#1259,.T.);
#1255 = VERTEX_POINT('',#1256);
#1256 = CARTESIAN_POINT('',(-1.5,-2.895,1.259062853009));
#1257 = VERTEX_POINT('',#1258);
#1258 = CARTESIAN_POINT('',(-2.,-2.895,1.259062853009));
#1259 = LINE('',#1260,#1261);
#1260 = CARTESIAN_POINT('',(-2.,-2.895,1.259062853009));
#1261 = VECTOR('',#1262,1.);
#1262 = DIRECTION('',(-1.,-7.199807156716E-15,1.598678335649E-30));
#1263 = ORIENTED_EDGE('',*,*,#1264,.T.);
#1264 = EDGE_CURVE('',#1255,#1265,#1267,.T.);
#1265 = VERTEX_POINT('',#1266);
#1266 = CARTESIAN_POINT('',(-1.5,-2.895,5.90628530085E-02));
#1267 = LINE('',#1268,#1269);
#1268 = CARTESIAN_POINT('',(-1.5,-2.895,2.959062853009));
#1269 = VECTOR('',#1270,1.);
#1270 = DIRECTION('',(0.,3.269438756184E-15,-1.));
#1271 = ORIENTED_EDGE('',*,*,#1272,.F.);
#1272 = EDGE_CURVE('',#1273,#1265,#1275,.T.);
#1273 = VERTEX_POINT('',#1274);
#1274 = CARTESIAN_POINT('',(1.5,-2.895,5.90628530085E-02));
#1275 = LINE('',#1276,#1277);
#1276 = CARTESIAN_POINT('',(-2.,-2.895,5.90628530085E-02));
#1277 = VECTOR('',#1278,1.);
#1278 = DIRECTION('',(-1.,-7.199807156716E-15,1.598678335649E-30));
#1279 = ORIENTED_EDGE('',*,*,#1280,.F.);
#1280 = EDGE_CURVE('',#1281,#1273,#1283,.T.);
#1281 = VERTEX_POINT('',#1282);
#1282 = CARTESIAN_POINT('',(1.5,-2.895,1.259062853009));
#1283 = LINE('',#1284,#1285);
#1284 = CARTESIAN_POINT('',(1.5,-2.895,9.062853008501E-03));
#1285 = VECTOR('',#1286,1.);
#1286 = DIRECTION('',(-0.,-2.22044604925E-16,-1.));
#1287 = ORIENTED_EDGE('',*,*,#1288,.F.);
#1288 = EDGE_CURVE('',#1080,#1281,#1289,.T.);
#1289 = LINE('',#1290,#1291);
#1290 = CARTESIAN_POINT('',(-2.,-2.895,1.259062853009));
#1291 = VECTOR('',#1292,1.);
#1292 = DIRECTION('',(-1.,-7.199807156716E-15,1.598678335649E-30));
#1293 = ORIENTED_EDGE('',*,*,#1079,.T.);
#1294 = ORIENTED_EDGE('',*,*,#856,.F.);
#1295 = ORIENTED_EDGE('',*,*,#1296,.F.);
#1296 = EDGE_CURVE('',#1257,#849,#1297,.T.);
#1297 = LINE('',#1298,#1299);
#1298 = CARTESIAN_POINT('',(-2.,-2.895,2.959062853009));
#1299 = VECTOR('',#1300,1.);
#1300 = DIRECTION('',(2.513800689087E-29,-3.269438756184E-15,1.));
#1301 = PLANE('',#1302);
#1302 = AXIS2_PLACEMENT_3D('',#1303,#1304,#1305);
#1303 = CARTESIAN_POINT('',(-2.,-2.895,2.959062853009));
#1304 = DIRECTION('',(-7.199807156716E-15,1.,3.269438756184E-15));
#1305 = DIRECTION('',(-1.,-7.199807156716E-15,1.598678335649E-30));
#1306 = ADVANCED_FACE('',(#1307),#1380,.F.);
#1307 = FACE_BOUND('',#1308,.T.);
#1308 = EDGE_LOOP('',(#1309,#1310,#1318,#1326,#1334,#1342,#1348,#1349,
    #1350,#1358,#1366,#1374));
#1309 = ORIENTED_EDGE('',*,*,#936,.T.);
#1310 = ORIENTED_EDGE('',*,*,#1311,.F.);
#1311 = EDGE_CURVE('',#1312,#929,#1314,.T.);
#1312 = VERTEX_POINT('',#1313);
#1313 = CARTESIAN_POINT('',(-2.,-1.395,5.906285300851E-02));
#1314 = LINE('',#1315,#1316);
#1315 = CARTESIAN_POINT('',(-2.,1.355,5.906285300851E-02));
#1316 = VECTOR('',#1317,1.);
#1317 = DIRECTION('',(-7.18705183704E-15,1.,-2.22044604925E-16));
#1318 = ORIENTED_EDGE('',*,*,#1319,.F.);
#1319 = EDGE_CURVE('',#1320,#1312,#1322,.T.);
#1320 = VERTEX_POINT('',#1321);
#1321 = CARTESIAN_POINT('',(-2.,-1.395,0.609062853009));
#1322 = LINE('',#1323,#1324);
#1323 = CARTESIAN_POINT('',(-2.,-1.395,2.959062853009));
#1324 = VECTOR('',#1325,1.);
#1325 = DIRECTION('',(7.125597826469E-31,-2.22044604925E-16,-1.));
#1326 = ORIENTED_EDGE('',*,*,#1327,.F.);
#1327 = EDGE_CURVE('',#1328,#1320,#1330,.T.);
#1328 = VERTEX_POINT('',#1329);
#1329 = CARTESIAN_POINT('',(-2.,-2.395,0.609062853009));
#1330 = LINE('',#1331,#1332);
#1331 = CARTESIAN_POINT('',(-2.,1.355,0.609062853009));
#1332 = VECTOR('',#1333,1.);
#1333 = DIRECTION('',(-7.18705183704E-15,1.,-2.22044604925E-16));
#1334 = ORIENTED_EDGE('',*,*,#1335,.F.);
#1335 = EDGE_CURVE('',#1336,#1328,#1338,.T.);
#1336 = VERTEX_POINT('',#1337);
#1337 = CARTESIAN_POINT('',(-2.,-2.395,1.259062853009));
#1338 = LINE('',#1339,#1340);
#1339 = CARTESIAN_POINT('',(-2.,-2.395,2.959062853009));
#1340 = VECTOR('',#1341,1.);
#1341 = DIRECTION('',(7.125597826469E-31,-2.22044604925E-16,-1.));
#1342 = ORIENTED_EDGE('',*,*,#1343,.F.);
#1343 = EDGE_CURVE('',#1257,#1336,#1344,.T.);
#1344 = LINE('',#1345,#1346);
#1345 = CARTESIAN_POINT('',(-2.,1.355,1.259062853008));
#1346 = VECTOR('',#1347,1.);
#1347 = DIRECTION('',(-7.18705183704E-15,1.,-2.22044604925E-16));
#1348 = ORIENTED_EDGE('',*,*,#1296,.T.);
#1349 = ORIENTED_EDGE('',*,*,#848,.F.);
#1350 = ORIENTED_EDGE('',*,*,#1351,.F.);
#1351 = EDGE_CURVE('',#1352,#841,#1354,.T.);
#1352 = VERTEX_POINT('',#1353);
#1353 = CARTESIAN_POINT('',(-2.,0.155,2.459062853009));
#1354 = LINE('',#1355,#1356);
#1355 = CARTESIAN_POINT('',(-2.,0.155,2.459062853009));
#1356 = VECTOR('',#1357,1.);
#1357 = DIRECTION('',(3.755786496843E-15,-0.5,0.866025403784));
#1358 = ORIENTED_EDGE('',*,*,#1359,.F.);
#1359 = EDGE_CURVE('',#1360,#1352,#1362,.T.);
#1360 = VERTEX_POINT('',#1361);
#1361 = CARTESIAN_POINT('',(-2.,0.805,2.459062853009));
#1362 = LINE('',#1363,#1364);
#1363 = CARTESIAN_POINT('',(-2.,1.355,2.459062853009));
#1364 = VECTOR('',#1365,1.);
#1365 = DIRECTION('',(7.18705183704E-15,-1.,2.22044604925E-16));
#1366 = ORIENTED_EDGE('',*,*,#1367,.F.);
#1367 = EDGE_CURVE('',#1368,#1360,#1370,.T.);
#1368 = VERTEX_POINT('',#1369);
#1369 = CARTESIAN_POINT('',(-2.,0.805,1.459062853009));
#1370 = LINE('',#1371,#1372);
#1371 = CARTESIAN_POINT('',(-2.,0.805,2.959062853009));
#1372 = VECTOR('',#1373,1.);
#1373 = DIRECTION('',(-7.125597826469E-31,2.22044604925E-16,1.));
#1374 = ORIENTED_EDGE('',*,*,#1375,.F.);
#1375 = EDGE_CURVE('',#937,#1368,#1376,.T.);
#1376 = LINE('',#1377,#1378);
#1377 = CARTESIAN_POINT('',(-2.,1.355,1.459062853009));
#1378 = VECTOR('',#1379,1.);
#1379 = DIRECTION('',(7.18705183704E-15,-1.,2.22044604925E-16));
#1380 = PLANE('',#1381);
#1381 = AXIS2_PLACEMENT_3D('',#1382,#1383,#1384);
#1382 = CARTESIAN_POINT('',(-2.,1.355,2.959062853009));
#1383 = DIRECTION('',(1.,7.18705183704E-15,-8.832863030842E-31));
#1384 = DIRECTION('',(-7.18705183704E-15,1.,-2.22044604925E-16));
#1385 = ADVANCED_FACE('',(#1386),#1404,.T.);
#1386 = FACE_BOUND('',#1387,.T.);
#1387 = EDGE_LOOP('',(#1388,#1396,#1402,#1403));
#1388 = ORIENTED_EDGE('',*,*,#1389,.T.);
#1389 = EDGE_CURVE('',#833,#1390,#1392,.T.);
#1390 = VERTEX_POINT('',#1391);
#1391 = CARTESIAN_POINT('',(-1.5,0.155,2.459062853009));
#1392 = LINE('',#1393,#1394);
#1393 = CARTESIAN_POINT('',(-1.5,0.155,2.459062853009));
#1394 = VECTOR('',#1395,1.);
#1395 = DIRECTION('',(-0.,0.5,-0.866025403784));
#1396 = ORIENTED_EDGE('',*,*,#1397,.T.);
#1397 = EDGE_CURVE('',#1390,#1352,#1398,.T.);
#1398 = LINE('',#1399,#1400);
#1399 = CARTESIAN_POINT('',(-1.5,0.155,2.459062853009));
#1400 = VECTOR('',#1401,1.);
#1401 = DIRECTION('',(-1.,-5.237225041664E-15,-3.023713287611E-15));
#1402 = ORIENTED_EDGE('',*,*,#1351,.T.);
#1403 = ORIENTED_EDGE('',*,*,#840,.F.);
#1404 = PLANE('',#1405);
#1405 = AXIS2_PLACEMENT_3D('',#1406,#1407,#1408);
#1406 = CARTESIAN_POINT('',(-1.5,0.155,2.459062853009));
#1407 = DIRECTION('',(-6.047426575223E-15,0.866025403784,0.5));
#1408 = DIRECTION('',(8.504936727069E-32,-0.5,0.866025403784));
#1409 = ADVANCED_FACE('',(#1410),#1437,.F.);
#1410 = FACE_BOUND('',#1411,.T.);
#1411 = EDGE_LOOP('',(#1412,#1413,#1414,#1415,#1423,#1431));
#1412 = ORIENTED_EDGE('',*,*,#1389,.F.);
#1413 = ORIENTED_EDGE('',*,*,#832,.F.);
#1414 = ORIENTED_EDGE('',*,*,#952,.T.);
#1415 = ORIENTED_EDGE('',*,*,#1416,.F.);
#1416 = EDGE_CURVE('',#1417,#945,#1419,.T.);
#1417 = VERTEX_POINT('',#1418);
#1418 = CARTESIAN_POINT('',(-1.5,0.805,1.459062853009));
#1419 = LINE('',#1420,#1421);
#1420 = CARTESIAN_POINT('',(-1.5,1.355,1.459062853009));
#1421 = VECTOR('',#1422,1.);
#1422 = DIRECTION('',(-6.982966722219E-15,1.,-2.22044604925E-16));
#1423 = ORIENTED_EDGE('',*,*,#1424,.F.);
#1424 = EDGE_CURVE('',#1425,#1417,#1427,.T.);
#1425 = VERTEX_POINT('',#1426);
#1426 = CARTESIAN_POINT('',(-1.5,0.805,2.459062853009));
#1427 = LINE('',#1428,#1429);
#1428 = CARTESIAN_POINT('',(-1.5,0.805,2.459062853009));
#1429 = VECTOR('',#1430,1.);
#1430 = DIRECTION('',(5.605193857299E-45,-2.22044604925E-16,-1.));
#1431 = ORIENTED_EDGE('',*,*,#1432,.F.);
#1432 = EDGE_CURVE('',#1390,#1425,#1433,.T.);
#1433 = LINE('',#1434,#1435);
#1434 = CARTESIAN_POINT('',(-1.5,1.355,2.459062853009));
#1435 = VECTOR('',#1436,1.);
#1436 = DIRECTION('',(-6.982966722219E-15,1.,-2.22044604925E-16));
#1437 = PLANE('',#1438);
#1438 = AXIS2_PLACEMENT_3D('',#1439,#1440,#1441);
#1439 = CARTESIAN_POINT('',(-1.5,1.355,2.459062853009));
#1440 = DIRECTION('',(1.,6.982966722219E-15,-1.55053008704E-30));
#1441 = DIRECTION('',(-6.982966722219E-15,1.,-2.22044604925E-16));
#1442 = ADVANCED_FACE('',(#1443),#1468,.F.);
#1443 = FACE_BOUND('',#1444,.T.);
#1444 = EDGE_LOOP('',(#1445,#1455,#1461,#1462));
#1445 = ORIENTED_EDGE('',*,*,#1446,.F.);
#1446 = EDGE_CURVE('',#1447,#1449,#1451,.T.);
#1447 = VERTEX_POINT('',#1448);
#1448 = CARTESIAN_POINT('',(0.4,2.055,0.199062853009));
#1449 = VERTEX_POINT('',#1450);
#1450 = CARTESIAN_POINT('',(0.6,2.055,0.199062853009));
#1451 = LINE('',#1452,#1453);
#1452 = CARTESIAN_POINT('',(0.4,2.055,0.199062853009));
#1453 = VECTOR('',#1454,1.);
#1454 = DIRECTION('',(1.,8.340996362257E-44,-2.492169409971E-29));
#1455 = ORIENTED_EDGE('',*,*,#1456,.F.);
#1456 = EDGE_CURVE('',#889,#1447,#1457,.T.);
#1457 = LINE('',#1458,#1459);
#1458 = CARTESIAN_POINT('',(0.4,2.055,0.199062853009));
#1459 = VECTOR('',#1460,1.);
#1460 = DIRECTION('',(0.,1.,3.346881768505E-15));
#1461 = ORIENTED_EDGE('',*,*,#999,.T.);
#1462 = ORIENTED_EDGE('',*,*,#1463,.F.);
#1463 = EDGE_CURVE('',#1449,#992,#1464,.T.);
#1464 = LINE('',#1465,#1466);
#1465 = CARTESIAN_POINT('',(0.6,2.055,0.199062853009));
#1466 = VECTOR('',#1467,1.);
#1467 = DIRECTION('',(0.,-1.,-3.346881768505E-15));
#1468 = PLANE('',#1469);
#1469 = AXIS2_PLACEMENT_3D('',#1470,#1471,#1472);
#1470 = CARTESIAN_POINT('',(0.4,2.055,0.199062853009));
#1471 = DIRECTION('',(-2.492169409971E-29,3.346881768505E-15,-1.));
#1472 = DIRECTION('',(0.,1.,3.346881768505E-15));
#1473 = ADVANCED_FACE('',(#1474),#1508,.T.);
#1474 = FACE_BOUND('',#1475,.T.);
#1475 = EDGE_LOOP('',(#1476,#1486,#1492,#1493,#1494,#1502));
#1476 = ORIENTED_EDGE('',*,*,#1477,.T.);
#1477 = EDGE_CURVE('',#1478,#1480,#1482,.T.);
#1478 = VERTEX_POINT('',#1479);
#1479 = CARTESIAN_POINT('',(0.4,1.255,-9.371469914852E-04));
#1480 = VERTEX_POINT('',#1481);
#1481 = CARTESIAN_POINT('',(0.4,1.255,5.906285300851E-02));
#1482 = LINE('',#1483,#1484);
#1483 = CARTESIAN_POINT('',(0.4,1.255,0.149062853009));
#1484 = VECTOR('',#1485,1.);
#1485 = DIRECTION('',(-5.605193857299E-45,2.22044604925E-16,1.));
#1486 = ORIENTED_EDGE('',*,*,#1487,.T.);
#1487 = EDGE_CURVE('',#1480,#887,#1488,.T.);
#1488 = LINE('',#1489,#1490);
#1489 = CARTESIAN_POINT('',(0.4,0.805,5.906285300851E-02));
#1490 = VECTOR('',#1491,1.);
#1491 = DIRECTION('',(-6.982966722219E-15,1.,-2.22044604925E-16));
#1492 = ORIENTED_EDGE('',*,*,#886,.T.);
#1493 = ORIENTED_EDGE('',*,*,#1456,.T.);
#1494 = ORIENTED_EDGE('',*,*,#1495,.T.);
#1495 = EDGE_CURVE('',#1447,#1496,#1498,.T.);
#1496 = VERTEX_POINT('',#1497);
#1497 = CARTESIAN_POINT('',(0.4,2.055,-9.371469914833E-04));
#1498 = LINE('',#1499,#1500);
#1499 = CARTESIAN_POINT('',(0.4,2.055,0.149062853009));
#1500 = VECTOR('',#1501,1.);
#1501 = DIRECTION('',(5.605193857299E-45,-2.22044604925E-16,-1.));
#1502 = ORIENTED_EDGE('',*,*,#1503,.T.);
#1503 = EDGE_CURVE('',#1496,#1478,#1504,.T.);
#1504 = LINE('',#1505,#1506);
#1505 = CARTESIAN_POINT('',(0.4,0.805,-9.371469914831E-04));
#1506 = VECTOR('',#1507,1.);
#1507 = DIRECTION('',(6.982966722219E-15,-1.,2.22044604925E-16));
#1508 = PLANE('',#1509);
#1509 = AXIS2_PLACEMENT_3D('',#1510,#1511,#1512);
#1510 = CARTESIAN_POINT('',(0.4,0.805,0.149062853009));
#1511 = DIRECTION('',(-1.,-6.982966722219E-15,1.55053008704E-30));
#1512 = DIRECTION('',(6.982966722219E-15,-1.,2.22044604925E-16));
#1513 = ADVANCED_FACE('',(#1514),#1555,.F.);
#1514 = FACE_BOUND('',#1515,.T.);
#1515 = EDGE_LOOP('',(#1516,#1517,#1525,#1533,#1541,#1549));
#1516 = ORIENTED_EDGE('',*,*,#904,.T.);
#1517 = ORIENTED_EDGE('',*,*,#1518,.F.);
#1518 = EDGE_CURVE('',#1519,#897,#1521,.T.);
#1519 = VERTEX_POINT('',#1520);
#1520 = CARTESIAN_POINT('',(-0.4,1.255,5.906285300851E-02));
#1521 = LINE('',#1522,#1523);
#1522 = CARTESIAN_POINT('',(-0.4,0.805,5.906285300851E-02));
#1523 = VECTOR('',#1524,1.);
#1524 = DIRECTION('',(-6.982966722219E-15,1.,-2.22044604925E-16));
#1525 = ORIENTED_EDGE('',*,*,#1526,.F.);
#1526 = EDGE_CURVE('',#1527,#1519,#1529,.T.);
#1527 = VERTEX_POINT('',#1528);
#1528 = CARTESIAN_POINT('',(-0.4,1.255,-9.371469914852E-04));
#1529 = LINE('',#1530,#1531);
#1530 = CARTESIAN_POINT('',(-0.4,1.255,0.149062853009));
#1531 = VECTOR('',#1532,1.);
#1532 = DIRECTION('',(-5.605193857299E-45,2.22044604925E-16,1.));
#1533 = ORIENTED_EDGE('',*,*,#1534,.F.);
#1534 = EDGE_CURVE('',#1535,#1527,#1537,.T.);
#1535 = VERTEX_POINT('',#1536);
#1536 = CARTESIAN_POINT('',(-0.4,2.055,-9.371469914833E-04));
#1537 = LINE('',#1538,#1539);
#1538 = CARTESIAN_POINT('',(-0.4,0.805,-9.371469914831E-04));
#1539 = VECTOR('',#1540,1.);
#1540 = DIRECTION('',(6.982966722219E-15,-1.,2.22044604925E-16));
#1541 = ORIENTED_EDGE('',*,*,#1542,.F.);
#1542 = EDGE_CURVE('',#1543,#1535,#1545,.T.);
#1543 = VERTEX_POINT('',#1544);
#1544 = CARTESIAN_POINT('',(-0.4,2.055,0.199062853009));
#1545 = LINE('',#1546,#1547);
#1546 = CARTESIAN_POINT('',(-0.4,2.055,0.149062853009));
#1547 = VECTOR('',#1548,1.);
#1548 = DIRECTION('',(5.605193857299E-45,-2.22044604925E-16,-1.));
#1549 = ORIENTED_EDGE('',*,*,#1550,.F.);
#1550 = EDGE_CURVE('',#905,#1543,#1551,.T.);
#1551 = LINE('',#1552,#1553);
#1552 = CARTESIAN_POINT('',(-0.4,0.805,0.199062853009));
#1553 = VECTOR('',#1554,1.);
#1554 = DIRECTION('',(-6.982966722219E-15,1.,-2.22044604925E-16));
#1555 = PLANE('',#1556);
#1556 = AXIS2_PLACEMENT_3D('',#1557,#1558,#1559);
#1557 = CARTESIAN_POINT('',(-0.4,0.805,0.149062853009));
#1558 = DIRECTION('',(-1.,-6.982966722219E-15,1.55053008704E-30));
#1559 = DIRECTION('',(6.982966722219E-15,-1.,2.22044604925E-16));
#1560 = ADVANCED_FACE('',(#1561),#1579,.F.);
#1561 = FACE_BOUND('',#1562,.T.);
#1562 = EDGE_LOOP('',(#1563,#1571,#1577,#1578));
#1563 = ORIENTED_EDGE('',*,*,#1564,.F.);
#1564 = EDGE_CURVE('',#1565,#1543,#1567,.T.);
#1565 = VERTEX_POINT('',#1566);
#1566 = CARTESIAN_POINT('',(-0.6,2.055,0.199062853009));
#1567 = LINE('',#1568,#1569);
#1568 = CARTESIAN_POINT('',(-0.6,2.055,0.199062853009));
#1569 = VECTOR('',#1570,1.);
#1570 = DIRECTION('',(1.,8.340996362257E-44,-2.492169409971E-29));
#1571 = ORIENTED_EDGE('',*,*,#1572,.F.);
#1572 = EDGE_CURVE('',#913,#1565,#1573,.T.);
#1573 = LINE('',#1574,#1575);
#1574 = CARTESIAN_POINT('',(-0.6,2.055,0.199062853009));
#1575 = VECTOR('',#1576,1.);
#1576 = DIRECTION('',(0.,1.,3.346881768505E-15));
#1577 = ORIENTED_EDGE('',*,*,#912,.T.);
#1578 = ORIENTED_EDGE('',*,*,#1550,.T.);
#1579 = PLANE('',#1580);
#1580 = AXIS2_PLACEMENT_3D('',#1581,#1582,#1583);
#1581 = CARTESIAN_POINT('',(-0.6,2.055,0.199062853009));
#1582 = DIRECTION('',(-2.492169409971E-29,3.346881768505E-15,-1.));
#1583 = DIRECTION('',(0.,1.,3.346881768505E-15));
#1584 = ADVANCED_FACE('',(#1585),#1619,.T.);
#1585 = FACE_BOUND('',#1586,.T.);
#1586 = EDGE_LOOP('',(#1587,#1597,#1603,#1604,#1605,#1613));
#1587 = ORIENTED_EDGE('',*,*,#1588,.T.);
#1588 = EDGE_CURVE('',#1589,#1591,#1593,.T.);
#1589 = VERTEX_POINT('',#1590);
#1590 = CARTESIAN_POINT('',(-0.6,1.255,-9.371469914852E-04));
#1591 = VERTEX_POINT('',#1592);
#1592 = CARTESIAN_POINT('',(-0.6,1.255,5.906285300851E-02));
#1593 = LINE('',#1594,#1595);
#1594 = CARTESIAN_POINT('',(-0.6,1.255,0.149062853009));
#1595 = VECTOR('',#1596,1.);
#1596 = DIRECTION('',(-5.605193857299E-45,2.22044604925E-16,1.));
#1597 = ORIENTED_EDGE('',*,*,#1598,.T.);
#1598 = EDGE_CURVE('',#1591,#921,#1599,.T.);
#1599 = LINE('',#1600,#1601);
#1600 = CARTESIAN_POINT('',(-0.6,0.805,5.906285300851E-02));
#1601 = VECTOR('',#1602,1.);
#1602 = DIRECTION('',(-6.982966722219E-15,1.,-2.22044604925E-16));
#1603 = ORIENTED_EDGE('',*,*,#920,.T.);
#1604 = ORIENTED_EDGE('',*,*,#1572,.T.);
#1605 = ORIENTED_EDGE('',*,*,#1606,.T.);
#1606 = EDGE_CURVE('',#1565,#1607,#1609,.T.);
#1607 = VERTEX_POINT('',#1608);
#1608 = CARTESIAN_POINT('',(-0.6,2.055,-9.371469914833E-04));
#1609 = LINE('',#1610,#1611);
#1610 = CARTESIAN_POINT('',(-0.6,2.055,0.149062853009));
#1611 = VECTOR('',#1612,1.);
#1612 = DIRECTION('',(5.605193857299E-45,-2.22044604925E-16,-1.));
#1613 = ORIENTED_EDGE('',*,*,#1614,.T.);
#1614 = EDGE_CURVE('',#1607,#1589,#1615,.T.);
#1615 = LINE('',#1616,#1617);
#1616 = CARTESIAN_POINT('',(-0.6,0.805,-9.371469914831E-04));
#1617 = VECTOR('',#1618,1.);
#1618 = DIRECTION('',(6.982966722219E-15,-1.,2.22044604925E-16));
#1619 = PLANE('',#1620);
#1620 = AXIS2_PLACEMENT_3D('',#1621,#1622,#1623);
#1621 = CARTESIAN_POINT('',(-0.6,0.805,0.149062853009));
#1622 = DIRECTION('',(-1.,-6.982966722219E-15,1.55053008704E-30));
#1623 = DIRECTION('',(6.982966722219E-15,-1.,2.22044604925E-16));
#1624 = ADVANCED_FACE('',(#1625),#1636,.T.);
#1625 = FACE_BOUND('',#1626,.T.);
#1626 = EDGE_LOOP('',(#1627,#1628,#1629,#1630));
#1627 = ORIENTED_EDGE('',*,*,#1416,.T.);
#1628 = ORIENTED_EDGE('',*,*,#944,.T.);
#1629 = ORIENTED_EDGE('',*,*,#1375,.T.);
#1630 = ORIENTED_EDGE('',*,*,#1631,.T.);
#1631 = EDGE_CURVE('',#1368,#1417,#1632,.T.);
#1632 = LINE('',#1633,#1634);
#1633 = CARTESIAN_POINT('',(-1.5,0.805,1.459062853009));
#1634 = VECTOR('',#1635,1.);
#1635 = DIRECTION('',(1.,7.971189900216E-44,-2.438091212181E-29));
#1636 = PLANE('',#1637);
#1637 = AXIS2_PLACEMENT_3D('',#1638,#1639,#1640);
#1638 = CARTESIAN_POINT('',(-1.5,0.805,1.459062853009));
#1639 = DIRECTION('',(2.438091212181E-29,-3.269438756184E-15,1.));
#1640 = DIRECTION('',(0.,-1.,-3.269438756184E-15));
#1641 = ADVANCED_FACE('',(#1642),#1653,.F.);
#1642 = FACE_BOUND('',#1643,.T.);
#1643 = EDGE_LOOP('',(#1644,#1645,#1646,#1652));
#1644 = ORIENTED_EDGE('',*,*,#967,.T.);
#1645 = ORIENTED_EDGE('',*,*,#1023,.T.);
#1646 = ORIENTED_EDGE('',*,*,#1647,.F.);
#1647 = EDGE_CURVE('',#1127,#1014,#1648,.T.);
#1648 = LINE('',#1649,#1650);
#1649 = CARTESIAN_POINT('',(1.5,0.805,1.459062853009));
#1650 = VECTOR('',#1651,1.);
#1651 = DIRECTION('',(-1.,-7.971189900216E-44,2.438091212181E-29));
#1652 = ORIENTED_EDGE('',*,*,#1126,.T.);
#1653 = PLANE('',#1654);
#1654 = AXIS2_PLACEMENT_3D('',#1655,#1656,#1657);
#1655 = CARTESIAN_POINT('',(1.5,0.805,1.459062853009));
#1656 = DIRECTION('',(-2.438091212181E-29,3.269438756184E-15,-1.));
#1657 = DIRECTION('',(0.,1.,3.269438756184E-15));
#1658 = ADVANCED_FACE('',(#1659),#1693,.F.);
#1659 = FACE_BOUND('',#1660,.T.);
#1660 = EDGE_LOOP('',(#1661,#1662,#1670,#1678,#1686,#1692));
#1661 = ORIENTED_EDGE('',*,*,#991,.T.);
#1662 = ORIENTED_EDGE('',*,*,#1663,.F.);
#1663 = EDGE_CURVE('',#1664,#984,#1666,.T.);
#1664 = VERTEX_POINT('',#1665);
#1665 = CARTESIAN_POINT('',(0.6,1.255,5.906285300851E-02));
#1666 = LINE('',#1667,#1668);
#1667 = CARTESIAN_POINT('',(0.6,0.805,5.906285300851E-02));
#1668 = VECTOR('',#1669,1.);
#1669 = DIRECTION('',(-6.982966722219E-15,1.,-2.22044604925E-16));
#1670 = ORIENTED_EDGE('',*,*,#1671,.F.);
#1671 = EDGE_CURVE('',#1672,#1664,#1674,.T.);
#1672 = VERTEX_POINT('',#1673);
#1673 = CARTESIAN_POINT('',(0.6,1.255,-9.371469914852E-04));
#1674 = LINE('',#1675,#1676);
#1675 = CARTESIAN_POINT('',(0.6,1.255,0.149062853009));
#1676 = VECTOR('',#1677,1.);
#1677 = DIRECTION('',(-5.605193857299E-45,2.22044604925E-16,1.));
#1678 = ORIENTED_EDGE('',*,*,#1679,.F.);
#1679 = EDGE_CURVE('',#1680,#1672,#1682,.T.);
#1680 = VERTEX_POINT('',#1681);
#1681 = CARTESIAN_POINT('',(0.6,2.055,-9.371469914833E-04));
#1682 = LINE('',#1683,#1684);
#1683 = CARTESIAN_POINT('',(0.6,0.805,-9.371469914831E-04));
#1684 = VECTOR('',#1685,1.);
#1685 = DIRECTION('',(6.982966722219E-15,-1.,2.22044604925E-16));
#1686 = ORIENTED_EDGE('',*,*,#1687,.F.);
#1687 = EDGE_CURVE('',#1449,#1680,#1688,.T.);
#1688 = LINE('',#1689,#1690);
#1689 = CARTESIAN_POINT('',(0.6,2.055,0.149062853009));
#1690 = VECTOR('',#1691,1.);
#1691 = DIRECTION('',(5.605193857299E-45,-2.22044604925E-16,-1.));
#1692 = ORIENTED_EDGE('',*,*,#1463,.T.);
#1693 = PLANE('',#1694);
#1694 = AXIS2_PLACEMENT_3D('',#1695,#1696,#1697);
#1695 = CARTESIAN_POINT('',(0.6,0.805,0.149062853009));
#1696 = DIRECTION('',(-1.,-6.982966722219E-15,1.55053008704E-30));
#1697 = DIRECTION('',(6.982966722219E-15,-1.,2.22044604925E-16));
#1698 = ADVANCED_FACE('',(#1699),#1710,.F.);
#1699 = FACE_BOUND('',#1700,.T.);
#1700 = EDGE_LOOP('',(#1701,#1707,#1708,#1709));
#1701 = ORIENTED_EDGE('',*,*,#1702,.F.);
#1702 = EDGE_CURVE('',#1016,#1135,#1703,.T.);
#1703 = LINE('',#1704,#1705);
#1704 = CARTESIAN_POINT('',(1.5,0.805,2.459062853009));
#1705 = VECTOR('',#1706,1.);
#1706 = DIRECTION('',(1.,7.971189900216E-44,-2.438091212181E-29));
#1707 = ORIENTED_EDGE('',*,*,#1039,.T.);
#1708 = ORIENTED_EDGE('',*,*,#1053,.T.);
#1709 = ORIENTED_EDGE('',*,*,#1142,.T.);
#1710 = PLANE('',#1711);
#1711 = AXIS2_PLACEMENT_3D('',#1712,#1713,#1714);
#1712 = CARTESIAN_POINT('',(1.5,0.805,2.459062853009));
#1713 = DIRECTION('',(-2.438091212181E-29,3.269438756184E-15,-1.));
#1714 = DIRECTION('',(0.,1.,3.269438756184E-15));
#1715 = ADVANCED_FACE('',(#1716),#1722,.F.);
#1716 = FACE_BOUND('',#1717,.T.);
#1717 = EDGE_LOOP('',(#1718,#1719,#1720,#1721));
#1718 = ORIENTED_EDGE('',*,*,#1647,.T.);
#1719 = ORIENTED_EDGE('',*,*,#1013,.T.);
#1720 = ORIENTED_EDGE('',*,*,#1702,.T.);
#1721 = ORIENTED_EDGE('',*,*,#1134,.T.);
#1722 = PLANE('',#1723);
#1723 = AXIS2_PLACEMENT_3D('',#1724,#1725,#1726);
#1724 = CARTESIAN_POINT('',(1.5,0.805,2.459062853009));
#1725 = DIRECTION('',(6.982966722219E-15,-1.,-3.377858973433E-15));
#1726 = DIRECTION('',(1.,6.982966722219E-15,-1.55053008704E-30));
#1727 = ADVANCED_FACE('',(#1728),#1762,.F.);
#1728 = FACE_BOUND('',#1729,.T.);
#1729 = EDGE_LOOP('',(#1730,#1731,#1739,#1747,#1755,#1761));
#1730 = ORIENTED_EDGE('',*,*,#1288,.T.);
#1731 = ORIENTED_EDGE('',*,*,#1732,.F.);
#1732 = EDGE_CURVE('',#1733,#1281,#1735,.T.);
#1733 = VERTEX_POINT('',#1734);
#1734 = CARTESIAN_POINT('',(1.5,-1.395,1.259062853009));
#1735 = LINE('',#1736,#1737);
#1736 = CARTESIAN_POINT('',(1.5,-0.129101109883,1.259062853009));
#1737 = VECTOR('',#1738,1.);
#1738 = DIRECTION('',(0.,-1.,2.22044604925E-16));
#1739 = ORIENTED_EDGE('',*,*,#1740,.F.);
#1740 = EDGE_CURVE('',#1741,#1733,#1743,.T.);
#1741 = VERTEX_POINT('',#1742);
#1742 = CARTESIAN_POINT('',(1.7,-1.395,1.259062853009));
#1743 = LINE('',#1744,#1745);
#1744 = CARTESIAN_POINT('',(1.5,-1.395,1.259062853009));
#1745 = VECTOR('',#1746,1.);
#1746 = DIRECTION('',(-1.,-6.982966722219E-15,1.55053008704E-30));
#1747 = ORIENTED_EDGE('',*,*,#1748,.T.);
#1748 = EDGE_CURVE('',#1741,#1749,#1751,.T.);
#1749 = VERTEX_POINT('',#1750);
#1750 = CARTESIAN_POINT('',(1.7,-2.395,1.259062853009));
#1751 = LINE('',#1752,#1753);
#1752 = CARTESIAN_POINT('',(1.7,-0.129101109883,1.259062853009));
#1753 = VECTOR('',#1754,1.);
#1754 = DIRECTION('',(0.,-1.,2.22044604925E-16));
#1755 = ORIENTED_EDGE('',*,*,#1756,.F.);
#1756 = EDGE_CURVE('',#1088,#1749,#1757,.T.);
#1757 = LINE('',#1758,#1759);
#1758 = CARTESIAN_POINT('',(1.5,-2.395,1.259062853009));
#1759 = VECTOR('',#1760,1.);
#1760 = DIRECTION('',(-1.,-6.055061399543E-44,2.135253304556E-29));
#1761 = ORIENTED_EDGE('',*,*,#1087,.T.);
#1762 = PLANE('',#1763);
#1763 = AXIS2_PLACEMENT_3D('',#1764,#1765,#1766);
#1764 = CARTESIAN_POINT('',(1.5,-2.895,1.259062853009));
#1765 = DIRECTION('',(2.135253304556E-29,-2.83575788719E-15,1.));
#1766 = DIRECTION('',(0.,-1.,-2.83575788719E-15));
#1767 = ADVANCED_FACE('',(#1768),#1786,.F.);
#1768 = FACE_BOUND('',#1769,.T.);
#1769 = EDGE_LOOP('',(#1770,#1778,#1784,#1785));
#1770 = ORIENTED_EDGE('',*,*,#1771,.F.);
#1771 = EDGE_CURVE('',#1772,#1749,#1774,.T.);
#1772 = VERTEX_POINT('',#1773);
#1773 = CARTESIAN_POINT('',(1.7,-2.395,0.609062853009));
#1774 = LINE('',#1775,#1776);
#1775 = CARTESIAN_POINT('',(1.7,-2.395,1.259062853009));
#1776 = VECTOR('',#1777,1.);
#1777 = DIRECTION('',(2.438091212181E-29,-3.269438756184E-15,1.));
#1778 = ORIENTED_EDGE('',*,*,#1779,.F.);
#1779 = EDGE_CURVE('',#1096,#1772,#1780,.T.);
#1780 = LINE('',#1781,#1782);
#1781 = CARTESIAN_POINT('',(1.5,-2.395,0.609062853009));
#1782 = VECTOR('',#1783,1.);
#1783 = DIRECTION('',(-1.,-6.982966722219E-15,1.55053008704E-30));
#1784 = ORIENTED_EDGE('',*,*,#1095,.T.);
#1785 = ORIENTED_EDGE('',*,*,#1756,.T.);
#1786 = PLANE('',#1787);
#1787 = AXIS2_PLACEMENT_3D('',#1788,#1789,#1790);
#1788 = CARTESIAN_POINT('',(1.5,-2.395,1.259062853009));
#1789 = DIRECTION('',(-6.982966722219E-15,1.,3.269438756184E-15));
#1790 = DIRECTION('',(-1.,-6.982966722219E-15,1.55053008704E-30));
#1791 = ADVANCED_FACE('',(#1792),#1810,.F.);
#1792 = FACE_BOUND('',#1793,.T.);
#1793 = EDGE_LOOP('',(#1794,#1802,#1808,#1809));
#1794 = ORIENTED_EDGE('',*,*,#1795,.F.);
#1795 = EDGE_CURVE('',#1796,#1772,#1798,.T.);
#1796 = VERTEX_POINT('',#1797);
#1797 = CARTESIAN_POINT('',(1.7,-1.395,0.609062853009));
#1798 = LINE('',#1799,#1800);
#1799 = CARTESIAN_POINT('',(1.7,-2.395,0.609062853009));
#1800 = VECTOR('',#1801,1.);
#1801 = DIRECTION('',(0.,-1.,-3.377858973433E-15));
#1802 = ORIENTED_EDGE('',*,*,#1803,.F.);
#1803 = EDGE_CURVE('',#1104,#1796,#1804,.T.);
#1804 = LINE('',#1805,#1806);
#1805 = CARTESIAN_POINT('',(1.5,-1.395,0.609062853009));
#1806 = VECTOR('',#1807,1.);
#1807 = DIRECTION('',(-1.,-8.491264215054E-44,2.513800689087E-29));
#1808 = ORIENTED_EDGE('',*,*,#1103,.T.);
#1809 = ORIENTED_EDGE('',*,*,#1779,.T.);
#1810 = PLANE('',#1811);
#1811 = AXIS2_PLACEMENT_3D('',#1812,#1813,#1814);
#1812 = CARTESIAN_POINT('',(1.5,-2.395,0.609062853009));
#1813 = DIRECTION('',(2.513800689087E-29,-3.377858973433E-15,1.));
#1814 = DIRECTION('',(0.,-1.,-3.377858973433E-15));
#1815 = ADVANCED_FACE('',(#1816),#1841,.F.);
#1816 = FACE_BOUND('',#1817,.T.);
#1817 = EDGE_LOOP('',(#1818,#1819,#1825,#1826,#1834,#1840));
#1818 = ORIENTED_EDGE('',*,*,#1803,.T.);
#1819 = ORIENTED_EDGE('',*,*,#1820,.T.);
#1820 = EDGE_CURVE('',#1796,#1741,#1821,.T.);
#1821 = LINE('',#1822,#1823);
#1822 = CARTESIAN_POINT('',(1.7,-1.395,9.062853008496E-03));
#1823 = VECTOR('',#1824,1.);
#1824 = DIRECTION('',(0.,-3.269438756184E-15,1.));
#1825 = ORIENTED_EDGE('',*,*,#1740,.T.);
#1826 = ORIENTED_EDGE('',*,*,#1827,.T.);
#1827 = EDGE_CURVE('',#1733,#1828,#1830,.T.);
#1828 = VERTEX_POINT('',#1829);
#1829 = CARTESIAN_POINT('',(1.5,-1.395,5.90628530085E-02));
#1830 = LINE('',#1831,#1832);
#1831 = CARTESIAN_POINT('',(1.5,-1.395,9.062853008496E-03));
#1832 = VECTOR('',#1833,1.);
#1833 = DIRECTION('',(0.,3.269438756184E-15,-1.));
#1834 = ORIENTED_EDGE('',*,*,#1835,.F.);
#1835 = EDGE_CURVE('',#1112,#1828,#1836,.T.);
#1836 = LINE('',#1837,#1838);
#1837 = CARTESIAN_POINT('',(1.5,-1.395,5.906285300851E-02));
#1838 = VECTOR('',#1839,1.);
#1839 = DIRECTION('',(-1.,-6.982966722219E-15,1.55053008704E-30));
#1840 = ORIENTED_EDGE('',*,*,#1111,.T.);
#1841 = PLANE('',#1842);
#1842 = AXIS2_PLACEMENT_3D('',#1843,#1844,#1845);
#1843 = CARTESIAN_POINT('',(1.5,-1.395,0.609062853009));
#1844 = DIRECTION('',(-6.982966722219E-15,1.,3.269438756184E-15));
#1845 = DIRECTION('',(-1.,-6.982966722219E-15,1.55053008704E-30));
#1846 = ADVANCED_FACE('',(#1847),#1892,.F.);
#1847 = FACE_BOUND('',#1848,.T.);
#1848 = EDGE_LOOP('',(#1849,#1850,#1856,#1857,#1858,#1859,#1860,#1866,
    #1867,#1875,#1881,#1882,#1883,#1884,#1890,#1891));
#1849 = ORIENTED_EDGE('',*,*,#1487,.F.);
#1850 = ORIENTED_EDGE('',*,*,#1851,.F.);
#1851 = EDGE_CURVE('',#1664,#1480,#1852,.T.);
#1852 = LINE('',#1853,#1854);
#1853 = CARTESIAN_POINT('',(-2.,1.255,5.906285300851E-02));
#1854 = VECTOR('',#1855,1.);
#1855 = DIRECTION('',(-1.,-7.971189900216E-44,2.438091212181E-29));
#1856 = ORIENTED_EDGE('',*,*,#1663,.T.);
#1857 = ORIENTED_EDGE('',*,*,#983,.F.);
#1858 = ORIENTED_EDGE('',*,*,#1119,.T.);
#1859 = ORIENTED_EDGE('',*,*,#1835,.T.);
#1860 = ORIENTED_EDGE('',*,*,#1861,.F.);
#1861 = EDGE_CURVE('',#1273,#1828,#1862,.T.);
#1862 = LINE('',#1863,#1864);
#1863 = CARTESIAN_POINT('',(1.5,-2.895,5.90628530085E-02));
#1864 = VECTOR('',#1865,1.);
#1865 = DIRECTION('',(0.,1.,3.269438756184E-15));
#1866 = ORIENTED_EDGE('',*,*,#1272,.T.);
#1867 = ORIENTED_EDGE('',*,*,#1868,.F.);
#1868 = EDGE_CURVE('',#1869,#1265,#1871,.T.);
#1869 = VERTEX_POINT('',#1870);
#1870 = CARTESIAN_POINT('',(-1.5,-1.395,5.90628530085E-02));
#1871 = LINE('',#1872,#1873);
#1872 = CARTESIAN_POINT('',(-1.5,-2.895,5.90628530085E-02));
#1873 = VECTOR('',#1874,1.);
#1874 = DIRECTION('',(0.,-1.,-3.269438756184E-15));
#1875 = ORIENTED_EDGE('',*,*,#1876,.F.);
#1876 = EDGE_CURVE('',#1312,#1869,#1877,.T.);
#1877 = LINE('',#1878,#1879);
#1878 = CARTESIAN_POINT('',(-2.,-1.395,5.906285300851E-02));
#1879 = VECTOR('',#1880,1.);
#1880 = DIRECTION('',(1.,7.971189900216E-44,-2.438091212181E-29));
#1881 = ORIENTED_EDGE('',*,*,#1311,.T.);
#1882 = ORIENTED_EDGE('',*,*,#928,.F.);
#1883 = ORIENTED_EDGE('',*,*,#1598,.F.);
#1884 = ORIENTED_EDGE('',*,*,#1885,.F.);
#1885 = EDGE_CURVE('',#1519,#1591,#1886,.T.);
#1886 = LINE('',#1887,#1888);
#1887 = CARTESIAN_POINT('',(-2.,1.255,5.906285300851E-02));
#1888 = VECTOR('',#1889,1.);
#1889 = DIRECTION('',(-1.,-7.971189900216E-44,2.438091212181E-29));
#1890 = ORIENTED_EDGE('',*,*,#1518,.T.);
#1891 = ORIENTED_EDGE('',*,*,#896,.F.);
#1892 = PLANE('',#1893);
#1893 = AXIS2_PLACEMENT_3D('',#1894,#1895,#1896);
#1894 = CARTESIAN_POINT('',(-2.,-2.895,5.90628530085E-02));
#1895 = DIRECTION('',(2.438091212181E-29,-3.269438756184E-15,1.));
#1896 = DIRECTION('',(0.,-1.,-3.269438756184E-15));
#1897 = ADVANCED_FACE('',(#1898),#1923,.F.);
#1898 = FACE_BOUND('',#1899,.T.);
#1899 = EDGE_LOOP('',(#1900,#1908,#1916,#1922));
#1900 = ORIENTED_EDGE('',*,*,#1901,.F.);
#1901 = EDGE_CURVE('',#1902,#1167,#1904,.T.);
#1902 = VERTEX_POINT('',#1903);
#1903 = CARTESIAN_POINT('',(-1.2,0.105,2.559062853009));
#1904 = LINE('',#1905,#1906);
#1905 = CARTESIAN_POINT('',(-1.2,0.105,2.559062853009));
#1906 = VECTOR('',#1907,1.);
#1907 = DIRECTION('',(0.,-1.,-3.269438756184E-15));
#1908 = ORIENTED_EDGE('',*,*,#1909,.F.);
#1909 = EDGE_CURVE('',#1910,#1902,#1912,.T.);
#1910 = VERTEX_POINT('',#1911);
#1911 = CARTESIAN_POINT('',(1.2,0.105,2.559062853009));
#1912 = LINE('',#1913,#1914);
#1913 = CARTESIAN_POINT('',(-1.2,0.105,2.559062853009));
#1914 = VECTOR('',#1915,1.);
#1915 = DIRECTION('',(-1.,5.907887670438E-31,-1.807003620809E-16));
#1916 = ORIENTED_EDGE('',*,*,#1917,.F.);
#1917 = EDGE_CURVE('',#1175,#1910,#1918,.T.);
#1918 = LINE('',#1919,#1920);
#1919 = CARTESIAN_POINT('',(1.2,0.105,2.559062853009));
#1920 = VECTOR('',#1921,1.);
#1921 = DIRECTION('',(0.,1.,3.269438756184E-15));
#1922 = ORIENTED_EDGE('',*,*,#1174,.T.);
#1923 = PLANE('',#1924);
#1924 = AXIS2_PLACEMENT_3D('',#1925,#1926,#1927);
#1925 = CARTESIAN_POINT('',(-1.2,0.105,2.559062853009));
#1926 = DIRECTION('',(-1.807003620809E-16,-3.269438756184E-15,1.));
#1927 = DIRECTION('',(0.,-1.,-3.269438756184E-15));
#1928 = ADVANCED_FACE('',(#1929),#1954,.F.);
#1929 = FACE_BOUND('',#1930,.T.);
#1930 = EDGE_LOOP('',(#1931,#1939,#1947,#1953));
#1931 = ORIENTED_EDGE('',*,*,#1932,.F.);
#1932 = EDGE_CURVE('',#1933,#1215,#1935,.T.);
#1933 = VERTEX_POINT('',#1934);
#1934 = CARTESIAN_POINT('',(1.2,0.105,0.459062853009));
#1935 = LINE('',#1936,#1937);
#1936 = CARTESIAN_POINT('',(1.2,0.105,0.459062853009));
#1937 = VECTOR('',#1938,1.);
#1938 = DIRECTION('',(0.,-1.,-3.269438756184E-15));
#1939 = ORIENTED_EDGE('',*,*,#1940,.F.);
#1940 = EDGE_CURVE('',#1941,#1933,#1943,.T.);
#1941 = VERTEX_POINT('',#1942);
#1942 = CARTESIAN_POINT('',(-1.2,0.105,0.459062853009));
#1943 = LINE('',#1944,#1945);
#1944 = CARTESIAN_POINT('',(1.2,0.105,0.459062853009));
#1945 = VECTOR('',#1946,1.);
#1946 = DIRECTION('',(1.,-3.692429794024E-31,1.129377263005E-16));
#1947 = ORIENTED_EDGE('',*,*,#1948,.F.);
#1948 = EDGE_CURVE('',#1223,#1941,#1949,.T.);
#1949 = LINE('',#1950,#1951);
#1950 = CARTESIAN_POINT('',(-1.2,0.105,0.459062853009));
#1951 = VECTOR('',#1952,1.);
#1952 = DIRECTION('',(0.,1.,3.269438756184E-15));
#1953 = ORIENTED_EDGE('',*,*,#1222,.T.);
#1954 = PLANE('',#1955);
#1955 = AXIS2_PLACEMENT_3D('',#1956,#1957,#1958);
#1956 = CARTESIAN_POINT('',(1.2,0.105,0.459062853009));
#1957 = DIRECTION('',(1.129377263005E-16,3.269438756184E-15,-1.));
#1958 = DIRECTION('',(0.,1.,3.269438756184E-15));
#1959 = ADVANCED_FACE('',(#1960),#1994,.T.);
#1960 = FACE_BOUND('',#1961,.T.);
#1961 = EDGE_LOOP('',(#1962,#1963,#1971,#1979,#1987,#1993));
#1962 = ORIENTED_EDGE('',*,*,#1343,.T.);
#1963 = ORIENTED_EDGE('',*,*,#1964,.T.);
#1964 = EDGE_CURVE('',#1336,#1965,#1967,.T.);
#1965 = VERTEX_POINT('',#1966);
#1966 = CARTESIAN_POINT('',(-1.7,-2.395,1.259062853009));
#1967 = LINE('',#1968,#1969);
#1968 = CARTESIAN_POINT('',(-1.5,-2.395,1.259062853009));
#1969 = VECTOR('',#1970,1.);
#1970 = DIRECTION('',(1.,6.055061399543E-44,-2.135253304556E-29));
#1971 = ORIENTED_EDGE('',*,*,#1972,.F.);
#1972 = EDGE_CURVE('',#1973,#1965,#1975,.T.);
#1973 = VERTEX_POINT('',#1974);
#1974 = CARTESIAN_POINT('',(-1.7,-1.395,1.259062853009));
#1975 = LINE('',#1976,#1977);
#1976 = CARTESIAN_POINT('',(-1.7,-0.129101109883,1.259062853009));
#1977 = VECTOR('',#1978,1.);
#1978 = DIRECTION('',(0.,-1.,2.22044604925E-16));
#1979 = ORIENTED_EDGE('',*,*,#1980,.F.);
#1980 = EDGE_CURVE('',#1981,#1973,#1983,.T.);
#1981 = VERTEX_POINT('',#1982);
#1982 = CARTESIAN_POINT('',(-1.5,-1.395,1.259062853009));
#1983 = LINE('',#1984,#1985);
#1984 = CARTESIAN_POINT('',(-1.5,-1.395,1.259062853009));
#1985 = VECTOR('',#1986,1.);
#1986 = DIRECTION('',(-1.,-6.982966722219E-15,1.55053008704E-30));
#1987 = ORIENTED_EDGE('',*,*,#1988,.T.);
#1988 = EDGE_CURVE('',#1981,#1255,#1989,.T.);
#1989 = LINE('',#1990,#1991);
#1990 = CARTESIAN_POINT('',(-1.5,-0.129101109883,1.259062853009));
#1991 = VECTOR('',#1992,1.);
#1992 = DIRECTION('',(0.,-1.,2.22044604925E-16));
#1993 = ORIENTED_EDGE('',*,*,#1254,.T.);
#1994 = PLANE('',#1995);
#1995 = AXIS2_PLACEMENT_3D('',#1996,#1997,#1998);
#1996 = CARTESIAN_POINT('',(-1.5,-2.895,1.259062853009));
#1997 = DIRECTION('',(-2.135253304556E-29,2.83575788719E-15,-1.));
#1998 = DIRECTION('',(0.,1.,2.83575788719E-15));
#1999 = ADVANCED_FACE('',(#2000),#2025,.T.);
#2000 = FACE_BOUND('',#2001,.T.);
#2001 = EDGE_LOOP('',(#2002,#2003,#2004,#2010,#2011,#2019));
#2002 = ORIENTED_EDGE('',*,*,#1319,.T.);
#2003 = ORIENTED_EDGE('',*,*,#1876,.T.);
#2004 = ORIENTED_EDGE('',*,*,#2005,.T.);
#2005 = EDGE_CURVE('',#1869,#1981,#2006,.T.);
#2006 = LINE('',#2007,#2008);
#2007 = CARTESIAN_POINT('',(-1.5,-1.395,9.062853008498E-03));
#2008 = VECTOR('',#2009,1.);
#2009 = DIRECTION('',(0.,-3.269438756184E-15,1.));
#2010 = ORIENTED_EDGE('',*,*,#1980,.T.);
#2011 = ORIENTED_EDGE('',*,*,#2012,.T.);
#2012 = EDGE_CURVE('',#1973,#2013,#2015,.T.);
#2013 = VERTEX_POINT('',#2014);
#2014 = CARTESIAN_POINT('',(-1.7,-1.395,0.609062853009));
#2015 = LINE('',#2016,#2017);
#2016 = CARTESIAN_POINT('',(-1.7,-1.395,9.062853008498E-03));
#2017 = VECTOR('',#2018,1.);
#2018 = DIRECTION('',(0.,3.269438756184E-15,-1.));
#2019 = ORIENTED_EDGE('',*,*,#2020,.T.);
#2020 = EDGE_CURVE('',#2013,#1320,#2021,.T.);
#2021 = LINE('',#2022,#2023);
#2022 = CARTESIAN_POINT('',(-1.5,-1.395,0.609062853009));
#2023 = VECTOR('',#2024,1.);
#2024 = DIRECTION('',(-1.,-6.982966722219E-15,1.55053008704E-30));
#2025 = PLANE('',#2026);
#2026 = AXIS2_PLACEMENT_3D('',#2027,#2028,#2029);
#2027 = CARTESIAN_POINT('',(-1.5,-1.395,0.609062853009));
#2028 = DIRECTION('',(6.982966722219E-15,-1.,-3.269438756184E-15));
#2029 = DIRECTION('',(1.,6.982966722219E-15,-1.55053008704E-30));
#2030 = ADVANCED_FACE('',(#2031),#2049,.T.);
#2031 = FACE_BOUND('',#2032,.T.);
#2032 = EDGE_LOOP('',(#2033,#2034,#2035,#2043));
#2033 = ORIENTED_EDGE('',*,*,#1327,.T.);
#2034 = ORIENTED_EDGE('',*,*,#2020,.F.);
#2035 = ORIENTED_EDGE('',*,*,#2036,.F.);
#2036 = EDGE_CURVE('',#2037,#2013,#2039,.T.);
#2037 = VERTEX_POINT('',#2038);
#2038 = CARTESIAN_POINT('',(-1.7,-2.395,0.609062853009));
#2039 = LINE('',#2040,#2041);
#2040 = CARTESIAN_POINT('',(-1.7,-1.395,0.609062853009));
#2041 = VECTOR('',#2042,1.);
#2042 = DIRECTION('',(-6.982966722219E-15,1.,-2.22044604925E-16));
#2043 = ORIENTED_EDGE('',*,*,#2044,.T.);
#2044 = EDGE_CURVE('',#2037,#1328,#2045,.T.);
#2045 = LINE('',#2046,#2047);
#2046 = CARTESIAN_POINT('',(-1.5,-2.395,0.609062853009));
#2047 = VECTOR('',#2048,1.);
#2048 = DIRECTION('',(-1.,-8.491264215054E-44,2.513800689087E-29));
#2049 = PLANE('',#2050);
#2050 = AXIS2_PLACEMENT_3D('',#2051,#2052,#2053);
#2051 = CARTESIAN_POINT('',(-1.5,-2.395,0.609062853009));
#2052 = DIRECTION('',(-2.513800689087E-29,3.377858973433E-15,-1.));
#2053 = DIRECTION('',(0.,1.,3.377858973433E-15));
#2054 = ADVANCED_FACE('',(#2055),#2066,.T.);
#2055 = FACE_BOUND('',#2056,.T.);
#2056 = EDGE_LOOP('',(#2057,#2058,#2059,#2065));
#2057 = ORIENTED_EDGE('',*,*,#1335,.T.);
#2058 = ORIENTED_EDGE('',*,*,#2044,.F.);
#2059 = ORIENTED_EDGE('',*,*,#2060,.F.);
#2060 = EDGE_CURVE('',#1965,#2037,#2061,.T.);
#2061 = LINE('',#2062,#2063);
#2062 = CARTESIAN_POINT('',(-1.7,-2.395,0.609062853009));
#2063 = VECTOR('',#2064,1.);
#2064 = DIRECTION('',(5.605193857299E-45,-2.22044604925E-16,-1.));
#2065 = ORIENTED_EDGE('',*,*,#1964,.F.);
#2066 = PLANE('',#2067);
#2067 = AXIS2_PLACEMENT_3D('',#2068,#2069,#2070);
#2068 = CARTESIAN_POINT('',(-1.5,-2.395,1.259062853009));
#2069 = DIRECTION('',(6.982966722219E-15,-1.,-3.269438756184E-15));
#2070 = DIRECTION('',(1.,6.982966722219E-15,-1.55053008704E-30));
#2071 = ADVANCED_FACE('',(#2072),#2083,.T.);
#2072 = FACE_BOUND('',#2073,.T.);
#2073 = EDGE_LOOP('',(#2074,#2075,#2081,#2082));
#2074 = ORIENTED_EDGE('',*,*,#1432,.T.);
#2075 = ORIENTED_EDGE('',*,*,#2076,.T.);
#2076 = EDGE_CURVE('',#1425,#1360,#2077,.T.);
#2077 = LINE('',#2078,#2079);
#2078 = CARTESIAN_POINT('',(-1.5,0.805,2.459062853009));
#2079 = VECTOR('',#2080,1.);
#2080 = DIRECTION('',(-1.,-7.971189900216E-44,2.438091212181E-29));
#2081 = ORIENTED_EDGE('',*,*,#1359,.T.);
#2082 = ORIENTED_EDGE('',*,*,#1397,.F.);
#2083 = PLANE('',#2084);
#2084 = AXIS2_PLACEMENT_3D('',#2085,#2086,#2087);
#2085 = CARTESIAN_POINT('',(-1.5,0.805,2.459062853009));
#2086 = DIRECTION('',(2.438091212181E-29,-3.269438756184E-15,1.));
#2087 = DIRECTION('',(0.,-1.,-3.269438756184E-15));
#2088 = ADVANCED_FACE('',(#2089),#2095,.T.);
#2089 = FACE_BOUND('',#2090,.T.);
#2090 = EDGE_LOOP('',(#2091,#2092,#2093,#2094));
#2091 = ORIENTED_EDGE('',*,*,#1424,.T.);
#2092 = ORIENTED_EDGE('',*,*,#1631,.F.);
#2093 = ORIENTED_EDGE('',*,*,#1367,.T.);
#2094 = ORIENTED_EDGE('',*,*,#2076,.F.);
#2095 = PLANE('',#2096);
#2096 = AXIS2_PLACEMENT_3D('',#2097,#2098,#2099);
#2097 = CARTESIAN_POINT('',(-1.5,0.805,2.459062853009));
#2098 = DIRECTION('',(-6.982966722219E-15,1.,3.377858973433E-15));
#2099 = DIRECTION('',(-1.,-6.982966722219E-15,1.55053008704E-30));
#2100 = ADVANCED_FACE('',(#2101),#2112,.F.);
#2101 = FACE_BOUND('',#2102,.T.);
#2102 = EDGE_LOOP('',(#2103,#2109,#2110,#2111));
#2103 = ORIENTED_EDGE('',*,*,#2104,.F.);
#2104 = EDGE_CURVE('',#1496,#1680,#2105,.T.);
#2105 = LINE('',#2106,#2107);
#2106 = CARTESIAN_POINT('',(0.4,2.055,-9.371469914833E-04));
#2107 = VECTOR('',#2108,1.);
#2108 = DIRECTION('',(1.,6.982966722219E-15,-1.55053008704E-30));
#2109 = ORIENTED_EDGE('',*,*,#1495,.F.);
#2110 = ORIENTED_EDGE('',*,*,#1446,.T.);
#2111 = ORIENTED_EDGE('',*,*,#1687,.T.);
#2112 = PLANE('',#2113);
#2113 = AXIS2_PLACEMENT_3D('',#2114,#2115,#2116);
#2114 = CARTESIAN_POINT('',(0.4,2.055,-9.371469914833E-04));
#2115 = DIRECTION('',(6.982966722219E-15,-1.,-5.979944187398E-15));
#2116 = DIRECTION('',(1.,6.982966722219E-15,-1.55053008704E-30));
#2117 = ADVANCED_FACE('',(#2118),#2129,.F.);
#2118 = FACE_BOUND('',#2119,.T.);
#2119 = EDGE_LOOP('',(#2120,#2121,#2122,#2128));
#2120 = ORIENTED_EDGE('',*,*,#1851,.T.);
#2121 = ORIENTED_EDGE('',*,*,#1477,.F.);
#2122 = ORIENTED_EDGE('',*,*,#2123,.F.);
#2123 = EDGE_CURVE('',#1672,#1478,#2124,.T.);
#2124 = LINE('',#2125,#2126);
#2125 = CARTESIAN_POINT('',(0.4,1.255,-9.371469914859E-04));
#2126 = VECTOR('',#2127,1.);
#2127 = DIRECTION('',(-1.,-6.982966722219E-15,1.55053008704E-30));
#2128 = ORIENTED_EDGE('',*,*,#1671,.T.);
#2129 = PLANE('',#2130);
#2130 = AXIS2_PLACEMENT_3D('',#2131,#2132,#2133);
#2131 = CARTESIAN_POINT('',(0.4,1.255,-9.371469914859E-04));
#2132 = DIRECTION('',(-6.982966722219E-15,1.,3.179088575144E-15));
#2133 = DIRECTION('',(-1.,-6.982966722219E-15,1.55053008704E-30));
#2134 = ADVANCED_FACE('',(#2135),#2141,.F.);
#2135 = FACE_BOUND('',#2136,.T.);
#2136 = EDGE_LOOP('',(#2137,#2138,#2139,#2140));
#2137 = ORIENTED_EDGE('',*,*,#2123,.T.);
#2138 = ORIENTED_EDGE('',*,*,#1503,.F.);
#2139 = ORIENTED_EDGE('',*,*,#2104,.T.);
#2140 = ORIENTED_EDGE('',*,*,#1679,.T.);
#2141 = PLANE('',#2142);
#2142 = AXIS2_PLACEMENT_3D('',#2143,#2144,#2145);
#2143 = CARTESIAN_POINT('',(0.4,1.255,-9.371469914859E-04));
#2144 = DIRECTION('',(2.361198774698E-29,-3.159324473041E-15,1.));
#2145 = DIRECTION('',(0.,-1.,-3.159324473041E-15));
#2146 = ADVANCED_FACE('',(#2147),#2158,.F.);
#2147 = FACE_BOUND('',#2148,.T.);
#2148 = EDGE_LOOP('',(#2149,#2150,#2151,#2157));
#2149 = ORIENTED_EDGE('',*,*,#1885,.T.);
#2150 = ORIENTED_EDGE('',*,*,#1588,.F.);
#2151 = ORIENTED_EDGE('',*,*,#2152,.F.);
#2152 = EDGE_CURVE('',#1527,#1589,#2153,.T.);
#2153 = LINE('',#2154,#2155);
#2154 = CARTESIAN_POINT('',(-0.6,1.255,-9.371469914859E-04));
#2155 = VECTOR('',#2156,1.);
#2156 = DIRECTION('',(-1.,-6.982966722219E-15,1.55053008704E-30));
#2157 = ORIENTED_EDGE('',*,*,#1526,.T.);
#2158 = PLANE('',#2159);
#2159 = AXIS2_PLACEMENT_3D('',#2160,#2161,#2162);
#2160 = CARTESIAN_POINT('',(-0.6,1.255,-9.371469914859E-04));
#2161 = DIRECTION('',(-6.982966722219E-15,1.,3.179088575144E-15));
#2162 = DIRECTION('',(-1.,-6.982966722219E-15,1.55053008704E-30));
#2163 = ADVANCED_FACE('',(#2164),#2175,.F.);
#2164 = FACE_BOUND('',#2165,.T.);
#2165 = EDGE_LOOP('',(#2166,#2167,#2168,#2174));
#2166 = ORIENTED_EDGE('',*,*,#2152,.T.);
#2167 = ORIENTED_EDGE('',*,*,#1614,.F.);
#2168 = ORIENTED_EDGE('',*,*,#2169,.F.);
#2169 = EDGE_CURVE('',#1535,#1607,#2170,.T.);
#2170 = LINE('',#2171,#2172);
#2171 = CARTESIAN_POINT('',(-0.6,2.055,-9.371469914833E-04));
#2172 = VECTOR('',#2173,1.);
#2173 = DIRECTION('',(-1.,-7.459793074618E-44,2.361198774698E-29));
#2174 = ORIENTED_EDGE('',*,*,#1534,.T.);
#2175 = PLANE('',#2176);
#2176 = AXIS2_PLACEMENT_3D('',#2177,#2178,#2179);
#2177 = CARTESIAN_POINT('',(-0.6,1.255,-9.371469914859E-04));
#2178 = DIRECTION('',(2.361198774698E-29,-3.159324473041E-15,1.));
#2179 = DIRECTION('',(0.,-1.,-3.159324473041E-15));
#2180 = ADVANCED_FACE('',(#2181),#2187,.F.);
#2181 = FACE_BOUND('',#2182,.T.);
#2182 = EDGE_LOOP('',(#2183,#2184,#2185,#2186));
#2183 = ORIENTED_EDGE('',*,*,#2169,.T.);
#2184 = ORIENTED_EDGE('',*,*,#1606,.F.);
#2185 = ORIENTED_EDGE('',*,*,#1564,.T.);
#2186 = ORIENTED_EDGE('',*,*,#1542,.T.);
#2187 = PLANE('',#2188);
#2188 = AXIS2_PLACEMENT_3D('',#2189,#2190,#2191);
#2189 = CARTESIAN_POINT('',(-0.6,2.055,-9.371469914833E-04));
#2190 = DIRECTION('',(6.982966722219E-15,-1.,-5.979944187398E-15));
#2191 = DIRECTION('',(1.,6.982966722219E-15,-1.55053008704E-30));
#2192 = ADVANCED_FACE('',(#2193),#2227,.F.);
#2193 = FACE_BOUND('',#2194,.T.);
#2194 = EDGE_LOOP('',(#2195,#2203,#2211,#2217,#2218,#2219,#2225,#2226));
#2195 = ORIENTED_EDGE('',*,*,#2196,.F.);
#2196 = EDGE_CURVE('',#2197,#1159,#2199,.T.);
#2197 = VERTEX_POINT('',#2198);
#2198 = CARTESIAN_POINT('',(-1.2,-0.495,2.059062853009));
#2199 = LINE('',#2200,#2201);
#2200 = CARTESIAN_POINT('',(-1.2,0.105,2.059062853009));
#2201 = VECTOR('',#2202,1.);
#2202 = DIRECTION('',(7.085009279629E-15,-1.,2.22044604925E-16));
#2203 = ORIENTED_EDGE('',*,*,#2204,.F.);
#2204 = EDGE_CURVE('',#2205,#2197,#2207,.T.);
#2205 = VERTEX_POINT('',#2206);
#2206 = CARTESIAN_POINT('',(-1.2,-0.495,1.459062853009));
#2207 = LINE('',#2208,#2209);
#2208 = CARTESIAN_POINT('',(-1.2,-0.495,2.559062853009));
#2209 = VECTOR('',#2210,1.);
#2210 = DIRECTION('',(-3.562798913235E-31,2.22044604925E-16,1.));
#2211 = ORIENTED_EDGE('',*,*,#2212,.F.);
#2212 = EDGE_CURVE('',#1231,#2205,#2213,.T.);
#2213 = LINE('',#2214,#2215);
#2214 = CARTESIAN_POINT('',(-1.2,0.105,1.459062853009));
#2215 = VECTOR('',#2216,1.);
#2216 = DIRECTION('',(-7.085009279629E-15,1.,-2.22044604925E-16));
#2217 = ORIENTED_EDGE('',*,*,#1230,.F.);
#2218 = ORIENTED_EDGE('',*,*,#1948,.T.);
#2219 = ORIENTED_EDGE('',*,*,#2220,.F.);
#2220 = EDGE_CURVE('',#1902,#1941,#2221,.T.);
#2221 = LINE('',#2222,#2223);
#2222 = CARTESIAN_POINT('',(-1.2,0.105,2.559062853009));
#2223 = VECTOR('',#2224,1.);
#2224 = DIRECTION('',(3.562798913235E-31,-2.22044604925E-16,-1.));
#2225 = ORIENTED_EDGE('',*,*,#1901,.T.);
#2226 = ORIENTED_EDGE('',*,*,#1166,.F.);
#2227 = PLANE('',#2228);
#2228 = AXIS2_PLACEMENT_3D('',#2229,#2230,#2231);
#2229 = CARTESIAN_POINT('',(-1.2,0.105,2.559062853009));
#2230 = DIRECTION('',(-1.,-7.085009279629E-15,1.216908195062E-30));
#2231 = DIRECTION('',(7.085009279629E-15,-1.,2.22044604925E-16));
#2232 = ADVANCED_FACE('',(#2233,#2244,#2278),#2312,.T.);
#2233 = FACE_BOUND('',#2234,.T.);
#2234 = EDGE_LOOP('',(#2235,#2236,#2237,#2243));
#2235 = ORIENTED_EDGE('',*,*,#2220,.T.);
#2236 = ORIENTED_EDGE('',*,*,#1940,.T.);
#2237 = ORIENTED_EDGE('',*,*,#2238,.T.);
#2238 = EDGE_CURVE('',#1933,#1910,#2239,.T.);
#2239 = LINE('',#2240,#2241);
#2240 = CARTESIAN_POINT('',(1.2,0.105,2.559062853009));
#2241 = VECTOR('',#2242,1.);
#2242 = DIRECTION('',(2.438091212181E-29,-3.269438756184E-15,1.));
#2243 = ORIENTED_EDGE('',*,*,#1909,.T.);
#2244 = FACE_BOUND('',#2245,.T.);
#2245 = EDGE_LOOP('',(#2246,#2256,#2264,#2272));
#2246 = ORIENTED_EDGE('',*,*,#2247,.T.);
#2247 = EDGE_CURVE('',#2248,#2250,#2252,.T.);
#2248 = VERTEX_POINT('',#2249);
#2249 = CARTESIAN_POINT('',(-0.4,0.105,2.139062853009));
#2250 = VERTEX_POINT('',#2251);
#2251 = CARTESIAN_POINT('',(-0.4,0.105,1.659062853009));
#2252 = LINE('',#2253,#2254);
#2253 = CARTESIAN_POINT('',(-0.4,0.105,0.149062853009));
#2254 = VECTOR('',#2255,1.);
#2255 = DIRECTION('',(5.605193857299E-45,-2.22044604925E-16,-1.));
#2256 = ORIENTED_EDGE('',*,*,#2257,.T.);
#2257 = EDGE_CURVE('',#2250,#2258,#2260,.T.);
#2258 = VERTEX_POINT('',#2259);
#2259 = CARTESIAN_POINT('',(-0.6,0.105,1.659062853009));
#2260 = LINE('',#2261,#2262);
#2261 = CARTESIAN_POINT('',(1.2,0.105,1.659062853009));
#2262 = VECTOR('',#2263,1.);
#2263 = DIRECTION('',(-1.,-6.982966722219E-15,1.55053008704E-30));
#2264 = ORIENTED_EDGE('',*,*,#2265,.F.);
#2265 = EDGE_CURVE('',#2266,#2258,#2268,.T.);
#2266 = VERTEX_POINT('',#2267);
#2267 = CARTESIAN_POINT('',(-0.6,0.105,2.139062853009));
#2268 = LINE('',#2269,#2270);
#2269 = CARTESIAN_POINT('',(-0.6,0.105,0.149062853009));
#2270 = VECTOR('',#2271,1.);
#2271 = DIRECTION('',(5.605193857299E-45,-2.22044604925E-16,-1.));
#2272 = ORIENTED_EDGE('',*,*,#2273,.T.);
#2273 = EDGE_CURVE('',#2266,#2248,#2274,.T.);
#2274 = LINE('',#2275,#2276);
#2275 = CARTESIAN_POINT('',(-0.6,0.105,2.139062853009));
#2276 = VECTOR('',#2277,1.);
#2277 = DIRECTION('',(1.,8.828769342216E-44,-2.561698521415E-29));
#2278 = FACE_BOUND('',#2279,.T.);
#2279 = EDGE_LOOP('',(#2280,#2290,#2298,#2306));
#2280 = ORIENTED_EDGE('',*,*,#2281,.T.);
#2281 = EDGE_CURVE('',#2282,#2284,#2286,.T.);
#2282 = VERTEX_POINT('',#2283);
#2283 = CARTESIAN_POINT('',(0.6,0.105,2.139062853009));
#2284 = VERTEX_POINT('',#2285);
#2285 = CARTESIAN_POINT('',(0.6,0.105,1.659062853009));
#2286 = LINE('',#2287,#2288);
#2287 = CARTESIAN_POINT('',(0.6,0.105,0.149062853009));
#2288 = VECTOR('',#2289,1.);
#2289 = DIRECTION('',(5.605193857299E-45,-2.22044604925E-16,-1.));
#2290 = ORIENTED_EDGE('',*,*,#2291,.T.);
#2291 = EDGE_CURVE('',#2284,#2292,#2294,.T.);
#2292 = VERTEX_POINT('',#2293);
#2293 = CARTESIAN_POINT('',(0.4,0.105,1.659062853009));
#2294 = LINE('',#2295,#2296);
#2295 = CARTESIAN_POINT('',(1.2,0.105,1.659062853009));
#2296 = VECTOR('',#2297,1.);
#2297 = DIRECTION('',(-1.,-6.982966722219E-15,1.55053008704E-30));
#2298 = ORIENTED_EDGE('',*,*,#2299,.F.);
#2299 = EDGE_CURVE('',#2300,#2292,#2302,.T.);
#2300 = VERTEX_POINT('',#2301);
#2301 = CARTESIAN_POINT('',(0.4,0.105,2.139062853009));
#2302 = LINE('',#2303,#2304);
#2303 = CARTESIAN_POINT('',(0.4,0.105,0.149062853009));
#2304 = VECTOR('',#2305,1.);
#2305 = DIRECTION('',(5.605193857299E-45,-2.22044604925E-16,-1.));
#2306 = ORIENTED_EDGE('',*,*,#2307,.T.);
#2307 = EDGE_CURVE('',#2300,#2282,#2308,.T.);
#2308 = LINE('',#2309,#2310);
#2309 = CARTESIAN_POINT('',(0.4,0.105,2.139062853009));
#2310 = VECTOR('',#2311,1.);
#2311 = DIRECTION('',(1.,8.828769342216E-44,-2.561698521415E-29));
#2312 = PLANE('',#2313);
#2313 = AXIS2_PLACEMENT_3D('',#2314,#2315,#2316);
#2314 = CARTESIAN_POINT('',(1.2,0.105,2.559062853009));
#2315 = DIRECTION('',(6.982966722219E-15,-1.,-3.269438756184E-15));
#2316 = DIRECTION('',(1.,6.982966722219E-15,-1.55053008704E-30));
#2317 = ADVANCED_FACE('',(#2318),#2347,.F.);
#2318 = FACE_BOUND('',#2319,.T.);
#2319 = EDGE_LOOP('',(#2320,#2328,#2329,#2330,#2331,#2332,#2333,#2341));
#2320 = ORIENTED_EDGE('',*,*,#2321,.F.);
#2321 = EDGE_CURVE('',#1183,#2322,#2324,.T.);
#2322 = VERTEX_POINT('',#2323);
#2323 = CARTESIAN_POINT('',(1.2,-0.495,2.059062853009));
#2324 = LINE('',#2325,#2326);
#2325 = CARTESIAN_POINT('',(1.2,0.105,2.059062853009));
#2326 = VECTOR('',#2327,1.);
#2327 = DIRECTION('',(-7.085009279629E-15,1.,-2.22044604925E-16));
#2328 = ORIENTED_EDGE('',*,*,#1182,.F.);
#2329 = ORIENTED_EDGE('',*,*,#1917,.T.);
#2330 = ORIENTED_EDGE('',*,*,#2238,.F.);
#2331 = ORIENTED_EDGE('',*,*,#1932,.T.);
#2332 = ORIENTED_EDGE('',*,*,#1214,.F.);
#2333 = ORIENTED_EDGE('',*,*,#2334,.F.);
#2334 = EDGE_CURVE('',#2335,#1207,#2337,.T.);
#2335 = VERTEX_POINT('',#2336);
#2336 = CARTESIAN_POINT('',(1.2,-0.495,1.459062853009));
#2337 = LINE('',#2338,#2339);
#2338 = CARTESIAN_POINT('',(1.2,0.105,1.459062853009));
#2339 = VECTOR('',#2340,1.);
#2340 = DIRECTION('',(7.085009279629E-15,-1.,2.22044604925E-16));
#2341 = ORIENTED_EDGE('',*,*,#2342,.F.);
#2342 = EDGE_CURVE('',#2322,#2335,#2343,.T.);
#2343 = LINE('',#2344,#2345);
#2344 = CARTESIAN_POINT('',(1.2,-0.495,2.559062853009));
#2345 = VECTOR('',#2346,1.);
#2346 = DIRECTION('',(2.06514699521E-16,-2.22044604925E-16,-1.));
#2347 = PLANE('',#2348);
#2348 = AXIS2_PLACEMENT_3D('',#2349,#2350,#2351);
#2349 = CARTESIAN_POINT('',(1.2,0.105,2.559062853009));
#2350 = DIRECTION('',(1.,7.085009279629E-15,2.06514699521E-16));
#2351 = DIRECTION('',(-7.085009279629E-15,1.,-2.22044604925E-16));
#2352 = ADVANCED_FACE('',(#2353),#2371,.F.);
#2353 = FACE_BOUND('',#2354,.T.);
#2354 = EDGE_LOOP('',(#2355,#2363,#2369,#2370));
#2355 = ORIENTED_EDGE('',*,*,#2356,.F.);
#2356 = EDGE_CURVE('',#2357,#1157,#2359,.T.);
#2357 = VERTEX_POINT('',#2358);
#2358 = CARTESIAN_POINT('',(-1.55,-0.495,2.059062853009));
#2359 = LINE('',#2360,#2361);
#2360 = CARTESIAN_POINT('',(-1.55,-0.495,2.059062853009));
#2361 = VECTOR('',#2362,1.);
#2362 = DIRECTION('',(0.,-1.,-3.269438756184E-15));
#2363 = ORIENTED_EDGE('',*,*,#2364,.F.);
#2364 = EDGE_CURVE('',#2197,#2357,#2365,.T.);
#2365 = LINE('',#2366,#2367);
#2366 = CARTESIAN_POINT('',(-1.2,-0.495,2.059062853009));
#2367 = VECTOR('',#2368,1.);
#2368 = DIRECTION('',(-1.,-7.971189900216E-44,2.438091212181E-29));
#2369 = ORIENTED_EDGE('',*,*,#2196,.T.);
#2370 = ORIENTED_EDGE('',*,*,#1156,.F.);
#2371 = PLANE('',#2372);
#2372 = AXIS2_PLACEMENT_3D('',#2373,#2374,#2375);
#2373 = CARTESIAN_POINT('',(-1.2,-0.495,2.059062853009));
#2374 = DIRECTION('',(2.438091212181E-29,-3.269438756184E-15,1.));
#2375 = DIRECTION('',(0.,-1.,-3.269438756184E-15));
#2376 = ADVANCED_FACE('',(#2377),#2395,.T.);
#2377 = FACE_BOUND('',#2378,.T.);
#2378 = EDGE_LOOP('',(#2379,#2387,#2388,#2389));
#2379 = ORIENTED_EDGE('',*,*,#2380,.T.);
#2380 = EDGE_CURVE('',#2381,#2205,#2383,.T.);
#2381 = VERTEX_POINT('',#2382);
#2382 = CARTESIAN_POINT('',(-1.55,-0.495,1.459062853009));
#2383 = LINE('',#2384,#2385);
#2384 = CARTESIAN_POINT('',(-1.55,-0.495,1.459062853009));
#2385 = VECTOR('',#2386,1.);
#2386 = DIRECTION('',(1.,6.982966722219E-15,-1.55053008704E-30));
#2387 = ORIENTED_EDGE('',*,*,#2204,.T.);
#2388 = ORIENTED_EDGE('',*,*,#2364,.T.);
#2389 = ORIENTED_EDGE('',*,*,#2390,.T.);
#2390 = EDGE_CURVE('',#2357,#2381,#2391,.T.);
#2391 = LINE('',#2392,#2393);
#2392 = CARTESIAN_POINT('',(-1.55,-0.495,2.059062853009));
#2393 = VECTOR('',#2394,1.);
#2394 = DIRECTION('',(-2.438091212181E-29,3.269438756184E-15,-1.));
#2395 = PLANE('',#2396);
#2396 = AXIS2_PLACEMENT_3D('',#2397,#2398,#2399);
#2397 = CARTESIAN_POINT('',(-1.55,-0.495,2.059062853009));
#2398 = DIRECTION('',(6.982966722219E-15,-1.,-3.269438756184E-15));
#2399 = DIRECTION('',(1.,6.982966722219E-15,-1.55053008704E-30));
#2400 = ADVANCED_FACE('',(#2401),#2412,.F.);
#2401 = FACE_BOUND('',#2402,.T.);
#2402 = EDGE_LOOP('',(#2403,#2404,#2405,#2411));
#2403 = ORIENTED_EDGE('',*,*,#2212,.T.);
#2404 = ORIENTED_EDGE('',*,*,#2380,.F.);
#2405 = ORIENTED_EDGE('',*,*,#2406,.F.);
#2406 = EDGE_CURVE('',#1239,#2381,#2407,.T.);
#2407 = LINE('',#2408,#2409);
#2408 = CARTESIAN_POINT('',(-1.55,-0.495,1.459062853009));
#2409 = VECTOR('',#2410,1.);
#2410 = DIRECTION('',(0.,1.,3.269438756184E-15));
#2411 = ORIENTED_EDGE('',*,*,#1238,.F.);
#2412 = PLANE('',#2413);
#2413 = AXIS2_PLACEMENT_3D('',#2414,#2415,#2416);
#2414 = CARTESIAN_POINT('',(-1.2,-0.495,1.459062853009));
#2415 = DIRECTION('',(6.195440985631E-16,3.269438756184E-15,-1.));
#2416 = DIRECTION('',(0.,1.,3.269438756184E-15));
#2417 = ADVANCED_FACE('',(#2418),#2443,.F.);
#2418 = FACE_BOUND('',#2419,.T.);
#2419 = EDGE_LOOP('',(#2420,#2430,#2436,#2437));
#2420 = ORIENTED_EDGE('',*,*,#2421,.F.);
#2421 = EDGE_CURVE('',#2422,#2424,#2426,.T.);
#2422 = VERTEX_POINT('',#2423);
#2423 = CARTESIAN_POINT('',(-0.6,-1.645,1.789062853009));
#2424 = VERTEX_POINT('',#2425);
#2425 = CARTESIAN_POINT('',(-0.4,-1.645,1.789062853009));
#2426 = LINE('',#2427,#2428);
#2427 = CARTESIAN_POINT('',(-0.6,-1.645,1.789062853009));
#2428 = VECTOR('',#2429,1.);
#2429 = DIRECTION('',(1.,3.832309463061E-17,5.158878123351E-16));
#2430 = ORIENTED_EDGE('',*,*,#2431,.F.);
#2431 = EDGE_CURVE('',#2258,#2422,#2432,.T.);
#2432 = LINE('',#2433,#2434);
#2433 = CARTESIAN_POINT('',(-0.6,-1.645,1.789062853009));
#2434 = VECTOR('',#2435,1.);
#2435 = DIRECTION('',(0.,-0.997252183706,7.408159078957E-02));
#2436 = ORIENTED_EDGE('',*,*,#2257,.F.);
#2437 = ORIENTED_EDGE('',*,*,#2438,.F.);
#2438 = EDGE_CURVE('',#2424,#2250,#2439,.T.);
#2439 = LINE('',#2440,#2441);
#2440 = CARTESIAN_POINT('',(-0.4,-1.645,1.789062853009));
#2441 = VECTOR('',#2442,1.);
#2442 = DIRECTION('',(-0.,0.997252183706,-7.408159078957E-02));
#2443 = PLANE('',#2444);
#2444 = AXIS2_PLACEMENT_3D('',#2445,#2446,#2447);
#2445 = CARTESIAN_POINT('',(-0.6,-1.645,1.789062853009));
#2446 = DIRECTION('',(-5.173092832126E-16,7.408159078957E-02,
    0.997252183706));
#2447 = DIRECTION('',(-2.748802337692E-33,-0.997252183706,
    7.408159078957E-02));
#2448 = ADVANCED_FACE('',(#2449),#2474,.F.);
#2449 = FACE_BOUND('',#2450,.T.);
#2450 = EDGE_LOOP('',(#2451,#2461,#2467,#2468));
#2451 = ORIENTED_EDGE('',*,*,#2452,.F.);
#2452 = EDGE_CURVE('',#2453,#2455,#2457,.T.);
#2453 = VERTEX_POINT('',#2454);
#2454 = CARTESIAN_POINT('',(0.4,-1.645,1.789062853009));
#2455 = VERTEX_POINT('',#2456);
#2456 = CARTESIAN_POINT('',(0.6,-1.645,1.789062853009));
#2457 = LINE('',#2458,#2459);
#2458 = CARTESIAN_POINT('',(0.4,-1.645,1.789062853009));
#2459 = VECTOR('',#2460,1.);
#2460 = DIRECTION('',(1.,3.832309463061E-17,5.158878123351E-16));
#2461 = ORIENTED_EDGE('',*,*,#2462,.F.);
#2462 = EDGE_CURVE('',#2292,#2453,#2463,.T.);
#2463 = LINE('',#2464,#2465);
#2464 = CARTESIAN_POINT('',(0.4,-1.645,1.789062853009));
#2465 = VECTOR('',#2466,1.);
#2466 = DIRECTION('',(0.,-0.997252183706,7.408159078957E-02));
#2467 = ORIENTED_EDGE('',*,*,#2291,.F.);
#2468 = ORIENTED_EDGE('',*,*,#2469,.F.);
#2469 = EDGE_CURVE('',#2455,#2284,#2470,.T.);
#2470 = LINE('',#2471,#2472);
#2471 = CARTESIAN_POINT('',(0.6,-1.645,1.789062853009));
#2472 = VECTOR('',#2473,1.);
#2473 = DIRECTION('',(-0.,0.997252183706,-7.408159078957E-02));
#2474 = PLANE('',#2475);
#2475 = AXIS2_PLACEMENT_3D('',#2476,#2477,#2478);
#2476 = CARTESIAN_POINT('',(0.4,-1.645,1.789062853009));
#2477 = DIRECTION('',(-5.173092832126E-16,7.408159078957E-02,
    0.997252183706));
#2478 = DIRECTION('',(-2.748802337692E-33,-0.997252183706,
    7.408159078957E-02));
#2479 = ADVANCED_FACE('',(#2480),#2505,.T.);
#2480 = FACE_BOUND('',#2481,.T.);
#2481 = EDGE_LOOP('',(#2482,#2492,#2498,#2499));
#2482 = ORIENTED_EDGE('',*,*,#2483,.T.);
#2483 = EDGE_CURVE('',#2484,#2486,#2488,.T.);
#2484 = VERTEX_POINT('',#2485);
#2485 = CARTESIAN_POINT('',(1.55,-0.495,1.459062853009));
#2486 = VERTEX_POINT('',#2487);
#2487 = CARTESIAN_POINT('',(1.55,-0.495,2.059062853009));
#2488 = LINE('',#2489,#2490);
#2489 = CARTESIAN_POINT('',(1.55,-0.495,2.059062853009));
#2490 = VECTOR('',#2491,1.);
#2491 = DIRECTION('',(-3.562798913235E-31,2.22044604925E-16,1.));
#2492 = ORIENTED_EDGE('',*,*,#2493,.T.);
#2493 = EDGE_CURVE('',#2486,#2322,#2494,.T.);
#2494 = LINE('',#2495,#2496);
#2495 = CARTESIAN_POINT('',(1.2,-0.495,2.059062853009));
#2496 = VECTOR('',#2497,1.);
#2497 = DIRECTION('',(-1.,-6.982966722219E-15,1.55053008704E-30));
#2498 = ORIENTED_EDGE('',*,*,#2342,.T.);
#2499 = ORIENTED_EDGE('',*,*,#2500,.T.);
#2500 = EDGE_CURVE('',#2335,#2484,#2501,.T.);
#2501 = LINE('',#2502,#2503);
#2502 = CARTESIAN_POINT('',(1.2,-0.495,1.459062853009));
#2503 = VECTOR('',#2504,1.);
#2504 = DIRECTION('',(1.,6.982966722219E-15,-1.55053008704E-30));
#2505 = PLANE('',#2506);
#2506 = AXIS2_PLACEMENT_3D('',#2507,#2508,#2509);
#2507 = CARTESIAN_POINT('',(1.2,-0.495,2.059062853009));
#2508 = DIRECTION('',(6.982966722219E-15,-1.,-3.269438756184E-15));
#2509 = DIRECTION('',(1.,6.982966722219E-15,-1.55053008704E-30));
#2510 = ADVANCED_FACE('',(#2511),#2522,.F.);
#2511 = FACE_BOUND('',#2512,.T.);
#2512 = EDGE_LOOP('',(#2513,#2514,#2515,#2521));
#2513 = ORIENTED_EDGE('',*,*,#2321,.T.);
#2514 = ORIENTED_EDGE('',*,*,#2493,.F.);
#2515 = ORIENTED_EDGE('',*,*,#2516,.F.);
#2516 = EDGE_CURVE('',#1191,#2486,#2517,.T.);
#2517 = LINE('',#2518,#2519);
#2518 = CARTESIAN_POINT('',(1.55,-0.495,2.059062853009));
#2519 = VECTOR('',#2520,1.);
#2520 = DIRECTION('',(0.,1.,3.269438756184E-15));
#2521 = ORIENTED_EDGE('',*,*,#1190,.F.);
#2522 = PLANE('',#2523);
#2523 = AXIS2_PLACEMENT_3D('',#2524,#2525,#2526);
#2524 = CARTESIAN_POINT('',(1.2,-0.495,2.059062853009));
#2525 = DIRECTION('',(2.438091212181E-29,-3.269438756184E-15,1.));
#2526 = DIRECTION('',(0.,-1.,-3.269438756184E-15));
#2527 = ADVANCED_FACE('',(#2528),#2539,.F.);
#2528 = FACE_BOUND('',#2529,.T.);
#2529 = EDGE_LOOP('',(#2530,#2536,#2537,#2538));
#2530 = ORIENTED_EDGE('',*,*,#2531,.F.);
#2531 = EDGE_CURVE('',#2484,#1199,#2532,.T.);
#2532 = LINE('',#2533,#2534);
#2533 = CARTESIAN_POINT('',(1.55,-0.495,1.459062853009));
#2534 = VECTOR('',#2535,1.);
#2535 = DIRECTION('',(0.,-1.,-3.269438756184E-15));
#2536 = ORIENTED_EDGE('',*,*,#2500,.F.);
#2537 = ORIENTED_EDGE('',*,*,#2334,.T.);
#2538 = ORIENTED_EDGE('',*,*,#1206,.F.);
#2539 = PLANE('',#2540);
#2540 = AXIS2_PLACEMENT_3D('',#2541,#2542,#2543);
#2541 = CARTESIAN_POINT('',(1.2,-0.495,1.459062853009));
#2542 = DIRECTION('',(-2.438091212181E-29,3.269438756184E-15,-1.));
#2543 = DIRECTION('',(0.,1.,3.269438756184E-15));
#2544 = ADVANCED_FACE('',(#2545),#2551,.F.);
#2545 = FACE_BOUND('',#2546,.T.);
#2546 = EDGE_LOOP('',(#2547,#2548,#2549,#2550));
#2547 = ORIENTED_EDGE('',*,*,#2406,.T.);
#2548 = ORIENTED_EDGE('',*,*,#2390,.F.);
#2549 = ORIENTED_EDGE('',*,*,#2356,.T.);
#2550 = ORIENTED_EDGE('',*,*,#1246,.F.);
#2551 = PLANE('',#2552);
#2552 = AXIS2_PLACEMENT_3D('',#2553,#2554,#2555);
#2553 = CARTESIAN_POINT('',(-1.55,-0.495,2.059062853009));
#2554 = DIRECTION('',(-1.,-7.085009279629E-15,1.216908195062E-30));
#2555 = DIRECTION('',(7.085009279629E-15,-1.,2.22044604925E-16));
#2556 = ADVANCED_FACE('',(#2557),#2575,.F.);
#2557 = FACE_BOUND('',#2558,.T.);
#2558 = EDGE_LOOP('',(#2559,#2567,#2573,#2574));
#2559 = ORIENTED_EDGE('',*,*,#2560,.F.);
#2560 = EDGE_CURVE('',#2561,#2248,#2563,.T.);
#2561 = VERTEX_POINT('',#2562);
#2562 = CARTESIAN_POINT('',(-0.4,-1.645,2.139062853009));
#2563 = LINE('',#2564,#2565);
#2564 = CARTESIAN_POINT('',(-0.4,0.805,2.139062853009));
#2565 = VECTOR('',#2566,1.);
#2566 = DIRECTION('',(-6.982966722219E-15,1.,-2.22044604925E-16));
#2567 = ORIENTED_EDGE('',*,*,#2568,.F.);
#2568 = EDGE_CURVE('',#2424,#2561,#2569,.T.);
#2569 = LINE('',#2570,#2571);
#2570 = CARTESIAN_POINT('',(-0.4,-1.645,0.149062853009));
#2571 = VECTOR('',#2572,1.);
#2572 = DIRECTION('',(-5.605193857299E-45,2.22044604925E-16,1.));
#2573 = ORIENTED_EDGE('',*,*,#2438,.T.);
#2574 = ORIENTED_EDGE('',*,*,#2247,.F.);
#2575 = PLANE('',#2576);
#2576 = AXIS2_PLACEMENT_3D('',#2577,#2578,#2579);
#2577 = CARTESIAN_POINT('',(-0.4,0.805,0.149062853009));
#2578 = DIRECTION('',(-1.,-6.982966722219E-15,1.55053008704E-30));
#2579 = DIRECTION('',(6.982966722219E-15,-1.,2.22044604925E-16));
#2580 = ADVANCED_FACE('',(#2581),#2599,.F.);
#2581 = FACE_BOUND('',#2582,.T.);
#2582 = EDGE_LOOP('',(#2583,#2591,#2597,#2598));
#2583 = ORIENTED_EDGE('',*,*,#2584,.F.);
#2584 = EDGE_CURVE('',#2585,#2561,#2587,.T.);
#2585 = VERTEX_POINT('',#2586);
#2586 = CARTESIAN_POINT('',(-0.6,-1.645,2.139062853009));
#2587 = LINE('',#2588,#2589);
#2588 = CARTESIAN_POINT('',(-0.6,-1.645,2.139062853009));
#2589 = VECTOR('',#2590,1.);
#2590 = DIRECTION('',(1.,6.982966722219E-15,-1.55053008704E-30));
#2591 = ORIENTED_EDGE('',*,*,#2592,.F.);
#2592 = EDGE_CURVE('',#2422,#2585,#2593,.T.);
#2593 = LINE('',#2594,#2595);
#2594 = CARTESIAN_POINT('',(-0.6,-1.645,2.139062853009));
#2595 = VECTOR('',#2596,1.);
#2596 = DIRECTION('',(2.438091212181E-29,-3.269438756184E-15,1.));
#2597 = ORIENTED_EDGE('',*,*,#2421,.T.);
#2598 = ORIENTED_EDGE('',*,*,#2568,.T.);
#2599 = PLANE('',#2600);
#2600 = AXIS2_PLACEMENT_3D('',#2601,#2602,#2603);
#2601 = CARTESIAN_POINT('',(-0.6,-1.645,2.139062853009));
#2602 = DIRECTION('',(-6.982966722219E-15,1.,3.269438756184E-15));
#2603 = DIRECTION('',(-1.,-6.982966722219E-15,1.55053008704E-30));
#2604 = ADVANCED_FACE('',(#2605),#2616,.T.);
#2605 = FACE_BOUND('',#2606,.T.);
#2606 = EDGE_LOOP('',(#2607,#2608,#2609,#2615));
#2607 = ORIENTED_EDGE('',*,*,#2431,.T.);
#2608 = ORIENTED_EDGE('',*,*,#2592,.T.);
#2609 = ORIENTED_EDGE('',*,*,#2610,.T.);
#2610 = EDGE_CURVE('',#2585,#2266,#2611,.T.);
#2611 = LINE('',#2612,#2613);
#2612 = CARTESIAN_POINT('',(-0.6,0.805,2.139062853009));
#2613 = VECTOR('',#2614,1.);
#2614 = DIRECTION('',(-6.982966722219E-15,1.,-2.22044604925E-16));
#2615 = ORIENTED_EDGE('',*,*,#2265,.T.);
#2616 = PLANE('',#2617);
#2617 = AXIS2_PLACEMENT_3D('',#2618,#2619,#2620);
#2618 = CARTESIAN_POINT('',(-0.6,0.805,0.149062853009));
#2619 = DIRECTION('',(-1.,-6.982966722219E-15,1.55053008704E-30));
#2620 = DIRECTION('',(6.982966722219E-15,-1.,2.22044604925E-16));
#2621 = ADVANCED_FACE('',(#2622),#2640,.F.);
#2622 = FACE_BOUND('',#2623,.T.);
#2623 = EDGE_LOOP('',(#2624,#2632,#2638,#2639));
#2624 = ORIENTED_EDGE('',*,*,#2625,.F.);
#2625 = EDGE_CURVE('',#2626,#2282,#2628,.T.);
#2626 = VERTEX_POINT('',#2627);
#2627 = CARTESIAN_POINT('',(0.6,-1.645,2.139062853009));
#2628 = LINE('',#2629,#2630);
#2629 = CARTESIAN_POINT('',(0.6,0.805,2.139062853009));
#2630 = VECTOR('',#2631,1.);
#2631 = DIRECTION('',(-6.982966722219E-15,1.,-2.22044604925E-16));
#2632 = ORIENTED_EDGE('',*,*,#2633,.F.);
#2633 = EDGE_CURVE('',#2455,#2626,#2634,.T.);
#2634 = LINE('',#2635,#2636);
#2635 = CARTESIAN_POINT('',(0.6,-1.645,0.149062853009));
#2636 = VECTOR('',#2637,1.);
#2637 = DIRECTION('',(-5.605193857299E-45,2.22044604925E-16,1.));
#2638 = ORIENTED_EDGE('',*,*,#2469,.T.);
#2639 = ORIENTED_EDGE('',*,*,#2281,.F.);
#2640 = PLANE('',#2641);
#2641 = AXIS2_PLACEMENT_3D('',#2642,#2643,#2644);
#2642 = CARTESIAN_POINT('',(0.6,0.805,0.149062853009));
#2643 = DIRECTION('',(-1.,-6.982966722219E-15,1.55053008704E-30));
#2644 = DIRECTION('',(6.982966722219E-15,-1.,2.22044604925E-16));
#2645 = ADVANCED_FACE('',(#2646),#2664,.F.);
#2646 = FACE_BOUND('',#2647,.T.);
#2647 = EDGE_LOOP('',(#2648,#2656,#2662,#2663));
#2648 = ORIENTED_EDGE('',*,*,#2649,.F.);
#2649 = EDGE_CURVE('',#2650,#2626,#2652,.T.);
#2650 = VERTEX_POINT('',#2651);
#2651 = CARTESIAN_POINT('',(0.4,-1.645,2.139062853009));
#2652 = LINE('',#2653,#2654);
#2653 = CARTESIAN_POINT('',(0.4,-1.645,2.139062853009));
#2654 = VECTOR('',#2655,1.);
#2655 = DIRECTION('',(1.,6.982966722219E-15,-1.55053008704E-30));
#2656 = ORIENTED_EDGE('',*,*,#2657,.F.);
#2657 = EDGE_CURVE('',#2453,#2650,#2658,.T.);
#2658 = LINE('',#2659,#2660);
#2659 = CARTESIAN_POINT('',(0.4,-1.645,2.139062853009));
#2660 = VECTOR('',#2661,1.);
#2661 = DIRECTION('',(2.438091212181E-29,-3.269438756184E-15,1.));
#2662 = ORIENTED_EDGE('',*,*,#2452,.T.);
#2663 = ORIENTED_EDGE('',*,*,#2633,.T.);
#2664 = PLANE('',#2665);
#2665 = AXIS2_PLACEMENT_3D('',#2666,#2667,#2668);
#2666 = CARTESIAN_POINT('',(0.4,-1.645,2.139062853009));
#2667 = DIRECTION('',(-6.982966722219E-15,1.,3.269438756184E-15));
#2668 = DIRECTION('',(-1.,-6.982966722219E-15,1.55053008704E-30));
#2669 = ADVANCED_FACE('',(#2670),#2681,.T.);
#2670 = FACE_BOUND('',#2671,.T.);
#2671 = EDGE_LOOP('',(#2672,#2673,#2674,#2680));
#2672 = ORIENTED_EDGE('',*,*,#2462,.T.);
#2673 = ORIENTED_EDGE('',*,*,#2657,.T.);
#2674 = ORIENTED_EDGE('',*,*,#2675,.T.);
#2675 = EDGE_CURVE('',#2650,#2300,#2676,.T.);
#2676 = LINE('',#2677,#2678);
#2677 = CARTESIAN_POINT('',(0.4,0.805,2.139062853009));
#2678 = VECTOR('',#2679,1.);
#2679 = DIRECTION('',(-6.982966722219E-15,1.,-2.22044604925E-16));
#2680 = ORIENTED_EDGE('',*,*,#2299,.T.);
#2681 = PLANE('',#2682);
#2682 = AXIS2_PLACEMENT_3D('',#2683,#2684,#2685);
#2683 = CARTESIAN_POINT('',(0.4,0.805,0.149062853009));
#2684 = DIRECTION('',(-1.,-6.982966722219E-15,1.55053008704E-30));
#2685 = DIRECTION('',(6.982966722219E-15,-1.,2.22044604925E-16));
#2686 = ADVANCED_FACE('',(#2687),#2693,.F.);
#2687 = FACE_BOUND('',#2688,.T.);
#2688 = EDGE_LOOP('',(#2689,#2690,#2691,#2692));
#2689 = ORIENTED_EDGE('',*,*,#2516,.T.);
#2690 = ORIENTED_EDGE('',*,*,#2483,.F.);
#2691 = ORIENTED_EDGE('',*,*,#2531,.T.);
#2692 = ORIENTED_EDGE('',*,*,#1198,.F.);
#2693 = PLANE('',#2694);
#2694 = AXIS2_PLACEMENT_3D('',#2695,#2696,#2697);
#2695 = CARTESIAN_POINT('',(1.55,-0.495,2.059062853009));
#2696 = DIRECTION('',(1.,7.085009279629E-15,-1.216908195062E-30));
#2697 = DIRECTION('',(-7.085009279629E-15,1.,-2.22044604925E-16));
#2698 = ADVANCED_FACE('',(#2699),#2705,.F.);
#2699 = FACE_BOUND('',#2700,.T.);
#2700 = EDGE_LOOP('',(#2701,#2702,#2703,#2704));
#2701 = ORIENTED_EDGE('',*,*,#2610,.F.);
#2702 = ORIENTED_EDGE('',*,*,#2584,.T.);
#2703 = ORIENTED_EDGE('',*,*,#2560,.T.);
#2704 = ORIENTED_EDGE('',*,*,#2273,.F.);
#2705 = PLANE('',#2706);
#2706 = AXIS2_PLACEMENT_3D('',#2707,#2708,#2709);
#2707 = CARTESIAN_POINT('',(-0.6,-1.645,2.139062853009));
#2708 = DIRECTION('',(-2.561698521415E-29,3.446451355774E-15,-1.));
#2709 = DIRECTION('',(0.,1.,3.446451355774E-15));
#2710 = ADVANCED_FACE('',(#2711),#2717,.F.);
#2711 = FACE_BOUND('',#2712,.T.);
#2712 = EDGE_LOOP('',(#2713,#2714,#2715,#2716));
#2713 = ORIENTED_EDGE('',*,*,#2675,.F.);
#2714 = ORIENTED_EDGE('',*,*,#2649,.T.);
#2715 = ORIENTED_EDGE('',*,*,#2625,.T.);
#2716 = ORIENTED_EDGE('',*,*,#2307,.F.);
#2717 = PLANE('',#2718);
#2718 = AXIS2_PLACEMENT_3D('',#2719,#2720,#2721);
#2719 = CARTESIAN_POINT('',(0.4,-1.645,2.139062853009));
#2720 = DIRECTION('',(-2.561698521415E-29,3.446451355774E-15,-1.));
#2721 = DIRECTION('',(0.,1.,3.446451355774E-15));
#2722 = ADVANCED_FACE('',(#2723),#2729,.F.);
#2723 = FACE_BOUND('',#2724,.T.);
#2724 = EDGE_LOOP('',(#2725,#2726,#2727,#2728));
#2725 = ORIENTED_EDGE('',*,*,#1771,.T.);
#2726 = ORIENTED_EDGE('',*,*,#1748,.F.);
#2727 = ORIENTED_EDGE('',*,*,#1820,.F.);
#2728 = ORIENTED_EDGE('',*,*,#1795,.T.);
#2729 = PLANE('',#2730);
#2730 = AXIS2_PLACEMENT_3D('',#2731,#2732,#2733);
#2731 = CARTESIAN_POINT('',(1.7,-0.129101109883,9.0628530085E-03));
#2732 = DIRECTION('',(1.,0.,0.));
#2733 = DIRECTION('',(0.,1.,-2.22044604925E-16));
#2734 = ADVANCED_FACE('',(#2735),#2741,.F.);
#2735 = FACE_BOUND('',#2736,.T.);
#2736 = EDGE_LOOP('',(#2737,#2738,#2739,#2740));
#2737 = ORIENTED_EDGE('',*,*,#1827,.F.);
#2738 = ORIENTED_EDGE('',*,*,#1732,.T.);
#2739 = ORIENTED_EDGE('',*,*,#1280,.T.);
#2740 = ORIENTED_EDGE('',*,*,#1861,.T.);
#2741 = PLANE('',#2742);
#2742 = AXIS2_PLACEMENT_3D('',#2743,#2744,#2745);
#2743 = CARTESIAN_POINT('',(1.5,-0.129101109883,9.0628530085E-03));
#2744 = DIRECTION('',(-1.,0.,0.));
#2745 = DIRECTION('',(0.,-1.,2.22044604925E-16));
#2746 = ADVANCED_FACE('',(#2747),#2753,.F.);
#2747 = FACE_BOUND('',#2748,.T.);
#2748 = EDGE_LOOP('',(#2749,#2750,#2751,#2752));
#2749 = ORIENTED_EDGE('',*,*,#1264,.F.);
#2750 = ORIENTED_EDGE('',*,*,#1988,.F.);
#2751 = ORIENTED_EDGE('',*,*,#2005,.F.);
#2752 = ORIENTED_EDGE('',*,*,#1868,.T.);
#2753 = PLANE('',#2754);
#2754 = AXIS2_PLACEMENT_3D('',#2755,#2756,#2757);
#2755 = CARTESIAN_POINT('',(-1.5,-0.129101109883,9.062853008502E-03));
#2756 = DIRECTION('',(1.,0.,0.));
#2757 = DIRECTION('',(0.,1.,-2.22044604925E-16));
#2758 = ADVANCED_FACE('',(#2759),#2765,.F.);
#2759 = FACE_BOUND('',#2760,.T.);
#2760 = EDGE_LOOP('',(#2761,#2762,#2763,#2764));
#2761 = ORIENTED_EDGE('',*,*,#2060,.T.);
#2762 = ORIENTED_EDGE('',*,*,#2036,.T.);
#2763 = ORIENTED_EDGE('',*,*,#2012,.F.);
#2764 = ORIENTED_EDGE('',*,*,#1972,.T.);
#2765 = PLANE('',#2766);
#2766 = AXIS2_PLACEMENT_3D('',#2767,#2768,#2769);
#2767 = CARTESIAN_POINT('',(-1.7,-0.129101109883,9.062853008502E-03));
#2768 = DIRECTION('',(-1.,0.,0.));
#2769 = DIRECTION('',(0.,-1.,2.22044604925E-16));
#2770 = MANIFOLD_SOLID_BREP('',#2771);
#2771 = CLOSED_SHELL('',(#2772,#2812,#2843,#2874,#2896,#2908));
#2772 = ADVANCED_FACE('',(#2773),#2807,.T.);
#2773 = FACE_BOUND('',#2774,.T.);
#2774 = EDGE_LOOP('',(#2775,#2785,#2793,#2801));
#2775 = ORIENTED_EDGE('',*,*,#2776,.F.);
#2776 = EDGE_CURVE('',#2777,#2779,#2781,.T.);
#2777 = VERTEX_POINT('',#2778);
#2778 = CARTESIAN_POINT('',(1.5,-1.395,9.062853008501E-03));
#2779 = VERTEX_POINT('',#2780);
#2780 = CARTESIAN_POINT('',(1.5,-1.395,1.259062853009));
#2781 = LINE('',#2782,#2783);
#2782 = CARTESIAN_POINT('',(1.5,-1.395,9.062853008496E-03));
#2783 = VECTOR('',#2784,1.);
#2784 = DIRECTION('',(0.,-3.269438756184E-15,1.));
#2785 = ORIENTED_EDGE('',*,*,#2786,.T.);
#2786 = EDGE_CURVE('',#2777,#2787,#2789,.T.);
#2787 = VERTEX_POINT('',#2788);
#2788 = CARTESIAN_POINT('',(1.5,-2.895,9.062853008501E-03));
#2789 = LINE('',#2790,#2791);
#2790 = CARTESIAN_POINT('',(1.5,-0.129101109883,9.0628530085E-03));
#2791 = VECTOR('',#2792,1.);
#2792 = DIRECTION('',(0.,-1.,2.22044604925E-16));
#2793 = ORIENTED_EDGE('',*,*,#2794,.F.);
#2794 = EDGE_CURVE('',#2795,#2787,#2797,.T.);
#2795 = VERTEX_POINT('',#2796);
#2796 = CARTESIAN_POINT('',(1.5,-2.895,1.259062853009));
#2797 = LINE('',#2798,#2799);
#2798 = CARTESIAN_POINT('',(1.5,-2.895,9.062853008501E-03));
#2799 = VECTOR('',#2800,1.);
#2800 = DIRECTION('',(-0.,-2.22044604925E-16,-1.));
#2801 = ORIENTED_EDGE('',*,*,#2802,.F.);
#2802 = EDGE_CURVE('',#2779,#2795,#2803,.T.);
#2803 = LINE('',#2804,#2805);
#2804 = CARTESIAN_POINT('',(1.5,-0.129101109883,1.259062853009));
#2805 = VECTOR('',#2806,1.);
#2806 = DIRECTION('',(0.,-1.,2.22044604925E-16));
#2807 = PLANE('',#2808);
#2808 = AXIS2_PLACEMENT_3D('',#2809,#2810,#2811);
#2809 = CARTESIAN_POINT('',(1.5,-0.129101109883,9.0628530085E-03));
#2810 = DIRECTION('',(-1.,0.,0.));
#2811 = DIRECTION('',(0.,-1.,2.22044604925E-16));
#2812 = ADVANCED_FACE('',(#2813),#2838,.T.);
#2813 = FACE_BOUND('',#2814,.T.);
#2814 = EDGE_LOOP('',(#2815,#2823,#2824,#2832));
#2815 = ORIENTED_EDGE('',*,*,#2816,.F.);
#2816 = EDGE_CURVE('',#2779,#2817,#2819,.T.);
#2817 = VERTEX_POINT('',#2818);
#2818 = CARTESIAN_POINT('',(1.7,-1.395,1.259062853009));
#2819 = LINE('',#2820,#2821);
#2820 = CARTESIAN_POINT('',(1.5,-1.395,1.259062853009));
#2821 = VECTOR('',#2822,1.);
#2822 = DIRECTION('',(1.,6.982966722219E-15,-1.55053008704E-30));
#2823 = ORIENTED_EDGE('',*,*,#2802,.T.);
#2824 = ORIENTED_EDGE('',*,*,#2825,.F.);
#2825 = EDGE_CURVE('',#2826,#2795,#2828,.T.);
#2826 = VERTEX_POINT('',#2827);
#2827 = CARTESIAN_POINT('',(1.7,-2.895,1.259062853009));
#2828 = LINE('',#2829,#2830);
#2829 = CARTESIAN_POINT('',(1.5,-2.895,1.259062853009));
#2830 = VECTOR('',#2831,1.);
#2831 = DIRECTION('',(-1.,0.,-0.));
#2832 = ORIENTED_EDGE('',*,*,#2833,.F.);
#2833 = EDGE_CURVE('',#2817,#2826,#2834,.T.);
#2834 = LINE('',#2835,#2836);
#2835 = CARTESIAN_POINT('',(1.7,-0.129101109883,1.259062853009));
#2836 = VECTOR('',#2837,1.);
#2837 = DIRECTION('',(0.,-1.,2.22044604925E-16));
#2838 = PLANE('',#2839);
#2839 = AXIS2_PLACEMENT_3D('',#2840,#2841,#2842);
#2840 = CARTESIAN_POINT('',(1.5,-0.129101109883,1.259062853009));
#2841 = DIRECTION('',(0.,2.22044604925E-16,1.));
#2842 = DIRECTION('',(0.,-1.,2.22044604925E-16));
#2843 = ADVANCED_FACE('',(#2844),#2869,.T.);
#2844 = FACE_BOUND('',#2845,.T.);
#2845 = EDGE_LOOP('',(#2846,#2854,#2855,#2863));
#2846 = ORIENTED_EDGE('',*,*,#2847,.F.);
#2847 = EDGE_CURVE('',#2817,#2848,#2850,.T.);
#2848 = VERTEX_POINT('',#2849);
#2849 = CARTESIAN_POINT('',(1.7,-1.395,9.062853008501E-03));
#2850 = LINE('',#2851,#2852);
#2851 = CARTESIAN_POINT('',(1.7,-1.395,9.062853008496E-03));
#2852 = VECTOR('',#2853,1.);
#2853 = DIRECTION('',(0.,3.269438756184E-15,-1.));
#2854 = ORIENTED_EDGE('',*,*,#2833,.T.);
#2855 = ORIENTED_EDGE('',*,*,#2856,.F.);
#2856 = EDGE_CURVE('',#2857,#2826,#2859,.T.);
#2857 = VERTEX_POINT('',#2858);
#2858 = CARTESIAN_POINT('',(1.7,-2.895,9.062853008501E-03));
#2859 = LINE('',#2860,#2861);
#2860 = CARTESIAN_POINT('',(1.7,-2.895,9.062853008501E-03));
#2861 = VECTOR('',#2862,1.);
#2862 = DIRECTION('',(0.,2.22044604925E-16,1.));
#2863 = ORIENTED_EDGE('',*,*,#2864,.F.);
#2864 = EDGE_CURVE('',#2848,#2857,#2865,.T.);
#2865 = LINE('',#2866,#2867);
#2866 = CARTESIAN_POINT('',(1.7,-0.129101109883,9.0628530085E-03));
#2867 = VECTOR('',#2868,1.);
#2868 = DIRECTION('',(0.,-1.,2.22044604925E-16));
#2869 = PLANE('',#2870);
#2870 = AXIS2_PLACEMENT_3D('',#2871,#2872,#2873);
#2871 = CARTESIAN_POINT('',(1.7,-0.129101109883,9.0628530085E-03));
#2872 = DIRECTION('',(1.,0.,0.));
#2873 = DIRECTION('',(0.,1.,-2.22044604925E-16));
#2874 = ADVANCED_FACE('',(#2875),#2891,.T.);
#2875 = FACE_BOUND('',#2876,.T.);
#2876 = EDGE_LOOP('',(#2877,#2883,#2884,#2890));
#2877 = ORIENTED_EDGE('',*,*,#2878,.F.);
#2878 = EDGE_CURVE('',#2848,#2777,#2879,.T.);
#2879 = LINE('',#2880,#2881);
#2880 = CARTESIAN_POINT('',(1.5,-1.395,9.062853008501E-03));
#2881 = VECTOR('',#2882,1.);
#2882 = DIRECTION('',(-1.,-6.982966722219E-15,1.55053008704E-30));
#2883 = ORIENTED_EDGE('',*,*,#2864,.T.);
#2884 = ORIENTED_EDGE('',*,*,#2885,.F.);
#2885 = EDGE_CURVE('',#2787,#2857,#2886,.T.);
#2886 = LINE('',#2887,#2888);
#2887 = CARTESIAN_POINT('',(1.5,-2.895,9.062853008501E-03));
#2888 = VECTOR('',#2889,1.);
#2889 = DIRECTION('',(1.,0.,0.));
#2890 = ORIENTED_EDGE('',*,*,#2786,.F.);
#2891 = PLANE('',#2892);
#2892 = AXIS2_PLACEMENT_3D('',#2893,#2894,#2895);
#2893 = CARTESIAN_POINT('',(1.5,-0.129101109883,9.0628530085E-03));
#2894 = DIRECTION('',(0.,-2.22044604925E-16,-1.));
#2895 = DIRECTION('',(0.,1.,-2.22044604925E-16));
#2896 = ADVANCED_FACE('',(#2897),#2903,.F.);
#2897 = FACE_BOUND('',#2898,.T.);
#2898 = EDGE_LOOP('',(#2899,#2900,#2901,#2902));
#2899 = ORIENTED_EDGE('',*,*,#2794,.T.);
#2900 = ORIENTED_EDGE('',*,*,#2885,.T.);
#2901 = ORIENTED_EDGE('',*,*,#2856,.T.);
#2902 = ORIENTED_EDGE('',*,*,#2825,.T.);
#2903 = PLANE('',#2904);
#2904 = AXIS2_PLACEMENT_3D('',#2905,#2906,#2907);
#2905 = CARTESIAN_POINT('',(6.571124688637E-17,-2.895,-0.295937146991));
#2906 = DIRECTION('',(0.,1.,-2.22044604925E-16));
#2907 = DIRECTION('',(-1.,0.,0.));
#2908 = ADVANCED_FACE('',(#2909),#2915,.F.);
#2909 = FACE_BOUND('',#2910,.T.);
#2910 = EDGE_LOOP('',(#2911,#2912,#2913,#2914));
#2911 = ORIENTED_EDGE('',*,*,#2776,.T.);
#2912 = ORIENTED_EDGE('',*,*,#2816,.T.);
#2913 = ORIENTED_EDGE('',*,*,#2847,.T.);
#2914 = ORIENTED_EDGE('',*,*,#2878,.T.);
#2915 = PLANE('',#2916);
#2916 = AXIS2_PLACEMENT_3D('',#2917,#2918,#2919);
#2917 = CARTESIAN_POINT('',(-1.5,-1.395,0.609062853009));
#2918 = DIRECTION('',(6.982966722219E-15,-1.,-3.269438756184E-15));
#2919 = DIRECTION('',(1.,6.982966722219E-15,-1.55053008704E-30));
#2920 = MANIFOLD_SOLID_BREP('',#2921);
#2921 = CLOSED_SHELL('',(#2922,#2962,#2993,#3024,#3046,#3058));
#2922 = ADVANCED_FACE('',(#2923),#2957,.T.);
#2923 = FACE_BOUND('',#2924,.T.);
#2924 = EDGE_LOOP('',(#2925,#2935,#2943,#2951));
#2925 = ORIENTED_EDGE('',*,*,#2926,.F.);
#2926 = EDGE_CURVE('',#2927,#2929,#2931,.T.);
#2927 = VERTEX_POINT('',#2928);
#2928 = CARTESIAN_POINT('',(-1.5,-1.395,1.259062853009));
#2929 = VERTEX_POINT('',#2930);
#2930 = CARTESIAN_POINT('',(-1.5,-1.395,9.062853008502E-03));
#2931 = LINE('',#2932,#2933);
#2932 = CARTESIAN_POINT('',(-1.5,-1.395,9.062853008498E-03));
#2933 = VECTOR('',#2934,1.);
#2934 = DIRECTION('',(0.,3.269438756184E-15,-1.));
#2935 = ORIENTED_EDGE('',*,*,#2936,.T.);
#2936 = EDGE_CURVE('',#2927,#2937,#2939,.T.);
#2937 = VERTEX_POINT('',#2938);
#2938 = CARTESIAN_POINT('',(-1.5,-2.895,1.259062853009));
#2939 = LINE('',#2940,#2941);
#2940 = CARTESIAN_POINT('',(-1.5,-0.129101109883,1.259062853009));
#2941 = VECTOR('',#2942,1.);
#2942 = DIRECTION('',(0.,-1.,2.22044604925E-16));
#2943 = ORIENTED_EDGE('',*,*,#2944,.F.);
#2944 = EDGE_CURVE('',#2945,#2937,#2947,.T.);
#2945 = VERTEX_POINT('',#2946);
#2946 = CARTESIAN_POINT('',(-1.5,-2.895,9.062853008502E-03));
#2947 = LINE('',#2948,#2949);
#2948 = CARTESIAN_POINT('',(-1.5,-2.895,9.062853008502E-03));
#2949 = VECTOR('',#2950,1.);
#2950 = DIRECTION('',(0.,2.22044604925E-16,1.));
#2951 = ORIENTED_EDGE('',*,*,#2952,.F.);
#2952 = EDGE_CURVE('',#2929,#2945,#2953,.T.);
#2953 = LINE('',#2954,#2955);
#2954 = CARTESIAN_POINT('',(-1.5,-0.129101109883,9.062853008502E-03));
#2955 = VECTOR('',#2956,1.);
#2956 = DIRECTION('',(0.,-1.,2.22044604925E-16));
#2957 = PLANE('',#2958);
#2958 = AXIS2_PLACEMENT_3D('',#2959,#2960,#2961);
#2959 = CARTESIAN_POINT('',(-1.5,-0.129101109883,9.062853008502E-03));
#2960 = DIRECTION('',(1.,0.,0.));
#2961 = DIRECTION('',(0.,1.,-2.22044604925E-16));
#2962 = ADVANCED_FACE('',(#2963),#2988,.T.);
#2963 = FACE_BOUND('',#2964,.T.);
#2964 = EDGE_LOOP('',(#2965,#2973,#2974,#2982));
#2965 = ORIENTED_EDGE('',*,*,#2966,.F.);
#2966 = EDGE_CURVE('',#2929,#2967,#2969,.T.);
#2967 = VERTEX_POINT('',#2968);
#2968 = CARTESIAN_POINT('',(-1.7,-1.395,9.062853008502E-03));
#2969 = LINE('',#2970,#2971);
#2970 = CARTESIAN_POINT('',(-1.5,-1.395,9.062853008502E-03));
#2971 = VECTOR('',#2972,1.);
#2972 = DIRECTION('',(-1.,-6.982966722219E-15,1.55053008704E-30));
#2973 = ORIENTED_EDGE('',*,*,#2952,.T.);
#2974 = ORIENTED_EDGE('',*,*,#2975,.F.);
#2975 = EDGE_CURVE('',#2976,#2945,#2978,.T.);
#2976 = VERTEX_POINT('',#2977);
#2977 = CARTESIAN_POINT('',(-1.7,-2.895,9.062853008502E-03));
#2978 = LINE('',#2979,#2980);
#2979 = CARTESIAN_POINT('',(-1.5,-2.895,9.062853008502E-03));
#2980 = VECTOR('',#2981,1.);
#2981 = DIRECTION('',(1.,0.,0.));
#2982 = ORIENTED_EDGE('',*,*,#2983,.F.);
#2983 = EDGE_CURVE('',#2967,#2976,#2984,.T.);
#2984 = LINE('',#2985,#2986);
#2985 = CARTESIAN_POINT('',(-1.7,-0.129101109883,9.062853008502E-03));
#2986 = VECTOR('',#2987,1.);
#2987 = DIRECTION('',(0.,-1.,2.22044604925E-16));
#2988 = PLANE('',#2989);
#2989 = AXIS2_PLACEMENT_3D('',#2990,#2991,#2992);
#2990 = CARTESIAN_POINT('',(-1.5,-0.129101109883,9.062853008502E-03));
#2991 = DIRECTION('',(0.,-2.22044604925E-16,-1.));
#2992 = DIRECTION('',(0.,1.,-2.22044604925E-16));
#2993 = ADVANCED_FACE('',(#2994),#3019,.T.);
#2994 = FACE_BOUND('',#2995,.T.);
#2995 = EDGE_LOOP('',(#2996,#3004,#3005,#3013));
#2996 = ORIENTED_EDGE('',*,*,#2997,.F.);
#2997 = EDGE_CURVE('',#2967,#2998,#3000,.T.);
#2998 = VERTEX_POINT('',#2999);
#2999 = CARTESIAN_POINT('',(-1.7,-1.395,1.259062853009));
#3000 = LINE('',#3001,#3002);
#3001 = CARTESIAN_POINT('',(-1.7,-1.395,9.062853008498E-03));
#3002 = VECTOR('',#3003,1.);
#3003 = DIRECTION('',(0.,-3.269438756184E-15,1.));
#3004 = ORIENTED_EDGE('',*,*,#2983,.T.);
#3005 = ORIENTED_EDGE('',*,*,#3006,.F.);
#3006 = EDGE_CURVE('',#3007,#2976,#3009,.T.);
#3007 = VERTEX_POINT('',#3008);
#3008 = CARTESIAN_POINT('',(-1.7,-2.895,1.259062853009));
#3009 = LINE('',#3010,#3011);
#3010 = CARTESIAN_POINT('',(-1.7,-2.895,9.062853008502E-03));
#3011 = VECTOR('',#3012,1.);
#3012 = DIRECTION('',(-0.,-2.22044604925E-16,-1.));
#3013 = ORIENTED_EDGE('',*,*,#3014,.F.);
#3014 = EDGE_CURVE('',#2998,#3007,#3015,.T.);
#3015 = LINE('',#3016,#3017);
#3016 = CARTESIAN_POINT('',(-1.7,-0.129101109883,1.259062853009));
#3017 = VECTOR('',#3018,1.);
#3018 = DIRECTION('',(0.,-1.,2.22044604925E-16));
#3019 = PLANE('',#3020);
#3020 = AXIS2_PLACEMENT_3D('',#3021,#3022,#3023);
#3021 = CARTESIAN_POINT('',(-1.7,-0.129101109883,9.062853008502E-03));
#3022 = DIRECTION('',(-1.,0.,0.));
#3023 = DIRECTION('',(0.,-1.,2.22044604925E-16));
#3024 = ADVANCED_FACE('',(#3025),#3041,.T.);
#3025 = FACE_BOUND('',#3026,.T.);
#3026 = EDGE_LOOP('',(#3027,#3033,#3034,#3040));
#3027 = ORIENTED_EDGE('',*,*,#3028,.F.);
#3028 = EDGE_CURVE('',#2998,#2927,#3029,.T.);
#3029 = LINE('',#3030,#3031);
#3030 = CARTESIAN_POINT('',(-1.5,-1.395,1.259062853009));
#3031 = VECTOR('',#3032,1.);
#3032 = DIRECTION('',(1.,6.982966722219E-15,-1.55053008704E-30));
#3033 = ORIENTED_EDGE('',*,*,#3014,.T.);
#3034 = ORIENTED_EDGE('',*,*,#3035,.F.);
#3035 = EDGE_CURVE('',#2937,#3007,#3036,.T.);
#3036 = LINE('',#3037,#3038);
#3037 = CARTESIAN_POINT('',(-1.5,-2.895,1.259062853009));
#3038 = VECTOR('',#3039,1.);
#3039 = DIRECTION('',(-1.,0.,0.));
#3040 = ORIENTED_EDGE('',*,*,#2936,.F.);
#3041 = PLANE('',#3042);
#3042 = AXIS2_PLACEMENT_3D('',#3043,#3044,#3045);
#3043 = CARTESIAN_POINT('',(-1.5,-0.129101109883,1.259062853009));
#3044 = DIRECTION('',(0.,2.22044604925E-16,1.));
#3045 = DIRECTION('',(0.,-1.,2.22044604925E-16));
#3046 = ADVANCED_FACE('',(#3047),#3053,.T.);
#3047 = FACE_BOUND('',#3048,.T.);
#3048 = EDGE_LOOP('',(#3049,#3050,#3051,#3052));
#3049 = ORIENTED_EDGE('',*,*,#2944,.T.);
#3050 = ORIENTED_EDGE('',*,*,#3035,.T.);
#3051 = ORIENTED_EDGE('',*,*,#3006,.T.);
#3052 = ORIENTED_EDGE('',*,*,#2975,.T.);
#3053 = PLANE('',#3054);
#3054 = AXIS2_PLACEMENT_3D('',#3055,#3056,#3057);
#3055 = CARTESIAN_POINT('',(6.571124688637E-17,-2.895,-0.295937146991));
#3056 = DIRECTION('',(0.,-1.,2.22044604925E-16));
#3057 = DIRECTION('',(1.,0.,0.));
#3058 = ADVANCED_FACE('',(#3059),#3065,.F.);
#3059 = FACE_BOUND('',#3060,.T.);
#3060 = EDGE_LOOP('',(#3061,#3062,#3063,#3064));
#3061 = ORIENTED_EDGE('',*,*,#2926,.T.);
#3062 = ORIENTED_EDGE('',*,*,#2966,.T.);
#3063 = ORIENTED_EDGE('',*,*,#2997,.T.);
#3064 = ORIENTED_EDGE('',*,*,#3028,.T.);
#3065 = PLANE('',#3066);
#3066 = AXIS2_PLACEMENT_3D('',#3067,#3068,#3069);
#3067 = CARTESIAN_POINT('',(-1.5,-1.395,0.609062853009));
#3068 = DIRECTION('',(6.982966722219E-15,-1.,-3.269438756184E-15));
#3069 = DIRECTION('',(1.,6.982966722219E-15,-1.55053008704E-30));
#3070 = GEOMETRIC_CURVE_SET('',(#3071));
#3071 = TRIMMED_CURVE('',#3072,(#3076,PARAMETER_VALUE(2.761324865405)),(
    #3077,PARAMETER_VALUE(4.25)),.T.,.PARAMETER.);
#3072 = LINE('',#3073,#3074);
#3073 = CARTESIAN_POINT('',(1.5,-2.895,2.959062853009));
#3074 = VECTOR('',#3075,1.);
#3075 = DIRECTION('',(0.,1.,3.269438756184E-15));
#3076 = CARTESIAN_POINT('',(1.5,-0.133675134595,2.959062853009));
#3077 = CARTESIAN_POINT('',(1.5,1.355,2.959062853009));
#3078 = GEOMETRIC_CURVE_SET('',(#3079));
#3079 = TRIMMED_CURVE('',#3080,(#3084,PARAMETER_VALUE(-3.5)),(#3085,
    PARAMETER_VALUE(-0.5)),.T.,.PARAMETER.);
#3080 = LINE('',#3081,#3082);
#3081 = CARTESIAN_POINT('',(-2.,1.355,2.959062853009));
#3082 = VECTOR('',#3083,1.);
#3083 = DIRECTION('',(-1.,-7.971189900216E-44,2.438091212181E-29));
#3084 = CARTESIAN_POINT('',(1.5,1.355,2.959062853009));
#3085 = CARTESIAN_POINT('',(-1.5,1.355,2.959062853009));
#3086 = GEOMETRIC_CURVE_SET('',(#3087));
#3087 = TRIMMED_CURVE('',#3088,(#3092,PARAMETER_VALUE(-4.25)),(#3093,
    PARAMETER_VALUE(-2.761324865405)),.T.,.PARAMETER.);
#3088 = LINE('',#3089,#3090);
#3089 = CARTESIAN_POINT('',(-1.5,-2.895,2.959062853009));
#3090 = VECTOR('',#3091,1.);
#3091 = DIRECTION('',(0.,-1.,-3.269438756184E-15));
#3092 = CARTESIAN_POINT('',(-1.5,1.355,2.959062853009));
#3093 = CARTESIAN_POINT('',(-1.5,-0.133675134595,2.959062853009));
#3094 = GEOMETRIC_CURVE_SET('',(#3095));
#3095 = TRIMMED_CURVE('',#3096,(#3100,PARAMETER_VALUE(-0.5)),(#3101,
    PARAMETER_VALUE(1.95399252334E-14)),.T.,.PARAMETER.);
#3096 = LINE('',#3097,#3098);
#3097 = CARTESIAN_POINT('',(-2.,-0.133675134595,2.959062853009));
#3098 = VECTOR('',#3099,1.);
#3099 = DIRECTION('',(-1.,-7.971189900216E-44,2.438091212181E-29));
#3100 = CARTESIAN_POINT('',(-1.5,-0.133675134595,2.959062853009));
#3101 = CARTESIAN_POINT('',(-2.,-0.133675134595,2.959062853009));
#3102 = GEOMETRIC_CURVE_SET('',(#3103));
#3103 = TRIMMED_CURVE('',#3104,(#3108,PARAMETER_VALUE(-2.761324865405)),
  (#3109,PARAMETER_VALUE(4.4408920985E-16)),.T.,.PARAMETER.);
#3104 = LINE('',#3105,#3106);
#3105 = CARTESIAN_POINT('',(-2.,-2.895,2.959062853009));
#3106 = VECTOR('',#3107,1.);
#3107 = DIRECTION('',(0.,-1.,-3.269438756184E-15));
#3108 = CARTESIAN_POINT('',(-2.,-0.133675134595,2.959062853009));
#3109 = CARTESIAN_POINT('',(-2.,-2.895,2.959062853009));
#3110 = GEOMETRIC_CURVE_SET('',(#3111));
#3111 = TRIMMED_CURVE('',#3112,(#3116,PARAMETER_VALUE(
      -4.440892098501E-15)),(#3117,PARAMETER_VALUE(4.)),.T.,
  .PARAMETER.);
#3112 = LINE('',#3113,#3114);
#3113 = CARTESIAN_POINT('',(-2.,-2.895,2.959062853009));
#3114 = VECTOR('',#3115,1.);
#3115 = DIRECTION('',(1.,7.971189900216E-44,-2.438091212181E-29));
#3116 = CARTESIAN_POINT('',(-2.,-2.895,2.959062853009));
#3117 = CARTESIAN_POINT('',(2.,-2.895,2.959062853009));
#3118 = GEOMETRIC_CURVE_SET('',(#3119));
#3119 = TRIMMED_CURVE('',#3120,(#3124,PARAMETER_VALUE(2.48689957516E-14)
    ),(#3125,PARAMETER_VALUE(2.761324865405)),.T.,.PARAMETER.);
#3120 = LINE('',#3121,#3122);
#3121 = CARTESIAN_POINT('',(2.,-2.895,2.959062853009));
#3122 = VECTOR('',#3123,1.);
#3123 = DIRECTION('',(0.,1.,3.269438756184E-15));
#3124 = CARTESIAN_POINT('',(2.,-2.895,2.959062853009));
#3125 = CARTESIAN_POINT('',(2.,-0.133675134595,2.959062853009));
#3126 = GEOMETRIC_CURVE_SET('',(#3127));
#3127 = TRIMMED_CURVE('',#3128,(#3132,PARAMETER_VALUE(-4.)),(#3133,
    PARAMETER_VALUE(-3.5)),.T.,.PARAMETER.);
#3128 = LINE('',#3129,#3130);
#3129 = CARTESIAN_POINT('',(-2.,-0.133675134595,2.959062853009));
#3130 = VECTOR('',#3131,1.);
#3131 = DIRECTION('',(-1.,-7.971189900216E-44,2.438091212181E-29));
#3132 = CARTESIAN_POINT('',(2.,-0.133675134595,2.959062853009));
#3133 = CARTESIAN_POINT('',(1.5,-0.133675134595,2.959062853009));
#3134 = GEOMETRIC_CURVE_SET('',(#3135));
#3135 = TRIMMED_CURVE('',#3136,(#3140,PARAMETER_VALUE(-2.9)),(#3141,
    PARAMETER_VALUE(-2.76)),.T.,.PARAMETER.);
#3136 = LINE('',#3137,#3138);
#3137 = CARTESIAN_POINT('',(0.4,1.355,2.959062853009));
#3138 = VECTOR('',#3139,1.);
#3139 = DIRECTION('',(2.480848139264E-29,-3.269438756184E-15,1.));
#3140 = CARTESIAN_POINT('',(0.4,1.355,5.906285300851E-02));
#3141 = CARTESIAN_POINT('',(0.4,1.355,0.199062853009));
#3142 = GEOMETRIC_CURVE_SET('',(#3143));
#3143 = TRIMMED_CURVE('',#3144,(#3148,PARAMETER_VALUE(-2.4)),(#3149,
    PARAMETER_VALUE(-1.6)),.T.,.PARAMETER.);
#3144 = LINE('',#3145,#3146);
#3145 = CARTESIAN_POINT('',(-2.,1.355,5.906285300851E-02));
#3146 = VECTOR('',#3147,1.);
#3147 = DIRECTION('',(-1.,-7.971189900216E-44,2.438091212181E-29));
#3148 = CARTESIAN_POINT('',(0.4,1.355,5.906285300851E-02));
#3149 = CARTESIAN_POINT('',(-0.4,1.355,5.906285300851E-02));
#3150 = GEOMETRIC_CURVE_SET('',(#3151));
#3151 = TRIMMED_CURVE('',#3152,(#3156,PARAMETER_VALUE(2.76)),(#3157,
    PARAMETER_VALUE(2.9)),.T.,.PARAMETER.);
#3152 = LINE('',#3153,#3154);
#3153 = CARTESIAN_POINT('',(-0.4,1.355,2.959062853009));
#3154 = VECTOR('',#3155,1.);
#3155 = DIRECTION('',(-2.480848139264E-29,3.269438756184E-15,-1.));
#3156 = CARTESIAN_POINT('',(-0.4,1.355,0.199062853009));
#3157 = CARTESIAN_POINT('',(-0.4,1.355,5.906285300851E-02));
#3158 = GEOMETRIC_CURVE_SET('',(#3159));
#3159 = TRIMMED_CURVE('',#3160,(#3164,PARAMETER_VALUE(-2.6)),(#3165,
    PARAMETER_VALUE(-2.4)),.T.,.PARAMETER.);
#3160 = LINE('',#3161,#3162);
#3161 = CARTESIAN_POINT('',(2.,1.355,0.199062853009));
#3162 = VECTOR('',#3163,1.);
#3163 = DIRECTION('',(1.,7.105427357601E-15,-1.577721810442E-30));
#3164 = CARTESIAN_POINT('',(-0.6,1.355,0.199062853009));
#3165 = CARTESIAN_POINT('',(-0.4,1.355,0.199062853009));
#3166 = GEOMETRIC_CURVE_SET('',(#3167));
#3167 = TRIMMED_CURVE('',#3168,(#3172,PARAMETER_VALUE(-2.9)),(#3173,
    PARAMETER_VALUE(-2.76)),.T.,.PARAMETER.);
#3168 = LINE('',#3169,#3170);
#3169 = CARTESIAN_POINT('',(-0.6,1.355,2.959062853009));
#3170 = VECTOR('',#3171,1.);
#3171 = DIRECTION('',(2.480848139264E-29,-3.269438756184E-15,1.));
#3172 = CARTESIAN_POINT('',(-0.6,1.355,5.906285300851E-02));
#3173 = CARTESIAN_POINT('',(-0.6,1.355,0.199062853009));
#3174 = GEOMETRIC_CURVE_SET('',(#3175));
#3175 = TRIMMED_CURVE('',#3176,(#3180,PARAMETER_VALUE(-1.4)),(#3181,
    PARAMETER_VALUE(2.975397705995E-14)),.T.,.PARAMETER.);
#3176 = LINE('',#3177,#3178);
#3177 = CARTESIAN_POINT('',(-2.,1.355,5.906285300851E-02));
#3178 = VECTOR('',#3179,1.);
#3179 = DIRECTION('',(-1.,-7.971189900216E-44,2.438091212181E-29));
#3180 = CARTESIAN_POINT('',(-0.6,1.355,5.906285300851E-02));
#3181 = CARTESIAN_POINT('',(-2.,1.355,5.906285300851E-02));
#3182 = GEOMETRIC_CURVE_SET('',(#3183));
#3183 = TRIMMED_CURVE('',#3184,(#3188,PARAMETER_VALUE(1.5)),(#3189,
    PARAMETER_VALUE(2.9)),.T.,.PARAMETER.);
#3184 = LINE('',#3185,#3186);
#3185 = CARTESIAN_POINT('',(-2.,1.355,2.959062853009));
#3186 = VECTOR('',#3187,1.);
#3187 = DIRECTION('',(-2.480848139264E-29,3.269438756184E-15,-1.));
#3188 = CARTESIAN_POINT('',(-2.,1.355,1.459062853009));
#3189 = CARTESIAN_POINT('',(-2.,1.355,5.906285300851E-02));
#3190 = GEOMETRIC_CURVE_SET('',(#3191));
#3191 = TRIMMED_CURVE('',#3192,(#3196,PARAMETER_VALUE(3.5)),(#3197,
    PARAMETER_VALUE(4.)),.T.,.PARAMETER.);
#3192 = LINE('',#3193,#3194);
#3193 = CARTESIAN_POINT('',(2.,1.355,1.459062853009));
#3194 = VECTOR('',#3195,1.);
#3195 = DIRECTION('',(-1.,-7.105427357601E-15,1.577721810442E-30));
#3196 = CARTESIAN_POINT('',(-1.5,1.355,1.459062853009));
#3197 = CARTESIAN_POINT('',(-2.,1.355,1.459062853009));
#3198 = GEOMETRIC_CURVE_SET('',(#3199));
#3199 = TRIMMED_CURVE('',#3200,(#3204,PARAMETER_VALUE(2.849099034935E-29
      )),(#3205,PARAMETER_VALUE(1.5)),.T.,.PARAMETER.);
#3200 = LINE('',#3201,#3202);
#3201 = CARTESIAN_POINT('',(-1.5,1.355,2.959062853009));
#3202 = VECTOR('',#3203,1.);
#3203 = DIRECTION('',(-2.480848139264E-29,3.269438756184E-15,-1.));
#3204 = CARTESIAN_POINT('',(-1.5,1.355,2.959062853009));
#3205 = CARTESIAN_POINT('',(-1.5,1.355,1.459062853009));
#3206 = GEOMETRIC_CURVE_SET('',(#3207));
#3207 = TRIMMED_CURVE('',#3208,(#3212,PARAMETER_VALUE(-3.5)),(#3213,
    PARAMETER_VALUE(-0.5)),.T.,.PARAMETER.);
#3208 = LINE('',#3209,#3210);
#3209 = CARTESIAN_POINT('',(-2.,1.355,2.959062853009));
#3210 = VECTOR('',#3211,1.);
#3211 = DIRECTION('',(-1.,-7.971189900216E-44,2.438091212181E-29));
#3212 = CARTESIAN_POINT('',(1.5,1.355,2.959062853009));
#3213 = CARTESIAN_POINT('',(-1.5,1.355,2.959062853009));
#3214 = GEOMETRIC_CURVE_SET('',(#3215));
#3215 = TRIMMED_CURVE('',#3216,(#3220,PARAMETER_VALUE(-1.5)),(#3221,
    PARAMETER_VALUE(-2.6645352591E-15)),.T.,.PARAMETER.);
#3216 = LINE('',#3217,#3218);
#3217 = CARTESIAN_POINT('',(1.5,1.355,2.959062853009));
#3218 = VECTOR('',#3219,1.);
#3219 = DIRECTION('',(2.480848139264E-29,-3.269438756184E-15,1.));
#3220 = CARTESIAN_POINT('',(1.5,1.355,1.459062853009));
#3221 = CARTESIAN_POINT('',(1.5,1.355,2.959062853009));
#3222 = GEOMETRIC_CURVE_SET('',(#3223));
#3223 = TRIMMED_CURVE('',#3224,(#3228,PARAMETER_VALUE(5.916456789158E-30
      )),(#3229,PARAMETER_VALUE(0.5)),.T.,.PARAMETER.);
#3224 = LINE('',#3225,#3226);
#3225 = CARTESIAN_POINT('',(2.,1.355,1.459062853009));
#3226 = VECTOR('',#3227,1.);
#3227 = DIRECTION('',(-1.,-7.105427357601E-15,1.577721810442E-30));
#3228 = CARTESIAN_POINT('',(2.,1.355,1.459062853009));
#3229 = CARTESIAN_POINT('',(1.5,1.355,1.459062853009));
#3230 = GEOMETRIC_CURVE_SET('',(#3231));
#3231 = TRIMMED_CURVE('',#3232,(#3236,PARAMETER_VALUE(-2.9)),(#3237,
    PARAMETER_VALUE(-1.5)),.T.,.PARAMETER.);
#3232 = LINE('',#3233,#3234);
#3233 = CARTESIAN_POINT('',(2.,1.355,2.959062853009));
#3234 = VECTOR('',#3235,1.);
#3235 = DIRECTION('',(2.480848139264E-29,-3.269438756184E-15,1.));
#3236 = CARTESIAN_POINT('',(2.,1.355,5.906285300851E-02));
#3237 = CARTESIAN_POINT('',(2.,1.355,1.459062853009));
#3238 = GEOMETRIC_CURVE_SET('',(#3239));
#3239 = TRIMMED_CURVE('',#3240,(#3244,PARAMETER_VALUE(-4.)),(#3245,
    PARAMETER_VALUE(-2.6)),.T.,.PARAMETER.);
#3240 = LINE('',#3241,#3242);
#3241 = CARTESIAN_POINT('',(-2.,1.355,5.906285300851E-02));
#3242 = VECTOR('',#3243,1.);
#3243 = DIRECTION('',(-1.,-7.971189900216E-44,2.438091212181E-29));
#3244 = CARTESIAN_POINT('',(2.,1.355,5.906285300851E-02));
#3245 = CARTESIAN_POINT('',(0.6,1.355,5.906285300851E-02));
#3246 = GEOMETRIC_CURVE_SET('',(#3247));
#3247 = TRIMMED_CURVE('',#3248,(#3252,PARAMETER_VALUE(2.76)),(#3253,
    PARAMETER_VALUE(2.9)),.T.,.PARAMETER.);
#3248 = LINE('',#3249,#3250);
#3249 = CARTESIAN_POINT('',(0.6,1.355,2.959062853009));
#3250 = VECTOR('',#3251,1.);
#3251 = DIRECTION('',(-2.480848139264E-29,3.269438756184E-15,-1.));
#3252 = CARTESIAN_POINT('',(0.6,1.355,0.199062853009));
#3253 = CARTESIAN_POINT('',(0.6,1.355,5.906285300851E-02));
#3254 = GEOMETRIC_CURVE_SET('',(#3255));
#3255 = TRIMMED_CURVE('',#3256,(#3260,PARAMETER_VALUE(-1.6)),(#3261,
    PARAMETER_VALUE(-1.4)),.T.,.PARAMETER.);
#3256 = LINE('',#3257,#3258);
#3257 = CARTESIAN_POINT('',(2.,1.355,0.199062853009));
#3258 = VECTOR('',#3259,1.);
#3259 = DIRECTION('',(1.,7.105427357601E-15,-1.577721810442E-30));
#3260 = CARTESIAN_POINT('',(0.4,1.355,0.199062853009));
#3261 = CARTESIAN_POINT('',(0.6,1.355,0.199062853009));
#3262 = GEOMETRIC_CURVE_SET('',(#3263));
#3263 = TRIMMED_CURVE('',#3264,(#3268,PARAMETER_VALUE(-1.)),(#3269,
    PARAMETER_VALUE(-1.7763568394E-15)),.T.,.PARAMETER.);
#3264 = LINE('',#3265,#3266);
#3265 = CARTESIAN_POINT('',(1.5,0.805,2.459062853009));
#3266 = VECTOR('',#3267,1.);
#3267 = DIRECTION('',(-5.605193857299E-45,2.22044604925E-16,1.));
#3268 = CARTESIAN_POINT('',(1.5,0.805,1.459062853009));
#3269 = CARTESIAN_POINT('',(1.5,0.805,2.459062853009));
#3270 = GEOMETRIC_CURVE_SET('',(#3271));
#3271 = TRIMMED_CURVE('',#3272,(#3276,PARAMETER_VALUE(
      -2.109423746788E-15)),(#3277,PARAMETER_VALUE(0.55)),.T.,
  .PARAMETER.);
#3272 = LINE('',#3273,#3274);
#3273 = CARTESIAN_POINT('',(1.5,1.355,1.459062853009));
#3274 = VECTOR('',#3275,1.);
#3275 = DIRECTION('',(6.982966722219E-15,-1.,2.22044604925E-16));
#3276 = CARTESIAN_POINT('',(1.5,1.355,1.459062853009));
#3277 = CARTESIAN_POINT('',(1.5,0.805,1.459062853009));
#3278 = GEOMETRIC_CURVE_SET('',(#3279));
#3279 = TRIMMED_CURVE('',#3280,(#3284,PARAMETER_VALUE(-1.5)),(#3285,
    PARAMETER_VALUE(-2.6645352591E-15)),.T.,.PARAMETER.);
#3280 = LINE('',#3281,#3282);
#3281 = CARTESIAN_POINT('',(1.5,1.355,2.959062853009));
#3282 = VECTOR('',#3283,1.);
#3283 = DIRECTION('',(2.480848139264E-29,-3.269438756184E-15,1.));
#3284 = CARTESIAN_POINT('',(1.5,1.355,1.459062853009));
#3285 = CARTESIAN_POINT('',(1.5,1.355,2.959062853009));
#3286 = GEOMETRIC_CURVE_SET('',(#3287));
#3287 = TRIMMED_CURVE('',#3288,(#3292,PARAMETER_VALUE(2.761324865405)),(
    #3293,PARAMETER_VALUE(4.25)),.T.,.PARAMETER.);
#3288 = LINE('',#3289,#3290);
#3289 = CARTESIAN_POINT('',(1.5,-2.895,2.959062853009));
#3290 = VECTOR('',#3291,1.);
#3291 = DIRECTION('',(0.,1.,3.269438756184E-15));
#3292 = CARTESIAN_POINT('',(1.5,-0.133675134595,2.959062853009));
#3293 = CARTESIAN_POINT('',(1.5,1.355,2.959062853009));
#3294 = GEOMETRIC_CURVE_SET('',(#3295));
#3295 = TRIMMED_CURVE('',#3296,(#3300,PARAMETER_VALUE(1.625479323517E-16
      )),(#3301,PARAMETER_VALUE(0.57735026919)),.T.,.PARAMETER.);
#3296 = LINE('',#3297,#3298);
#3297 = CARTESIAN_POINT('',(1.5,0.155,2.459062853009));
#3298 = VECTOR('',#3299,1.);
#3299 = DIRECTION('',(3.380207847159E-15,-0.5,0.866025403784));
#3300 = CARTESIAN_POINT('',(1.5,0.155,2.459062853009));
#3301 = CARTESIAN_POINT('',(1.5,-0.133675134595,2.959062853009));
#3302 = GEOMETRIC_CURVE_SET('',(#3303));
#3303 = TRIMMED_CURVE('',#3304,(#3308,PARAMETER_VALUE(0.55)),(#3309,
    PARAMETER_VALUE(1.2)),.T.,.PARAMETER.);
#3304 = LINE('',#3305,#3306);
#3305 = CARTESIAN_POINT('',(1.5,1.355,2.459062853009));
#3306 = VECTOR('',#3307,1.);
#3307 = DIRECTION('',(6.982966722219E-15,-1.,2.22044604925E-16));
#3308 = CARTESIAN_POINT('',(1.5,0.805,2.459062853009));
#3309 = CARTESIAN_POINT('',(1.5,0.155,2.459062853009));
#3310 = GEOMETRIC_CURVE_SET('',(#3311));
#3311 = TRIMMED_CURVE('',#3312,(#3316,PARAMETER_VALUE(8.881784197001E-16
      )),(#3317,PARAMETER_VALUE(0.5)),.T.,.PARAMETER.);
#3312 = LINE('',#3313,#3314);
#3313 = CARTESIAN_POINT('',(1.5,0.155,2.459062853009));
#3314 = VECTOR('',#3315,1.);
#3315 = DIRECTION('',(1.,5.237225041664E-15,3.023713287611E-15));
#3316 = CARTESIAN_POINT('',(1.5,0.155,2.459062853009));
#3317 = CARTESIAN_POINT('',(2.,0.155,2.459062853009));
#3318 = GEOMETRIC_CURVE_SET('',(#3319));
#3319 = TRIMMED_CURVE('',#3320,(#3324,PARAMETER_VALUE(1.625479323517E-16
      )),(#3325,PARAMETER_VALUE(0.57735026919)),.T.,.PARAMETER.);
#3320 = LINE('',#3321,#3322);
#3321 = CARTESIAN_POINT('',(1.5,0.155,2.459062853009));
#3322 = VECTOR('',#3323,1.);
#3323 = DIRECTION('',(3.380207847159E-15,-0.5,0.866025403784));
#3324 = CARTESIAN_POINT('',(1.5,0.155,2.459062853009));
#3325 = CARTESIAN_POINT('',(1.5,-0.133675134595,2.959062853009));
#3326 = GEOMETRIC_CURVE_SET('',(#3327));
#3327 = TRIMMED_CURVE('',#3328,(#3332,PARAMETER_VALUE(-4.)),(#3333,
    PARAMETER_VALUE(-3.5)),.T.,.PARAMETER.);
#3328 = LINE('',#3329,#3330);
#3329 = CARTESIAN_POINT('',(-2.,-0.133675134595,2.959062853009));
#3330 = VECTOR('',#3331,1.);
#3331 = DIRECTION('',(-1.,-7.971189900216E-44,2.438091212181E-29));
#3332 = CARTESIAN_POINT('',(2.,-0.133675134595,2.959062853009));
#3333 = CARTESIAN_POINT('',(1.5,-0.133675134595,2.959062853009));
#3334 = GEOMETRIC_CURVE_SET('',(#3335));
#3335 = TRIMMED_CURVE('',#3336,(#3340,PARAMETER_VALUE(
      -1.102251981941E-15)),(#3341,PARAMETER_VALUE(0.57735026919)),.T.,
  .PARAMETER.);
#3336 = LINE('',#3337,#3338);
#3337 = CARTESIAN_POINT('',(2.,0.155,2.459062853009));
#3338 = VECTOR('',#3339,1.);
#3339 = DIRECTION('',(0.,-0.5,0.866025403784));
#3340 = CARTESIAN_POINT('',(2.,0.155,2.459062853009));
#3341 = CARTESIAN_POINT('',(2.,-0.133675134595,2.959062853009));
#3342 = GEOMETRIC_CURVE_SET('',(#3343));
#3343 = TRIMMED_CURVE('',#3344,(#3348,PARAMETER_VALUE(
      -1.102251981941E-15)),(#3349,PARAMETER_VALUE(0.57735026919)),.T.,
  .PARAMETER.);
#3344 = LINE('',#3345,#3346);
#3345 = CARTESIAN_POINT('',(2.,0.155,2.459062853009));
#3346 = VECTOR('',#3347,1.);
#3347 = DIRECTION('',(0.,-0.5,0.866025403784));
#3348 = CARTESIAN_POINT('',(2.,0.155,2.459062853009));
#3349 = CARTESIAN_POINT('',(2.,-0.133675134595,2.959062853009));
#3350 = GEOMETRIC_CURVE_SET('',(#3351));
#3351 = TRIMMED_CURVE('',#3352,(#3356,PARAMETER_VALUE(2.48689957516E-14)
    ),(#3357,PARAMETER_VALUE(2.761324865405)),.T.,.PARAMETER.);
#3352 = LINE('',#3353,#3354);
#3353 = CARTESIAN_POINT('',(2.,-2.895,2.959062853009));
#3354 = VECTOR('',#3355,1.);
#3355 = DIRECTION('',(0.,1.,3.269438756184E-15));
#3356 = CARTESIAN_POINT('',(2.,-2.895,2.959062853009));
#3357 = CARTESIAN_POINT('',(2.,-0.133675134595,2.959062853009));
#3358 = GEOMETRIC_CURVE_SET('',(#3359));
#3359 = TRIMMED_CURVE('',#3360,(#3364,PARAMETER_VALUE(-1.7)),(#3365,
    PARAMETER_VALUE(-1.465494392505E-14)),.T.,.PARAMETER.);
#3360 = LINE('',#3361,#3362);
#3361 = CARTESIAN_POINT('',(2.,-2.895,2.959062853009));
#3362 = VECTOR('',#3363,1.);
#3363 = DIRECTION('',(-5.605193857299E-45,2.22044604925E-16,1.));
#3364 = CARTESIAN_POINT('',(2.,-2.895,1.259062853009));
#3365 = CARTESIAN_POINT('',(2.,-2.895,2.959062853009));
#3366 = GEOMETRIC_CURVE_SET('',(#3367));
#3367 = TRIMMED_CURVE('',#3368,(#3372,PARAMETER_VALUE(3.75)),(#3373,
    PARAMETER_VALUE(4.25)),.T.,.PARAMETER.);
#3368 = LINE('',#3369,#3370);
#3369 = CARTESIAN_POINT('',(2.,1.355,1.259062853009));
#3370 = VECTOR('',#3371,1.);
#3371 = DIRECTION('',(6.982966722219E-15,-1.,2.22044604925E-16));
#3372 = CARTESIAN_POINT('',(2.,-2.395,1.259062853009));
#3373 = CARTESIAN_POINT('',(2.,-2.895,1.259062853009));
#3374 = GEOMETRIC_CURVE_SET('',(#3375));
#3375 = TRIMMED_CURVE('',#3376,(#3380,PARAMETER_VALUE(-2.35)),(#3381,
    PARAMETER_VALUE(-1.7)),.T.,.PARAMETER.);
#3376 = LINE('',#3377,#3378);
#3377 = CARTESIAN_POINT('',(2.,-2.395,2.959062853009));
#3378 = VECTOR('',#3379,1.);
#3379 = DIRECTION('',(-5.605193857299E-45,2.22044604925E-16,1.));
#3380 = CARTESIAN_POINT('',(2.,-2.395,0.609062853009));
#3381 = CARTESIAN_POINT('',(2.,-2.395,1.259062853009));
#3382 = GEOMETRIC_CURVE_SET('',(#3383));
#3383 = TRIMMED_CURVE('',#3384,(#3388,PARAMETER_VALUE(2.75)),(#3389,
    PARAMETER_VALUE(3.75)),.T.,.PARAMETER.);
#3384 = LINE('',#3385,#3386);
#3385 = CARTESIAN_POINT('',(2.,1.355,0.609062853009));
#3386 = VECTOR('',#3387,1.);
#3387 = DIRECTION('',(6.982966722219E-15,-1.,2.22044604925E-16));
#3388 = CARTESIAN_POINT('',(2.,-1.395,0.609062853009));
#3389 = CARTESIAN_POINT('',(2.,-2.395,0.609062853009));
#3390 = GEOMETRIC_CURVE_SET('',(#3391));
#3391 = TRIMMED_CURVE('',#3392,(#3396,PARAMETER_VALUE(-2.9)),(#3397,
    PARAMETER_VALUE(-2.35)),.T.,.PARAMETER.);
#3392 = LINE('',#3393,#3394);
#3393 = CARTESIAN_POINT('',(2.,-1.395,2.959062853009));
#3394 = VECTOR('',#3395,1.);
#3395 = DIRECTION('',(-5.605193857299E-45,2.22044604925E-16,1.));
#3396 = CARTESIAN_POINT('',(2.,-1.395,5.906285300851E-02));
#3397 = CARTESIAN_POINT('',(2.,-1.395,0.609062853009));
#3398 = GEOMETRIC_CURVE_SET('',(#3399));
#3399 = TRIMMED_CURVE('',#3400,(#3404,PARAMETER_VALUE(
      -9.103828801926E-15)),(#3405,PARAMETER_VALUE(2.75)),.T.,
  .PARAMETER.);
#3400 = LINE('',#3401,#3402);
#3401 = CARTESIAN_POINT('',(2.,1.355,5.906285300851E-02));
#3402 = VECTOR('',#3403,1.);
#3403 = DIRECTION('',(6.982966722219E-15,-1.,2.22044604925E-16));
#3404 = CARTESIAN_POINT('',(2.,1.355,5.906285300851E-02));
#3405 = CARTESIAN_POINT('',(2.,-1.395,5.906285300851E-02));
#3406 = GEOMETRIC_CURVE_SET('',(#3407));
#3407 = TRIMMED_CURVE('',#3408,(#3412,PARAMETER_VALUE(-2.9)),(#3413,
    PARAMETER_VALUE(-1.5)),.T.,.PARAMETER.);
#3408 = LINE('',#3409,#3410);
#3409 = CARTESIAN_POINT('',(2.,1.355,2.959062853009));
#3410 = VECTOR('',#3411,1.);
#3411 = DIRECTION('',(2.480848139264E-29,-3.269438756184E-15,1.));
#3412 = CARTESIAN_POINT('',(2.,1.355,5.906285300851E-02));
#3413 = CARTESIAN_POINT('',(2.,1.355,1.459062853009));
#3414 = GEOMETRIC_CURVE_SET('',(#3415));
#3415 = TRIMMED_CURVE('',#3416,(#3420,PARAMETER_VALUE(-0.55)),(#3421,
    PARAMETER_VALUE(4.385380947269E-15)),.T.,.PARAMETER.);
#3416 = LINE('',#3417,#3418);
#3417 = CARTESIAN_POINT('',(2.,1.355,1.459062853009));
#3418 = VECTOR('',#3419,1.);
#3419 = DIRECTION('',(-6.982966722219E-15,1.,-2.22044604925E-16));
#3420 = CARTESIAN_POINT('',(2.,0.805,1.459062853009));
#3421 = CARTESIAN_POINT('',(2.,1.355,1.459062853009));
#3422 = GEOMETRIC_CURVE_SET('',(#3423));
#3423 = TRIMMED_CURVE('',#3424,(#3428,PARAMETER_VALUE(0.5)),(#3429,
    PARAMETER_VALUE(1.5)),.T.,.PARAMETER.);
#3424 = LINE('',#3425,#3426);
#3425 = CARTESIAN_POINT('',(2.,0.805,2.959062853009));
#3426 = VECTOR('',#3427,1.);
#3427 = DIRECTION('',(5.605193857299E-45,-2.22044604925E-16,-1.));
#3428 = CARTESIAN_POINT('',(2.,0.805,2.459062853009));
#3429 = CARTESIAN_POINT('',(2.,0.805,1.459062853009));
#3430 = GEOMETRIC_CURVE_SET('',(#3431));
#3431 = TRIMMED_CURVE('',#3432,(#3436,PARAMETER_VALUE(-1.2)),(#3437,
    PARAMETER_VALUE(-0.55)),.T.,.PARAMETER.);
#3432 = LINE('',#3433,#3434);
#3433 = CARTESIAN_POINT('',(2.,1.355,2.459062853009));
#3434 = VECTOR('',#3435,1.);
#3435 = DIRECTION('',(-6.982966722219E-15,1.,-2.22044604925E-16));
#3436 = CARTESIAN_POINT('',(2.,0.155,2.459062853009));
#3437 = CARTESIAN_POINT('',(2.,0.805,2.459062853009));
#3438 = GEOMETRIC_CURVE_SET('',(#3439));
#3439 = TRIMMED_CURVE('',#3440,(#3444,PARAMETER_VALUE(-0.35)),(#3445,
    PARAMETER_VALUE(1.709743457923E-14)),.T.,.PARAMETER.);
#3440 = LINE('',#3441,#3442);
#3441 = CARTESIAN_POINT('',(-1.2,-2.895,2.059062853009));
#3442 = VECTOR('',#3443,1.);
#3443 = DIRECTION('',(1.,7.971189900216E-44,-2.438091212181E-29));
#3444 = CARTESIAN_POINT('',(-1.55,-2.895,2.059062853009));
#3445 = CARTESIAN_POINT('',(-1.2,-2.895,2.059062853009));
#3446 = GEOMETRIC_CURVE_SET('',(#3447));
#3447 = TRIMMED_CURVE('',#3448,(#3452,PARAMETER_VALUE(-0.5)),(#3453,
    PARAMETER_VALUE(-1.021405182655E-14)),.T.,.PARAMETER.);
#3448 = LINE('',#3449,#3450);
#3449 = CARTESIAN_POINT('',(-1.2,-2.895,2.559062853009));
#3450 = VECTOR('',#3451,1.);
#3451 = DIRECTION('',(-3.562798913235E-31,2.22044604925E-16,1.));
#3452 = CARTESIAN_POINT('',(-1.2,-2.895,2.059062853009));
#3453 = CARTESIAN_POINT('',(-1.2,-2.895,2.559062853009));
#3454 = GEOMETRIC_CURVE_SET('',(#3455));
#3455 = TRIMMED_CURVE('',#3456,(#3460,PARAMETER_VALUE(-3.2)),(#3461,
    PARAMETER_VALUE(-0.8)),.T.,.PARAMETER.);
#3456 = LINE('',#3457,#3458);
#3457 = CARTESIAN_POINT('',(-2.,-2.895,2.559062853009));
#3458 = VECTOR('',#3459,1.);
#3459 = DIRECTION('',(-1.,-7.199807156716E-15,1.598678335649E-30));
#3460 = CARTESIAN_POINT('',(1.2,-2.895,2.559062853009));
#3461 = CARTESIAN_POINT('',(-1.2,-2.895,2.559062853009));
#3462 = GEOMETRIC_CURVE_SET('',(#3463));
#3463 = TRIMMED_CURVE('',#3464,(#3468,PARAMETER_VALUE(5.329070518201E-15
      )),(#3469,PARAMETER_VALUE(0.5)),.T.,.PARAMETER.);
#3464 = LINE('',#3465,#3466);
#3465 = CARTESIAN_POINT('',(1.2,-2.895,2.559062853009));
#3466 = VECTOR('',#3467,1.);
#3467 = DIRECTION('',(2.06514699521E-16,-2.22044604925E-16,-1.));
#3468 = CARTESIAN_POINT('',(1.2,-2.895,2.559062853009));
#3469 = CARTESIAN_POINT('',(1.2,-2.895,2.059062853009));
#3470 = GEOMETRIC_CURVE_SET('',(#3471));
#3471 = TRIMMED_CURVE('',#3472,(#3476,PARAMETER_VALUE(1.265654248073E-14
      )),(#3477,PARAMETER_VALUE(0.35)),.T.,.PARAMETER.);
#3472 = LINE('',#3473,#3474);
#3473 = CARTESIAN_POINT('',(1.2,-2.895,2.059062853009));
#3474 = VECTOR('',#3475,1.);
#3475 = DIRECTION('',(1.,7.971189900216E-44,-2.438091212181E-29));
#3476 = CARTESIAN_POINT('',(1.2,-2.895,2.059062853009));
#3477 = CARTESIAN_POINT('',(1.55,-2.895,2.059062853009));
#3478 = GEOMETRIC_CURVE_SET('',(#3479));
#3479 = TRIMMED_CURVE('',#3480,(#3484,PARAMETER_VALUE(4.440892098501E-15
      )),(#3485,PARAMETER_VALUE(0.6)),.T.,.PARAMETER.);
#3480 = LINE('',#3481,#3482);
#3481 = CARTESIAN_POINT('',(1.55,-2.895,2.059062853009));
#3482 = VECTOR('',#3483,1.);
#3483 = DIRECTION('',(3.562798913235E-31,-2.22044604925E-16,-1.));
#3484 = CARTESIAN_POINT('',(1.55,-2.895,2.059062853009));
#3485 = CARTESIAN_POINT('',(1.55,-2.895,1.459062853009));
#3486 = GEOMETRIC_CURVE_SET('',(#3487));
#3487 = TRIMMED_CURVE('',#3488,(#3492,PARAMETER_VALUE(-0.35)),(#3493,
    PARAMETER_VALUE(-1.731947918415E-14)),.T.,.PARAMETER.);
#3488 = LINE('',#3489,#3490);
#3489 = CARTESIAN_POINT('',(1.2,-2.895,1.459062853009));
#3490 = VECTOR('',#3491,1.);
#3491 = DIRECTION('',(-1.,-7.971189900216E-44,2.438091212181E-29));
#3492 = CARTESIAN_POINT('',(1.55,-2.895,1.459062853009));
#3493 = CARTESIAN_POINT('',(1.2,-2.895,1.459062853009));
#3494 = GEOMETRIC_CURVE_SET('',(#3495));
#3495 = TRIMMED_CURVE('',#3496,(#3500,PARAMETER_VALUE(1.1)),(#3501,
    PARAMETER_VALUE(2.1)),.T.,.PARAMETER.);
#3496 = LINE('',#3497,#3498);
#3497 = CARTESIAN_POINT('',(1.2,-2.895,2.559062853009));
#3498 = VECTOR('',#3499,1.);
#3499 = DIRECTION('',(2.06514699521E-16,-2.22044604925E-16,-1.));
#3500 = CARTESIAN_POINT('',(1.2,-2.895,1.459062853009));
#3501 = CARTESIAN_POINT('',(1.2,-2.895,0.459062853009));
#3502 = GEOMETRIC_CURVE_SET('',(#3503));
#3503 = TRIMMED_CURVE('',#3504,(#3508,PARAMETER_VALUE(0.8)),(#3509,
    PARAMETER_VALUE(3.2)),.T.,.PARAMETER.);
#3504 = LINE('',#3505,#3506);
#3505 = CARTESIAN_POINT('',(-2.,-2.895,0.459062853009));
#3506 = VECTOR('',#3507,1.);
#3507 = DIRECTION('',(1.,7.199807156716E-15,-1.598678335649E-30));
#3508 = CARTESIAN_POINT('',(-1.2,-2.895,0.459062853009));
#3509 = CARTESIAN_POINT('',(1.2,-2.895,0.459062853009));
#3510 = GEOMETRIC_CURVE_SET('',(#3511));
#3511 = TRIMMED_CURVE('',#3512,(#3516,PARAMETER_VALUE(-2.1)),(#3517,
    PARAMETER_VALUE(-1.1)),.T.,.PARAMETER.);
#3512 = LINE('',#3513,#3514);
#3513 = CARTESIAN_POINT('',(-1.2,-2.895,2.559062853009));
#3514 = VECTOR('',#3515,1.);
#3515 = DIRECTION('',(-3.562798913235E-31,2.22044604925E-16,1.));
#3516 = CARTESIAN_POINT('',(-1.2,-2.895,0.459062853009));
#3517 = CARTESIAN_POINT('',(-1.2,-2.895,1.459062853009));
#3518 = GEOMETRIC_CURVE_SET('',(#3519));
#3519 = TRIMMED_CURVE('',#3520,(#3524,PARAMETER_VALUE(
      -1.287858708565E-14)),(#3525,PARAMETER_VALUE(0.35)),.T.,
  .PARAMETER.);
#3520 = LINE('',#3521,#3522);
#3521 = CARTESIAN_POINT('',(-1.2,-2.895,1.459062853009));
#3522 = VECTOR('',#3523,1.);
#3523 = DIRECTION('',(-1.,2.025561487008E-30,-6.195440985631E-16));
#3524 = CARTESIAN_POINT('',(-1.2,-2.895,1.459062853009));
#3525 = CARTESIAN_POINT('',(-1.55,-2.895,1.459062853009));
#3526 = GEOMETRIC_CURVE_SET('',(#3527));
#3527 = TRIMMED_CURVE('',#3528,(#3532,PARAMETER_VALUE(-0.6)),(#3533,
    PARAMETER_VALUE(-8.437694987151E-15)),.T.,.PARAMETER.);
#3528 = LINE('',#3529,#3530);
#3529 = CARTESIAN_POINT('',(-1.55,-2.895,2.059062853009));
#3530 = VECTOR('',#3531,1.);
#3531 = DIRECTION('',(-3.562798913235E-31,2.22044604925E-16,1.));
#3532 = CARTESIAN_POINT('',(-1.55,-2.895,1.459062853009));
#3533 = CARTESIAN_POINT('',(-1.55,-2.895,2.059062853009));
#3534 = GEOMETRIC_CURVE_SET('',(#3535));
#3535 = TRIMMED_CURVE('',#3536,(#3540,PARAMETER_VALUE(-0.5)),(#3541,
    PARAMETER_VALUE(-4.440892098501E-16)),.T.,.PARAMETER.);
#3536 = LINE('',#3537,#3538);
#3537 = CARTESIAN_POINT('',(-2.,-2.895,1.259062853009));
#3538 = VECTOR('',#3539,1.);
#3539 = DIRECTION('',(-1.,-7.199807156716E-15,1.598678335649E-30));
#3540 = CARTESIAN_POINT('',(-1.5,-2.895,1.259062853009));
#3541 = CARTESIAN_POINT('',(-2.,-2.895,1.259062853009));
#3542 = GEOMETRIC_CURVE_SET('',(#3543));
#3543 = TRIMMED_CURVE('',#3544,(#3548,PARAMETER_VALUE(1.7)),(#3549,
    PARAMETER_VALUE(2.9)),.T.,.PARAMETER.);
#3544 = LINE('',#3545,#3546);
#3545 = CARTESIAN_POINT('',(-1.5,-2.895,2.959062853009));
#3546 = VECTOR('',#3547,1.);
#3547 = DIRECTION('',(0.,3.269438756184E-15,-1.));
#3548 = CARTESIAN_POINT('',(-1.5,-2.895,1.259062853009));
#3549 = CARTESIAN_POINT('',(-1.5,-2.895,5.90628530085E-02));
#3550 = GEOMETRIC_CURVE_SET('',(#3551));
#3551 = TRIMMED_CURVE('',#3552,(#3556,PARAMETER_VALUE(-3.5)),(#3557,
    PARAMETER_VALUE(-0.5)),.T.,.PARAMETER.);
#3552 = LINE('',#3553,#3554);
#3553 = CARTESIAN_POINT('',(-2.,-2.895,5.90628530085E-02));
#3554 = VECTOR('',#3555,1.);
#3555 = DIRECTION('',(-1.,-7.199807156716E-15,1.598678335649E-30));
#3556 = CARTESIAN_POINT('',(1.5,-2.895,5.90628530085E-02));
#3557 = CARTESIAN_POINT('',(-1.5,-2.895,5.90628530085E-02));
#3558 = GEOMETRIC_CURVE_SET('',(#3559));
#3559 = TRIMMED_CURVE('',#3560,(#3564,PARAMETER_VALUE(-1.25)),(#3565,
    PARAMETER_VALUE(-5.E-02)),.T.,.PARAMETER.);
#3560 = LINE('',#3561,#3562);
#3561 = CARTESIAN_POINT('',(1.5,-2.895,9.062853008501E-03));
#3562 = VECTOR('',#3563,1.);
#3563 = DIRECTION('',(-0.,-2.22044604925E-16,-1.));
#3564 = CARTESIAN_POINT('',(1.5,-2.895,1.259062853009));
#3565 = CARTESIAN_POINT('',(1.5,-2.895,5.90628530085E-02));
#3566 = GEOMETRIC_CURVE_SET('',(#3567));
#3567 = TRIMMED_CURVE('',#3568,(#3572,PARAMETER_VALUE(-4.)),(#3573,
    PARAMETER_VALUE(-3.5)),.T.,.PARAMETER.);
#3568 = LINE('',#3569,#3570);
#3569 = CARTESIAN_POINT('',(-2.,-2.895,1.259062853009));
#3570 = VECTOR('',#3571,1.);
#3571 = DIRECTION('',(-1.,-7.199807156716E-15,1.598678335649E-30));
#3572 = CARTESIAN_POINT('',(2.,-2.895,1.259062853009));
#3573 = CARTESIAN_POINT('',(1.5,-2.895,1.259062853009));
#3574 = GEOMETRIC_CURVE_SET('',(#3575));
#3575 = TRIMMED_CURVE('',#3576,(#3580,PARAMETER_VALUE(-1.7)),(#3581,
    PARAMETER_VALUE(-1.465494392505E-14)),.T.,.PARAMETER.);
#3576 = LINE('',#3577,#3578);
#3577 = CARTESIAN_POINT('',(2.,-2.895,2.959062853009));
#3578 = VECTOR('',#3579,1.);
#3579 = DIRECTION('',(-5.605193857299E-45,2.22044604925E-16,1.));
#3580 = CARTESIAN_POINT('',(2.,-2.895,1.259062853009));
#3581 = CARTESIAN_POINT('',(2.,-2.895,2.959062853009));
#3582 = GEOMETRIC_CURVE_SET('',(#3583));
#3583 = TRIMMED_CURVE('',#3584,(#3588,PARAMETER_VALUE(
      -4.440892098501E-15)),(#3589,PARAMETER_VALUE(4.)),.T.,
  .PARAMETER.);
#3584 = LINE('',#3585,#3586);
#3585 = CARTESIAN_POINT('',(-2.,-2.895,2.959062853009));
#3586 = VECTOR('',#3587,1.);
#3587 = DIRECTION('',(1.,7.971189900216E-44,-2.438091212181E-29));
#3588 = CARTESIAN_POINT('',(-2.,-2.895,2.959062853009));
#3589 = CARTESIAN_POINT('',(2.,-2.895,2.959062853009));
#3590 = GEOMETRIC_CURVE_SET('',(#3591));
#3591 = TRIMMED_CURVE('',#3592,(#3596,PARAMETER_VALUE(-1.7)),(#3597,
    PARAMETER_VALUE(4.884981308351E-15)),.T.,.PARAMETER.);
#3592 = LINE('',#3593,#3594);
#3593 = CARTESIAN_POINT('',(-2.,-2.895,2.959062853009));
#3594 = VECTOR('',#3595,1.);
#3595 = DIRECTION('',(2.513800689087E-29,-3.269438756184E-15,1.));
#3596 = CARTESIAN_POINT('',(-2.,-2.895,1.259062853009));
#3597 = CARTESIAN_POINT('',(-2.,-2.895,2.959062853009));
#3598 = GEOMETRIC_CURVE_SET('',(#3599));
#3599 = TRIMMED_CURVE('',#3600,(#3604,PARAMETER_VALUE(1.5)),(#3605,
    PARAMETER_VALUE(2.9)),.T.,.PARAMETER.);
#3600 = LINE('',#3601,#3602);
#3601 = CARTESIAN_POINT('',(-2.,1.355,2.959062853009));
#3602 = VECTOR('',#3603,1.);
#3603 = DIRECTION('',(-2.480848139264E-29,3.269438756184E-15,-1.));
#3604 = CARTESIAN_POINT('',(-2.,1.355,1.459062853009));
#3605 = CARTESIAN_POINT('',(-2.,1.355,5.906285300851E-02));
#3606 = GEOMETRIC_CURVE_SET('',(#3607));
#3607 = TRIMMED_CURVE('',#3608,(#3612,PARAMETER_VALUE(-2.75)),(#3613,
    PARAMETER_VALUE(1.493249968121E-14)),.T.,.PARAMETER.);
#3608 = LINE('',#3609,#3610);
#3609 = CARTESIAN_POINT('',(-2.,1.355,5.906285300851E-02));
#3610 = VECTOR('',#3611,1.);
#3611 = DIRECTION('',(-7.18705183704E-15,1.,-2.22044604925E-16));
#3612 = CARTESIAN_POINT('',(-2.,-1.395,5.906285300851E-02));
#3613 = CARTESIAN_POINT('',(-2.,1.355,5.906285300851E-02));
#3614 = GEOMETRIC_CURVE_SET('',(#3615));
#3615 = TRIMMED_CURVE('',#3616,(#3620,PARAMETER_VALUE(2.35)),(#3621,
    PARAMETER_VALUE(2.9)),.T.,.PARAMETER.);
#3616 = LINE('',#3617,#3618);
#3617 = CARTESIAN_POINT('',(-2.,-1.395,2.959062853009));
#3618 = VECTOR('',#3619,1.);
#3619 = DIRECTION('',(7.125597826469E-31,-2.22044604925E-16,-1.));
#3620 = CARTESIAN_POINT('',(-2.,-1.395,0.609062853009));
#3621 = CARTESIAN_POINT('',(-2.,-1.395,5.906285300851E-02));
#3622 = GEOMETRIC_CURVE_SET('',(#3623));
#3623 = TRIMMED_CURVE('',#3624,(#3628,PARAMETER_VALUE(-3.75)),(#3629,
    PARAMETER_VALUE(-2.75)),.T.,.PARAMETER.);
#3624 = LINE('',#3625,#3626);
#3625 = CARTESIAN_POINT('',(-2.,1.355,0.609062853009));
#3626 = VECTOR('',#3627,1.);
#3627 = DIRECTION('',(-7.18705183704E-15,1.,-2.22044604925E-16));
#3628 = CARTESIAN_POINT('',(-2.,-2.395,0.609062853009));
#3629 = CARTESIAN_POINT('',(-2.,-1.395,0.609062853009));
#3630 = GEOMETRIC_CURVE_SET('',(#3631));
#3631 = TRIMMED_CURVE('',#3632,(#3636,PARAMETER_VALUE(1.7)),(#3637,
    PARAMETER_VALUE(2.35)),.T.,.PARAMETER.);
#3632 = LINE('',#3633,#3634);
#3633 = CARTESIAN_POINT('',(-2.,-2.395,2.959062853009));
#3634 = VECTOR('',#3635,1.);
#3635 = DIRECTION('',(7.125597826469E-31,-2.22044604925E-16,-1.));
#3636 = CARTESIAN_POINT('',(-2.,-2.395,1.259062853009));
#3637 = CARTESIAN_POINT('',(-2.,-2.395,0.609062853009));
#3638 = GEOMETRIC_CURVE_SET('',(#3639));
#3639 = TRIMMED_CURVE('',#3640,(#3644,PARAMETER_VALUE(-4.25)),(#3645,
    PARAMETER_VALUE(-3.75)),.T.,.PARAMETER.);
#3640 = LINE('',#3641,#3642);
#3641 = CARTESIAN_POINT('',(-2.,1.355,1.259062853008));
#3642 = VECTOR('',#3643,1.);
#3643 = DIRECTION('',(-7.18705183704E-15,1.,-2.22044604925E-16));
#3644 = CARTESIAN_POINT('',(-2.,-2.895,1.259062853009));
#3645 = CARTESIAN_POINT('',(-2.,-2.395,1.259062853009));
#3646 = GEOMETRIC_CURVE_SET('',(#3647));
#3647 = TRIMMED_CURVE('',#3648,(#3652,PARAMETER_VALUE(-1.7)),(#3653,
    PARAMETER_VALUE(4.884981308351E-15)),.T.,.PARAMETER.);
#3648 = LINE('',#3649,#3650);
#3649 = CARTESIAN_POINT('',(-2.,-2.895,2.959062853009));
#3650 = VECTOR('',#3651,1.);
#3651 = DIRECTION('',(2.513800689087E-29,-3.269438756184E-15,1.));
#3652 = CARTESIAN_POINT('',(-2.,-2.895,1.259062853009));
#3653 = CARTESIAN_POINT('',(-2.,-2.895,2.959062853009));
#3654 = GEOMETRIC_CURVE_SET('',(#3655));
#3655 = TRIMMED_CURVE('',#3656,(#3660,PARAMETER_VALUE(-2.761324865405)),
  (#3661,PARAMETER_VALUE(4.4408920985E-16)),.T.,.PARAMETER.);
#3656 = LINE('',#3657,#3658);
#3657 = CARTESIAN_POINT('',(-2.,-2.895,2.959062853009));
#3658 = VECTOR('',#3659,1.);
#3659 = DIRECTION('',(0.,-1.,-3.269438756184E-15));
#3660 = CARTESIAN_POINT('',(-2.,-0.133675134595,2.959062853009));
#3661 = CARTESIAN_POINT('',(-2.,-2.895,2.959062853009));
#3662 = GEOMETRIC_CURVE_SET('',(#3663));
#3663 = TRIMMED_CURVE('',#3664,(#3668,PARAMETER_VALUE(4.956148397392E-16
      )),(#3669,PARAMETER_VALUE(0.57735026919)),.T.,.PARAMETER.);
#3664 = LINE('',#3665,#3666);
#3665 = CARTESIAN_POINT('',(-2.,0.155,2.459062853009));
#3666 = VECTOR('',#3667,1.);
#3667 = DIRECTION('',(3.755786496843E-15,-0.5,0.866025403784));
#3668 = CARTESIAN_POINT('',(-2.,0.155,2.459062853009));
#3669 = CARTESIAN_POINT('',(-2.,-0.133675134595,2.959062853009));
#3670 = GEOMETRIC_CURVE_SET('',(#3671));
#3671 = TRIMMED_CURVE('',#3672,(#3676,PARAMETER_VALUE(0.55)),(#3677,
    PARAMETER_VALUE(1.2)),.T.,.PARAMETER.);
#3672 = LINE('',#3673,#3674);
#3673 = CARTESIAN_POINT('',(-2.,1.355,2.459062853009));
#3674 = VECTOR('',#3675,1.);
#3675 = DIRECTION('',(7.18705183704E-15,-1.,2.22044604925E-16));
#3676 = CARTESIAN_POINT('',(-2.,0.805,2.459062853009));
#3677 = CARTESIAN_POINT('',(-2.,0.155,2.459062853009));
#3678 = GEOMETRIC_CURVE_SET('',(#3679));
#3679 = TRIMMED_CURVE('',#3680,(#3684,PARAMETER_VALUE(-1.5)),(#3685,
    PARAMETER_VALUE(-0.5)),.T.,.PARAMETER.);
#3680 = LINE('',#3681,#3682);
#3681 = CARTESIAN_POINT('',(-2.,0.805,2.959062853009));
#3682 = VECTOR('',#3683,1.);
#3683 = DIRECTION('',(-7.125597826469E-31,2.22044604925E-16,1.));
#3684 = CARTESIAN_POINT('',(-2.,0.805,1.459062853009));
#3685 = CARTESIAN_POINT('',(-2.,0.805,2.459062853009));
#3686 = GEOMETRIC_CURVE_SET('',(#3687));
#3687 = TRIMMED_CURVE('',#3688,(#3692,PARAMETER_VALUE(
      -8.493206138382E-15)),(#3693,PARAMETER_VALUE(0.55)),.T.,
  .PARAMETER.);
#3688 = LINE('',#3689,#3690);
#3689 = CARTESIAN_POINT('',(-2.,1.355,1.459062853009));
#3690 = VECTOR('',#3691,1.);
#3691 = DIRECTION('',(7.18705183704E-15,-1.,2.22044604925E-16));
#3692 = CARTESIAN_POINT('',(-2.,1.355,1.459062853009));
#3693 = CARTESIAN_POINT('',(-2.,0.805,1.459062853009));
#3694 = GEOMETRIC_CURVE_SET('',(#3695));
#3695 = TRIMMED_CURVE('',#3696,(#3700,PARAMETER_VALUE(-0.57735026919)),(
    #3701,PARAMETER_VALUE(-8.286817471268E-16)),.T.,.PARAMETER.);
#3696 = LINE('',#3697,#3698);
#3697 = CARTESIAN_POINT('',(-1.5,0.155,2.459062853009));
#3698 = VECTOR('',#3699,1.);
#3699 = DIRECTION('',(-0.,0.5,-0.866025403784));
#3700 = CARTESIAN_POINT('',(-1.5,-0.133675134595,2.959062853009));
#3701 = CARTESIAN_POINT('',(-1.5,0.155,2.459062853009));
#3702 = GEOMETRIC_CURVE_SET('',(#3703));
#3703 = TRIMMED_CURVE('',#3704,(#3708,PARAMETER_VALUE(
      -4.440892098501E-16)),(#3709,PARAMETER_VALUE(0.5)),.T.,
  .PARAMETER.);
#3704 = LINE('',#3705,#3706);
#3705 = CARTESIAN_POINT('',(-1.5,0.155,2.459062853009));
#3706 = VECTOR('',#3707,1.);
#3707 = DIRECTION('',(-1.,-5.237225041664E-15,-3.023713287611E-15));
#3708 = CARTESIAN_POINT('',(-1.5,0.155,2.459062853009));
#3709 = CARTESIAN_POINT('',(-2.,0.155,2.459062853009));
#3710 = GEOMETRIC_CURVE_SET('',(#3711));
#3711 = TRIMMED_CURVE('',#3712,(#3716,PARAMETER_VALUE(4.956148397392E-16
      )),(#3717,PARAMETER_VALUE(0.57735026919)),.T.,.PARAMETER.);
#3712 = LINE('',#3713,#3714);
#3713 = CARTESIAN_POINT('',(-2.,0.155,2.459062853009));
#3714 = VECTOR('',#3715,1.);
#3715 = DIRECTION('',(3.755786496843E-15,-0.5,0.866025403784));
#3716 = CARTESIAN_POINT('',(-2.,0.155,2.459062853009));
#3717 = CARTESIAN_POINT('',(-2.,-0.133675134595,2.959062853009));
#3718 = GEOMETRIC_CURVE_SET('',(#3719));
#3719 = TRIMMED_CURVE('',#3720,(#3724,PARAMETER_VALUE(-0.5)),(#3725,
    PARAMETER_VALUE(1.95399252334E-14)),.T.,.PARAMETER.);
#3720 = LINE('',#3721,#3722);
#3721 = CARTESIAN_POINT('',(-2.,-0.133675134595,2.959062853009));
#3722 = VECTOR('',#3723,1.);
#3723 = DIRECTION('',(-1.,-7.971189900216E-44,2.438091212181E-29));
#3724 = CARTESIAN_POINT('',(-1.5,-0.133675134595,2.959062853009));
#3725 = CARTESIAN_POINT('',(-2.,-0.133675134595,2.959062853009));
#3726 = GEOMETRIC_CURVE_SET('',(#3727));
#3727 = TRIMMED_CURVE('',#3728,(#3732,PARAMETER_VALUE(-0.57735026919)),(
    #3733,PARAMETER_VALUE(-8.286817471268E-16)),.T.,.PARAMETER.);
#3728 = LINE('',#3729,#3730);
#3729 = CARTESIAN_POINT('',(-1.5,0.155,2.459062853009));
#3730 = VECTOR('',#3731,1.);
#3731 = DIRECTION('',(-0.,0.5,-0.866025403784));
#3732 = CARTESIAN_POINT('',(-1.5,-0.133675134595,2.959062853009));
#3733 = CARTESIAN_POINT('',(-1.5,0.155,2.459062853009));
#3734 = GEOMETRIC_CURVE_SET('',(#3735));
#3735 = TRIMMED_CURVE('',#3736,(#3740,PARAMETER_VALUE(-4.25)),(#3741,
    PARAMETER_VALUE(-2.761324865405)),.T.,.PARAMETER.);
#3736 = LINE('',#3737,#3738);
#3737 = CARTESIAN_POINT('',(-1.5,-2.895,2.959062853009));
#3738 = VECTOR('',#3739,1.);
#3739 = DIRECTION('',(0.,-1.,-3.269438756184E-15));
#3740 = CARTESIAN_POINT('',(-1.5,1.355,2.959062853009));
#3741 = CARTESIAN_POINT('',(-1.5,-0.133675134595,2.959062853009));
#3742 = GEOMETRIC_CURVE_SET('',(#3743));
#3743 = TRIMMED_CURVE('',#3744,(#3748,PARAMETER_VALUE(2.849099034935E-29
      )),(#3749,PARAMETER_VALUE(1.5)),.T.,.PARAMETER.);
#3744 = LINE('',#3745,#3746);
#3745 = CARTESIAN_POINT('',(-1.5,1.355,2.959062853009));
#3746 = VECTOR('',#3747,1.);
#3747 = DIRECTION('',(-2.480848139264E-29,3.269438756184E-15,-1.));
#3748 = CARTESIAN_POINT('',(-1.5,1.355,2.959062853009));
#3749 = CARTESIAN_POINT('',(-1.5,1.355,1.459062853009));
#3750 = GEOMETRIC_CURVE_SET('',(#3751));
#3751 = TRIMMED_CURVE('',#3752,(#3756,PARAMETER_VALUE(-0.55)),(#3757,
    PARAMETER_VALUE(3.441691376338E-15)),.T.,.PARAMETER.);
#3752 = LINE('',#3753,#3754);
#3753 = CARTESIAN_POINT('',(-1.5,1.355,1.459062853009));
#3754 = VECTOR('',#3755,1.);
#3755 = DIRECTION('',(-6.982966722219E-15,1.,-2.22044604925E-16));
#3756 = CARTESIAN_POINT('',(-1.5,0.805,1.459062853009));
#3757 = CARTESIAN_POINT('',(-1.5,1.355,1.459062853009));
#3758 = GEOMETRIC_CURVE_SET('',(#3759));
#3759 = TRIMMED_CURVE('',#3760,(#3764,PARAMETER_VALUE(2.22044604925E-15)
    ),(#3765,PARAMETER_VALUE(1.)),.T.,.PARAMETER.);
#3760 = LINE('',#3761,#3762);
#3761 = CARTESIAN_POINT('',(-1.5,0.805,2.459062853009));
#3762 = VECTOR('',#3763,1.);
#3763 = DIRECTION('',(5.605193857299E-45,-2.22044604925E-16,-1.));
#3764 = CARTESIAN_POINT('',(-1.5,0.805,2.459062853009));
#3765 = CARTESIAN_POINT('',(-1.5,0.805,1.459062853009));
#3766 = GEOMETRIC_CURVE_SET('',(#3767));
#3767 = TRIMMED_CURVE('',#3768,(#3772,PARAMETER_VALUE(-1.2)),(#3773,
    PARAMETER_VALUE(-0.55)),.T.,.PARAMETER.);
#3768 = LINE('',#3769,#3770);
#3769 = CARTESIAN_POINT('',(-1.5,1.355,2.459062853009));
#3770 = VECTOR('',#3771,1.);
#3771 = DIRECTION('',(-6.982966722219E-15,1.,-2.22044604925E-16));
#3772 = CARTESIAN_POINT('',(-1.5,0.155,2.459062853009));
#3773 = CARTESIAN_POINT('',(-1.5,0.805,2.459062853009));
#3774 = GEOMETRIC_CURVE_SET('',(#3775));
#3775 = TRIMMED_CURVE('',#3776,(#3780,PARAMETER_VALUE(1.276756478319E-15
      )),(#3781,PARAMETER_VALUE(0.2)),.T.,.PARAMETER.);
#3776 = LINE('',#3777,#3778);
#3777 = CARTESIAN_POINT('',(0.4,2.055,0.199062853009));
#3778 = VECTOR('',#3779,1.);
#3779 = DIRECTION('',(1.,8.340996362257E-44,-2.492169409971E-29));
#3780 = CARTESIAN_POINT('',(0.4,2.055,0.199062853009));
#3781 = CARTESIAN_POINT('',(0.6,2.055,0.199062853009));
#3782 = GEOMETRIC_CURVE_SET('',(#3783));
#3783 = TRIMMED_CURVE('',#3784,(#3788,PARAMETER_VALUE(-0.7)),(#3789,
    PARAMETER_VALUE(-4.952880291217E-30)),.T.,.PARAMETER.);
#3784 = LINE('',#3785,#3786);
#3785 = CARTESIAN_POINT('',(0.4,2.055,0.199062853009));
#3786 = VECTOR('',#3787,1.);
#3787 = DIRECTION('',(0.,1.,3.346881768505E-15));
#3788 = CARTESIAN_POINT('',(0.4,1.355,0.199062853009));
#3789 = CARTESIAN_POINT('',(0.4,2.055,0.199062853009));
#3790 = GEOMETRIC_CURVE_SET('',(#3791));
#3791 = TRIMMED_CURVE('',#3792,(#3796,PARAMETER_VALUE(-1.6)),(#3797,
    PARAMETER_VALUE(-1.4)),.T.,.PARAMETER.);
#3792 = LINE('',#3793,#3794);
#3793 = CARTESIAN_POINT('',(2.,1.355,0.199062853009));
#3794 = VECTOR('',#3795,1.);
#3795 = DIRECTION('',(1.,7.105427357601E-15,-1.577721810442E-30));
#3796 = CARTESIAN_POINT('',(0.4,1.355,0.199062853009));
#3797 = CARTESIAN_POINT('',(0.6,1.355,0.199062853009));
#3798 = GEOMETRIC_CURVE_SET('',(#3799));
#3799 = TRIMMED_CURVE('',#3800,(#3804,PARAMETER_VALUE(
      -8.881784197001E-16)),(#3805,PARAMETER_VALUE(0.7)),.T.,
  .PARAMETER.);
#3800 = LINE('',#3801,#3802);
#3801 = CARTESIAN_POINT('',(0.6,2.055,0.199062853009));
#3802 = VECTOR('',#3803,1.);
#3803 = DIRECTION('',(0.,-1.,-3.346881768505E-15));
#3804 = CARTESIAN_POINT('',(0.6,2.055,0.199062853009));
#3805 = CARTESIAN_POINT('',(0.6,1.355,0.199062853009));
#3806 = GEOMETRIC_CURVE_SET('',(#3807));
#3807 = TRIMMED_CURVE('',#3808,(#3812,PARAMETER_VALUE(-0.15)),(#3813,
    PARAMETER_VALUE(-9.E-02)),.T.,.PARAMETER.);
#3808 = LINE('',#3809,#3810);
#3809 = CARTESIAN_POINT('',(0.4,1.255,0.149062853009));
#3810 = VECTOR('',#3811,1.);
#3811 = DIRECTION('',(-5.605193857299E-45,2.22044604925E-16,1.));
#3812 = CARTESIAN_POINT('',(0.4,1.255,-9.371469914852E-04));
#3813 = CARTESIAN_POINT('',(0.4,1.255,5.906285300851E-02));
#3814 = GEOMETRIC_CURVE_SET('',(#3815));
#3815 = TRIMMED_CURVE('',#3816,(#3820,PARAMETER_VALUE(0.45)),(#3821,
    PARAMETER_VALUE(0.55)),.T.,.PARAMETER.);
#3816 = LINE('',#3817,#3818);
#3817 = CARTESIAN_POINT('',(0.4,0.805,5.906285300851E-02));
#3818 = VECTOR('',#3819,1.);
#3819 = DIRECTION('',(-6.982966722219E-15,1.,-2.22044604925E-16));
#3820 = CARTESIAN_POINT('',(0.4,1.255,5.906285300851E-02));
#3821 = CARTESIAN_POINT('',(0.4,1.355,5.906285300851E-02));
#3822 = GEOMETRIC_CURVE_SET('',(#3823));
#3823 = TRIMMED_CURVE('',#3824,(#3828,PARAMETER_VALUE(-2.9)),(#3829,
    PARAMETER_VALUE(-2.76)),.T.,.PARAMETER.);
#3824 = LINE('',#3825,#3826);
#3825 = CARTESIAN_POINT('',(0.4,1.355,2.959062853009));
#3826 = VECTOR('',#3827,1.);
#3827 = DIRECTION('',(2.480848139264E-29,-3.269438756184E-15,1.));
#3828 = CARTESIAN_POINT('',(0.4,1.355,5.906285300851E-02));
#3829 = CARTESIAN_POINT('',(0.4,1.355,0.199062853009));
#3830 = GEOMETRIC_CURVE_SET('',(#3831));
#3831 = TRIMMED_CURVE('',#3832,(#3836,PARAMETER_VALUE(-0.7)),(#3837,
    PARAMETER_VALUE(-4.952880291217E-30)),.T.,.PARAMETER.);
#3832 = LINE('',#3833,#3834);
#3833 = CARTESIAN_POINT('',(0.4,2.055,0.199062853009));
#3834 = VECTOR('',#3835,1.);
#3835 = DIRECTION('',(0.,1.,3.346881768505E-15));
#3836 = CARTESIAN_POINT('',(0.4,1.355,0.199062853009));
#3837 = CARTESIAN_POINT('',(0.4,2.055,0.199062853009));
#3838 = GEOMETRIC_CURVE_SET('',(#3839));
#3839 = TRIMMED_CURVE('',#3840,(#3844,PARAMETER_VALUE(-5.E-02)),(#3845,
    PARAMETER_VALUE(0.15)),.T.,.PARAMETER.);
#3840 = LINE('',#3841,#3842);
#3841 = CARTESIAN_POINT('',(0.4,2.055,0.149062853009));
#3842 = VECTOR('',#3843,1.);
#3843 = DIRECTION('',(5.605193857299E-45,-2.22044604925E-16,-1.));
#3844 = CARTESIAN_POINT('',(0.4,2.055,0.199062853009));
#3845 = CARTESIAN_POINT('',(0.4,2.055,-9.371469914833E-04));
#3846 = GEOMETRIC_CURVE_SET('',(#3847));
#3847 = TRIMMED_CURVE('',#3848,(#3852,PARAMETER_VALUE(-1.25)),(#3853,
    PARAMETER_VALUE(-0.45)),.T.,.PARAMETER.);
#3848 = LINE('',#3849,#3850);
#3849 = CARTESIAN_POINT('',(0.4,0.805,-9.371469914831E-04));
#3850 = VECTOR('',#3851,1.);
#3851 = DIRECTION('',(6.982966722219E-15,-1.,2.22044604925E-16));
#3852 = CARTESIAN_POINT('',(0.4,2.055,-9.371469914833E-04));
#3853 = CARTESIAN_POINT('',(0.4,1.255,-9.371469914852E-04));
#3854 = GEOMETRIC_CURVE_SET('',(#3855));
#3855 = TRIMMED_CURVE('',#3856,(#3860,PARAMETER_VALUE(2.76)),(#3861,
    PARAMETER_VALUE(2.9)),.T.,.PARAMETER.);
#3856 = LINE('',#3857,#3858);
#3857 = CARTESIAN_POINT('',(-0.4,1.355,2.959062853009));
#3858 = VECTOR('',#3859,1.);
#3859 = DIRECTION('',(-2.480848139264E-29,3.269438756184E-15,-1.));
#3860 = CARTESIAN_POINT('',(-0.4,1.355,0.199062853009));
#3861 = CARTESIAN_POINT('',(-0.4,1.355,5.906285300851E-02));
#3862 = GEOMETRIC_CURVE_SET('',(#3863));
#3863 = TRIMMED_CURVE('',#3864,(#3868,PARAMETER_VALUE(0.45)),(#3869,
    PARAMETER_VALUE(0.55)),.T.,.PARAMETER.);
#3864 = LINE('',#3865,#3866);
#3865 = CARTESIAN_POINT('',(-0.4,0.805,5.906285300851E-02));
#3866 = VECTOR('',#3867,1.);
#3867 = DIRECTION('',(-6.982966722219E-15,1.,-2.22044604925E-16));
#3868 = CARTESIAN_POINT('',(-0.4,1.255,5.906285300851E-02));
#3869 = CARTESIAN_POINT('',(-0.4,1.355,5.906285300851E-02));
#3870 = GEOMETRIC_CURVE_SET('',(#3871));
#3871 = TRIMMED_CURVE('',#3872,(#3876,PARAMETER_VALUE(-0.15)),(#3877,
    PARAMETER_VALUE(-9.E-02)),.T.,.PARAMETER.);
#3872 = LINE('',#3873,#3874);
#3873 = CARTESIAN_POINT('',(-0.4,1.255,0.149062853009));
#3874 = VECTOR('',#3875,1.);
#3875 = DIRECTION('',(-5.605193857299E-45,2.22044604925E-16,1.));
#3876 = CARTESIAN_POINT('',(-0.4,1.255,-9.371469914852E-04));
#3877 = CARTESIAN_POINT('',(-0.4,1.255,5.906285300851E-02));
#3878 = GEOMETRIC_CURVE_SET('',(#3879));
#3879 = TRIMMED_CURVE('',#3880,(#3884,PARAMETER_VALUE(-1.25)),(#3885,
    PARAMETER_VALUE(-0.45)),.T.,.PARAMETER.);
#3880 = LINE('',#3881,#3882);
#3881 = CARTESIAN_POINT('',(-0.4,0.805,-9.371469914831E-04));
#3882 = VECTOR('',#3883,1.);
#3883 = DIRECTION('',(6.982966722219E-15,-1.,2.22044604925E-16));
#3884 = CARTESIAN_POINT('',(-0.4,2.055,-9.371469914833E-04));
#3885 = CARTESIAN_POINT('',(-0.4,1.255,-9.371469914852E-04));
#3886 = GEOMETRIC_CURVE_SET('',(#3887));
#3887 = TRIMMED_CURVE('',#3888,(#3892,PARAMETER_VALUE(-5.E-02)),(#3893,
    PARAMETER_VALUE(0.15)),.T.,.PARAMETER.);
#3888 = LINE('',#3889,#3890);
#3889 = CARTESIAN_POINT('',(-0.4,2.055,0.149062853009));
#3890 = VECTOR('',#3891,1.);
#3891 = DIRECTION('',(5.605193857299E-45,-2.22044604925E-16,-1.));
#3892 = CARTESIAN_POINT('',(-0.4,2.055,0.199062853009));
#3893 = CARTESIAN_POINT('',(-0.4,2.055,-9.371469914833E-04));
#3894 = GEOMETRIC_CURVE_SET('',(#3895));
#3895 = TRIMMED_CURVE('',#3896,(#3900,PARAMETER_VALUE(0.55)),(#3901,
    PARAMETER_VALUE(1.25)),.T.,.PARAMETER.);
#3896 = LINE('',#3897,#3898);
#3897 = CARTESIAN_POINT('',(-0.4,0.805,0.199062853009));
#3898 = VECTOR('',#3899,1.);
#3899 = DIRECTION('',(-6.982966722219E-15,1.,-2.22044604925E-16));
#3900 = CARTESIAN_POINT('',(-0.4,1.355,0.199062853009));
#3901 = CARTESIAN_POINT('',(-0.4,2.055,0.199062853009));
#3902 = GEOMETRIC_CURVE_SET('',(#3903));
#3903 = TRIMMED_CURVE('',#3904,(#3908,PARAMETER_VALUE(1.33226762955E-15)
    ),(#3909,PARAMETER_VALUE(0.2)),.T.,.PARAMETER.);
#3904 = LINE('',#3905,#3906);
#3905 = CARTESIAN_POINT('',(-0.6,2.055,0.199062853009));
#3906 = VECTOR('',#3907,1.);
#3907 = DIRECTION('',(1.,8.340996362257E-44,-2.492169409971E-29));
#3908 = CARTESIAN_POINT('',(-0.6,2.055,0.199062853009));
#3909 = CARTESIAN_POINT('',(-0.4,2.055,0.199062853009));
#3910 = GEOMETRIC_CURVE_SET('',(#3911));
#3911 = TRIMMED_CURVE('',#3912,(#3916,PARAMETER_VALUE(-0.7)),(#3917,
    PARAMETER_VALUE(-4.952880291217E-30)),.T.,.PARAMETER.);
#3912 = LINE('',#3913,#3914);
#3913 = CARTESIAN_POINT('',(-0.6,2.055,0.199062853009));
#3914 = VECTOR('',#3915,1.);
#3915 = DIRECTION('',(0.,1.,3.346881768505E-15));
#3916 = CARTESIAN_POINT('',(-0.6,1.355,0.199062853009));
#3917 = CARTESIAN_POINT('',(-0.6,2.055,0.199062853009));
#3918 = GEOMETRIC_CURVE_SET('',(#3919));
#3919 = TRIMMED_CURVE('',#3920,(#3924,PARAMETER_VALUE(-2.6)),(#3925,
    PARAMETER_VALUE(-2.4)),.T.,.PARAMETER.);
#3920 = LINE('',#3921,#3922);
#3921 = CARTESIAN_POINT('',(2.,1.355,0.199062853009));
#3922 = VECTOR('',#3923,1.);
#3923 = DIRECTION('',(1.,7.105427357601E-15,-1.577721810442E-30));
#3924 = CARTESIAN_POINT('',(-0.6,1.355,0.199062853009));
#3925 = CARTESIAN_POINT('',(-0.4,1.355,0.199062853009));
#3926 = GEOMETRIC_CURVE_SET('',(#3927));
#3927 = TRIMMED_CURVE('',#3928,(#3932,PARAMETER_VALUE(0.55)),(#3933,
    PARAMETER_VALUE(1.25)),.T.,.PARAMETER.);
#3928 = LINE('',#3929,#3930);
#3929 = CARTESIAN_POINT('',(-0.4,0.805,0.199062853009));
#3930 = VECTOR('',#3931,1.);
#3931 = DIRECTION('',(-6.982966722219E-15,1.,-2.22044604925E-16));
#3932 = CARTESIAN_POINT('',(-0.4,1.355,0.199062853009));
#3933 = CARTESIAN_POINT('',(-0.4,2.055,0.199062853009));
#3934 = GEOMETRIC_CURVE_SET('',(#3935));
#3935 = TRIMMED_CURVE('',#3936,(#3940,PARAMETER_VALUE(-0.15)),(#3941,
    PARAMETER_VALUE(-9.E-02)),.T.,.PARAMETER.);
#3936 = LINE('',#3937,#3938);
#3937 = CARTESIAN_POINT('',(-0.6,1.255,0.149062853009));
#3938 = VECTOR('',#3939,1.);
#3939 = DIRECTION('',(-5.605193857299E-45,2.22044604925E-16,1.));
#3940 = CARTESIAN_POINT('',(-0.6,1.255,-9.371469914852E-04));
#3941 = CARTESIAN_POINT('',(-0.6,1.255,5.906285300851E-02));
#3942 = GEOMETRIC_CURVE_SET('',(#3943));
#3943 = TRIMMED_CURVE('',#3944,(#3948,PARAMETER_VALUE(0.45)),(#3949,
    PARAMETER_VALUE(0.55)),.T.,.PARAMETER.);
#3944 = LINE('',#3945,#3946);
#3945 = CARTESIAN_POINT('',(-0.6,0.805,5.906285300851E-02));
#3946 = VECTOR('',#3947,1.);
#3947 = DIRECTION('',(-6.982966722219E-15,1.,-2.22044604925E-16));
#3948 = CARTESIAN_POINT('',(-0.6,1.255,5.906285300851E-02));
#3949 = CARTESIAN_POINT('',(-0.6,1.355,5.906285300851E-02));
#3950 = GEOMETRIC_CURVE_SET('',(#3951));
#3951 = TRIMMED_CURVE('',#3952,(#3956,PARAMETER_VALUE(-2.9)),(#3957,
    PARAMETER_VALUE(-2.76)),.T.,.PARAMETER.);
#3952 = LINE('',#3953,#3954);
#3953 = CARTESIAN_POINT('',(-0.6,1.355,2.959062853009));
#3954 = VECTOR('',#3955,1.);
#3955 = DIRECTION('',(2.480848139264E-29,-3.269438756184E-15,1.));
#3956 = CARTESIAN_POINT('',(-0.6,1.355,5.906285300851E-02));
#3957 = CARTESIAN_POINT('',(-0.6,1.355,0.199062853009));
#3958 = GEOMETRIC_CURVE_SET('',(#3959));
#3959 = TRIMMED_CURVE('',#3960,(#3964,PARAMETER_VALUE(-0.7)),(#3965,
    PARAMETER_VALUE(-4.952880291217E-30)),.T.,.PARAMETER.);
#3960 = LINE('',#3961,#3962);
#3961 = CARTESIAN_POINT('',(-0.6,2.055,0.199062853009));
#3962 = VECTOR('',#3963,1.);
#3963 = DIRECTION('',(0.,1.,3.346881768505E-15));
#3964 = CARTESIAN_POINT('',(-0.6,1.355,0.199062853009));
#3965 = CARTESIAN_POINT('',(-0.6,2.055,0.199062853009));
#3966 = GEOMETRIC_CURVE_SET('',(#3967));
#3967 = TRIMMED_CURVE('',#3968,(#3972,PARAMETER_VALUE(-5.E-02)),(#3973,
    PARAMETER_VALUE(0.15)),.T.,.PARAMETER.);
#3968 = LINE('',#3969,#3970);
#3969 = CARTESIAN_POINT('',(-0.6,2.055,0.149062853009));
#3970 = VECTOR('',#3971,1.);
#3971 = DIRECTION('',(5.605193857299E-45,-2.22044604925E-16,-1.));
#3972 = CARTESIAN_POINT('',(-0.6,2.055,0.199062853009));
#3973 = CARTESIAN_POINT('',(-0.6,2.055,-9.371469914833E-04));
#3974 = GEOMETRIC_CURVE_SET('',(#3975));
#3975 = TRIMMED_CURVE('',#3976,(#3980,PARAMETER_VALUE(-1.25)),(#3981,
    PARAMETER_VALUE(-0.45)),.T.,.PARAMETER.);
#3976 = LINE('',#3977,#3978);
#3977 = CARTESIAN_POINT('',(-0.6,0.805,-9.371469914831E-04));
#3978 = VECTOR('',#3979,1.);
#3979 = DIRECTION('',(6.982966722219E-15,-1.,2.22044604925E-16));
#3980 = CARTESIAN_POINT('',(-0.6,2.055,-9.371469914833E-04));
#3981 = CARTESIAN_POINT('',(-0.6,1.255,-9.371469914852E-04));
#3982 = GEOMETRIC_CURVE_SET('',(#3983));
#3983 = TRIMMED_CURVE('',#3984,(#3988,PARAMETER_VALUE(-0.55)),(#3989,
    PARAMETER_VALUE(3.441691376338E-15)),.T.,.PARAMETER.);
#3984 = LINE('',#3985,#3986);
#3985 = CARTESIAN_POINT('',(-1.5,1.355,1.459062853009));
#3986 = VECTOR('',#3987,1.);
#3987 = DIRECTION('',(-6.982966722219E-15,1.,-2.22044604925E-16));
#3988 = CARTESIAN_POINT('',(-1.5,0.805,1.459062853009));
#3989 = CARTESIAN_POINT('',(-1.5,1.355,1.459062853009));
#3990 = GEOMETRIC_CURVE_SET('',(#3991));
#3991 = TRIMMED_CURVE('',#3992,(#3996,PARAMETER_VALUE(3.5)),(#3997,
    PARAMETER_VALUE(4.)),.T.,.PARAMETER.);
#3992 = LINE('',#3993,#3994);
#3993 = CARTESIAN_POINT('',(2.,1.355,1.459062853009));
#3994 = VECTOR('',#3995,1.);
#3995 = DIRECTION('',(-1.,-7.105427357601E-15,1.577721810442E-30));
#3996 = CARTESIAN_POINT('',(-1.5,1.355,1.459062853009));
#3997 = CARTESIAN_POINT('',(-2.,1.355,1.459062853009));
#3998 = GEOMETRIC_CURVE_SET('',(#3999));
#3999 = TRIMMED_CURVE('',#4000,(#4004,PARAMETER_VALUE(
      -8.493206138382E-15)),(#4005,PARAMETER_VALUE(0.55)),.T.,
  .PARAMETER.);
#4000 = LINE('',#4001,#4002);
#4001 = CARTESIAN_POINT('',(-2.,1.355,1.459062853009));
#4002 = VECTOR('',#4003,1.);
#4003 = DIRECTION('',(7.18705183704E-15,-1.,2.22044604925E-16));
#4004 = CARTESIAN_POINT('',(-2.,1.355,1.459062853009));
#4005 = CARTESIAN_POINT('',(-2.,0.805,1.459062853009));
#4006 = GEOMETRIC_CURVE_SET('',(#4007));
#4007 = TRIMMED_CURVE('',#4008,(#4012,PARAMETER_VALUE(-0.5)),(#4013,
    PARAMETER_VALUE(1.488506425652E-58)),.T.,.PARAMETER.);
#4008 = LINE('',#4009,#4010);
#4009 = CARTESIAN_POINT('',(-1.5,0.805,1.459062853009));
#4010 = VECTOR('',#4011,1.);
#4011 = DIRECTION('',(1.,7.971189900216E-44,-2.438091212181E-29));
#4012 = CARTESIAN_POINT('',(-2.,0.805,1.459062853009));
#4013 = CARTESIAN_POINT('',(-1.5,0.805,1.459062853009));
#4014 = GEOMETRIC_CURVE_SET('',(#4015));
#4015 = TRIMMED_CURVE('',#4016,(#4020,PARAMETER_VALUE(5.916456789158E-30
      )),(#4021,PARAMETER_VALUE(0.5)),.T.,.PARAMETER.);
#4016 = LINE('',#4017,#4018);
#4017 = CARTESIAN_POINT('',(2.,1.355,1.459062853009));
#4018 = VECTOR('',#4019,1.);
#4019 = DIRECTION('',(-1.,-7.105427357601E-15,1.577721810442E-30));
#4020 = CARTESIAN_POINT('',(2.,1.355,1.459062853009));
#4021 = CARTESIAN_POINT('',(1.5,1.355,1.459062853009));
#4022 = GEOMETRIC_CURVE_SET('',(#4023));
#4023 = TRIMMED_CURVE('',#4024,(#4028,PARAMETER_VALUE(
      -2.109423746788E-15)),(#4029,PARAMETER_VALUE(0.55)),.T.,
  .PARAMETER.);
#4024 = LINE('',#4025,#4026);
#4025 = CARTESIAN_POINT('',(1.5,1.355,1.459062853009));
#4026 = VECTOR('',#4027,1.);
#4027 = DIRECTION('',(6.982966722219E-15,-1.,2.22044604925E-16));
#4028 = CARTESIAN_POINT('',(1.5,1.355,1.459062853009));
#4029 = CARTESIAN_POINT('',(1.5,0.805,1.459062853009));
#4030 = GEOMETRIC_CURVE_SET('',(#4031));
#4031 = TRIMMED_CURVE('',#4032,(#4036,PARAMETER_VALUE(-0.5)),(#4037,
    PARAMETER_VALUE(1.62409499994E-44)),.T.,.PARAMETER.);
#4032 = LINE('',#4033,#4034);
#4033 = CARTESIAN_POINT('',(1.5,0.805,1.459062853009));
#4034 = VECTOR('',#4035,1.);
#4035 = DIRECTION('',(-1.,-7.971189900216E-44,2.438091212181E-29));
#4036 = CARTESIAN_POINT('',(2.,0.805,1.459062853009));
#4037 = CARTESIAN_POINT('',(1.5,0.805,1.459062853009));
#4038 = GEOMETRIC_CURVE_SET('',(#4039));
#4039 = TRIMMED_CURVE('',#4040,(#4044,PARAMETER_VALUE(-0.55)),(#4045,
    PARAMETER_VALUE(4.385380947269E-15)),.T.,.PARAMETER.);
#4040 = LINE('',#4041,#4042);
#4041 = CARTESIAN_POINT('',(2.,1.355,1.459062853009));
#4042 = VECTOR('',#4043,1.);
#4043 = DIRECTION('',(-6.982966722219E-15,1.,-2.22044604925E-16));
#4044 = CARTESIAN_POINT('',(2.,0.805,1.459062853009));
#4045 = CARTESIAN_POINT('',(2.,1.355,1.459062853009));
#4046 = GEOMETRIC_CURVE_SET('',(#4047));
#4047 = TRIMMED_CURVE('',#4048,(#4052,PARAMETER_VALUE(2.76)),(#4053,
    PARAMETER_VALUE(2.9)),.T.,.PARAMETER.);
#4048 = LINE('',#4049,#4050);
#4049 = CARTESIAN_POINT('',(0.6,1.355,2.959062853009));
#4050 = VECTOR('',#4051,1.);
#4051 = DIRECTION('',(-2.480848139264E-29,3.269438756184E-15,-1.));
#4052 = CARTESIAN_POINT('',(0.6,1.355,0.199062853009));
#4053 = CARTESIAN_POINT('',(0.6,1.355,5.906285300851E-02));
#4054 = GEOMETRIC_CURVE_SET('',(#4055));
#4055 = TRIMMED_CURVE('',#4056,(#4060,PARAMETER_VALUE(0.45)),(#4061,
    PARAMETER_VALUE(0.55)),.T.,.PARAMETER.);
#4056 = LINE('',#4057,#4058);
#4057 = CARTESIAN_POINT('',(0.6,0.805,5.906285300851E-02));
#4058 = VECTOR('',#4059,1.);
#4059 = DIRECTION('',(-6.982966722219E-15,1.,-2.22044604925E-16));
#4060 = CARTESIAN_POINT('',(0.6,1.255,5.906285300851E-02));
#4061 = CARTESIAN_POINT('',(0.6,1.355,5.906285300851E-02));
#4062 = GEOMETRIC_CURVE_SET('',(#4063));
#4063 = TRIMMED_CURVE('',#4064,(#4068,PARAMETER_VALUE(-0.15)),(#4069,
    PARAMETER_VALUE(-9.E-02)),.T.,.PARAMETER.);
#4064 = LINE('',#4065,#4066);
#4065 = CARTESIAN_POINT('',(0.6,1.255,0.149062853009));
#4066 = VECTOR('',#4067,1.);
#4067 = DIRECTION('',(-5.605193857299E-45,2.22044604925E-16,1.));
#4068 = CARTESIAN_POINT('',(0.6,1.255,-9.371469914852E-04));
#4069 = CARTESIAN_POINT('',(0.6,1.255,5.906285300851E-02));
#4070 = GEOMETRIC_CURVE_SET('',(#4071));
#4071 = TRIMMED_CURVE('',#4072,(#4076,PARAMETER_VALUE(-1.25)),(#4077,
    PARAMETER_VALUE(-0.45)),.T.,.PARAMETER.);
#4072 = LINE('',#4073,#4074);
#4073 = CARTESIAN_POINT('',(0.6,0.805,-9.371469914831E-04));
#4074 = VECTOR('',#4075,1.);
#4075 = DIRECTION('',(6.982966722219E-15,-1.,2.22044604925E-16));
#4076 = CARTESIAN_POINT('',(0.6,2.055,-9.371469914833E-04));
#4077 = CARTESIAN_POINT('',(0.6,1.255,-9.371469914852E-04));
#4078 = GEOMETRIC_CURVE_SET('',(#4079));
#4079 = TRIMMED_CURVE('',#4080,(#4084,PARAMETER_VALUE(-5.E-02)),(#4085,
    PARAMETER_VALUE(0.15)),.T.,.PARAMETER.);
#4080 = LINE('',#4081,#4082);
#4081 = CARTESIAN_POINT('',(0.6,2.055,0.149062853009));
#4082 = VECTOR('',#4083,1.);
#4083 = DIRECTION('',(5.605193857299E-45,-2.22044604925E-16,-1.));
#4084 = CARTESIAN_POINT('',(0.6,2.055,0.199062853009));
#4085 = CARTESIAN_POINT('',(0.6,2.055,-9.371469914833E-04));
#4086 = GEOMETRIC_CURVE_SET('',(#4087));
#4087 = TRIMMED_CURVE('',#4088,(#4092,PARAMETER_VALUE(
      -8.881784197001E-16)),(#4093,PARAMETER_VALUE(0.7)),.T.,
  .PARAMETER.);
#4088 = LINE('',#4089,#4090);
#4089 = CARTESIAN_POINT('',(0.6,2.055,0.199062853009));
#4090 = VECTOR('',#4091,1.);
#4091 = DIRECTION('',(0.,-1.,-3.346881768505E-15));
#4092 = CARTESIAN_POINT('',(0.6,2.055,0.199062853009));
#4093 = CARTESIAN_POINT('',(0.6,1.355,0.199062853009));
#4094 = GEOMETRIC_CURVE_SET('',(#4095));
#4095 = TRIMMED_CURVE('',#4096,(#4100,PARAMETER_VALUE(1.110223024625E-15
      )),(#4101,PARAMETER_VALUE(0.5)),.T.,.PARAMETER.);
#4096 = LINE('',#4097,#4098);
#4097 = CARTESIAN_POINT('',(1.5,0.805,2.459062853009));
#4098 = VECTOR('',#4099,1.);
#4099 = DIRECTION('',(1.,7.971189900216E-44,-2.438091212181E-29));
#4100 = CARTESIAN_POINT('',(1.5,0.805,2.459062853009));
#4101 = CARTESIAN_POINT('',(2.,0.805,2.459062853009));
#4102 = GEOMETRIC_CURVE_SET('',(#4103));
#4103 = TRIMMED_CURVE('',#4104,(#4108,PARAMETER_VALUE(0.55)),(#4109,
    PARAMETER_VALUE(1.2)),.T.,.PARAMETER.);
#4104 = LINE('',#4105,#4106);
#4105 = CARTESIAN_POINT('',(1.5,1.355,2.459062853009));
#4106 = VECTOR('',#4107,1.);
#4107 = DIRECTION('',(6.982966722219E-15,-1.,2.22044604925E-16));
#4108 = CARTESIAN_POINT('',(1.5,0.805,2.459062853009));
#4109 = CARTESIAN_POINT('',(1.5,0.155,2.459062853009));
#4110 = GEOMETRIC_CURVE_SET('',(#4111));
#4111 = TRIMMED_CURVE('',#4112,(#4116,PARAMETER_VALUE(8.881784197001E-16
      )),(#4117,PARAMETER_VALUE(0.5)),.T.,.PARAMETER.);
#4112 = LINE('',#4113,#4114);
#4113 = CARTESIAN_POINT('',(1.5,0.155,2.459062853009));
#4114 = VECTOR('',#4115,1.);
#4115 = DIRECTION('',(1.,5.237225041664E-15,3.023713287611E-15));
#4116 = CARTESIAN_POINT('',(1.5,0.155,2.459062853009));
#4117 = CARTESIAN_POINT('',(2.,0.155,2.459062853009));
#4118 = GEOMETRIC_CURVE_SET('',(#4119));
#4119 = TRIMMED_CURVE('',#4120,(#4124,PARAMETER_VALUE(-1.2)),(#4125,
    PARAMETER_VALUE(-0.55)),.T.,.PARAMETER.);
#4120 = LINE('',#4121,#4122);
#4121 = CARTESIAN_POINT('',(2.,1.355,2.459062853009));
#4122 = VECTOR('',#4123,1.);
#4123 = DIRECTION('',(-6.982966722219E-15,1.,-2.22044604925E-16));
#4124 = CARTESIAN_POINT('',(2.,0.155,2.459062853009));
#4125 = CARTESIAN_POINT('',(2.,0.805,2.459062853009));
#4126 = GEOMETRIC_CURVE_SET('',(#4127));
#4127 = TRIMMED_CURVE('',#4128,(#4132,PARAMETER_VALUE(-0.5)),(#4133,
    PARAMETER_VALUE(1.62409499994E-44)),.T.,.PARAMETER.);
#4128 = LINE('',#4129,#4130);
#4129 = CARTESIAN_POINT('',(1.5,0.805,1.459062853009));
#4130 = VECTOR('',#4131,1.);
#4131 = DIRECTION('',(-1.,-7.971189900216E-44,2.438091212181E-29));
#4132 = CARTESIAN_POINT('',(2.,0.805,1.459062853009));
#4133 = CARTESIAN_POINT('',(1.5,0.805,1.459062853009));
#4134 = GEOMETRIC_CURVE_SET('',(#4135));
#4135 = TRIMMED_CURVE('',#4136,(#4140,PARAMETER_VALUE(-1.)),(#4141,
    PARAMETER_VALUE(-1.7763568394E-15)),.T.,.PARAMETER.);
#4136 = LINE('',#4137,#4138);
#4137 = CARTESIAN_POINT('',(1.5,0.805,2.459062853009));
#4138 = VECTOR('',#4139,1.);
#4139 = DIRECTION('',(-5.605193857299E-45,2.22044604925E-16,1.));
#4140 = CARTESIAN_POINT('',(1.5,0.805,1.459062853009));
#4141 = CARTESIAN_POINT('',(1.5,0.805,2.459062853009));
#4142 = GEOMETRIC_CURVE_SET('',(#4143));
#4143 = TRIMMED_CURVE('',#4144,(#4148,PARAMETER_VALUE(1.110223024625E-15
      )),(#4149,PARAMETER_VALUE(0.5)),.T.,.PARAMETER.);
#4144 = LINE('',#4145,#4146);
#4145 = CARTESIAN_POINT('',(1.5,0.805,2.459062853009));
#4146 = VECTOR('',#4147,1.);
#4147 = DIRECTION('',(1.,7.971189900216E-44,-2.438091212181E-29));
#4148 = CARTESIAN_POINT('',(1.5,0.805,2.459062853009));
#4149 = CARTESIAN_POINT('',(2.,0.805,2.459062853009));
#4150 = GEOMETRIC_CURVE_SET('',(#4151));
#4151 = TRIMMED_CURVE('',#4152,(#4156,PARAMETER_VALUE(0.5)),(#4157,
    PARAMETER_VALUE(1.5)),.T.,.PARAMETER.);
#4152 = LINE('',#4153,#4154);
#4153 = CARTESIAN_POINT('',(2.,0.805,2.959062853009));
#4154 = VECTOR('',#4155,1.);
#4155 = DIRECTION('',(5.605193857299E-45,-2.22044604925E-16,-1.));
#4156 = CARTESIAN_POINT('',(2.,0.805,2.459062853009));
#4157 = CARTESIAN_POINT('',(2.,0.805,1.459062853009));
#4158 = GEOMETRIC_CURVE_SET('',(#4159));
#4159 = TRIMMED_CURVE('',#4160,(#4164,PARAMETER_VALUE(-4.)),(#4165,
    PARAMETER_VALUE(-3.5)),.T.,.PARAMETER.);
#4160 = LINE('',#4161,#4162);
#4161 = CARTESIAN_POINT('',(-2.,-2.895,1.259062853009));
#4162 = VECTOR('',#4163,1.);
#4163 = DIRECTION('',(-1.,-7.199807156716E-15,1.598678335649E-30));
#4164 = CARTESIAN_POINT('',(2.,-2.895,1.259062853009));
#4165 = CARTESIAN_POINT('',(1.5,-2.895,1.259062853009));
#4166 = GEOMETRIC_CURVE_SET('',(#4167));
#4167 = TRIMMED_CURVE('',#4168,(#4172,PARAMETER_VALUE(1.265898890117)),(
    #4173,PARAMETER_VALUE(2.765898890117)),.T.,.PARAMETER.);
#4168 = LINE('',#4169,#4170);
#4169 = CARTESIAN_POINT('',(1.5,-0.129101109883,1.259062853009));
#4170 = VECTOR('',#4171,1.);
#4171 = DIRECTION('',(0.,-1.,2.22044604925E-16));
#4172 = CARTESIAN_POINT('',(1.5,-1.395,1.259062853009));
#4173 = CARTESIAN_POINT('',(1.5,-2.895,1.259062853009));
#4174 = GEOMETRIC_CURVE_SET('',(#4175));
#4175 = TRIMMED_CURVE('',#4176,(#4180,PARAMETER_VALUE(-0.2)),(#4181,
    PARAMETER_VALUE(8.881784197001E-15)),.T.,.PARAMETER.);
#4176 = LINE('',#4177,#4178);
#4177 = CARTESIAN_POINT('',(1.5,-1.395,1.259062853009));
#4178 = VECTOR('',#4179,1.);
#4179 = DIRECTION('',(-1.,-6.982966722219E-15,1.55053008704E-30));
#4180 = CARTESIAN_POINT('',(1.7,-1.395,1.259062853009));
#4181 = CARTESIAN_POINT('',(1.5,-1.395,1.259062853009));
#4182 = GEOMETRIC_CURVE_SET('',(#4183));
#4183 = TRIMMED_CURVE('',#4184,(#4188,PARAMETER_VALUE(1.265898890117)),(
    #4189,PARAMETER_VALUE(2.265898890117)),.T.,.PARAMETER.);
#4184 = LINE('',#4185,#4186);
#4185 = CARTESIAN_POINT('',(1.7,-0.129101109883,1.259062853009));
#4186 = VECTOR('',#4187,1.);
#4187 = DIRECTION('',(0.,-1.,2.22044604925E-16));
#4188 = CARTESIAN_POINT('',(1.7,-1.395,1.259062853009));
#4189 = CARTESIAN_POINT('',(1.7,-2.395,1.259062853009));
#4190 = GEOMETRIC_CURVE_SET('',(#4191));
#4191 = TRIMMED_CURVE('',#4192,(#4196,PARAMETER_VALUE(-0.5)),(#4197,
    PARAMETER_VALUE(-0.2)),.T.,.PARAMETER.);
#4192 = LINE('',#4193,#4194);
#4193 = CARTESIAN_POINT('',(1.5,-2.395,1.259062853009));
#4194 = VECTOR('',#4195,1.);
#4195 = DIRECTION('',(-1.,-6.055061399543E-44,2.135253304556E-29));
#4196 = CARTESIAN_POINT('',(2.,-2.395,1.259062853009));
#4197 = CARTESIAN_POINT('',(1.7,-2.395,1.259062853009));
#4198 = GEOMETRIC_CURVE_SET('',(#4199));
#4199 = TRIMMED_CURVE('',#4200,(#4204,PARAMETER_VALUE(3.75)),(#4205,
    PARAMETER_VALUE(4.25)),.T.,.PARAMETER.);
#4200 = LINE('',#4201,#4202);
#4201 = CARTESIAN_POINT('',(2.,1.355,1.259062853009));
#4202 = VECTOR('',#4203,1.);
#4203 = DIRECTION('',(6.982966722219E-15,-1.,2.22044604925E-16));
#4204 = CARTESIAN_POINT('',(2.,-2.395,1.259062853009));
#4205 = CARTESIAN_POINT('',(2.,-2.895,1.259062853009));
#4206 = GEOMETRIC_CURVE_SET('',(#4207));
#4207 = TRIMMED_CURVE('',#4208,(#4212,PARAMETER_VALUE(-0.65)),(#4213,
    PARAMETER_VALUE(-1.33226762955E-15)),.T.,.PARAMETER.);
#4208 = LINE('',#4209,#4210);
#4209 = CARTESIAN_POINT('',(1.7,-2.395,1.259062853009));
#4210 = VECTOR('',#4211,1.);
#4211 = DIRECTION('',(2.438091212181E-29,-3.269438756184E-15,1.));
#4212 = CARTESIAN_POINT('',(1.7,-2.395,0.609062853009));
#4213 = CARTESIAN_POINT('',(1.7,-2.395,1.259062853009));
#4214 = GEOMETRIC_CURVE_SET('',(#4215));
#4215 = TRIMMED_CURVE('',#4216,(#4220,PARAMETER_VALUE(-0.5)),(#4221,
    PARAMETER_VALUE(-0.2)),.T.,.PARAMETER.);
#4216 = LINE('',#4217,#4218);
#4217 = CARTESIAN_POINT('',(1.5,-2.395,0.609062853009));
#4218 = VECTOR('',#4219,1.);
#4219 = DIRECTION('',(-1.,-6.982966722219E-15,1.55053008704E-30));
#4220 = CARTESIAN_POINT('',(2.,-2.395,0.609062853009));
#4221 = CARTESIAN_POINT('',(1.7,-2.395,0.609062853009));
#4222 = GEOMETRIC_CURVE_SET('',(#4223));
#4223 = TRIMMED_CURVE('',#4224,(#4228,PARAMETER_VALUE(-2.35)),(#4229,
    PARAMETER_VALUE(-1.7)),.T.,.PARAMETER.);
#4224 = LINE('',#4225,#4226);
#4225 = CARTESIAN_POINT('',(2.,-2.395,2.959062853009));
#4226 = VECTOR('',#4227,1.);
#4227 = DIRECTION('',(-5.605193857299E-45,2.22044604925E-16,1.));
#4228 = CARTESIAN_POINT('',(2.,-2.395,0.609062853009));
#4229 = CARTESIAN_POINT('',(2.,-2.395,1.259062853009));
#4230 = GEOMETRIC_CURVE_SET('',(#4231));
#4231 = TRIMMED_CURVE('',#4232,(#4236,PARAMETER_VALUE(-0.5)),(#4237,
    PARAMETER_VALUE(-0.2)),.T.,.PARAMETER.);
#4232 = LINE('',#4233,#4234);
#4233 = CARTESIAN_POINT('',(1.5,-2.395,1.259062853009));
#4234 = VECTOR('',#4235,1.);
#4235 = DIRECTION('',(-1.,-6.055061399543E-44,2.135253304556E-29));
#4236 = CARTESIAN_POINT('',(2.,-2.395,1.259062853009));
#4237 = CARTESIAN_POINT('',(1.7,-2.395,1.259062853009));
#4238 = GEOMETRIC_CURVE_SET('',(#4239));
#4239 = TRIMMED_CURVE('',#4240,(#4244,PARAMETER_VALUE(-1.)),(#4245,
    PARAMETER_VALUE(-8.881784197001E-16)),.T.,.PARAMETER.);
#4240 = LINE('',#4241,#4242);
#4241 = CARTESIAN_POINT('',(1.7,-2.395,0.609062853009));
#4242 = VECTOR('',#4243,1.);
#4243 = DIRECTION('',(0.,-1.,-3.377858973433E-15));
#4244 = CARTESIAN_POINT('',(1.7,-1.395,0.609062853009));
#4245 = CARTESIAN_POINT('',(1.7,-2.395,0.609062853009));
#4246 = GEOMETRIC_CURVE_SET('',(#4247));
#4247 = TRIMMED_CURVE('',#4248,(#4252,PARAMETER_VALUE(-0.5)),(#4253,
    PARAMETER_VALUE(-0.2)),.T.,.PARAMETER.);
#4248 = LINE('',#4249,#4250);
#4249 = CARTESIAN_POINT('',(1.5,-1.395,0.609062853009));
#4250 = VECTOR('',#4251,1.);
#4251 = DIRECTION('',(-1.,-8.491264215054E-44,2.513800689087E-29));
#4252 = CARTESIAN_POINT('',(2.,-1.395,0.609062853009));
#4253 = CARTESIAN_POINT('',(1.7,-1.395,0.609062853009));
#4254 = GEOMETRIC_CURVE_SET('',(#4255));
#4255 = TRIMMED_CURVE('',#4256,(#4260,PARAMETER_VALUE(2.75)),(#4261,
    PARAMETER_VALUE(3.75)),.T.,.PARAMETER.);
#4256 = LINE('',#4257,#4258);
#4257 = CARTESIAN_POINT('',(2.,1.355,0.609062853009));
#4258 = VECTOR('',#4259,1.);
#4259 = DIRECTION('',(6.982966722219E-15,-1.,2.22044604925E-16));
#4260 = CARTESIAN_POINT('',(2.,-1.395,0.609062853009));
#4261 = CARTESIAN_POINT('',(2.,-2.395,0.609062853009));
#4262 = GEOMETRIC_CURVE_SET('',(#4263));
#4263 = TRIMMED_CURVE('',#4264,(#4268,PARAMETER_VALUE(-0.5)),(#4269,
    PARAMETER_VALUE(-0.2)),.T.,.PARAMETER.);
#4264 = LINE('',#4265,#4266);
#4265 = CARTESIAN_POINT('',(1.5,-2.395,0.609062853009));
#4266 = VECTOR('',#4267,1.);
#4267 = DIRECTION('',(-1.,-6.982966722219E-15,1.55053008704E-30));
#4268 = CARTESIAN_POINT('',(2.,-2.395,0.609062853009));
#4269 = CARTESIAN_POINT('',(1.7,-2.395,0.609062853009));
#4270 = GEOMETRIC_CURVE_SET('',(#4271));
#4271 = TRIMMED_CURVE('',#4272,(#4276,PARAMETER_VALUE(-0.5)),(#4277,
    PARAMETER_VALUE(-0.2)),.T.,.PARAMETER.);
#4272 = LINE('',#4273,#4274);
#4273 = CARTESIAN_POINT('',(1.5,-1.395,0.609062853009));
#4274 = VECTOR('',#4275,1.);
#4275 = DIRECTION('',(-1.,-8.491264215054E-44,2.513800689087E-29));
#4276 = CARTESIAN_POINT('',(2.,-1.395,0.609062853009));
#4277 = CARTESIAN_POINT('',(1.7,-1.395,0.609062853009));
#4278 = GEOMETRIC_CURVE_SET('',(#4279));
#4279 = TRIMMED_CURVE('',#4280,(#4284,PARAMETER_VALUE(0.6)),(#4285,
    PARAMETER_VALUE(1.25)),.T.,.PARAMETER.);
#4280 = LINE('',#4281,#4282);
#4281 = CARTESIAN_POINT('',(1.7,-1.395,9.062853008496E-03));
#4282 = VECTOR('',#4283,1.);
#4283 = DIRECTION('',(0.,-3.269438756184E-15,1.));
#4284 = CARTESIAN_POINT('',(1.7,-1.395,0.609062853009));
#4285 = CARTESIAN_POINT('',(1.7,-1.395,1.259062853009));
#4286 = GEOMETRIC_CURVE_SET('',(#4287));
#4287 = TRIMMED_CURVE('',#4288,(#4292,PARAMETER_VALUE(-0.2)),(#4293,
    PARAMETER_VALUE(8.881784197001E-15)),.T.,.PARAMETER.);
#4288 = LINE('',#4289,#4290);
#4289 = CARTESIAN_POINT('',(1.5,-1.395,1.259062853009));
#4290 = VECTOR('',#4291,1.);
#4291 = DIRECTION('',(-1.,-6.982966722219E-15,1.55053008704E-30));
#4292 = CARTESIAN_POINT('',(1.7,-1.395,1.259062853009));
#4293 = CARTESIAN_POINT('',(1.5,-1.395,1.259062853009));
#4294 = GEOMETRIC_CURVE_SET('',(#4295));
#4295 = TRIMMED_CURVE('',#4296,(#4300,PARAMETER_VALUE(-1.25)),(#4301,
    PARAMETER_VALUE(-5.000000000001E-02)),.T.,.PARAMETER.);
#4296 = LINE('',#4297,#4298);
#4297 = CARTESIAN_POINT('',(1.5,-1.395,9.062853008496E-03));
#4298 = VECTOR('',#4299,1.);
#4299 = DIRECTION('',(0.,3.269438756184E-15,-1.));
#4300 = CARTESIAN_POINT('',(1.5,-1.395,1.259062853009));
#4301 = CARTESIAN_POINT('',(1.5,-1.395,5.90628530085E-02));
#4302 = GEOMETRIC_CURVE_SET('',(#4303));
#4303 = TRIMMED_CURVE('',#4304,(#4308,PARAMETER_VALUE(-0.5)),(#4309,
    PARAMETER_VALUE(-5.329070518201E-15)),.T.,.PARAMETER.);
#4304 = LINE('',#4305,#4306);
#4305 = CARTESIAN_POINT('',(1.5,-1.395,5.906285300851E-02));
#4306 = VECTOR('',#4307,1.);
#4307 = DIRECTION('',(-1.,-6.982966722219E-15,1.55053008704E-30));
#4308 = CARTESIAN_POINT('',(2.,-1.395,5.906285300851E-02));
#4309 = CARTESIAN_POINT('',(1.5,-1.395,5.90628530085E-02));
#4310 = GEOMETRIC_CURVE_SET('',(#4311));
#4311 = TRIMMED_CURVE('',#4312,(#4316,PARAMETER_VALUE(-2.9)),(#4317,
    PARAMETER_VALUE(-2.35)),.T.,.PARAMETER.);
#4312 = LINE('',#4313,#4314);
#4313 = CARTESIAN_POINT('',(2.,-1.395,2.959062853009));
#4314 = VECTOR('',#4315,1.);
#4315 = DIRECTION('',(-5.605193857299E-45,2.22044604925E-16,1.));
#4316 = CARTESIAN_POINT('',(2.,-1.395,5.906285300851E-02));
#4317 = CARTESIAN_POINT('',(2.,-1.395,0.609062853009));
#4318 = GEOMETRIC_CURVE_SET('',(#4319));
#4319 = TRIMMED_CURVE('',#4320,(#4324,PARAMETER_VALUE(0.45)),(#4325,
    PARAMETER_VALUE(0.55)),.T.,.PARAMETER.);
#4320 = LINE('',#4321,#4322);
#4321 = CARTESIAN_POINT('',(0.4,0.805,5.906285300851E-02));
#4322 = VECTOR('',#4323,1.);
#4323 = DIRECTION('',(-6.982966722219E-15,1.,-2.22044604925E-16));
#4324 = CARTESIAN_POINT('',(0.4,1.255,5.906285300851E-02));
#4325 = CARTESIAN_POINT('',(0.4,1.355,5.906285300851E-02));
#4326 = GEOMETRIC_CURVE_SET('',(#4327));
#4327 = TRIMMED_CURVE('',#4328,(#4332,PARAMETER_VALUE(-2.6)),(#4333,
    PARAMETER_VALUE(-2.4)),.T.,.PARAMETER.);
#4328 = LINE('',#4329,#4330);
#4329 = CARTESIAN_POINT('',(-2.,1.255,5.906285300851E-02));
#4330 = VECTOR('',#4331,1.);
#4331 = DIRECTION('',(-1.,-7.971189900216E-44,2.438091212181E-29));
#4332 = CARTESIAN_POINT('',(0.6,1.255,5.906285300851E-02));
#4333 = CARTESIAN_POINT('',(0.4,1.255,5.906285300851E-02));
#4334 = GEOMETRIC_CURVE_SET('',(#4335));
#4335 = TRIMMED_CURVE('',#4336,(#4340,PARAMETER_VALUE(0.45)),(#4341,
    PARAMETER_VALUE(0.55)),.T.,.PARAMETER.);
#4336 = LINE('',#4337,#4338);
#4337 = CARTESIAN_POINT('',(0.6,0.805,5.906285300851E-02));
#4338 = VECTOR('',#4339,1.);
#4339 = DIRECTION('',(-6.982966722219E-15,1.,-2.22044604925E-16));
#4340 = CARTESIAN_POINT('',(0.6,1.255,5.906285300851E-02));
#4341 = CARTESIAN_POINT('',(0.6,1.355,5.906285300851E-02));
#4342 = GEOMETRIC_CURVE_SET('',(#4343));
#4343 = TRIMMED_CURVE('',#4344,(#4348,PARAMETER_VALUE(-4.)),(#4349,
    PARAMETER_VALUE(-2.6)),.T.,.PARAMETER.);
#4344 = LINE('',#4345,#4346);
#4345 = CARTESIAN_POINT('',(-2.,1.355,5.906285300851E-02));
#4346 = VECTOR('',#4347,1.);
#4347 = DIRECTION('',(-1.,-7.971189900216E-44,2.438091212181E-29));
#4348 = CARTESIAN_POINT('',(2.,1.355,5.906285300851E-02));
#4349 = CARTESIAN_POINT('',(0.6,1.355,5.906285300851E-02));
#4350 = GEOMETRIC_CURVE_SET('',(#4351));
#4351 = TRIMMED_CURVE('',#4352,(#4356,PARAMETER_VALUE(
      -9.103828801926E-15)),(#4357,PARAMETER_VALUE(2.75)),.T.,
  .PARAMETER.);
#4352 = LINE('',#4353,#4354);
#4353 = CARTESIAN_POINT('',(2.,1.355,5.906285300851E-02));
#4354 = VECTOR('',#4355,1.);
#4355 = DIRECTION('',(6.982966722219E-15,-1.,2.22044604925E-16));
#4356 = CARTESIAN_POINT('',(2.,1.355,5.906285300851E-02));
#4357 = CARTESIAN_POINT('',(2.,-1.395,5.906285300851E-02));
#4358 = GEOMETRIC_CURVE_SET('',(#4359));
#4359 = TRIMMED_CURVE('',#4360,(#4364,PARAMETER_VALUE(-0.5)),(#4365,
    PARAMETER_VALUE(-5.329070518201E-15)),.T.,.PARAMETER.);
#4360 = LINE('',#4361,#4362);
#4361 = CARTESIAN_POINT('',(1.5,-1.395,5.906285300851E-02));
#4362 = VECTOR('',#4363,1.);
#4363 = DIRECTION('',(-1.,-6.982966722219E-15,1.55053008704E-30));
#4364 = CARTESIAN_POINT('',(2.,-1.395,5.906285300851E-02));
#4365 = CARTESIAN_POINT('',(1.5,-1.395,5.90628530085E-02));
#4366 = GEOMETRIC_CURVE_SET('',(#4367));
#4367 = TRIMMED_CURVE('',#4368,(#4372,PARAMETER_VALUE(1.554312234475E-14
      )),(#4373,PARAMETER_VALUE(1.5)),.T.,.PARAMETER.);
#4368 = LINE('',#4369,#4370);
#4369 = CARTESIAN_POINT('',(1.5,-2.895,5.90628530085E-02));
#4370 = VECTOR('',#4371,1.);
#4371 = DIRECTION('',(0.,1.,3.269438756184E-15));
#4372 = CARTESIAN_POINT('',(1.5,-2.895,5.90628530085E-02));
#4373 = CARTESIAN_POINT('',(1.5,-1.395,5.90628530085E-02));
#4374 = GEOMETRIC_CURVE_SET('',(#4375));
#4375 = TRIMMED_CURVE('',#4376,(#4380,PARAMETER_VALUE(-3.5)),(#4381,
    PARAMETER_VALUE(-0.5)),.T.,.PARAMETER.);
#4376 = LINE('',#4377,#4378);
#4377 = CARTESIAN_POINT('',(-2.,-2.895,5.90628530085E-02));
#4378 = VECTOR('',#4379,1.);
#4379 = DIRECTION('',(-1.,-7.199807156716E-15,1.598678335649E-30));
#4380 = CARTESIAN_POINT('',(1.5,-2.895,5.90628530085E-02));
#4381 = CARTESIAN_POINT('',(-1.5,-2.895,5.90628530085E-02));
#4382 = GEOMETRIC_CURVE_SET('',(#4383));
#4383 = TRIMMED_CURVE('',#4384,(#4388,PARAMETER_VALUE(-1.5)),(#4389,
    PARAMETER_VALUE(-1.199040866595E-14)),.T.,.PARAMETER.);
#4384 = LINE('',#4385,#4386);
#4385 = CARTESIAN_POINT('',(-1.5,-2.895,5.90628530085E-02));
#4386 = VECTOR('',#4387,1.);
#4387 = DIRECTION('',(0.,-1.,-3.269438756184E-15));
#4388 = CARTESIAN_POINT('',(-1.5,-1.395,5.90628530085E-02));
#4389 = CARTESIAN_POINT('',(-1.5,-2.895,5.90628530085E-02));
#4390 = GEOMETRIC_CURVE_SET('',(#4391));
#4391 = TRIMMED_CURVE('',#4392,(#4396,PARAMETER_VALUE(
      -1.532107773983E-14)),(#4397,PARAMETER_VALUE(0.5)),.T.,
  .PARAMETER.);
#4392 = LINE('',#4393,#4394);
#4393 = CARTESIAN_POINT('',(-2.,-1.395,5.906285300851E-02));
#4394 = VECTOR('',#4395,1.);
#4395 = DIRECTION('',(1.,7.971189900216E-44,-2.438091212181E-29));
#4396 = CARTESIAN_POINT('',(-2.,-1.395,5.906285300851E-02));
#4397 = CARTESIAN_POINT('',(-1.5,-1.395,5.90628530085E-02));
#4398 = GEOMETRIC_CURVE_SET('',(#4399));
#4399 = TRIMMED_CURVE('',#4400,(#4404,PARAMETER_VALUE(-2.75)),(#4405,
    PARAMETER_VALUE(1.493249968121E-14)),.T.,.PARAMETER.);
#4400 = LINE('',#4401,#4402);
#4401 = CARTESIAN_POINT('',(-2.,1.355,5.906285300851E-02));
#4402 = VECTOR('',#4403,1.);
#4403 = DIRECTION('',(-7.18705183704E-15,1.,-2.22044604925E-16));
#4404 = CARTESIAN_POINT('',(-2.,-1.395,5.906285300851E-02));
#4405 = CARTESIAN_POINT('',(-2.,1.355,5.906285300851E-02));
#4406 = GEOMETRIC_CURVE_SET('',(#4407));
#4407 = TRIMMED_CURVE('',#4408,(#4412,PARAMETER_VALUE(-1.4)),(#4413,
    PARAMETER_VALUE(2.975397705995E-14)),.T.,.PARAMETER.);
#4408 = LINE('',#4409,#4410);
#4409 = CARTESIAN_POINT('',(-2.,1.355,5.906285300851E-02));
#4410 = VECTOR('',#4411,1.);
#4411 = DIRECTION('',(-1.,-7.971189900216E-44,2.438091212181E-29));
#4412 = CARTESIAN_POINT('',(-0.6,1.355,5.906285300851E-02));
#4413 = CARTESIAN_POINT('',(-2.,1.355,5.906285300851E-02));
#4414 = GEOMETRIC_CURVE_SET('',(#4415));
#4415 = TRIMMED_CURVE('',#4416,(#4420,PARAMETER_VALUE(0.45)),(#4421,
    PARAMETER_VALUE(0.55)),.T.,.PARAMETER.);
#4416 = LINE('',#4417,#4418);
#4417 = CARTESIAN_POINT('',(-0.6,0.805,5.906285300851E-02));
#4418 = VECTOR('',#4419,1.);
#4419 = DIRECTION('',(-6.982966722219E-15,1.,-2.22044604925E-16));
#4420 = CARTESIAN_POINT('',(-0.6,1.255,5.906285300851E-02));
#4421 = CARTESIAN_POINT('',(-0.6,1.355,5.906285300851E-02));
#4422 = GEOMETRIC_CURVE_SET('',(#4423));
#4423 = TRIMMED_CURVE('',#4424,(#4428,PARAMETER_VALUE(-1.6)),(#4429,
    PARAMETER_VALUE(-1.4)),.T.,.PARAMETER.);
#4424 = LINE('',#4425,#4426);
#4425 = CARTESIAN_POINT('',(-2.,1.255,5.906285300851E-02));
#4426 = VECTOR('',#4427,1.);
#4427 = DIRECTION('',(-1.,-7.971189900216E-44,2.438091212181E-29));
#4428 = CARTESIAN_POINT('',(-0.4,1.255,5.906285300851E-02));
#4429 = CARTESIAN_POINT('',(-0.6,1.255,5.906285300851E-02));
#4430 = GEOMETRIC_CURVE_SET('',(#4431));
#4431 = TRIMMED_CURVE('',#4432,(#4436,PARAMETER_VALUE(0.45)),(#4437,
    PARAMETER_VALUE(0.55)),.T.,.PARAMETER.);
#4432 = LINE('',#4433,#4434);
#4433 = CARTESIAN_POINT('',(-0.4,0.805,5.906285300851E-02));
#4434 = VECTOR('',#4435,1.);
#4435 = DIRECTION('',(-6.982966722219E-15,1.,-2.22044604925E-16));
#4436 = CARTESIAN_POINT('',(-0.4,1.255,5.906285300851E-02));
#4437 = CARTESIAN_POINT('',(-0.4,1.355,5.906285300851E-02));
#4438 = GEOMETRIC_CURVE_SET('',(#4439));
#4439 = TRIMMED_CURVE('',#4440,(#4444,PARAMETER_VALUE(-2.4)),(#4445,
    PARAMETER_VALUE(-1.6)),.T.,.PARAMETER.);
#4440 = LINE('',#4441,#4442);
#4441 = CARTESIAN_POINT('',(-2.,1.355,5.906285300851E-02));
#4442 = VECTOR('',#4443,1.);
#4443 = DIRECTION('',(-1.,-7.971189900216E-44,2.438091212181E-29));
#4444 = CARTESIAN_POINT('',(0.4,1.355,5.906285300851E-02));
#4445 = CARTESIAN_POINT('',(-0.4,1.355,5.906285300851E-02));
#4446 = GEOMETRIC_CURVE_SET('',(#4447));
#4447 = TRIMMED_CURVE('',#4448,(#4452,PARAMETER_VALUE(
      -4.218847493576E-15)),(#4453,PARAMETER_VALUE(3.)),.T.,
  .PARAMETER.);
#4448 = LINE('',#4449,#4450);
#4449 = CARTESIAN_POINT('',(-1.2,0.105,2.559062853009));
#4450 = VECTOR('',#4451,1.);
#4451 = DIRECTION('',(0.,-1.,-3.269438756184E-15));
#4452 = CARTESIAN_POINT('',(-1.2,0.105,2.559062853009));
#4453 = CARTESIAN_POINT('',(-1.2,-2.895,2.559062853009));
#4454 = GEOMETRIC_CURVE_SET('',(#4455));
#4455 = TRIMMED_CURVE('',#4456,(#4460,PARAMETER_VALUE(-2.4)),(#4461,
    PARAMETER_VALUE(4.012354050806E-31)),.T.,.PARAMETER.);
#4456 = LINE('',#4457,#4458);
#4457 = CARTESIAN_POINT('',(-1.2,0.105,2.559062853009));
#4458 = VECTOR('',#4459,1.);
#4459 = DIRECTION('',(-1.,5.907887670438E-31,-1.807003620809E-16));
#4460 = CARTESIAN_POINT('',(1.2,0.105,2.559062853009));
#4461 = CARTESIAN_POINT('',(-1.2,0.105,2.559062853009));
#4462 = GEOMETRIC_CURVE_SET('',(#4463));
#4463 = TRIMMED_CURVE('',#4464,(#4468,PARAMETER_VALUE(-3.)),(#4469,
    PARAMETER_VALUE(2.065014825803E-14)),.T.,.PARAMETER.);
#4464 = LINE('',#4465,#4466);
#4465 = CARTESIAN_POINT('',(1.2,0.105,2.559062853009));
#4466 = VECTOR('',#4467,1.);
#4467 = DIRECTION('',(0.,1.,3.269438756184E-15));
#4468 = CARTESIAN_POINT('',(1.2,-2.895,2.559062853009));
#4469 = CARTESIAN_POINT('',(1.2,0.105,2.559062853009));
#4470 = GEOMETRIC_CURVE_SET('',(#4471));
#4471 = TRIMMED_CURVE('',#4472,(#4476,PARAMETER_VALUE(-3.2)),(#4477,
    PARAMETER_VALUE(-0.8)),.T.,.PARAMETER.);
#4472 = LINE('',#4473,#4474);
#4473 = CARTESIAN_POINT('',(-2.,-2.895,2.559062853009));
#4474 = VECTOR('',#4475,1.);
#4475 = DIRECTION('',(-1.,-7.199807156716E-15,1.598678335649E-30));
#4476 = CARTESIAN_POINT('',(1.2,-2.895,2.559062853009));
#4477 = CARTESIAN_POINT('',(-1.2,-2.895,2.559062853009));
#4478 = GEOMETRIC_CURVE_SET('',(#4479));
#4479 = TRIMMED_CURVE('',#4480,(#4484,PARAMETER_VALUE(4.329869796038E-15
      )),(#4485,PARAMETER_VALUE(3.)),.T.,.PARAMETER.);
#4480 = LINE('',#4481,#4482);
#4481 = CARTESIAN_POINT('',(1.2,0.105,0.459062853009));
#4482 = VECTOR('',#4483,1.);
#4483 = DIRECTION('',(0.,-1.,-3.269438756184E-15));
#4484 = CARTESIAN_POINT('',(1.2,0.105,0.459062853009));
#4485 = CARTESIAN_POINT('',(1.2,-2.895,0.459062853009));
#4486 = GEOMETRIC_CURVE_SET('',(#4487));
#4487 = TRIMMED_CURVE('',#4488,(#4492,PARAMETER_VALUE(-2.4)),(#4493,
    PARAMETER_VALUE(-3.009265538104E-31)),.T.,.PARAMETER.);
#4488 = LINE('',#4489,#4490);
#4489 = CARTESIAN_POINT('',(1.2,0.105,0.459062853009));
#4490 = VECTOR('',#4491,1.);
#4491 = DIRECTION('',(1.,-3.692429794024E-31,1.129377263005E-16));
#4492 = CARTESIAN_POINT('',(-1.2,0.105,0.459062853009));
#4493 = CARTESIAN_POINT('',(1.2,0.105,0.459062853009));
#4494 = GEOMETRIC_CURVE_SET('',(#4495));
#4495 = TRIMMED_CURVE('',#4496,(#4500,PARAMETER_VALUE(-3.)),(#4501,
    PARAMETER_VALUE(-2.065014825803E-14)),.T.,.PARAMETER.);
#4496 = LINE('',#4497,#4498);
#4497 = CARTESIAN_POINT('',(-1.2,0.105,0.459062853009));
#4498 = VECTOR('',#4499,1.);
#4499 = DIRECTION('',(0.,1.,3.269438756184E-15));
#4500 = CARTESIAN_POINT('',(-1.2,-2.895,0.459062853009));
#4501 = CARTESIAN_POINT('',(-1.2,0.105,0.459062853009));
#4502 = GEOMETRIC_CURVE_SET('',(#4503));
#4503 = TRIMMED_CURVE('',#4504,(#4508,PARAMETER_VALUE(0.8)),(#4509,
    PARAMETER_VALUE(3.2)),.T.,.PARAMETER.);
#4504 = LINE('',#4505,#4506);
#4505 = CARTESIAN_POINT('',(-2.,-2.895,0.459062853009));
#4506 = VECTOR('',#4507,1.);
#4507 = DIRECTION('',(1.,7.199807156716E-15,-1.598678335649E-30));
#4508 = CARTESIAN_POINT('',(-1.2,-2.895,0.459062853009));
#4509 = CARTESIAN_POINT('',(1.2,-2.895,0.459062853009));
#4510 = GEOMETRIC_CURVE_SET('',(#4511));
#4511 = TRIMMED_CURVE('',#4512,(#4516,PARAMETER_VALUE(-4.25)),(#4517,
    PARAMETER_VALUE(-3.75)),.T.,.PARAMETER.);
#4512 = LINE('',#4513,#4514);
#4513 = CARTESIAN_POINT('',(-2.,1.355,1.259062853008));
#4514 = VECTOR('',#4515,1.);
#4515 = DIRECTION('',(-7.18705183704E-15,1.,-2.22044604925E-16));
#4516 = CARTESIAN_POINT('',(-2.,-2.895,1.259062853009));
#4517 = CARTESIAN_POINT('',(-2.,-2.395,1.259062853009));
#4518 = GEOMETRIC_CURVE_SET('',(#4519));
#4519 = TRIMMED_CURVE('',#4520,(#4524,PARAMETER_VALUE(-0.5)),(#4525,
    PARAMETER_VALUE(-0.2)),.T.,.PARAMETER.);
#4520 = LINE('',#4521,#4522);
#4521 = CARTESIAN_POINT('',(-1.5,-2.395,1.259062853009));
#4522 = VECTOR('',#4523,1.);
#4523 = DIRECTION('',(1.,6.055061399543E-44,-2.135253304556E-29));
#4524 = CARTESIAN_POINT('',(-2.,-2.395,1.259062853009));
#4525 = CARTESIAN_POINT('',(-1.7,-2.395,1.259062853009));
#4526 = GEOMETRIC_CURVE_SET('',(#4527));
#4527 = TRIMMED_CURVE('',#4528,(#4532,PARAMETER_VALUE(1.265898890117)),(
    #4533,PARAMETER_VALUE(2.265898890117)),.T.,.PARAMETER.);
#4528 = LINE('',#4529,#4530);
#4529 = CARTESIAN_POINT('',(-1.7,-0.129101109883,1.259062853009));
#4530 = VECTOR('',#4531,1.);
#4531 = DIRECTION('',(0.,-1.,2.22044604925E-16));
#4532 = CARTESIAN_POINT('',(-1.7,-1.395,1.259062853009));
#4533 = CARTESIAN_POINT('',(-1.7,-2.395,1.259062853009));
#4534 = GEOMETRIC_CURVE_SET('',(#4535));
#4535 = TRIMMED_CURVE('',#4536,(#4540,PARAMETER_VALUE(8.881784197001E-15
      )),(#4541,PARAMETER_VALUE(0.2)),.T.,.PARAMETER.);
#4536 = LINE('',#4537,#4538);
#4537 = CARTESIAN_POINT('',(-1.5,-1.395,1.259062853009));
#4538 = VECTOR('',#4539,1.);
#4539 = DIRECTION('',(-1.,-6.982966722219E-15,1.55053008704E-30));
#4540 = CARTESIAN_POINT('',(-1.5,-1.395,1.259062853009));
#4541 = CARTESIAN_POINT('',(-1.7,-1.395,1.259062853009));
#4542 = GEOMETRIC_CURVE_SET('',(#4543));
#4543 = TRIMMED_CURVE('',#4544,(#4548,PARAMETER_VALUE(1.265898890117)),(
    #4549,PARAMETER_VALUE(2.765898890117)),.T.,.PARAMETER.);
#4544 = LINE('',#4545,#4546);
#4545 = CARTESIAN_POINT('',(-1.5,-0.129101109883,1.259062853009));
#4546 = VECTOR('',#4547,1.);
#4547 = DIRECTION('',(0.,-1.,2.22044604925E-16));
#4548 = CARTESIAN_POINT('',(-1.5,-1.395,1.259062853009));
#4549 = CARTESIAN_POINT('',(-1.5,-2.895,1.259062853009));
#4550 = GEOMETRIC_CURVE_SET('',(#4551));
#4551 = TRIMMED_CURVE('',#4552,(#4556,PARAMETER_VALUE(-0.5)),(#4557,
    PARAMETER_VALUE(-4.440892098501E-16)),.T.,.PARAMETER.);
#4552 = LINE('',#4553,#4554);
#4553 = CARTESIAN_POINT('',(-2.,-2.895,1.259062853009));
#4554 = VECTOR('',#4555,1.);
#4555 = DIRECTION('',(-1.,-7.199807156716E-15,1.598678335649E-30));
#4556 = CARTESIAN_POINT('',(-1.5,-2.895,1.259062853009));
#4557 = CARTESIAN_POINT('',(-2.,-2.895,1.259062853009));
#4558 = GEOMETRIC_CURVE_SET('',(#4559));
#4559 = TRIMMED_CURVE('',#4560,(#4564,PARAMETER_VALUE(2.35)),(#4565,
    PARAMETER_VALUE(2.9)),.T.,.PARAMETER.);
#4560 = LINE('',#4561,#4562);
#4561 = CARTESIAN_POINT('',(-2.,-1.395,2.959062853009));
#4562 = VECTOR('',#4563,1.);
#4563 = DIRECTION('',(7.125597826469E-31,-2.22044604925E-16,-1.));
#4564 = CARTESIAN_POINT('',(-2.,-1.395,0.609062853009));
#4565 = CARTESIAN_POINT('',(-2.,-1.395,5.906285300851E-02));
#4566 = GEOMETRIC_CURVE_SET('',(#4567));
#4567 = TRIMMED_CURVE('',#4568,(#4572,PARAMETER_VALUE(
      -1.532107773983E-14)),(#4573,PARAMETER_VALUE(0.5)),.T.,
  .PARAMETER.);
#4568 = LINE('',#4569,#4570);
#4569 = CARTESIAN_POINT('',(-2.,-1.395,5.906285300851E-02));
#4570 = VECTOR('',#4571,1.);
#4571 = DIRECTION('',(1.,7.971189900216E-44,-2.438091212181E-29));
#4572 = CARTESIAN_POINT('',(-2.,-1.395,5.906285300851E-02));
#4573 = CARTESIAN_POINT('',(-1.5,-1.395,5.90628530085E-02));
#4574 = GEOMETRIC_CURVE_SET('',(#4575));
#4575 = TRIMMED_CURVE('',#4576,(#4580,PARAMETER_VALUE(5.000000000001E-02
      )),(#4581,PARAMETER_VALUE(1.25)),.T.,.PARAMETER.);
#4576 = LINE('',#4577,#4578);
#4577 = CARTESIAN_POINT('',(-1.5,-1.395,9.062853008498E-03));
#4578 = VECTOR('',#4579,1.);
#4579 = DIRECTION('',(0.,-3.269438756184E-15,1.));
#4580 = CARTESIAN_POINT('',(-1.5,-1.395,5.90628530085E-02));
#4581 = CARTESIAN_POINT('',(-1.5,-1.395,1.259062853009));
#4582 = GEOMETRIC_CURVE_SET('',(#4583));
#4583 = TRIMMED_CURVE('',#4584,(#4588,PARAMETER_VALUE(8.881784197001E-15
      )),(#4589,PARAMETER_VALUE(0.2)),.T.,.PARAMETER.);
#4584 = LINE('',#4585,#4586);
#4585 = CARTESIAN_POINT('',(-1.5,-1.395,1.259062853009));
#4586 = VECTOR('',#4587,1.);
#4587 = DIRECTION('',(-1.,-6.982966722219E-15,1.55053008704E-30));
#4588 = CARTESIAN_POINT('',(-1.5,-1.395,1.259062853009));
#4589 = CARTESIAN_POINT('',(-1.7,-1.395,1.259062853009));
#4590 = GEOMETRIC_CURVE_SET('',(#4591));
#4591 = TRIMMED_CURVE('',#4592,(#4596,PARAMETER_VALUE(-1.25)),(#4597,
    PARAMETER_VALUE(-0.6)),.T.,.PARAMETER.);
#4592 = LINE('',#4593,#4594);
#4593 = CARTESIAN_POINT('',(-1.7,-1.395,9.062853008498E-03));
#4594 = VECTOR('',#4595,1.);
#4595 = DIRECTION('',(0.,3.269438756184E-15,-1.));
#4596 = CARTESIAN_POINT('',(-1.7,-1.395,1.259062853009));
#4597 = CARTESIAN_POINT('',(-1.7,-1.395,0.609062853009));
#4598 = GEOMETRIC_CURVE_SET('',(#4599));
#4599 = TRIMMED_CURVE('',#4600,(#4604,PARAMETER_VALUE(0.2)),(#4605,
    PARAMETER_VALUE(0.5)),.T.,.PARAMETER.);
#4600 = LINE('',#4601,#4602);
#4601 = CARTESIAN_POINT('',(-1.5,-1.395,0.609062853009));
#4602 = VECTOR('',#4603,1.);
#4603 = DIRECTION('',(-1.,-6.982966722219E-15,1.55053008704E-30));
#4604 = CARTESIAN_POINT('',(-1.7,-1.395,0.609062853009));
#4605 = CARTESIAN_POINT('',(-2.,-1.395,0.609062853009));
#4606 = GEOMETRIC_CURVE_SET('',(#4607));
#4607 = TRIMMED_CURVE('',#4608,(#4612,PARAMETER_VALUE(-3.75)),(#4613,
    PARAMETER_VALUE(-2.75)),.T.,.PARAMETER.);
#4608 = LINE('',#4609,#4610);
#4609 = CARTESIAN_POINT('',(-2.,1.355,0.609062853009));
#4610 = VECTOR('',#4611,1.);
#4611 = DIRECTION('',(-7.18705183704E-15,1.,-2.22044604925E-16));
#4612 = CARTESIAN_POINT('',(-2.,-2.395,0.609062853009));
#4613 = CARTESIAN_POINT('',(-2.,-1.395,0.609062853009));
#4614 = GEOMETRIC_CURVE_SET('',(#4615));
#4615 = TRIMMED_CURVE('',#4616,(#4620,PARAMETER_VALUE(0.2)),(#4621,
    PARAMETER_VALUE(0.5)),.T.,.PARAMETER.);
#4616 = LINE('',#4617,#4618);
#4617 = CARTESIAN_POINT('',(-1.5,-1.395,0.609062853009));
#4618 = VECTOR('',#4619,1.);
#4619 = DIRECTION('',(-1.,-6.982966722219E-15,1.55053008704E-30));
#4620 = CARTESIAN_POINT('',(-1.7,-1.395,0.609062853009));
#4621 = CARTESIAN_POINT('',(-2.,-1.395,0.609062853009));
#4622 = GEOMETRIC_CURVE_SET('',(#4623));
#4623 = TRIMMED_CURVE('',#4624,(#4628,PARAMETER_VALUE(-1.)),(#4629,
    PARAMETER_VALUE(-4.440892098501E-16)),.T.,.PARAMETER.);
#4624 = LINE('',#4625,#4626);
#4625 = CARTESIAN_POINT('',(-1.7,-1.395,0.609062853009));
#4626 = VECTOR('',#4627,1.);
#4627 = DIRECTION('',(-6.982966722219E-15,1.,-2.22044604925E-16));
#4628 = CARTESIAN_POINT('',(-1.7,-2.395,0.609062853009));
#4629 = CARTESIAN_POINT('',(-1.7,-1.395,0.609062853009));
#4630 = GEOMETRIC_CURVE_SET('',(#4631));
#4631 = TRIMMED_CURVE('',#4632,(#4636,PARAMETER_VALUE(0.2)),(#4637,
    PARAMETER_VALUE(0.5)),.T.,.PARAMETER.);
#4632 = LINE('',#4633,#4634);
#4633 = CARTESIAN_POINT('',(-1.5,-2.395,0.609062853009));
#4634 = VECTOR('',#4635,1.);
#4635 = DIRECTION('',(-1.,-8.491264215054E-44,2.513800689087E-29));
#4636 = CARTESIAN_POINT('',(-1.7,-2.395,0.609062853009));
#4637 = CARTESIAN_POINT('',(-2.,-2.395,0.609062853009));
#4638 = GEOMETRIC_CURVE_SET('',(#4639));
#4639 = TRIMMED_CURVE('',#4640,(#4644,PARAMETER_VALUE(1.7)),(#4645,
    PARAMETER_VALUE(2.35)),.T.,.PARAMETER.);
#4640 = LINE('',#4641,#4642);
#4641 = CARTESIAN_POINT('',(-2.,-2.395,2.959062853009));
#4642 = VECTOR('',#4643,1.);
#4643 = DIRECTION('',(7.125597826469E-31,-2.22044604925E-16,-1.));
#4644 = CARTESIAN_POINT('',(-2.,-2.395,1.259062853009));
#4645 = CARTESIAN_POINT('',(-2.,-2.395,0.609062853009));
#4646 = GEOMETRIC_CURVE_SET('',(#4647));
#4647 = TRIMMED_CURVE('',#4648,(#4652,PARAMETER_VALUE(0.2)),(#4653,
    PARAMETER_VALUE(0.5)),.T.,.PARAMETER.);
#4648 = LINE('',#4649,#4650);
#4649 = CARTESIAN_POINT('',(-1.5,-2.395,0.609062853009));
#4650 = VECTOR('',#4651,1.);
#4651 = DIRECTION('',(-1.,-8.491264215054E-44,2.513800689087E-29));
#4652 = CARTESIAN_POINT('',(-1.7,-2.395,0.609062853009));
#4653 = CARTESIAN_POINT('',(-2.,-2.395,0.609062853009));
#4654 = GEOMETRIC_CURVE_SET('',(#4655));
#4655 = TRIMMED_CURVE('',#4656,(#4660,PARAMETER_VALUE(-0.65)),(#4661,
    PARAMETER_VALUE(3.552713678801E-15)),.T.,.PARAMETER.);
#4656 = LINE('',#4657,#4658);
#4657 = CARTESIAN_POINT('',(-1.7,-2.395,0.609062853009));
#4658 = VECTOR('',#4659,1.);
#4659 = DIRECTION('',(5.605193857299E-45,-2.22044604925E-16,-1.));
#4660 = CARTESIAN_POINT('',(-1.7,-2.395,1.259062853009));
#4661 = CARTESIAN_POINT('',(-1.7,-2.395,0.609062853009));
#4662 = GEOMETRIC_CURVE_SET('',(#4663));
#4663 = TRIMMED_CURVE('',#4664,(#4668,PARAMETER_VALUE(-0.5)),(#4669,
    PARAMETER_VALUE(-0.2)),.T.,.PARAMETER.);
#4664 = LINE('',#4665,#4666);
#4665 = CARTESIAN_POINT('',(-1.5,-2.395,1.259062853009));
#4666 = VECTOR('',#4667,1.);
#4667 = DIRECTION('',(1.,6.055061399543E-44,-2.135253304556E-29));
#4668 = CARTESIAN_POINT('',(-2.,-2.395,1.259062853009));
#4669 = CARTESIAN_POINT('',(-1.7,-2.395,1.259062853009));
#4670 = GEOMETRIC_CURVE_SET('',(#4671));
#4671 = TRIMMED_CURVE('',#4672,(#4676,PARAMETER_VALUE(-1.2)),(#4677,
    PARAMETER_VALUE(-0.55)),.T.,.PARAMETER.);
#4672 = LINE('',#4673,#4674);
#4673 = CARTESIAN_POINT('',(-1.5,1.355,2.459062853009));
#4674 = VECTOR('',#4675,1.);
#4675 = DIRECTION('',(-6.982966722219E-15,1.,-2.22044604925E-16));
#4676 = CARTESIAN_POINT('',(-1.5,0.155,2.459062853009));
#4677 = CARTESIAN_POINT('',(-1.5,0.805,2.459062853009));
#4678 = GEOMETRIC_CURVE_SET('',(#4679));
#4679 = TRIMMED_CURVE('',#4680,(#4684,PARAMETER_VALUE(
      -1.110223024625E-15)),(#4685,PARAMETER_VALUE(0.5)),.T.,
  .PARAMETER.);
#4680 = LINE('',#4681,#4682);
#4681 = CARTESIAN_POINT('',(-1.5,0.805,2.459062853009));
#4682 = VECTOR('',#4683,1.);
#4683 = DIRECTION('',(-1.,-7.971189900216E-44,2.438091212181E-29));
#4684 = CARTESIAN_POINT('',(-1.5,0.805,2.459062853009));
#4685 = CARTESIAN_POINT('',(-2.,0.805,2.459062853009));
#4686 = GEOMETRIC_CURVE_SET('',(#4687));
#4687 = TRIMMED_CURVE('',#4688,(#4692,PARAMETER_VALUE(0.55)),(#4693,
    PARAMETER_VALUE(1.2)),.T.,.PARAMETER.);
#4688 = LINE('',#4689,#4690);
#4689 = CARTESIAN_POINT('',(-2.,1.355,2.459062853009));
#4690 = VECTOR('',#4691,1.);
#4691 = DIRECTION('',(7.18705183704E-15,-1.,2.22044604925E-16));
#4692 = CARTESIAN_POINT('',(-2.,0.805,2.459062853009));
#4693 = CARTESIAN_POINT('',(-2.,0.155,2.459062853009));
#4694 = GEOMETRIC_CURVE_SET('',(#4695));
#4695 = TRIMMED_CURVE('',#4696,(#4700,PARAMETER_VALUE(
      -4.440892098501E-16)),(#4701,PARAMETER_VALUE(0.5)),.T.,
  .PARAMETER.);
#4696 = LINE('',#4697,#4698);
#4697 = CARTESIAN_POINT('',(-1.5,0.155,2.459062853009));
#4698 = VECTOR('',#4699,1.);
#4699 = DIRECTION('',(-1.,-5.237225041664E-15,-3.023713287611E-15));
#4700 = CARTESIAN_POINT('',(-1.5,0.155,2.459062853009));
#4701 = CARTESIAN_POINT('',(-2.,0.155,2.459062853009));
#4702 = GEOMETRIC_CURVE_SET('',(#4703));
#4703 = TRIMMED_CURVE('',#4704,(#4708,PARAMETER_VALUE(2.22044604925E-15)
    ),(#4709,PARAMETER_VALUE(1.)),.T.,.PARAMETER.);
#4704 = LINE('',#4705,#4706);
#4705 = CARTESIAN_POINT('',(-1.5,0.805,2.459062853009));
#4706 = VECTOR('',#4707,1.);
#4707 = DIRECTION('',(5.605193857299E-45,-2.22044604925E-16,-1.));
#4708 = CARTESIAN_POINT('',(-1.5,0.805,2.459062853009));
#4709 = CARTESIAN_POINT('',(-1.5,0.805,1.459062853009));
#4710 = GEOMETRIC_CURVE_SET('',(#4711));
#4711 = TRIMMED_CURVE('',#4712,(#4716,PARAMETER_VALUE(-0.5)),(#4717,
    PARAMETER_VALUE(1.488506425652E-58)),.T.,.PARAMETER.);
#4712 = LINE('',#4713,#4714);
#4713 = CARTESIAN_POINT('',(-1.5,0.805,1.459062853009));
#4714 = VECTOR('',#4715,1.);
#4715 = DIRECTION('',(1.,7.971189900216E-44,-2.438091212181E-29));
#4716 = CARTESIAN_POINT('',(-2.,0.805,1.459062853009));
#4717 = CARTESIAN_POINT('',(-1.5,0.805,1.459062853009));
#4718 = GEOMETRIC_CURVE_SET('',(#4719));
#4719 = TRIMMED_CURVE('',#4720,(#4724,PARAMETER_VALUE(-1.5)),(#4725,
    PARAMETER_VALUE(-0.5)),.T.,.PARAMETER.);
#4720 = LINE('',#4721,#4722);
#4721 = CARTESIAN_POINT('',(-2.,0.805,2.959062853009));
#4722 = VECTOR('',#4723,1.);
#4723 = DIRECTION('',(-7.125597826469E-31,2.22044604925E-16,1.));
#4724 = CARTESIAN_POINT('',(-2.,0.805,1.459062853009));
#4725 = CARTESIAN_POINT('',(-2.,0.805,2.459062853009));
#4726 = GEOMETRIC_CURVE_SET('',(#4727));
#4727 = TRIMMED_CURVE('',#4728,(#4732,PARAMETER_VALUE(
      -1.110223024625E-15)),(#4733,PARAMETER_VALUE(0.5)),.T.,
  .PARAMETER.);
#4728 = LINE('',#4729,#4730);
#4729 = CARTESIAN_POINT('',(-1.5,0.805,2.459062853009));
#4730 = VECTOR('',#4731,1.);
#4731 = DIRECTION('',(-1.,-7.971189900216E-44,2.438091212181E-29));
#4732 = CARTESIAN_POINT('',(-1.5,0.805,2.459062853009));
#4733 = CARTESIAN_POINT('',(-2.,0.805,2.459062853009));
#4734 = GEOMETRIC_CURVE_SET('',(#4735));
#4735 = TRIMMED_CURVE('',#4736,(#4740,PARAMETER_VALUE(5.551115123126E-17
      )),(#4741,PARAMETER_VALUE(0.2)),.T.,.PARAMETER.);
#4736 = LINE('',#4737,#4738);
#4737 = CARTESIAN_POINT('',(0.4,2.055,-9.371469914833E-04));
#4738 = VECTOR('',#4739,1.);
#4739 = DIRECTION('',(1.,6.982966722219E-15,-1.55053008704E-30));
#4740 = CARTESIAN_POINT('',(0.4,2.055,-9.371469914833E-04));
#4741 = CARTESIAN_POINT('',(0.6,2.055,-9.371469914833E-04));
#4742 = GEOMETRIC_CURVE_SET('',(#4743));
#4743 = TRIMMED_CURVE('',#4744,(#4748,PARAMETER_VALUE(-5.E-02)),(#4749,
    PARAMETER_VALUE(0.15)),.T.,.PARAMETER.);
#4744 = LINE('',#4745,#4746);
#4745 = CARTESIAN_POINT('',(0.4,2.055,0.149062853009));
#4746 = VECTOR('',#4747,1.);
#4747 = DIRECTION('',(5.605193857299E-45,-2.22044604925E-16,-1.));
#4748 = CARTESIAN_POINT('',(0.4,2.055,0.199062853009));
#4749 = CARTESIAN_POINT('',(0.4,2.055,-9.371469914833E-04));
#4750 = GEOMETRIC_CURVE_SET('',(#4751));
#4751 = TRIMMED_CURVE('',#4752,(#4756,PARAMETER_VALUE(1.276756478319E-15
      )),(#4757,PARAMETER_VALUE(0.2)),.T.,.PARAMETER.);
#4752 = LINE('',#4753,#4754);
#4753 = CARTESIAN_POINT('',(0.4,2.055,0.199062853009));
#4754 = VECTOR('',#4755,1.);
#4755 = DIRECTION('',(1.,8.340996362257E-44,-2.492169409971E-29));
#4756 = CARTESIAN_POINT('',(0.4,2.055,0.199062853009));
#4757 = CARTESIAN_POINT('',(0.6,2.055,0.199062853009));
#4758 = GEOMETRIC_CURVE_SET('',(#4759));
#4759 = TRIMMED_CURVE('',#4760,(#4764,PARAMETER_VALUE(-5.E-02)),(#4765,
    PARAMETER_VALUE(0.15)),.T.,.PARAMETER.);
#4760 = LINE('',#4761,#4762);
#4761 = CARTESIAN_POINT('',(0.6,2.055,0.149062853009));
#4762 = VECTOR('',#4763,1.);
#4763 = DIRECTION('',(5.605193857299E-45,-2.22044604925E-16,-1.));
#4764 = CARTESIAN_POINT('',(0.6,2.055,0.199062853009));
#4765 = CARTESIAN_POINT('',(0.6,2.055,-9.371469914833E-04));
#4766 = GEOMETRIC_CURVE_SET('',(#4767));
#4767 = TRIMMED_CURVE('',#4768,(#4772,PARAMETER_VALUE(-2.6)),(#4773,
    PARAMETER_VALUE(-2.4)),.T.,.PARAMETER.);
#4768 = LINE('',#4769,#4770);
#4769 = CARTESIAN_POINT('',(-2.,1.255,5.906285300851E-02));
#4770 = VECTOR('',#4771,1.);
#4771 = DIRECTION('',(-1.,-7.971189900216E-44,2.438091212181E-29));
#4772 = CARTESIAN_POINT('',(0.6,1.255,5.906285300851E-02));
#4773 = CARTESIAN_POINT('',(0.4,1.255,5.906285300851E-02));
#4774 = GEOMETRIC_CURVE_SET('',(#4775));
#4775 = TRIMMED_CURVE('',#4776,(#4780,PARAMETER_VALUE(-0.15)),(#4781,
    PARAMETER_VALUE(-9.E-02)),.T.,.PARAMETER.);
#4776 = LINE('',#4777,#4778);
#4777 = CARTESIAN_POINT('',(0.4,1.255,0.149062853009));
#4778 = VECTOR('',#4779,1.);
#4779 = DIRECTION('',(-5.605193857299E-45,2.22044604925E-16,1.));
#4780 = CARTESIAN_POINT('',(0.4,1.255,-9.371469914852E-04));
#4781 = CARTESIAN_POINT('',(0.4,1.255,5.906285300851E-02));
#4782 = GEOMETRIC_CURVE_SET('',(#4783));
#4783 = TRIMMED_CURVE('',#4784,(#4788,PARAMETER_VALUE(-0.2)),(#4789,
    PARAMETER_VALUE(2.831068712794E-15)),.T.,.PARAMETER.);
#4784 = LINE('',#4785,#4786);
#4785 = CARTESIAN_POINT('',(0.4,1.255,-9.371469914859E-04));
#4786 = VECTOR('',#4787,1.);
#4787 = DIRECTION('',(-1.,-6.982966722219E-15,1.55053008704E-30));
#4788 = CARTESIAN_POINT('',(0.6,1.255,-9.371469914852E-04));
#4789 = CARTESIAN_POINT('',(0.4,1.255,-9.371469914852E-04));
#4790 = GEOMETRIC_CURVE_SET('',(#4791));
#4791 = TRIMMED_CURVE('',#4792,(#4796,PARAMETER_VALUE(-0.15)),(#4797,
    PARAMETER_VALUE(-9.E-02)),.T.,.PARAMETER.);
#4792 = LINE('',#4793,#4794);
#4793 = CARTESIAN_POINT('',(0.6,1.255,0.149062853009));
#4794 = VECTOR('',#4795,1.);
#4795 = DIRECTION('',(-5.605193857299E-45,2.22044604925E-16,1.));
#4796 = CARTESIAN_POINT('',(0.6,1.255,-9.371469914852E-04));
#4797 = CARTESIAN_POINT('',(0.6,1.255,5.906285300851E-02));
#4798 = GEOMETRIC_CURVE_SET('',(#4799));
#4799 = TRIMMED_CURVE('',#4800,(#4804,PARAMETER_VALUE(-0.2)),(#4805,
    PARAMETER_VALUE(2.831068712794E-15)),.T.,.PARAMETER.);
#4800 = LINE('',#4801,#4802);
#4801 = CARTESIAN_POINT('',(0.4,1.255,-9.371469914859E-04));
#4802 = VECTOR('',#4803,1.);
#4803 = DIRECTION('',(-1.,-6.982966722219E-15,1.55053008704E-30));
#4804 = CARTESIAN_POINT('',(0.6,1.255,-9.371469914852E-04));
#4805 = CARTESIAN_POINT('',(0.4,1.255,-9.371469914852E-04));
#4806 = GEOMETRIC_CURVE_SET('',(#4807));
#4807 = TRIMMED_CURVE('',#4808,(#4812,PARAMETER_VALUE(-1.25)),(#4813,
    PARAMETER_VALUE(-0.45)),.T.,.PARAMETER.);
#4808 = LINE('',#4809,#4810);
#4809 = CARTESIAN_POINT('',(0.4,0.805,-9.371469914831E-04));
#4810 = VECTOR('',#4811,1.);
#4811 = DIRECTION('',(6.982966722219E-15,-1.,2.22044604925E-16));
#4812 = CARTESIAN_POINT('',(0.4,2.055,-9.371469914833E-04));
#4813 = CARTESIAN_POINT('',(0.4,1.255,-9.371469914852E-04));
#4814 = GEOMETRIC_CURVE_SET('',(#4815));
#4815 = TRIMMED_CURVE('',#4816,(#4820,PARAMETER_VALUE(5.551115123126E-17
      )),(#4821,PARAMETER_VALUE(0.2)),.T.,.PARAMETER.);
#4816 = LINE('',#4817,#4818);
#4817 = CARTESIAN_POINT('',(0.4,2.055,-9.371469914833E-04));
#4818 = VECTOR('',#4819,1.);
#4819 = DIRECTION('',(1.,6.982966722219E-15,-1.55053008704E-30));
#4820 = CARTESIAN_POINT('',(0.4,2.055,-9.371469914833E-04));
#4821 = CARTESIAN_POINT('',(0.6,2.055,-9.371469914833E-04));
#4822 = GEOMETRIC_CURVE_SET('',(#4823));
#4823 = TRIMMED_CURVE('',#4824,(#4828,PARAMETER_VALUE(-1.25)),(#4829,
    PARAMETER_VALUE(-0.45)),.T.,.PARAMETER.);
#4824 = LINE('',#4825,#4826);
#4825 = CARTESIAN_POINT('',(0.6,0.805,-9.371469914831E-04));
#4826 = VECTOR('',#4827,1.);
#4827 = DIRECTION('',(6.982966722219E-15,-1.,2.22044604925E-16));
#4828 = CARTESIAN_POINT('',(0.6,2.055,-9.371469914833E-04));
#4829 = CARTESIAN_POINT('',(0.6,1.255,-9.371469914852E-04));
#4830 = GEOMETRIC_CURVE_SET('',(#4831));
#4831 = TRIMMED_CURVE('',#4832,(#4836,PARAMETER_VALUE(-1.6)),(#4837,
    PARAMETER_VALUE(-1.4)),.T.,.PARAMETER.);
#4832 = LINE('',#4833,#4834);
#4833 = CARTESIAN_POINT('',(-2.,1.255,5.906285300851E-02));
#4834 = VECTOR('',#4835,1.);
#4835 = DIRECTION('',(-1.,-7.971189900216E-44,2.438091212181E-29));
#4836 = CARTESIAN_POINT('',(-0.4,1.255,5.906285300851E-02));
#4837 = CARTESIAN_POINT('',(-0.6,1.255,5.906285300851E-02));
#4838 = GEOMETRIC_CURVE_SET('',(#4839));
#4839 = TRIMMED_CURVE('',#4840,(#4844,PARAMETER_VALUE(-0.15)),(#4845,
    PARAMETER_VALUE(-9.E-02)),.T.,.PARAMETER.);
#4840 = LINE('',#4841,#4842);
#4841 = CARTESIAN_POINT('',(-0.6,1.255,0.149062853009));
#4842 = VECTOR('',#4843,1.);
#4843 = DIRECTION('',(-5.605193857299E-45,2.22044604925E-16,1.));
#4844 = CARTESIAN_POINT('',(-0.6,1.255,-9.371469914852E-04));
#4845 = CARTESIAN_POINT('',(-0.6,1.255,5.906285300851E-02));
#4846 = GEOMETRIC_CURVE_SET('',(#4847));
#4847 = TRIMMED_CURVE('',#4848,(#4852,PARAMETER_VALUE(-0.2)),(#4853,
    PARAMETER_VALUE(2.775557561563E-15)),.T.,.PARAMETER.);
#4848 = LINE('',#4849,#4850);
#4849 = CARTESIAN_POINT('',(-0.6,1.255,-9.371469914859E-04));
#4850 = VECTOR('',#4851,1.);
#4851 = DIRECTION('',(-1.,-6.982966722219E-15,1.55053008704E-30));
#4852 = CARTESIAN_POINT('',(-0.4,1.255,-9.371469914852E-04));
#4853 = CARTESIAN_POINT('',(-0.6,1.255,-9.371469914852E-04));
#4854 = GEOMETRIC_CURVE_SET('',(#4855));
#4855 = TRIMMED_CURVE('',#4856,(#4860,PARAMETER_VALUE(-0.15)),(#4861,
    PARAMETER_VALUE(-9.E-02)),.T.,.PARAMETER.);
#4856 = LINE('',#4857,#4858);
#4857 = CARTESIAN_POINT('',(-0.4,1.255,0.149062853009));
#4858 = VECTOR('',#4859,1.);
#4859 = DIRECTION('',(-5.605193857299E-45,2.22044604925E-16,1.));
#4860 = CARTESIAN_POINT('',(-0.4,1.255,-9.371469914852E-04));
#4861 = CARTESIAN_POINT('',(-0.4,1.255,5.906285300851E-02));
#4862 = GEOMETRIC_CURVE_SET('',(#4863));
#4863 = TRIMMED_CURVE('',#4864,(#4868,PARAMETER_VALUE(-0.2)),(#4869,
    PARAMETER_VALUE(2.775557561563E-15)),.T.,.PARAMETER.);
#4864 = LINE('',#4865,#4866);
#4865 = CARTESIAN_POINT('',(-0.6,1.255,-9.371469914859E-04));
#4866 = VECTOR('',#4867,1.);
#4867 = DIRECTION('',(-1.,-6.982966722219E-15,1.55053008704E-30));
#4868 = CARTESIAN_POINT('',(-0.4,1.255,-9.371469914852E-04));
#4869 = CARTESIAN_POINT('',(-0.6,1.255,-9.371469914852E-04));
#4870 = GEOMETRIC_CURVE_SET('',(#4871));
#4871 = TRIMMED_CURVE('',#4872,(#4876,PARAMETER_VALUE(-1.25)),(#4877,
    PARAMETER_VALUE(-0.45)),.T.,.PARAMETER.);
#4872 = LINE('',#4873,#4874);
#4873 = CARTESIAN_POINT('',(-0.6,0.805,-9.371469914831E-04));
#4874 = VECTOR('',#4875,1.);
#4875 = DIRECTION('',(6.982966722219E-15,-1.,2.22044604925E-16));
#4876 = CARTESIAN_POINT('',(-0.6,2.055,-9.371469914833E-04));
#4877 = CARTESIAN_POINT('',(-0.6,1.255,-9.371469914852E-04));
#4878 = GEOMETRIC_CURVE_SET('',(#4879));
#4879 = TRIMMED_CURVE('',#4880,(#4884,PARAMETER_VALUE(-0.2)),(#4885,
    PARAMETER_VALUE(5.662137425588E-15)),.T.,.PARAMETER.);
#4880 = LINE('',#4881,#4882);
#4881 = CARTESIAN_POINT('',(-0.6,2.055,-9.371469914833E-04));
#4882 = VECTOR('',#4883,1.);
#4883 = DIRECTION('',(-1.,-7.459793074618E-44,2.361198774698E-29));
#4884 = CARTESIAN_POINT('',(-0.4,2.055,-9.371469914833E-04));
#4885 = CARTESIAN_POINT('',(-0.6,2.055,-9.371469914833E-04));
#4886 = GEOMETRIC_CURVE_SET('',(#4887));
#4887 = TRIMMED_CURVE('',#4888,(#4892,PARAMETER_VALUE(-1.25)),(#4893,
    PARAMETER_VALUE(-0.45)),.T.,.PARAMETER.);
#4888 = LINE('',#4889,#4890);
#4889 = CARTESIAN_POINT('',(-0.4,0.805,-9.371469914831E-04));
#4890 = VECTOR('',#4891,1.);
#4891 = DIRECTION('',(6.982966722219E-15,-1.,2.22044604925E-16));
#4892 = CARTESIAN_POINT('',(-0.4,2.055,-9.371469914833E-04));
#4893 = CARTESIAN_POINT('',(-0.4,1.255,-9.371469914852E-04));
#4894 = GEOMETRIC_CURVE_SET('',(#4895));
#4895 = TRIMMED_CURVE('',#4896,(#4900,PARAMETER_VALUE(-0.2)),(#4901,
    PARAMETER_VALUE(5.662137425588E-15)),.T.,.PARAMETER.);
#4896 = LINE('',#4897,#4898);
#4897 = CARTESIAN_POINT('',(-0.6,2.055,-9.371469914833E-04));
#4898 = VECTOR('',#4899,1.);
#4899 = DIRECTION('',(-1.,-7.459793074618E-44,2.361198774698E-29));
#4900 = CARTESIAN_POINT('',(-0.4,2.055,-9.371469914833E-04));
#4901 = CARTESIAN_POINT('',(-0.6,2.055,-9.371469914833E-04));
#4902 = GEOMETRIC_CURVE_SET('',(#4903));
#4903 = TRIMMED_CURVE('',#4904,(#4908,PARAMETER_VALUE(-5.E-02)),(#4909,
    PARAMETER_VALUE(0.15)),.T.,.PARAMETER.);
#4904 = LINE('',#4905,#4906);
#4905 = CARTESIAN_POINT('',(-0.6,2.055,0.149062853009));
#4906 = VECTOR('',#4907,1.);
#4907 = DIRECTION('',(5.605193857299E-45,-2.22044604925E-16,-1.));
#4908 = CARTESIAN_POINT('',(-0.6,2.055,0.199062853009));
#4909 = CARTESIAN_POINT('',(-0.6,2.055,-9.371469914833E-04));
#4910 = GEOMETRIC_CURVE_SET('',(#4911));
#4911 = TRIMMED_CURVE('',#4912,(#4916,PARAMETER_VALUE(1.33226762955E-15)
    ),(#4917,PARAMETER_VALUE(0.2)),.T.,.PARAMETER.);
#4912 = LINE('',#4913,#4914);
#4913 = CARTESIAN_POINT('',(-0.6,2.055,0.199062853009));
#4914 = VECTOR('',#4915,1.);
#4915 = DIRECTION('',(1.,8.340996362257E-44,-2.492169409971E-29));
#4916 = CARTESIAN_POINT('',(-0.6,2.055,0.199062853009));
#4917 = CARTESIAN_POINT('',(-0.4,2.055,0.199062853009));
#4918 = GEOMETRIC_CURVE_SET('',(#4919));
#4919 = TRIMMED_CURVE('',#4920,(#4924,PARAMETER_VALUE(-5.E-02)),(#4925,
    PARAMETER_VALUE(0.15)),.T.,.PARAMETER.);
#4920 = LINE('',#4921,#4922);
#4921 = CARTESIAN_POINT('',(-0.4,2.055,0.149062853009));
#4922 = VECTOR('',#4923,1.);
#4923 = DIRECTION('',(5.605193857299E-45,-2.22044604925E-16,-1.));
#4924 = CARTESIAN_POINT('',(-0.4,2.055,0.199062853009));
#4925 = CARTESIAN_POINT('',(-0.4,2.055,-9.371469914833E-04));
#4926 = GEOMETRIC_CURVE_SET('',(#4927));
#4927 = TRIMMED_CURVE('',#4928,(#4932,PARAMETER_VALUE(0.6)),(#4933,
    PARAMETER_VALUE(3.)),.T.,.PARAMETER.);
#4928 = LINE('',#4929,#4930);
#4929 = CARTESIAN_POINT('',(-1.2,0.105,2.059062853009));
#4930 = VECTOR('',#4931,1.);
#4931 = DIRECTION('',(7.085009279629E-15,-1.,2.22044604925E-16));
#4932 = CARTESIAN_POINT('',(-1.2,-0.495,2.059062853009));
#4933 = CARTESIAN_POINT('',(-1.2,-2.895,2.059062853009));
#4934 = GEOMETRIC_CURVE_SET('',(#4935));
#4935 = TRIMMED_CURVE('',#4936,(#4940,PARAMETER_VALUE(-1.1)),(#4941,
    PARAMETER_VALUE(-0.5)),.T.,.PARAMETER.);
#4936 = LINE('',#4937,#4938);
#4937 = CARTESIAN_POINT('',(-1.2,-0.495,2.559062853009));
#4938 = VECTOR('',#4939,1.);
#4939 = DIRECTION('',(-3.562798913235E-31,2.22044604925E-16,1.));
#4940 = CARTESIAN_POINT('',(-1.2,-0.495,1.459062853009));
#4941 = CARTESIAN_POINT('',(-1.2,-0.495,2.059062853009));
#4942 = GEOMETRIC_CURVE_SET('',(#4943));
#4943 = TRIMMED_CURVE('',#4944,(#4948,PARAMETER_VALUE(-3.)),(#4949,
    PARAMETER_VALUE(-0.6)),.T.,.PARAMETER.);
#4944 = LINE('',#4945,#4946);
#4945 = CARTESIAN_POINT('',(-1.2,0.105,1.459062853009));
#4946 = VECTOR('',#4947,1.);
#4947 = DIRECTION('',(-7.085009279629E-15,1.,-2.22044604925E-16));
#4948 = CARTESIAN_POINT('',(-1.2,-2.895,1.459062853009));
#4949 = CARTESIAN_POINT('',(-1.2,-0.495,1.459062853009));
#4950 = GEOMETRIC_CURVE_SET('',(#4951));
#4951 = TRIMMED_CURVE('',#4952,(#4956,PARAMETER_VALUE(-2.1)),(#4957,
    PARAMETER_VALUE(-1.1)),.T.,.PARAMETER.);
#4952 = LINE('',#4953,#4954);
#4953 = CARTESIAN_POINT('',(-1.2,-2.895,2.559062853009));
#4954 = VECTOR('',#4955,1.);
#4955 = DIRECTION('',(-3.562798913235E-31,2.22044604925E-16,1.));
#4956 = CARTESIAN_POINT('',(-1.2,-2.895,0.459062853009));
#4957 = CARTESIAN_POINT('',(-1.2,-2.895,1.459062853009));
#4958 = GEOMETRIC_CURVE_SET('',(#4959));
#4959 = TRIMMED_CURVE('',#4960,(#4964,PARAMETER_VALUE(-3.)),(#4965,
    PARAMETER_VALUE(-2.065014825803E-14)),.T.,.PARAMETER.);
#4960 = LINE('',#4961,#4962);
#4961 = CARTESIAN_POINT('',(-1.2,0.105,0.459062853009));
#4962 = VECTOR('',#4963,1.);
#4963 = DIRECTION('',(0.,1.,3.269438756184E-15));
#4964 = CARTESIAN_POINT('',(-1.2,-2.895,0.459062853009));
#4965 = CARTESIAN_POINT('',(-1.2,0.105,0.459062853009));
#4966 = GEOMETRIC_CURVE_SET('',(#4967));
#4967 = TRIMMED_CURVE('',#4968,(#4972,PARAMETER_VALUE(2.22044604925E-15)
    ),(#4973,PARAMETER_VALUE(2.1)),.T.,.PARAMETER.);
#4968 = LINE('',#4969,#4970);
#4969 = CARTESIAN_POINT('',(-1.2,0.105,2.559062853009));
#4970 = VECTOR('',#4971,1.);
#4971 = DIRECTION('',(3.562798913235E-31,-2.22044604925E-16,-1.));
#4972 = CARTESIAN_POINT('',(-1.2,0.105,2.559062853009));
#4973 = CARTESIAN_POINT('',(-1.2,0.105,0.459062853009));
#4974 = GEOMETRIC_CURVE_SET('',(#4975));
#4975 = TRIMMED_CURVE('',#4976,(#4980,PARAMETER_VALUE(
      -4.218847493576E-15)),(#4981,PARAMETER_VALUE(3.)),.T.,
  .PARAMETER.);
#4976 = LINE('',#4977,#4978);
#4977 = CARTESIAN_POINT('',(-1.2,0.105,2.559062853009));
#4978 = VECTOR('',#4979,1.);
#4979 = DIRECTION('',(0.,-1.,-3.269438756184E-15));
#4980 = CARTESIAN_POINT('',(-1.2,0.105,2.559062853009));
#4981 = CARTESIAN_POINT('',(-1.2,-2.895,2.559062853009));
#4982 = GEOMETRIC_CURVE_SET('',(#4983));
#4983 = TRIMMED_CURVE('',#4984,(#4988,PARAMETER_VALUE(-0.5)),(#4989,
    PARAMETER_VALUE(-1.021405182655E-14)),.T.,.PARAMETER.);
#4984 = LINE('',#4985,#4986);
#4985 = CARTESIAN_POINT('',(-1.2,-2.895,2.559062853009));
#4986 = VECTOR('',#4987,1.);
#4987 = DIRECTION('',(-3.562798913235E-31,2.22044604925E-16,1.));
#4988 = CARTESIAN_POINT('',(-1.2,-2.895,2.059062853009));
#4989 = CARTESIAN_POINT('',(-1.2,-2.895,2.559062853009));
#4990 = GEOMETRIC_CURVE_SET('',(#4991));
#4991 = TRIMMED_CURVE('',#4992,(#4996,PARAMETER_VALUE(2.22044604925E-15)
    ),(#4997,PARAMETER_VALUE(2.1)),.T.,.PARAMETER.);
#4992 = LINE('',#4993,#4994);
#4993 = CARTESIAN_POINT('',(-1.2,0.105,2.559062853009));
#4994 = VECTOR('',#4995,1.);
#4995 = DIRECTION('',(3.562798913235E-31,-2.22044604925E-16,-1.));
#4996 = CARTESIAN_POINT('',(-1.2,0.105,2.559062853009));
#4997 = CARTESIAN_POINT('',(-1.2,0.105,0.459062853009));
#4998 = GEOMETRIC_CURVE_SET('',(#4999));
#4999 = TRIMMED_CURVE('',#5000,(#5004,PARAMETER_VALUE(-2.4)),(#5005,
    PARAMETER_VALUE(-3.009265538104E-31)),.T.,.PARAMETER.);
#5000 = LINE('',#5001,#5002);
#5001 = CARTESIAN_POINT('',(1.2,0.105,0.459062853009));
#5002 = VECTOR('',#5003,1.);
#5003 = DIRECTION('',(1.,-3.692429794024E-31,1.129377263005E-16));
#5004 = CARTESIAN_POINT('',(-1.2,0.105,0.459062853009));
#5005 = CARTESIAN_POINT('',(1.2,0.105,0.459062853009));
#5006 = GEOMETRIC_CURVE_SET('',(#5007));
#5007 = TRIMMED_CURVE('',#5008,(#5012,PARAMETER_VALUE(-2.1)),(#5013,
    PARAMETER_VALUE(-1.35671382616E-29)),.T.,.PARAMETER.);
#5008 = LINE('',#5009,#5010);
#5009 = CARTESIAN_POINT('',(1.2,0.105,2.559062853009));
#5010 = VECTOR('',#5011,1.);
#5011 = DIRECTION('',(2.438091212181E-29,-3.269438756184E-15,1.));
#5012 = CARTESIAN_POINT('',(1.2,0.105,0.459062853009));
#5013 = CARTESIAN_POINT('',(1.2,0.105,2.559062853009));
#5014 = GEOMETRIC_CURVE_SET('',(#5015));
#5015 = TRIMMED_CURVE('',#5016,(#5020,PARAMETER_VALUE(-2.4)),(#5021,
    PARAMETER_VALUE(4.012354050806E-31)),.T.,.PARAMETER.);
#5016 = LINE('',#5017,#5018);
#5017 = CARTESIAN_POINT('',(-1.2,0.105,2.559062853009));
#5018 = VECTOR('',#5019,1.);
#5019 = DIRECTION('',(-1.,5.907887670438E-31,-1.807003620809E-16));
#5020 = CARTESIAN_POINT('',(1.2,0.105,2.559062853009));
#5021 = CARTESIAN_POINT('',(-1.2,0.105,2.559062853009));
#5022 = GEOMETRIC_CURVE_SET('',(#5023));
#5023 = TRIMMED_CURVE('',#5024,(#5028,PARAMETER_VALUE(-1.99)),(#5029,
    PARAMETER_VALUE(-1.51)),.T.,.PARAMETER.);
#5024 = LINE('',#5025,#5026);
#5025 = CARTESIAN_POINT('',(-0.4,0.105,0.149062853009));
#5026 = VECTOR('',#5027,1.);
#5027 = DIRECTION('',(5.605193857299E-45,-2.22044604925E-16,-1.));
#5028 = CARTESIAN_POINT('',(-0.4,0.105,2.139062853009));
#5029 = CARTESIAN_POINT('',(-0.4,0.105,1.659062853009));
#5030 = GEOMETRIC_CURVE_SET('',(#5031));
#5031 = TRIMMED_CURVE('',#5032,(#5036,PARAMETER_VALUE(1.6)),(#5037,
    PARAMETER_VALUE(1.8)),.T.,.PARAMETER.);
#5032 = LINE('',#5033,#5034);
#5033 = CARTESIAN_POINT('',(1.2,0.105,1.659062853009));
#5034 = VECTOR('',#5035,1.);
#5035 = DIRECTION('',(-1.,-6.982966722219E-15,1.55053008704E-30));
#5036 = CARTESIAN_POINT('',(-0.4,0.105,1.659062853009));
#5037 = CARTESIAN_POINT('',(-0.6,0.105,1.659062853009));
#5038 = GEOMETRIC_CURVE_SET('',(#5039));
#5039 = TRIMMED_CURVE('',#5040,(#5044,PARAMETER_VALUE(-1.99)),(#5045,
    PARAMETER_VALUE(-1.51)),.T.,.PARAMETER.);
#5040 = LINE('',#5041,#5042);
#5041 = CARTESIAN_POINT('',(-0.6,0.105,0.149062853009));
#5042 = VECTOR('',#5043,1.);
#5043 = DIRECTION('',(5.605193857299E-45,-2.22044604925E-16,-1.));
#5044 = CARTESIAN_POINT('',(-0.6,0.105,2.139062853009));
#5045 = CARTESIAN_POINT('',(-0.6,0.105,1.659062853009));
#5046 = GEOMETRIC_CURVE_SET('',(#5047));
#5047 = TRIMMED_CURVE('',#5048,(#5052,PARAMETER_VALUE(
      -6.106226635438E-15)),(#5053,PARAMETER_VALUE(0.2)),.T.,
  .PARAMETER.);
#5048 = LINE('',#5049,#5050);
#5049 = CARTESIAN_POINT('',(-0.6,0.105,2.139062853009));
#5050 = VECTOR('',#5051,1.);
#5051 = DIRECTION('',(1.,8.828769342216E-44,-2.561698521415E-29));
#5052 = CARTESIAN_POINT('',(-0.6,0.105,2.139062853009));
#5053 = CARTESIAN_POINT('',(-0.4,0.105,2.139062853009));
#5054 = GEOMETRIC_CURVE_SET('',(#5055));
#5055 = TRIMMED_CURVE('',#5056,(#5060,PARAMETER_VALUE(-1.99)),(#5061,
    PARAMETER_VALUE(-1.51)),.T.,.PARAMETER.);
#5056 = LINE('',#5057,#5058);
#5057 = CARTESIAN_POINT('',(0.6,0.105,0.149062853009));
#5058 = VECTOR('',#5059,1.);
#5059 = DIRECTION('',(5.605193857299E-45,-2.22044604925E-16,-1.));
#5060 = CARTESIAN_POINT('',(0.6,0.105,2.139062853009));
#5061 = CARTESIAN_POINT('',(0.6,0.105,1.659062853009));
#5062 = GEOMETRIC_CURVE_SET('',(#5063));
#5063 = TRIMMED_CURVE('',#5064,(#5068,PARAMETER_VALUE(0.6)),(#5069,
    PARAMETER_VALUE(0.8)),.T.,.PARAMETER.);
#5064 = LINE('',#5065,#5066);
#5065 = CARTESIAN_POINT('',(1.2,0.105,1.659062853009));
#5066 = VECTOR('',#5067,1.);
#5067 = DIRECTION('',(-1.,-6.982966722219E-15,1.55053008704E-30));
#5068 = CARTESIAN_POINT('',(0.6,0.105,1.659062853009));
#5069 = CARTESIAN_POINT('',(0.4,0.105,1.659062853009));
#5070 = GEOMETRIC_CURVE_SET('',(#5071));
#5071 = TRIMMED_CURVE('',#5072,(#5076,PARAMETER_VALUE(-1.99)),(#5077,
    PARAMETER_VALUE(-1.51)),.T.,.PARAMETER.);
#5072 = LINE('',#5073,#5074);
#5073 = CARTESIAN_POINT('',(0.4,0.105,0.149062853009));
#5074 = VECTOR('',#5075,1.);
#5075 = DIRECTION('',(5.605193857299E-45,-2.22044604925E-16,-1.));
#5076 = CARTESIAN_POINT('',(0.4,0.105,2.139062853009));
#5077 = CARTESIAN_POINT('',(0.4,0.105,1.659062853009));
#5078 = GEOMETRIC_CURVE_SET('',(#5079));
#5079 = TRIMMED_CURVE('',#5080,(#5084,PARAMETER_VALUE(
      -6.106226635438E-15)),(#5085,PARAMETER_VALUE(0.2)),.T.,
  .PARAMETER.);
#5080 = LINE('',#5081,#5082);
#5081 = CARTESIAN_POINT('',(0.4,0.105,2.139062853009));
#5082 = VECTOR('',#5083,1.);
#5083 = DIRECTION('',(1.,8.828769342216E-44,-2.561698521415E-29));
#5084 = CARTESIAN_POINT('',(0.4,0.105,2.139062853009));
#5085 = CARTESIAN_POINT('',(0.6,0.105,2.139062853009));
#5086 = GEOMETRIC_CURVE_SET('',(#5087));
#5087 = TRIMMED_CURVE('',#5088,(#5092,PARAMETER_VALUE(-3.)),(#5093,
    PARAMETER_VALUE(-0.6)),.T.,.PARAMETER.);
#5088 = LINE('',#5089,#5090);
#5089 = CARTESIAN_POINT('',(1.2,0.105,2.059062853009));
#5090 = VECTOR('',#5091,1.);
#5091 = DIRECTION('',(-7.085009279629E-15,1.,-2.22044604925E-16));
#5092 = CARTESIAN_POINT('',(1.2,-2.895,2.059062853009));
#5093 = CARTESIAN_POINT('',(1.2,-0.495,2.059062853009));
#5094 = GEOMETRIC_CURVE_SET('',(#5095));
#5095 = TRIMMED_CURVE('',#5096,(#5100,PARAMETER_VALUE(5.329070518201E-15
      )),(#5101,PARAMETER_VALUE(0.5)),.T.,.PARAMETER.);
#5096 = LINE('',#5097,#5098);
#5097 = CARTESIAN_POINT('',(1.2,-2.895,2.559062853009));
#5098 = VECTOR('',#5099,1.);
#5099 = DIRECTION('',(2.06514699521E-16,-2.22044604925E-16,-1.));
#5100 = CARTESIAN_POINT('',(1.2,-2.895,2.559062853009));
#5101 = CARTESIAN_POINT('',(1.2,-2.895,2.059062853009));
#5102 = GEOMETRIC_CURVE_SET('',(#5103));
#5103 = TRIMMED_CURVE('',#5104,(#5108,PARAMETER_VALUE(-3.)),(#5109,
    PARAMETER_VALUE(2.065014825803E-14)),.T.,.PARAMETER.);
#5104 = LINE('',#5105,#5106);
#5105 = CARTESIAN_POINT('',(1.2,0.105,2.559062853009));
#5106 = VECTOR('',#5107,1.);
#5107 = DIRECTION('',(0.,1.,3.269438756184E-15));
#5108 = CARTESIAN_POINT('',(1.2,-2.895,2.559062853009));
#5109 = CARTESIAN_POINT('',(1.2,0.105,2.559062853009));
#5110 = GEOMETRIC_CURVE_SET('',(#5111));
#5111 = TRIMMED_CURVE('',#5112,(#5116,PARAMETER_VALUE(-2.1)),(#5117,
    PARAMETER_VALUE(-1.35671382616E-29)),.T.,.PARAMETER.);
#5112 = LINE('',#5113,#5114);
#5113 = CARTESIAN_POINT('',(1.2,0.105,2.559062853009));
#5114 = VECTOR('',#5115,1.);
#5115 = DIRECTION('',(2.438091212181E-29,-3.269438756184E-15,1.));
#5116 = CARTESIAN_POINT('',(1.2,0.105,0.459062853009));
#5117 = CARTESIAN_POINT('',(1.2,0.105,2.559062853009));
#5118 = GEOMETRIC_CURVE_SET('',(#5119));
#5119 = TRIMMED_CURVE('',#5120,(#5124,PARAMETER_VALUE(4.329869796038E-15
      )),(#5125,PARAMETER_VALUE(3.)),.T.,.PARAMETER.);
#5120 = LINE('',#5121,#5122);
#5121 = CARTESIAN_POINT('',(1.2,0.105,0.459062853009));
#5122 = VECTOR('',#5123,1.);
#5123 = DIRECTION('',(0.,-1.,-3.269438756184E-15));
#5124 = CARTESIAN_POINT('',(1.2,0.105,0.459062853009));
#5125 = CARTESIAN_POINT('',(1.2,-2.895,0.459062853009));
#5126 = GEOMETRIC_CURVE_SET('',(#5127));
#5127 = TRIMMED_CURVE('',#5128,(#5132,PARAMETER_VALUE(1.1)),(#5133,
    PARAMETER_VALUE(2.1)),.T.,.PARAMETER.);
#5128 = LINE('',#5129,#5130);
#5129 = CARTESIAN_POINT('',(1.2,-2.895,2.559062853009));
#5130 = VECTOR('',#5131,1.);
#5131 = DIRECTION('',(2.06514699521E-16,-2.22044604925E-16,-1.));
#5132 = CARTESIAN_POINT('',(1.2,-2.895,1.459062853009));
#5133 = CARTESIAN_POINT('',(1.2,-2.895,0.459062853009));
#5134 = GEOMETRIC_CURVE_SET('',(#5135));
#5135 = TRIMMED_CURVE('',#5136,(#5140,PARAMETER_VALUE(0.6)),(#5141,
    PARAMETER_VALUE(3.)),.T.,.PARAMETER.);
#5136 = LINE('',#5137,#5138);
#5137 = CARTESIAN_POINT('',(1.2,0.105,1.459062853009));
#5138 = VECTOR('',#5139,1.);
#5139 = DIRECTION('',(7.085009279629E-15,-1.,2.22044604925E-16));
#5140 = CARTESIAN_POINT('',(1.2,-0.495,1.459062853009));
#5141 = CARTESIAN_POINT('',(1.2,-2.895,1.459062853009));
#5142 = GEOMETRIC_CURVE_SET('',(#5143));
#5143 = TRIMMED_CURVE('',#5144,(#5148,PARAMETER_VALUE(0.5)),(#5149,
    PARAMETER_VALUE(1.1)),.T.,.PARAMETER.);
#5144 = LINE('',#5145,#5146);
#5145 = CARTESIAN_POINT('',(1.2,-0.495,2.559062853009));
#5146 = VECTOR('',#5147,1.);
#5147 = DIRECTION('',(2.06514699521E-16,-2.22044604925E-16,-1.));
#5148 = CARTESIAN_POINT('',(1.2,-0.495,2.059062853009));
#5149 = CARTESIAN_POINT('',(1.2,-0.495,1.459062853009));
#5150 = GEOMETRIC_CURVE_SET('',(#5151));
#5151 = TRIMMED_CURVE('',#5152,(#5156,PARAMETER_VALUE(1.554312234475E-15
      )),(#5157,PARAMETER_VALUE(2.4)),.T.,.PARAMETER.);
#5152 = LINE('',#5153,#5154);
#5153 = CARTESIAN_POINT('',(-1.55,-0.495,2.059062853009));
#5154 = VECTOR('',#5155,1.);
#5155 = DIRECTION('',(0.,-1.,-3.269438756184E-15));
#5156 = CARTESIAN_POINT('',(-1.55,-0.495,2.059062853009));
#5157 = CARTESIAN_POINT('',(-1.55,-2.895,2.059062853009));
#5158 = GEOMETRIC_CURVE_SET('',(#5159));
#5159 = TRIMMED_CURVE('',#5160,(#5164,PARAMETER_VALUE(
      -4.440892098501E-15)),(#5165,PARAMETER_VALUE(0.35)),.T.,
  .PARAMETER.);
#5160 = LINE('',#5161,#5162);
#5161 = CARTESIAN_POINT('',(-1.2,-0.495,2.059062853009));
#5162 = VECTOR('',#5163,1.);
#5163 = DIRECTION('',(-1.,-7.971189900216E-44,2.438091212181E-29));
#5164 = CARTESIAN_POINT('',(-1.2,-0.495,2.059062853009));
#5165 = CARTESIAN_POINT('',(-1.55,-0.495,2.059062853009));
#5166 = GEOMETRIC_CURVE_SET('',(#5167));
#5167 = TRIMMED_CURVE('',#5168,(#5172,PARAMETER_VALUE(0.6)),(#5173,
    PARAMETER_VALUE(3.)),.T.,.PARAMETER.);
#5168 = LINE('',#5169,#5170);
#5169 = CARTESIAN_POINT('',(-1.2,0.105,2.059062853009));
#5170 = VECTOR('',#5171,1.);
#5171 = DIRECTION('',(7.085009279629E-15,-1.,2.22044604925E-16));
#5172 = CARTESIAN_POINT('',(-1.2,-0.495,2.059062853009));
#5173 = CARTESIAN_POINT('',(-1.2,-2.895,2.059062853009));
#5174 = GEOMETRIC_CURVE_SET('',(#5175));
#5175 = TRIMMED_CURVE('',#5176,(#5180,PARAMETER_VALUE(-0.35)),(#5181,
    PARAMETER_VALUE(1.709743457923E-14)),.T.,.PARAMETER.);
#5176 = LINE('',#5177,#5178);
#5177 = CARTESIAN_POINT('',(-1.2,-2.895,2.059062853009));
#5178 = VECTOR('',#5179,1.);
#5179 = DIRECTION('',(1.,7.971189900216E-44,-2.438091212181E-29));
#5180 = CARTESIAN_POINT('',(-1.55,-2.895,2.059062853009));
#5181 = CARTESIAN_POINT('',(-1.2,-2.895,2.059062853009));
#5182 = GEOMETRIC_CURVE_SET('',(#5183));
#5183 = TRIMMED_CURVE('',#5184,(#5188,PARAMETER_VALUE(4.218847493576E-15
      )),(#5189,PARAMETER_VALUE(0.35)),.T.,.PARAMETER.);
#5184 = LINE('',#5185,#5186);
#5185 = CARTESIAN_POINT('',(-1.55,-0.495,1.459062853009));
#5186 = VECTOR('',#5187,1.);
#5187 = DIRECTION('',(1.,6.982966722219E-15,-1.55053008704E-30));
#5188 = CARTESIAN_POINT('',(-1.55,-0.495,1.459062853009));
#5189 = CARTESIAN_POINT('',(-1.2,-0.495,1.459062853009));
#5190 = GEOMETRIC_CURVE_SET('',(#5191));
#5191 = TRIMMED_CURVE('',#5192,(#5196,PARAMETER_VALUE(-1.1)),(#5197,
    PARAMETER_VALUE(-0.5)),.T.,.PARAMETER.);
#5192 = LINE('',#5193,#5194);
#5193 = CARTESIAN_POINT('',(-1.2,-0.495,2.559062853009));
#5194 = VECTOR('',#5195,1.);
#5195 = DIRECTION('',(-3.562798913235E-31,2.22044604925E-16,1.));
#5196 = CARTESIAN_POINT('',(-1.2,-0.495,1.459062853009));
#5197 = CARTESIAN_POINT('',(-1.2,-0.495,2.059062853009));
#5198 = GEOMETRIC_CURVE_SET('',(#5199));
#5199 = TRIMMED_CURVE('',#5200,(#5204,PARAMETER_VALUE(
      -4.440892098501E-15)),(#5205,PARAMETER_VALUE(0.35)),.T.,
  .PARAMETER.);
#5200 = LINE('',#5201,#5202);
#5201 = CARTESIAN_POINT('',(-1.2,-0.495,2.059062853009));
#5202 = VECTOR('',#5203,1.);
#5203 = DIRECTION('',(-1.,-7.971189900216E-44,2.438091212181E-29));
#5204 = CARTESIAN_POINT('',(-1.2,-0.495,2.059062853009));
#5205 = CARTESIAN_POINT('',(-1.55,-0.495,2.059062853009));
#5206 = GEOMETRIC_CURVE_SET('',(#5207));
#5207 = TRIMMED_CURVE('',#5208,(#5212,PARAMETER_VALUE(2.22044604925E-15)
    ),(#5213,PARAMETER_VALUE(0.6)),.T.,.PARAMETER.);
#5208 = LINE('',#5209,#5210);
#5209 = CARTESIAN_POINT('',(-1.55,-0.495,2.059062853009));
#5210 = VECTOR('',#5211,1.);
#5211 = DIRECTION('',(-2.438091212181E-29,3.269438756184E-15,-1.));
#5212 = CARTESIAN_POINT('',(-1.55,-0.495,2.059062853009));
#5213 = CARTESIAN_POINT('',(-1.55,-0.495,1.459062853009));
#5214 = GEOMETRIC_CURVE_SET('',(#5215));
#5215 = TRIMMED_CURVE('',#5216,(#5220,PARAMETER_VALUE(-3.)),(#5221,
    PARAMETER_VALUE(-0.6)),.T.,.PARAMETER.);
#5216 = LINE('',#5217,#5218);
#5217 = CARTESIAN_POINT('',(-1.2,0.105,1.459062853009));
#5218 = VECTOR('',#5219,1.);
#5219 = DIRECTION('',(-7.085009279629E-15,1.,-2.22044604925E-16));
#5220 = CARTESIAN_POINT('',(-1.2,-2.895,1.459062853009));
#5221 = CARTESIAN_POINT('',(-1.2,-0.495,1.459062853009));
#5222 = GEOMETRIC_CURVE_SET('',(#5223));
#5223 = TRIMMED_CURVE('',#5224,(#5228,PARAMETER_VALUE(4.218847493576E-15
      )),(#5229,PARAMETER_VALUE(0.35)),.T.,.PARAMETER.);
#5224 = LINE('',#5225,#5226);
#5225 = CARTESIAN_POINT('',(-1.55,-0.495,1.459062853009));
#5226 = VECTOR('',#5227,1.);
#5227 = DIRECTION('',(1.,6.982966722219E-15,-1.55053008704E-30));
#5228 = CARTESIAN_POINT('',(-1.55,-0.495,1.459062853009));
#5229 = CARTESIAN_POINT('',(-1.2,-0.495,1.459062853009));
#5230 = GEOMETRIC_CURVE_SET('',(#5231));
#5231 = TRIMMED_CURVE('',#5232,(#5236,PARAMETER_VALUE(-2.4)),(#5237,
    PARAMETER_VALUE(-3.10862446895E-15)),.T.,.PARAMETER.);
#5232 = LINE('',#5233,#5234);
#5233 = CARTESIAN_POINT('',(-1.55,-0.495,1.459062853009));
#5234 = VECTOR('',#5235,1.);
#5235 = DIRECTION('',(0.,1.,3.269438756184E-15));
#5236 = CARTESIAN_POINT('',(-1.55,-2.895,1.459062853009));
#5237 = CARTESIAN_POINT('',(-1.55,-0.495,1.459062853009));
#5238 = GEOMETRIC_CURVE_SET('',(#5239));
#5239 = TRIMMED_CURVE('',#5240,(#5244,PARAMETER_VALUE(
      -1.287858708565E-14)),(#5245,PARAMETER_VALUE(0.35)),.T.,
  .PARAMETER.);
#5240 = LINE('',#5241,#5242);
#5241 = CARTESIAN_POINT('',(-1.2,-2.895,1.459062853009));
#5242 = VECTOR('',#5243,1.);
#5243 = DIRECTION('',(-1.,2.025561487008E-30,-6.195440985631E-16));
#5244 = CARTESIAN_POINT('',(-1.2,-2.895,1.459062853009));
#5245 = CARTESIAN_POINT('',(-1.55,-2.895,1.459062853009));
#5246 = GEOMETRIC_CURVE_SET('',(#5247));
#5247 = TRIMMED_CURVE('',#5248,(#5252,PARAMETER_VALUE(
      -2.997602166488E-15)),(#5253,PARAMETER_VALUE(0.2)),.T.,
  .PARAMETER.);
#5248 = LINE('',#5249,#5250);
#5249 = CARTESIAN_POINT('',(-0.6,-1.645,1.789062853009));
#5250 = VECTOR('',#5251,1.);
#5251 = DIRECTION('',(1.,3.832309463061E-17,5.158878123351E-16));
#5252 = CARTESIAN_POINT('',(-0.6,-1.645,1.789062853009));
#5253 = CARTESIAN_POINT('',(-0.4,-1.645,1.789062853009));
#5254 = GEOMETRIC_CURVE_SET('',(#5255));
#5255 = TRIMMED_CURVE('',#5256,(#5260,PARAMETER_VALUE(-1.754821928288)),
  (#5261,PARAMETER_VALUE(0.)),.T.,.PARAMETER.);
#5256 = LINE('',#5257,#5258);
#5257 = CARTESIAN_POINT('',(-0.6,-1.645,1.789062853009));
#5258 = VECTOR('',#5259,1.);
#5259 = DIRECTION('',(0.,-0.997252183706,7.408159078957E-02));
#5260 = CARTESIAN_POINT('',(-0.6,0.105,1.659062853009));
#5261 = CARTESIAN_POINT('',(-0.6,-1.645,1.789062853009));
#5262 = GEOMETRIC_CURVE_SET('',(#5263));
#5263 = TRIMMED_CURVE('',#5264,(#5268,PARAMETER_VALUE(1.6)),(#5269,
    PARAMETER_VALUE(1.8)),.T.,.PARAMETER.);
#5264 = LINE('',#5265,#5266);
#5265 = CARTESIAN_POINT('',(1.2,0.105,1.659062853009));
#5266 = VECTOR('',#5267,1.);
#5267 = DIRECTION('',(-1.,-6.982966722219E-15,1.55053008704E-30));
#5268 = CARTESIAN_POINT('',(-0.4,0.105,1.659062853009));
#5269 = CARTESIAN_POINT('',(-0.6,0.105,1.659062853009));
#5270 = GEOMETRIC_CURVE_SET('',(#5271));
#5271 = TRIMMED_CURVE('',#5272,(#5276,PARAMETER_VALUE(8.857378685664E-16
      )),(#5277,PARAMETER_VALUE(1.754821928288)),.T.,.PARAMETER.);
#5272 = LINE('',#5273,#5274);
#5273 = CARTESIAN_POINT('',(-0.4,-1.645,1.789062853009));
#5274 = VECTOR('',#5275,1.);
#5275 = DIRECTION('',(-0.,0.997252183706,-7.408159078957E-02));
#5276 = CARTESIAN_POINT('',(-0.4,-1.645,1.789062853009));
#5277 = CARTESIAN_POINT('',(-0.4,0.105,1.659062853009));
#5278 = GEOMETRIC_CURVE_SET('',(#5279));
#5279 = TRIMMED_CURVE('',#5280,(#5284,PARAMETER_VALUE(
      -2.997602166488E-15)),(#5285,PARAMETER_VALUE(0.2)),.T.,
  .PARAMETER.);
#5280 = LINE('',#5281,#5282);
#5281 = CARTESIAN_POINT('',(0.4,-1.645,1.789062853009));
#5282 = VECTOR('',#5283,1.);
#5283 = DIRECTION('',(1.,3.832309463061E-17,5.158878123351E-16));
#5284 = CARTESIAN_POINT('',(0.4,-1.645,1.789062853009));
#5285 = CARTESIAN_POINT('',(0.6,-1.645,1.789062853009));
#5286 = GEOMETRIC_CURVE_SET('',(#5287));
#5287 = TRIMMED_CURVE('',#5288,(#5292,PARAMETER_VALUE(-1.754821928288)),
  (#5293,PARAMETER_VALUE(-4.428689342832E-16)),.T.,.PARAMETER.);
#5288 = LINE('',#5289,#5290);
#5289 = CARTESIAN_POINT('',(0.4,-1.645,1.789062853009));
#5290 = VECTOR('',#5291,1.);
#5291 = DIRECTION('',(0.,-0.997252183706,7.408159078957E-02));
#5292 = CARTESIAN_POINT('',(0.4,0.105,1.659062853009));
#5293 = CARTESIAN_POINT('',(0.4,-1.645,1.789062853009));
#5294 = GEOMETRIC_CURVE_SET('',(#5295));
#5295 = TRIMMED_CURVE('',#5296,(#5300,PARAMETER_VALUE(0.6)),(#5301,
    PARAMETER_VALUE(0.8)),.T.,.PARAMETER.);
#5296 = LINE('',#5297,#5298);
#5297 = CARTESIAN_POINT('',(1.2,0.105,1.659062853009));
#5298 = VECTOR('',#5299,1.);
#5299 = DIRECTION('',(-1.,-6.982966722219E-15,1.55053008704E-30));
#5300 = CARTESIAN_POINT('',(0.6,0.105,1.659062853009));
#5301 = CARTESIAN_POINT('',(0.4,0.105,1.659062853009));
#5302 = GEOMETRIC_CURVE_SET('',(#5303));
#5303 = TRIMMED_CURVE('',#5304,(#5308,PARAMETER_VALUE(1.32860680285E-15)
    ),(#5309,PARAMETER_VALUE(1.754821928288)),.T.,.PARAMETER.);
#5304 = LINE('',#5305,#5306);
#5305 = CARTESIAN_POINT('',(0.6,-1.645,1.789062853009));
#5306 = VECTOR('',#5307,1.);
#5307 = DIRECTION('',(-0.,0.997252183706,-7.408159078957E-02));
#5308 = CARTESIAN_POINT('',(0.6,-1.645,1.789062853009));
#5309 = CARTESIAN_POINT('',(0.6,0.105,1.659062853009));
#5310 = GEOMETRIC_CURVE_SET('',(#5311));
#5311 = TRIMMED_CURVE('',#5312,(#5316,PARAMETER_VALUE(-0.6)),(#5317,
    PARAMETER_VALUE(-1.503090526521E-45)),.T.,.PARAMETER.);
#5312 = LINE('',#5313,#5314);
#5313 = CARTESIAN_POINT('',(1.55,-0.495,2.059062853009));
#5314 = VECTOR('',#5315,1.);
#5315 = DIRECTION('',(-3.562798913235E-31,2.22044604925E-16,1.));
#5316 = CARTESIAN_POINT('',(1.55,-0.495,1.459062853009));
#5317 = CARTESIAN_POINT('',(1.55,-0.495,2.059062853009));
#5318 = GEOMETRIC_CURVE_SET('',(#5319));
#5319 = TRIMMED_CURVE('',#5320,(#5324,PARAMETER_VALUE(-0.35)),(#5325,
    PARAMETER_VALUE(4.440892098501E-16)),.T.,.PARAMETER.);
#5320 = LINE('',#5321,#5322);
#5321 = CARTESIAN_POINT('',(1.2,-0.495,2.059062853009));
#5322 = VECTOR('',#5323,1.);
#5323 = DIRECTION('',(-1.,-6.982966722219E-15,1.55053008704E-30));
#5324 = CARTESIAN_POINT('',(1.55,-0.495,2.059062853009));
#5325 = CARTESIAN_POINT('',(1.2,-0.495,2.059062853009));
#5326 = GEOMETRIC_CURVE_SET('',(#5327));
#5327 = TRIMMED_CURVE('',#5328,(#5332,PARAMETER_VALUE(0.5)),(#5333,
    PARAMETER_VALUE(1.1)),.T.,.PARAMETER.);
#5328 = LINE('',#5329,#5330);
#5329 = CARTESIAN_POINT('',(1.2,-0.495,2.559062853009));
#5330 = VECTOR('',#5331,1.);
#5331 = DIRECTION('',(2.06514699521E-16,-2.22044604925E-16,-1.));
#5332 = CARTESIAN_POINT('',(1.2,-0.495,2.059062853009));
#5333 = CARTESIAN_POINT('',(1.2,-0.495,1.459062853009));
#5334 = GEOMETRIC_CURVE_SET('',(#5335));
#5335 = TRIMMED_CURVE('',#5336,(#5340,PARAMETER_VALUE(8.437694987151E-15
      )),(#5341,PARAMETER_VALUE(0.35)),.T.,.PARAMETER.);
#5336 = LINE('',#5337,#5338);
#5337 = CARTESIAN_POINT('',(1.2,-0.495,1.459062853009));
#5338 = VECTOR('',#5339,1.);
#5339 = DIRECTION('',(1.,6.982966722219E-15,-1.55053008704E-30));
#5340 = CARTESIAN_POINT('',(1.2,-0.495,1.459062853009));
#5341 = CARTESIAN_POINT('',(1.55,-0.495,1.459062853009));
#5342 = GEOMETRIC_CURVE_SET('',(#5343));
#5343 = TRIMMED_CURVE('',#5344,(#5348,PARAMETER_VALUE(-3.)),(#5349,
    PARAMETER_VALUE(-0.6)),.T.,.PARAMETER.);
#5344 = LINE('',#5345,#5346);
#5345 = CARTESIAN_POINT('',(1.2,0.105,2.059062853009));
#5346 = VECTOR('',#5347,1.);
#5347 = DIRECTION('',(-7.085009279629E-15,1.,-2.22044604925E-16));
#5348 = CARTESIAN_POINT('',(1.2,-2.895,2.059062853009));
#5349 = CARTESIAN_POINT('',(1.2,-0.495,2.059062853009));
#5350 = GEOMETRIC_CURVE_SET('',(#5351));
#5351 = TRIMMED_CURVE('',#5352,(#5356,PARAMETER_VALUE(-0.35)),(#5357,
    PARAMETER_VALUE(4.440892098501E-16)),.T.,.PARAMETER.);
#5352 = LINE('',#5353,#5354);
#5353 = CARTESIAN_POINT('',(1.2,-0.495,2.059062853009));
#5354 = VECTOR('',#5355,1.);
#5355 = DIRECTION('',(-1.,-6.982966722219E-15,1.55053008704E-30));
#5356 = CARTESIAN_POINT('',(1.55,-0.495,2.059062853009));
#5357 = CARTESIAN_POINT('',(1.2,-0.495,2.059062853009));
#5358 = GEOMETRIC_CURVE_SET('',(#5359));
#5359 = TRIMMED_CURVE('',#5360,(#5364,PARAMETER_VALUE(-2.4)),(#5365,
    PARAMETER_VALUE(3.10862446895E-15)),.T.,.PARAMETER.);
#5360 = LINE('',#5361,#5362);
#5361 = CARTESIAN_POINT('',(1.55,-0.495,2.059062853009));
#5362 = VECTOR('',#5363,1.);
#5363 = DIRECTION('',(0.,1.,3.269438756184E-15));
#5364 = CARTESIAN_POINT('',(1.55,-2.895,2.059062853009));
#5365 = CARTESIAN_POINT('',(1.55,-0.495,2.059062853009));
#5366 = GEOMETRIC_CURVE_SET('',(#5367));
#5367 = TRIMMED_CURVE('',#5368,(#5372,PARAMETER_VALUE(1.265654248073E-14
      )),(#5373,PARAMETER_VALUE(0.35)),.T.,.PARAMETER.);
#5368 = LINE('',#5369,#5370);
#5369 = CARTESIAN_POINT('',(1.2,-2.895,2.059062853009));
#5370 = VECTOR('',#5371,1.);
#5371 = DIRECTION('',(1.,7.971189900216E-44,-2.438091212181E-29));
#5372 = CARTESIAN_POINT('',(1.2,-2.895,2.059062853009));
#5373 = CARTESIAN_POINT('',(1.55,-2.895,2.059062853009));
#5374 = GEOMETRIC_CURVE_SET('',(#5375));
#5375 = TRIMMED_CURVE('',#5376,(#5380,PARAMETER_VALUE(
      -1.998401444325E-15)),(#5381,PARAMETER_VALUE(2.4)),.T.,
  .PARAMETER.);
#5376 = LINE('',#5377,#5378);
#5377 = CARTESIAN_POINT('',(1.55,-0.495,1.459062853009));
#5378 = VECTOR('',#5379,1.);
#5379 = DIRECTION('',(0.,-1.,-3.269438756184E-15));
#5380 = CARTESIAN_POINT('',(1.55,-0.495,1.459062853009));
#5381 = CARTESIAN_POINT('',(1.55,-2.895,1.459062853009));
#5382 = GEOMETRIC_CURVE_SET('',(#5383));
#5383 = TRIMMED_CURVE('',#5384,(#5388,PARAMETER_VALUE(8.437694987151E-15
      )),(#5389,PARAMETER_VALUE(0.35)),.T.,.PARAMETER.);
#5384 = LINE('',#5385,#5386);
#5385 = CARTESIAN_POINT('',(1.2,-0.495,1.459062853009));
#5386 = VECTOR('',#5387,1.);
#5387 = DIRECTION('',(1.,6.982966722219E-15,-1.55053008704E-30));
#5388 = CARTESIAN_POINT('',(1.2,-0.495,1.459062853009));
#5389 = CARTESIAN_POINT('',(1.55,-0.495,1.459062853009));
#5390 = GEOMETRIC_CURVE_SET('',(#5391));
#5391 = TRIMMED_CURVE('',#5392,(#5396,PARAMETER_VALUE(0.6)),(#5397,
    PARAMETER_VALUE(3.)),.T.,.PARAMETER.);
#5392 = LINE('',#5393,#5394);
#5393 = CARTESIAN_POINT('',(1.2,0.105,1.459062853009));
#5394 = VECTOR('',#5395,1.);
#5395 = DIRECTION('',(7.085009279629E-15,-1.,2.22044604925E-16));
#5396 = CARTESIAN_POINT('',(1.2,-0.495,1.459062853009));
#5397 = CARTESIAN_POINT('',(1.2,-2.895,1.459062853009));
#5398 = GEOMETRIC_CURVE_SET('',(#5399));
#5399 = TRIMMED_CURVE('',#5400,(#5404,PARAMETER_VALUE(-0.35)),(#5405,
    PARAMETER_VALUE(-1.731947918415E-14)),.T.,.PARAMETER.);
#5400 = LINE('',#5401,#5402);
#5401 = CARTESIAN_POINT('',(1.2,-2.895,1.459062853009));
#5402 = VECTOR('',#5403,1.);
#5403 = DIRECTION('',(-1.,-7.971189900216E-44,2.438091212181E-29));
#5404 = CARTESIAN_POINT('',(1.55,-2.895,1.459062853009));
#5405 = CARTESIAN_POINT('',(1.2,-2.895,1.459062853009));
#5406 = GEOMETRIC_CURVE_SET('',(#5407));
#5407 = TRIMMED_CURVE('',#5408,(#5412,PARAMETER_VALUE(-2.4)),(#5413,
    PARAMETER_VALUE(-3.10862446895E-15)),.T.,.PARAMETER.);
#5408 = LINE('',#5409,#5410);
#5409 = CARTESIAN_POINT('',(-1.55,-0.495,1.459062853009));
#5410 = VECTOR('',#5411,1.);
#5411 = DIRECTION('',(0.,1.,3.269438756184E-15));
#5412 = CARTESIAN_POINT('',(-1.55,-2.895,1.459062853009));
#5413 = CARTESIAN_POINT('',(-1.55,-0.495,1.459062853009));
#5414 = GEOMETRIC_CURVE_SET('',(#5415));
#5415 = TRIMMED_CURVE('',#5416,(#5420,PARAMETER_VALUE(2.22044604925E-15)
    ),(#5421,PARAMETER_VALUE(0.6)),.T.,.PARAMETER.);
#5416 = LINE('',#5417,#5418);
#5417 = CARTESIAN_POINT('',(-1.55,-0.495,2.059062853009));
#5418 = VECTOR('',#5419,1.);
#5419 = DIRECTION('',(-2.438091212181E-29,3.269438756184E-15,-1.));
#5420 = CARTESIAN_POINT('',(-1.55,-0.495,2.059062853009));
#5421 = CARTESIAN_POINT('',(-1.55,-0.495,1.459062853009));
#5422 = GEOMETRIC_CURVE_SET('',(#5423));
#5423 = TRIMMED_CURVE('',#5424,(#5428,PARAMETER_VALUE(1.554312234475E-15
      )),(#5429,PARAMETER_VALUE(2.4)),.T.,.PARAMETER.);
#5424 = LINE('',#5425,#5426);
#5425 = CARTESIAN_POINT('',(-1.55,-0.495,2.059062853009));
#5426 = VECTOR('',#5427,1.);
#5427 = DIRECTION('',(0.,-1.,-3.269438756184E-15));
#5428 = CARTESIAN_POINT('',(-1.55,-0.495,2.059062853009));
#5429 = CARTESIAN_POINT('',(-1.55,-2.895,2.059062853009));
#5430 = GEOMETRIC_CURVE_SET('',(#5431));
#5431 = TRIMMED_CURVE('',#5432,(#5436,PARAMETER_VALUE(-0.6)),(#5437,
    PARAMETER_VALUE(-8.437694987151E-15)),.T.,.PARAMETER.);
#5432 = LINE('',#5433,#5434);
#5433 = CARTESIAN_POINT('',(-1.55,-2.895,2.059062853009));
#5434 = VECTOR('',#5435,1.);
#5435 = DIRECTION('',(-3.562798913235E-31,2.22044604925E-16,1.));
#5436 = CARTESIAN_POINT('',(-1.55,-2.895,1.459062853009));
#5437 = CARTESIAN_POINT('',(-1.55,-2.895,2.059062853009));
#5438 = GEOMETRIC_CURVE_SET('',(#5439));
#5439 = TRIMMED_CURVE('',#5440,(#5444,PARAMETER_VALUE(-2.45)),(#5445,
    PARAMETER_VALUE(-0.7)),.T.,.PARAMETER.);
#5440 = LINE('',#5441,#5442);
#5441 = CARTESIAN_POINT('',(-0.4,0.805,2.139062853009));
#5442 = VECTOR('',#5443,1.);
#5443 = DIRECTION('',(-6.982966722219E-15,1.,-2.22044604925E-16));
#5444 = CARTESIAN_POINT('',(-0.4,-1.645,2.139062853009));
#5445 = CARTESIAN_POINT('',(-0.4,0.105,2.139062853009));
#5446 = GEOMETRIC_CURVE_SET('',(#5447));
#5447 = TRIMMED_CURVE('',#5448,(#5452,PARAMETER_VALUE(1.64)),(#5453,
    PARAMETER_VALUE(1.99)),.T.,.PARAMETER.);
#5448 = LINE('',#5449,#5450);
#5449 = CARTESIAN_POINT('',(-0.4,-1.645,0.149062853009));
#5450 = VECTOR('',#5451,1.);
#5451 = DIRECTION('',(-5.605193857299E-45,2.22044604925E-16,1.));
#5452 = CARTESIAN_POINT('',(-0.4,-1.645,1.789062853009));
#5453 = CARTESIAN_POINT('',(-0.4,-1.645,2.139062853009));
#5454 = GEOMETRIC_CURVE_SET('',(#5455));
#5455 = TRIMMED_CURVE('',#5456,(#5460,PARAMETER_VALUE(8.857378685664E-16
      )),(#5461,PARAMETER_VALUE(1.754821928288)),.T.,.PARAMETER.);
#5456 = LINE('',#5457,#5458);
#5457 = CARTESIAN_POINT('',(-0.4,-1.645,1.789062853009));
#5458 = VECTOR('',#5459,1.);
#5459 = DIRECTION('',(-0.,0.997252183706,-7.408159078957E-02));
#5460 = CARTESIAN_POINT('',(-0.4,-1.645,1.789062853009));
#5461 = CARTESIAN_POINT('',(-0.4,0.105,1.659062853009));
#5462 = GEOMETRIC_CURVE_SET('',(#5463));
#5463 = TRIMMED_CURVE('',#5464,(#5468,PARAMETER_VALUE(-1.99)),(#5469,
    PARAMETER_VALUE(-1.51)),.T.,.PARAMETER.);
#5464 = LINE('',#5465,#5466);
#5465 = CARTESIAN_POINT('',(-0.4,0.105,0.149062853009));
#5466 = VECTOR('',#5467,1.);
#5467 = DIRECTION('',(5.605193857299E-45,-2.22044604925E-16,-1.));
#5468 = CARTESIAN_POINT('',(-0.4,0.105,2.139062853009));
#5469 = CARTESIAN_POINT('',(-0.4,0.105,1.659062853009));
#5470 = GEOMETRIC_CURVE_SET('',(#5471));
#5471 = TRIMMED_CURVE('',#5472,(#5476,PARAMETER_VALUE(6.202120348159E-30
      )),(#5477,PARAMETER_VALUE(0.2)),.T.,.PARAMETER.);
#5472 = LINE('',#5473,#5474);
#5473 = CARTESIAN_POINT('',(-0.6,-1.645,2.139062853009));
#5474 = VECTOR('',#5475,1.);
#5475 = DIRECTION('',(1.,6.982966722219E-15,-1.55053008704E-30));
#5476 = CARTESIAN_POINT('',(-0.6,-1.645,2.139062853009));
#5477 = CARTESIAN_POINT('',(-0.4,-1.645,2.139062853009));
#5478 = GEOMETRIC_CURVE_SET('',(#5479));
#5479 = TRIMMED_CURVE('',#5480,(#5484,PARAMETER_VALUE(-0.35)),(#5485,
    PARAMETER_VALUE(-3.101060174079E-30)),.T.,.PARAMETER.);
#5480 = LINE('',#5481,#5482);
#5481 = CARTESIAN_POINT('',(-0.6,-1.645,2.139062853009));
#5482 = VECTOR('',#5483,1.);
#5483 = DIRECTION('',(2.438091212181E-29,-3.269438756184E-15,1.));
#5484 = CARTESIAN_POINT('',(-0.6,-1.645,1.789062853009));
#5485 = CARTESIAN_POINT('',(-0.6,-1.645,2.139062853009));
#5486 = GEOMETRIC_CURVE_SET('',(#5487));
#5487 = TRIMMED_CURVE('',#5488,(#5492,PARAMETER_VALUE(
      -2.997602166488E-15)),(#5493,PARAMETER_VALUE(0.2)),.T.,
  .PARAMETER.);
#5488 = LINE('',#5489,#5490);
#5489 = CARTESIAN_POINT('',(-0.6,-1.645,1.789062853009));
#5490 = VECTOR('',#5491,1.);
#5491 = DIRECTION('',(1.,3.832309463061E-17,5.158878123351E-16));
#5492 = CARTESIAN_POINT('',(-0.6,-1.645,1.789062853009));
#5493 = CARTESIAN_POINT('',(-0.4,-1.645,1.789062853009));
#5494 = GEOMETRIC_CURVE_SET('',(#5495));
#5495 = TRIMMED_CURVE('',#5496,(#5500,PARAMETER_VALUE(1.64)),(#5501,
    PARAMETER_VALUE(1.99)),.T.,.PARAMETER.);
#5496 = LINE('',#5497,#5498);
#5497 = CARTESIAN_POINT('',(-0.4,-1.645,0.149062853009));
#5498 = VECTOR('',#5499,1.);
#5499 = DIRECTION('',(-5.605193857299E-45,2.22044604925E-16,1.));
#5500 = CARTESIAN_POINT('',(-0.4,-1.645,1.789062853009));
#5501 = CARTESIAN_POINT('',(-0.4,-1.645,2.139062853009));
#5502 = GEOMETRIC_CURVE_SET('',(#5503));
#5503 = TRIMMED_CURVE('',#5504,(#5508,PARAMETER_VALUE(-1.754821928288)),
  (#5509,PARAMETER_VALUE(0.)),.T.,.PARAMETER.);
#5504 = LINE('',#5505,#5506);
#5505 = CARTESIAN_POINT('',(-0.6,-1.645,1.789062853009));
#5506 = VECTOR('',#5507,1.);
#5507 = DIRECTION('',(0.,-0.997252183706,7.408159078957E-02));
#5508 = CARTESIAN_POINT('',(-0.6,0.105,1.659062853009));
#5509 = CARTESIAN_POINT('',(-0.6,-1.645,1.789062853009));
#5510 = GEOMETRIC_CURVE_SET('',(#5511));
#5511 = TRIMMED_CURVE('',#5512,(#5516,PARAMETER_VALUE(-0.35)),(#5517,
    PARAMETER_VALUE(-3.101060174079E-30)),.T.,.PARAMETER.);
#5512 = LINE('',#5513,#5514);
#5513 = CARTESIAN_POINT('',(-0.6,-1.645,2.139062853009));
#5514 = VECTOR('',#5515,1.);
#5515 = DIRECTION('',(2.438091212181E-29,-3.269438756184E-15,1.));
#5516 = CARTESIAN_POINT('',(-0.6,-1.645,1.789062853009));
#5517 = CARTESIAN_POINT('',(-0.6,-1.645,2.139062853009));
#5518 = GEOMETRIC_CURVE_SET('',(#5519));
#5519 = TRIMMED_CURVE('',#5520,(#5524,PARAMETER_VALUE(-2.45)),(#5525,
    PARAMETER_VALUE(-0.7)),.T.,.PARAMETER.);
#5520 = LINE('',#5521,#5522);
#5521 = CARTESIAN_POINT('',(-0.6,0.805,2.139062853009));
#5522 = VECTOR('',#5523,1.);
#5523 = DIRECTION('',(-6.982966722219E-15,1.,-2.22044604925E-16));
#5524 = CARTESIAN_POINT('',(-0.6,-1.645,2.139062853009));
#5525 = CARTESIAN_POINT('',(-0.6,0.105,2.139062853009));
#5526 = GEOMETRIC_CURVE_SET('',(#5527));
#5527 = TRIMMED_CURVE('',#5528,(#5532,PARAMETER_VALUE(-1.99)),(#5533,
    PARAMETER_VALUE(-1.51)),.T.,.PARAMETER.);
#5528 = LINE('',#5529,#5530);
#5529 = CARTESIAN_POINT('',(-0.6,0.105,0.149062853009));
#5530 = VECTOR('',#5531,1.);
#5531 = DIRECTION('',(5.605193857299E-45,-2.22044604925E-16,-1.));
#5532 = CARTESIAN_POINT('',(-0.6,0.105,2.139062853009));
#5533 = CARTESIAN_POINT('',(-0.6,0.105,1.659062853009));
#5534 = GEOMETRIC_CURVE_SET('',(#5535));
#5535 = TRIMMED_CURVE('',#5536,(#5540,PARAMETER_VALUE(-2.45)),(#5541,
    PARAMETER_VALUE(-0.7)),.T.,.PARAMETER.);
#5536 = LINE('',#5537,#5538);
#5537 = CARTESIAN_POINT('',(0.6,0.805,2.139062853009));
#5538 = VECTOR('',#5539,1.);
#5539 = DIRECTION('',(-6.982966722219E-15,1.,-2.22044604925E-16));
#5540 = CARTESIAN_POINT('',(0.6,-1.645,2.139062853009));
#5541 = CARTESIAN_POINT('',(0.6,0.105,2.139062853009));
#5542 = GEOMETRIC_CURVE_SET('',(#5543));
#5543 = TRIMMED_CURVE('',#5544,(#5548,PARAMETER_VALUE(1.64)),(#5549,
    PARAMETER_VALUE(1.99)),.T.,.PARAMETER.);
#5544 = LINE('',#5545,#5546);
#5545 = CARTESIAN_POINT('',(0.6,-1.645,0.149062853009));
#5546 = VECTOR('',#5547,1.);
#5547 = DIRECTION('',(-5.605193857299E-45,2.22044604925E-16,1.));
#5548 = CARTESIAN_POINT('',(0.6,-1.645,1.789062853009));
#5549 = CARTESIAN_POINT('',(0.6,-1.645,2.139062853009));
#5550 = GEOMETRIC_CURVE_SET('',(#5551));
#5551 = TRIMMED_CURVE('',#5552,(#5556,PARAMETER_VALUE(1.32860680285E-15)
    ),(#5557,PARAMETER_VALUE(1.754821928288)),.T.,.PARAMETER.);
#5552 = LINE('',#5553,#5554);
#5553 = CARTESIAN_POINT('',(0.6,-1.645,1.789062853009));
#5554 = VECTOR('',#5555,1.);
#5555 = DIRECTION('',(-0.,0.997252183706,-7.408159078957E-02));
#5556 = CARTESIAN_POINT('',(0.6,-1.645,1.789062853009));
#5557 = CARTESIAN_POINT('',(0.6,0.105,1.659062853009));
#5558 = GEOMETRIC_CURVE_SET('',(#5559));
#5559 = TRIMMED_CURVE('',#5560,(#5564,PARAMETER_VALUE(-1.99)),(#5565,
    PARAMETER_VALUE(-1.51)),.T.,.PARAMETER.);
#5560 = LINE('',#5561,#5562);
#5561 = CARTESIAN_POINT('',(0.6,0.105,0.149062853009));
#5562 = VECTOR('',#5563,1.);
#5563 = DIRECTION('',(5.605193857299E-45,-2.22044604925E-16,-1.));
#5564 = CARTESIAN_POINT('',(0.6,0.105,2.139062853009));
#5565 = CARTESIAN_POINT('',(0.6,0.105,1.659062853009));
#5566 = GEOMETRIC_CURVE_SET('',(#5567));
#5567 = TRIMMED_CURVE('',#5568,(#5572,PARAMETER_VALUE(5.551115123126E-17
      )),(#5573,PARAMETER_VALUE(0.2)),.T.,.PARAMETER.);
#5568 = LINE('',#5569,#5570);
#5569 = CARTESIAN_POINT('',(0.4,-1.645,2.139062853009));
#5570 = VECTOR('',#5571,1.);
#5571 = DIRECTION('',(1.,6.982966722219E-15,-1.55053008704E-30));
#5572 = CARTESIAN_POINT('',(0.4,-1.645,2.139062853009));
#5573 = CARTESIAN_POINT('',(0.6,-1.645,2.139062853009));
#5574 = GEOMETRIC_CURVE_SET('',(#5575));
#5575 = TRIMMED_CURVE('',#5576,(#5580,PARAMETER_VALUE(-0.35)),(#5581,
    PARAMETER_VALUE(1.35341249995E-45)),.T.,.PARAMETER.);
#5576 = LINE('',#5577,#5578);
#5577 = CARTESIAN_POINT('',(0.4,-1.645,2.139062853009));
#5578 = VECTOR('',#5579,1.);
#5579 = DIRECTION('',(2.438091212181E-29,-3.269438756184E-15,1.));
#5580 = CARTESIAN_POINT('',(0.4,-1.645,1.789062853009));
#5581 = CARTESIAN_POINT('',(0.4,-1.645,2.139062853009));
#5582 = GEOMETRIC_CURVE_SET('',(#5583));
#5583 = TRIMMED_CURVE('',#5584,(#5588,PARAMETER_VALUE(
      -2.997602166488E-15)),(#5589,PARAMETER_VALUE(0.2)),.T.,
  .PARAMETER.);
#5584 = LINE('',#5585,#5586);
#5585 = CARTESIAN_POINT('',(0.4,-1.645,1.789062853009));
#5586 = VECTOR('',#5587,1.);
#5587 = DIRECTION('',(1.,3.832309463061E-17,5.158878123351E-16));
#5588 = CARTESIAN_POINT('',(0.4,-1.645,1.789062853009));
#5589 = CARTESIAN_POINT('',(0.6,-1.645,1.789062853009));
#5590 = GEOMETRIC_CURVE_SET('',(#5591));
#5591 = TRIMMED_CURVE('',#5592,(#5596,PARAMETER_VALUE(1.64)),(#5597,
    PARAMETER_VALUE(1.99)),.T.,.PARAMETER.);
#5592 = LINE('',#5593,#5594);
#5593 = CARTESIAN_POINT('',(0.6,-1.645,0.149062853009));
#5594 = VECTOR('',#5595,1.);
#5595 = DIRECTION('',(-5.605193857299E-45,2.22044604925E-16,1.));
#5596 = CARTESIAN_POINT('',(0.6,-1.645,1.789062853009));
#5597 = CARTESIAN_POINT('',(0.6,-1.645,2.139062853009));
#5598 = GEOMETRIC_CURVE_SET('',(#5599));
#5599 = TRIMMED_CURVE('',#5600,(#5604,PARAMETER_VALUE(-1.754821928288)),
  (#5605,PARAMETER_VALUE(-4.428689342832E-16)),.T.,.PARAMETER.);
#5600 = LINE('',#5601,#5602);
#5601 = CARTESIAN_POINT('',(0.4,-1.645,1.789062853009));
#5602 = VECTOR('',#5603,1.);
#5603 = DIRECTION('',(0.,-0.997252183706,7.408159078957E-02));
#5604 = CARTESIAN_POINT('',(0.4,0.105,1.659062853009));
#5605 = CARTESIAN_POINT('',(0.4,-1.645,1.789062853009));
#5606 = GEOMETRIC_CURVE_SET('',(#5607));
#5607 = TRIMMED_CURVE('',#5608,(#5612,PARAMETER_VALUE(-0.35)),(#5613,
    PARAMETER_VALUE(1.35341249995E-45)),.T.,.PARAMETER.);
#5608 = LINE('',#5609,#5610);
#5609 = CARTESIAN_POINT('',(0.4,-1.645,2.139062853009));
#5610 = VECTOR('',#5611,1.);
#5611 = DIRECTION('',(2.438091212181E-29,-3.269438756184E-15,1.));
#5612 = CARTESIAN_POINT('',(0.4,-1.645,1.789062853009));
#5613 = CARTESIAN_POINT('',(0.4,-1.645,2.139062853009));
#5614 = GEOMETRIC_CURVE_SET('',(#5615));
#5615 = TRIMMED_CURVE('',#5616,(#5620,PARAMETER_VALUE(-2.45)),(#5621,
    PARAMETER_VALUE(-0.7)),.T.,.PARAMETER.);
#5616 = LINE('',#5617,#5618);
#5617 = CARTESIAN_POINT('',(0.4,0.805,2.139062853009));
#5618 = VECTOR('',#5619,1.);
#5619 = DIRECTION('',(-6.982966722219E-15,1.,-2.22044604925E-16));
#5620 = CARTESIAN_POINT('',(0.4,-1.645,2.139062853009));
#5621 = CARTESIAN_POINT('',(0.4,0.105,2.139062853009));
#5622 = GEOMETRIC_CURVE_SET('',(#5623));
#5623 = TRIMMED_CURVE('',#5624,(#5628,PARAMETER_VALUE(-1.99)),(#5629,
    PARAMETER_VALUE(-1.51)),.T.,.PARAMETER.);
#5624 = LINE('',#5625,#5626);
#5625 = CARTESIAN_POINT('',(0.4,0.105,0.149062853009));
#5626 = VECTOR('',#5627,1.);
#5627 = DIRECTION('',(5.605193857299E-45,-2.22044604925E-16,-1.));
#5628 = CARTESIAN_POINT('',(0.4,0.105,2.139062853009));
#5629 = CARTESIAN_POINT('',(0.4,0.105,1.659062853009));
#5630 = GEOMETRIC_CURVE_SET('',(#5631));
#5631 = TRIMMED_CURVE('',#5632,(#5636,PARAMETER_VALUE(-2.4)),(#5637,
    PARAMETER_VALUE(3.10862446895E-15)),.T.,.PARAMETER.);
#5632 = LINE('',#5633,#5634);
#5633 = CARTESIAN_POINT('',(1.55,-0.495,2.059062853009));
#5634 = VECTOR('',#5635,1.);
#5635 = DIRECTION('',(0.,1.,3.269438756184E-15));
#5636 = CARTESIAN_POINT('',(1.55,-2.895,2.059062853009));
#5637 = CARTESIAN_POINT('',(1.55,-0.495,2.059062853009));
#5638 = GEOMETRIC_CURVE_SET('',(#5639));
#5639 = TRIMMED_CURVE('',#5640,(#5644,PARAMETER_VALUE(-0.6)),(#5645,
    PARAMETER_VALUE(-1.503090526521E-45)),.T.,.PARAMETER.);
#5640 = LINE('',#5641,#5642);
#5641 = CARTESIAN_POINT('',(1.55,-0.495,2.059062853009));
#5642 = VECTOR('',#5643,1.);
#5643 = DIRECTION('',(-3.562798913235E-31,2.22044604925E-16,1.));
#5644 = CARTESIAN_POINT('',(1.55,-0.495,1.459062853009));
#5645 = CARTESIAN_POINT('',(1.55,-0.495,2.059062853009));
#5646 = GEOMETRIC_CURVE_SET('',(#5647));
#5647 = TRIMMED_CURVE('',#5648,(#5652,PARAMETER_VALUE(
      -1.998401444325E-15)),(#5653,PARAMETER_VALUE(2.4)),.T.,
  .PARAMETER.);
#5648 = LINE('',#5649,#5650);
#5649 = CARTESIAN_POINT('',(1.55,-0.495,1.459062853009));
#5650 = VECTOR('',#5651,1.);
#5651 = DIRECTION('',(0.,-1.,-3.269438756184E-15));
#5652 = CARTESIAN_POINT('',(1.55,-0.495,1.459062853009));
#5653 = CARTESIAN_POINT('',(1.55,-2.895,1.459062853009));
#5654 = GEOMETRIC_CURVE_SET('',(#5655));
#5655 = TRIMMED_CURVE('',#5656,(#5660,PARAMETER_VALUE(4.440892098501E-15
      )),(#5661,PARAMETER_VALUE(0.6)),.T.,.PARAMETER.);
#5656 = LINE('',#5657,#5658);
#5657 = CARTESIAN_POINT('',(1.55,-2.895,2.059062853009));
#5658 = VECTOR('',#5659,1.);
#5659 = DIRECTION('',(3.562798913235E-31,-2.22044604925E-16,-1.));
#5660 = CARTESIAN_POINT('',(1.55,-2.895,2.059062853009));
#5661 = CARTESIAN_POINT('',(1.55,-2.895,1.459062853009));
#5662 = GEOMETRIC_CURVE_SET('',(#5663));
#5663 = TRIMMED_CURVE('',#5664,(#5668,PARAMETER_VALUE(-2.45)),(#5669,
    PARAMETER_VALUE(-0.7)),.T.,.PARAMETER.);
#5664 = LINE('',#5665,#5666);
#5665 = CARTESIAN_POINT('',(-0.6,0.805,2.139062853009));
#5666 = VECTOR('',#5667,1.);
#5667 = DIRECTION('',(-6.982966722219E-15,1.,-2.22044604925E-16));
#5668 = CARTESIAN_POINT('',(-0.6,-1.645,2.139062853009));
#5669 = CARTESIAN_POINT('',(-0.6,0.105,2.139062853009));
#5670 = GEOMETRIC_CURVE_SET('',(#5671));
#5671 = TRIMMED_CURVE('',#5672,(#5676,PARAMETER_VALUE(6.202120348159E-30
      )),(#5677,PARAMETER_VALUE(0.2)),.T.,.PARAMETER.);
#5672 = LINE('',#5673,#5674);
#5673 = CARTESIAN_POINT('',(-0.6,-1.645,2.139062853009));
#5674 = VECTOR('',#5675,1.);
#5675 = DIRECTION('',(1.,6.982966722219E-15,-1.55053008704E-30));
#5676 = CARTESIAN_POINT('',(-0.6,-1.645,2.139062853009));
#5677 = CARTESIAN_POINT('',(-0.4,-1.645,2.139062853009));
#5678 = GEOMETRIC_CURVE_SET('',(#5679));
#5679 = TRIMMED_CURVE('',#5680,(#5684,PARAMETER_VALUE(-2.45)),(#5685,
    PARAMETER_VALUE(-0.7)),.T.,.PARAMETER.);
#5680 = LINE('',#5681,#5682);
#5681 = CARTESIAN_POINT('',(-0.4,0.805,2.139062853009));
#5682 = VECTOR('',#5683,1.);
#5683 = DIRECTION('',(-6.982966722219E-15,1.,-2.22044604925E-16));
#5684 = CARTESIAN_POINT('',(-0.4,-1.645,2.139062853009));
#5685 = CARTESIAN_POINT('',(-0.4,0.105,2.139062853009));
#5686 = GEOMETRIC_CURVE_SET('',(#5687));
#5687 = TRIMMED_CURVE('',#5688,(#5692,PARAMETER_VALUE(
      -6.106226635438E-15)),(#5693,PARAMETER_VALUE(0.2)),.T.,
  .PARAMETER.);
#5688 = LINE('',#5689,#5690);
#5689 = CARTESIAN_POINT('',(-0.6,0.105,2.139062853009));
#5690 = VECTOR('',#5691,1.);
#5691 = DIRECTION('',(1.,8.828769342216E-44,-2.561698521415E-29));
#5692 = CARTESIAN_POINT('',(-0.6,0.105,2.139062853009));
#5693 = CARTESIAN_POINT('',(-0.4,0.105,2.139062853009));
#5694 = GEOMETRIC_CURVE_SET('',(#5695));
#5695 = TRIMMED_CURVE('',#5696,(#5700,PARAMETER_VALUE(-2.45)),(#5701,
    PARAMETER_VALUE(-0.7)),.T.,.PARAMETER.);
#5696 = LINE('',#5697,#5698);
#5697 = CARTESIAN_POINT('',(0.4,0.805,2.139062853009));
#5698 = VECTOR('',#5699,1.);
#5699 = DIRECTION('',(-6.982966722219E-15,1.,-2.22044604925E-16));
#5700 = CARTESIAN_POINT('',(0.4,-1.645,2.139062853009));
#5701 = CARTESIAN_POINT('',(0.4,0.105,2.139062853009));
#5702 = GEOMETRIC_CURVE_SET('',(#5703));
#5703 = TRIMMED_CURVE('',#5704,(#5708,PARAMETER_VALUE(5.551115123126E-17
      )),(#5709,PARAMETER_VALUE(0.2)),.T.,.PARAMETER.);
#5704 = LINE('',#5705,#5706);
#5705 = CARTESIAN_POINT('',(0.4,-1.645,2.139062853009));
#5706 = VECTOR('',#5707,1.);
#5707 = DIRECTION('',(1.,6.982966722219E-15,-1.55053008704E-30));
#5708 = CARTESIAN_POINT('',(0.4,-1.645,2.139062853009));
#5709 = CARTESIAN_POINT('',(0.6,-1.645,2.139062853009));
#5710 = GEOMETRIC_CURVE_SET('',(#5711));
#5711 = TRIMMED_CURVE('',#5712,(#5716,PARAMETER_VALUE(-2.45)),(#5717,
    PARAMETER_VALUE(-0.7)),.T.,.PARAMETER.);
#5712 = LINE('',#5713,#5714);
#5713 = CARTESIAN_POINT('',(0.6,0.805,2.139062853009));
#5714 = VECTOR('',#5715,1.);
#5715 = DIRECTION('',(-6.982966722219E-15,1.,-2.22044604925E-16));
#5716 = CARTESIAN_POINT('',(0.6,-1.645,2.139062853009));
#5717 = CARTESIAN_POINT('',(0.6,0.105,2.139062853009));
#5718 = GEOMETRIC_CURVE_SET('',(#5719));
#5719 = TRIMMED_CURVE('',#5720,(#5724,PARAMETER_VALUE(
      -6.106226635438E-15)),(#5725,PARAMETER_VALUE(0.2)),.T.,
  .PARAMETER.);
#5720 = LINE('',#5721,#5722);
#5721 = CARTESIAN_POINT('',(0.4,0.105,2.139062853009));
#5722 = VECTOR('',#5723,1.);
#5723 = DIRECTION('',(1.,8.828769342216E-44,-2.561698521415E-29));
#5724 = CARTESIAN_POINT('',(0.4,0.105,2.139062853009));
#5725 = CARTESIAN_POINT('',(0.6,0.105,2.139062853009));
#5726 = GEOMETRIC_CURVE_SET('',(#5727));
#5727 = TRIMMED_CURVE('',#5728,(#5732,PARAMETER_VALUE(-0.65)),(#5733,
    PARAMETER_VALUE(-1.33226762955E-15)),.T.,.PARAMETER.);
#5728 = LINE('',#5729,#5730);
#5729 = CARTESIAN_POINT('',(1.7,-2.395,1.259062853009));
#5730 = VECTOR('',#5731,1.);
#5731 = DIRECTION('',(2.438091212181E-29,-3.269438756184E-15,1.));
#5732 = CARTESIAN_POINT('',(1.7,-2.395,0.609062853009));
#5733 = CARTESIAN_POINT('',(1.7,-2.395,1.259062853009));
#5734 = GEOMETRIC_CURVE_SET('',(#5735));
#5735 = TRIMMED_CURVE('',#5736,(#5740,PARAMETER_VALUE(1.265898890117)),(
    #5741,PARAMETER_VALUE(2.265898890117)),.T.,.PARAMETER.);
#5736 = LINE('',#5737,#5738);
#5737 = CARTESIAN_POINT('',(1.7,-0.129101109883,1.259062853009));
#5738 = VECTOR('',#5739,1.);
#5739 = DIRECTION('',(0.,-1.,2.22044604925E-16));
#5740 = CARTESIAN_POINT('',(1.7,-1.395,1.259062853009));
#5741 = CARTESIAN_POINT('',(1.7,-2.395,1.259062853009));
#5742 = GEOMETRIC_CURVE_SET('',(#5743));
#5743 = TRIMMED_CURVE('',#5744,(#5748,PARAMETER_VALUE(0.6)),(#5749,
    PARAMETER_VALUE(1.25)),.T.,.PARAMETER.);
#5744 = LINE('',#5745,#5746);
#5745 = CARTESIAN_POINT('',(1.7,-1.395,9.062853008496E-03));
#5746 = VECTOR('',#5747,1.);
#5747 = DIRECTION('',(0.,-3.269438756184E-15,1.));
#5748 = CARTESIAN_POINT('',(1.7,-1.395,0.609062853009));
#5749 = CARTESIAN_POINT('',(1.7,-1.395,1.259062853009));
#5750 = GEOMETRIC_CURVE_SET('',(#5751));
#5751 = TRIMMED_CURVE('',#5752,(#5756,PARAMETER_VALUE(-1.)),(#5757,
    PARAMETER_VALUE(-8.881784197001E-16)),.T.,.PARAMETER.);
#5752 = LINE('',#5753,#5754);
#5753 = CARTESIAN_POINT('',(1.7,-2.395,0.609062853009));
#5754 = VECTOR('',#5755,1.);
#5755 = DIRECTION('',(0.,-1.,-3.377858973433E-15));
#5756 = CARTESIAN_POINT('',(1.7,-1.395,0.609062853009));
#5757 = CARTESIAN_POINT('',(1.7,-2.395,0.609062853009));
#5758 = GEOMETRIC_CURVE_SET('',(#5759));
#5759 = TRIMMED_CURVE('',#5760,(#5764,PARAMETER_VALUE(-1.25)),(#5765,
    PARAMETER_VALUE(-5.000000000001E-02)),.T.,.PARAMETER.);
#5760 = LINE('',#5761,#5762);
#5761 = CARTESIAN_POINT('',(1.5,-1.395,9.062853008496E-03));
#5762 = VECTOR('',#5763,1.);
#5763 = DIRECTION('',(0.,3.269438756184E-15,-1.));
#5764 = CARTESIAN_POINT('',(1.5,-1.395,1.259062853009));
#5765 = CARTESIAN_POINT('',(1.5,-1.395,5.90628530085E-02));
#5766 = GEOMETRIC_CURVE_SET('',(#5767));
#5767 = TRIMMED_CURVE('',#5768,(#5772,PARAMETER_VALUE(1.265898890117)),(
    #5773,PARAMETER_VALUE(2.765898890117)),.T.,.PARAMETER.);
#5768 = LINE('',#5769,#5770);
#5769 = CARTESIAN_POINT('',(1.5,-0.129101109883,1.259062853009));
#5770 = VECTOR('',#5771,1.);
#5771 = DIRECTION('',(0.,-1.,2.22044604925E-16));
#5772 = CARTESIAN_POINT('',(1.5,-1.395,1.259062853009));
#5773 = CARTESIAN_POINT('',(1.5,-2.895,1.259062853009));
#5774 = GEOMETRIC_CURVE_SET('',(#5775));
#5775 = TRIMMED_CURVE('',#5776,(#5780,PARAMETER_VALUE(-1.25)),(#5781,
    PARAMETER_VALUE(-5.E-02)),.T.,.PARAMETER.);
#5776 = LINE('',#5777,#5778);
#5777 = CARTESIAN_POINT('',(1.5,-2.895,9.062853008501E-03));
#5778 = VECTOR('',#5779,1.);
#5779 = DIRECTION('',(-0.,-2.22044604925E-16,-1.));
#5780 = CARTESIAN_POINT('',(1.5,-2.895,1.259062853009));
#5781 = CARTESIAN_POINT('',(1.5,-2.895,5.90628530085E-02));
#5782 = GEOMETRIC_CURVE_SET('',(#5783));
#5783 = TRIMMED_CURVE('',#5784,(#5788,PARAMETER_VALUE(1.554312234475E-14
      )),(#5789,PARAMETER_VALUE(1.5)),.T.,.PARAMETER.);
#5784 = LINE('',#5785,#5786);
#5785 = CARTESIAN_POINT('',(1.5,-2.895,5.90628530085E-02));
#5786 = VECTOR('',#5787,1.);
#5787 = DIRECTION('',(0.,1.,3.269438756184E-15));
#5788 = CARTESIAN_POINT('',(1.5,-2.895,5.90628530085E-02));
#5789 = CARTESIAN_POINT('',(1.5,-1.395,5.90628530085E-02));
#5790 = GEOMETRIC_CURVE_SET('',(#5791));
#5791 = TRIMMED_CURVE('',#5792,(#5796,PARAMETER_VALUE(1.7)),(#5797,
    PARAMETER_VALUE(2.9)),.T.,.PARAMETER.);
#5792 = LINE('',#5793,#5794);
#5793 = CARTESIAN_POINT('',(-1.5,-2.895,2.959062853009));
#5794 = VECTOR('',#5795,1.);
#5795 = DIRECTION('',(0.,3.269438756184E-15,-1.));
#5796 = CARTESIAN_POINT('',(-1.5,-2.895,1.259062853009));
#5797 = CARTESIAN_POINT('',(-1.5,-2.895,5.90628530085E-02));
#5798 = GEOMETRIC_CURVE_SET('',(#5799));
#5799 = TRIMMED_CURVE('',#5800,(#5804,PARAMETER_VALUE(1.265898890117)),(
    #5805,PARAMETER_VALUE(2.765898890117)),.T.,.PARAMETER.);
#5800 = LINE('',#5801,#5802);
#5801 = CARTESIAN_POINT('',(-1.5,-0.129101109883,1.259062853009));
#5802 = VECTOR('',#5803,1.);
#5803 = DIRECTION('',(0.,-1.,2.22044604925E-16));
#5804 = CARTESIAN_POINT('',(-1.5,-1.395,1.259062853009));
#5805 = CARTESIAN_POINT('',(-1.5,-2.895,1.259062853009));
#5806 = GEOMETRIC_CURVE_SET('',(#5807));
#5807 = TRIMMED_CURVE('',#5808,(#5812,PARAMETER_VALUE(5.000000000001E-02
      )),(#5813,PARAMETER_VALUE(1.25)),.T.,.PARAMETER.);
#5808 = LINE('',#5809,#5810);
#5809 = CARTESIAN_POINT('',(-1.5,-1.395,9.062853008498E-03));
#5810 = VECTOR('',#5811,1.);
#5811 = DIRECTION('',(0.,-3.269438756184E-15,1.));
#5812 = CARTESIAN_POINT('',(-1.5,-1.395,5.90628530085E-02));
#5813 = CARTESIAN_POINT('',(-1.5,-1.395,1.259062853009));
#5814 = GEOMETRIC_CURVE_SET('',(#5815));
#5815 = TRIMMED_CURVE('',#5816,(#5820,PARAMETER_VALUE(-1.5)),(#5821,
    PARAMETER_VALUE(-1.199040866595E-14)),.T.,.PARAMETER.);
#5816 = LINE('',#5817,#5818);
#5817 = CARTESIAN_POINT('',(-1.5,-2.895,5.90628530085E-02));
#5818 = VECTOR('',#5819,1.);
#5819 = DIRECTION('',(0.,-1.,-3.269438756184E-15));
#5820 = CARTESIAN_POINT('',(-1.5,-1.395,5.90628530085E-02));
#5821 = CARTESIAN_POINT('',(-1.5,-2.895,5.90628530085E-02));
#5822 = GEOMETRIC_CURVE_SET('',(#5823));
#5823 = TRIMMED_CURVE('',#5824,(#5828,PARAMETER_VALUE(-0.65)),(#5829,
    PARAMETER_VALUE(3.552713678801E-15)),.T.,.PARAMETER.);
#5824 = LINE('',#5825,#5826);
#5825 = CARTESIAN_POINT('',(-1.7,-2.395,0.609062853009));
#5826 = VECTOR('',#5827,1.);
#5827 = DIRECTION('',(5.605193857299E-45,-2.22044604925E-16,-1.));
#5828 = CARTESIAN_POINT('',(-1.7,-2.395,1.259062853009));
#5829 = CARTESIAN_POINT('',(-1.7,-2.395,0.609062853009));
#5830 = GEOMETRIC_CURVE_SET('',(#5831));
#5831 = TRIMMED_CURVE('',#5832,(#5836,PARAMETER_VALUE(-1.)),(#5837,
    PARAMETER_VALUE(-4.440892098501E-16)),.T.,.PARAMETER.);
#5832 = LINE('',#5833,#5834);
#5833 = CARTESIAN_POINT('',(-1.7,-1.395,0.609062853009));
#5834 = VECTOR('',#5835,1.);
#5835 = DIRECTION('',(-6.982966722219E-15,1.,-2.22044604925E-16));
#5836 = CARTESIAN_POINT('',(-1.7,-2.395,0.609062853009));
#5837 = CARTESIAN_POINT('',(-1.7,-1.395,0.609062853009));
#5838 = GEOMETRIC_CURVE_SET('',(#5839));
#5839 = TRIMMED_CURVE('',#5840,(#5844,PARAMETER_VALUE(-1.25)),(#5845,
    PARAMETER_VALUE(-0.6)),.T.,.PARAMETER.);
#5840 = LINE('',#5841,#5842);
#5841 = CARTESIAN_POINT('',(-1.7,-1.395,9.062853008498E-03));
#5842 = VECTOR('',#5843,1.);
#5843 = DIRECTION('',(0.,3.269438756184E-15,-1.));
#5844 = CARTESIAN_POINT('',(-1.7,-1.395,1.259062853009));
#5845 = CARTESIAN_POINT('',(-1.7,-1.395,0.609062853009));
#5846 = GEOMETRIC_CURVE_SET('',(#5847));
#5847 = TRIMMED_CURVE('',#5848,(#5852,PARAMETER_VALUE(1.265898890117)),(
    #5853,PARAMETER_VALUE(2.265898890117)),.T.,.PARAMETER.);
#5848 = LINE('',#5849,#5850);
#5849 = CARTESIAN_POINT('',(-1.7,-0.129101109883,1.259062853009));
#5850 = VECTOR('',#5851,1.);
#5851 = DIRECTION('',(0.,-1.,2.22044604925E-16));
#5852 = CARTESIAN_POINT('',(-1.7,-1.395,1.259062853009));
#5853 = CARTESIAN_POINT('',(-1.7,-2.395,1.259062853009));
#5854 = GEOMETRIC_CURVE_SET('',(#5855));
#5855 = TRIMMED_CURVE('',#5856,(#5860,PARAMETER_VALUE(4.496403249732E-15
      )),(#5861,PARAMETER_VALUE(1.25)),.T.,.PARAMETER.);
#5856 = LINE('',#5857,#5858);
#5857 = CARTESIAN_POINT('',(1.5,-1.395,9.062853008496E-03));
#5858 = VECTOR('',#5859,1.);
#5859 = DIRECTION('',(0.,-3.269438756184E-15,1.));
#5860 = CARTESIAN_POINT('',(1.5,-1.395,9.062853008501E-03));
#5861 = CARTESIAN_POINT('',(1.5,-1.395,1.259062853009));
#5862 = GEOMETRIC_CURVE_SET('',(#5863));
#5863 = TRIMMED_CURVE('',#5864,(#5868,PARAMETER_VALUE(1.265898890117)),(
    #5869,PARAMETER_VALUE(2.765898890117)),.T.,.PARAMETER.);
#5864 = LINE('',#5865,#5866);
#5865 = CARTESIAN_POINT('',(1.5,-0.129101109883,9.0628530085E-03));
#5866 = VECTOR('',#5867,1.);
#5867 = DIRECTION('',(0.,-1.,2.22044604925E-16));
#5868 = CARTESIAN_POINT('',(1.5,-1.395,9.062853008501E-03));
#5869 = CARTESIAN_POINT('',(1.5,-2.895,9.062853008501E-03));
#5870 = GEOMETRIC_CURVE_SET('',(#5871));
#5871 = TRIMMED_CURVE('',#5872,(#5876,PARAMETER_VALUE(-1.25)),(#5877,
    PARAMETER_VALUE(-0.)),.T.,.PARAMETER.);
#5872 = LINE('',#5873,#5874);
#5873 = CARTESIAN_POINT('',(1.5,-2.895,9.062853008501E-03));
#5874 = VECTOR('',#5875,1.);
#5875 = DIRECTION('',(-0.,-2.22044604925E-16,-1.));
#5876 = CARTESIAN_POINT('',(1.5,-2.895,1.259062853009));
#5877 = CARTESIAN_POINT('',(1.5,-2.895,9.062853008501E-03));
#5878 = GEOMETRIC_CURVE_SET('',(#5879));
#5879 = TRIMMED_CURVE('',#5880,(#5884,PARAMETER_VALUE(1.265898890117)),(
    #5885,PARAMETER_VALUE(2.765898890117)),.T.,.PARAMETER.);
#5880 = LINE('',#5881,#5882);
#5881 = CARTESIAN_POINT('',(1.5,-0.129101109883,1.259062853009));
#5882 = VECTOR('',#5883,1.);
#5883 = DIRECTION('',(0.,-1.,2.22044604925E-16));
#5884 = CARTESIAN_POINT('',(1.5,-1.395,1.259062853009));
#5885 = CARTESIAN_POINT('',(1.5,-2.895,1.259062853009));
#5886 = GEOMETRIC_CURVE_SET('',(#5887));
#5887 = TRIMMED_CURVE('',#5888,(#5892,PARAMETER_VALUE(
      -8.881784197001E-15)),(#5893,PARAMETER_VALUE(0.2)),.T.,
  .PARAMETER.);
#5888 = LINE('',#5889,#5890);
#5889 = CARTESIAN_POINT('',(1.5,-1.395,1.259062853009));
#5890 = VECTOR('',#5891,1.);
#5891 = DIRECTION('',(1.,6.982966722219E-15,-1.55053008704E-30));
#5892 = CARTESIAN_POINT('',(1.5,-1.395,1.259062853009));
#5893 = CARTESIAN_POINT('',(1.7,-1.395,1.259062853009));
#5894 = GEOMETRIC_CURVE_SET('',(#5895));
#5895 = TRIMMED_CURVE('',#5896,(#5900,PARAMETER_VALUE(1.265898890117)),(
    #5901,PARAMETER_VALUE(2.765898890117)),.T.,.PARAMETER.);
#5896 = LINE('',#5897,#5898);
#5897 = CARTESIAN_POINT('',(1.5,-0.129101109883,1.259062853009));
#5898 = VECTOR('',#5899,1.);
#5899 = DIRECTION('',(0.,-1.,2.22044604925E-16));
#5900 = CARTESIAN_POINT('',(1.5,-1.395,1.259062853009));
#5901 = CARTESIAN_POINT('',(1.5,-2.895,1.259062853009));
#5902 = GEOMETRIC_CURVE_SET('',(#5903));
#5903 = TRIMMED_CURVE('',#5904,(#5908,PARAMETER_VALUE(-0.2)),(#5909,
    PARAMETER_VALUE(-0.)),.T.,.PARAMETER.);
#5904 = LINE('',#5905,#5906);
#5905 = CARTESIAN_POINT('',(1.5,-2.895,1.259062853009));
#5906 = VECTOR('',#5907,1.);
#5907 = DIRECTION('',(-1.,0.,-0.));
#5908 = CARTESIAN_POINT('',(1.7,-2.895,1.259062853009));
#5909 = CARTESIAN_POINT('',(1.5,-2.895,1.259062853009));
#5910 = GEOMETRIC_CURVE_SET('',(#5911));
#5911 = TRIMMED_CURVE('',#5912,(#5916,PARAMETER_VALUE(1.265898890117)),(
    #5917,PARAMETER_VALUE(2.765898890117)),.T.,.PARAMETER.);
#5912 = LINE('',#5913,#5914);
#5913 = CARTESIAN_POINT('',(1.7,-0.129101109883,1.259062853009));
#5914 = VECTOR('',#5915,1.);
#5915 = DIRECTION('',(0.,-1.,2.22044604925E-16));
#5916 = CARTESIAN_POINT('',(1.7,-1.395,1.259062853009));
#5917 = CARTESIAN_POINT('',(1.7,-2.895,1.259062853009));
#5918 = GEOMETRIC_CURVE_SET('',(#5919));
#5919 = TRIMMED_CURVE('',#5920,(#5924,PARAMETER_VALUE(-1.25)),(#5925,
    PARAMETER_VALUE(-4.496403249732E-15)),.T.,.PARAMETER.);
#5920 = LINE('',#5921,#5922);
#5921 = CARTESIAN_POINT('',(1.7,-1.395,9.062853008496E-03));
#5922 = VECTOR('',#5923,1.);
#5923 = DIRECTION('',(0.,3.269438756184E-15,-1.));
#5924 = CARTESIAN_POINT('',(1.7,-1.395,1.259062853009));
#5925 = CARTESIAN_POINT('',(1.7,-1.395,9.062853008501E-03));
#5926 = GEOMETRIC_CURVE_SET('',(#5927));
#5927 = TRIMMED_CURVE('',#5928,(#5932,PARAMETER_VALUE(1.265898890117)),(
    #5933,PARAMETER_VALUE(2.765898890117)),.T.,.PARAMETER.);
#5928 = LINE('',#5929,#5930);
#5929 = CARTESIAN_POINT('',(1.7,-0.129101109883,1.259062853009));
#5930 = VECTOR('',#5931,1.);
#5931 = DIRECTION('',(0.,-1.,2.22044604925E-16));
#5932 = CARTESIAN_POINT('',(1.7,-1.395,1.259062853009));
#5933 = CARTESIAN_POINT('',(1.7,-2.895,1.259062853009));
#5934 = GEOMETRIC_CURVE_SET('',(#5935));
#5935 = TRIMMED_CURVE('',#5936,(#5940,PARAMETER_VALUE(0.)),(#5941,
    PARAMETER_VALUE(1.25)),.T.,.PARAMETER.);
#5936 = LINE('',#5937,#5938);
#5937 = CARTESIAN_POINT('',(1.7,-2.895,9.062853008501E-03));
#5938 = VECTOR('',#5939,1.);
#5939 = DIRECTION('',(0.,2.22044604925E-16,1.));
#5940 = CARTESIAN_POINT('',(1.7,-2.895,9.062853008501E-03));
#5941 = CARTESIAN_POINT('',(1.7,-2.895,1.259062853009));
#5942 = GEOMETRIC_CURVE_SET('',(#5943));
#5943 = TRIMMED_CURVE('',#5944,(#5948,PARAMETER_VALUE(1.265898890117)),(
    #5949,PARAMETER_VALUE(2.765898890117)),.T.,.PARAMETER.);
#5944 = LINE('',#5945,#5946);
#5945 = CARTESIAN_POINT('',(1.7,-0.129101109883,9.0628530085E-03));
#5946 = VECTOR('',#5947,1.);
#5947 = DIRECTION('',(0.,-1.,2.22044604925E-16));
#5948 = CARTESIAN_POINT('',(1.7,-1.395,9.062853008501E-03));
#5949 = CARTESIAN_POINT('',(1.7,-2.895,9.062853008501E-03));
#5950 = GEOMETRIC_CURVE_SET('',(#5951));
#5951 = TRIMMED_CURVE('',#5952,(#5956,PARAMETER_VALUE(-0.2)),(#5957,
    PARAMETER_VALUE(8.881784197001E-15)),.T.,.PARAMETER.);
#5952 = LINE('',#5953,#5954);
#5953 = CARTESIAN_POINT('',(1.5,-1.395,9.062853008501E-03));
#5954 = VECTOR('',#5955,1.);
#5955 = DIRECTION('',(-1.,-6.982966722219E-15,1.55053008704E-30));
#5956 = CARTESIAN_POINT('',(1.7,-1.395,9.062853008501E-03));
#5957 = CARTESIAN_POINT('',(1.5,-1.395,9.062853008501E-03));
#5958 = GEOMETRIC_CURVE_SET('',(#5959));
#5959 = TRIMMED_CURVE('',#5960,(#5964,PARAMETER_VALUE(1.265898890117)),(
    #5965,PARAMETER_VALUE(2.765898890117)),.T.,.PARAMETER.);
#5960 = LINE('',#5961,#5962);
#5961 = CARTESIAN_POINT('',(1.7,-0.129101109883,9.0628530085E-03));
#5962 = VECTOR('',#5963,1.);
#5963 = DIRECTION('',(0.,-1.,2.22044604925E-16));
#5964 = CARTESIAN_POINT('',(1.7,-1.395,9.062853008501E-03));
#5965 = CARTESIAN_POINT('',(1.7,-2.895,9.062853008501E-03));
#5966 = GEOMETRIC_CURVE_SET('',(#5967));
#5967 = TRIMMED_CURVE('',#5968,(#5972,PARAMETER_VALUE(0.)),(#5973,
    PARAMETER_VALUE(0.2)),.T.,.PARAMETER.);
#5968 = LINE('',#5969,#5970);
#5969 = CARTESIAN_POINT('',(1.5,-2.895,9.062853008501E-03));
#5970 = VECTOR('',#5971,1.);
#5971 = DIRECTION('',(1.,0.,0.));
#5972 = CARTESIAN_POINT('',(1.5,-2.895,9.062853008501E-03));
#5973 = CARTESIAN_POINT('',(1.7,-2.895,9.062853008501E-03));
#5974 = GEOMETRIC_CURVE_SET('',(#5975));
#5975 = TRIMMED_CURVE('',#5976,(#5980,PARAMETER_VALUE(1.265898890117)),(
    #5981,PARAMETER_VALUE(2.765898890117)),.T.,.PARAMETER.);
#5976 = LINE('',#5977,#5978);
#5977 = CARTESIAN_POINT('',(1.5,-0.129101109883,9.0628530085E-03));
#5978 = VECTOR('',#5979,1.);
#5979 = DIRECTION('',(0.,-1.,2.22044604925E-16));
#5980 = CARTESIAN_POINT('',(1.5,-1.395,9.062853008501E-03));
#5981 = CARTESIAN_POINT('',(1.5,-2.895,9.062853008501E-03));
#5982 = GEOMETRIC_CURVE_SET('',(#5983));
#5983 = TRIMMED_CURVE('',#5984,(#5988,PARAMETER_VALUE(-1.25)),(#5989,
    PARAMETER_VALUE(-0.)),.T.,.PARAMETER.);
#5984 = LINE('',#5985,#5986);
#5985 = CARTESIAN_POINT('',(1.5,-2.895,9.062853008501E-03));
#5986 = VECTOR('',#5987,1.);
#5987 = DIRECTION('',(-0.,-2.22044604925E-16,-1.));
#5988 = CARTESIAN_POINT('',(1.5,-2.895,1.259062853009));
#5989 = CARTESIAN_POINT('',(1.5,-2.895,9.062853008501E-03));
#5990 = GEOMETRIC_CURVE_SET('',(#5991));
#5991 = TRIMMED_CURVE('',#5992,(#5996,PARAMETER_VALUE(0.)),(#5997,
    PARAMETER_VALUE(0.2)),.T.,.PARAMETER.);
#5992 = LINE('',#5993,#5994);
#5993 = CARTESIAN_POINT('',(1.5,-2.895,9.062853008501E-03));
#5994 = VECTOR('',#5995,1.);
#5995 = DIRECTION('',(1.,0.,0.));
#5996 = CARTESIAN_POINT('',(1.5,-2.895,9.062853008501E-03));
#5997 = CARTESIAN_POINT('',(1.7,-2.895,9.062853008501E-03));
#5998 = GEOMETRIC_CURVE_SET('',(#5999));
#5999 = TRIMMED_CURVE('',#6000,(#6004,PARAMETER_VALUE(0.)),(#6005,
    PARAMETER_VALUE(1.25)),.T.,.PARAMETER.);
#6000 = LINE('',#6001,#6002);
#6001 = CARTESIAN_POINT('',(1.7,-2.895,9.062853008501E-03));
#6002 = VECTOR('',#6003,1.);
#6003 = DIRECTION('',(0.,2.22044604925E-16,1.));
#6004 = CARTESIAN_POINT('',(1.7,-2.895,9.062853008501E-03));
#6005 = CARTESIAN_POINT('',(1.7,-2.895,1.259062853009));
#6006 = GEOMETRIC_CURVE_SET('',(#6007));
#6007 = TRIMMED_CURVE('',#6008,(#6012,PARAMETER_VALUE(-0.2)),(#6013,
    PARAMETER_VALUE(-0.)),.T.,.PARAMETER.);
#6008 = LINE('',#6009,#6010);
#6009 = CARTESIAN_POINT('',(1.5,-2.895,1.259062853009));
#6010 = VECTOR('',#6011,1.);
#6011 = DIRECTION('',(-1.,0.,-0.));
#6012 = CARTESIAN_POINT('',(1.7,-2.895,1.259062853009));
#6013 = CARTESIAN_POINT('',(1.5,-2.895,1.259062853009));
#6014 = GEOMETRIC_CURVE_SET('',(#6015));
#6015 = TRIMMED_CURVE('',#6016,(#6020,PARAMETER_VALUE(4.496403249732E-15
      )),(#6021,PARAMETER_VALUE(1.25)),.T.,.PARAMETER.);
#6016 = LINE('',#6017,#6018);
#6017 = CARTESIAN_POINT('',(1.5,-1.395,9.062853008496E-03));
#6018 = VECTOR('',#6019,1.);
#6019 = DIRECTION('',(0.,-3.269438756184E-15,1.));
#6020 = CARTESIAN_POINT('',(1.5,-1.395,9.062853008501E-03));
#6021 = CARTESIAN_POINT('',(1.5,-1.395,1.259062853009));
#6022 = GEOMETRIC_CURVE_SET('',(#6023));
#6023 = TRIMMED_CURVE('',#6024,(#6028,PARAMETER_VALUE(
      -8.881784197001E-15)),(#6029,PARAMETER_VALUE(0.2)),.T.,
  .PARAMETER.);
#6024 = LINE('',#6025,#6026);
#6025 = CARTESIAN_POINT('',(1.5,-1.395,1.259062853009));
#6026 = VECTOR('',#6027,1.);
#6027 = DIRECTION('',(1.,6.982966722219E-15,-1.55053008704E-30));
#6028 = CARTESIAN_POINT('',(1.5,-1.395,1.259062853009));
#6029 = CARTESIAN_POINT('',(1.7,-1.395,1.259062853009));
#6030 = GEOMETRIC_CURVE_SET('',(#6031));
#6031 = TRIMMED_CURVE('',#6032,(#6036,PARAMETER_VALUE(-1.25)),(#6037,
    PARAMETER_VALUE(-4.496403249732E-15)),.T.,.PARAMETER.);
#6032 = LINE('',#6033,#6034);
#6033 = CARTESIAN_POINT('',(1.7,-1.395,9.062853008496E-03));
#6034 = VECTOR('',#6035,1.);
#6035 = DIRECTION('',(0.,3.269438756184E-15,-1.));
#6036 = CARTESIAN_POINT('',(1.7,-1.395,1.259062853009));
#6037 = CARTESIAN_POINT('',(1.7,-1.395,9.062853008501E-03));
#6038 = GEOMETRIC_CURVE_SET('',(#6039));
#6039 = TRIMMED_CURVE('',#6040,(#6044,PARAMETER_VALUE(-0.2)),(#6045,
    PARAMETER_VALUE(8.881784197001E-15)),.T.,.PARAMETER.);
#6040 = LINE('',#6041,#6042);
#6041 = CARTESIAN_POINT('',(1.5,-1.395,9.062853008501E-03));
#6042 = VECTOR('',#6043,1.);
#6043 = DIRECTION('',(-1.,-6.982966722219E-15,1.55053008704E-30));
#6044 = CARTESIAN_POINT('',(1.7,-1.395,9.062853008501E-03));
#6045 = CARTESIAN_POINT('',(1.5,-1.395,9.062853008501E-03));
#6046 = GEOMETRIC_CURVE_SET('',(#6047));
#6047 = TRIMMED_CURVE('',#6048,(#6052,PARAMETER_VALUE(-1.25)),(#6053,
    PARAMETER_VALUE(-4.440892098501E-15)),.T.,.PARAMETER.);
#6048 = LINE('',#6049,#6050);
#6049 = CARTESIAN_POINT('',(-1.5,-1.395,9.062853008498E-03));
#6050 = VECTOR('',#6051,1.);
#6051 = DIRECTION('',(0.,3.269438756184E-15,-1.));
#6052 = CARTESIAN_POINT('',(-1.5,-1.395,1.259062853009));
#6053 = CARTESIAN_POINT('',(-1.5,-1.395,9.062853008502E-03));
#6054 = GEOMETRIC_CURVE_SET('',(#6055));
#6055 = TRIMMED_CURVE('',#6056,(#6060,PARAMETER_VALUE(1.265898890117)),(
    #6061,PARAMETER_VALUE(2.765898890117)),.T.,.PARAMETER.);
#6056 = LINE('',#6057,#6058);
#6057 = CARTESIAN_POINT('',(-1.5,-0.129101109883,1.259062853009));
#6058 = VECTOR('',#6059,1.);
#6059 = DIRECTION('',(0.,-1.,2.22044604925E-16));
#6060 = CARTESIAN_POINT('',(-1.5,-1.395,1.259062853009));
#6061 = CARTESIAN_POINT('',(-1.5,-2.895,1.259062853009));
#6062 = GEOMETRIC_CURVE_SET('',(#6063));
#6063 = TRIMMED_CURVE('',#6064,(#6068,PARAMETER_VALUE(0.)),(#6069,
    PARAMETER_VALUE(1.25)),.T.,.PARAMETER.);
#6064 = LINE('',#6065,#6066);
#6065 = CARTESIAN_POINT('',(-1.5,-2.895,9.062853008502E-03));
#6066 = VECTOR('',#6067,1.);
#6067 = DIRECTION('',(0.,2.22044604925E-16,1.));
#6068 = CARTESIAN_POINT('',(-1.5,-2.895,9.062853008502E-03));
#6069 = CARTESIAN_POINT('',(-1.5,-2.895,1.259062853009));
#6070 = GEOMETRIC_CURVE_SET('',(#6071));
#6071 = TRIMMED_CURVE('',#6072,(#6076,PARAMETER_VALUE(1.265898890117)),(
    #6077,PARAMETER_VALUE(2.765898890117)),.T.,.PARAMETER.);
#6072 = LINE('',#6073,#6074);
#6073 = CARTESIAN_POINT('',(-1.5,-0.129101109883,9.062853008502E-03));
#6074 = VECTOR('',#6075,1.);
#6075 = DIRECTION('',(0.,-1.,2.22044604925E-16));
#6076 = CARTESIAN_POINT('',(-1.5,-1.395,9.062853008502E-03));
#6077 = CARTESIAN_POINT('',(-1.5,-2.895,9.062853008502E-03));
#6078 = GEOMETRIC_CURVE_SET('',(#6079));
#6079 = TRIMMED_CURVE('',#6080,(#6084,PARAMETER_VALUE(8.881784197001E-15
      )),(#6085,PARAMETER_VALUE(0.2)),.T.,.PARAMETER.);
#6080 = LINE('',#6081,#6082);
#6081 = CARTESIAN_POINT('',(-1.5,-1.395,9.062853008502E-03));
#6082 = VECTOR('',#6083,1.);
#6083 = DIRECTION('',(-1.,-6.982966722219E-15,1.55053008704E-30));
#6084 = CARTESIAN_POINT('',(-1.5,-1.395,9.062853008502E-03));
#6085 = CARTESIAN_POINT('',(-1.7,-1.395,9.062853008502E-03));
#6086 = GEOMETRIC_CURVE_SET('',(#6087));
#6087 = TRIMMED_CURVE('',#6088,(#6092,PARAMETER_VALUE(1.265898890117)),(
    #6093,PARAMETER_VALUE(2.765898890117)),.T.,.PARAMETER.);
#6088 = LINE('',#6089,#6090);
#6089 = CARTESIAN_POINT('',(-1.5,-0.129101109883,9.062853008502E-03));
#6090 = VECTOR('',#6091,1.);
#6091 = DIRECTION('',(0.,-1.,2.22044604925E-16));
#6092 = CARTESIAN_POINT('',(-1.5,-1.395,9.062853008502E-03));
#6093 = CARTESIAN_POINT('',(-1.5,-2.895,9.062853008502E-03));
#6094 = GEOMETRIC_CURVE_SET('',(#6095));
#6095 = TRIMMED_CURVE('',#6096,(#6100,PARAMETER_VALUE(-0.2)),(#6101,
    PARAMETER_VALUE(0.)),.T.,.PARAMETER.);
#6096 = LINE('',#6097,#6098);
#6097 = CARTESIAN_POINT('',(-1.5,-2.895,9.062853008502E-03));
#6098 = VECTOR('',#6099,1.);
#6099 = DIRECTION('',(1.,0.,0.));
#6100 = CARTESIAN_POINT('',(-1.7,-2.895,9.062853008502E-03));
#6101 = CARTESIAN_POINT('',(-1.5,-2.895,9.062853008502E-03));
#6102 = GEOMETRIC_CURVE_SET('',(#6103));
#6103 = TRIMMED_CURVE('',#6104,(#6108,PARAMETER_VALUE(1.265898890117)),(
    #6109,PARAMETER_VALUE(2.765898890117)),.T.,.PARAMETER.);
#6104 = LINE('',#6105,#6106);
#6105 = CARTESIAN_POINT('',(-1.7,-0.129101109883,9.062853008502E-03));
#6106 = VECTOR('',#6107,1.);
#6107 = DIRECTION('',(0.,-1.,2.22044604925E-16));
#6108 = CARTESIAN_POINT('',(-1.7,-1.395,9.062853008502E-03));
#6109 = CARTESIAN_POINT('',(-1.7,-2.895,9.062853008502E-03));
#6110 = GEOMETRIC_CURVE_SET('',(#6111));
#6111 = TRIMMED_CURVE('',#6112,(#6116,PARAMETER_VALUE(4.440892098501E-15
      )),(#6117,PARAMETER_VALUE(1.25)),.T.,.PARAMETER.);
#6112 = LINE('',#6113,#6114);
#6113 = CARTESIAN_POINT('',(-1.7,-1.395,9.062853008498E-03));
#6114 = VECTOR('',#6115,1.);
#6115 = DIRECTION('',(0.,-3.269438756184E-15,1.));
#6116 = CARTESIAN_POINT('',(-1.7,-1.395,9.062853008502E-03));
#6117 = CARTESIAN_POINT('',(-1.7,-1.395,1.259062853009));
#6118 = GEOMETRIC_CURVE_SET('',(#6119));
#6119 = TRIMMED_CURVE('',#6120,(#6124,PARAMETER_VALUE(1.265898890117)),(
    #6125,PARAMETER_VALUE(2.765898890117)),.T.,.PARAMETER.);
#6120 = LINE('',#6121,#6122);
#6121 = CARTESIAN_POINT('',(-1.7,-0.129101109883,9.062853008502E-03));
#6122 = VECTOR('',#6123,1.);
#6123 = DIRECTION('',(0.,-1.,2.22044604925E-16));
#6124 = CARTESIAN_POINT('',(-1.7,-1.395,9.062853008502E-03));
#6125 = CARTESIAN_POINT('',(-1.7,-2.895,9.062853008502E-03));
#6126 = GEOMETRIC_CURVE_SET('',(#6127));
#6127 = TRIMMED_CURVE('',#6128,(#6132,PARAMETER_VALUE(-1.25)),(#6133,
    PARAMETER_VALUE(-0.)),.T.,.PARAMETER.);
#6128 = LINE('',#6129,#6130);
#6129 = CARTESIAN_POINT('',(-1.7,-2.895,9.062853008502E-03));
#6130 = VECTOR('',#6131,1.);
#6131 = DIRECTION('',(-0.,-2.22044604925E-16,-1.));
#6132 = CARTESIAN_POINT('',(-1.7,-2.895,1.259062853009));
#6133 = CARTESIAN_POINT('',(-1.7,-2.895,9.062853008502E-03));
#6134 = GEOMETRIC_CURVE_SET('',(#6135));
#6135 = TRIMMED_CURVE('',#6136,(#6140,PARAMETER_VALUE(1.265898890117)),(
    #6141,PARAMETER_VALUE(2.765898890117)),.T.,.PARAMETER.);
#6136 = LINE('',#6137,#6138);
#6137 = CARTESIAN_POINT('',(-1.7,-0.129101109883,1.259062853009));
#6138 = VECTOR('',#6139,1.);
#6139 = DIRECTION('',(0.,-1.,2.22044604925E-16));
#6140 = CARTESIAN_POINT('',(-1.7,-1.395,1.259062853009));
#6141 = CARTESIAN_POINT('',(-1.7,-2.895,1.259062853009));
#6142 = GEOMETRIC_CURVE_SET('',(#6143));
#6143 = TRIMMED_CURVE('',#6144,(#6148,PARAMETER_VALUE(-0.2)),(#6149,
    PARAMETER_VALUE(-8.881784197001E-15)),.T.,.PARAMETER.);
#6144 = LINE('',#6145,#6146);
#6145 = CARTESIAN_POINT('',(-1.5,-1.395,1.259062853009));
#6146 = VECTOR('',#6147,1.);
#6147 = DIRECTION('',(1.,6.982966722219E-15,-1.55053008704E-30));
#6148 = CARTESIAN_POINT('',(-1.7,-1.395,1.259062853009));
#6149 = CARTESIAN_POINT('',(-1.5,-1.395,1.259062853009));
#6150 = GEOMETRIC_CURVE_SET('',(#6151));
#6151 = TRIMMED_CURVE('',#6152,(#6156,PARAMETER_VALUE(1.265898890117)),(
    #6157,PARAMETER_VALUE(2.765898890117)),.T.,.PARAMETER.);
#6152 = LINE('',#6153,#6154);
#6153 = CARTESIAN_POINT('',(-1.7,-0.129101109883,1.259062853009));
#6154 = VECTOR('',#6155,1.);
#6155 = DIRECTION('',(0.,-1.,2.22044604925E-16));
#6156 = CARTESIAN_POINT('',(-1.7,-1.395,1.259062853009));
#6157 = CARTESIAN_POINT('',(-1.7,-2.895,1.259062853009));
#6158 = GEOMETRIC_CURVE_SET('',(#6159));
#6159 = TRIMMED_CURVE('',#6160,(#6164,PARAMETER_VALUE(0.)),(#6165,
    PARAMETER_VALUE(0.2)),.T.,.PARAMETER.);
#6160 = LINE('',#6161,#6162);
#6161 = CARTESIAN_POINT('',(-1.5,-2.895,1.259062853009));
#6162 = VECTOR('',#6163,1.);
#6163 = DIRECTION('',(-1.,0.,0.));
#6164 = CARTESIAN_POINT('',(-1.5,-2.895,1.259062853009));
#6165 = CARTESIAN_POINT('',(-1.7,-2.895,1.259062853009));
#6166 = GEOMETRIC_CURVE_SET('',(#6167));
#6167 = TRIMMED_CURVE('',#6168,(#6172,PARAMETER_VALUE(1.265898890117)),(
    #6173,PARAMETER_VALUE(2.765898890117)),.T.,.PARAMETER.);
#6168 = LINE('',#6169,#6170);
#6169 = CARTESIAN_POINT('',(-1.5,-0.129101109883,1.259062853009));
#6170 = VECTOR('',#6171,1.);
#6171 = DIRECTION('',(0.,-1.,2.22044604925E-16));
#6172 = CARTESIAN_POINT('',(-1.5,-1.395,1.259062853009));
#6173 = CARTESIAN_POINT('',(-1.5,-2.895,1.259062853009));
#6174 = GEOMETRIC_CURVE_SET('',(#6175));
#6175 = TRIMMED_CURVE('',#6176,(#6180,PARAMETER_VALUE(0.)),(#6181,
    PARAMETER_VALUE(1.25)),.T.,.PARAMETER.);
#6176 = LINE('',#6177,#6178);
#6177 = CARTESIAN_POINT('',(-1.5,-2.895,9.062853008502E-03));
#6178 = VECTOR('',#6179,1.);
#6179 = DIRECTION('',(0.,2.22044604925E-16,1.));
#6180 = CARTESIAN_POINT('',(-1.5,-2.895,9.062853008502E-03));
#6181 = CARTESIAN_POINT('',(-1.5,-2.895,1.259062853009));
#6182 = GEOMETRIC_CURVE_SET('',(#6183));
#6183 = TRIMMED_CURVE('',#6184,(#6188,PARAMETER_VALUE(0.)),(#6189,
    PARAMETER_VALUE(0.2)),.T.,.PARAMETER.);
#6184 = LINE('',#6185,#6186);
#6185 = CARTESIAN_POINT('',(-1.5,-2.895,1.259062853009));
#6186 = VECTOR('',#6187,1.);
#6187 = DIRECTION('',(-1.,0.,0.));
#6188 = CARTESIAN_POINT('',(-1.5,-2.895,1.259062853009));
#6189 = CARTESIAN_POINT('',(-1.7,-2.895,1.259062853009));
#6190 = GEOMETRIC_CURVE_SET('',(#6191));
#6191 = TRIMMED_CURVE('',#6192,(#6196,PARAMETER_VALUE(-1.25)),(#6197,
    PARAMETER_VALUE(-0.)),.T.,.PARAMETER.);
#6192 = LINE('',#6193,#6194);
#6193 = CARTESIAN_POINT('',(-1.7,-2.895,9.062853008502E-03));
#6194 = VECTOR('',#6195,1.);
#6195 = DIRECTION('',(-0.,-2.22044604925E-16,-1.));
#6196 = CARTESIAN_POINT('',(-1.7,-2.895,1.259062853009));
#6197 = CARTESIAN_POINT('',(-1.7,-2.895,9.062853008502E-03));
#6198 = GEOMETRIC_CURVE_SET('',(#6199));
#6199 = TRIMMED_CURVE('',#6200,(#6204,PARAMETER_VALUE(-0.2)),(#6205,
    PARAMETER_VALUE(0.)),.T.,.PARAMETER.);
#6200 = LINE('',#6201,#6202);
#6201 = CARTESIAN_POINT('',(-1.5,-2.895,9.062853008502E-03));
#6202 = VECTOR('',#6203,1.);
#6203 = DIRECTION('',(1.,0.,0.));
#6204 = CARTESIAN_POINT('',(-1.7,-2.895,9.062853008502E-03));
#6205 = CARTESIAN_POINT('',(-1.5,-2.895,9.062853008502E-03));
#6206 = GEOMETRIC_CURVE_SET('',(#6207));
#6207 = TRIMMED_CURVE('',#6208,(#6212,PARAMETER_VALUE(-1.25)),(#6213,
    PARAMETER_VALUE(-4.440892098501E-15)),.T.,.PARAMETER.);
#6208 = LINE('',#6209,#6210);
#6209 = CARTESIAN_POINT('',(-1.5,-1.395,9.062853008498E-03));
#6210 = VECTOR('',#6211,1.);
#6211 = DIRECTION('',(0.,3.269438756184E-15,-1.));
#6212 = CARTESIAN_POINT('',(-1.5,-1.395,1.259062853009));
#6213 = CARTESIAN_POINT('',(-1.5,-1.395,9.062853008502E-03));
#6214 = GEOMETRIC_CURVE_SET('',(#6215));
#6215 = TRIMMED_CURVE('',#6216,(#6220,PARAMETER_VALUE(8.881784197001E-15
      )),(#6221,PARAMETER_VALUE(0.2)),.T.,.PARAMETER.);
#6216 = LINE('',#6217,#6218);
#6217 = CARTESIAN_POINT('',(-1.5,-1.395,9.062853008502E-03));
#6218 = VECTOR('',#6219,1.);
#6219 = DIRECTION('',(-1.,-6.982966722219E-15,1.55053008704E-30));
#6220 = CARTESIAN_POINT('',(-1.5,-1.395,9.062853008502E-03));
#6221 = CARTESIAN_POINT('',(-1.7,-1.395,9.062853008502E-03));
#6222 = GEOMETRIC_CURVE_SET('',(#6223));
#6223 = TRIMMED_CURVE('',#6224,(#6228,PARAMETER_VALUE(4.440892098501E-15
      )),(#6229,PARAMETER_VALUE(1.25)),.T.,.PARAMETER.);
#6224 = LINE('',#6225,#6226);
#6225 = CARTESIAN_POINT('',(-1.7,-1.395,9.062853008498E-03));
#6226 = VECTOR('',#6227,1.);
#6227 = DIRECTION('',(0.,-3.269438756184E-15,1.));
#6228 = CARTESIAN_POINT('',(-1.7,-1.395,9.062853008502E-03));
#6229 = CARTESIAN_POINT('',(-1.7,-1.395,1.259062853009));
#6230 = GEOMETRIC_CURVE_SET('',(#6231));
#6231 = TRIMMED_CURVE('',#6232,(#6236,PARAMETER_VALUE(-0.2)),(#6237,
    PARAMETER_VALUE(-8.881784197001E-15)),.T.,.PARAMETER.);
#6232 = LINE('',#6233,#6234);
#6233 = CARTESIAN_POINT('',(-1.5,-1.395,1.259062853009));
#6234 = VECTOR('',#6235,1.);
#6235 = DIRECTION('',(1.,6.982966722219E-15,-1.55053008704E-30));
#6236 = CARTESIAN_POINT('',(-1.7,-1.395,1.259062853009));
#6237 = CARTESIAN_POINT('',(-1.5,-1.395,1.259062853009));
#6238 = ( GEOMETRIC_REPRESENTATION_CONTEXT(3) 
GLOBAL_UNCERTAINTY_ASSIGNED_CONTEXT((#6242)) 
GLOBAL_UNIT_ASSIGNED_CONTEXT((#6239,#6240,#6241)) REPRESENTATION_CONTEXT
('Context #1','3D Context with UNIT and UNCERTAINTY') );
#6239 = ( LENGTH_UNIT() NAMED_UNIT(*) SI_UNIT(.MILLI.,.METRE.) );
#6240 = ( NAMED_UNIT(*) PLANE_ANGLE_UNIT() SI_UNIT($,.RADIAN.) );
#6241 = ( NAMED_UNIT(*) SI_UNIT($,.STERADIAN.) SOLID_ANGLE_UNIT() );
#6242 = UNCERTAINTY_MEASURE_WITH_UNIT(LENGTH_MEASURE(1.E-07),#6239,
  'distance_accuracy_value','confusion accuracy');
#6243 = PRODUCT_RELATED_PRODUCT_CATEGORY('part',$,(#7));
#6244 = MECHANICAL_DESIGN_GEOMETRIC_PRESENTATION_REPRESENTATION('',(
    #6245,#6256,#6264,#6271,#6278,#6285,#6292,#6299,#6306,#6313,#6320,
    #6327,#6334,#6341,#6348,#6355,#6362,#6369,#6376,#6383,#6390,#6397,
    #6404,#6411,#6420,#6429,#6438,#6447,#6456,#6465,#6474,#6483,#6492,
    #6501,#6510,#6519,#6528,#6537,#6546,#6555,#6564,#6573,#6582,#6591,
    #6600,#6609,#6618,#6627,#6636,#6645,#6654,#6663,#6672,#6681,#6690,
    #6699,#6708,#6717,#6726,#6735,#6744,#6753,#6762,#6771,#6780,#6789,
    #6798,#6807,#6816,#6825,#6834,#6843,#6852,#6861,#6870,#6879,#6888,
    #6897,#6906,#6915,#6924,#6933,#6942,#6951,#6960,#6969,#6978,#6987,
    #6996,#7005,#7014,#7023,#7032,#7041,#7050,#7059,#7068,#7077,#7086,
    #7095,#7104,#7113,#7122,#7131,#7140,#7149,#7158,#7167,#7176,#7185,
    #7194,#7203,#7212,#7221,#7230,#7239,#7248,#7257,#7266,#7275,#7284,
    #7293,#7302,#7311,#7320,#7329,#7338,#7347,#7356,#7365,#7374,#7383,
    #7392,#7401,#7410,#7419,#7428,#7437,#7446,#7455,#7464,#7473,#7482,
    #7491,#7500,#7509,#7518,#7527,#7536,#7545,#7554,#7563,#7572,#7581,
    #7590,#7599,#7608),#6238);
#6245 = STYLED_ITEM('color',(#6246),#808);
#6246 = PRESENTATION_STYLE_ASSIGNMENT((#6247,#6253));
#6247 = SURFACE_STYLE_USAGE(.BOTH.,#6248);
#6248 = SURFACE_SIDE_STYLE('',(#6249));
#6249 = SURFACE_STYLE_FILL_AREA(#6250);
#6250 = FILL_AREA_STYLE('',(#6251));
#6251 = FILL_AREA_STYLE_COLOUR('',#6252);
#6252 = COLOUR_RGB('',0.843137261657,0.843137261657,0.843137261657);
#6253 = CURVE_STYLE('',#6254,POSITIVE_LENGTH_MEASURE(0.1),#6255);
#6254 = DRAUGHTING_PRE_DEFINED_CURVE_FONT('continuous');
#6255 = COLOUR_RGB('',9.803921802644E-02,9.803921802644E-02,
  9.803921802644E-02);
#6256 = OVER_RIDING_STYLED_ITEM('overriding color',(#6257),#1442,#6245);
#6257 = PRESENTATION_STYLE_ASSIGNMENT((#6258));
#6258 = SURFACE_STYLE_USAGE(.BOTH.,#6259);
#6259 = SURFACE_SIDE_STYLE('',(#6260));
#6260 = SURFACE_STYLE_FILL_AREA(#6261);
#6261 = FILL_AREA_STYLE('',(#6262));
#6262 = FILL_AREA_STYLE_COLOUR('',#6263);
#6263 = COLOUR_RGB('',0.752941202324,0.752941202324,0.752941202324);
#6264 = OVER_RIDING_STYLED_ITEM('overriding color',(#6265),#1473,#6245);
#6265 = PRESENTATION_STYLE_ASSIGNMENT((#6266));
#6266 = SURFACE_STYLE_USAGE(.BOTH.,#6267);
#6267 = SURFACE_SIDE_STYLE('',(#6268));
#6268 = SURFACE_STYLE_FILL_AREA(#6269);
#6269 = FILL_AREA_STYLE('',(#6270));
#6270 = FILL_AREA_STYLE_COLOUR('',#6263);
#6271 = OVER_RIDING_STYLED_ITEM('overriding color',(#6272),#1513,#6245);
#6272 = PRESENTATION_STYLE_ASSIGNMENT((#6273));
#6273 = SURFACE_STYLE_USAGE(.BOTH.,#6274);
#6274 = SURFACE_SIDE_STYLE('',(#6275));
#6275 = SURFACE_STYLE_FILL_AREA(#6276);
#6276 = FILL_AREA_STYLE('',(#6277));
#6277 = FILL_AREA_STYLE_COLOUR('',#6263);
#6278 = OVER_RIDING_STYLED_ITEM('overriding color',(#6279),#1560,#6245);
#6279 = PRESENTATION_STYLE_ASSIGNMENT((#6280));
#6280 = SURFACE_STYLE_USAGE(.BOTH.,#6281);
#6281 = SURFACE_SIDE_STYLE('',(#6282));
#6282 = SURFACE_STYLE_FILL_AREA(#6283);
#6283 = FILL_AREA_STYLE('',(#6284));
#6284 = FILL_AREA_STYLE_COLOUR('',#6263);
#6285 = OVER_RIDING_STYLED_ITEM('overriding color',(#6286),#1584,#6245);
#6286 = PRESENTATION_STYLE_ASSIGNMENT((#6287));
#6287 = SURFACE_STYLE_USAGE(.BOTH.,#6288);
#6288 = SURFACE_SIDE_STYLE('',(#6289));
#6289 = SURFACE_STYLE_FILL_AREA(#6290);
#6290 = FILL_AREA_STYLE('',(#6291));
#6291 = FILL_AREA_STYLE_COLOUR('',#6263);
#6292 = OVER_RIDING_STYLED_ITEM('overriding color',(#6293),#1658,#6245);
#6293 = PRESENTATION_STYLE_ASSIGNMENT((#6294));
#6294 = SURFACE_STYLE_USAGE(.BOTH.,#6295);
#6295 = SURFACE_SIDE_STYLE('',(#6296));
#6296 = SURFACE_STYLE_FILL_AREA(#6297);
#6297 = FILL_AREA_STYLE('',(#6298));
#6298 = FILL_AREA_STYLE_COLOUR('',#6263);
#6299 = OVER_RIDING_STYLED_ITEM('overriding color',(#6300),#2100,#6245);
#6300 = PRESENTATION_STYLE_ASSIGNMENT((#6301));
#6301 = SURFACE_STYLE_USAGE(.BOTH.,#6302);
#6302 = SURFACE_SIDE_STYLE('',(#6303));
#6303 = SURFACE_STYLE_FILL_AREA(#6304);
#6304 = FILL_AREA_STYLE('',(#6305));
#6305 = FILL_AREA_STYLE_COLOUR('',#6263);
#6306 = OVER_RIDING_STYLED_ITEM('overriding color',(#6307),#2117,#6245);
#6307 = PRESENTATION_STYLE_ASSIGNMENT((#6308));
#6308 = SURFACE_STYLE_USAGE(.BOTH.,#6309);
#6309 = SURFACE_SIDE_STYLE('',(#6310));
#6310 = SURFACE_STYLE_FILL_AREA(#6311);
#6311 = FILL_AREA_STYLE('',(#6312));
#6312 = FILL_AREA_STYLE_COLOUR('',#6263);
#6313 = OVER_RIDING_STYLED_ITEM('overriding color',(#6314),#2134,#6245);
#6314 = PRESENTATION_STYLE_ASSIGNMENT((#6315));
#6315 = SURFACE_STYLE_USAGE(.BOTH.,#6316);
#6316 = SURFACE_SIDE_STYLE('',(#6317));
#6317 = SURFACE_STYLE_FILL_AREA(#6318);
#6318 = FILL_AREA_STYLE('',(#6319));
#6319 = FILL_AREA_STYLE_COLOUR('',#6263);
#6320 = OVER_RIDING_STYLED_ITEM('overriding color',(#6321),#2146,#6245);
#6321 = PRESENTATION_STYLE_ASSIGNMENT((#6322));
#6322 = SURFACE_STYLE_USAGE(.BOTH.,#6323);
#6323 = SURFACE_SIDE_STYLE('',(#6324));
#6324 = SURFACE_STYLE_FILL_AREA(#6325);
#6325 = FILL_AREA_STYLE('',(#6326));
#6326 = FILL_AREA_STYLE_COLOUR('',#6263);
#6327 = OVER_RIDING_STYLED_ITEM('overriding color',(#6328),#2163,#6245);
#6328 = PRESENTATION_STYLE_ASSIGNMENT((#6329));
#6329 = SURFACE_STYLE_USAGE(.BOTH.,#6330);
#6330 = SURFACE_SIDE_STYLE('',(#6331));
#6331 = SURFACE_STYLE_FILL_AREA(#6332);
#6332 = FILL_AREA_STYLE('',(#6333));
#6333 = FILL_AREA_STYLE_COLOUR('',#6263);
#6334 = OVER_RIDING_STYLED_ITEM('overriding color',(#6335),#2180,#6245);
#6335 = PRESENTATION_STYLE_ASSIGNMENT((#6336));
#6336 = SURFACE_STYLE_USAGE(.BOTH.,#6337);
#6337 = SURFACE_SIDE_STYLE('',(#6338));
#6338 = SURFACE_STYLE_FILL_AREA(#6339);
#6339 = FILL_AREA_STYLE('',(#6340));
#6340 = FILL_AREA_STYLE_COLOUR('',#6263);
#6341 = OVER_RIDING_STYLED_ITEM('overriding color',(#6342),#2417,#6245);
#6342 = PRESENTATION_STYLE_ASSIGNMENT((#6343));
#6343 = SURFACE_STYLE_USAGE(.BOTH.,#6344);
#6344 = SURFACE_SIDE_STYLE('',(#6345));
#6345 = SURFACE_STYLE_FILL_AREA(#6346);
#6346 = FILL_AREA_STYLE('',(#6347));
#6347 = FILL_AREA_STYLE_COLOUR('',#6263);
#6348 = OVER_RIDING_STYLED_ITEM('overriding color',(#6349),#2448,#6245);
#6349 = PRESENTATION_STYLE_ASSIGNMENT((#6350));
#6350 = SURFACE_STYLE_USAGE(.BOTH.,#6351);
#6351 = SURFACE_SIDE_STYLE('',(#6352));
#6352 = SURFACE_STYLE_FILL_AREA(#6353);
#6353 = FILL_AREA_STYLE('',(#6354));
#6354 = FILL_AREA_STYLE_COLOUR('',#6263);
#6355 = OVER_RIDING_STYLED_ITEM('overriding color',(#6356),#2556,#6245);
#6356 = PRESENTATION_STYLE_ASSIGNMENT((#6357));
#6357 = SURFACE_STYLE_USAGE(.BOTH.,#6358);
#6358 = SURFACE_SIDE_STYLE('',(#6359));
#6359 = SURFACE_STYLE_FILL_AREA(#6360);
#6360 = FILL_AREA_STYLE('',(#6361));
#6361 = FILL_AREA_STYLE_COLOUR('',#6263);
#6362 = OVER_RIDING_STYLED_ITEM('overriding color',(#6363),#2580,#6245);
#6363 = PRESENTATION_STYLE_ASSIGNMENT((#6364));
#6364 = SURFACE_STYLE_USAGE(.BOTH.,#6365);
#6365 = SURFACE_SIDE_STYLE('',(#6366));
#6366 = SURFACE_STYLE_FILL_AREA(#6367);
#6367 = FILL_AREA_STYLE('',(#6368));
#6368 = FILL_AREA_STYLE_COLOUR('',#6263);
#6369 = OVER_RIDING_STYLED_ITEM('overriding color',(#6370),#2604,#6245);
#6370 = PRESENTATION_STYLE_ASSIGNMENT((#6371));
#6371 = SURFACE_STYLE_USAGE(.BOTH.,#6372);
#6372 = SURFACE_SIDE_STYLE('',(#6373));
#6373 = SURFACE_STYLE_FILL_AREA(#6374);
#6374 = FILL_AREA_STYLE('',(#6375));
#6375 = FILL_AREA_STYLE_COLOUR('',#6263);
#6376 = OVER_RIDING_STYLED_ITEM('overriding color',(#6377),#2621,#6245);
#6377 = PRESENTATION_STYLE_ASSIGNMENT((#6378));
#6378 = SURFACE_STYLE_USAGE(.BOTH.,#6379);
#6379 = SURFACE_SIDE_STYLE('',(#6380));
#6380 = SURFACE_STYLE_FILL_AREA(#6381);
#6381 = FILL_AREA_STYLE('',(#6382));
#6382 = FILL_AREA_STYLE_COLOUR('',#6263);
#6383 = OVER_RIDING_STYLED_ITEM('overriding color',(#6384),#2645,#6245);
#6384 = PRESENTATION_STYLE_ASSIGNMENT((#6385));
#6385 = SURFACE_STYLE_USAGE(.BOTH.,#6386);
#6386 = SURFACE_SIDE_STYLE('',(#6387));
#6387 = SURFACE_STYLE_FILL_AREA(#6388);
#6388 = FILL_AREA_STYLE('',(#6389));
#6389 = FILL_AREA_STYLE_COLOUR('',#6263);
#6390 = OVER_RIDING_STYLED_ITEM('overriding color',(#6391),#2669,#6245);
#6391 = PRESENTATION_STYLE_ASSIGNMENT((#6392));
#6392 = SURFACE_STYLE_USAGE(.BOTH.,#6393);
#6393 = SURFACE_SIDE_STYLE('',(#6394));
#6394 = SURFACE_STYLE_FILL_AREA(#6395);
#6395 = FILL_AREA_STYLE('',(#6396));
#6396 = FILL_AREA_STYLE_COLOUR('',#6263);
#6397 = OVER_RIDING_STYLED_ITEM('overriding color',(#6398),#2698,#6245);
#6398 = PRESENTATION_STYLE_ASSIGNMENT((#6399));
#6399 = SURFACE_STYLE_USAGE(.BOTH.,#6400);
#6400 = SURFACE_SIDE_STYLE('',(#6401));
#6401 = SURFACE_STYLE_FILL_AREA(#6402);
#6402 = FILL_AREA_STYLE('',(#6403));
#6403 = FILL_AREA_STYLE_COLOUR('',#6263);
#6404 = OVER_RIDING_STYLED_ITEM('overriding color',(#6405),#2710,#6245);
#6405 = PRESENTATION_STYLE_ASSIGNMENT((#6406));
#6406 = SURFACE_STYLE_USAGE(.BOTH.,#6407);
#6407 = SURFACE_SIDE_STYLE('',(#6408));
#6408 = SURFACE_STYLE_FILL_AREA(#6409);
#6409 = FILL_AREA_STYLE('',(#6410));
#6410 = FILL_AREA_STYLE_COLOUR('',#6263);
#6411 = STYLED_ITEM('color',(#6412),#2770);
#6412 = PRESENTATION_STYLE_ASSIGNMENT((#6413,#6418));
#6413 = SURFACE_STYLE_USAGE(.BOTH.,#6414);
#6414 = SURFACE_SIDE_STYLE('',(#6415));
#6415 = SURFACE_STYLE_FILL_AREA(#6416);
#6416 = FILL_AREA_STYLE('',(#6417));
#6417 = FILL_AREA_STYLE_COLOUR('',#6252);
#6418 = CURVE_STYLE('',#6419,POSITIVE_LENGTH_MEASURE(0.1),#6255);
#6419 = DRAUGHTING_PRE_DEFINED_CURVE_FONT('continuous');
#6420 = STYLED_ITEM('color',(#6421),#2920);
#6421 = PRESENTATION_STYLE_ASSIGNMENT((#6422,#6427));
#6422 = SURFACE_STYLE_USAGE(.BOTH.,#6423);
#6423 = SURFACE_SIDE_STYLE('',(#6424));
#6424 = SURFACE_STYLE_FILL_AREA(#6425);
#6425 = FILL_AREA_STYLE('',(#6426));
#6426 = FILL_AREA_STYLE_COLOUR('',#6252);
#6427 = CURVE_STYLE('',#6428,POSITIVE_LENGTH_MEASURE(0.1),#6255);
#6428 = DRAUGHTING_PRE_DEFINED_CURVE_FONT('continuous');
#6429 = STYLED_ITEM('color',(#6430),#815);
#6430 = PRESENTATION_STYLE_ASSIGNMENT((#6431,#6436));
#6431 = SURFACE_STYLE_USAGE(.BOTH.,#6432);
#6432 = SURFACE_SIDE_STYLE('',(#6433));
#6433 = SURFACE_STYLE_FILL_AREA(#6434);
#6434 = FILL_AREA_STYLE('',(#6435));
#6435 = FILL_AREA_STYLE_COLOUR('',#6252);
#6436 = CURVE_STYLE('',#6437,POSITIVE_LENGTH_MEASURE(0.1),#6255);
#6437 = DRAUGHTING_PRE_DEFINED_CURVE_FONT('continuous');
#6438 = STYLED_ITEM('color',(#6439),#817);
#6439 = PRESENTATION_STYLE_ASSIGNMENT((#6440,#6445));
#6440 = SURFACE_STYLE_USAGE(.BOTH.,#6441);
#6441 = SURFACE_SIDE_STYLE('',(#6442));
#6442 = SURFACE_STYLE_FILL_AREA(#6443);
#6443 = FILL_AREA_STYLE('',(#6444));
#6444 = FILL_AREA_STYLE_COLOUR('',#6252);
#6445 = CURVE_STYLE('',#6446,POSITIVE_LENGTH_MEASURE(0.1),#6255);
#6446 = DRAUGHTING_PRE_DEFINED_CURVE_FONT('continuous');
#6447 = STYLED_ITEM('color',(#6448),#825);
#6448 = PRESENTATION_STYLE_ASSIGNMENT((#6449,#6454));
#6449 = SURFACE_STYLE_USAGE(.BOTH.,#6450);
#6450 = SURFACE_SIDE_STYLE('',(#6451));
#6451 = SURFACE_STYLE_FILL_AREA(#6452);
#6452 = FILL_AREA_STYLE('',(#6453));
#6453 = FILL_AREA_STYLE_COLOUR('',#6252);
#6454 = CURVE_STYLE('',#6455,POSITIVE_LENGTH_MEASURE(0.1),#6255);
#6455 = DRAUGHTING_PRE_DEFINED_CURVE_FONT('continuous');
#6456 = STYLED_ITEM('color',(#6457),#833);
#6457 = PRESENTATION_STYLE_ASSIGNMENT((#6458,#6463));
#6458 = SURFACE_STYLE_USAGE(.BOTH.,#6459);
#6459 = SURFACE_SIDE_STYLE('',(#6460));
#6460 = SURFACE_STYLE_FILL_AREA(#6461);
#6461 = FILL_AREA_STYLE('',(#6462));
#6462 = FILL_AREA_STYLE_COLOUR('',#6252);
#6463 = CURVE_STYLE('',#6464,POSITIVE_LENGTH_MEASURE(0.1),#6255);
#6464 = DRAUGHTING_PRE_DEFINED_CURVE_FONT('continuous');
#6465 = STYLED_ITEM('color',(#6466),#841);
#6466 = PRESENTATION_STYLE_ASSIGNMENT((#6467,#6472));
#6467 = SURFACE_STYLE_USAGE(.BOTH.,#6468);
#6468 = SURFACE_SIDE_STYLE('',(#6469));
#6469 = SURFACE_STYLE_FILL_AREA(#6470);
#6470 = FILL_AREA_STYLE('',(#6471));
#6471 = FILL_AREA_STYLE_COLOUR('',#6252);
#6472 = CURVE_STYLE('',#6473,POSITIVE_LENGTH_MEASURE(0.1),#6255);
#6473 = DRAUGHTING_PRE_DEFINED_CURVE_FONT('continuous');
#6474 = STYLED_ITEM('color',(#6475),#849);
#6475 = PRESENTATION_STYLE_ASSIGNMENT((#6476,#6481));
#6476 = SURFACE_STYLE_USAGE(.BOTH.,#6477);
#6477 = SURFACE_SIDE_STYLE('',(#6478));
#6478 = SURFACE_STYLE_FILL_AREA(#6479);
#6479 = FILL_AREA_STYLE('',(#6480));
#6480 = FILL_AREA_STYLE_COLOUR('',#6252);
#6481 = CURVE_STYLE('',#6482,POSITIVE_LENGTH_MEASURE(0.1),#6255);
#6482 = DRAUGHTING_PRE_DEFINED_CURVE_FONT('continuous');
#6483 = STYLED_ITEM('color',(#6484),#857);
#6484 = PRESENTATION_STYLE_ASSIGNMENT((#6485,#6490));
#6485 = SURFACE_STYLE_USAGE(.BOTH.,#6486);
#6486 = SURFACE_SIDE_STYLE('',(#6487));
#6487 = SURFACE_STYLE_FILL_AREA(#6488);
#6488 = FILL_AREA_STYLE('',(#6489));
#6489 = FILL_AREA_STYLE_COLOUR('',#6252);
#6490 = CURVE_STYLE('',#6491,POSITIVE_LENGTH_MEASURE(0.1),#6255);
#6491 = DRAUGHTING_PRE_DEFINED_CURVE_FONT('continuous');
#6492 = STYLED_ITEM('color',(#6493),#865);
#6493 = PRESENTATION_STYLE_ASSIGNMENT((#6494,#6499));
#6494 = SURFACE_STYLE_USAGE(.BOTH.,#6495);
#6495 = SURFACE_SIDE_STYLE('',(#6496));
#6496 = SURFACE_STYLE_FILL_AREA(#6497);
#6497 = FILL_AREA_STYLE('',(#6498));
#6498 = FILL_AREA_STYLE_COLOUR('',#6252);
#6499 = CURVE_STYLE('',#6500,POSITIVE_LENGTH_MEASURE(0.1),#6255);
#6500 = DRAUGHTING_PRE_DEFINED_CURVE_FONT('continuous');
#6501 = STYLED_ITEM('color',(#6502),#887);
#6502 = PRESENTATION_STYLE_ASSIGNMENT((#6503,#6508));
#6503 = SURFACE_STYLE_USAGE(.BOTH.,#6504);
#6504 = SURFACE_SIDE_STYLE('',(#6505));
#6505 = SURFACE_STYLE_FILL_AREA(#6506);
#6506 = FILL_AREA_STYLE('',(#6507));
#6507 = FILL_AREA_STYLE_COLOUR('',#6252);
#6508 = CURVE_STYLE('',#6509,POSITIVE_LENGTH_MEASURE(0.1),#6255);
#6509 = DRAUGHTING_PRE_DEFINED_CURVE_FONT('continuous');
#6510 = STYLED_ITEM('color',(#6511),#889);
#6511 = PRESENTATION_STYLE_ASSIGNMENT((#6512,#6517));
#6512 = SURFACE_STYLE_USAGE(.BOTH.,#6513);
#6513 = SURFACE_SIDE_STYLE('',(#6514));
#6514 = SURFACE_STYLE_FILL_AREA(#6515);
#6515 = FILL_AREA_STYLE('',(#6516));
#6516 = FILL_AREA_STYLE_COLOUR('',#6252);
#6517 = CURVE_STYLE('',#6518,POSITIVE_LENGTH_MEASURE(0.1),#6255);
#6518 = DRAUGHTING_PRE_DEFINED_CURVE_FONT('continuous');
#6519 = STYLED_ITEM('color',(#6520),#897);
#6520 = PRESENTATION_STYLE_ASSIGNMENT((#6521,#6526));
#6521 = SURFACE_STYLE_USAGE(.BOTH.,#6522);
#6522 = SURFACE_SIDE_STYLE('',(#6523));
#6523 = SURFACE_STYLE_FILL_AREA(#6524);
#6524 = FILL_AREA_STYLE('',(#6525));
#6525 = FILL_AREA_STYLE_COLOUR('',#6252);
#6526 = CURVE_STYLE('',#6527,POSITIVE_LENGTH_MEASURE(0.1),#6255);
#6527 = DRAUGHTING_PRE_DEFINED_CURVE_FONT('continuous');
#6528 = STYLED_ITEM('color',(#6529),#905);
#6529 = PRESENTATION_STYLE_ASSIGNMENT((#6530,#6535));
#6530 = SURFACE_STYLE_USAGE(.BOTH.,#6531);
#6531 = SURFACE_SIDE_STYLE('',(#6532));
#6532 = SURFACE_STYLE_FILL_AREA(#6533);
#6533 = FILL_AREA_STYLE('',(#6534));
#6534 = FILL_AREA_STYLE_COLOUR('',#6252);
#6535 = CURVE_STYLE('',#6536,POSITIVE_LENGTH_MEASURE(0.1),#6255);
#6536 = DRAUGHTING_PRE_DEFINED_CURVE_FONT('continuous');
#6537 = STYLED_ITEM('color',(#6538),#913);
#6538 = PRESENTATION_STYLE_ASSIGNMENT((#6539,#6544));
#6539 = SURFACE_STYLE_USAGE(.BOTH.,#6540);
#6540 = SURFACE_SIDE_STYLE('',(#6541));
#6541 = SURFACE_STYLE_FILL_AREA(#6542);
#6542 = FILL_AREA_STYLE('',(#6543));
#6543 = FILL_AREA_STYLE_COLOUR('',#6252);
#6544 = CURVE_STYLE('',#6545,POSITIVE_LENGTH_MEASURE(0.1),#6255);
#6545 = DRAUGHTING_PRE_DEFINED_CURVE_FONT('continuous');
#6546 = STYLED_ITEM('color',(#6547),#921);
#6547 = PRESENTATION_STYLE_ASSIGNMENT((#6548,#6553));
#6548 = SURFACE_STYLE_USAGE(.BOTH.,#6549);
#6549 = SURFACE_SIDE_STYLE('',(#6550));
#6550 = SURFACE_STYLE_FILL_AREA(#6551);
#6551 = FILL_AREA_STYLE('',(#6552));
#6552 = FILL_AREA_STYLE_COLOUR('',#6252);
#6553 = CURVE_STYLE('',#6554,POSITIVE_LENGTH_MEASURE(0.1),#6255);
#6554 = DRAUGHTING_PRE_DEFINED_CURVE_FONT('continuous');
#6555 = STYLED_ITEM('color',(#6556),#929);
#6556 = PRESENTATION_STYLE_ASSIGNMENT((#6557,#6562));
#6557 = SURFACE_STYLE_USAGE(.BOTH.,#6558);
#6558 = SURFACE_SIDE_STYLE('',(#6559));
#6559 = SURFACE_STYLE_FILL_AREA(#6560);
#6560 = FILL_AREA_STYLE('',(#6561));
#6561 = FILL_AREA_STYLE_COLOUR('',#6252);
#6562 = CURVE_STYLE('',#6563,POSITIVE_LENGTH_MEASURE(0.1),#6255);
#6563 = DRAUGHTING_PRE_DEFINED_CURVE_FONT('continuous');
#6564 = STYLED_ITEM('color',(#6565),#937);
#6565 = PRESENTATION_STYLE_ASSIGNMENT((#6566,#6571));
#6566 = SURFACE_STYLE_USAGE(.BOTH.,#6567);
#6567 = SURFACE_SIDE_STYLE('',(#6568));
#6568 = SURFACE_STYLE_FILL_AREA(#6569);
#6569 = FILL_AREA_STYLE('',(#6570));
#6570 = FILL_AREA_STYLE_COLOUR('',#6252);
#6571 = CURVE_STYLE('',#6572,POSITIVE_LENGTH_MEASURE(0.1),#6255);
#6572 = DRAUGHTING_PRE_DEFINED_CURVE_FONT('continuous');
#6573 = STYLED_ITEM('color',(#6574),#945);
#6574 = PRESENTATION_STYLE_ASSIGNMENT((#6575,#6580));
#6575 = SURFACE_STYLE_USAGE(.BOTH.,#6576);
#6576 = SURFACE_SIDE_STYLE('',(#6577));
#6577 = SURFACE_STYLE_FILL_AREA(#6578);
#6578 = FILL_AREA_STYLE('',(#6579));
#6579 = FILL_AREA_STYLE_COLOUR('',#6252);
#6580 = CURVE_STYLE('',#6581,POSITIVE_LENGTH_MEASURE(0.1),#6255);
#6581 = DRAUGHTING_PRE_DEFINED_CURVE_FONT('continuous');
#6582 = STYLED_ITEM('color',(#6583),#960);
#6583 = PRESENTATION_STYLE_ASSIGNMENT((#6584,#6589));
#6584 = SURFACE_STYLE_USAGE(.BOTH.,#6585);
#6585 = SURFACE_SIDE_STYLE('',(#6586));
#6586 = SURFACE_STYLE_FILL_AREA(#6587);
#6587 = FILL_AREA_STYLE('',(#6588));
#6588 = FILL_AREA_STYLE_COLOUR('',#6252);
#6589 = CURVE_STYLE('',#6590,POSITIVE_LENGTH_MEASURE(0.1),#6255);
#6590 = DRAUGHTING_PRE_DEFINED_CURVE_FONT('continuous');
#6591 = STYLED_ITEM('color',(#6592),#968);
#6592 = PRESENTATION_STYLE_ASSIGNMENT((#6593,#6598));
#6593 = SURFACE_STYLE_USAGE(.BOTH.,#6594);
#6594 = SURFACE_SIDE_STYLE('',(#6595));
#6595 = SURFACE_STYLE_FILL_AREA(#6596);
#6596 = FILL_AREA_STYLE('',(#6597));
#6597 = FILL_AREA_STYLE_COLOUR('',#6252);
#6598 = CURVE_STYLE('',#6599,POSITIVE_LENGTH_MEASURE(0.1),#6255);
#6599 = DRAUGHTING_PRE_DEFINED_CURVE_FONT('continuous');
#6600 = STYLED_ITEM('color',(#6601),#976);
#6601 = PRESENTATION_STYLE_ASSIGNMENT((#6602,#6607));
#6602 = SURFACE_STYLE_USAGE(.BOTH.,#6603);
#6603 = SURFACE_SIDE_STYLE('',(#6604));
#6604 = SURFACE_STYLE_FILL_AREA(#6605);
#6605 = FILL_AREA_STYLE('',(#6606));
#6606 = FILL_AREA_STYLE_COLOUR('',#6252);
#6607 = CURVE_STYLE('',#6608,POSITIVE_LENGTH_MEASURE(0.1),#6255);
#6608 = DRAUGHTING_PRE_DEFINED_CURVE_FONT('continuous');
#6609 = STYLED_ITEM('color',(#6610),#984);
#6610 = PRESENTATION_STYLE_ASSIGNMENT((#6611,#6616));
#6611 = SURFACE_STYLE_USAGE(.BOTH.,#6612);
#6612 = SURFACE_SIDE_STYLE('',(#6613));
#6613 = SURFACE_STYLE_FILL_AREA(#6614);
#6614 = FILL_AREA_STYLE('',(#6615));
#6615 = FILL_AREA_STYLE_COLOUR('',#6252);
#6616 = CURVE_STYLE('',#6617,POSITIVE_LENGTH_MEASURE(0.1),#6255);
#6617 = DRAUGHTING_PRE_DEFINED_CURVE_FONT('continuous');
#6618 = STYLED_ITEM('color',(#6619),#992);
#6619 = PRESENTATION_STYLE_ASSIGNMENT((#6620,#6625));
#6620 = SURFACE_STYLE_USAGE(.BOTH.,#6621);
#6621 = SURFACE_SIDE_STYLE('',(#6622));
#6622 = SURFACE_STYLE_FILL_AREA(#6623);
#6623 = FILL_AREA_STYLE('',(#6624));
#6624 = FILL_AREA_STYLE_COLOUR('',#6252);
#6625 = CURVE_STYLE('',#6626,POSITIVE_LENGTH_MEASURE(0.1),#6255);
#6626 = DRAUGHTING_PRE_DEFINED_CURVE_FONT('continuous');
#6627 = STYLED_ITEM('color',(#6628),#1014);
#6628 = PRESENTATION_STYLE_ASSIGNMENT((#6629,#6634));
#6629 = SURFACE_STYLE_USAGE(.BOTH.,#6630);
#6630 = SURFACE_SIDE_STYLE('',(#6631));
#6631 = SURFACE_STYLE_FILL_AREA(#6632);
#6632 = FILL_AREA_STYLE('',(#6633));
#6633 = FILL_AREA_STYLE_COLOUR('',#6252);
#6634 = CURVE_STYLE('',#6635,POSITIVE_LENGTH_MEASURE(0.1),#6255);
#6635 = DRAUGHTING_PRE_DEFINED_CURVE_FONT('continuous');
#6636 = STYLED_ITEM('color',(#6637),#1016);
#6637 = PRESENTATION_STYLE_ASSIGNMENT((#6638,#6643));
#6638 = SURFACE_STYLE_USAGE(.BOTH.,#6639);
#6639 = SURFACE_SIDE_STYLE('',(#6640));
#6640 = SURFACE_STYLE_FILL_AREA(#6641);
#6641 = FILL_AREA_STYLE('',(#6642));
#6642 = FILL_AREA_STYLE_COLOUR('',#6252);
#6643 = CURVE_STYLE('',#6644,POSITIVE_LENGTH_MEASURE(0.1),#6255);
#6644 = DRAUGHTING_PRE_DEFINED_CURVE_FONT('continuous');
#6645 = STYLED_ITEM('color',(#6646),#1032);
#6646 = PRESENTATION_STYLE_ASSIGNMENT((#6647,#6652));
#6647 = SURFACE_STYLE_USAGE(.BOTH.,#6648);
#6648 = SURFACE_SIDE_STYLE('',(#6649));
#6649 = SURFACE_STYLE_FILL_AREA(#6650);
#6650 = FILL_AREA_STYLE('',(#6651));
#6651 = FILL_AREA_STYLE_COLOUR('',#6252);
#6652 = CURVE_STYLE('',#6653,POSITIVE_LENGTH_MEASURE(0.1),#6255);
#6653 = DRAUGHTING_PRE_DEFINED_CURVE_FONT('continuous');
#6654 = STYLED_ITEM('color',(#6655),#1054);
#6655 = PRESENTATION_STYLE_ASSIGNMENT((#6656,#6661));
#6656 = SURFACE_STYLE_USAGE(.BOTH.,#6657);
#6657 = SURFACE_SIDE_STYLE('',(#6658));
#6658 = SURFACE_STYLE_FILL_AREA(#6659);
#6659 = FILL_AREA_STYLE('',(#6660));
#6660 = FILL_AREA_STYLE_COLOUR('',#6252);
#6661 = CURVE_STYLE('',#6662,POSITIVE_LENGTH_MEASURE(0.1),#6255);
#6662 = DRAUGHTING_PRE_DEFINED_CURVE_FONT('continuous');
#6663 = STYLED_ITEM('color',(#6664),#1080);
#6664 = PRESENTATION_STYLE_ASSIGNMENT((#6665,#6670));
#6665 = SURFACE_STYLE_USAGE(.BOTH.,#6666);
#6666 = SURFACE_SIDE_STYLE('',(#6667));
#6667 = SURFACE_STYLE_FILL_AREA(#6668);
#6668 = FILL_AREA_STYLE('',(#6669));
#6669 = FILL_AREA_STYLE_COLOUR('',#6252);
#6670 = CURVE_STYLE('',#6671,POSITIVE_LENGTH_MEASURE(0.1),#6255);
#6671 = DRAUGHTING_PRE_DEFINED_CURVE_FONT('continuous');
#6672 = STYLED_ITEM('color',(#6673),#1088);
#6673 = PRESENTATION_STYLE_ASSIGNMENT((#6674,#6679));
#6674 = SURFACE_STYLE_USAGE(.BOTH.,#6675);
#6675 = SURFACE_SIDE_STYLE('',(#6676));
#6676 = SURFACE_STYLE_FILL_AREA(#6677);
#6677 = FILL_AREA_STYLE('',(#6678));
#6678 = FILL_AREA_STYLE_COLOUR('',#6252);
#6679 = CURVE_STYLE('',#6680,POSITIVE_LENGTH_MEASURE(0.1),#6255);
#6680 = DRAUGHTING_PRE_DEFINED_CURVE_FONT('continuous');
#6681 = STYLED_ITEM('color',(#6682),#1096);
#6682 = PRESENTATION_STYLE_ASSIGNMENT((#6683,#6688));
#6683 = SURFACE_STYLE_USAGE(.BOTH.,#6684);
#6684 = SURFACE_SIDE_STYLE('',(#6685));
#6685 = SURFACE_STYLE_FILL_AREA(#6686);
#6686 = FILL_AREA_STYLE('',(#6687));
#6687 = FILL_AREA_STYLE_COLOUR('',#6252);
#6688 = CURVE_STYLE('',#6689,POSITIVE_LENGTH_MEASURE(0.1),#6255);
#6689 = DRAUGHTING_PRE_DEFINED_CURVE_FONT('continuous');
#6690 = STYLED_ITEM('color',(#6691),#1104);
#6691 = PRESENTATION_STYLE_ASSIGNMENT((#6692,#6697));
#6692 = SURFACE_STYLE_USAGE(.BOTH.,#6693);
#6693 = SURFACE_SIDE_STYLE('',(#6694));
#6694 = SURFACE_STYLE_FILL_AREA(#6695);
#6695 = FILL_AREA_STYLE('',(#6696));
#6696 = FILL_AREA_STYLE_COLOUR('',#6252);
#6697 = CURVE_STYLE('',#6698,POSITIVE_LENGTH_MEASURE(0.1),#6255);
#6698 = DRAUGHTING_PRE_DEFINED_CURVE_FONT('continuous');
#6699 = STYLED_ITEM('color',(#6700),#1112);
#6700 = PRESENTATION_STYLE_ASSIGNMENT((#6701,#6706));
#6701 = SURFACE_STYLE_USAGE(.BOTH.,#6702);
#6702 = SURFACE_SIDE_STYLE('',(#6703));
#6703 = SURFACE_STYLE_FILL_AREA(#6704);
#6704 = FILL_AREA_STYLE('',(#6705));
#6705 = FILL_AREA_STYLE_COLOUR('',#6252);
#6706 = CURVE_STYLE('',#6707,POSITIVE_LENGTH_MEASURE(0.1),#6255);
#6707 = DRAUGHTING_PRE_DEFINED_CURVE_FONT('continuous');
#6708 = STYLED_ITEM('color',(#6709),#1127);
#6709 = PRESENTATION_STYLE_ASSIGNMENT((#6710,#6715));
#6710 = SURFACE_STYLE_USAGE(.BOTH.,#6711);
#6711 = SURFACE_SIDE_STYLE('',(#6712));
#6712 = SURFACE_STYLE_FILL_AREA(#6713);
#6713 = FILL_AREA_STYLE('',(#6714));
#6714 = FILL_AREA_STYLE_COLOUR('',#6252);
#6715 = CURVE_STYLE('',#6716,POSITIVE_LENGTH_MEASURE(0.1),#6255);
#6716 = DRAUGHTING_PRE_DEFINED_CURVE_FONT('continuous');
#6717 = STYLED_ITEM('color',(#6718),#1135);
#6718 = PRESENTATION_STYLE_ASSIGNMENT((#6719,#6724));
#6719 = SURFACE_STYLE_USAGE(.BOTH.,#6720);
#6720 = SURFACE_SIDE_STYLE('',(#6721));
#6721 = SURFACE_STYLE_FILL_AREA(#6722);
#6722 = FILL_AREA_STYLE('',(#6723));
#6723 = FILL_AREA_STYLE_COLOUR('',#6252);
#6724 = CURVE_STYLE('',#6725,POSITIVE_LENGTH_MEASURE(0.1),#6255);
#6725 = DRAUGHTING_PRE_DEFINED_CURVE_FONT('continuous');
#6726 = STYLED_ITEM('color',(#6727),#1157);
#6727 = PRESENTATION_STYLE_ASSIGNMENT((#6728,#6733));
#6728 = SURFACE_STYLE_USAGE(.BOTH.,#6729);
#6729 = SURFACE_SIDE_STYLE('',(#6730));
#6730 = SURFACE_STYLE_FILL_AREA(#6731);
#6731 = FILL_AREA_STYLE('',(#6732));
#6732 = FILL_AREA_STYLE_COLOUR('',#6252);
#6733 = CURVE_STYLE('',#6734,POSITIVE_LENGTH_MEASURE(0.1),#6255);
#6734 = DRAUGHTING_PRE_DEFINED_CURVE_FONT('continuous');
#6735 = STYLED_ITEM('color',(#6736),#1159);
#6736 = PRESENTATION_STYLE_ASSIGNMENT((#6737,#6742));
#6737 = SURFACE_STYLE_USAGE(.BOTH.,#6738);
#6738 = SURFACE_SIDE_STYLE('',(#6739));
#6739 = SURFACE_STYLE_FILL_AREA(#6740);
#6740 = FILL_AREA_STYLE('',(#6741));
#6741 = FILL_AREA_STYLE_COLOUR('',#6252);
#6742 = CURVE_STYLE('',#6743,POSITIVE_LENGTH_MEASURE(0.1),#6255);
#6743 = DRAUGHTING_PRE_DEFINED_CURVE_FONT('continuous');
#6744 = STYLED_ITEM('color',(#6745),#1167);
#6745 = PRESENTATION_STYLE_ASSIGNMENT((#6746,#6751));
#6746 = SURFACE_STYLE_USAGE(.BOTH.,#6747);
#6747 = SURFACE_SIDE_STYLE('',(#6748));
#6748 = SURFACE_STYLE_FILL_AREA(#6749);
#6749 = FILL_AREA_STYLE('',(#6750));
#6750 = FILL_AREA_STYLE_COLOUR('',#6252);
#6751 = CURVE_STYLE('',#6752,POSITIVE_LENGTH_MEASURE(0.1),#6255);
#6752 = DRAUGHTING_PRE_DEFINED_CURVE_FONT('continuous');
#6753 = STYLED_ITEM('color',(#6754),#1175);
#6754 = PRESENTATION_STYLE_ASSIGNMENT((#6755,#6760));
#6755 = SURFACE_STYLE_USAGE(.BOTH.,#6756);
#6756 = SURFACE_SIDE_STYLE('',(#6757));
#6757 = SURFACE_STYLE_FILL_AREA(#6758);
#6758 = FILL_AREA_STYLE('',(#6759));
#6759 = FILL_AREA_STYLE_COLOUR('',#6252);
#6760 = CURVE_STYLE('',#6761,POSITIVE_LENGTH_MEASURE(0.1),#6255);
#6761 = DRAUGHTING_PRE_DEFINED_CURVE_FONT('continuous');
#6762 = STYLED_ITEM('color',(#6763),#1183);
#6763 = PRESENTATION_STYLE_ASSIGNMENT((#6764,#6769));
#6764 = SURFACE_STYLE_USAGE(.BOTH.,#6765);
#6765 = SURFACE_SIDE_STYLE('',(#6766));
#6766 = SURFACE_STYLE_FILL_AREA(#6767);
#6767 = FILL_AREA_STYLE('',(#6768));
#6768 = FILL_AREA_STYLE_COLOUR('',#6252);
#6769 = CURVE_STYLE('',#6770,POSITIVE_LENGTH_MEASURE(0.1),#6255);
#6770 = DRAUGHTING_PRE_DEFINED_CURVE_FONT('continuous');
#6771 = STYLED_ITEM('color',(#6772),#1191);
#6772 = PRESENTATION_STYLE_ASSIGNMENT((#6773,#6778));
#6773 = SURFACE_STYLE_USAGE(.BOTH.,#6774);
#6774 = SURFACE_SIDE_STYLE('',(#6775));
#6775 = SURFACE_STYLE_FILL_AREA(#6776);
#6776 = FILL_AREA_STYLE('',(#6777));
#6777 = FILL_AREA_STYLE_COLOUR('',#6252);
#6778 = CURVE_STYLE('',#6779,POSITIVE_LENGTH_MEASURE(0.1),#6255);
#6779 = DRAUGHTING_PRE_DEFINED_CURVE_FONT('continuous');
#6780 = STYLED_ITEM('color',(#6781),#1199);
#6781 = PRESENTATION_STYLE_ASSIGNMENT((#6782,#6787));
#6782 = SURFACE_STYLE_USAGE(.BOTH.,#6783);
#6783 = SURFACE_SIDE_STYLE('',(#6784));
#6784 = SURFACE_STYLE_FILL_AREA(#6785);
#6785 = FILL_AREA_STYLE('',(#6786));
#6786 = FILL_AREA_STYLE_COLOUR('',#6252);
#6787 = CURVE_STYLE('',#6788,POSITIVE_LENGTH_MEASURE(0.1),#6255);
#6788 = DRAUGHTING_PRE_DEFINED_CURVE_FONT('continuous');
#6789 = STYLED_ITEM('color',(#6790),#1207);
#6790 = PRESENTATION_STYLE_ASSIGNMENT((#6791,#6796));
#6791 = SURFACE_STYLE_USAGE(.BOTH.,#6792);
#6792 = SURFACE_SIDE_STYLE('',(#6793));
#6793 = SURFACE_STYLE_FILL_AREA(#6794);
#6794 = FILL_AREA_STYLE('',(#6795));
#6795 = FILL_AREA_STYLE_COLOUR('',#6252);
#6796 = CURVE_STYLE('',#6797,POSITIVE_LENGTH_MEASURE(0.1),#6255);
#6797 = DRAUGHTING_PRE_DEFINED_CURVE_FONT('continuous');
#6798 = STYLED_ITEM('color',(#6799),#1215);
#6799 = PRESENTATION_STYLE_ASSIGNMENT((#6800,#6805));
#6800 = SURFACE_STYLE_USAGE(.BOTH.,#6801);
#6801 = SURFACE_SIDE_STYLE('',(#6802));
#6802 = SURFACE_STYLE_FILL_AREA(#6803);
#6803 = FILL_AREA_STYLE('',(#6804));
#6804 = FILL_AREA_STYLE_COLOUR('',#6252);
#6805 = CURVE_STYLE('',#6806,POSITIVE_LENGTH_MEASURE(0.1),#6255);
#6806 = DRAUGHTING_PRE_DEFINED_CURVE_FONT('continuous');
#6807 = STYLED_ITEM('color',(#6808),#1223);
#6808 = PRESENTATION_STYLE_ASSIGNMENT((#6809,#6814));
#6809 = SURFACE_STYLE_USAGE(.BOTH.,#6810);
#6810 = SURFACE_SIDE_STYLE('',(#6811));
#6811 = SURFACE_STYLE_FILL_AREA(#6812);
#6812 = FILL_AREA_STYLE('',(#6813));
#6813 = FILL_AREA_STYLE_COLOUR('',#6252);
#6814 = CURVE_STYLE('',#6815,POSITIVE_LENGTH_MEASURE(0.1),#6255);
#6815 = DRAUGHTING_PRE_DEFINED_CURVE_FONT('continuous');
#6816 = STYLED_ITEM('color',(#6817),#1231);
#6817 = PRESENTATION_STYLE_ASSIGNMENT((#6818,#6823));
#6818 = SURFACE_STYLE_USAGE(.BOTH.,#6819);
#6819 = SURFACE_SIDE_STYLE('',(#6820));
#6820 = SURFACE_STYLE_FILL_AREA(#6821);
#6821 = FILL_AREA_STYLE('',(#6822));
#6822 = FILL_AREA_STYLE_COLOUR('',#6252);
#6823 = CURVE_STYLE('',#6824,POSITIVE_LENGTH_MEASURE(0.1),#6255);
#6824 = DRAUGHTING_PRE_DEFINED_CURVE_FONT('continuous');
#6825 = STYLED_ITEM('color',(#6826),#1239);
#6826 = PRESENTATION_STYLE_ASSIGNMENT((#6827,#6832));
#6827 = SURFACE_STYLE_USAGE(.BOTH.,#6828);
#6828 = SURFACE_SIDE_STYLE('',(#6829));
#6829 = SURFACE_STYLE_FILL_AREA(#6830);
#6830 = FILL_AREA_STYLE('',(#6831));
#6831 = FILL_AREA_STYLE_COLOUR('',#6252);
#6832 = CURVE_STYLE('',#6833,POSITIVE_LENGTH_MEASURE(0.1),#6255);
#6833 = DRAUGHTING_PRE_DEFINED_CURVE_FONT('continuous');
#6834 = STYLED_ITEM('color',(#6835),#1255);
#6835 = PRESENTATION_STYLE_ASSIGNMENT((#6836,#6841));
#6836 = SURFACE_STYLE_USAGE(.BOTH.,#6837);
#6837 = SURFACE_SIDE_STYLE('',(#6838));
#6838 = SURFACE_STYLE_FILL_AREA(#6839);
#6839 = FILL_AREA_STYLE('',(#6840));
#6840 = FILL_AREA_STYLE_COLOUR('',#6252);
#6841 = CURVE_STYLE('',#6842,POSITIVE_LENGTH_MEASURE(0.1),#6255);
#6842 = DRAUGHTING_PRE_DEFINED_CURVE_FONT('continuous');
#6843 = STYLED_ITEM('color',(#6844),#1257);
#6844 = PRESENTATION_STYLE_ASSIGNMENT((#6845,#6850));
#6845 = SURFACE_STYLE_USAGE(.BOTH.,#6846);
#6846 = SURFACE_SIDE_STYLE('',(#6847));
#6847 = SURFACE_STYLE_FILL_AREA(#6848);
#6848 = FILL_AREA_STYLE('',(#6849));
#6849 = FILL_AREA_STYLE_COLOUR('',#6252);
#6850 = CURVE_STYLE('',#6851,POSITIVE_LENGTH_MEASURE(0.1),#6255);
#6851 = DRAUGHTING_PRE_DEFINED_CURVE_FONT('continuous');
#6852 = STYLED_ITEM('color',(#6853),#1265);
#6853 = PRESENTATION_STYLE_ASSIGNMENT((#6854,#6859));
#6854 = SURFACE_STYLE_USAGE(.BOTH.,#6855);
#6855 = SURFACE_SIDE_STYLE('',(#6856));
#6856 = SURFACE_STYLE_FILL_AREA(#6857);
#6857 = FILL_AREA_STYLE('',(#6858));
#6858 = FILL_AREA_STYLE_COLOUR('',#6252);
#6859 = CURVE_STYLE('',#6860,POSITIVE_LENGTH_MEASURE(0.1),#6255);
#6860 = DRAUGHTING_PRE_DEFINED_CURVE_FONT('continuous');
#6861 = STYLED_ITEM('color',(#6862),#1273);
#6862 = PRESENTATION_STYLE_ASSIGNMENT((#6863,#6868));
#6863 = SURFACE_STYLE_USAGE(.BOTH.,#6864);
#6864 = SURFACE_SIDE_STYLE('',(#6865));
#6865 = SURFACE_STYLE_FILL_AREA(#6866);
#6866 = FILL_AREA_STYLE('',(#6867));
#6867 = FILL_AREA_STYLE_COLOUR('',#6252);
#6868 = CURVE_STYLE('',#6869,POSITIVE_LENGTH_MEASURE(0.1),#6255);
#6869 = DRAUGHTING_PRE_DEFINED_CURVE_FONT('continuous');
#6870 = STYLED_ITEM('color',(#6871),#1281);
#6871 = PRESENTATION_STYLE_ASSIGNMENT((#6872,#6877));
#6872 = SURFACE_STYLE_USAGE(.BOTH.,#6873);
#6873 = SURFACE_SIDE_STYLE('',(#6874));
#6874 = SURFACE_STYLE_FILL_AREA(#6875);
#6875 = FILL_AREA_STYLE('',(#6876));
#6876 = FILL_AREA_STYLE_COLOUR('',#6252);
#6877 = CURVE_STYLE('',#6878,POSITIVE_LENGTH_MEASURE(0.1),#6255);
#6878 = DRAUGHTING_PRE_DEFINED_CURVE_FONT('continuous');
#6879 = STYLED_ITEM('color',(#6880),#1312);
#6880 = PRESENTATION_STYLE_ASSIGNMENT((#6881,#6886));
#6881 = SURFACE_STYLE_USAGE(.BOTH.,#6882);
#6882 = SURFACE_SIDE_STYLE('',(#6883));
#6883 = SURFACE_STYLE_FILL_AREA(#6884);
#6884 = FILL_AREA_STYLE('',(#6885));
#6885 = FILL_AREA_STYLE_COLOUR('',#6252);
#6886 = CURVE_STYLE('',#6887,POSITIVE_LENGTH_MEASURE(0.1),#6255);
#6887 = DRAUGHTING_PRE_DEFINED_CURVE_FONT('continuous');
#6888 = STYLED_ITEM('color',(#6889),#1320);
#6889 = PRESENTATION_STYLE_ASSIGNMENT((#6890,#6895));
#6890 = SURFACE_STYLE_USAGE(.BOTH.,#6891);
#6891 = SURFACE_SIDE_STYLE('',(#6892));
#6892 = SURFACE_STYLE_FILL_AREA(#6893);
#6893 = FILL_AREA_STYLE('',(#6894));
#6894 = FILL_AREA_STYLE_COLOUR('',#6252);
#6895 = CURVE_STYLE('',#6896,POSITIVE_LENGTH_MEASURE(0.1),#6255);
#6896 = DRAUGHTING_PRE_DEFINED_CURVE_FONT('continuous');
#6897 = STYLED_ITEM('color',(#6898),#1328);
#6898 = PRESENTATION_STYLE_ASSIGNMENT((#6899,#6904));
#6899 = SURFACE_STYLE_USAGE(.BOTH.,#6900);
#6900 = SURFACE_SIDE_STYLE('',(#6901));
#6901 = SURFACE_STYLE_FILL_AREA(#6902);
#6902 = FILL_AREA_STYLE('',(#6903));
#6903 = FILL_AREA_STYLE_COLOUR('',#6252);
#6904 = CURVE_STYLE('',#6905,POSITIVE_LENGTH_MEASURE(0.1),#6255);
#6905 = DRAUGHTING_PRE_DEFINED_CURVE_FONT('continuous');
#6906 = STYLED_ITEM('color',(#6907),#1336);
#6907 = PRESENTATION_STYLE_ASSIGNMENT((#6908,#6913));
#6908 = SURFACE_STYLE_USAGE(.BOTH.,#6909);
#6909 = SURFACE_SIDE_STYLE('',(#6910));
#6910 = SURFACE_STYLE_FILL_AREA(#6911);
#6911 = FILL_AREA_STYLE('',(#6912));
#6912 = FILL_AREA_STYLE_COLOUR('',#6252);
#6913 = CURVE_STYLE('',#6914,POSITIVE_LENGTH_MEASURE(0.1),#6255);
#6914 = DRAUGHTING_PRE_DEFINED_CURVE_FONT('continuous');
#6915 = STYLED_ITEM('color',(#6916),#1352);
#6916 = PRESENTATION_STYLE_ASSIGNMENT((#6917,#6922));
#6917 = SURFACE_STYLE_USAGE(.BOTH.,#6918);
#6918 = SURFACE_SIDE_STYLE('',(#6919));
#6919 = SURFACE_STYLE_FILL_AREA(#6920);
#6920 = FILL_AREA_STYLE('',(#6921));
#6921 = FILL_AREA_STYLE_COLOUR('',#6252);
#6922 = CURVE_STYLE('',#6923,POSITIVE_LENGTH_MEASURE(0.1),#6255);
#6923 = DRAUGHTING_PRE_DEFINED_CURVE_FONT('continuous');
#6924 = STYLED_ITEM('color',(#6925),#1360);
#6925 = PRESENTATION_STYLE_ASSIGNMENT((#6926,#6931));
#6926 = SURFACE_STYLE_USAGE(.BOTH.,#6927);
#6927 = SURFACE_SIDE_STYLE('',(#6928));
#6928 = SURFACE_STYLE_FILL_AREA(#6929);
#6929 = FILL_AREA_STYLE('',(#6930));
#6930 = FILL_AREA_STYLE_COLOUR('',#6252);
#6931 = CURVE_STYLE('',#6932,POSITIVE_LENGTH_MEASURE(0.1),#6255);
#6932 = DRAUGHTING_PRE_DEFINED_CURVE_FONT('continuous');
#6933 = STYLED_ITEM('color',(#6934),#1368);
#6934 = PRESENTATION_STYLE_ASSIGNMENT((#6935,#6940));
#6935 = SURFACE_STYLE_USAGE(.BOTH.,#6936);
#6936 = SURFACE_SIDE_STYLE('',(#6937));
#6937 = SURFACE_STYLE_FILL_AREA(#6938);
#6938 = FILL_AREA_STYLE('',(#6939));
#6939 = FILL_AREA_STYLE_COLOUR('',#6252);
#6940 = CURVE_STYLE('',#6941,POSITIVE_LENGTH_MEASURE(0.1),#6255);
#6941 = DRAUGHTING_PRE_DEFINED_CURVE_FONT('continuous');
#6942 = STYLED_ITEM('color',(#6943),#1390);
#6943 = PRESENTATION_STYLE_ASSIGNMENT((#6944,#6949));
#6944 = SURFACE_STYLE_USAGE(.BOTH.,#6945);
#6945 = SURFACE_SIDE_STYLE('',(#6946));
#6946 = SURFACE_STYLE_FILL_AREA(#6947);
#6947 = FILL_AREA_STYLE('',(#6948));
#6948 = FILL_AREA_STYLE_COLOUR('',#6252);
#6949 = CURVE_STYLE('',#6950,POSITIVE_LENGTH_MEASURE(0.1),#6255);
#6950 = DRAUGHTING_PRE_DEFINED_CURVE_FONT('continuous');
#6951 = STYLED_ITEM('color',(#6952),#1417);
#6952 = PRESENTATION_STYLE_ASSIGNMENT((#6953,#6958));
#6953 = SURFACE_STYLE_USAGE(.BOTH.,#6954);
#6954 = SURFACE_SIDE_STYLE('',(#6955));
#6955 = SURFACE_STYLE_FILL_AREA(#6956);
#6956 = FILL_AREA_STYLE('',(#6957));
#6957 = FILL_AREA_STYLE_COLOUR('',#6252);
#6958 = CURVE_STYLE('',#6959,POSITIVE_LENGTH_MEASURE(0.1),#6255);
#6959 = DRAUGHTING_PRE_DEFINED_CURVE_FONT('continuous');
#6960 = STYLED_ITEM('color',(#6961),#1425);
#6961 = PRESENTATION_STYLE_ASSIGNMENT((#6962,#6967));
#6962 = SURFACE_STYLE_USAGE(.BOTH.,#6963);
#6963 = SURFACE_SIDE_STYLE('',(#6964));
#6964 = SURFACE_STYLE_FILL_AREA(#6965);
#6965 = FILL_AREA_STYLE('',(#6966));
#6966 = FILL_AREA_STYLE_COLOUR('',#6252);
#6967 = CURVE_STYLE('',#6968,POSITIVE_LENGTH_MEASURE(0.1),#6255);
#6968 = DRAUGHTING_PRE_DEFINED_CURVE_FONT('continuous');
#6969 = STYLED_ITEM('color',(#6970),#1447);
#6970 = PRESENTATION_STYLE_ASSIGNMENT((#6971,#6976));
#6971 = SURFACE_STYLE_USAGE(.BOTH.,#6972);
#6972 = SURFACE_SIDE_STYLE('',(#6973));
#6973 = SURFACE_STYLE_FILL_AREA(#6974);
#6974 = FILL_AREA_STYLE('',(#6975));
#6975 = FILL_AREA_STYLE_COLOUR('',#6252);
#6976 = CURVE_STYLE('',#6977,POSITIVE_LENGTH_MEASURE(0.1),#6255);
#6977 = DRAUGHTING_PRE_DEFINED_CURVE_FONT('continuous');
#6978 = STYLED_ITEM('color',(#6979),#1449);
#6979 = PRESENTATION_STYLE_ASSIGNMENT((#6980,#6985));
#6980 = SURFACE_STYLE_USAGE(.BOTH.,#6981);
#6981 = SURFACE_SIDE_STYLE('',(#6982));
#6982 = SURFACE_STYLE_FILL_AREA(#6983);
#6983 = FILL_AREA_STYLE('',(#6984));
#6984 = FILL_AREA_STYLE_COLOUR('',#6252);
#6985 = CURVE_STYLE('',#6986,POSITIVE_LENGTH_MEASURE(0.1),#6255);
#6986 = DRAUGHTING_PRE_DEFINED_CURVE_FONT('continuous');
#6987 = STYLED_ITEM('color',(#6988),#1478);
#6988 = PRESENTATION_STYLE_ASSIGNMENT((#6989,#6994));
#6989 = SURFACE_STYLE_USAGE(.BOTH.,#6990);
#6990 = SURFACE_SIDE_STYLE('',(#6991));
#6991 = SURFACE_STYLE_FILL_AREA(#6992);
#6992 = FILL_AREA_STYLE('',(#6993));
#6993 = FILL_AREA_STYLE_COLOUR('',#6252);
#6994 = CURVE_STYLE('',#6995,POSITIVE_LENGTH_MEASURE(0.1),#6255);
#6995 = DRAUGHTING_PRE_DEFINED_CURVE_FONT('continuous');
#6996 = STYLED_ITEM('color',(#6997),#1480);
#6997 = PRESENTATION_STYLE_ASSIGNMENT((#6998,#7003));
#6998 = SURFACE_STYLE_USAGE(.BOTH.,#6999);
#6999 = SURFACE_SIDE_STYLE('',(#7000));
#7000 = SURFACE_STYLE_FILL_AREA(#7001);
#7001 = FILL_AREA_STYLE('',(#7002));
#7002 = FILL_AREA_STYLE_COLOUR('',#6252);
#7003 = CURVE_STYLE('',#7004,POSITIVE_LENGTH_MEASURE(0.1),#6255);
#7004 = DRAUGHTING_PRE_DEFINED_CURVE_FONT('continuous');
#7005 = STYLED_ITEM('color',(#7006),#1496);
#7006 = PRESENTATION_STYLE_ASSIGNMENT((#7007,#7012));
#7007 = SURFACE_STYLE_USAGE(.BOTH.,#7008);
#7008 = SURFACE_SIDE_STYLE('',(#7009));
#7009 = SURFACE_STYLE_FILL_AREA(#7010);
#7010 = FILL_AREA_STYLE('',(#7011));
#7011 = FILL_AREA_STYLE_COLOUR('',#6252);
#7012 = CURVE_STYLE('',#7013,POSITIVE_LENGTH_MEASURE(0.1),#6255);
#7013 = DRAUGHTING_PRE_DEFINED_CURVE_FONT('continuous');
#7014 = STYLED_ITEM('color',(#7015),#1519);
#7015 = PRESENTATION_STYLE_ASSIGNMENT((#7016,#7021));
#7016 = SURFACE_STYLE_USAGE(.BOTH.,#7017);
#7017 = SURFACE_SIDE_STYLE('',(#7018));
#7018 = SURFACE_STYLE_FILL_AREA(#7019);
#7019 = FILL_AREA_STYLE('',(#7020));
#7020 = FILL_AREA_STYLE_COLOUR('',#6252);
#7021 = CURVE_STYLE('',#7022,POSITIVE_LENGTH_MEASURE(0.1),#6255);
#7022 = DRAUGHTING_PRE_DEFINED_CURVE_FONT('continuous');
#7023 = STYLED_ITEM('color',(#7024),#1527);
#7024 = PRESENTATION_STYLE_ASSIGNMENT((#7025,#7030));
#7025 = SURFACE_STYLE_USAGE(.BOTH.,#7026);
#7026 = SURFACE_SIDE_STYLE('',(#7027));
#7027 = SURFACE_STYLE_FILL_AREA(#7028);
#7028 = FILL_AREA_STYLE('',(#7029));
#7029 = FILL_AREA_STYLE_COLOUR('',#6252);
#7030 = CURVE_STYLE('',#7031,POSITIVE_LENGTH_MEASURE(0.1),#6255);
#7031 = DRAUGHTING_PRE_DEFINED_CURVE_FONT('continuous');
#7032 = STYLED_ITEM('color',(#7033),#1535);
#7033 = PRESENTATION_STYLE_ASSIGNMENT((#7034,#7039));
#7034 = SURFACE_STYLE_USAGE(.BOTH.,#7035);
#7035 = SURFACE_SIDE_STYLE('',(#7036));
#7036 = SURFACE_STYLE_FILL_AREA(#7037);
#7037 = FILL_AREA_STYLE('',(#7038));
#7038 = FILL_AREA_STYLE_COLOUR('',#6252);
#7039 = CURVE_STYLE('',#7040,POSITIVE_LENGTH_MEASURE(0.1),#6255);
#7040 = DRAUGHTING_PRE_DEFINED_CURVE_FONT('continuous');
#7041 = STYLED_ITEM('color',(#7042),#1543);
#7042 = PRESENTATION_STYLE_ASSIGNMENT((#7043,#7048));
#7043 = SURFACE_STYLE_USAGE(.BOTH.,#7044);
#7044 = SURFACE_SIDE_STYLE('',(#7045));
#7045 = SURFACE_STYLE_FILL_AREA(#7046);
#7046 = FILL_AREA_STYLE('',(#7047));
#7047 = FILL_AREA_STYLE_COLOUR('',#6252);
#7048 = CURVE_STYLE('',#7049,POSITIVE_LENGTH_MEASURE(0.1),#6255);
#7049 = DRAUGHTING_PRE_DEFINED_CURVE_FONT('continuous');
#7050 = STYLED_ITEM('color',(#7051),#1565);
#7051 = PRESENTATION_STYLE_ASSIGNMENT((#7052,#7057));
#7052 = SURFACE_STYLE_USAGE(.BOTH.,#7053);
#7053 = SURFACE_SIDE_STYLE('',(#7054));
#7054 = SURFACE_STYLE_FILL_AREA(#7055);
#7055 = FILL_AREA_STYLE('',(#7056));
#7056 = FILL_AREA_STYLE_COLOUR('',#6252);
#7057 = CURVE_STYLE('',#7058,POSITIVE_LENGTH_MEASURE(0.1),#6255);
#7058 = DRAUGHTING_PRE_DEFINED_CURVE_FONT('continuous');
#7059 = STYLED_ITEM('color',(#7060),#1589);
#7060 = PRESENTATION_STYLE_ASSIGNMENT((#7061,#7066));
#7061 = SURFACE_STYLE_USAGE(.BOTH.,#7062);
#7062 = SURFACE_SIDE_STYLE('',(#7063));
#7063 = SURFACE_STYLE_FILL_AREA(#7064);
#7064 = FILL_AREA_STYLE('',(#7065));
#7065 = FILL_AREA_STYLE_COLOUR('',#6252);
#7066 = CURVE_STYLE('',#7067,POSITIVE_LENGTH_MEASURE(0.1),#6255);
#7067 = DRAUGHTING_PRE_DEFINED_CURVE_FONT('continuous');
#7068 = STYLED_ITEM('color',(#7069),#1591);
#7069 = PRESENTATION_STYLE_ASSIGNMENT((#7070,#7075));
#7070 = SURFACE_STYLE_USAGE(.BOTH.,#7071);
#7071 = SURFACE_SIDE_STYLE('',(#7072));
#7072 = SURFACE_STYLE_FILL_AREA(#7073);
#7073 = FILL_AREA_STYLE('',(#7074));
#7074 = FILL_AREA_STYLE_COLOUR('',#6252);
#7075 = CURVE_STYLE('',#7076,POSITIVE_LENGTH_MEASURE(0.1),#6255);
#7076 = DRAUGHTING_PRE_DEFINED_CURVE_FONT('continuous');
#7077 = STYLED_ITEM('color',(#7078),#1607);
#7078 = PRESENTATION_STYLE_ASSIGNMENT((#7079,#7084));
#7079 = SURFACE_STYLE_USAGE(.BOTH.,#7080);
#7080 = SURFACE_SIDE_STYLE('',(#7081));
#7081 = SURFACE_STYLE_FILL_AREA(#7082);
#7082 = FILL_AREA_STYLE('',(#7083));
#7083 = FILL_AREA_STYLE_COLOUR('',#6252);
#7084 = CURVE_STYLE('',#7085,POSITIVE_LENGTH_MEASURE(0.1),#6255);
#7085 = DRAUGHTING_PRE_DEFINED_CURVE_FONT('continuous');
#7086 = STYLED_ITEM('color',(#7087),#1664);
#7087 = PRESENTATION_STYLE_ASSIGNMENT((#7088,#7093));
#7088 = SURFACE_STYLE_USAGE(.BOTH.,#7089);
#7089 = SURFACE_SIDE_STYLE('',(#7090));
#7090 = SURFACE_STYLE_FILL_AREA(#7091);
#7091 = FILL_AREA_STYLE('',(#7092));
#7092 = FILL_AREA_STYLE_COLOUR('',#6252);
#7093 = CURVE_STYLE('',#7094,POSITIVE_LENGTH_MEASURE(0.1),#6255);
#7094 = DRAUGHTING_PRE_DEFINED_CURVE_FONT('continuous');
#7095 = STYLED_ITEM('color',(#7096),#1672);
#7096 = PRESENTATION_STYLE_ASSIGNMENT((#7097,#7102));
#7097 = SURFACE_STYLE_USAGE(.BOTH.,#7098);
#7098 = SURFACE_SIDE_STYLE('',(#7099));
#7099 = SURFACE_STYLE_FILL_AREA(#7100);
#7100 = FILL_AREA_STYLE('',(#7101));
#7101 = FILL_AREA_STYLE_COLOUR('',#6252);
#7102 = CURVE_STYLE('',#7103,POSITIVE_LENGTH_MEASURE(0.1),#6255);
#7103 = DRAUGHTING_PRE_DEFINED_CURVE_FONT('continuous');
#7104 = STYLED_ITEM('color',(#7105),#1680);
#7105 = PRESENTATION_STYLE_ASSIGNMENT((#7106,#7111));
#7106 = SURFACE_STYLE_USAGE(.BOTH.,#7107);
#7107 = SURFACE_SIDE_STYLE('',(#7108));
#7108 = SURFACE_STYLE_FILL_AREA(#7109);
#7109 = FILL_AREA_STYLE('',(#7110));
#7110 = FILL_AREA_STYLE_COLOUR('',#6252);
#7111 = CURVE_STYLE('',#7112,POSITIVE_LENGTH_MEASURE(0.1),#6255);
#7112 = DRAUGHTING_PRE_DEFINED_CURVE_FONT('continuous');
#7113 = STYLED_ITEM('color',(#7114),#1733);
#7114 = PRESENTATION_STYLE_ASSIGNMENT((#7115,#7120));
#7115 = SURFACE_STYLE_USAGE(.BOTH.,#7116);
#7116 = SURFACE_SIDE_STYLE('',(#7117));
#7117 = SURFACE_STYLE_FILL_AREA(#7118);
#7118 = FILL_AREA_STYLE('',(#7119));
#7119 = FILL_AREA_STYLE_COLOUR('',#6252);
#7120 = CURVE_STYLE('',#7121,POSITIVE_LENGTH_MEASURE(0.1),#6255);
#7121 = DRAUGHTING_PRE_DEFINED_CURVE_FONT('continuous');
#7122 = STYLED_ITEM('color',(#7123),#1741);
#7123 = PRESENTATION_STYLE_ASSIGNMENT((#7124,#7129));
#7124 = SURFACE_STYLE_USAGE(.BOTH.,#7125);
#7125 = SURFACE_SIDE_STYLE('',(#7126));
#7126 = SURFACE_STYLE_FILL_AREA(#7127);
#7127 = FILL_AREA_STYLE('',(#7128));
#7128 = FILL_AREA_STYLE_COLOUR('',#6252);
#7129 = CURVE_STYLE('',#7130,POSITIVE_LENGTH_MEASURE(0.1),#6255);
#7130 = DRAUGHTING_PRE_DEFINED_CURVE_FONT('continuous');
#7131 = STYLED_ITEM('color',(#7132),#1749);
#7132 = PRESENTATION_STYLE_ASSIGNMENT((#7133,#7138));
#7133 = SURFACE_STYLE_USAGE(.BOTH.,#7134);
#7134 = SURFACE_SIDE_STYLE('',(#7135));
#7135 = SURFACE_STYLE_FILL_AREA(#7136);
#7136 = FILL_AREA_STYLE('',(#7137));
#7137 = FILL_AREA_STYLE_COLOUR('',#6252);
#7138 = CURVE_STYLE('',#7139,POSITIVE_LENGTH_MEASURE(0.1),#6255);
#7139 = DRAUGHTING_PRE_DEFINED_CURVE_FONT('continuous');
#7140 = STYLED_ITEM('color',(#7141),#1772);
#7141 = PRESENTATION_STYLE_ASSIGNMENT((#7142,#7147));
#7142 = SURFACE_STYLE_USAGE(.BOTH.,#7143);
#7143 = SURFACE_SIDE_STYLE('',(#7144));
#7144 = SURFACE_STYLE_FILL_AREA(#7145);
#7145 = FILL_AREA_STYLE('',(#7146));
#7146 = FILL_AREA_STYLE_COLOUR('',#6252);
#7147 = CURVE_STYLE('',#7148,POSITIVE_LENGTH_MEASURE(0.1),#6255);
#7148 = DRAUGHTING_PRE_DEFINED_CURVE_FONT('continuous');
#7149 = STYLED_ITEM('color',(#7150),#1796);
#7150 = PRESENTATION_STYLE_ASSIGNMENT((#7151,#7156));
#7151 = SURFACE_STYLE_USAGE(.BOTH.,#7152);
#7152 = SURFACE_SIDE_STYLE('',(#7153));
#7153 = SURFACE_STYLE_FILL_AREA(#7154);
#7154 = FILL_AREA_STYLE('',(#7155));
#7155 = FILL_AREA_STYLE_COLOUR('',#6252);
#7156 = CURVE_STYLE('',#7157,POSITIVE_LENGTH_MEASURE(0.1),#6255);
#7157 = DRAUGHTING_PRE_DEFINED_CURVE_FONT('continuous');
#7158 = STYLED_ITEM('color',(#7159),#1828);
#7159 = PRESENTATION_STYLE_ASSIGNMENT((#7160,#7165));
#7160 = SURFACE_STYLE_USAGE(.BOTH.,#7161);
#7161 = SURFACE_SIDE_STYLE('',(#7162));
#7162 = SURFACE_STYLE_FILL_AREA(#7163);
#7163 = FILL_AREA_STYLE('',(#7164));
#7164 = FILL_AREA_STYLE_COLOUR('',#6252);
#7165 = CURVE_STYLE('',#7166,POSITIVE_LENGTH_MEASURE(0.1),#6255);
#7166 = DRAUGHTING_PRE_DEFINED_CURVE_FONT('continuous');
#7167 = STYLED_ITEM('color',(#7168),#1869);
#7168 = PRESENTATION_STYLE_ASSIGNMENT((#7169,#7174));
#7169 = SURFACE_STYLE_USAGE(.BOTH.,#7170);
#7170 = SURFACE_SIDE_STYLE('',(#7171));
#7171 = SURFACE_STYLE_FILL_AREA(#7172);
#7172 = FILL_AREA_STYLE('',(#7173));
#7173 = FILL_AREA_STYLE_COLOUR('',#6252);
#7174 = CURVE_STYLE('',#7175,POSITIVE_LENGTH_MEASURE(0.1),#6255);
#7175 = DRAUGHTING_PRE_DEFINED_CURVE_FONT('continuous');
#7176 = STYLED_ITEM('color',(#7177),#1902);
#7177 = PRESENTATION_STYLE_ASSIGNMENT((#7178,#7183));
#7178 = SURFACE_STYLE_USAGE(.BOTH.,#7179);
#7179 = SURFACE_SIDE_STYLE('',(#7180));
#7180 = SURFACE_STYLE_FILL_AREA(#7181);
#7181 = FILL_AREA_STYLE('',(#7182));
#7182 = FILL_AREA_STYLE_COLOUR('',#6252);
#7183 = CURVE_STYLE('',#7184,POSITIVE_LENGTH_MEASURE(0.1),#6255);
#7184 = DRAUGHTING_PRE_DEFINED_CURVE_FONT('continuous');
#7185 = STYLED_ITEM('color',(#7186),#1910);
#7186 = PRESENTATION_STYLE_ASSIGNMENT((#7187,#7192));
#7187 = SURFACE_STYLE_USAGE(.BOTH.,#7188);
#7188 = SURFACE_SIDE_STYLE('',(#7189));
#7189 = SURFACE_STYLE_FILL_AREA(#7190);
#7190 = FILL_AREA_STYLE('',(#7191));
#7191 = FILL_AREA_STYLE_COLOUR('',#6252);
#7192 = CURVE_STYLE('',#7193,POSITIVE_LENGTH_MEASURE(0.1),#6255);
#7193 = DRAUGHTING_PRE_DEFINED_CURVE_FONT('continuous');
#7194 = STYLED_ITEM('color',(#7195),#1933);
#7195 = PRESENTATION_STYLE_ASSIGNMENT((#7196,#7201));
#7196 = SURFACE_STYLE_USAGE(.BOTH.,#7197);
#7197 = SURFACE_SIDE_STYLE('',(#7198));
#7198 = SURFACE_STYLE_FILL_AREA(#7199);
#7199 = FILL_AREA_STYLE('',(#7200));
#7200 = FILL_AREA_STYLE_COLOUR('',#6252);
#7201 = CURVE_STYLE('',#7202,POSITIVE_LENGTH_MEASURE(0.1),#6255);
#7202 = DRAUGHTING_PRE_DEFINED_CURVE_FONT('continuous');
#7203 = STYLED_ITEM('color',(#7204),#1941);
#7204 = PRESENTATION_STYLE_ASSIGNMENT((#7205,#7210));
#7205 = SURFACE_STYLE_USAGE(.BOTH.,#7206);
#7206 = SURFACE_SIDE_STYLE('',(#7207));
#7207 = SURFACE_STYLE_FILL_AREA(#7208);
#7208 = FILL_AREA_STYLE('',(#7209));
#7209 = FILL_AREA_STYLE_COLOUR('',#6252);
#7210 = CURVE_STYLE('',#7211,POSITIVE_LENGTH_MEASURE(0.1),#6255);
#7211 = DRAUGHTING_PRE_DEFINED_CURVE_FONT('continuous');
#7212 = STYLED_ITEM('color',(#7213),#1965);
#7213 = PRESENTATION_STYLE_ASSIGNMENT((#7214,#7219));
#7214 = SURFACE_STYLE_USAGE(.BOTH.,#7215);
#7215 = SURFACE_SIDE_STYLE('',(#7216));
#7216 = SURFACE_STYLE_FILL_AREA(#7217);
#7217 = FILL_AREA_STYLE('',(#7218));
#7218 = FILL_AREA_STYLE_COLOUR('',#6252);
#7219 = CURVE_STYLE('',#7220,POSITIVE_LENGTH_MEASURE(0.1),#6255);
#7220 = DRAUGHTING_PRE_DEFINED_CURVE_FONT('continuous');
#7221 = STYLED_ITEM('color',(#7222),#1973);
#7222 = PRESENTATION_STYLE_ASSIGNMENT((#7223,#7228));
#7223 = SURFACE_STYLE_USAGE(.BOTH.,#7224);
#7224 = SURFACE_SIDE_STYLE('',(#7225));
#7225 = SURFACE_STYLE_FILL_AREA(#7226);
#7226 = FILL_AREA_STYLE('',(#7227));
#7227 = FILL_AREA_STYLE_COLOUR('',#6252);
#7228 = CURVE_STYLE('',#7229,POSITIVE_LENGTH_MEASURE(0.1),#6255);
#7229 = DRAUGHTING_PRE_DEFINED_CURVE_FONT('continuous');
#7230 = STYLED_ITEM('color',(#7231),#1981);
#7231 = PRESENTATION_STYLE_ASSIGNMENT((#7232,#7237));
#7232 = SURFACE_STYLE_USAGE(.BOTH.,#7233);
#7233 = SURFACE_SIDE_STYLE('',(#7234));
#7234 = SURFACE_STYLE_FILL_AREA(#7235);
#7235 = FILL_AREA_STYLE('',(#7236));
#7236 = FILL_AREA_STYLE_COLOUR('',#6252);
#7237 = CURVE_STYLE('',#7238,POSITIVE_LENGTH_MEASURE(0.1),#6255);
#7238 = DRAUGHTING_PRE_DEFINED_CURVE_FONT('continuous');
#7239 = STYLED_ITEM('color',(#7240),#2013);
#7240 = PRESENTATION_STYLE_ASSIGNMENT((#7241,#7246));
#7241 = SURFACE_STYLE_USAGE(.BOTH.,#7242);
#7242 = SURFACE_SIDE_STYLE('',(#7243));
#7243 = SURFACE_STYLE_FILL_AREA(#7244);
#7244 = FILL_AREA_STYLE('',(#7245));
#7245 = FILL_AREA_STYLE_COLOUR('',#6252);
#7246 = CURVE_STYLE('',#7247,POSITIVE_LENGTH_MEASURE(0.1),#6255);
#7247 = DRAUGHTING_PRE_DEFINED_CURVE_FONT('continuous');
#7248 = STYLED_ITEM('color',(#7249),#2037);
#7249 = PRESENTATION_STYLE_ASSIGNMENT((#7250,#7255));
#7250 = SURFACE_STYLE_USAGE(.BOTH.,#7251);
#7251 = SURFACE_SIDE_STYLE('',(#7252));
#7252 = SURFACE_STYLE_FILL_AREA(#7253);
#7253 = FILL_AREA_STYLE('',(#7254));
#7254 = FILL_AREA_STYLE_COLOUR('',#6252);
#7255 = CURVE_STYLE('',#7256,POSITIVE_LENGTH_MEASURE(0.1),#6255);
#7256 = DRAUGHTING_PRE_DEFINED_CURVE_FONT('continuous');
#7257 = STYLED_ITEM('color',(#7258),#2197);
#7258 = PRESENTATION_STYLE_ASSIGNMENT((#7259,#7264));
#7259 = SURFACE_STYLE_USAGE(.BOTH.,#7260);
#7260 = SURFACE_SIDE_STYLE('',(#7261));
#7261 = SURFACE_STYLE_FILL_AREA(#7262);
#7262 = FILL_AREA_STYLE('',(#7263));
#7263 = FILL_AREA_STYLE_COLOUR('',#6252);
#7264 = CURVE_STYLE('',#7265,POSITIVE_LENGTH_MEASURE(0.1),#6255);
#7265 = DRAUGHTING_PRE_DEFINED_CURVE_FONT('continuous');
#7266 = STYLED_ITEM('color',(#7267),#2205);
#7267 = PRESENTATION_STYLE_ASSIGNMENT((#7268,#7273));
#7268 = SURFACE_STYLE_USAGE(.BOTH.,#7269);
#7269 = SURFACE_SIDE_STYLE('',(#7270));
#7270 = SURFACE_STYLE_FILL_AREA(#7271);
#7271 = FILL_AREA_STYLE('',(#7272));
#7272 = FILL_AREA_STYLE_COLOUR('',#6252);
#7273 = CURVE_STYLE('',#7274,POSITIVE_LENGTH_MEASURE(0.1),#6255);
#7274 = DRAUGHTING_PRE_DEFINED_CURVE_FONT('continuous');
#7275 = STYLED_ITEM('color',(#7276),#2248);
#7276 = PRESENTATION_STYLE_ASSIGNMENT((#7277,#7282));
#7277 = SURFACE_STYLE_USAGE(.BOTH.,#7278);
#7278 = SURFACE_SIDE_STYLE('',(#7279));
#7279 = SURFACE_STYLE_FILL_AREA(#7280);
#7280 = FILL_AREA_STYLE('',(#7281));
#7281 = FILL_AREA_STYLE_COLOUR('',#6252);
#7282 = CURVE_STYLE('',#7283,POSITIVE_LENGTH_MEASURE(0.1),#6255);
#7283 = DRAUGHTING_PRE_DEFINED_CURVE_FONT('continuous');
#7284 = STYLED_ITEM('color',(#7285),#2250);
#7285 = PRESENTATION_STYLE_ASSIGNMENT((#7286,#7291));
#7286 = SURFACE_STYLE_USAGE(.BOTH.,#7287);
#7287 = SURFACE_SIDE_STYLE('',(#7288));
#7288 = SURFACE_STYLE_FILL_AREA(#7289);
#7289 = FILL_AREA_STYLE('',(#7290));
#7290 = FILL_AREA_STYLE_COLOUR('',#6252);
#7291 = CURVE_STYLE('',#7292,POSITIVE_LENGTH_MEASURE(0.1),#6255);
#7292 = DRAUGHTING_PRE_DEFINED_CURVE_FONT('continuous');
#7293 = STYLED_ITEM('color',(#7294),#2258);
#7294 = PRESENTATION_STYLE_ASSIGNMENT((#7295,#7300));
#7295 = SURFACE_STYLE_USAGE(.BOTH.,#7296);
#7296 = SURFACE_SIDE_STYLE('',(#7297));
#7297 = SURFACE_STYLE_FILL_AREA(#7298);
#7298 = FILL_AREA_STYLE('',(#7299));
#7299 = FILL_AREA_STYLE_COLOUR('',#6252);
#7300 = CURVE_STYLE('',#7301,POSITIVE_LENGTH_MEASURE(0.1),#6255);
#7301 = DRAUGHTING_PRE_DEFINED_CURVE_FONT('continuous');
#7302 = STYLED_ITEM('color',(#7303),#2266);
#7303 = PRESENTATION_STYLE_ASSIGNMENT((#7304,#7309));
#7304 = SURFACE_STYLE_USAGE(.BOTH.,#7305);
#7305 = SURFACE_SIDE_STYLE('',(#7306));
#7306 = SURFACE_STYLE_FILL_AREA(#7307);
#7307 = FILL_AREA_STYLE('',(#7308));
#7308 = FILL_AREA_STYLE_COLOUR('',#6252);
#7309 = CURVE_STYLE('',#7310,POSITIVE_LENGTH_MEASURE(0.1),#6255);
#7310 = DRAUGHTING_PRE_DEFINED_CURVE_FONT('continuous');
#7311 = STYLED_ITEM('color',(#7312),#2282);
#7312 = PRESENTATION_STYLE_ASSIGNMENT((#7313,#7318));
#7313 = SURFACE_STYLE_USAGE(.BOTH.,#7314);
#7314 = SURFACE_SIDE_STYLE('',(#7315));
#7315 = SURFACE_STYLE_FILL_AREA(#7316);
#7316 = FILL_AREA_STYLE('',(#7317));
#7317 = FILL_AREA_STYLE_COLOUR('',#6252);
#7318 = CURVE_STYLE('',#7319,POSITIVE_LENGTH_MEASURE(0.1),#6255);
#7319 = DRAUGHTING_PRE_DEFINED_CURVE_FONT('continuous');
#7320 = STYLED_ITEM('color',(#7321),#2284);
#7321 = PRESENTATION_STYLE_ASSIGNMENT((#7322,#7327));
#7322 = SURFACE_STYLE_USAGE(.BOTH.,#7323);
#7323 = SURFACE_SIDE_STYLE('',(#7324));
#7324 = SURFACE_STYLE_FILL_AREA(#7325);
#7325 = FILL_AREA_STYLE('',(#7326));
#7326 = FILL_AREA_STYLE_COLOUR('',#6252);
#7327 = CURVE_STYLE('',#7328,POSITIVE_LENGTH_MEASURE(0.1),#6255);
#7328 = DRAUGHTING_PRE_DEFINED_CURVE_FONT('continuous');
#7329 = STYLED_ITEM('color',(#7330),#2292);
#7330 = PRESENTATION_STYLE_ASSIGNMENT((#7331,#7336));
#7331 = SURFACE_STYLE_USAGE(.BOTH.,#7332);
#7332 = SURFACE_SIDE_STYLE('',(#7333));
#7333 = SURFACE_STYLE_FILL_AREA(#7334);
#7334 = FILL_AREA_STYLE('',(#7335));
#7335 = FILL_AREA_STYLE_COLOUR('',#6252);
#7336 = CURVE_STYLE('',#7337,POSITIVE_LENGTH_MEASURE(0.1),#6255);
#7337 = DRAUGHTING_PRE_DEFINED_CURVE_FONT('continuous');
#7338 = STYLED_ITEM('color',(#7339),#2300);
#7339 = PRESENTATION_STYLE_ASSIGNMENT((#7340,#7345));
#7340 = SURFACE_STYLE_USAGE(.BOTH.,#7341);
#7341 = SURFACE_SIDE_STYLE('',(#7342));
#7342 = SURFACE_STYLE_FILL_AREA(#7343);
#7343 = FILL_AREA_STYLE('',(#7344));
#7344 = FILL_AREA_STYLE_COLOUR('',#6252);
#7345 = CURVE_STYLE('',#7346,POSITIVE_LENGTH_MEASURE(0.1),#6255);
#7346 = DRAUGHTING_PRE_DEFINED_CURVE_FONT('continuous');
#7347 = STYLED_ITEM('color',(#7348),#2322);
#7348 = PRESENTATION_STYLE_ASSIGNMENT((#7349,#7354));
#7349 = SURFACE_STYLE_USAGE(.BOTH.,#7350);
#7350 = SURFACE_SIDE_STYLE('',(#7351));
#7351 = SURFACE_STYLE_FILL_AREA(#7352);
#7352 = FILL_AREA_STYLE('',(#7353));
#7353 = FILL_AREA_STYLE_COLOUR('',#6252);
#7354 = CURVE_STYLE('',#7355,POSITIVE_LENGTH_MEASURE(0.1),#6255);
#7355 = DRAUGHTING_PRE_DEFINED_CURVE_FONT('continuous');
#7356 = STYLED_ITEM('color',(#7357),#2335);
#7357 = PRESENTATION_STYLE_ASSIGNMENT((#7358,#7363));
#7358 = SURFACE_STYLE_USAGE(.BOTH.,#7359);
#7359 = SURFACE_SIDE_STYLE('',(#7360));
#7360 = SURFACE_STYLE_FILL_AREA(#7361);
#7361 = FILL_AREA_STYLE('',(#7362));
#7362 = FILL_AREA_STYLE_COLOUR('',#6252);
#7363 = CURVE_STYLE('',#7364,POSITIVE_LENGTH_MEASURE(0.1),#6255);
#7364 = DRAUGHTING_PRE_DEFINED_CURVE_FONT('continuous');
#7365 = STYLED_ITEM('color',(#7366),#2357);
#7366 = PRESENTATION_STYLE_ASSIGNMENT((#7367,#7372));
#7367 = SURFACE_STYLE_USAGE(.BOTH.,#7368);
#7368 = SURFACE_SIDE_STYLE('',(#7369));
#7369 = SURFACE_STYLE_FILL_AREA(#7370);
#7370 = FILL_AREA_STYLE('',(#7371));
#7371 = FILL_AREA_STYLE_COLOUR('',#6252);
#7372 = CURVE_STYLE('',#7373,POSITIVE_LENGTH_MEASURE(0.1),#6255);
#7373 = DRAUGHTING_PRE_DEFINED_CURVE_FONT('continuous');
#7374 = STYLED_ITEM('color',(#7375),#2381);
#7375 = PRESENTATION_STYLE_ASSIGNMENT((#7376,#7381));
#7376 = SURFACE_STYLE_USAGE(.BOTH.,#7377);
#7377 = SURFACE_SIDE_STYLE('',(#7378));
#7378 = SURFACE_STYLE_FILL_AREA(#7379);
#7379 = FILL_AREA_STYLE('',(#7380));
#7380 = FILL_AREA_STYLE_COLOUR('',#6252);
#7381 = CURVE_STYLE('',#7382,POSITIVE_LENGTH_MEASURE(0.1),#6255);
#7382 = DRAUGHTING_PRE_DEFINED_CURVE_FONT('continuous');
#7383 = STYLED_ITEM('color',(#7384),#2422);
#7384 = PRESENTATION_STYLE_ASSIGNMENT((#7385,#7390));
#7385 = SURFACE_STYLE_USAGE(.BOTH.,#7386);
#7386 = SURFACE_SIDE_STYLE('',(#7387));
#7387 = SURFACE_STYLE_FILL_AREA(#7388);
#7388 = FILL_AREA_STYLE('',(#7389));
#7389 = FILL_AREA_STYLE_COLOUR('',#6252);
#7390 = CURVE_STYLE('',#7391,POSITIVE_LENGTH_MEASURE(0.1),#6255);
#7391 = DRAUGHTING_PRE_DEFINED_CURVE_FONT('continuous');
#7392 = STYLED_ITEM('color',(#7393),#2424);
#7393 = PRESENTATION_STYLE_ASSIGNMENT((#7394,#7399));
#7394 = SURFACE_STYLE_USAGE(.BOTH.,#7395);
#7395 = SURFACE_SIDE_STYLE('',(#7396));
#7396 = SURFACE_STYLE_FILL_AREA(#7397);
#7397 = FILL_AREA_STYLE('',(#7398));
#7398 = FILL_AREA_STYLE_COLOUR('',#6252);
#7399 = CURVE_STYLE('',#7400,POSITIVE_LENGTH_MEASURE(0.1),#6255);
#7400 = DRAUGHTING_PRE_DEFINED_CURVE_FONT('continuous');
#7401 = STYLED_ITEM('color',(#7402),#2453);
#7402 = PRESENTATION_STYLE_ASSIGNMENT((#7403,#7408));
#7403 = SURFACE_STYLE_USAGE(.BOTH.,#7404);
#7404 = SURFACE_SIDE_STYLE('',(#7405));
#7405 = SURFACE_STYLE_FILL_AREA(#7406);
#7406 = FILL_AREA_STYLE('',(#7407));
#7407 = FILL_AREA_STYLE_COLOUR('',#6252);
#7408 = CURVE_STYLE('',#7409,POSITIVE_LENGTH_MEASURE(0.1),#6255);
#7409 = DRAUGHTING_PRE_DEFINED_CURVE_FONT('continuous');
#7410 = STYLED_ITEM('color',(#7411),#2455);
#7411 = PRESENTATION_STYLE_ASSIGNMENT((#7412,#7417));
#7412 = SURFACE_STYLE_USAGE(.BOTH.,#7413);
#7413 = SURFACE_SIDE_STYLE('',(#7414));
#7414 = SURFACE_STYLE_FILL_AREA(#7415);
#7415 = FILL_AREA_STYLE('',(#7416));
#7416 = FILL_AREA_STYLE_COLOUR('',#6252);
#7417 = CURVE_STYLE('',#7418,POSITIVE_LENGTH_MEASURE(0.1),#6255);
#7418 = DRAUGHTING_PRE_DEFINED_CURVE_FONT('continuous');
#7419 = STYLED_ITEM('color',(#7420),#2484);
#7420 = PRESENTATION_STYLE_ASSIGNMENT((#7421,#7426));
#7421 = SURFACE_STYLE_USAGE(.BOTH.,#7422);
#7422 = SURFACE_SIDE_STYLE('',(#7423));
#7423 = SURFACE_STYLE_FILL_AREA(#7424);
#7424 = FILL_AREA_STYLE('',(#7425));
#7425 = FILL_AREA_STYLE_COLOUR('',#6252);
#7426 = CURVE_STYLE('',#7427,POSITIVE_LENGTH_MEASURE(0.1),#6255);
#7427 = DRAUGHTING_PRE_DEFINED_CURVE_FONT('continuous');
#7428 = STYLED_ITEM('color',(#7429),#2486);
#7429 = PRESENTATION_STYLE_ASSIGNMENT((#7430,#7435));
#7430 = SURFACE_STYLE_USAGE(.BOTH.,#7431);
#7431 = SURFACE_SIDE_STYLE('',(#7432));
#7432 = SURFACE_STYLE_FILL_AREA(#7433);
#7433 = FILL_AREA_STYLE('',(#7434));
#7434 = FILL_AREA_STYLE_COLOUR('',#6252);
#7435 = CURVE_STYLE('',#7436,POSITIVE_LENGTH_MEASURE(0.1),#6255);
#7436 = DRAUGHTING_PRE_DEFINED_CURVE_FONT('continuous');
#7437 = STYLED_ITEM('color',(#7438),#2561);
#7438 = PRESENTATION_STYLE_ASSIGNMENT((#7439,#7444));
#7439 = SURFACE_STYLE_USAGE(.BOTH.,#7440);
#7440 = SURFACE_SIDE_STYLE('',(#7441));
#7441 = SURFACE_STYLE_FILL_AREA(#7442);
#7442 = FILL_AREA_STYLE('',(#7443));
#7443 = FILL_AREA_STYLE_COLOUR('',#6252);
#7444 = CURVE_STYLE('',#7445,POSITIVE_LENGTH_MEASURE(0.1),#6255);
#7445 = DRAUGHTING_PRE_DEFINED_CURVE_FONT('continuous');
#7446 = STYLED_ITEM('color',(#7447),#2585);
#7447 = PRESENTATION_STYLE_ASSIGNMENT((#7448,#7453));
#7448 = SURFACE_STYLE_USAGE(.BOTH.,#7449);
#7449 = SURFACE_SIDE_STYLE('',(#7450));
#7450 = SURFACE_STYLE_FILL_AREA(#7451);
#7451 = FILL_AREA_STYLE('',(#7452));
#7452 = FILL_AREA_STYLE_COLOUR('',#6252);
#7453 = CURVE_STYLE('',#7454,POSITIVE_LENGTH_MEASURE(0.1),#6255);
#7454 = DRAUGHTING_PRE_DEFINED_CURVE_FONT('continuous');
#7455 = STYLED_ITEM('color',(#7456),#2626);
#7456 = PRESENTATION_STYLE_ASSIGNMENT((#7457,#7462));
#7457 = SURFACE_STYLE_USAGE(.BOTH.,#7458);
#7458 = SURFACE_SIDE_STYLE('',(#7459));
#7459 = SURFACE_STYLE_FILL_AREA(#7460);
#7460 = FILL_AREA_STYLE('',(#7461));
#7461 = FILL_AREA_STYLE_COLOUR('',#6252);
#7462 = CURVE_STYLE('',#7463,POSITIVE_LENGTH_MEASURE(0.1),#6255);
#7463 = DRAUGHTING_PRE_DEFINED_CURVE_FONT('continuous');
#7464 = STYLED_ITEM('color',(#7465),#2650);
#7465 = PRESENTATION_STYLE_ASSIGNMENT((#7466,#7471));
#7466 = SURFACE_STYLE_USAGE(.BOTH.,#7467);
#7467 = SURFACE_SIDE_STYLE('',(#7468));
#7468 = SURFACE_STYLE_FILL_AREA(#7469);
#7469 = FILL_AREA_STYLE('',(#7470));
#7470 = FILL_AREA_STYLE_COLOUR('',#6252);
#7471 = CURVE_STYLE('',#7472,POSITIVE_LENGTH_MEASURE(0.1),#6255);
#7472 = DRAUGHTING_PRE_DEFINED_CURVE_FONT('continuous');
#7473 = STYLED_ITEM('color',(#7474),#2777);
#7474 = PRESENTATION_STYLE_ASSIGNMENT((#7475,#7480));
#7475 = SURFACE_STYLE_USAGE(.BOTH.,#7476);
#7476 = SURFACE_SIDE_STYLE('',(#7477));
#7477 = SURFACE_STYLE_FILL_AREA(#7478);
#7478 = FILL_AREA_STYLE('',(#7479));
#7479 = FILL_AREA_STYLE_COLOUR('',#6252);
#7480 = CURVE_STYLE('',#7481,POSITIVE_LENGTH_MEASURE(0.1),#6255);
#7481 = DRAUGHTING_PRE_DEFINED_CURVE_FONT('continuous');
#7482 = STYLED_ITEM('color',(#7483),#2779);
#7483 = PRESENTATION_STYLE_ASSIGNMENT((#7484,#7489));
#7484 = SURFACE_STYLE_USAGE(.BOTH.,#7485);
#7485 = SURFACE_SIDE_STYLE('',(#7486));
#7486 = SURFACE_STYLE_FILL_AREA(#7487);
#7487 = FILL_AREA_STYLE('',(#7488));
#7488 = FILL_AREA_STYLE_COLOUR('',#6252);
#7489 = CURVE_STYLE('',#7490,POSITIVE_LENGTH_MEASURE(0.1),#6255);
#7490 = DRAUGHTING_PRE_DEFINED_CURVE_FONT('continuous');
#7491 = STYLED_ITEM('color',(#7492),#2787);
#7492 = PRESENTATION_STYLE_ASSIGNMENT((#7493,#7498));
#7493 = SURFACE_STYLE_USAGE(.BOTH.,#7494);
#7494 = SURFACE_SIDE_STYLE('',(#7495));
#7495 = SURFACE_STYLE_FILL_AREA(#7496);
#7496 = FILL_AREA_STYLE('',(#7497));
#7497 = FILL_AREA_STYLE_COLOUR('',#6252);
#7498 = CURVE_STYLE('',#7499,POSITIVE_LENGTH_MEASURE(0.1),#6255);
#7499 = DRAUGHTING_PRE_DEFINED_CURVE_FONT('continuous');
#7500 = STYLED_ITEM('color',(#7501),#2795);
#7501 = PRESENTATION_STYLE_ASSIGNMENT((#7502,#7507));
#7502 = SURFACE_STYLE_USAGE(.BOTH.,#7503);
#7503 = SURFACE_SIDE_STYLE('',(#7504));
#7504 = SURFACE_STYLE_FILL_AREA(#7505);
#7505 = FILL_AREA_STYLE('',(#7506));
#7506 = FILL_AREA_STYLE_COLOUR('',#6252);
#7507 = CURVE_STYLE('',#7508,POSITIVE_LENGTH_MEASURE(0.1),#6255);
#7508 = DRAUGHTING_PRE_DEFINED_CURVE_FONT('continuous');
#7509 = STYLED_ITEM('color',(#7510),#2817);
#7510 = PRESENTATION_STYLE_ASSIGNMENT((#7511,#7516));
#7511 = SURFACE_STYLE_USAGE(.BOTH.,#7512);
#7512 = SURFACE_SIDE_STYLE('',(#7513));
#7513 = SURFACE_STYLE_FILL_AREA(#7514);
#7514 = FILL_AREA_STYLE('',(#7515));
#7515 = FILL_AREA_STYLE_COLOUR('',#6252);
#7516 = CURVE_STYLE('',#7517,POSITIVE_LENGTH_MEASURE(0.1),#6255);
#7517 = DRAUGHTING_PRE_DEFINED_CURVE_FONT('continuous');
#7518 = STYLED_ITEM('color',(#7519),#2826);
#7519 = PRESENTATION_STYLE_ASSIGNMENT((#7520,#7525));
#7520 = SURFACE_STYLE_USAGE(.BOTH.,#7521);
#7521 = SURFACE_SIDE_STYLE('',(#7522));
#7522 = SURFACE_STYLE_FILL_AREA(#7523);
#7523 = FILL_AREA_STYLE('',(#7524));
#7524 = FILL_AREA_STYLE_COLOUR('',#6252);
#7525 = CURVE_STYLE('',#7526,POSITIVE_LENGTH_MEASURE(0.1),#6255);
#7526 = DRAUGHTING_PRE_DEFINED_CURVE_FONT('continuous');
#7527 = STYLED_ITEM('color',(#7528),#2848);
#7528 = PRESENTATION_STYLE_ASSIGNMENT((#7529,#7534));
#7529 = SURFACE_STYLE_USAGE(.BOTH.,#7530);
#7530 = SURFACE_SIDE_STYLE('',(#7531));
#7531 = SURFACE_STYLE_FILL_AREA(#7532);
#7532 = FILL_AREA_STYLE('',(#7533));
#7533 = FILL_AREA_STYLE_COLOUR('',#6252);
#7534 = CURVE_STYLE('',#7535,POSITIVE_LENGTH_MEASURE(0.1),#6255);
#7535 = DRAUGHTING_PRE_DEFINED_CURVE_FONT('continuous');
#7536 = STYLED_ITEM('color',(#7537),#2857);
#7537 = PRESENTATION_STYLE_ASSIGNMENT((#7538,#7543));
#7538 = SURFACE_STYLE_USAGE(.BOTH.,#7539);
#7539 = SURFACE_SIDE_STYLE('',(#7540));
#7540 = SURFACE_STYLE_FILL_AREA(#7541);
#7541 = FILL_AREA_STYLE('',(#7542));
#7542 = FILL_AREA_STYLE_COLOUR('',#6252);
#7543 = CURVE_STYLE('',#7544,POSITIVE_LENGTH_MEASURE(0.1),#6255);
#7544 = DRAUGHTING_PRE_DEFINED_CURVE_FONT('continuous');
#7545 = STYLED_ITEM('color',(#7546),#2927);
#7546 = PRESENTATION_STYLE_ASSIGNMENT((#7547,#7552));
#7547 = SURFACE_STYLE_USAGE(.BOTH.,#7548);
#7548 = SURFACE_SIDE_STYLE('',(#7549));
#7549 = SURFACE_STYLE_FILL_AREA(#7550);
#7550 = FILL_AREA_STYLE('',(#7551));
#7551 = FILL_AREA_STYLE_COLOUR('',#6252);
#7552 = CURVE_STYLE('',#7553,POSITIVE_LENGTH_MEASURE(0.1),#6255);
#7553 = DRAUGHTING_PRE_DEFINED_CURVE_FONT('continuous');
#7554 = STYLED_ITEM('color',(#7555),#2929);
#7555 = PRESENTATION_STYLE_ASSIGNMENT((#7556,#7561));
#7556 = SURFACE_STYLE_USAGE(.BOTH.,#7557);
#7557 = SURFACE_SIDE_STYLE('',(#7558));
#7558 = SURFACE_STYLE_FILL_AREA(#7559);
#7559 = FILL_AREA_STYLE('',(#7560));
#7560 = FILL_AREA_STYLE_COLOUR('',#6252);
#7561 = CURVE_STYLE('',#7562,POSITIVE_LENGTH_MEASURE(0.1),#6255);
#7562 = DRAUGHTING_PRE_DEFINED_CURVE_FONT('continuous');
#7563 = STYLED_ITEM('color',(#7564),#2937);
#7564 = PRESENTATION_STYLE_ASSIGNMENT((#7565,#7570));
#7565 = SURFACE_STYLE_USAGE(.BOTH.,#7566);
#7566 = SURFACE_SIDE_STYLE('',(#7567));
#7567 = SURFACE_STYLE_FILL_AREA(#7568);
#7568 = FILL_AREA_STYLE('',(#7569));
#7569 = FILL_AREA_STYLE_COLOUR('',#6252);
#7570 = CURVE_STYLE('',#7571,POSITIVE_LENGTH_MEASURE(0.1),#6255);
#7571 = DRAUGHTING_PRE_DEFINED_CURVE_FONT('continuous');
#7572 = STYLED_ITEM('color',(#7573),#2945);
#7573 = PRESENTATION_STYLE_ASSIGNMENT((#7574,#7579));
#7574 = SURFACE_STYLE_USAGE(.BOTH.,#7575);
#7575 = SURFACE_SIDE_STYLE('',(#7576));
#7576 = SURFACE_STYLE_FILL_AREA(#7577);
#7577 = FILL_AREA_STYLE('',(#7578));
#7578 = FILL_AREA_STYLE_COLOUR('',#6252);
#7579 = CURVE_STYLE('',#7580,POSITIVE_LENGTH_MEASURE(0.1),#6255);
#7580 = DRAUGHTING_PRE_DEFINED_CURVE_FONT('continuous');
#7581 = STYLED_ITEM('color',(#7582),#2967);
#7582 = PRESENTATION_STYLE_ASSIGNMENT((#7583,#7588));
#7583 = SURFACE_STYLE_USAGE(.BOTH.,#7584);
#7584 = SURFACE_SIDE_STYLE('',(#7585));
#7585 = SURFACE_STYLE_FILL_AREA(#7586);
#7586 = FILL_AREA_STYLE('',(#7587));
#7587 = FILL_AREA_STYLE_COLOUR('',#6252);
#7588 = CURVE_STYLE('',#7589,POSITIVE_LENGTH_MEASURE(0.1),#6255);
#7589 = DRAUGHTING_PRE_DEFINED_CURVE_FONT('continuous');
#7590 = STYLED_ITEM('color',(#7591),#2976);
#7591 = PRESENTATION_STYLE_ASSIGNMENT((#7592,#7597));
#7592 = SURFACE_STYLE_USAGE(.BOTH.,#7593);
#7593 = SURFACE_SIDE_STYLE('',(#7594));
#7594 = SURFACE_STYLE_FILL_AREA(#7595);
#7595 = FILL_AREA_STYLE('',(#7596));
#7596 = FILL_AREA_STYLE_COLOUR('',#6252);
#7597 = CURVE_STYLE('',#7598,POSITIVE_LENGTH_MEASURE(0.1),#6255);
#7598 = DRAUGHTING_PRE_DEFINED_CURVE_FONT('continuous');
#7599 = STYLED_ITEM('color',(#7600),#2998);
#7600 = PRESENTATION_STYLE_ASSIGNMENT((#7601,#7606));
#7601 = SURFACE_STYLE_USAGE(.BOTH.,#7602);
#7602 = SURFACE_SIDE_STYLE('',(#7603));
#7603 = SURFACE_STYLE_FILL_AREA(#7604);
#7604 = FILL_AREA_STYLE('',(#7605));
#7605 = FILL_AREA_STYLE_COLOUR('',#6252);
#7606 = CURVE_STYLE('',#7607,POSITIVE_LENGTH_MEASURE(0.1),#6255);
#7607 = DRAUGHTING_PRE_DEFINED_CURVE_FONT('continuous');
#7608 = STYLED_ITEM('color',(#7609),#3007);
#7609 = PRESENTATION_STYLE_ASSIGNMENT((#7610,#7615));
#7610 = SURFACE_STYLE_USAGE(.BOTH.,#7611);
#7611 = SURFACE_SIDE_STYLE('',(#7612));
#7612 = SURFACE_STYLE_FILL_AREA(#7613);
#7613 = FILL_AREA_STYLE('',(#7614));
#7614 = FILL_AREA_STYLE_COLOUR('',#6252);
#7615 = CURVE_STYLE('',#7616,POSITIVE_LENGTH_MEASURE(0.1),#6255);
#7616 = DRAUGHTING_PRE_DEFINED_CURVE_FONT('continuous');
ENDSEC;
END-ISO-10303-21;
