ISO-10303-21;
HEADER;
FILE_DESCRIPTION(('FreeCAD Model'),'2;1');
FILE_NAME('Open CASCADE Shape Model','2025-10-27T11:55:12',(
    'kicad StepUp'),('ksu MCAD'),'Open CASCADE STEP processor 7.8',
  'FreeCAD','Unknown');
FILE_SCHEMA(('AUTOMOTIVE_DESIGN { 1 0 10303 214 1 1 1 1 }'));
ENDSEC;
DATA;
#1 = APPLICATION_PROTOCOL_DEFINITION('international standard',
  'automotive_design',2000,#2);
#2 = APPLICATION_CONTEXT(
  'core data for automotive mechanical design processes');
#3 = SHAPE_DEFINITION_REPRESENTATION(#4,#10);
#4 = PRODUCT_DEFINITION_SHAPE('','',#5);
#5 = PRODUCT_DEFINITION('design','',#6,#9);
#6 = PRODUCT_DEFINITION_FORMATION('','',#7);
#7 = PRODUCT('SM06B-SRSS-TB(LF)(SN)_8_sp','SM06B-SRSS-TB(LF)(SN)_8_sp',
  '',(#8));
#8 = PRODUCT_CONTEXT('',#2,'mechanical');
#9 = PRODUCT_DEFINITION_CONTEXT('part definition',#2,'design');
#10 = ADVANCED_BREP_SHAPE_REPRESENTATION('',(#11,#15),#8611);
#11 = AXIS2_PLACEMENT_3D('',#12,#13,#14);
#12 = CARTESIAN_POINT('',(0.,0.,0.));
#13 = DIRECTION('',(0.,0.,1.));
#14 = DIRECTION('',(1.,0.,-0.));
#15 = MANIFOLD_SOLID_BREP('',#16);
#16 = CLOSED_SHELL('',(#17,#73,#104,#128,#152,#224,#248,#280,#473,#497,
    #969,#1081,#1120,#1144,#1168,#1418,#1442,#1459,#1476,#1509,#1525,
    #1542,#1560,#1589,#1606,#1630,#1655,#1679,#1704,#1728,#1753,#1777,
    #1802,#1826,#1851,#1875,#1893,#1932,#1998,#2015,#2088,#2120,#2144,
    #2176,#2242,#2259,#2332,#2364,#2388,#2420,#2486,#2503,#2576,#2608,
    #2632,#2664,#2730,#2747,#2820,#2852,#2876,#2908,#2974,#2991,#3064,
    #3096,#3120,#3152,#3218,#3235,#3308,#3340,#3380,#3483,#3555,#3572,
    #3596,#3620,#3637,#3670,#3688,#3712,#3744,#3768,#3792,#3816,#3849,
    #3861,#3893,#3917,#3975,#3997,#4008,#4020,#4037,#4053,#4084,#4201,
    #4240,#4271,#4303,#4327,#4359,#4383,#4407,#4431,#4463,#4487,#4519,
    #4543,#4560,#4592,#4614,#4631,#4648,#4665,#4682,#4699,#4716,#4728,
    #4761,#4783,#4800,#4817,#4834,#4851,#4868,#4885,#4897,#4930,#4952,
    #4969,#4986,#5003,#5020,#5037,#5054,#5066,#5099,#5121,#5138,#5155,
    #5172,#5189,#5206,#5223,#5235,#5268,#5290,#5307,#5324,#5341,#5358,
    #5375,#5392,#5404,#5437,#5459,#5476,#5493,#5510,#5527,#5544,#5561,
    #5573,#5605,#5645,#5678,#5710,#5750,#5774,#5815,#5839,#5863,#5887,
    #5905,#5936,#6107,#6131,#6157,#6174,#6207,#6226,#6244,#6256,#6322,
    #6334,#6357,#6369,#6386,#6403,#6420,#6437,#6454,#6471,#6488,#6505,
    #6522,#6539,#6556,#6573,#6585,#6602,#6642,#6654,#6678,#6711,#6723,
    #6740,#6752,#6764,#6776,#6788,#6800,#6812,#6826,#6843,#6854,#6871,
    #6883,#6895,#7315,#7346,#7370,#7394,#7411,#7423,#7454,#7478,#7502,
    #7519,#7531,#7562,#7586,#7610,#7627,#7639,#7670,#7694,#7718,#7735,
    #7747,#7759,#7790,#7814,#7838,#7855,#7867,#7898,#7922,#7946,#7963,
    #7994,#8018,#8042,#8059,#8090,#8114,#8138,#8155,#8186,#8210,#8234,
    #8251,#8282,#8306,#8330,#8347,#8378,#8402,#8426,#8443,#8474,#8498,
    #8522,#8539,#8551,#8563,#8575,#8587,#8599));
#17 = ADVANCED_FACE('',(#18),#68,.F.);
#18 = FACE_BOUND('',#19,.F.);
#19 = EDGE_LOOP('',(#20,#30,#38,#46,#54,#62));
#20 = ORIENTED_EDGE('',*,*,#21,.T.);
#21 = EDGE_CURVE('',#22,#24,#26,.T.);
#22 = VERTEX_POINT('',#23);
#23 = CARTESIAN_POINT('',(-3.5,-2.3,2.421670534201E-16));
#24 = VERTEX_POINT('',#25);
#25 = CARTESIAN_POINT('',(-3.5,-2.475,0.175));
#26 = LINE('',#27,#28);
#27 = CARTESIAN_POINT('',(-3.5,-2.3,3.144471982524E-16));
#28 = VECTOR('',#29,1.);
#29 = DIRECTION('',(0.,-0.707106781187,0.707106781187));
#30 = ORIENTED_EDGE('',*,*,#31,.T.);
#31 = EDGE_CURVE('',#24,#32,#34,.T.);
#32 = VERTEX_POINT('',#33);
#33 = CARTESIAN_POINT('',(-3.5,-2.475,0.32));
#34 = LINE('',#35,#36);
#35 = CARTESIAN_POINT('',(-3.5,-2.475,3.383725285543E-16));
#36 = VECTOR('',#37,1.);
#37 = DIRECTION('',(0.,1.367161731532E-16,1.));
#38 = ORIENTED_EDGE('',*,*,#39,.F.);
#39 = EDGE_CURVE('',#40,#32,#42,.T.);
#40 = VERTEX_POINT('',#41);
#41 = CARTESIAN_POINT('',(-3.5,-0.975,0.32));
#42 = LINE('',#43,#44);
#43 = CARTESIAN_POINT('',(-3.5,4.374917540904E-17,0.32));
#44 = VECTOR('',#45,1.);
#45 = DIRECTION('',(0.,-1.,1.367161731532E-16));
#46 = ORIENTED_EDGE('',*,*,#47,.T.);
#47 = EDGE_CURVE('',#40,#48,#50,.T.);
#48 = VERTEX_POINT('',#49);
#49 = CARTESIAN_POINT('',(-3.5,-0.975,0.175));
#50 = LINE('',#51,#52);
#51 = CARTESIAN_POINT('',(-3.5,-0.975,1.332982688244E-16));
#52 = VECTOR('',#53,1.);
#53 = DIRECTION('',(0.,-1.367161731532E-16,-1.));
#54 = ORIENTED_EDGE('',*,*,#55,.T.);
#55 = EDGE_CURVE('',#48,#56,#58,.T.);
#56 = VERTEX_POINT('',#57);
#57 = CARTESIAN_POINT('',(-3.5,-1.15,1.572235991262E-16));
#58 = LINE('',#59,#60);
#59 = CARTESIAN_POINT('',(-3.5,-0.975,0.175));
#60 = VECTOR('',#61,1.);
#61 = DIRECTION('',(0.,-0.707106781187,-0.707106781187));
#62 = ORIENTED_EDGE('',*,*,#63,.T.);
#63 = EDGE_CURVE('',#56,#22,#64,.T.);
#64 = LINE('',#65,#66);
#65 = CARTESIAN_POINT('',(-3.5,0.,0.));
#66 = VECTOR('',#67,1.);
#67 = DIRECTION('',(0.,-1.,1.367161731532E-16));
#68 = PLANE('',#69);
#69 = AXIS2_PLACEMENT_3D('',#70,#71,#72);
#70 = CARTESIAN_POINT('',(-3.5,0.,0.));
#71 = DIRECTION('',(-1.,0.,0.));
#72 = DIRECTION('',(0.,-1.,1.367161731532E-16));
#73 = ADVANCED_FACE('',(#74),#99,.T.);
#74 = FACE_BOUND('',#75,.T.);
#75 = EDGE_LOOP('',(#76,#86,#92,#93));
#76 = ORIENTED_EDGE('',*,*,#77,.T.);
#77 = EDGE_CURVE('',#78,#80,#82,.T.);
#78 = VERTEX_POINT('',#79);
#79 = CARTESIAN_POINT('',(-3.7,-2.475,0.175));
#80 = VERTEX_POINT('',#81);
#81 = CARTESIAN_POINT('',(-3.7,-2.3,9.760676375535E-17));
#82 = LINE('',#83,#84);
#83 = CARTESIAN_POINT('',(-3.7,-1.15,-1.15));
#84 = VECTOR('',#85,1.);
#85 = DIRECTION('',(0.,0.707106781187,-0.707106781187));
#86 = ORIENTED_EDGE('',*,*,#87,.T.);
#87 = EDGE_CURVE('',#80,#22,#88,.T.);
#88 = LINE('',#89,#90);
#89 = CARTESIAN_POINT('',(-3.7,-2.3,9.760676375535E-17));
#90 = VECTOR('',#91,1.);
#91 = DIRECTION('',(1.,0.,0.));
#92 = ORIENTED_EDGE('',*,*,#21,.T.);
#93 = ORIENTED_EDGE('',*,*,#94,.T.);
#94 = EDGE_CURVE('',#24,#78,#95,.T.);
#95 = LINE('',#96,#97);
#96 = CARTESIAN_POINT('',(-3.7,-2.475,0.175));
#97 = VECTOR('',#98,1.);
#98 = DIRECTION('',(-1.,0.,0.));
#99 = PLANE('',#100);
#100 = AXIS2_PLACEMENT_3D('',#101,#102,#103);
#101 = CARTESIAN_POINT('',(-3.7,-1.15,-1.15));
#102 = DIRECTION('',(0.,-0.707106781187,-0.707106781187));
#103 = DIRECTION('',(0.,0.707106781187,-0.707106781187));
#104 = ADVANCED_FACE('',(#105),#123,.F.);
#105 = FACE_BOUND('',#106,.T.);
#106 = EDGE_LOOP('',(#107,#108,#116,#122));
#107 = ORIENTED_EDGE('',*,*,#87,.F.);
#108 = ORIENTED_EDGE('',*,*,#109,.F.);
#109 = EDGE_CURVE('',#110,#80,#112,.T.);
#110 = VERTEX_POINT('',#111);
#111 = CARTESIAN_POINT('',(-3.7,-1.15,1.2108352671E-16));
#112 = LINE('',#113,#114);
#113 = CARTESIAN_POINT('',(-3.7,0.,0.));
#114 = VECTOR('',#115,1.);
#115 = DIRECTION('',(0.,-1.,1.367161731532E-16));
#116 = ORIENTED_EDGE('',*,*,#117,.F.);
#117 = EDGE_CURVE('',#56,#110,#118,.T.);
#118 = LINE('',#119,#120);
#119 = CARTESIAN_POINT('',(-3.7,-1.15,1.572235991262E-16));
#120 = VECTOR('',#121,1.);
#121 = DIRECTION('',(-1.,0.,0.));
#122 = ORIENTED_EDGE('',*,*,#63,.T.);
#123 = PLANE('',#124);
#124 = AXIS2_PLACEMENT_3D('',#125,#126,#127);
#125 = CARTESIAN_POINT('',(-3.7,0.,0.));
#126 = DIRECTION('',(0.,1.367161731532E-16,1.));
#127 = DIRECTION('',(0.,-1.,1.367161731532E-16));
#128 = ADVANCED_FACE('',(#129),#147,.F.);
#129 = FACE_BOUND('',#130,.T.);
#130 = EDGE_LOOP('',(#131,#132,#140,#146));
#131 = ORIENTED_EDGE('',*,*,#117,.T.);
#132 = ORIENTED_EDGE('',*,*,#133,.F.);
#133 = EDGE_CURVE('',#134,#110,#136,.T.);
#134 = VERTEX_POINT('',#135);
#135 = CARTESIAN_POINT('',(-3.7,-0.975,0.175));
#136 = LINE('',#137,#138);
#137 = CARTESIAN_POINT('',(-3.7,-0.575,0.575));
#138 = VECTOR('',#139,1.);
#139 = DIRECTION('',(0.,-0.707106781187,-0.707106781187));
#140 = ORIENTED_EDGE('',*,*,#141,.F.);
#141 = EDGE_CURVE('',#48,#134,#142,.T.);
#142 = LINE('',#143,#144);
#143 = CARTESIAN_POINT('',(-3.7,-0.975,0.175));
#144 = VECTOR('',#145,1.);
#145 = DIRECTION('',(-1.,-0.,0.));
#146 = ORIENTED_EDGE('',*,*,#55,.T.);
#147 = PLANE('',#148);
#148 = AXIS2_PLACEMENT_3D('',#149,#150,#151);
#149 = CARTESIAN_POINT('',(-3.7,-0.575,0.575));
#150 = DIRECTION('',(0.,-0.707106781187,0.707106781187));
#151 = DIRECTION('',(0.,-0.707106781187,-0.707106781187));
#152 = ADVANCED_FACE('',(#153),#219,.T.);
#153 = FACE_BOUND('',#154,.T.);
#154 = EDGE_LOOP('',(#155,#163,#164,#165,#173,#181,#189,#197,#205,#213)
  );
#155 = ORIENTED_EDGE('',*,*,#156,.T.);
#156 = EDGE_CURVE('',#157,#40,#159,.T.);
#157 = VERTEX_POINT('',#158);
#158 = CARTESIAN_POINT('',(-3.425,-0.975,0.32));
#159 = LINE('',#160,#161);
#160 = CARTESIAN_POINT('',(-3.5,-0.975,0.32));
#161 = VECTOR('',#162,1.);
#162 = DIRECTION('',(-1.,0.,-0.));
#163 = ORIENTED_EDGE('',*,*,#47,.T.);
#164 = ORIENTED_EDGE('',*,*,#141,.T.);
#165 = ORIENTED_EDGE('',*,*,#166,.F.);
#166 = EDGE_CURVE('',#167,#134,#169,.T.);
#167 = VERTEX_POINT('',#168);
#168 = CARTESIAN_POINT('',(-3.7,-0.975,0.22));
#169 = LINE('',#170,#171);
#170 = CARTESIAN_POINT('',(-3.7,-0.975,1.332982688244E-16));
#171 = VECTOR('',#172,1.);
#172 = DIRECTION('',(0.,-1.367161731532E-16,-1.));
#173 = ORIENTED_EDGE('',*,*,#174,.T.);
#174 = EDGE_CURVE('',#167,#175,#177,.T.);
#175 = VERTEX_POINT('',#176);
#176 = CARTESIAN_POINT('',(-3.775,-0.975,0.22));
#177 = LINE('',#178,#179);
#178 = CARTESIAN_POINT('',(-3.5,-0.975,0.22));
#179 = VECTOR('',#180,1.);
#180 = DIRECTION('',(-1.,-0.,0.));
#181 = ORIENTED_EDGE('',*,*,#182,.T.);
#182 = EDGE_CURVE('',#175,#183,#185,.T.);
#183 = VERTEX_POINT('',#184);
#184 = CARTESIAN_POINT('',(-3.775,-0.975,0.55));
#185 = LINE('',#186,#187);
#186 = CARTESIAN_POINT('',(-3.775,-0.975,1.332982688244E-16));
#187 = VECTOR('',#188,1.);
#188 = DIRECTION('',(0.,1.367161731532E-16,1.));
#189 = ORIENTED_EDGE('',*,*,#190,.T.);
#190 = EDGE_CURVE('',#183,#191,#193,.T.);
#191 = VERTEX_POINT('',#192);
#192 = CARTESIAN_POINT('',(-4.,-0.975,0.55));
#193 = LINE('',#194,#195);
#194 = CARTESIAN_POINT('',(-3.5,-0.975,0.55));
#195 = VECTOR('',#196,1.);
#196 = DIRECTION('',(-1.,-0.,0.));
#197 = ORIENTED_EDGE('',*,*,#198,.F.);
#198 = EDGE_CURVE('',#199,#191,#201,.T.);
#199 = VERTEX_POINT('',#200);
#200 = CARTESIAN_POINT('',(-4.,-0.975,0.17));
#201 = LINE('',#202,#203);
#202 = CARTESIAN_POINT('',(-4.,-0.975,1.332982688244E-16));
#203 = VECTOR('',#204,1.);
#204 = DIRECTION('',(0.,1.367161731532E-16,1.));
#205 = ORIENTED_EDGE('',*,*,#206,.T.);
#206 = EDGE_CURVE('',#199,#207,#209,.T.);
#207 = VERTEX_POINT('',#208);
#208 = CARTESIAN_POINT('',(-3.275,-0.975,0.17));
#209 = LINE('',#210,#211);
#210 = CARTESIAN_POINT('',(4.,-0.975,0.17));
#211 = VECTOR('',#212,1.);
#212 = DIRECTION('',(1.,0.,0.));
#213 = ORIENTED_EDGE('',*,*,#214,.T.);
#214 = EDGE_CURVE('',#207,#157,#215,.T.);
#215 = LINE('',#216,#217);
#216 = CARTESIAN_POINT('',(-3.425,-0.975,0.32));
#217 = VECTOR('',#218,1.);
#218 = DIRECTION('',(-0.707106781187,9.667293313453E-17,0.707106781187)
  );
#219 = PLANE('',#220);
#220 = AXIS2_PLACEMENT_3D('',#221,#222,#223);
#221 = CARTESIAN_POINT('',(-3.5,-0.975,1.332982688244E-16));
#222 = DIRECTION('',(0.,-1.,1.367161731532E-16));
#223 = DIRECTION('',(1.,0.,0.));
#224 = ADVANCED_FACE('',(#225),#243,.F.);
#225 = FACE_BOUND('',#226,.T.);
#226 = EDGE_LOOP('',(#227,#235,#236,#237));
#227 = ORIENTED_EDGE('',*,*,#228,.T.);
#228 = EDGE_CURVE('',#229,#32,#231,.T.);
#229 = VERTEX_POINT('',#230);
#230 = CARTESIAN_POINT('',(-3.425,-2.475,0.32));
#231 = LINE('',#232,#233);
#232 = CARTESIAN_POINT('',(4.,-2.475,0.32));
#233 = VECTOR('',#234,1.);
#234 = DIRECTION('',(-1.,0.,0.));
#235 = ORIENTED_EDGE('',*,*,#39,.F.);
#236 = ORIENTED_EDGE('',*,*,#156,.F.);
#237 = ORIENTED_EDGE('',*,*,#238,.F.);
#238 = EDGE_CURVE('',#229,#157,#239,.T.);
#239 = LINE('',#240,#241);
#240 = CARTESIAN_POINT('',(-3.425,-0.70458365434,0.32));
#241 = VECTOR('',#242,1.);
#242 = DIRECTION('',(0.,1.,-1.367161731532E-16));
#243 = PLANE('',#244);
#244 = AXIS2_PLACEMENT_3D('',#245,#246,#247);
#245 = CARTESIAN_POINT('',(-3.5,-0.70458365434,0.32));
#246 = DIRECTION('',(0.,1.367161731532E-16,1.));
#247 = DIRECTION('',(0.,-1.,1.367161731532E-16));
#248 = ADVANCED_FACE('',(#249),#275,.F.);
#249 = FACE_BOUND('',#250,.T.);
#250 = EDGE_LOOP('',(#251,#261,#267,#268,#269));
#251 = ORIENTED_EDGE('',*,*,#252,.T.);
#252 = EDGE_CURVE('',#253,#255,#257,.T.);
#253 = VERTEX_POINT('',#254);
#254 = CARTESIAN_POINT('',(-3.5,-2.475,0.375));
#255 = VERTEX_POINT('',#256);
#256 = CARTESIAN_POINT('',(-3.7,-2.475,0.375));
#257 = LINE('',#258,#259);
#258 = CARTESIAN_POINT('',(-3.7,-2.475,0.375));
#259 = VECTOR('',#260,1.);
#260 = DIRECTION('',(-1.,0.,-0.));
#261 = ORIENTED_EDGE('',*,*,#262,.F.);
#262 = EDGE_CURVE('',#78,#255,#263,.T.);
#263 = LINE('',#264,#265);
#264 = CARTESIAN_POINT('',(-3.7,-2.475,-3.17516613632E-17));
#265 = VECTOR('',#266,1.);
#266 = DIRECTION('',(0.,-1.282895408614E-17,1.));
#267 = ORIENTED_EDGE('',*,*,#94,.F.);
#268 = ORIENTED_EDGE('',*,*,#31,.T.);
#269 = ORIENTED_EDGE('',*,*,#270,.T.);
#270 = EDGE_CURVE('',#32,#253,#271,.T.);
#271 = LINE('',#272,#273);
#272 = CARTESIAN_POINT('',(-3.5,-2.475,3.383725285543E-16));
#273 = VECTOR('',#274,1.);
#274 = DIRECTION('',(0.,1.367161731532E-16,1.));
#275 = PLANE('',#276);
#276 = AXIS2_PLACEMENT_3D('',#277,#278,#279);
#277 = CARTESIAN_POINT('',(-3.7,-2.475,-3.17516613632E-17));
#278 = DIRECTION('',(0.,1.,1.282895408614E-17));
#279 = DIRECTION('',(0.,-1.282895408614E-17,1.));
#280 = ADVANCED_FACE('',(#281),#468,.T.);
#281 = FACE_BOUND('',#282,.T.);
#282 = EDGE_LOOP('',(#283,#284,#285,#293,#302,#310,#319,#327,#336,#344,
    #353,#361,#370,#378,#387,#395,#403,#411,#419,#427,#435,#443,#451,
    #459,#465,#466,#467));
#283 = ORIENTED_EDGE('',*,*,#77,.F.);
#284 = ORIENTED_EDGE('',*,*,#262,.T.);
#285 = ORIENTED_EDGE('',*,*,#286,.T.);
#286 = EDGE_CURVE('',#255,#287,#289,.T.);
#287 = VERTEX_POINT('',#288);
#288 = CARTESIAN_POINT('',(-3.7,-2.4,0.375));
#289 = LINE('',#290,#291);
#290 = CARTESIAN_POINT('',(-3.7,5.126856493246E-17,0.375));
#291 = VECTOR('',#292,1.);
#292 = DIRECTION('',(0.,1.,-1.367161731532E-16));
#293 = ORIENTED_EDGE('',*,*,#294,.T.);
#294 = EDGE_CURVE('',#287,#295,#297,.T.);
#295 = VERTEX_POINT('',#296);
#296 = CARTESIAN_POINT('',(-3.7,-2.375,0.4));
#297 = CIRCLE('',#298,2.5E-02);
#298 = AXIS2_PLACEMENT_3D('',#299,#300,#301);
#299 = CARTESIAN_POINT('',(-3.7,-2.4,0.4));
#300 = DIRECTION('',(1.,-0.,0.));
#301 = DIRECTION('',(0.,1.,-1.367161731532E-16));
#302 = ORIENTED_EDGE('',*,*,#303,.F.);
#303 = EDGE_CURVE('',#304,#295,#306,.T.);
#304 = VERTEX_POINT('',#305);
#305 = CARTESIAN_POINT('',(-3.7,-2.375,0.5625));
#306 = LINE('',#307,#308);
#307 = CARTESIAN_POINT('',(-3.7,-2.375,3.247009112389E-16));
#308 = VECTOR('',#309,1.);
#309 = DIRECTION('',(0.,-1.367161731532E-16,-1.));
#310 = ORIENTED_EDGE('',*,*,#311,.T.);
#311 = EDGE_CURVE('',#304,#312,#314,.T.);
#312 = VERTEX_POINT('',#313);
#313 = CARTESIAN_POINT('',(-3.7,-2.4,0.5875));
#314 = CIRCLE('',#315,2.5E-02);
#315 = AXIS2_PLACEMENT_3D('',#316,#317,#318);
#316 = CARTESIAN_POINT('',(-3.7,-2.4,0.5625));
#317 = DIRECTION('',(1.,-0.,0.));
#318 = DIRECTION('',(0.,1.,-1.367161731532E-16));
#319 = ORIENTED_EDGE('',*,*,#320,.F.);
#320 = EDGE_CURVE('',#321,#312,#323,.T.);
#321 = VERTEX_POINT('',#322);
#322 = CARTESIAN_POINT('',(-3.7,-2.41,0.5875));
#323 = LINE('',#324,#325);
#324 = CARTESIAN_POINT('',(-3.7,8.032075172753E-17,0.5875));
#325 = VECTOR('',#326,1.);
#326 = DIRECTION('',(0.,1.,-1.367161731532E-16));
#327 = ORIENTED_EDGE('',*,*,#328,.T.);
#328 = EDGE_CURVE('',#321,#329,#331,.T.);
#329 = VERTEX_POINT('',#330);
#330 = CARTESIAN_POINT('',(-3.7,-2.435,0.6125));
#331 = CIRCLE('',#332,2.5E-02);
#332 = AXIS2_PLACEMENT_3D('',#333,#334,#335);
#333 = CARTESIAN_POINT('',(-3.7,-2.41,0.6125));
#334 = DIRECTION('',(-1.,0.,0.));
#335 = DIRECTION('',(0.,1.,-1.367161731532E-16));
#336 = ORIENTED_EDGE('',*,*,#337,.F.);
#337 = EDGE_CURVE('',#338,#329,#340,.T.);
#338 = VERTEX_POINT('',#339);
#339 = CARTESIAN_POINT('',(-3.7,-2.435,0.7625));
#340 = LINE('',#341,#342);
#341 = CARTESIAN_POINT('',(-3.7,-2.435,3.329038816281E-16));
#342 = VECTOR('',#343,1.);
#343 = DIRECTION('',(0.,-1.367161731532E-16,-1.));
#344 = ORIENTED_EDGE('',*,*,#345,.T.);
#345 = EDGE_CURVE('',#338,#346,#348,.T.);
#346 = VERTEX_POINT('',#347);
#347 = CARTESIAN_POINT('',(-3.7,-2.41,0.7875));
#348 = CIRCLE('',#349,2.5E-02);
#349 = AXIS2_PLACEMENT_3D('',#350,#351,#352);
#350 = CARTESIAN_POINT('',(-3.7,-2.41,0.7625));
#351 = DIRECTION('',(-1.,0.,0.));
#352 = DIRECTION('',(0.,1.,-1.367161731532E-16));
#353 = ORIENTED_EDGE('',*,*,#354,.T.);
#354 = EDGE_CURVE('',#346,#355,#357,.T.);
#355 = VERTEX_POINT('',#356);
#356 = CARTESIAN_POINT('',(-3.7,-2.4,0.7875));
#357 = LINE('',#358,#359);
#358 = CARTESIAN_POINT('',(-3.7,-1.696852023029E-14,0.7875));
#359 = VECTOR('',#360,1.);
#360 = DIRECTION('',(0.,1.,2.154732727656E-14));
#361 = ORIENTED_EDGE('',*,*,#362,.T.);
#362 = EDGE_CURVE('',#355,#363,#365,.T.);
#363 = VERTEX_POINT('',#364);
#364 = CARTESIAN_POINT('',(-3.7,-2.375,0.8125));
#365 = CIRCLE('',#366,2.5E-02);
#366 = AXIS2_PLACEMENT_3D('',#367,#368,#369);
#367 = CARTESIAN_POINT('',(-3.7,-2.4,0.8125));
#368 = DIRECTION('',(1.,-0.,0.));
#369 = DIRECTION('',(0.,1.,-1.367161731532E-16));
#370 = ORIENTED_EDGE('',*,*,#371,.F.);
#371 = EDGE_CURVE('',#372,#363,#374,.T.);
#372 = VERTEX_POINT('',#373);
#373 = CARTESIAN_POINT('',(-3.7,-2.375,0.975));
#374 = LINE('',#375,#376);
#375 = CARTESIAN_POINT('',(-3.7,-2.375,3.247009112389E-16));
#376 = VECTOR('',#377,1.);
#377 = DIRECTION('',(0.,-1.367161731532E-16,-1.));
#378 = ORIENTED_EDGE('',*,*,#379,.T.);
#379 = EDGE_CURVE('',#372,#380,#382,.T.);
#380 = VERTEX_POINT('',#381);
#381 = CARTESIAN_POINT('',(-3.7,-2.4,1.));
#382 = CIRCLE('',#383,2.5E-02);
#383 = AXIS2_PLACEMENT_3D('',#384,#385,#386);
#384 = CARTESIAN_POINT('',(-3.7,-2.4,0.975));
#385 = DIRECTION('',(1.,-0.,0.));
#386 = DIRECTION('',(0.,1.,-1.367161731532E-16));
#387 = ORIENTED_EDGE('',*,*,#388,.F.);
#388 = EDGE_CURVE('',#389,#380,#391,.T.);
#389 = VERTEX_POINT('',#390);
#390 = CARTESIAN_POINT('',(-3.7,-2.475,1.));
#391 = LINE('',#392,#393);
#392 = CARTESIAN_POINT('',(-3.7,1.367161731532E-16,1.));
#393 = VECTOR('',#394,1.);
#394 = DIRECTION('',(0.,1.,-1.367161731532E-16));
#395 = ORIENTED_EDGE('',*,*,#396,.T.);
#396 = EDGE_CURVE('',#389,#397,#399,.T.);
#397 = VERTEX_POINT('',#398);
#398 = CARTESIAN_POINT('',(-3.7,-2.475,1.15));
#399 = LINE('',#400,#401);
#400 = CARTESIAN_POINT('',(-3.7,-2.475,-3.17516613632E-17));
#401 = VECTOR('',#402,1.);
#402 = DIRECTION('',(0.,-1.282895408614E-17,1.));
#403 = ORIENTED_EDGE('',*,*,#404,.F.);
#404 = EDGE_CURVE('',#405,#397,#407,.T.);
#405 = VERTEX_POINT('',#406);
#406 = CARTESIAN_POINT('',(-3.7,-2.375,1.25));
#407 = LINE('',#408,#409);
#408 = CARTESIAN_POINT('',(-3.7,-1.8125,1.8125));
#409 = VECTOR('',#410,1.);
#410 = DIRECTION('',(0.,-0.707106781187,-0.707106781187));
#411 = ORIENTED_EDGE('',*,*,#412,.T.);
#412 = EDGE_CURVE('',#405,#413,#415,.T.);
#413 = VERTEX_POINT('',#414);
#414 = CARTESIAN_POINT('',(-3.7,-1.9,1.25));
#415 = LINE('',#416,#417);
#416 = CARTESIAN_POINT('',(-3.7,1.708952164415E-16,1.25));
#417 = VECTOR('',#418,1.);
#418 = DIRECTION('',(0.,1.,-1.367161731532E-16));
#419 = ORIENTED_EDGE('',*,*,#420,.F.);
#420 = EDGE_CURVE('',#421,#413,#423,.T.);
#421 = VERTEX_POINT('',#422);
#422 = CARTESIAN_POINT('',(-3.7,-1.9,0.975));
#423 = LINE('',#424,#425);
#424 = CARTESIAN_POINT('',(-3.7,-1.9,1.25));
#425 = VECTOR('',#426,1.);
#426 = DIRECTION('',(0.,1.367161731532E-16,1.));
#427 = ORIENTED_EDGE('',*,*,#428,.F.);
#428 = EDGE_CURVE('',#429,#421,#431,.T.);
#429 = VERTEX_POINT('',#430);
#430 = CARTESIAN_POINT('',(-3.7,-1.975,0.9));
#431 = LINE('',#432,#433);
#432 = CARTESIAN_POINT('',(-3.7,-1.975,0.9));
#433 = VECTOR('',#434,1.);
#434 = DIRECTION('',(0.,0.707106781187,0.707106781187));
#435 = ORIENTED_EDGE('',*,*,#436,.F.);
#436 = EDGE_CURVE('',#437,#429,#439,.T.);
#437 = VERTEX_POINT('',#438);
#438 = CARTESIAN_POINT('',(-3.7,-1.975,0.65));
#439 = LINE('',#440,#441);
#440 = CARTESIAN_POINT('',(-3.7,-1.975,2.700144419776E-16));
#441 = VECTOR('',#442,1.);
#442 = DIRECTION('',(0.,1.367161731532E-16,1.));
#443 = ORIENTED_EDGE('',*,*,#444,.T.);
#444 = EDGE_CURVE('',#437,#445,#447,.T.);
#445 = VERTEX_POINT('',#446);
#446 = CARTESIAN_POINT('',(-3.7,-1.875,0.55));
#447 = LINE('',#448,#449);
#448 = CARTESIAN_POINT('',(-3.7,-1.875,0.55));
#449 = VECTOR('',#450,1.);
#450 = DIRECTION('',(-0.,0.707106781187,-0.707106781187));
#451 = ORIENTED_EDGE('',*,*,#452,.F.);
#452 = EDGE_CURVE('',#453,#445,#455,.T.);
#453 = VERTEX_POINT('',#454);
#454 = CARTESIAN_POINT('',(-3.7,-0.975,0.55));
#455 = LINE('',#456,#457);
#456 = CARTESIAN_POINT('',(-3.7,1.556277574758E-17,0.55));
#457 = VECTOR('',#458,1.);
#458 = DIRECTION('',(0.,-1.,2.829595590469E-17));
#459 = ORIENTED_EDGE('',*,*,#460,.T.);
#460 = EDGE_CURVE('',#453,#167,#461,.T.);
#461 = LINE('',#462,#463);
#462 = CARTESIAN_POINT('',(-3.7,-0.975,1.332982688244E-16));
#463 = VECTOR('',#464,1.);
#464 = DIRECTION('',(0.,-1.367161731532E-16,-1.));
#465 = ORIENTED_EDGE('',*,*,#166,.T.);
#466 = ORIENTED_EDGE('',*,*,#133,.T.);
#467 = ORIENTED_EDGE('',*,*,#109,.T.);
#468 = PLANE('',#469);
#469 = AXIS2_PLACEMENT_3D('',#470,#471,#472);
#470 = CARTESIAN_POINT('',(-3.7,0.,0.));
#471 = DIRECTION('',(-1.,0.,0.));
#472 = DIRECTION('',(0.,-1.,1.367161731532E-16));
#473 = ADVANCED_FACE('',(#474),#492,.F.);
#474 = FACE_BOUND('',#475,.T.);
#475 = EDGE_LOOP('',(#476,#484,#485,#486));
#476 = ORIENTED_EDGE('',*,*,#477,.T.);
#477 = EDGE_CURVE('',#478,#229,#480,.T.);
#478 = VERTEX_POINT('',#479);
#479 = CARTESIAN_POINT('',(-3.275,-2.475,0.17));
#480 = LINE('',#481,#482);
#481 = CARTESIAN_POINT('',(-3.275,-2.475,0.17));
#482 = VECTOR('',#483,1.);
#483 = DIRECTION('',(-0.707106781187,9.667293313453E-17,0.707106781187)
  );
#484 = ORIENTED_EDGE('',*,*,#238,.T.);
#485 = ORIENTED_EDGE('',*,*,#214,.F.);
#486 = ORIENTED_EDGE('',*,*,#487,.F.);
#487 = EDGE_CURVE('',#478,#207,#488,.T.);
#488 = LINE('',#489,#490);
#489 = CARTESIAN_POINT('',(-3.275,-0.70458365434,0.17));
#490 = VECTOR('',#491,1.);
#491 = DIRECTION('',(0.,1.,-1.367161731532E-16));
#492 = PLANE('',#493);
#493 = AXIS2_PLACEMENT_3D('',#494,#495,#496);
#494 = CARTESIAN_POINT('',(-3.425,-0.70458365434,0.32));
#495 = DIRECTION('',(0.707106781187,9.667293313453E-17,0.707106781187));
#496 = DIRECTION('',(-0.707106781187,9.667293313453E-17,0.707106781187)
  );
#497 = ADVANCED_FACE('',(#498),#964,.F.);
#498 = FACE_BOUND('',#499,.T.);
#499 = EDGE_LOOP('',(#500,#510,#518,#526,#534,#542,#550,#558,#566,#574,
    #582,#590,#598,#606,#614,#622,#630,#638,#646,#654,#662,#670,#678,
    #686,#694,#702,#710,#718,#726,#734,#742,#750,#758,#766,#774,#782,
    #790,#798,#806,#814,#822,#830,#838,#846,#854,#862,#870,#878,#886,
    #894,#902,#910,#918,#926,#934,#942,#948,#949,#950,#958));
#500 = ORIENTED_EDGE('',*,*,#501,.F.);
#501 = EDGE_CURVE('',#502,#504,#506,.T.);
#502 = VERTEX_POINT('',#503);
#503 = CARTESIAN_POINT('',(-2.575,1.625,0.17));
#504 = VERTEX_POINT('',#505);
#505 = CARTESIAN_POINT('',(-2.725,1.775,0.17));
#506 = LINE('',#507,#508);
#507 = CARTESIAN_POINT('',(-2.575,1.625,0.17));
#508 = VECTOR('',#509,1.);
#509 = DIRECTION('',(-0.707106781187,0.707106781187,-9.667293313453E-17)
  );
#510 = ORIENTED_EDGE('',*,*,#511,.T.);
#511 = EDGE_CURVE('',#502,#512,#514,.T.);
#512 = VERTEX_POINT('',#513);
#513 = CARTESIAN_POINT('',(-2.575,1.605,0.17));
#514 = LINE('',#515,#516);
#515 = CARTESIAN_POINT('',(-2.575,1.775,0.17));
#516 = VECTOR('',#517,1.);
#517 = DIRECTION('',(0.,-1.,1.367161731532E-16));
#518 = ORIENTED_EDGE('',*,*,#519,.T.);
#519 = EDGE_CURVE('',#512,#520,#522,.T.);
#520 = VERTEX_POINT('',#521);
#521 = CARTESIAN_POINT('',(-2.575,1.175,0.17));
#522 = LINE('',#523,#524);
#523 = CARTESIAN_POINT('',(-2.575,1.775,0.17));
#524 = VECTOR('',#525,1.);
#525 = DIRECTION('',(0.,-1.,1.367161731532E-16));
#526 = ORIENTED_EDGE('',*,*,#527,.F.);
#527 = EDGE_CURVE('',#528,#520,#530,.T.);
#528 = VERTEX_POINT('',#529);
#529 = CARTESIAN_POINT('',(-2.425,1.175,0.17));
#530 = LINE('',#531,#532);
#531 = CARTESIAN_POINT('',(4.,1.175,0.17));
#532 = VECTOR('',#533,1.);
#533 = DIRECTION('',(-1.,0.,-0.));
#534 = ORIENTED_EDGE('',*,*,#535,.T.);
#535 = EDGE_CURVE('',#528,#536,#538,.T.);
#536 = VERTEX_POINT('',#537);
#537 = CARTESIAN_POINT('',(-2.425,1.605,0.17));
#538 = LINE('',#539,#540);
#539 = CARTESIAN_POINT('',(-2.425,1.775,0.17));
#540 = VECTOR('',#541,1.);
#541 = DIRECTION('',(0.,1.,-1.367161731532E-16));
#542 = ORIENTED_EDGE('',*,*,#543,.T.);
#543 = EDGE_CURVE('',#536,#544,#546,.T.);
#544 = VERTEX_POINT('',#545);
#545 = CARTESIAN_POINT('',(-2.425,1.625,0.17));
#546 = LINE('',#547,#548);
#547 = CARTESIAN_POINT('',(-2.425,1.775,0.17));
#548 = VECTOR('',#549,1.);
#549 = DIRECTION('',(0.,1.,-1.367161731532E-16));
#550 = ORIENTED_EDGE('',*,*,#551,.F.);
#551 = EDGE_CURVE('',#552,#544,#554,.T.);
#552 = VERTEX_POINT('',#553);
#553 = CARTESIAN_POINT('',(-2.275,1.775,0.17));
#554 = LINE('',#555,#556);
#555 = CARTESIAN_POINT('',(-2.275,1.775,0.17));
#556 = VECTOR('',#557,1.);
#557 = DIRECTION('',(-0.707106781187,-0.707106781187,9.667293313453E-17)
  );
#558 = ORIENTED_EDGE('',*,*,#559,.F.);
#559 = EDGE_CURVE('',#560,#552,#562,.T.);
#560 = VERTEX_POINT('',#561);
#561 = CARTESIAN_POINT('',(-1.725,1.775,0.17));
#562 = LINE('',#563,#564);
#563 = CARTESIAN_POINT('',(4.,1.775,0.17));
#564 = VECTOR('',#565,1.);
#565 = DIRECTION('',(-1.,0.,-0.));
#566 = ORIENTED_EDGE('',*,*,#567,.F.);
#567 = EDGE_CURVE('',#568,#560,#570,.T.);
#568 = VERTEX_POINT('',#569);
#569 = CARTESIAN_POINT('',(-1.575,1.625,0.17));
#570 = LINE('',#571,#572);
#571 = CARTESIAN_POINT('',(-1.575,1.625,0.17));
#572 = VECTOR('',#573,1.);
#573 = DIRECTION('',(-0.707106781187,0.707106781187,-9.667293313453E-17)
  );
#574 = ORIENTED_EDGE('',*,*,#575,.T.);
#575 = EDGE_CURVE('',#568,#576,#578,.T.);
#576 = VERTEX_POINT('',#577);
#577 = CARTESIAN_POINT('',(-1.575,1.605,0.17));
#578 = LINE('',#579,#580);
#579 = CARTESIAN_POINT('',(-1.575,1.775,0.17));
#580 = VECTOR('',#581,1.);
#581 = DIRECTION('',(0.,-1.,1.367161731532E-16));
#582 = ORIENTED_EDGE('',*,*,#583,.T.);
#583 = EDGE_CURVE('',#576,#584,#586,.T.);
#584 = VERTEX_POINT('',#585);
#585 = CARTESIAN_POINT('',(-1.575,1.175,0.17));
#586 = LINE('',#587,#588);
#587 = CARTESIAN_POINT('',(-1.575,1.775,0.17));
#588 = VECTOR('',#589,1.);
#589 = DIRECTION('',(0.,-1.,1.367161731532E-16));
#590 = ORIENTED_EDGE('',*,*,#591,.F.);
#591 = EDGE_CURVE('',#592,#584,#594,.T.);
#592 = VERTEX_POINT('',#593);
#593 = CARTESIAN_POINT('',(-1.425,1.175,0.17));
#594 = LINE('',#595,#596);
#595 = CARTESIAN_POINT('',(4.,1.175,0.17));
#596 = VECTOR('',#597,1.);
#597 = DIRECTION('',(-1.,0.,-0.));
#598 = ORIENTED_EDGE('',*,*,#599,.T.);
#599 = EDGE_CURVE('',#592,#600,#602,.T.);
#600 = VERTEX_POINT('',#601);
#601 = CARTESIAN_POINT('',(-1.425,1.605,0.17));
#602 = LINE('',#603,#604);
#603 = CARTESIAN_POINT('',(-1.425,1.775,0.17));
#604 = VECTOR('',#605,1.);
#605 = DIRECTION('',(0.,1.,-1.367161731532E-16));
#606 = ORIENTED_EDGE('',*,*,#607,.T.);
#607 = EDGE_CURVE('',#600,#608,#610,.T.);
#608 = VERTEX_POINT('',#609);
#609 = CARTESIAN_POINT('',(-1.425,1.625,0.17));
#610 = LINE('',#611,#612);
#611 = CARTESIAN_POINT('',(-1.425,1.775,0.17));
#612 = VECTOR('',#613,1.);
#613 = DIRECTION('',(0.,1.,-1.367161731532E-16));
#614 = ORIENTED_EDGE('',*,*,#615,.F.);
#615 = EDGE_CURVE('',#616,#608,#618,.T.);
#616 = VERTEX_POINT('',#617);
#617 = CARTESIAN_POINT('',(-1.275,1.775,0.17));
#618 = LINE('',#619,#620);
#619 = CARTESIAN_POINT('',(-1.275,1.775,0.17));
#620 = VECTOR('',#621,1.);
#621 = DIRECTION('',(-0.707106781187,-0.707106781187,9.667293313453E-17)
  );
#622 = ORIENTED_EDGE('',*,*,#623,.F.);
#623 = EDGE_CURVE('',#624,#616,#626,.T.);
#624 = VERTEX_POINT('',#625);
#625 = CARTESIAN_POINT('',(-0.725,1.775,0.17));
#626 = LINE('',#627,#628);
#627 = CARTESIAN_POINT('',(4.,1.775,0.17));
#628 = VECTOR('',#629,1.);
#629 = DIRECTION('',(-1.,0.,-0.));
#630 = ORIENTED_EDGE('',*,*,#631,.F.);
#631 = EDGE_CURVE('',#632,#624,#634,.T.);
#632 = VERTEX_POINT('',#633);
#633 = CARTESIAN_POINT('',(-0.575,1.625,0.17));
#634 = LINE('',#635,#636);
#635 = CARTESIAN_POINT('',(-0.575,1.625,0.17));
#636 = VECTOR('',#637,1.);
#637 = DIRECTION('',(-0.707106781187,0.707106781187,-9.667293313453E-17)
  );
#638 = ORIENTED_EDGE('',*,*,#639,.T.);
#639 = EDGE_CURVE('',#632,#640,#642,.T.);
#640 = VERTEX_POINT('',#641);
#641 = CARTESIAN_POINT('',(-0.575,1.605,0.17));
#642 = LINE('',#643,#644);
#643 = CARTESIAN_POINT('',(-0.575,1.775,0.17));
#644 = VECTOR('',#645,1.);
#645 = DIRECTION('',(0.,-1.,1.367161731532E-16));
#646 = ORIENTED_EDGE('',*,*,#647,.T.);
#647 = EDGE_CURVE('',#640,#648,#650,.T.);
#648 = VERTEX_POINT('',#649);
#649 = CARTESIAN_POINT('',(-0.575,1.175,0.17));
#650 = LINE('',#651,#652);
#651 = CARTESIAN_POINT('',(-0.575,3.06920059037E-16,0.17));
#652 = VECTOR('',#653,1.);
#653 = DIRECTION('',(0.,-1.,1.367161731532E-16));
#654 = ORIENTED_EDGE('',*,*,#655,.T.);
#655 = EDGE_CURVE('',#648,#656,#658,.T.);
#656 = VERTEX_POINT('',#657);
#657 = CARTESIAN_POINT('',(-0.425,1.175,0.17));
#658 = LINE('',#659,#660);
#659 = CARTESIAN_POINT('',(0.,1.175,0.17));
#660 = VECTOR('',#661,1.);
#661 = DIRECTION('',(1.,0.,0.));
#662 = ORIENTED_EDGE('',*,*,#663,.T.);
#663 = EDGE_CURVE('',#656,#664,#666,.T.);
#664 = VERTEX_POINT('',#665);
#665 = CARTESIAN_POINT('',(-0.425,1.605,0.17));
#666 = LINE('',#667,#668);
#667 = CARTESIAN_POINT('',(-0.425,1.175,0.17));
#668 = VECTOR('',#669,1.);
#669 = DIRECTION('',(0.,1.,-1.367161731532E-16));
#670 = ORIENTED_EDGE('',*,*,#671,.T.);
#671 = EDGE_CURVE('',#664,#672,#674,.T.);
#672 = VERTEX_POINT('',#673);
#673 = CARTESIAN_POINT('',(-0.425,1.625,0.17));
#674 = LINE('',#675,#676);
#675 = CARTESIAN_POINT('',(-0.425,1.775,0.17));
#676 = VECTOR('',#677,1.);
#677 = DIRECTION('',(0.,1.,-1.367161731532E-16));
#678 = ORIENTED_EDGE('',*,*,#679,.F.);
#679 = EDGE_CURVE('',#680,#672,#682,.T.);
#680 = VERTEX_POINT('',#681);
#681 = CARTESIAN_POINT('',(-0.275,1.775,0.17));
#682 = LINE('',#683,#684);
#683 = CARTESIAN_POINT('',(-0.275,1.775,0.17));
#684 = VECTOR('',#685,1.);
#685 = DIRECTION('',(-0.707106781187,-0.707106781187,9.667293313453E-17)
  );
#686 = ORIENTED_EDGE('',*,*,#687,.F.);
#687 = EDGE_CURVE('',#688,#680,#690,.T.);
#688 = VERTEX_POINT('',#689);
#689 = CARTESIAN_POINT('',(0.275,1.775,0.17));
#690 = LINE('',#691,#692);
#691 = CARTESIAN_POINT('',(4.,1.775,0.17));
#692 = VECTOR('',#693,1.);
#693 = DIRECTION('',(-1.,0.,-0.));
#694 = ORIENTED_EDGE('',*,*,#695,.F.);
#695 = EDGE_CURVE('',#696,#688,#698,.T.);
#696 = VERTEX_POINT('',#697);
#697 = CARTESIAN_POINT('',(0.425,1.625,0.17));
#698 = LINE('',#699,#700);
#699 = CARTESIAN_POINT('',(0.425,1.625,0.17));
#700 = VECTOR('',#701,1.);
#701 = DIRECTION('',(-0.707106781187,0.707106781187,-9.667293313453E-17)
  );
#702 = ORIENTED_EDGE('',*,*,#703,.T.);
#703 = EDGE_CURVE('',#696,#704,#706,.T.);
#704 = VERTEX_POINT('',#705);
#705 = CARTESIAN_POINT('',(0.425,1.605,0.17));
#706 = LINE('',#707,#708);
#707 = CARTESIAN_POINT('',(0.425,1.775,0.17));
#708 = VECTOR('',#709,1.);
#709 = DIRECTION('',(0.,-1.,1.367161731532E-16));
#710 = ORIENTED_EDGE('',*,*,#711,.T.);
#711 = EDGE_CURVE('',#704,#712,#714,.T.);
#712 = VERTEX_POINT('',#713);
#713 = CARTESIAN_POINT('',(0.425,1.175,0.17));
#714 = LINE('',#715,#716);
#715 = CARTESIAN_POINT('',(0.425,3.06920059037E-16,0.17));
#716 = VECTOR('',#717,1.);
#717 = DIRECTION('',(0.,-1.,1.367161731532E-16));
#718 = ORIENTED_EDGE('',*,*,#719,.T.);
#719 = EDGE_CURVE('',#712,#720,#722,.T.);
#720 = VERTEX_POINT('',#721);
#721 = CARTESIAN_POINT('',(0.575,1.175,0.17));
#722 = LINE('',#723,#724);
#723 = CARTESIAN_POINT('',(1.,1.175,0.17));
#724 = VECTOR('',#725,1.);
#725 = DIRECTION('',(1.,0.,0.));
#726 = ORIENTED_EDGE('',*,*,#727,.T.);
#727 = EDGE_CURVE('',#720,#728,#730,.T.);
#728 = VERTEX_POINT('',#729);
#729 = CARTESIAN_POINT('',(0.575,1.605,0.17));
#730 = LINE('',#731,#732);
#731 = CARTESIAN_POINT('',(0.575,1.175,0.17));
#732 = VECTOR('',#733,1.);
#733 = DIRECTION('',(0.,1.,-1.367161731532E-16));
#734 = ORIENTED_EDGE('',*,*,#735,.T.);
#735 = EDGE_CURVE('',#728,#736,#738,.T.);
#736 = VERTEX_POINT('',#737);
#737 = CARTESIAN_POINT('',(0.575,1.625,0.17));
#738 = LINE('',#739,#740);
#739 = CARTESIAN_POINT('',(0.575,1.775,0.17));
#740 = VECTOR('',#741,1.);
#741 = DIRECTION('',(0.,1.,-1.367161731532E-16));
#742 = ORIENTED_EDGE('',*,*,#743,.F.);
#743 = EDGE_CURVE('',#744,#736,#746,.T.);
#744 = VERTEX_POINT('',#745);
#745 = CARTESIAN_POINT('',(0.725,1.775,0.17));
#746 = LINE('',#747,#748);
#747 = CARTESIAN_POINT('',(0.725,1.775,0.17));
#748 = VECTOR('',#749,1.);
#749 = DIRECTION('',(-0.707106781187,-0.707106781187,9.667293313453E-17)
  );
#750 = ORIENTED_EDGE('',*,*,#751,.F.);
#751 = EDGE_CURVE('',#752,#744,#754,.T.);
#752 = VERTEX_POINT('',#753);
#753 = CARTESIAN_POINT('',(1.275,1.775,0.17));
#754 = LINE('',#755,#756);
#755 = CARTESIAN_POINT('',(4.,1.775,0.17));
#756 = VECTOR('',#757,1.);
#757 = DIRECTION('',(-1.,0.,-0.));
#758 = ORIENTED_EDGE('',*,*,#759,.F.);
#759 = EDGE_CURVE('',#760,#752,#762,.T.);
#760 = VERTEX_POINT('',#761);
#761 = CARTESIAN_POINT('',(1.425,1.625,0.17));
#762 = LINE('',#763,#764);
#763 = CARTESIAN_POINT('',(1.425,1.625,0.17));
#764 = VECTOR('',#765,1.);
#765 = DIRECTION('',(-0.707106781187,0.707106781187,-9.667293313453E-17)
  );
#766 = ORIENTED_EDGE('',*,*,#767,.T.);
#767 = EDGE_CURVE('',#760,#768,#770,.T.);
#768 = VERTEX_POINT('',#769);
#769 = CARTESIAN_POINT('',(1.425,1.605,0.17));
#770 = LINE('',#771,#772);
#771 = CARTESIAN_POINT('',(1.425,1.775,0.17));
#772 = VECTOR('',#773,1.);
#773 = DIRECTION('',(0.,-1.,1.367161731532E-16));
#774 = ORIENTED_EDGE('',*,*,#775,.T.);
#775 = EDGE_CURVE('',#768,#776,#778,.T.);
#776 = VERTEX_POINT('',#777);
#777 = CARTESIAN_POINT('',(1.425,1.175,0.17));
#778 = LINE('',#779,#780);
#779 = CARTESIAN_POINT('',(1.425,1.775,0.17));
#780 = VECTOR('',#781,1.);
#781 = DIRECTION('',(0.,-1.,1.367161731532E-16));
#782 = ORIENTED_EDGE('',*,*,#783,.F.);
#783 = EDGE_CURVE('',#784,#776,#786,.T.);
#784 = VERTEX_POINT('',#785);
#785 = CARTESIAN_POINT('',(1.575,1.175,0.17));
#786 = LINE('',#787,#788);
#787 = CARTESIAN_POINT('',(4.,1.175,0.17));
#788 = VECTOR('',#789,1.);
#789 = DIRECTION('',(-1.,0.,-0.));
#790 = ORIENTED_EDGE('',*,*,#791,.T.);
#791 = EDGE_CURVE('',#784,#792,#794,.T.);
#792 = VERTEX_POINT('',#793);
#793 = CARTESIAN_POINT('',(1.575,1.605,0.17));
#794 = LINE('',#795,#796);
#795 = CARTESIAN_POINT('',(1.575,1.775,0.17));
#796 = VECTOR('',#797,1.);
#797 = DIRECTION('',(0.,1.,-1.367161731532E-16));
#798 = ORIENTED_EDGE('',*,*,#799,.T.);
#799 = EDGE_CURVE('',#792,#800,#802,.T.);
#800 = VERTEX_POINT('',#801);
#801 = CARTESIAN_POINT('',(1.575,1.625,0.17));
#802 = LINE('',#803,#804);
#803 = CARTESIAN_POINT('',(1.575,1.775,0.17));
#804 = VECTOR('',#805,1.);
#805 = DIRECTION('',(0.,1.,-1.367161731532E-16));
#806 = ORIENTED_EDGE('',*,*,#807,.F.);
#807 = EDGE_CURVE('',#808,#800,#810,.T.);
#808 = VERTEX_POINT('',#809);
#809 = CARTESIAN_POINT('',(1.725,1.775,0.17));
#810 = LINE('',#811,#812);
#811 = CARTESIAN_POINT('',(1.725,1.775,0.17));
#812 = VECTOR('',#813,1.);
#813 = DIRECTION('',(-0.707106781187,-0.707106781187,9.667293313453E-17)
  );
#814 = ORIENTED_EDGE('',*,*,#815,.F.);
#815 = EDGE_CURVE('',#816,#808,#818,.T.);
#816 = VERTEX_POINT('',#817);
#817 = CARTESIAN_POINT('',(2.275,1.775,0.17));
#818 = LINE('',#819,#820);
#819 = CARTESIAN_POINT('',(4.,1.775,0.17));
#820 = VECTOR('',#821,1.);
#821 = DIRECTION('',(-1.,0.,-0.));
#822 = ORIENTED_EDGE('',*,*,#823,.F.);
#823 = EDGE_CURVE('',#824,#816,#826,.T.);
#824 = VERTEX_POINT('',#825);
#825 = CARTESIAN_POINT('',(2.425,1.625,0.17));
#826 = LINE('',#827,#828);
#827 = CARTESIAN_POINT('',(2.425,1.625,0.17));
#828 = VECTOR('',#829,1.);
#829 = DIRECTION('',(-0.707106781187,0.707106781187,-9.667293313453E-17)
  );
#830 = ORIENTED_EDGE('',*,*,#831,.T.);
#831 = EDGE_CURVE('',#824,#832,#834,.T.);
#832 = VERTEX_POINT('',#833);
#833 = CARTESIAN_POINT('',(2.425,1.605,0.17));
#834 = LINE('',#835,#836);
#835 = CARTESIAN_POINT('',(2.425,1.775,0.17));
#836 = VECTOR('',#837,1.);
#837 = DIRECTION('',(0.,-1.,1.367161731532E-16));
#838 = ORIENTED_EDGE('',*,*,#839,.T.);
#839 = EDGE_CURVE('',#832,#840,#842,.T.);
#840 = VERTEX_POINT('',#841);
#841 = CARTESIAN_POINT('',(2.425,1.175,0.17));
#842 = LINE('',#843,#844);
#843 = CARTESIAN_POINT('',(2.425,1.775,0.17));
#844 = VECTOR('',#845,1.);
#845 = DIRECTION('',(0.,-1.,1.367161731532E-16));
#846 = ORIENTED_EDGE('',*,*,#847,.F.);
#847 = EDGE_CURVE('',#848,#840,#850,.T.);
#848 = VERTEX_POINT('',#849);
#849 = CARTESIAN_POINT('',(2.575,1.175,0.17));
#850 = LINE('',#851,#852);
#851 = CARTESIAN_POINT('',(4.,1.175,0.17));
#852 = VECTOR('',#853,1.);
#853 = DIRECTION('',(-1.,0.,-0.));
#854 = ORIENTED_EDGE('',*,*,#855,.T.);
#855 = EDGE_CURVE('',#848,#856,#858,.T.);
#856 = VERTEX_POINT('',#857);
#857 = CARTESIAN_POINT('',(2.575,1.605,0.17));
#858 = LINE('',#859,#860);
#859 = CARTESIAN_POINT('',(2.575,1.775,0.17));
#860 = VECTOR('',#861,1.);
#861 = DIRECTION('',(0.,1.,-1.367161731532E-16));
#862 = ORIENTED_EDGE('',*,*,#863,.T.);
#863 = EDGE_CURVE('',#856,#864,#866,.T.);
#864 = VERTEX_POINT('',#865);
#865 = CARTESIAN_POINT('',(2.575,1.625,0.17));
#866 = LINE('',#867,#868);
#867 = CARTESIAN_POINT('',(2.575,1.775,0.17));
#868 = VECTOR('',#869,1.);
#869 = DIRECTION('',(0.,1.,-1.367161731532E-16));
#870 = ORIENTED_EDGE('',*,*,#871,.F.);
#871 = EDGE_CURVE('',#872,#864,#874,.T.);
#872 = VERTEX_POINT('',#873);
#873 = CARTESIAN_POINT('',(2.725,1.775,0.17));
#874 = LINE('',#875,#876);
#875 = CARTESIAN_POINT('',(2.725,1.775,0.17));
#876 = VECTOR('',#877,1.);
#877 = DIRECTION('',(-0.707106781187,-0.707106781187,9.667293313453E-17)
  );
#878 = ORIENTED_EDGE('',*,*,#879,.F.);
#879 = EDGE_CURVE('',#880,#872,#882,.T.);
#880 = VERTEX_POINT('',#881);
#881 = CARTESIAN_POINT('',(4.,1.775,0.17));
#882 = LINE('',#883,#884);
#883 = CARTESIAN_POINT('',(4.,1.775,0.17));
#884 = VECTOR('',#885,1.);
#885 = DIRECTION('',(-1.,0.,-0.));
#886 = ORIENTED_EDGE('',*,*,#887,.T.);
#887 = EDGE_CURVE('',#880,#888,#890,.T.);
#888 = VERTEX_POINT('',#889);
#889 = CARTESIAN_POINT('',(4.,-0.975,0.17));
#890 = LINE('',#891,#892);
#891 = CARTESIAN_POINT('',(4.,2.324174943605E-17,0.17));
#892 = VECTOR('',#893,1.);
#893 = DIRECTION('',(0.,-1.,1.367161731532E-16));
#894 = ORIENTED_EDGE('',*,*,#895,.F.);
#895 = EDGE_CURVE('',#896,#888,#898,.T.);
#896 = VERTEX_POINT('',#897);
#897 = CARTESIAN_POINT('',(3.275,-0.975,0.17));
#898 = LINE('',#899,#900);
#899 = CARTESIAN_POINT('',(4.,-0.975,0.17));
#900 = VECTOR('',#901,1.);
#901 = DIRECTION('',(1.,0.,0.));
#902 = ORIENTED_EDGE('',*,*,#903,.F.);
#903 = EDGE_CURVE('',#904,#896,#906,.T.);
#904 = VERTEX_POINT('',#905);
#905 = CARTESIAN_POINT('',(3.275,-2.475,0.17));
#906 = LINE('',#907,#908);
#907 = CARTESIAN_POINT('',(3.275,0.775,0.17));
#908 = VECTOR('',#909,1.);
#909 = DIRECTION('',(0.,1.,-1.367161731532E-16));
#910 = ORIENTED_EDGE('',*,*,#911,.T.);
#911 = EDGE_CURVE('',#904,#912,#914,.T.);
#912 = VERTEX_POINT('',#913);
#913 = CARTESIAN_POINT('',(3.2,-2.475,0.17));
#914 = LINE('',#915,#916);
#915 = CARTESIAN_POINT('',(4.,-2.475,0.17));
#916 = VECTOR('',#917,1.);
#917 = DIRECTION('',(-1.,0.,0.));
#918 = ORIENTED_EDGE('',*,*,#919,.F.);
#919 = EDGE_CURVE('',#920,#912,#922,.T.);
#920 = VERTEX_POINT('',#921);
#921 = CARTESIAN_POINT('',(3.2,0.775,0.17));
#922 = LINE('',#923,#924);
#923 = CARTESIAN_POINT('',(3.2,0.775,0.17));
#924 = VECTOR('',#925,1.);
#925 = DIRECTION('',(0.,-1.,1.367161731532E-16));
#926 = ORIENTED_EDGE('',*,*,#927,.F.);
#927 = EDGE_CURVE('',#928,#920,#930,.T.);
#928 = VERTEX_POINT('',#929);
#929 = CARTESIAN_POINT('',(-3.2,0.775,0.17));
#930 = LINE('',#931,#932);
#931 = CARTESIAN_POINT('',(4.,0.775,0.17));
#932 = VECTOR('',#933,1.);
#933 = DIRECTION('',(1.,0.,0.));
#934 = ORIENTED_EDGE('',*,*,#935,.F.);
#935 = EDGE_CURVE('',#936,#928,#938,.T.);
#936 = VERTEX_POINT('',#937);
#937 = CARTESIAN_POINT('',(-3.2,-2.475,0.17));
#938 = LINE('',#939,#940);
#939 = CARTESIAN_POINT('',(-3.2,0.775,0.17));
#940 = VECTOR('',#941,1.);
#941 = DIRECTION('',(0.,1.,-1.367161731532E-16));
#942 = ORIENTED_EDGE('',*,*,#943,.T.);
#943 = EDGE_CURVE('',#936,#478,#944,.T.);
#944 = LINE('',#945,#946);
#945 = CARTESIAN_POINT('',(4.,-2.475,0.17));
#946 = VECTOR('',#947,1.);
#947 = DIRECTION('',(-1.,0.,0.));
#948 = ORIENTED_EDGE('',*,*,#487,.T.);
#949 = ORIENTED_EDGE('',*,*,#206,.F.);
#950 = ORIENTED_EDGE('',*,*,#951,.F.);
#951 = EDGE_CURVE('',#952,#199,#954,.T.);
#952 = VERTEX_POINT('',#953);
#953 = CARTESIAN_POINT('',(-4.,1.775,0.17));
#954 = LINE('',#955,#956);
#955 = CARTESIAN_POINT('',(-4.,2.324174943605E-17,0.17));
#956 = VECTOR('',#957,1.);
#957 = DIRECTION('',(0.,-1.,1.367161731532E-16));
#958 = ORIENTED_EDGE('',*,*,#959,.F.);
#959 = EDGE_CURVE('',#504,#952,#960,.T.);
#960 = LINE('',#961,#962);
#961 = CARTESIAN_POINT('',(4.,1.775,0.17));
#962 = VECTOR('',#963,1.);
#963 = DIRECTION('',(-1.,0.,-0.));
#964 = PLANE('',#965);
#965 = AXIS2_PLACEMENT_3D('',#966,#967,#968);
#966 = CARTESIAN_POINT('',(4.,0.775,0.17));
#967 = DIRECTION('',(0.,1.367161731532E-16,1.));
#968 = DIRECTION('',(0.,-1.,1.367161731532E-16));
#969 = ADVANCED_FACE('',(#970),#1076,.T.);
#970 = FACE_BOUND('',#971,.T.);
#971 = EDGE_LOOP('',(#972,#973,#974,#982,#990,#998,#1006,#1014,#1022,
    #1030,#1038,#1046,#1054,#1062,#1070));
#972 = ORIENTED_EDGE('',*,*,#951,.T.);
#973 = ORIENTED_EDGE('',*,*,#198,.T.);
#974 = ORIENTED_EDGE('',*,*,#975,.T.);
#975 = EDGE_CURVE('',#191,#976,#978,.T.);
#976 = VERTEX_POINT('',#977);
#977 = CARTESIAN_POINT('',(-4.,-1.875,0.55));
#978 = LINE('',#979,#980);
#979 = CARTESIAN_POINT('',(-4.,7.519389523428E-17,0.55));
#980 = VECTOR('',#981,1.);
#981 = DIRECTION('',(0.,-1.,1.367161731532E-16));
#982 = ORIENTED_EDGE('',*,*,#983,.T.);
#983 = EDGE_CURVE('',#976,#984,#986,.T.);
#984 = VERTEX_POINT('',#985);
#985 = CARTESIAN_POINT('',(-4.,-1.975,0.65));
#986 = LINE('',#987,#988);
#987 = CARTESIAN_POINT('',(-4.,-1.875,0.55));
#988 = VECTOR('',#989,1.);
#989 = DIRECTION('',(0.,-0.707106781187,0.707106781187));
#990 = ORIENTED_EDGE('',*,*,#991,.T.);
#991 = EDGE_CURVE('',#984,#992,#994,.T.);
#992 = VERTEX_POINT('',#993);
#993 = CARTESIAN_POINT('',(-4.,-1.975,1.25));
#994 = LINE('',#995,#996);
#995 = CARTESIAN_POINT('',(-4.,-1.975,2.700144419776E-16));
#996 = VECTOR('',#997,1.);
#997 = DIRECTION('',(0.,1.367161731532E-16,1.));
#998 = ORIENTED_EDGE('',*,*,#999,.T.);
#999 = EDGE_CURVE('',#992,#1000,#1002,.T.);
#1000 = VERTEX_POINT('',#1001);
#1001 = CARTESIAN_POINT('',(-4.,-2.375,1.25));
#1002 = LINE('',#1003,#1004);
#1003 = CARTESIAN_POINT('',(-4.,1.708952164415E-16,1.25));
#1004 = VECTOR('',#1005,1.);
#1005 = DIRECTION('',(0.,-1.,1.367161731532E-16));
#1006 = ORIENTED_EDGE('',*,*,#1007,.T.);
#1007 = EDGE_CURVE('',#1000,#1008,#1010,.T.);
#1008 = VERTEX_POINT('',#1009);
#1009 = CARTESIAN_POINT('',(-4.,-2.475,1.35));
#1010 = LINE('',#1011,#1012);
#1011 = CARTESIAN_POINT('',(-4.,-2.375,1.25));
#1012 = VECTOR('',#1013,1.);
#1013 = DIRECTION('',(0.,-0.707106781187,0.707106781187));
#1014 = ORIENTED_EDGE('',*,*,#1015,.T.);
#1015 = EDGE_CURVE('',#1008,#1016,#1018,.T.);
#1016 = VERTEX_POINT('',#1017);
#1017 = CARTESIAN_POINT('',(-4.,-2.475,2.85));
#1018 = LINE('',#1019,#1020);
#1019 = CARTESIAN_POINT('',(-4.,-2.475,5.E-02));
#1020 = VECTOR('',#1021,1.);
#1021 = DIRECTION('',(0.,-1.282895408614E-17,1.));
#1022 = ORIENTED_EDGE('',*,*,#1023,.F.);
#1023 = EDGE_CURVE('',#1024,#1016,#1026,.T.);
#1024 = VERTEX_POINT('',#1025);
#1025 = CARTESIAN_POINT('',(-4.,0.325,2.85));
#1026 = LINE('',#1027,#1028);
#1027 = CARTESIAN_POINT('',(-4.,1.775,2.85));
#1028 = VECTOR('',#1029,1.);
#1029 = DIRECTION('',(5.10212787052E-17,-1.,8.569489444804E-17));
#1030 = ORIENTED_EDGE('',*,*,#1031,.F.);
#1031 = EDGE_CURVE('',#1032,#1024,#1034,.T.);
#1032 = VERTEX_POINT('',#1033);
#1033 = CARTESIAN_POINT('',(-4.,0.525,2.45));
#1034 = LINE('',#1035,#1036);
#1035 = CARTESIAN_POINT('',(-4.,1.4,0.7));
#1036 = VECTOR('',#1037,1.);
#1037 = DIRECTION('',(0.,-0.4472135955,0.894427191));
#1038 = ORIENTED_EDGE('',*,*,#1039,.T.);
#1039 = EDGE_CURVE('',#1032,#1040,#1042,.T.);
#1040 = VERTEX_POINT('',#1041);
#1041 = CARTESIAN_POINT('',(-4.,1.125,2.45));
#1042 = LINE('',#1043,#1044);
#1043 = CARTESIAN_POINT('',(-4.,-1.435908924168E-15,2.45));
#1044 = VECTOR('',#1045,1.);
#1045 = DIRECTION('',(0.,1.,5.860852751704E-16));
#1046 = ORIENTED_EDGE('',*,*,#1047,.T.);
#1047 = EDGE_CURVE('',#1040,#1048,#1050,.T.);
#1048 = VERTEX_POINT('',#1049);
#1049 = CARTESIAN_POINT('',(-4.,1.175,2.4));
#1050 = LINE('',#1051,#1052);
#1051 = CARTESIAN_POINT('',(-4.,1.125,2.45));
#1052 = VECTOR('',#1053,1.);
#1053 = DIRECTION('',(0.,0.707106781187,-0.707106781187));
#1054 = ORIENTED_EDGE('',*,*,#1055,.T.);
#1055 = EDGE_CURVE('',#1048,#1056,#1058,.T.);
#1056 = VERTEX_POINT('',#1057);
#1057 = CARTESIAN_POINT('',(-4.,1.175,1.45));
#1058 = LINE('',#1059,#1060);
#1059 = CARTESIAN_POINT('',(-4.,1.175,-1.606415034551E-16));
#1060 = VECTOR('',#1061,1.);
#1061 = DIRECTION('',(0.,-1.367161731532E-16,-1.));
#1062 = ORIENTED_EDGE('',*,*,#1063,.T.);
#1063 = EDGE_CURVE('',#1056,#1064,#1066,.T.);
#1064 = VERTEX_POINT('',#1065);
#1065 = CARTESIAN_POINT('',(-4.,1.775,1.45));
#1066 = LINE('',#1067,#1068);
#1067 = CARTESIAN_POINT('',(-4.,-3.257925989625E-16,1.45));
#1068 = VECTOR('',#1069,1.);
#1069 = DIRECTION('',(0.,1.,2.246845510086E-16));
#1070 = ORIENTED_EDGE('',*,*,#1071,.T.);
#1071 = EDGE_CURVE('',#1064,#952,#1072,.T.);
#1072 = LINE('',#1073,#1074);
#1073 = CARTESIAN_POINT('',(-4.,1.775,-2.42671207347E-16));
#1074 = VECTOR('',#1075,1.);
#1075 = DIRECTION('',(0.,-1.367161731532E-16,-1.));
#1076 = PLANE('',#1077);
#1077 = AXIS2_PLACEMENT_3D('',#1078,#1079,#1080);
#1078 = CARTESIAN_POINT('',(-4.,0.,0.));
#1079 = DIRECTION('',(-1.,0.,0.));
#1080 = DIRECTION('',(0.,-1.,1.367161731532E-16));
#1081 = ADVANCED_FACE('',(#1082),#1115,.T.);
#1082 = FACE_BOUND('',#1083,.T.);
#1083 = EDGE_LOOP('',(#1084,#1094,#1100,#1101,#1107,#1108,#1109));
#1084 = ORIENTED_EDGE('',*,*,#1085,.T.);
#1085 = EDGE_CURVE('',#1086,#1088,#1090,.T.);
#1086 = VERTEX_POINT('',#1087);
#1087 = CARTESIAN_POINT('',(-3.775,-0.9,0.55));
#1088 = VERTEX_POINT('',#1089);
#1089 = CARTESIAN_POINT('',(-3.7,-0.9,0.55));
#1090 = LINE('',#1091,#1092);
#1091 = CARTESIAN_POINT('',(-3.5,-0.9,0.55));
#1092 = VECTOR('',#1093,1.);
#1093 = DIRECTION('',(1.,0.,0.));
#1094 = ORIENTED_EDGE('',*,*,#1095,.T.);
#1095 = EDGE_CURVE('',#1088,#453,#1096,.T.);
#1096 = LINE('',#1097,#1098);
#1097 = CARTESIAN_POINT('',(-3.7,1.556277574758E-17,0.55));
#1098 = VECTOR('',#1099,1.);
#1099 = DIRECTION('',(0.,-1.,2.829595590469E-17));
#1100 = ORIENTED_EDGE('',*,*,#452,.T.);
#1101 = ORIENTED_EDGE('',*,*,#1102,.T.);
#1102 = EDGE_CURVE('',#445,#976,#1103,.T.);
#1103 = LINE('',#1104,#1105);
#1104 = CARTESIAN_POINT('',(-3.5,-1.875,0.55));
#1105 = VECTOR('',#1106,1.);
#1106 = DIRECTION('',(-1.,0.,0.));
#1107 = ORIENTED_EDGE('',*,*,#975,.F.);
#1108 = ORIENTED_EDGE('',*,*,#190,.F.);
#1109 = ORIENTED_EDGE('',*,*,#1110,.T.);
#1110 = EDGE_CURVE('',#183,#1086,#1111,.T.);
#1111 = LINE('',#1112,#1113);
#1112 = CARTESIAN_POINT('',(-3.775,1.556277574758E-17,0.55));
#1113 = VECTOR('',#1114,1.);
#1114 = DIRECTION('',(0.,1.,-2.829595590469E-17));
#1115 = PLANE('',#1116);
#1116 = AXIS2_PLACEMENT_3D('',#1117,#1118,#1119);
#1117 = CARTESIAN_POINT('',(-3.5,1.556277574758E-17,0.55));
#1118 = DIRECTION('',(0.,-2.829595590469E-17,-1.));
#1119 = DIRECTION('',(0.,1.,-2.829595590469E-17));
#1120 = ADVANCED_FACE('',(#1121),#1139,.F.);
#1121 = FACE_BOUND('',#1122,.T.);
#1122 = EDGE_LOOP('',(#1123,#1131,#1137,#1138));
#1123 = ORIENTED_EDGE('',*,*,#1124,.F.);
#1124 = EDGE_CURVE('',#1125,#175,#1127,.T.);
#1125 = VERTEX_POINT('',#1126);
#1126 = CARTESIAN_POINT('',(-3.775,-0.9,0.22));
#1127 = LINE('',#1128,#1129);
#1128 = CARTESIAN_POINT('',(-3.775,-0.9,0.22));
#1129 = VECTOR('',#1130,1.);
#1130 = DIRECTION('',(0.,-1.,1.367161731532E-16));
#1131 = ORIENTED_EDGE('',*,*,#1132,.F.);
#1132 = EDGE_CURVE('',#1086,#1125,#1133,.T.);
#1133 = LINE('',#1134,#1135);
#1134 = CARTESIAN_POINT('',(-3.775,-0.9,0.55));
#1135 = VECTOR('',#1136,1.);
#1136 = DIRECTION('',(0.,-1.367161731532E-16,-1.));
#1137 = ORIENTED_EDGE('',*,*,#1110,.F.);
#1138 = ORIENTED_EDGE('',*,*,#182,.F.);
#1139 = PLANE('',#1140);
#1140 = AXIS2_PLACEMENT_3D('',#1141,#1142,#1143);
#1141 = CARTESIAN_POINT('',(-3.775,-0.9,0.55));
#1142 = DIRECTION('',(-1.,0.,0.));
#1143 = DIRECTION('',(0.,-1.,1.367161731532E-16));
#1144 = ADVANCED_FACE('',(#1145),#1163,.F.);
#1145 = FACE_BOUND('',#1146,.T.);
#1146 = EDGE_LOOP('',(#1147,#1155,#1161,#1162));
#1147 = ORIENTED_EDGE('',*,*,#1148,.F.);
#1148 = EDGE_CURVE('',#1149,#167,#1151,.T.);
#1149 = VERTEX_POINT('',#1150);
#1150 = CARTESIAN_POINT('',(-3.7,-0.9,0.22));
#1151 = LINE('',#1152,#1153);
#1152 = CARTESIAN_POINT('',(-3.7,-0.9,0.22));
#1153 = VECTOR('',#1154,1.);
#1154 = DIRECTION('',(0.,-1.,1.367161731532E-16));
#1155 = ORIENTED_EDGE('',*,*,#1156,.F.);
#1156 = EDGE_CURVE('',#1125,#1149,#1157,.T.);
#1157 = LINE('',#1158,#1159);
#1158 = CARTESIAN_POINT('',(-3.7,-0.9,0.22));
#1159 = VECTOR('',#1160,1.);
#1160 = DIRECTION('',(1.,0.,0.));
#1161 = ORIENTED_EDGE('',*,*,#1124,.T.);
#1162 = ORIENTED_EDGE('',*,*,#174,.F.);
#1163 = PLANE('',#1164);
#1164 = AXIS2_PLACEMENT_3D('',#1165,#1166,#1167);
#1165 = CARTESIAN_POINT('',(-3.7,-0.9,0.22));
#1166 = DIRECTION('',(0.,-1.367161731532E-16,-1.));
#1167 = DIRECTION('',(0.,1.,-1.367161731532E-16));
#1168 = ADVANCED_FACE('',(#1169,#1315),#1413,.F.);
#1169 = FACE_BOUND('',#1170,.T.);
#1170 = EDGE_LOOP('',(#1171,#1181,#1189,#1197,#1205,#1211,#1212,#1220,
    #1228,#1236,#1242,#1243,#1244,#1245,#1246,#1254,#1262,#1268,#1269,
    #1277,#1285,#1293,#1301,#1309));
#1171 = ORIENTED_EDGE('',*,*,#1172,.F.);
#1172 = EDGE_CURVE('',#1173,#1175,#1177,.T.);
#1173 = VERTEX_POINT('',#1174);
#1174 = CARTESIAN_POINT('',(4.,-2.475,1.35));
#1175 = VERTEX_POINT('',#1176);
#1176 = CARTESIAN_POINT('',(3.5,-2.475,1.35));
#1177 = LINE('',#1178,#1179);
#1178 = CARTESIAN_POINT('',(4.,-2.475,1.35));
#1179 = VECTOR('',#1180,1.);
#1180 = DIRECTION('',(-1.,0.,0.));
#1181 = ORIENTED_EDGE('',*,*,#1182,.F.);
#1182 = EDGE_CURVE('',#1183,#1173,#1185,.T.);
#1183 = VERTEX_POINT('',#1184);
#1184 = CARTESIAN_POINT('',(4.,-2.475,2.85));
#1185 = LINE('',#1186,#1187);
#1186 = CARTESIAN_POINT('',(4.,-2.475,5.E-02));
#1187 = VECTOR('',#1188,1.);
#1188 = DIRECTION('',(-0.,1.282895408614E-17,-1.));
#1189 = ORIENTED_EDGE('',*,*,#1190,.F.);
#1190 = EDGE_CURVE('',#1191,#1183,#1193,.T.);
#1191 = VERTEX_POINT('',#1192);
#1192 = CARTESIAN_POINT('',(3.9,-2.475,2.95));
#1193 = LINE('',#1194,#1195);
#1194 = CARTESIAN_POINT('',(3.9,-2.475,2.95));
#1195 = VECTOR('',#1196,1.);
#1196 = DIRECTION('',(0.707106781187,-9.667293313453E-17,-0.707106781187
    ));
#1197 = ORIENTED_EDGE('',*,*,#1198,.T.);
#1198 = EDGE_CURVE('',#1191,#1199,#1201,.T.);
#1199 = VERTEX_POINT('',#1200);
#1200 = CARTESIAN_POINT('',(-3.9,-2.475,2.95));
#1201 = LINE('',#1202,#1203);
#1202 = CARTESIAN_POINT('',(4.,-2.475,2.95));
#1203 = VECTOR('',#1204,1.);
#1204 = DIRECTION('',(-1.,0.,-0.));
#1205 = ORIENTED_EDGE('',*,*,#1206,.F.);
#1206 = EDGE_CURVE('',#1016,#1199,#1207,.T.);
#1207 = LINE('',#1208,#1209);
#1208 = CARTESIAN_POINT('',(-3.9,-2.475,2.95));
#1209 = VECTOR('',#1210,1.);
#1210 = DIRECTION('',(0.707106781187,9.667293313453E-17,0.707106781187)
  );
#1211 = ORIENTED_EDGE('',*,*,#1015,.F.);
#1212 = ORIENTED_EDGE('',*,*,#1213,.F.);
#1213 = EDGE_CURVE('',#1214,#1008,#1216,.T.);
#1214 = VERTEX_POINT('',#1215);
#1215 = CARTESIAN_POINT('',(-3.5,-2.475,1.35));
#1216 = LINE('',#1217,#1218);
#1217 = CARTESIAN_POINT('',(4.,-2.475,1.35));
#1218 = VECTOR('',#1219,1.);
#1219 = DIRECTION('',(-1.,0.,0.));
#1220 = ORIENTED_EDGE('',*,*,#1221,.F.);
#1221 = EDGE_CURVE('',#1222,#1214,#1224,.T.);
#1222 = VERTEX_POINT('',#1223);
#1223 = CARTESIAN_POINT('',(-3.5,-2.475,1.15));
#1224 = LINE('',#1225,#1226);
#1225 = CARTESIAN_POINT('',(-3.5,-2.475,5.E-02));
#1226 = VECTOR('',#1227,1.);
#1227 = DIRECTION('',(0.,-1.282895408614E-17,1.));
#1228 = ORIENTED_EDGE('',*,*,#1229,.F.);
#1229 = EDGE_CURVE('',#1230,#1222,#1232,.T.);
#1230 = VERTEX_POINT('',#1231);
#1231 = CARTESIAN_POINT('',(-3.5,-2.475,1.));
#1232 = LINE('',#1233,#1234);
#1233 = CARTESIAN_POINT('',(-3.5,-2.475,3.383725285543E-16));
#1234 = VECTOR('',#1235,1.);
#1235 = DIRECTION('',(0.,1.367161731532E-16,1.));
#1236 = ORIENTED_EDGE('',*,*,#1237,.F.);
#1237 = EDGE_CURVE('',#253,#1230,#1238,.T.);
#1238 = LINE('',#1239,#1240);
#1239 = CARTESIAN_POINT('',(-3.5,-2.475,5.E-02));
#1240 = VECTOR('',#1241,1.);
#1241 = DIRECTION('',(0.,-1.282895408614E-17,1.));
#1242 = ORIENTED_EDGE('',*,*,#270,.F.);
#1243 = ORIENTED_EDGE('',*,*,#228,.F.);
#1244 = ORIENTED_EDGE('',*,*,#477,.F.);
#1245 = ORIENTED_EDGE('',*,*,#943,.F.);
#1246 = ORIENTED_EDGE('',*,*,#1247,.F.);
#1247 = EDGE_CURVE('',#1248,#936,#1250,.T.);
#1248 = VERTEX_POINT('',#1249);
#1249 = CARTESIAN_POINT('',(-3.2,-2.475,5.E-02));
#1250 = LINE('',#1251,#1252);
#1251 = CARTESIAN_POINT('',(-3.2,-2.475,5.E-02));
#1252 = VECTOR('',#1253,1.);
#1253 = DIRECTION('',(0.,-1.282895408614E-17,1.));
#1254 = ORIENTED_EDGE('',*,*,#1255,.F.);
#1255 = EDGE_CURVE('',#1256,#1248,#1258,.T.);
#1256 = VERTEX_POINT('',#1257);
#1257 = CARTESIAN_POINT('',(3.2,-2.475,5.E-02));
#1258 = LINE('',#1259,#1260);
#1259 = CARTESIAN_POINT('',(4.,-2.475,5.E-02));
#1260 = VECTOR('',#1261,1.);
#1261 = DIRECTION('',(-1.,0.,0.));
#1262 = ORIENTED_EDGE('',*,*,#1263,.F.);
#1263 = EDGE_CURVE('',#912,#1256,#1264,.T.);
#1264 = LINE('',#1265,#1266);
#1265 = CARTESIAN_POINT('',(3.2,-2.475,5.E-02));
#1266 = VECTOR('',#1267,1.);
#1267 = DIRECTION('',(-0.,1.282895408614E-17,-1.));
#1268 = ORIENTED_EDGE('',*,*,#911,.F.);
#1269 = ORIENTED_EDGE('',*,*,#1270,.F.);
#1270 = EDGE_CURVE('',#1271,#904,#1273,.T.);
#1271 = VERTEX_POINT('',#1272);
#1272 = CARTESIAN_POINT('',(3.425,-2.475,0.32));
#1273 = LINE('',#1274,#1275);
#1274 = CARTESIAN_POINT('',(3.425,-2.475,0.32));
#1275 = VECTOR('',#1276,1.);
#1276 = DIRECTION('',(-0.707106781187,-9.667293313453E-17,
    -0.707106781187));
#1277 = ORIENTED_EDGE('',*,*,#1278,.F.);
#1278 = EDGE_CURVE('',#1279,#1271,#1281,.T.);
#1279 = VERTEX_POINT('',#1280);
#1280 = CARTESIAN_POINT('',(3.5,-2.475,0.32));
#1281 = LINE('',#1282,#1283);
#1282 = CARTESIAN_POINT('',(4.,-2.475,0.32));
#1283 = VECTOR('',#1284,1.);
#1284 = DIRECTION('',(-1.,0.,0.));
#1285 = ORIENTED_EDGE('',*,*,#1286,.T.);
#1286 = EDGE_CURVE('',#1279,#1287,#1289,.T.);
#1287 = VERTEX_POINT('',#1288);
#1288 = CARTESIAN_POINT('',(3.5,-2.475,0.375));
#1289 = LINE('',#1290,#1291);
#1290 = CARTESIAN_POINT('',(3.5,-2.475,-3.17516613632E-17));
#1291 = VECTOR('',#1292,1.);
#1292 = DIRECTION('',(0.,-1.282895408614E-17,1.));
#1293 = ORIENTED_EDGE('',*,*,#1294,.F.);
#1294 = EDGE_CURVE('',#1295,#1287,#1297,.T.);
#1295 = VERTEX_POINT('',#1296);
#1296 = CARTESIAN_POINT('',(3.5,-2.475,1.));
#1297 = LINE('',#1298,#1299);
#1298 = CARTESIAN_POINT('',(3.5,-2.475,5.E-02));
#1299 = VECTOR('',#1300,1.);
#1300 = DIRECTION('',(-0.,1.282895408614E-17,-1.));
#1301 = ORIENTED_EDGE('',*,*,#1302,.T.);
#1302 = EDGE_CURVE('',#1295,#1303,#1305,.T.);
#1303 = VERTEX_POINT('',#1304);
#1304 = CARTESIAN_POINT('',(3.5,-2.475,1.15));
#1305 = LINE('',#1306,#1307);
#1306 = CARTESIAN_POINT('',(3.5,-2.475,-3.17516613632E-17));
#1307 = VECTOR('',#1308,1.);
#1308 = DIRECTION('',(0.,-1.282895408614E-17,1.));
#1309 = ORIENTED_EDGE('',*,*,#1310,.F.);
#1310 = EDGE_CURVE('',#1175,#1303,#1311,.T.);
#1311 = LINE('',#1312,#1313);
#1312 = CARTESIAN_POINT('',(3.5,-2.475,5.E-02));
#1313 = VECTOR('',#1314,1.);
#1314 = DIRECTION('',(-0.,1.282895408614E-17,-1.));
#1315 = FACE_BOUND('',#1316,.T.);
#1316 = EDGE_LOOP('',(#1317,#1327,#1335,#1343,#1351,#1359,#1367,#1375,
    #1383,#1391,#1399,#1407));
#1317 = ORIENTED_EDGE('',*,*,#1318,.F.);
#1318 = EDGE_CURVE('',#1319,#1321,#1323,.T.);
#1319 = VERTEX_POINT('',#1320);
#1320 = CARTESIAN_POINT('',(3.35,-2.475,2.05));
#1321 = VERTEX_POINT('',#1322);
#1322 = CARTESIAN_POINT('',(3.35,-2.475,2.65));
#1323 = LINE('',#1324,#1325);
#1324 = CARTESIAN_POINT('',(3.35,-2.475,5.E-02));
#1325 = VECTOR('',#1326,1.);
#1326 = DIRECTION('',(0.,-1.282895408614E-17,1.));
#1327 = ORIENTED_EDGE('',*,*,#1328,.F.);
#1328 = EDGE_CURVE('',#1329,#1319,#1331,.T.);
#1329 = VERTEX_POINT('',#1330);
#1330 = CARTESIAN_POINT('',(3.5,-2.475,2.05));
#1331 = LINE('',#1332,#1333);
#1332 = CARTESIAN_POINT('',(4.,-2.475,2.05));
#1333 = VECTOR('',#1334,1.);
#1334 = DIRECTION('',(-1.,0.,0.));
#1335 = ORIENTED_EDGE('',*,*,#1336,.F.);
#1336 = EDGE_CURVE('',#1337,#1329,#1339,.T.);
#1337 = VERTEX_POINT('',#1338);
#1338 = CARTESIAN_POINT('',(3.5,-2.475,1.45));
#1339 = LINE('',#1340,#1341);
#1340 = CARTESIAN_POINT('',(3.5,-2.475,5.E-02));
#1341 = VECTOR('',#1342,1.);
#1342 = DIRECTION('',(0.,-1.282895408614E-17,1.));
#1343 = ORIENTED_EDGE('',*,*,#1344,.F.);
#1344 = EDGE_CURVE('',#1345,#1337,#1347,.T.);
#1345 = VERTEX_POINT('',#1346);
#1346 = CARTESIAN_POINT('',(3.35,-2.475,1.45));
#1347 = LINE('',#1348,#1349);
#1348 = CARTESIAN_POINT('',(4.,-2.475,1.45));
#1349 = VECTOR('',#1350,1.);
#1350 = DIRECTION('',(1.,0.,0.));
#1351 = ORIENTED_EDGE('',*,*,#1352,.F.);
#1352 = EDGE_CURVE('',#1353,#1345,#1355,.T.);
#1353 = VERTEX_POINT('',#1354);
#1354 = CARTESIAN_POINT('',(3.35,-2.475,0.35));
#1355 = LINE('',#1356,#1357);
#1356 = CARTESIAN_POINT('',(3.35,-2.475,5.E-02));
#1357 = VECTOR('',#1358,1.);
#1358 = DIRECTION('',(0.,-1.282895408614E-17,1.));
#1359 = ORIENTED_EDGE('',*,*,#1360,.F.);
#1360 = EDGE_CURVE('',#1361,#1353,#1363,.T.);
#1361 = VERTEX_POINT('',#1362);
#1362 = CARTESIAN_POINT('',(-3.35,-2.475,0.35));
#1363 = LINE('',#1364,#1365);
#1364 = CARTESIAN_POINT('',(4.,-2.475,0.35));
#1365 = VECTOR('',#1366,1.);
#1366 = DIRECTION('',(1.,0.,0.));
#1367 = ORIENTED_EDGE('',*,*,#1368,.F.);
#1368 = EDGE_CURVE('',#1369,#1361,#1371,.T.);
#1369 = VERTEX_POINT('',#1370);
#1370 = CARTESIAN_POINT('',(-3.35,-2.475,1.45));
#1371 = LINE('',#1372,#1373);
#1372 = CARTESIAN_POINT('',(-3.35,-2.475,5.E-02));
#1373 = VECTOR('',#1374,1.);
#1374 = DIRECTION('',(-0.,1.282895408614E-17,-1.));
#1375 = ORIENTED_EDGE('',*,*,#1376,.F.);
#1376 = EDGE_CURVE('',#1377,#1369,#1379,.T.);
#1377 = VERTEX_POINT('',#1378);
#1378 = CARTESIAN_POINT('',(-3.5,-2.475,1.45));
#1379 = LINE('',#1380,#1381);
#1380 = CARTESIAN_POINT('',(4.,-2.475,1.45));
#1381 = VECTOR('',#1382,1.);
#1382 = DIRECTION('',(1.,0.,0.));
#1383 = ORIENTED_EDGE('',*,*,#1384,.F.);
#1384 = EDGE_CURVE('',#1385,#1377,#1387,.T.);
#1385 = VERTEX_POINT('',#1386);
#1386 = CARTESIAN_POINT('',(-3.5,-2.475,2.05));
#1387 = LINE('',#1388,#1389);
#1388 = CARTESIAN_POINT('',(-3.5,-2.475,5.E-02));
#1389 = VECTOR('',#1390,1.);
#1390 = DIRECTION('',(-0.,1.282895408614E-17,-1.));
#1391 = ORIENTED_EDGE('',*,*,#1392,.F.);
#1392 = EDGE_CURVE('',#1393,#1385,#1395,.T.);
#1393 = VERTEX_POINT('',#1394);
#1394 = CARTESIAN_POINT('',(-3.35,-2.475,2.05));
#1395 = LINE('',#1396,#1397);
#1396 = CARTESIAN_POINT('',(4.,-2.475,2.05));
#1397 = VECTOR('',#1398,1.);
#1398 = DIRECTION('',(-1.,0.,0.));
#1399 = ORIENTED_EDGE('',*,*,#1400,.F.);
#1400 = EDGE_CURVE('',#1401,#1393,#1403,.T.);
#1401 = VERTEX_POINT('',#1402);
#1402 = CARTESIAN_POINT('',(-3.35,-2.475,2.65));
#1403 = LINE('',#1404,#1405);
#1404 = CARTESIAN_POINT('',(-3.35,-2.475,5.E-02));
#1405 = VECTOR('',#1406,1.);
#1406 = DIRECTION('',(-0.,1.282895408614E-17,-1.));
#1407 = ORIENTED_EDGE('',*,*,#1408,.F.);
#1408 = EDGE_CURVE('',#1321,#1401,#1409,.T.);
#1409 = LINE('',#1410,#1411);
#1410 = CARTESIAN_POINT('',(4.,-2.475,2.65));
#1411 = VECTOR('',#1412,1.);
#1412 = DIRECTION('',(-1.,0.,0.));
#1413 = PLANE('',#1414);
#1414 = AXIS2_PLACEMENT_3D('',#1415,#1416,#1417);
#1415 = CARTESIAN_POINT('',(4.,-2.475,5.E-02));
#1416 = DIRECTION('',(0.,1.,1.282895408614E-17));
#1417 = DIRECTION('',(0.,-1.282895408614E-17,1.));
#1418 = ADVANCED_FACE('',(#1419),#1437,.F.);
#1419 = FACE_BOUND('',#1420,.T.);
#1420 = EDGE_LOOP('',(#1421,#1429,#1430,#1431));
#1421 = ORIENTED_EDGE('',*,*,#1422,.F.);
#1422 = EDGE_CURVE('',#287,#1423,#1425,.T.);
#1423 = VERTEX_POINT('',#1424);
#1424 = CARTESIAN_POINT('',(-3.5,-2.4,0.375));
#1425 = LINE('',#1426,#1427);
#1426 = CARTESIAN_POINT('',(-3.7,-2.4,0.375));
#1427 = VECTOR('',#1428,1.);
#1428 = DIRECTION('',(1.,0.,0.));
#1429 = ORIENTED_EDGE('',*,*,#286,.F.);
#1430 = ORIENTED_EDGE('',*,*,#252,.F.);
#1431 = ORIENTED_EDGE('',*,*,#1432,.T.);
#1432 = EDGE_CURVE('',#253,#1423,#1433,.T.);
#1433 = LINE('',#1434,#1435);
#1434 = CARTESIAN_POINT('',(-3.5,5.126856493246E-17,0.375));
#1435 = VECTOR('',#1436,1.);
#1436 = DIRECTION('',(-0.,1.,-1.367161731532E-16));
#1437 = PLANE('',#1438);
#1438 = AXIS2_PLACEMENT_3D('',#1439,#1440,#1441);
#1439 = CARTESIAN_POINT('',(-3.7,5.126856493246E-17,0.375));
#1440 = DIRECTION('',(0.,-1.367161731532E-16,-1.));
#1441 = DIRECTION('',(0.,1.,-1.367161731532E-16));
#1442 = ADVANCED_FACE('',(#1443),#1454,.F.);
#1443 = FACE_BOUND('',#1444,.T.);
#1444 = EDGE_LOOP('',(#1445,#1446,#1452,#1453));
#1445 = ORIENTED_EDGE('',*,*,#1095,.F.);
#1446 = ORIENTED_EDGE('',*,*,#1447,.F.);
#1447 = EDGE_CURVE('',#1149,#1088,#1448,.T.);
#1448 = LINE('',#1449,#1450);
#1449 = CARTESIAN_POINT('',(-3.7,-0.9,0.55));
#1450 = VECTOR('',#1451,1.);
#1451 = DIRECTION('',(0.,1.367161731532E-16,1.));
#1452 = ORIENTED_EDGE('',*,*,#1148,.T.);
#1453 = ORIENTED_EDGE('',*,*,#460,.F.);
#1454 = PLANE('',#1455);
#1455 = AXIS2_PLACEMENT_3D('',#1456,#1457,#1458);
#1456 = CARTESIAN_POINT('',(-3.7,-0.9,0.55));
#1457 = DIRECTION('',(1.,0.,0.));
#1458 = DIRECTION('',(0.,1.,-1.367161731532E-16));
#1459 = ADVANCED_FACE('',(#1460),#1471,.F.);
#1460 = FACE_BOUND('',#1461,.T.);
#1461 = EDGE_LOOP('',(#1462,#1468,#1469,#1470));
#1462 = ORIENTED_EDGE('',*,*,#1463,.F.);
#1463 = EDGE_CURVE('',#984,#437,#1464,.T.);
#1464 = LINE('',#1465,#1466);
#1465 = CARTESIAN_POINT('',(-3.5,-1.975,0.65));
#1466 = VECTOR('',#1467,1.);
#1467 = DIRECTION('',(1.,0.,0.));
#1468 = ORIENTED_EDGE('',*,*,#983,.F.);
#1469 = ORIENTED_EDGE('',*,*,#1102,.F.);
#1470 = ORIENTED_EDGE('',*,*,#444,.F.);
#1471 = PLANE('',#1472);
#1472 = AXIS2_PLACEMENT_3D('',#1473,#1474,#1475);
#1473 = CARTESIAN_POINT('',(-3.5,-1.875,0.55));
#1474 = DIRECTION('',(0.,0.707106781187,0.707106781187));
#1475 = DIRECTION('',(0.,-0.707106781187,0.707106781187));
#1476 = ADVANCED_FACE('',(#1477),#1504,.T.);
#1477 = FACE_BOUND('',#1478,.T.);
#1478 = EDGE_LOOP('',(#1479,#1489,#1495,#1496,#1497,#1498));
#1479 = ORIENTED_EDGE('',*,*,#1480,.T.);
#1480 = EDGE_CURVE('',#1481,#1483,#1485,.T.);
#1481 = VERTEX_POINT('',#1482);
#1482 = CARTESIAN_POINT('',(-3.775,-1.975,0.9));
#1483 = VERTEX_POINT('',#1484);
#1484 = CARTESIAN_POINT('',(-3.775,-1.975,1.25));
#1485 = LINE('',#1486,#1487);
#1486 = CARTESIAN_POINT('',(-3.775,-1.975,2.700144419776E-16));
#1487 = VECTOR('',#1488,1.);
#1488 = DIRECTION('',(0.,1.367161731532E-16,1.));
#1489 = ORIENTED_EDGE('',*,*,#1490,.F.);
#1490 = EDGE_CURVE('',#992,#1483,#1491,.T.);
#1491 = LINE('',#1492,#1493);
#1492 = CARTESIAN_POINT('',(-3.5,-1.975,1.25));
#1493 = VECTOR('',#1494,1.);
#1494 = DIRECTION('',(1.,0.,0.));
#1495 = ORIENTED_EDGE('',*,*,#991,.F.);
#1496 = ORIENTED_EDGE('',*,*,#1463,.T.);
#1497 = ORIENTED_EDGE('',*,*,#436,.T.);
#1498 = ORIENTED_EDGE('',*,*,#1499,.T.);
#1499 = EDGE_CURVE('',#429,#1481,#1500,.T.);
#1500 = LINE('',#1501,#1502);
#1501 = CARTESIAN_POINT('',(-3.5,-1.975,0.9));
#1502 = VECTOR('',#1503,1.);
#1503 = DIRECTION('',(-1.,-0.,0.));
#1504 = PLANE('',#1505);
#1505 = AXIS2_PLACEMENT_3D('',#1506,#1507,#1508);
#1506 = CARTESIAN_POINT('',(-3.5,-1.975,2.700144419776E-16));
#1507 = DIRECTION('',(0.,-1.,1.367161731532E-16));
#1508 = DIRECTION('',(1.,0.,0.));
#1509 = ADVANCED_FACE('',(#1510),#1520,.T.);
#1510 = FACE_BOUND('',#1511,.T.);
#1511 = EDGE_LOOP('',(#1512,#1513,#1514));
#1512 = ORIENTED_EDGE('',*,*,#1499,.F.);
#1513 = ORIENTED_EDGE('',*,*,#428,.T.);
#1514 = ORIENTED_EDGE('',*,*,#1515,.F.);
#1515 = EDGE_CURVE('',#1481,#421,#1516,.T.);
#1516 = LINE('',#1517,#1518);
#1517 = CARTESIAN_POINT('',(-3.775,-1.975,0.9));
#1518 = VECTOR('',#1519,1.);
#1519 = DIRECTION('',(0.57735026919,0.57735026919,0.57735026919));
#1520 = PLANE('',#1521);
#1521 = AXIS2_PLACEMENT_3D('',#1522,#1523,#1524);
#1522 = CARTESIAN_POINT('',(0.,-1.9,0.975));
#1523 = DIRECTION('',(0.,-0.707106781187,0.707106781187));
#1524 = DIRECTION('',(0.,-0.707106781187,-0.707106781187));
#1525 = ADVANCED_FACE('',(#1526),#1537,.T.);
#1526 = FACE_BOUND('',#1527,.T.);
#1527 = EDGE_LOOP('',(#1528,#1529,#1530,#1536));
#1528 = ORIENTED_EDGE('',*,*,#1515,.T.);
#1529 = ORIENTED_EDGE('',*,*,#420,.T.);
#1530 = ORIENTED_EDGE('',*,*,#1531,.F.);
#1531 = EDGE_CURVE('',#1483,#413,#1532,.T.);
#1532 = LINE('',#1533,#1534);
#1533 = CARTESIAN_POINT('',(-3.775,-1.975,1.25));
#1534 = VECTOR('',#1535,1.);
#1535 = DIRECTION('',(0.707106781187,0.707106781187,-9.667293313453E-17)
  );
#1536 = ORIENTED_EDGE('',*,*,#1480,.F.);
#1537 = PLANE('',#1538);
#1538 = AXIS2_PLACEMENT_3D('',#1539,#1540,#1541);
#1539 = CARTESIAN_POINT('',(-3.7,-1.9,2.597607289912E-16));
#1540 = DIRECTION('',(0.707106781187,-0.707106781187,9.667293313453E-17)
  );
#1541 = DIRECTION('',(0.707106781187,0.707106781187,-9.667293313453E-17)
  );
#1542 = ADVANCED_FACE('',(#1543),#1555,.T.);
#1543 = FACE_BOUND('',#1544,.T.);
#1544 = EDGE_LOOP('',(#1545,#1546,#1547,#1553,#1554));
#1545 = ORIENTED_EDGE('',*,*,#1531,.T.);
#1546 = ORIENTED_EDGE('',*,*,#412,.F.);
#1547 = ORIENTED_EDGE('',*,*,#1548,.F.);
#1548 = EDGE_CURVE('',#1000,#405,#1549,.T.);
#1549 = LINE('',#1550,#1551);
#1550 = CARTESIAN_POINT('',(-3.5,-2.375,1.25));
#1551 = VECTOR('',#1552,1.);
#1552 = DIRECTION('',(1.,0.,0.));
#1553 = ORIENTED_EDGE('',*,*,#999,.F.);
#1554 = ORIENTED_EDGE('',*,*,#1490,.T.);
#1555 = PLANE('',#1556);
#1556 = AXIS2_PLACEMENT_3D('',#1557,#1558,#1559);
#1557 = CARTESIAN_POINT('',(-3.5,1.708952164415E-16,1.25));
#1558 = DIRECTION('',(0.,-1.367161731532E-16,-1.));
#1559 = DIRECTION('',(0.,1.,-1.367161731532E-16));
#1560 = ADVANCED_FACE('',(#1561),#1584,.T.);
#1561 = FACE_BOUND('',#1562,.T.);
#1562 = EDGE_LOOP('',(#1563,#1564,#1570,#1578));
#1563 = ORIENTED_EDGE('',*,*,#404,.T.);
#1564 = ORIENTED_EDGE('',*,*,#1565,.T.);
#1565 = EDGE_CURVE('',#397,#1222,#1566,.T.);
#1566 = LINE('',#1567,#1568);
#1567 = CARTESIAN_POINT('',(-3.7,-2.475,1.15));
#1568 = VECTOR('',#1569,1.);
#1569 = DIRECTION('',(1.,0.,0.));
#1570 = ORIENTED_EDGE('',*,*,#1571,.T.);
#1571 = EDGE_CURVE('',#1222,#1572,#1574,.T.);
#1572 = VERTEX_POINT('',#1573);
#1573 = CARTESIAN_POINT('',(-3.5,-2.375,1.25));
#1574 = LINE('',#1575,#1576);
#1575 = CARTESIAN_POINT('',(-3.5,-2.475,1.15));
#1576 = VECTOR('',#1577,1.);
#1577 = DIRECTION('',(0.,0.707106781187,0.707106781187));
#1578 = ORIENTED_EDGE('',*,*,#1579,.T.);
#1579 = EDGE_CURVE('',#1572,#405,#1580,.T.);
#1580 = LINE('',#1581,#1582);
#1581 = CARTESIAN_POINT('',(-3.7,-2.375,1.25));
#1582 = VECTOR('',#1583,1.);
#1583 = DIRECTION('',(-1.,0.,-0.));
#1584 = PLANE('',#1585);
#1585 = AXIS2_PLACEMENT_3D('',#1586,#1587,#1588);
#1586 = CARTESIAN_POINT('',(-3.7,-1.8125,1.8125));
#1587 = DIRECTION('',(0.,-0.707106781187,0.707106781187));
#1588 = DIRECTION('',(0.,-0.707106781187,-0.707106781187));
#1589 = ADVANCED_FACE('',(#1590),#1601,.F.);
#1590 = FACE_BOUND('',#1591,.T.);
#1591 = EDGE_LOOP('',(#1592,#1593,#1594,#1600));
#1592 = ORIENTED_EDGE('',*,*,#1565,.F.);
#1593 = ORIENTED_EDGE('',*,*,#396,.F.);
#1594 = ORIENTED_EDGE('',*,*,#1595,.F.);
#1595 = EDGE_CURVE('',#1230,#389,#1596,.T.);
#1596 = LINE('',#1597,#1598);
#1597 = CARTESIAN_POINT('',(-3.7,-2.475,1.));
#1598 = VECTOR('',#1599,1.);
#1599 = DIRECTION('',(-1.,0.,0.));
#1600 = ORIENTED_EDGE('',*,*,#1229,.T.);
#1601 = PLANE('',#1602);
#1602 = AXIS2_PLACEMENT_3D('',#1603,#1604,#1605);
#1603 = CARTESIAN_POINT('',(-3.7,-2.475,-3.17516613632E-17));
#1604 = DIRECTION('',(0.,1.,1.282895408614E-17));
#1605 = DIRECTION('',(0.,-1.282895408614E-17,1.));
#1606 = ADVANCED_FACE('',(#1607),#1625,.T.);
#1607 = FACE_BOUND('',#1608,.T.);
#1608 = EDGE_LOOP('',(#1609,#1610,#1618,#1624));
#1609 = ORIENTED_EDGE('',*,*,#388,.T.);
#1610 = ORIENTED_EDGE('',*,*,#1611,.T.);
#1611 = EDGE_CURVE('',#380,#1612,#1614,.T.);
#1612 = VERTEX_POINT('',#1613);
#1613 = CARTESIAN_POINT('',(-3.5,-2.4,1.));
#1614 = LINE('',#1615,#1616);
#1615 = CARTESIAN_POINT('',(-3.7,-2.4,1.));
#1616 = VECTOR('',#1617,1.);
#1617 = DIRECTION('',(1.,0.,0.));
#1618 = ORIENTED_EDGE('',*,*,#1619,.T.);
#1619 = EDGE_CURVE('',#1612,#1230,#1620,.T.);
#1620 = LINE('',#1621,#1622);
#1621 = CARTESIAN_POINT('',(-3.5,1.367161731532E-16,1.));
#1622 = VECTOR('',#1623,1.);
#1623 = DIRECTION('',(0.,-1.,1.367161731532E-16));
#1624 = ORIENTED_EDGE('',*,*,#1595,.T.);
#1625 = PLANE('',#1626);
#1626 = AXIS2_PLACEMENT_3D('',#1627,#1628,#1629);
#1627 = CARTESIAN_POINT('',(-3.7,1.367161731532E-16,1.));
#1628 = DIRECTION('',(0.,-1.367161731532E-16,-1.));
#1629 = DIRECTION('',(0.,1.,-1.367161731532E-16));
#1630 = ADVANCED_FACE('',(#1631),#1650,.F.);
#1631 = FACE_BOUND('',#1632,.F.);
#1632 = EDGE_LOOP('',(#1633,#1642,#1648,#1649));
#1633 = ORIENTED_EDGE('',*,*,#1634,.T.);
#1634 = EDGE_CURVE('',#1612,#1635,#1637,.T.);
#1635 = VERTEX_POINT('',#1636);
#1636 = CARTESIAN_POINT('',(-3.5,-2.375,0.975));
#1637 = CIRCLE('',#1638,2.5E-02);
#1638 = AXIS2_PLACEMENT_3D('',#1639,#1640,#1641);
#1639 = CARTESIAN_POINT('',(-3.5,-2.4,0.975));
#1640 = DIRECTION('',(-1.,0.,0.));
#1641 = DIRECTION('',(0.,1.,-1.367161731532E-16));
#1642 = ORIENTED_EDGE('',*,*,#1643,.T.);
#1643 = EDGE_CURVE('',#1635,#372,#1644,.T.);
#1644 = LINE('',#1645,#1646);
#1645 = CARTESIAN_POINT('',(-3.7,-2.375,0.975));
#1646 = VECTOR('',#1647,1.);
#1647 = DIRECTION('',(-1.,-0.,0.));
#1648 = ORIENTED_EDGE('',*,*,#379,.T.);
#1649 = ORIENTED_EDGE('',*,*,#1611,.T.);
#1650 = CYLINDRICAL_SURFACE('',#1651,2.5E-02);
#1651 = AXIS2_PLACEMENT_3D('',#1652,#1653,#1654);
#1652 = CARTESIAN_POINT('',(-3.7,-2.4,0.975));
#1653 = DIRECTION('',(1.,0.,0.));
#1654 = DIRECTION('',(0.,1.,-1.367161731532E-16));
#1655 = ADVANCED_FACE('',(#1656),#1674,.T.);
#1656 = FACE_BOUND('',#1657,.T.);
#1657 = EDGE_LOOP('',(#1658,#1659,#1667,#1673));
#1658 = ORIENTED_EDGE('',*,*,#371,.T.);
#1659 = ORIENTED_EDGE('',*,*,#1660,.T.);
#1660 = EDGE_CURVE('',#363,#1661,#1663,.T.);
#1661 = VERTEX_POINT('',#1662);
#1662 = CARTESIAN_POINT('',(-3.5,-2.375,0.8125));
#1663 = LINE('',#1664,#1665);
#1664 = CARTESIAN_POINT('',(-3.7,-2.375,0.8125));
#1665 = VECTOR('',#1666,1.);
#1666 = DIRECTION('',(1.,0.,0.));
#1667 = ORIENTED_EDGE('',*,*,#1668,.T.);
#1668 = EDGE_CURVE('',#1661,#1635,#1669,.T.);
#1669 = LINE('',#1670,#1671);
#1670 = CARTESIAN_POINT('',(-3.5,-2.375,3.247009112389E-16));
#1671 = VECTOR('',#1672,1.);
#1672 = DIRECTION('',(0.,1.367161731532E-16,1.));
#1673 = ORIENTED_EDGE('',*,*,#1643,.T.);
#1674 = PLANE('',#1675);
#1675 = AXIS2_PLACEMENT_3D('',#1676,#1677,#1678);
#1676 = CARTESIAN_POINT('',(-3.7,-2.375,3.247009112389E-16));
#1677 = DIRECTION('',(0.,-1.,1.367161731532E-16));
#1678 = DIRECTION('',(1.,0.,0.));
#1679 = ADVANCED_FACE('',(#1680),#1699,.F.);
#1680 = FACE_BOUND('',#1681,.F.);
#1681 = EDGE_LOOP('',(#1682,#1691,#1697,#1698));
#1682 = ORIENTED_EDGE('',*,*,#1683,.T.);
#1683 = EDGE_CURVE('',#1661,#1684,#1686,.T.);
#1684 = VERTEX_POINT('',#1685);
#1685 = CARTESIAN_POINT('',(-3.5,-2.4,0.7875));
#1686 = CIRCLE('',#1687,2.5E-02);
#1687 = AXIS2_PLACEMENT_3D('',#1688,#1689,#1690);
#1688 = CARTESIAN_POINT('',(-3.5,-2.4,0.8125));
#1689 = DIRECTION('',(-1.,0.,0.));
#1690 = DIRECTION('',(0.,1.,-1.367161731532E-16));
#1691 = ORIENTED_EDGE('',*,*,#1692,.T.);
#1692 = EDGE_CURVE('',#1684,#355,#1693,.T.);
#1693 = LINE('',#1694,#1695);
#1694 = CARTESIAN_POINT('',(-3.7,-2.4,0.7875));
#1695 = VECTOR('',#1696,1.);
#1696 = DIRECTION('',(-1.,0.,0.));
#1697 = ORIENTED_EDGE('',*,*,#362,.T.);
#1698 = ORIENTED_EDGE('',*,*,#1660,.T.);
#1699 = CYLINDRICAL_SURFACE('',#1700,2.5E-02);
#1700 = AXIS2_PLACEMENT_3D('',#1701,#1702,#1703);
#1701 = CARTESIAN_POINT('',(-3.7,-2.4,0.8125));
#1702 = DIRECTION('',(1.,0.,0.));
#1703 = DIRECTION('',(0.,1.,-1.367161731532E-16));
#1704 = ADVANCED_FACE('',(#1705),#1723,.F.);
#1705 = FACE_BOUND('',#1706,.T.);
#1706 = EDGE_LOOP('',(#1707,#1708,#1709,#1717));
#1707 = ORIENTED_EDGE('',*,*,#1692,.T.);
#1708 = ORIENTED_EDGE('',*,*,#354,.F.);
#1709 = ORIENTED_EDGE('',*,*,#1710,.F.);
#1710 = EDGE_CURVE('',#1711,#346,#1713,.T.);
#1711 = VERTEX_POINT('',#1712);
#1712 = CARTESIAN_POINT('',(-3.5,-2.41,0.7875));
#1713 = LINE('',#1714,#1715);
#1714 = CARTESIAN_POINT('',(-3.7,-2.41,0.7875));
#1715 = VECTOR('',#1716,1.);
#1716 = DIRECTION('',(-1.,0.,0.));
#1717 = ORIENTED_EDGE('',*,*,#1718,.F.);
#1718 = EDGE_CURVE('',#1684,#1711,#1719,.T.);
#1719 = LINE('',#1720,#1721);
#1720 = CARTESIAN_POINT('',(-3.5,-1.696852023029E-14,0.7875));
#1721 = VECTOR('',#1722,1.);
#1722 = DIRECTION('',(0.,-1.,-2.154732727656E-14));
#1723 = PLANE('',#1724);
#1724 = AXIS2_PLACEMENT_3D('',#1725,#1726,#1727);
#1725 = CARTESIAN_POINT('',(-3.7,-1.696852023029E-14,0.7875));
#1726 = DIRECTION('',(0.,2.154732727656E-14,-1.));
#1727 = DIRECTION('',(0.,1.,2.154732727656E-14));
#1728 = ADVANCED_FACE('',(#1729),#1748,.T.);
#1729 = FACE_BOUND('',#1730,.T.);
#1730 = EDGE_LOOP('',(#1731,#1732,#1740,#1747));
#1731 = ORIENTED_EDGE('',*,*,#345,.F.);
#1732 = ORIENTED_EDGE('',*,*,#1733,.F.);
#1733 = EDGE_CURVE('',#1734,#338,#1736,.T.);
#1734 = VERTEX_POINT('',#1735);
#1735 = CARTESIAN_POINT('',(-3.5,-2.435,0.7625));
#1736 = LINE('',#1737,#1738);
#1737 = CARTESIAN_POINT('',(-3.7,-2.435,0.7625));
#1738 = VECTOR('',#1739,1.);
#1739 = DIRECTION('',(-1.,-0.,0.));
#1740 = ORIENTED_EDGE('',*,*,#1741,.T.);
#1741 = EDGE_CURVE('',#1734,#1711,#1742,.T.);
#1742 = CIRCLE('',#1743,2.5E-02);
#1743 = AXIS2_PLACEMENT_3D('',#1744,#1745,#1746);
#1744 = CARTESIAN_POINT('',(-3.5,-2.41,0.7625));
#1745 = DIRECTION('',(-1.,0.,0.));
#1746 = DIRECTION('',(0.,1.,-1.367161731532E-16));
#1747 = ORIENTED_EDGE('',*,*,#1710,.T.);
#1748 = CYLINDRICAL_SURFACE('',#1749,2.5E-02);
#1749 = AXIS2_PLACEMENT_3D('',#1750,#1751,#1752);
#1750 = CARTESIAN_POINT('',(-3.7,-2.41,0.7625));
#1751 = DIRECTION('',(1.,0.,0.));
#1752 = DIRECTION('',(0.,1.,-1.367161731532E-16));
#1753 = ADVANCED_FACE('',(#1754),#1772,.T.);
#1754 = FACE_BOUND('',#1755,.T.);
#1755 = EDGE_LOOP('',(#1756,#1757,#1765,#1771));
#1756 = ORIENTED_EDGE('',*,*,#337,.T.);
#1757 = ORIENTED_EDGE('',*,*,#1758,.T.);
#1758 = EDGE_CURVE('',#329,#1759,#1761,.T.);
#1759 = VERTEX_POINT('',#1760);
#1760 = CARTESIAN_POINT('',(-3.5,-2.435,0.6125));
#1761 = LINE('',#1762,#1763);
#1762 = CARTESIAN_POINT('',(-3.7,-2.435,0.6125));
#1763 = VECTOR('',#1764,1.);
#1764 = DIRECTION('',(1.,0.,0.));
#1765 = ORIENTED_EDGE('',*,*,#1766,.T.);
#1766 = EDGE_CURVE('',#1759,#1734,#1767,.T.);
#1767 = LINE('',#1768,#1769);
#1768 = CARTESIAN_POINT('',(-3.5,-2.435,3.329038816281E-16));
#1769 = VECTOR('',#1770,1.);
#1770 = DIRECTION('',(0.,1.367161731532E-16,1.));
#1771 = ORIENTED_EDGE('',*,*,#1733,.T.);
#1772 = PLANE('',#1773);
#1773 = AXIS2_PLACEMENT_3D('',#1774,#1775,#1776);
#1774 = CARTESIAN_POINT('',(-3.7,-2.435,3.329038816281E-16));
#1775 = DIRECTION('',(0.,-1.,1.367161731532E-16));
#1776 = DIRECTION('',(1.,0.,0.));
#1777 = ADVANCED_FACE('',(#1778),#1797,.T.);
#1778 = FACE_BOUND('',#1779,.T.);
#1779 = EDGE_LOOP('',(#1780,#1781,#1789,#1796));
#1780 = ORIENTED_EDGE('',*,*,#328,.F.);
#1781 = ORIENTED_EDGE('',*,*,#1782,.T.);
#1782 = EDGE_CURVE('',#321,#1783,#1785,.T.);
#1783 = VERTEX_POINT('',#1784);
#1784 = CARTESIAN_POINT('',(-3.5,-2.41,0.5875));
#1785 = LINE('',#1786,#1787);
#1786 = CARTESIAN_POINT('',(-3.7,-2.41,0.5875));
#1787 = VECTOR('',#1788,1.);
#1788 = DIRECTION('',(1.,0.,0.));
#1789 = ORIENTED_EDGE('',*,*,#1790,.T.);
#1790 = EDGE_CURVE('',#1783,#1759,#1791,.T.);
#1791 = CIRCLE('',#1792,2.5E-02);
#1792 = AXIS2_PLACEMENT_3D('',#1793,#1794,#1795);
#1793 = CARTESIAN_POINT('',(-3.5,-2.41,0.6125));
#1794 = DIRECTION('',(-1.,0.,0.));
#1795 = DIRECTION('',(0.,1.,-1.367161731532E-16));
#1796 = ORIENTED_EDGE('',*,*,#1758,.F.);
#1797 = CYLINDRICAL_SURFACE('',#1798,2.5E-02);
#1798 = AXIS2_PLACEMENT_3D('',#1799,#1800,#1801);
#1799 = CARTESIAN_POINT('',(-3.7,-2.41,0.6125));
#1800 = DIRECTION('',(1.,0.,0.));
#1801 = DIRECTION('',(0.,1.,-1.367161731532E-16));
#1802 = ADVANCED_FACE('',(#1803),#1821,.T.);
#1803 = FACE_BOUND('',#1804,.T.);
#1804 = EDGE_LOOP('',(#1805,#1806,#1814,#1820));
#1805 = ORIENTED_EDGE('',*,*,#320,.T.);
#1806 = ORIENTED_EDGE('',*,*,#1807,.T.);
#1807 = EDGE_CURVE('',#312,#1808,#1810,.T.);
#1808 = VERTEX_POINT('',#1809);
#1809 = CARTESIAN_POINT('',(-3.5,-2.4,0.5875));
#1810 = LINE('',#1811,#1812);
#1811 = CARTESIAN_POINT('',(-3.7,-2.4,0.5875));
#1812 = VECTOR('',#1813,1.);
#1813 = DIRECTION('',(1.,0.,0.));
#1814 = ORIENTED_EDGE('',*,*,#1815,.T.);
#1815 = EDGE_CURVE('',#1808,#1783,#1816,.T.);
#1816 = LINE('',#1817,#1818);
#1817 = CARTESIAN_POINT('',(-3.5,8.032075172753E-17,0.5875));
#1818 = VECTOR('',#1819,1.);
#1819 = DIRECTION('',(0.,-1.,1.367161731532E-16));
#1820 = ORIENTED_EDGE('',*,*,#1782,.F.);
#1821 = PLANE('',#1822);
#1822 = AXIS2_PLACEMENT_3D('',#1823,#1824,#1825);
#1823 = CARTESIAN_POINT('',(-3.7,8.032075172753E-17,0.5875));
#1824 = DIRECTION('',(0.,-1.367161731532E-16,-1.));
#1825 = DIRECTION('',(0.,1.,-1.367161731532E-16));
#1826 = ADVANCED_FACE('',(#1827),#1846,.F.);
#1827 = FACE_BOUND('',#1828,.F.);
#1828 = EDGE_LOOP('',(#1829,#1838,#1844,#1845));
#1829 = ORIENTED_EDGE('',*,*,#1830,.T.);
#1830 = EDGE_CURVE('',#1808,#1831,#1833,.T.);
#1831 = VERTEX_POINT('',#1832);
#1832 = CARTESIAN_POINT('',(-3.5,-2.375,0.5625));
#1833 = CIRCLE('',#1834,2.5E-02);
#1834 = AXIS2_PLACEMENT_3D('',#1835,#1836,#1837);
#1835 = CARTESIAN_POINT('',(-3.5,-2.4,0.5625));
#1836 = DIRECTION('',(-1.,0.,0.));
#1837 = DIRECTION('',(0.,1.,-1.367161731532E-16));
#1838 = ORIENTED_EDGE('',*,*,#1839,.T.);
#1839 = EDGE_CURVE('',#1831,#304,#1840,.T.);
#1840 = LINE('',#1841,#1842);
#1841 = CARTESIAN_POINT('',(-3.7,-2.375,0.5625));
#1842 = VECTOR('',#1843,1.);
#1843 = DIRECTION('',(-1.,-0.,0.));
#1844 = ORIENTED_EDGE('',*,*,#311,.T.);
#1845 = ORIENTED_EDGE('',*,*,#1807,.T.);
#1846 = CYLINDRICAL_SURFACE('',#1847,2.5E-02);
#1847 = AXIS2_PLACEMENT_3D('',#1848,#1849,#1850);
#1848 = CARTESIAN_POINT('',(-3.7,-2.4,0.5625));
#1849 = DIRECTION('',(1.,0.,0.));
#1850 = DIRECTION('',(0.,1.,-1.367161731532E-16));
#1851 = ADVANCED_FACE('',(#1852),#1870,.T.);
#1852 = FACE_BOUND('',#1853,.T.);
#1853 = EDGE_LOOP('',(#1854,#1855,#1863,#1869));
#1854 = ORIENTED_EDGE('',*,*,#303,.T.);
#1855 = ORIENTED_EDGE('',*,*,#1856,.T.);
#1856 = EDGE_CURVE('',#295,#1857,#1859,.T.);
#1857 = VERTEX_POINT('',#1858);
#1858 = CARTESIAN_POINT('',(-3.5,-2.375,0.4));
#1859 = LINE('',#1860,#1861);
#1860 = CARTESIAN_POINT('',(-3.7,-2.375,0.4));
#1861 = VECTOR('',#1862,1.);
#1862 = DIRECTION('',(1.,0.,0.));
#1863 = ORIENTED_EDGE('',*,*,#1864,.T.);
#1864 = EDGE_CURVE('',#1857,#1831,#1865,.T.);
#1865 = LINE('',#1866,#1867);
#1866 = CARTESIAN_POINT('',(-3.5,-2.375,3.247009112389E-16));
#1867 = VECTOR('',#1868,1.);
#1868 = DIRECTION('',(0.,1.367161731532E-16,1.));
#1869 = ORIENTED_EDGE('',*,*,#1839,.T.);
#1870 = PLANE('',#1871);
#1871 = AXIS2_PLACEMENT_3D('',#1872,#1873,#1874);
#1872 = CARTESIAN_POINT('',(-3.7,-2.375,3.247009112389E-16));
#1873 = DIRECTION('',(0.,-1.,1.367161731532E-16));
#1874 = DIRECTION('',(1.,0.,0.));
#1875 = ADVANCED_FACE('',(#1876),#1888,.F.);
#1876 = FACE_BOUND('',#1877,.F.);
#1877 = EDGE_LOOP('',(#1878,#1885,#1886,#1887));
#1878 = ORIENTED_EDGE('',*,*,#1879,.T.);
#1879 = EDGE_CURVE('',#1857,#1423,#1880,.T.);
#1880 = CIRCLE('',#1881,2.5E-02);
#1881 = AXIS2_PLACEMENT_3D('',#1882,#1883,#1884);
#1882 = CARTESIAN_POINT('',(-3.5,-2.4,0.4));
#1883 = DIRECTION('',(-1.,0.,0.));
#1884 = DIRECTION('',(0.,1.,-1.367161731532E-16));
#1885 = ORIENTED_EDGE('',*,*,#1422,.F.);
#1886 = ORIENTED_EDGE('',*,*,#294,.T.);
#1887 = ORIENTED_EDGE('',*,*,#1856,.T.);
#1888 = CYLINDRICAL_SURFACE('',#1889,2.5E-02);
#1889 = AXIS2_PLACEMENT_3D('',#1890,#1891,#1892);
#1890 = CARTESIAN_POINT('',(-3.7,-2.4,0.4));
#1891 = DIRECTION('',(1.,0.,0.));
#1892 = DIRECTION('',(0.,1.,-1.367161731532E-16));
#1893 = ADVANCED_FACE('',(#1894),#1927,.F.);
#1894 = FACE_BOUND('',#1895,.T.);
#1895 = EDGE_LOOP('',(#1896,#1906,#1914,#1920,#1921));
#1896 = ORIENTED_EDGE('',*,*,#1897,.T.);
#1897 = EDGE_CURVE('',#1898,#1900,#1902,.T.);
#1898 = VERTEX_POINT('',#1899);
#1899 = CARTESIAN_POINT('',(-2.725,1.775,2.45));
#1900 = VERTEX_POINT('',#1901);
#1901 = CARTESIAN_POINT('',(-2.575,1.625,2.45));
#1902 = LINE('',#1903,#1904);
#1903 = CARTESIAN_POINT('',(-2.725,1.775,2.45));
#1904 = VECTOR('',#1905,1.);
#1905 = DIRECTION('',(0.707106781187,-0.707106781187,9.667293313453E-17)
  );
#1906 = ORIENTED_EDGE('',*,*,#1907,.T.);
#1907 = EDGE_CURVE('',#1900,#1908,#1910,.T.);
#1908 = VERTEX_POINT('',#1909);
#1909 = CARTESIAN_POINT('',(-2.575,1.625,0.574264068712));
#1910 = LINE('',#1911,#1912);
#1911 = CARTESIAN_POINT('',(-2.575,1.625,1.15));
#1912 = VECTOR('',#1913,1.);
#1913 = DIRECTION('',(0.,-1.367161731532E-16,-1.));
#1914 = ORIENTED_EDGE('',*,*,#1915,.T.);
#1915 = EDGE_CURVE('',#1908,#502,#1916,.T.);
#1916 = LINE('',#1917,#1918);
#1917 = CARTESIAN_POINT('',(-2.575,1.625,1.15));
#1918 = VECTOR('',#1919,1.);
#1919 = DIRECTION('',(0.,-1.367161731532E-16,-1.));
#1920 = ORIENTED_EDGE('',*,*,#501,.T.);
#1921 = ORIENTED_EDGE('',*,*,#1922,.F.);
#1922 = EDGE_CURVE('',#1898,#504,#1923,.T.);
#1923 = LINE('',#1924,#1925);
#1924 = CARTESIAN_POINT('',(-2.725,1.775,2.95));
#1925 = VECTOR('',#1926,1.);
#1926 = DIRECTION('',(0.,-1.367161731532E-16,-1.));
#1927 = PLANE('',#1928);
#1928 = AXIS2_PLACEMENT_3D('',#1929,#1930,#1931);
#1929 = CARTESIAN_POINT('',(-2.575,1.625,2.95));
#1930 = DIRECTION('',(-0.707106781187,-0.707106781187,9.667293313453E-17
    ));
#1931 = DIRECTION('',(0.707106781187,-0.707106781187,9.667293313453E-17)
  );
#1932 = ADVANCED_FACE('',(#1933),#1993,.T.);
#1933 = FACE_BOUND('',#1934,.T.);
#1934 = EDGE_LOOP('',(#1935,#1936,#1944,#1952,#1961,#1969,#1978,#1986,
    #1992));
#1935 = ORIENTED_EDGE('',*,*,#1915,.F.);
#1936 = ORIENTED_EDGE('',*,*,#1937,.F.);
#1937 = EDGE_CURVE('',#1938,#1908,#1940,.T.);
#1938 = VERTEX_POINT('',#1939);
#1939 = CARTESIAN_POINT('',(-2.575,1.999264068712,0.2));
#1940 = LINE('',#1941,#1942);
#1941 = CARTESIAN_POINT('',(-2.575,1.625,0.574264068712));
#1942 = VECTOR('',#1943,1.);
#1943 = DIRECTION('',(0.,-0.707106781187,0.707106781187));
#1944 = ORIENTED_EDGE('',*,*,#1945,.F.);
#1945 = EDGE_CURVE('',#1946,#1938,#1948,.T.);
#1946 = VERTEX_POINT('',#1947);
#1947 = CARTESIAN_POINT('',(-2.575,2.425,0.2));
#1948 = LINE('',#1949,#1950);
#1949 = CARTESIAN_POINT('',(-2.575,1.999264068712,0.2));
#1950 = VECTOR('',#1951,1.);
#1951 = DIRECTION('',(0.,-1.,2.00382526684E-16));
#1952 = ORIENTED_EDGE('',*,*,#1953,.F.);
#1953 = EDGE_CURVE('',#1954,#1946,#1956,.T.);
#1954 = VERTEX_POINT('',#1955);
#1955 = CARTESIAN_POINT('',(-2.575,2.475,0.15));
#1956 = CIRCLE('',#1957,5.E-02);
#1957 = AXIS2_PLACEMENT_3D('',#1958,#1959,#1960);
#1958 = CARTESIAN_POINT('',(-2.575,2.425,0.15));
#1959 = DIRECTION('',(1.,-0.,0.));
#1960 = DIRECTION('',(0.,1.,-1.367161731532E-16));
#1961 = ORIENTED_EDGE('',*,*,#1962,.F.);
#1962 = EDGE_CURVE('',#1963,#1954,#1965,.T.);
#1963 = VERTEX_POINT('',#1964);
#1964 = CARTESIAN_POINT('',(-2.575,2.475,5.E-02));
#1965 = LINE('',#1966,#1967);
#1966 = CARTESIAN_POINT('',(-2.575,2.475,0.15));
#1967 = VECTOR('',#1968,1.);
#1968 = DIRECTION('',(0.,1.367161731532E-16,1.));
#1969 = ORIENTED_EDGE('',*,*,#1970,.F.);
#1970 = EDGE_CURVE('',#1971,#1963,#1973,.T.);
#1971 = VERTEX_POINT('',#1972);
#1972 = CARTESIAN_POINT('',(-2.575,2.425,-4.365688053561E-16));
#1973 = CIRCLE('',#1974,5.E-02);
#1974 = AXIS2_PLACEMENT_3D('',#1975,#1976,#1977);
#1975 = CARTESIAN_POINT('',(-2.575,2.425,5.E-02));
#1976 = DIRECTION('',(1.,-0.,0.));
#1977 = DIRECTION('',(0.,1.,-1.367161731532E-16));
#1978 = ORIENTED_EDGE('',*,*,#1979,.F.);
#1979 = EDGE_CURVE('',#1980,#1971,#1982,.T.);
#1980 = VERTEX_POINT('',#1981);
#1981 = CARTESIAN_POINT('',(-2.575,1.775,-3.756933778729E-16));
#1982 = LINE('',#1983,#1984);
#1983 = CARTESIAN_POINT('',(-2.575,2.425,-3.721943013648E-16));
#1984 = VECTOR('',#1985,1.);
#1985 = DIRECTION('',(0.,1.,9.234119296733E-18));
#1986 = ORIENTED_EDGE('',*,*,#1987,.F.);
#1987 = EDGE_CURVE('',#512,#1980,#1988,.T.);
#1988 = LINE('',#1989,#1990);
#1989 = CARTESIAN_POINT('',(-2.575,1.775,-3.781964789077E-16));
#1990 = VECTOR('',#1991,1.);
#1991 = DIRECTION('',(0.,0.707106781187,-0.707106781187));
#1992 = ORIENTED_EDGE('',*,*,#511,.F.);
#1993 = PLANE('',#1994);
#1994 = AXIS2_PLACEMENT_3D('',#1995,#1996,#1997);
#1995 = CARTESIAN_POINT('',(-2.575,1.175,0.17));
#1996 = DIRECTION('',(-1.,0.,0.));
#1997 = DIRECTION('',(0.,-1.,1.367161731532E-16));
#1998 = ADVANCED_FACE('',(#1999),#2010,.F.);
#1999 = FACE_BOUND('',#2000,.T.);
#2000 = EDGE_LOOP('',(#2001,#2007,#2008,#2009));
#2001 = ORIENTED_EDGE('',*,*,#2002,.F.);
#2002 = EDGE_CURVE('',#536,#512,#2003,.T.);
#2003 = LINE('',#2004,#2005);
#2004 = CARTESIAN_POINT('',(-3.617439072854,1.605,0.17));
#2005 = VECTOR('',#2006,1.);
#2006 = DIRECTION('',(-1.,0.,-0.));
#2007 = ORIENTED_EDGE('',*,*,#535,.F.);
#2008 = ORIENTED_EDGE('',*,*,#527,.T.);
#2009 = ORIENTED_EDGE('',*,*,#519,.F.);
#2010 = PLANE('',#2011);
#2011 = AXIS2_PLACEMENT_3D('',#2012,#2013,#2014);
#2012 = CARTESIAN_POINT('',(-2.,3.06920059037E-16,0.17));
#2013 = DIRECTION('',(0.,1.367161731532E-16,1.));
#2014 = DIRECTION('',(0.,-1.,1.367161731532E-16));
#2015 = ADVANCED_FACE('',(#2016),#2083,.T.);
#2016 = FACE_BOUND('',#2017,.T.);
#2017 = EDGE_LOOP('',(#2018,#2028,#2036,#2042,#2043,#2051,#2059,#2068,
    #2076));
#2018 = ORIENTED_EDGE('',*,*,#2019,.T.);
#2019 = EDGE_CURVE('',#2020,#2022,#2024,.T.);
#2020 = VERTEX_POINT('',#2021);
#2021 = CARTESIAN_POINT('',(-2.425,2.425,0.2));
#2022 = VERTEX_POINT('',#2023);
#2023 = CARTESIAN_POINT('',(-2.425,1.999264068712,0.2));
#2024 = LINE('',#2025,#2026);
#2025 = CARTESIAN_POINT('',(-2.425,1.175,0.2));
#2026 = VECTOR('',#2027,1.);
#2027 = DIRECTION('',(0.,-1.,1.367161731532E-16));
#2028 = ORIENTED_EDGE('',*,*,#2029,.T.);
#2029 = EDGE_CURVE('',#2022,#2030,#2032,.T.);
#2030 = VERTEX_POINT('',#2031);
#2031 = CARTESIAN_POINT('',(-2.425,1.625,0.574264068712));
#2032 = LINE('',#2033,#2034);
#2033 = CARTESIAN_POINT('',(-2.425,1.999264068712,0.2));
#2034 = VECTOR('',#2035,1.);
#2035 = DIRECTION('',(0.,-0.707106781187,0.707106781187));
#2036 = ORIENTED_EDGE('',*,*,#2037,.F.);
#2037 = EDGE_CURVE('',#544,#2030,#2038,.T.);
#2038 = LINE('',#2039,#2040);
#2039 = CARTESIAN_POINT('',(-2.425,1.625,1.15));
#2040 = VECTOR('',#2041,1.);
#2041 = DIRECTION('',(-1.807003620809E-16,1.367161731532E-16,1.));
#2042 = ORIENTED_EDGE('',*,*,#543,.F.);
#2043 = ORIENTED_EDGE('',*,*,#2044,.T.);
#2044 = EDGE_CURVE('',#536,#2045,#2047,.T.);
#2045 = VERTEX_POINT('',#2046);
#2046 = CARTESIAN_POINT('',(-2.425,1.775,-3.827139879597E-16));
#2047 = LINE('',#2048,#2049);
#2048 = CARTESIAN_POINT('',(-2.425,1.605,0.17));
#2049 = VECTOR('',#2050,1.);
#2050 = DIRECTION('',(0.,0.707106781187,-0.707106781187));
#2051 = ORIENTED_EDGE('',*,*,#2052,.T.);
#2052 = EDGE_CURVE('',#2045,#2053,#2055,.T.);
#2053 = VERTEX_POINT('',#2054);
#2054 = CARTESIAN_POINT('',(-2.425,2.425,-4.840026504024E-16));
#2055 = LINE('',#2056,#2057);
#2056 = CARTESIAN_POINT('',(-2.425,1.175,-2.961667750157E-16));
#2057 = VECTOR('',#2058,1.);
#2058 = DIRECTION('',(0.,1.,-1.367161731532E-16));
#2059 = ORIENTED_EDGE('',*,*,#2060,.T.);
#2060 = EDGE_CURVE('',#2053,#2061,#2063,.T.);
#2061 = VERTEX_POINT('',#2062);
#2062 = CARTESIAN_POINT('',(-2.425,2.475,5.E-02));
#2063 = CIRCLE('',#2064,5.E-02);
#2064 = AXIS2_PLACEMENT_3D('',#2065,#2066,#2067);
#2065 = CARTESIAN_POINT('',(-2.425,2.425,5.E-02));
#2066 = DIRECTION('',(1.,-0.,0.));
#2067 = DIRECTION('',(0.,1.,-1.367161731532E-16));
#2068 = ORIENTED_EDGE('',*,*,#2069,.T.);
#2069 = EDGE_CURVE('',#2061,#2070,#2072,.T.);
#2070 = VERTEX_POINT('',#2071);
#2071 = CARTESIAN_POINT('',(-2.425,2.475,0.15));
#2072 = LINE('',#2073,#2074);
#2073 = CARTESIAN_POINT('',(-2.425,2.475,0.17));
#2074 = VECTOR('',#2075,1.);
#2075 = DIRECTION('',(0.,1.367161731532E-16,1.));
#2076 = ORIENTED_EDGE('',*,*,#2077,.T.);
#2077 = EDGE_CURVE('',#2070,#2020,#2078,.T.);
#2078 = CIRCLE('',#2079,5.E-02);
#2079 = AXIS2_PLACEMENT_3D('',#2080,#2081,#2082);
#2080 = CARTESIAN_POINT('',(-2.425,2.425,0.15));
#2081 = DIRECTION('',(1.,-0.,0.));
#2082 = DIRECTION('',(0.,1.,-1.367161731532E-16));
#2083 = PLANE('',#2084);
#2084 = AXIS2_PLACEMENT_3D('',#2085,#2086,#2087);
#2085 = CARTESIAN_POINT('',(-2.425,1.175,0.17));
#2086 = DIRECTION('',(1.,0.,0.));
#2087 = DIRECTION('',(0.,1.,-1.367161731532E-16));
#2088 = ADVANCED_FACE('',(#2089),#2115,.F.);
#2089 = FACE_BOUND('',#2090,.T.);
#2090 = EDGE_LOOP('',(#2091,#2101,#2107,#2108,#2109));
#2091 = ORIENTED_EDGE('',*,*,#2092,.T.);
#2092 = EDGE_CURVE('',#2093,#2095,#2097,.T.);
#2093 = VERTEX_POINT('',#2094);
#2094 = CARTESIAN_POINT('',(-2.425,1.625,2.45));
#2095 = VERTEX_POINT('',#2096);
#2096 = CARTESIAN_POINT('',(-2.275,1.775,2.45));
#2097 = LINE('',#2098,#2099);
#2098 = CARTESIAN_POINT('',(-2.425,1.625,2.45));
#2099 = VECTOR('',#2100,1.);
#2100 = DIRECTION('',(0.707106781187,0.707106781187,-9.667293313453E-17)
  );
#2101 = ORIENTED_EDGE('',*,*,#2102,.F.);
#2102 = EDGE_CURVE('',#552,#2095,#2103,.T.);
#2103 = LINE('',#2104,#2105);
#2104 = CARTESIAN_POINT('',(-2.275,1.775,2.95));
#2105 = VECTOR('',#2106,1.);
#2106 = DIRECTION('',(0.,1.367161731532E-16,1.));
#2107 = ORIENTED_EDGE('',*,*,#551,.T.);
#2108 = ORIENTED_EDGE('',*,*,#2037,.T.);
#2109 = ORIENTED_EDGE('',*,*,#2110,.T.);
#2110 = EDGE_CURVE('',#2030,#2093,#2111,.T.);
#2111 = LINE('',#2112,#2113);
#2112 = CARTESIAN_POINT('',(-2.425,1.625,1.15));
#2113 = VECTOR('',#2114,1.);
#2114 = DIRECTION('',(-1.807003620809E-16,1.367161731532E-16,1.));
#2115 = PLANE('',#2116);
#2116 = AXIS2_PLACEMENT_3D('',#2117,#2118,#2119);
#2117 = CARTESIAN_POINT('',(-2.275,1.775,2.95));
#2118 = DIRECTION('',(0.707106781187,-0.707106781187,9.667293313453E-17)
  );
#2119 = DIRECTION('',(0.707106781187,0.707106781187,-9.667293313453E-17)
  );
#2120 = ADVANCED_FACE('',(#2121),#2139,.F.);
#2121 = FACE_BOUND('',#2122,.T.);
#2122 = EDGE_LOOP('',(#2123,#2124,#2132,#2138));
#2123 = ORIENTED_EDGE('',*,*,#2102,.T.);
#2124 = ORIENTED_EDGE('',*,*,#2125,.T.);
#2125 = EDGE_CURVE('',#2095,#2126,#2128,.T.);
#2126 = VERTEX_POINT('',#2127);
#2127 = CARTESIAN_POINT('',(-1.725,1.775,2.45));
#2128 = LINE('',#2129,#2130);
#2129 = CARTESIAN_POINT('',(-4.,1.775,2.45));
#2130 = VECTOR('',#2131,1.);
#2131 = DIRECTION('',(1.,0.,0.));
#2132 = ORIENTED_EDGE('',*,*,#2133,.T.);
#2133 = EDGE_CURVE('',#2126,#560,#2134,.T.);
#2134 = LINE('',#2135,#2136);
#2135 = CARTESIAN_POINT('',(-1.725,1.775,2.95));
#2136 = VECTOR('',#2137,1.);
#2137 = DIRECTION('',(0.,-1.367161731532E-16,-1.));
#2138 = ORIENTED_EDGE('',*,*,#559,.T.);
#2139 = PLANE('',#2140);
#2140 = AXIS2_PLACEMENT_3D('',#2141,#2142,#2143);
#2141 = CARTESIAN_POINT('',(4.,1.775,0.17));
#2142 = DIRECTION('',(0.,-1.,1.367161731532E-16));
#2143 = DIRECTION('',(1.,0.,0.));
#2144 = ADVANCED_FACE('',(#2145),#2171,.F.);
#2145 = FACE_BOUND('',#2146,.T.);
#2146 = EDGE_LOOP('',(#2147,#2155,#2163,#2169,#2170));
#2147 = ORIENTED_EDGE('',*,*,#2148,.T.);
#2148 = EDGE_CURVE('',#2126,#2149,#2151,.T.);
#2149 = VERTEX_POINT('',#2150);
#2150 = CARTESIAN_POINT('',(-1.575,1.625,2.45));
#2151 = LINE('',#2152,#2153);
#2152 = CARTESIAN_POINT('',(-1.725,1.775,2.45));
#2153 = VECTOR('',#2154,1.);
#2154 = DIRECTION('',(0.707106781187,-0.707106781187,9.667293313453E-17)
  );
#2155 = ORIENTED_EDGE('',*,*,#2156,.T.);
#2156 = EDGE_CURVE('',#2149,#2157,#2159,.T.);
#2157 = VERTEX_POINT('',#2158);
#2158 = CARTESIAN_POINT('',(-1.575,1.625,0.574264068712));
#2159 = LINE('',#2160,#2161);
#2160 = CARTESIAN_POINT('',(-1.575,1.625,1.15));
#2161 = VECTOR('',#2162,1.);
#2162 = DIRECTION('',(0.,-1.367161731532E-16,-1.));
#2163 = ORIENTED_EDGE('',*,*,#2164,.T.);
#2164 = EDGE_CURVE('',#2157,#568,#2165,.T.);
#2165 = LINE('',#2166,#2167);
#2166 = CARTESIAN_POINT('',(-1.575,1.625,1.15));
#2167 = VECTOR('',#2168,1.);
#2168 = DIRECTION('',(0.,-1.367161731532E-16,-1.));
#2169 = ORIENTED_EDGE('',*,*,#567,.T.);
#2170 = ORIENTED_EDGE('',*,*,#2133,.F.);
#2171 = PLANE('',#2172);
#2172 = AXIS2_PLACEMENT_3D('',#2173,#2174,#2175);
#2173 = CARTESIAN_POINT('',(-1.575,1.625,2.95));
#2174 = DIRECTION('',(-0.707106781187,-0.707106781187,9.667293313453E-17
    ));
#2175 = DIRECTION('',(0.707106781187,-0.707106781187,9.667293313453E-17)
  );
#2176 = ADVANCED_FACE('',(#2177),#2237,.T.);
#2177 = FACE_BOUND('',#2178,.T.);
#2178 = EDGE_LOOP('',(#2179,#2180,#2188,#2196,#2205,#2213,#2222,#2230,
    #2236));
#2179 = ORIENTED_EDGE('',*,*,#2164,.F.);
#2180 = ORIENTED_EDGE('',*,*,#2181,.F.);
#2181 = EDGE_CURVE('',#2182,#2157,#2184,.T.);
#2182 = VERTEX_POINT('',#2183);
#2183 = CARTESIAN_POINT('',(-1.575,1.999264068712,0.2));
#2184 = LINE('',#2185,#2186);
#2185 = CARTESIAN_POINT('',(-1.575,1.625,0.574264068712));
#2186 = VECTOR('',#2187,1.);
#2187 = DIRECTION('',(0.,-0.707106781187,0.707106781187));
#2188 = ORIENTED_EDGE('',*,*,#2189,.F.);
#2189 = EDGE_CURVE('',#2190,#2182,#2192,.T.);
#2190 = VERTEX_POINT('',#2191);
#2191 = CARTESIAN_POINT('',(-1.575,2.425,0.2));
#2192 = LINE('',#2193,#2194);
#2193 = CARTESIAN_POINT('',(-1.575,1.999264068712,0.2));
#2194 = VECTOR('',#2195,1.);
#2195 = DIRECTION('',(0.,-1.,2.00382526684E-16));
#2196 = ORIENTED_EDGE('',*,*,#2197,.F.);
#2197 = EDGE_CURVE('',#2198,#2190,#2200,.T.);
#2198 = VERTEX_POINT('',#2199);
#2199 = CARTESIAN_POINT('',(-1.575,2.475,0.15));
#2200 = CIRCLE('',#2201,5.E-02);
#2201 = AXIS2_PLACEMENT_3D('',#2202,#2203,#2204);
#2202 = CARTESIAN_POINT('',(-1.575,2.425,0.15));
#2203 = DIRECTION('',(1.,-0.,0.));
#2204 = DIRECTION('',(0.,1.,-1.367161731532E-16));
#2205 = ORIENTED_EDGE('',*,*,#2206,.F.);
#2206 = EDGE_CURVE('',#2207,#2198,#2209,.T.);
#2207 = VERTEX_POINT('',#2208);
#2208 = CARTESIAN_POINT('',(-1.575,2.475,5.E-02));
#2209 = LINE('',#2210,#2211);
#2210 = CARTESIAN_POINT('',(-1.575,2.475,0.15));
#2211 = VECTOR('',#2212,1.);
#2212 = DIRECTION('',(0.,1.367161731532E-16,1.));
#2213 = ORIENTED_EDGE('',*,*,#2214,.F.);
#2214 = EDGE_CURVE('',#2215,#2207,#2217,.T.);
#2215 = VERTEX_POINT('',#2216);
#2216 = CARTESIAN_POINT('',(-1.575,2.425,-4.365688053561E-16));
#2217 = CIRCLE('',#2218,5.E-02);
#2218 = AXIS2_PLACEMENT_3D('',#2219,#2220,#2221);
#2219 = CARTESIAN_POINT('',(-1.575,2.425,5.E-02));
#2220 = DIRECTION('',(1.,-0.,0.));
#2221 = DIRECTION('',(0.,1.,-1.367161731532E-16));
#2222 = ORIENTED_EDGE('',*,*,#2223,.F.);
#2223 = EDGE_CURVE('',#2224,#2215,#2226,.T.);
#2224 = VERTEX_POINT('',#2225);
#2225 = CARTESIAN_POINT('',(-1.575,1.775,-3.756933778729E-16));
#2226 = LINE('',#2227,#2228);
#2227 = CARTESIAN_POINT('',(-1.575,2.425,-3.721943013648E-16));
#2228 = VECTOR('',#2229,1.);
#2229 = DIRECTION('',(0.,1.,9.234119296733E-18));
#2230 = ORIENTED_EDGE('',*,*,#2231,.F.);
#2231 = EDGE_CURVE('',#576,#2224,#2232,.T.);
#2232 = LINE('',#2233,#2234);
#2233 = CARTESIAN_POINT('',(-1.575,1.775,-3.781964789077E-16));
#2234 = VECTOR('',#2235,1.);
#2235 = DIRECTION('',(0.,0.707106781187,-0.707106781187));
#2236 = ORIENTED_EDGE('',*,*,#575,.F.);
#2237 = PLANE('',#2238);
#2238 = AXIS2_PLACEMENT_3D('',#2239,#2240,#2241);
#2239 = CARTESIAN_POINT('',(-1.575,1.175,0.17));
#2240 = DIRECTION('',(-1.,0.,0.));
#2241 = DIRECTION('',(0.,-1.,1.367161731532E-16));
#2242 = ADVANCED_FACE('',(#2243),#2254,.F.);
#2243 = FACE_BOUND('',#2244,.T.);
#2244 = EDGE_LOOP('',(#2245,#2251,#2252,#2253));
#2245 = ORIENTED_EDGE('',*,*,#2246,.F.);
#2246 = EDGE_CURVE('',#600,#576,#2247,.T.);
#2247 = LINE('',#2248,#2249);
#2248 = CARTESIAN_POINT('',(-2.617439072854,1.605,0.17));
#2249 = VECTOR('',#2250,1.);
#2250 = DIRECTION('',(-1.,0.,-0.));
#2251 = ORIENTED_EDGE('',*,*,#599,.F.);
#2252 = ORIENTED_EDGE('',*,*,#591,.T.);
#2253 = ORIENTED_EDGE('',*,*,#583,.F.);
#2254 = PLANE('',#2255);
#2255 = AXIS2_PLACEMENT_3D('',#2256,#2257,#2258);
#2256 = CARTESIAN_POINT('',(-1.,3.06920059037E-16,0.17));
#2257 = DIRECTION('',(0.,1.367161731532E-16,1.));
#2258 = DIRECTION('',(0.,-1.,1.367161731532E-16));
#2259 = ADVANCED_FACE('',(#2260),#2327,.T.);
#2260 = FACE_BOUND('',#2261,.T.);
#2261 = EDGE_LOOP('',(#2262,#2272,#2280,#2286,#2287,#2295,#2303,#2312,
    #2320));
#2262 = ORIENTED_EDGE('',*,*,#2263,.T.);
#2263 = EDGE_CURVE('',#2264,#2266,#2268,.T.);
#2264 = VERTEX_POINT('',#2265);
#2265 = CARTESIAN_POINT('',(-1.425,2.425,0.2));
#2266 = VERTEX_POINT('',#2267);
#2267 = CARTESIAN_POINT('',(-1.425,1.999264068712,0.2));
#2268 = LINE('',#2269,#2270);
#2269 = CARTESIAN_POINT('',(-1.425,1.175,0.2));
#2270 = VECTOR('',#2271,1.);
#2271 = DIRECTION('',(0.,-1.,1.367161731532E-16));
#2272 = ORIENTED_EDGE('',*,*,#2273,.T.);
#2273 = EDGE_CURVE('',#2266,#2274,#2276,.T.);
#2274 = VERTEX_POINT('',#2275);
#2275 = CARTESIAN_POINT('',(-1.425,1.625,0.574264068712));
#2276 = LINE('',#2277,#2278);
#2277 = CARTESIAN_POINT('',(-1.425,1.999264068712,0.2));
#2278 = VECTOR('',#2279,1.);
#2279 = DIRECTION('',(0.,-0.707106781187,0.707106781187));
#2280 = ORIENTED_EDGE('',*,*,#2281,.F.);
#2281 = EDGE_CURVE('',#608,#2274,#2282,.T.);
#2282 = LINE('',#2283,#2284);
#2283 = CARTESIAN_POINT('',(-1.425,1.625,1.15));
#2284 = VECTOR('',#2285,1.);
#2285 = DIRECTION('',(-3.614007241618E-16,1.367161731532E-16,1.));
#2286 = ORIENTED_EDGE('',*,*,#607,.F.);
#2287 = ORIENTED_EDGE('',*,*,#2288,.T.);
#2288 = EDGE_CURVE('',#600,#2289,#2291,.T.);
#2289 = VERTEX_POINT('',#2290);
#2290 = CARTESIAN_POINT('',(-1.425,1.775,-3.827139879597E-16));
#2291 = LINE('',#2292,#2293);
#2292 = CARTESIAN_POINT('',(-1.425,1.605,0.17));
#2293 = VECTOR('',#2294,1.);
#2294 = DIRECTION('',(0.,0.707106781187,-0.707106781187));
#2295 = ORIENTED_EDGE('',*,*,#2296,.T.);
#2296 = EDGE_CURVE('',#2289,#2297,#2299,.T.);
#2297 = VERTEX_POINT('',#2298);
#2298 = CARTESIAN_POINT('',(-1.425,2.425,-4.840026504024E-16));
#2299 = LINE('',#2300,#2301);
#2300 = CARTESIAN_POINT('',(-1.425,1.175,-2.961667750157E-16));
#2301 = VECTOR('',#2302,1.);
#2302 = DIRECTION('',(0.,1.,-1.367161731532E-16));
#2303 = ORIENTED_EDGE('',*,*,#2304,.T.);
#2304 = EDGE_CURVE('',#2297,#2305,#2307,.T.);
#2305 = VERTEX_POINT('',#2306);
#2306 = CARTESIAN_POINT('',(-1.425,2.475,5.E-02));
#2307 = CIRCLE('',#2308,5.E-02);
#2308 = AXIS2_PLACEMENT_3D('',#2309,#2310,#2311);
#2309 = CARTESIAN_POINT('',(-1.425,2.425,5.E-02));
#2310 = DIRECTION('',(1.,-0.,0.));
#2311 = DIRECTION('',(0.,1.,-1.367161731532E-16));
#2312 = ORIENTED_EDGE('',*,*,#2313,.T.);
#2313 = EDGE_CURVE('',#2305,#2314,#2316,.T.);
#2314 = VERTEX_POINT('',#2315);
#2315 = CARTESIAN_POINT('',(-1.425,2.475,0.15));
#2316 = LINE('',#2317,#2318);
#2317 = CARTESIAN_POINT('',(-1.425,2.475,0.17));
#2318 = VECTOR('',#2319,1.);
#2319 = DIRECTION('',(0.,1.367161731532E-16,1.));
#2320 = ORIENTED_EDGE('',*,*,#2321,.T.);
#2321 = EDGE_CURVE('',#2314,#2264,#2322,.T.);
#2322 = CIRCLE('',#2323,5.E-02);
#2323 = AXIS2_PLACEMENT_3D('',#2324,#2325,#2326);
#2324 = CARTESIAN_POINT('',(-1.425,2.425,0.15));
#2325 = DIRECTION('',(1.,-0.,0.));
#2326 = DIRECTION('',(0.,1.,-1.367161731532E-16));
#2327 = PLANE('',#2328);
#2328 = AXIS2_PLACEMENT_3D('',#2329,#2330,#2331);
#2329 = CARTESIAN_POINT('',(-1.425,1.175,0.17));
#2330 = DIRECTION('',(1.,0.,0.));
#2331 = DIRECTION('',(0.,1.,-1.367161731532E-16));
#2332 = ADVANCED_FACE('',(#2333),#2359,.F.);
#2333 = FACE_BOUND('',#2334,.T.);
#2334 = EDGE_LOOP('',(#2335,#2345,#2351,#2352,#2353));
#2335 = ORIENTED_EDGE('',*,*,#2336,.T.);
#2336 = EDGE_CURVE('',#2337,#2339,#2341,.T.);
#2337 = VERTEX_POINT('',#2338);
#2338 = CARTESIAN_POINT('',(-1.425,1.625,2.45));
#2339 = VERTEX_POINT('',#2340);
#2340 = CARTESIAN_POINT('',(-1.275,1.775,2.45));
#2341 = LINE('',#2342,#2343);
#2342 = CARTESIAN_POINT('',(-1.425,1.625,2.45));
#2343 = VECTOR('',#2344,1.);
#2344 = DIRECTION('',(0.707106781187,0.707106781187,-9.667293313453E-17)
  );
#2345 = ORIENTED_EDGE('',*,*,#2346,.F.);
#2346 = EDGE_CURVE('',#616,#2339,#2347,.T.);
#2347 = LINE('',#2348,#2349);
#2348 = CARTESIAN_POINT('',(-1.275,1.775,2.95));
#2349 = VECTOR('',#2350,1.);
#2350 = DIRECTION('',(0.,1.367161731532E-16,1.));
#2351 = ORIENTED_EDGE('',*,*,#615,.T.);
#2352 = ORIENTED_EDGE('',*,*,#2281,.T.);
#2353 = ORIENTED_EDGE('',*,*,#2354,.T.);
#2354 = EDGE_CURVE('',#2274,#2337,#2355,.T.);
#2355 = LINE('',#2356,#2357);
#2356 = CARTESIAN_POINT('',(-1.425,1.625,1.15));
#2357 = VECTOR('',#2358,1.);
#2358 = DIRECTION('',(-3.614007241618E-16,1.367161731532E-16,1.));
#2359 = PLANE('',#2360);
#2360 = AXIS2_PLACEMENT_3D('',#2361,#2362,#2363);
#2361 = CARTESIAN_POINT('',(-1.275,1.775,2.95));
#2362 = DIRECTION('',(0.707106781187,-0.707106781187,9.667293313453E-17)
  );
#2363 = DIRECTION('',(0.707106781187,0.707106781187,-9.667293313453E-17)
  );
#2364 = ADVANCED_FACE('',(#2365),#2383,.F.);
#2365 = FACE_BOUND('',#2366,.T.);
#2366 = EDGE_LOOP('',(#2367,#2368,#2376,#2382));
#2367 = ORIENTED_EDGE('',*,*,#2346,.T.);
#2368 = ORIENTED_EDGE('',*,*,#2369,.T.);
#2369 = EDGE_CURVE('',#2339,#2370,#2372,.T.);
#2370 = VERTEX_POINT('',#2371);
#2371 = CARTESIAN_POINT('',(-0.725,1.775,2.45));
#2372 = LINE('',#2373,#2374);
#2373 = CARTESIAN_POINT('',(-4.,1.775,2.45));
#2374 = VECTOR('',#2375,1.);
#2375 = DIRECTION('',(1.,0.,0.));
#2376 = ORIENTED_EDGE('',*,*,#2377,.T.);
#2377 = EDGE_CURVE('',#2370,#624,#2378,.T.);
#2378 = LINE('',#2379,#2380);
#2379 = CARTESIAN_POINT('',(-0.725,1.775,2.95));
#2380 = VECTOR('',#2381,1.);
#2381 = DIRECTION('',(0.,-1.367161731532E-16,-1.));
#2382 = ORIENTED_EDGE('',*,*,#623,.T.);
#2383 = PLANE('',#2384);
#2384 = AXIS2_PLACEMENT_3D('',#2385,#2386,#2387);
#2385 = CARTESIAN_POINT('',(4.,1.775,0.17));
#2386 = DIRECTION('',(0.,-1.,1.367161731532E-16));
#2387 = DIRECTION('',(1.,0.,0.));
#2388 = ADVANCED_FACE('',(#2389),#2415,.F.);
#2389 = FACE_BOUND('',#2390,.T.);
#2390 = EDGE_LOOP('',(#2391,#2399,#2407,#2413,#2414));
#2391 = ORIENTED_EDGE('',*,*,#2392,.T.);
#2392 = EDGE_CURVE('',#2370,#2393,#2395,.T.);
#2393 = VERTEX_POINT('',#2394);
#2394 = CARTESIAN_POINT('',(-0.575,1.625,2.45));
#2395 = LINE('',#2396,#2397);
#2396 = CARTESIAN_POINT('',(-0.725,1.775,2.45));
#2397 = VECTOR('',#2398,1.);
#2398 = DIRECTION('',(0.707106781187,-0.707106781187,9.667293313453E-17)
  );
#2399 = ORIENTED_EDGE('',*,*,#2400,.F.);
#2400 = EDGE_CURVE('',#2401,#2393,#2403,.T.);
#2401 = VERTEX_POINT('',#2402);
#2402 = CARTESIAN_POINT('',(-0.575,1.625,0.574264068712));
#2403 = LINE('',#2404,#2405);
#2404 = CARTESIAN_POINT('',(-0.575,1.625,0.17));
#2405 = VECTOR('',#2406,1.);
#2406 = DIRECTION('',(0.,3.467361574284E-17,1.));
#2407 = ORIENTED_EDGE('',*,*,#2408,.T.);
#2408 = EDGE_CURVE('',#2401,#632,#2409,.T.);
#2409 = LINE('',#2410,#2411);
#2410 = CARTESIAN_POINT('',(-0.575,1.625,1.15));
#2411 = VECTOR('',#2412,1.);
#2412 = DIRECTION('',(0.,-1.367161731532E-16,-1.));
#2413 = ORIENTED_EDGE('',*,*,#631,.T.);
#2414 = ORIENTED_EDGE('',*,*,#2377,.F.);
#2415 = PLANE('',#2416);
#2416 = AXIS2_PLACEMENT_3D('',#2417,#2418,#2419);
#2417 = CARTESIAN_POINT('',(-0.575,1.625,2.95));
#2418 = DIRECTION('',(-0.707106781187,-0.707106781187,9.667293313453E-17
    ));
#2419 = DIRECTION('',(0.707106781187,-0.707106781187,9.667293313453E-17)
  );
#2420 = ADVANCED_FACE('',(#2421),#2481,.T.);
#2421 = FACE_BOUND('',#2422,.T.);
#2422 = EDGE_LOOP('',(#2423,#2424,#2432,#2440,#2449,#2457,#2466,#2474,
    #2480));
#2423 = ORIENTED_EDGE('',*,*,#2408,.F.);
#2424 = ORIENTED_EDGE('',*,*,#2425,.F.);
#2425 = EDGE_CURVE('',#2426,#2401,#2428,.T.);
#2426 = VERTEX_POINT('',#2427);
#2427 = CARTESIAN_POINT('',(-0.575,1.999264068712,0.2));
#2428 = LINE('',#2429,#2430);
#2429 = CARTESIAN_POINT('',(-0.575,1.625,0.574264068712));
#2430 = VECTOR('',#2431,1.);
#2431 = DIRECTION('',(0.,-0.707106781187,0.707106781187));
#2432 = ORIENTED_EDGE('',*,*,#2433,.F.);
#2433 = EDGE_CURVE('',#2434,#2426,#2436,.T.);
#2434 = VERTEX_POINT('',#2435);
#2435 = CARTESIAN_POINT('',(-0.575,2.425,0.2));
#2436 = LINE('',#2437,#2438);
#2437 = CARTESIAN_POINT('',(-0.575,1.999264068712,0.2));
#2438 = VECTOR('',#2439,1.);
#2439 = DIRECTION('',(0.,-1.,2.00382526684E-16));
#2440 = ORIENTED_EDGE('',*,*,#2441,.F.);
#2441 = EDGE_CURVE('',#2442,#2434,#2444,.T.);
#2442 = VERTEX_POINT('',#2443);
#2443 = CARTESIAN_POINT('',(-0.575,2.475,0.15));
#2444 = CIRCLE('',#2445,5.E-02);
#2445 = AXIS2_PLACEMENT_3D('',#2446,#2447,#2448);
#2446 = CARTESIAN_POINT('',(-0.575,2.425,0.15));
#2447 = DIRECTION('',(1.,-0.,0.));
#2448 = DIRECTION('',(0.,1.,-1.367161731532E-16));
#2449 = ORIENTED_EDGE('',*,*,#2450,.F.);
#2450 = EDGE_CURVE('',#2451,#2442,#2453,.T.);
#2451 = VERTEX_POINT('',#2452);
#2452 = CARTESIAN_POINT('',(-0.575,2.475,5.E-02));
#2453 = LINE('',#2454,#2455);
#2454 = CARTESIAN_POINT('',(-0.575,2.475,0.15));
#2455 = VECTOR('',#2456,1.);
#2456 = DIRECTION('',(0.,1.367161731532E-16,1.));
#2457 = ORIENTED_EDGE('',*,*,#2458,.F.);
#2458 = EDGE_CURVE('',#2459,#2451,#2461,.T.);
#2459 = VERTEX_POINT('',#2460);
#2460 = CARTESIAN_POINT('',(-0.575,2.425,-4.365688053561E-16));
#2461 = CIRCLE('',#2462,5.E-02);
#2462 = AXIS2_PLACEMENT_3D('',#2463,#2464,#2465);
#2463 = CARTESIAN_POINT('',(-0.575,2.425,5.E-02));
#2464 = DIRECTION('',(1.,-0.,0.));
#2465 = DIRECTION('',(0.,1.,-1.367161731532E-16));
#2466 = ORIENTED_EDGE('',*,*,#2467,.F.);
#2467 = EDGE_CURVE('',#2468,#2459,#2470,.T.);
#2468 = VERTEX_POINT('',#2469);
#2469 = CARTESIAN_POINT('',(-0.575,1.775,-3.756933778729E-16));
#2470 = LINE('',#2471,#2472);
#2471 = CARTESIAN_POINT('',(-0.575,2.425,-3.721943013648E-16));
#2472 = VECTOR('',#2473,1.);
#2473 = DIRECTION('',(0.,1.,9.234119296733E-18));
#2474 = ORIENTED_EDGE('',*,*,#2475,.F.);
#2475 = EDGE_CURVE('',#640,#2468,#2476,.T.);
#2476 = LINE('',#2477,#2478);
#2477 = CARTESIAN_POINT('',(-0.575,1.775,-3.781964789077E-16));
#2478 = VECTOR('',#2479,1.);
#2479 = DIRECTION('',(0.,0.707106781187,-0.707106781187));
#2480 = ORIENTED_EDGE('',*,*,#639,.F.);
#2481 = PLANE('',#2482);
#2482 = AXIS2_PLACEMENT_3D('',#2483,#2484,#2485);
#2483 = CARTESIAN_POINT('',(-0.575,1.175,0.17));
#2484 = DIRECTION('',(-1.,0.,0.));
#2485 = DIRECTION('',(0.,-1.,1.367161731532E-16));
#2486 = ADVANCED_FACE('',(#2487),#2498,.F.);
#2487 = FACE_BOUND('',#2488,.T.);
#2488 = EDGE_LOOP('',(#2489,#2495,#2496,#2497));
#2489 = ORIENTED_EDGE('',*,*,#2490,.F.);
#2490 = EDGE_CURVE('',#664,#640,#2491,.T.);
#2491 = LINE('',#2492,#2493);
#2492 = CARTESIAN_POINT('',(-1.617439072854,1.605,0.17));
#2493 = VECTOR('',#2494,1.);
#2494 = DIRECTION('',(-1.,0.,-0.));
#2495 = ORIENTED_EDGE('',*,*,#663,.F.);
#2496 = ORIENTED_EDGE('',*,*,#655,.F.);
#2497 = ORIENTED_EDGE('',*,*,#647,.F.);
#2498 = PLANE('',#2499);
#2499 = AXIS2_PLACEMENT_3D('',#2500,#2501,#2502);
#2500 = CARTESIAN_POINT('',(0.,3.06920059037E-16,0.17));
#2501 = DIRECTION('',(0.,1.367161731532E-16,1.));
#2502 = DIRECTION('',(0.,-1.,1.367161731532E-16));
#2503 = ADVANCED_FACE('',(#2504),#2571,.T.);
#2504 = FACE_BOUND('',#2505,.T.);
#2505 = EDGE_LOOP('',(#2506,#2516,#2524,#2530,#2531,#2539,#2547,#2556,
    #2564));
#2506 = ORIENTED_EDGE('',*,*,#2507,.T.);
#2507 = EDGE_CURVE('',#2508,#2510,#2512,.T.);
#2508 = VERTEX_POINT('',#2509);
#2509 = CARTESIAN_POINT('',(-0.425,2.425,0.2));
#2510 = VERTEX_POINT('',#2511);
#2511 = CARTESIAN_POINT('',(-0.425,1.999264068712,0.2));
#2512 = LINE('',#2513,#2514);
#2513 = CARTESIAN_POINT('',(-0.425,1.175,0.2));
#2514 = VECTOR('',#2515,1.);
#2515 = DIRECTION('',(0.,-1.,1.367161731532E-16));
#2516 = ORIENTED_EDGE('',*,*,#2517,.T.);
#2517 = EDGE_CURVE('',#2510,#2518,#2520,.T.);
#2518 = VERTEX_POINT('',#2519);
#2519 = CARTESIAN_POINT('',(-0.425,1.625,0.574264068712));
#2520 = LINE('',#2521,#2522);
#2521 = CARTESIAN_POINT('',(-0.425,1.999264068712,0.2));
#2522 = VECTOR('',#2523,1.);
#2523 = DIRECTION('',(0.,-0.707106781187,0.707106781187));
#2524 = ORIENTED_EDGE('',*,*,#2525,.F.);
#2525 = EDGE_CURVE('',#672,#2518,#2526,.T.);
#2526 = LINE('',#2527,#2528);
#2527 = CARTESIAN_POINT('',(-0.425,1.625,1.15));
#2528 = VECTOR('',#2529,1.);
#2529 = DIRECTION('',(-1.807003620809E-16,1.367161731532E-16,1.));
#2530 = ORIENTED_EDGE('',*,*,#671,.F.);
#2531 = ORIENTED_EDGE('',*,*,#2532,.T.);
#2532 = EDGE_CURVE('',#664,#2533,#2535,.T.);
#2533 = VERTEX_POINT('',#2534);
#2534 = CARTESIAN_POINT('',(-0.425,1.775,-3.827139879597E-16));
#2535 = LINE('',#2536,#2537);
#2536 = CARTESIAN_POINT('',(-0.425,1.605,0.17));
#2537 = VECTOR('',#2538,1.);
#2538 = DIRECTION('',(0.,0.707106781187,-0.707106781187));
#2539 = ORIENTED_EDGE('',*,*,#2540,.T.);
#2540 = EDGE_CURVE('',#2533,#2541,#2543,.T.);
#2541 = VERTEX_POINT('',#2542);
#2542 = CARTESIAN_POINT('',(-0.425,2.425,-4.840026504024E-16));
#2543 = LINE('',#2544,#2545);
#2544 = CARTESIAN_POINT('',(-0.425,1.175,-2.961667750157E-16));
#2545 = VECTOR('',#2546,1.);
#2546 = DIRECTION('',(0.,1.,-1.367161731532E-16));
#2547 = ORIENTED_EDGE('',*,*,#2548,.T.);
#2548 = EDGE_CURVE('',#2541,#2549,#2551,.T.);
#2549 = VERTEX_POINT('',#2550);
#2550 = CARTESIAN_POINT('',(-0.425,2.475,5.E-02));
#2551 = CIRCLE('',#2552,5.E-02);
#2552 = AXIS2_PLACEMENT_3D('',#2553,#2554,#2555);
#2553 = CARTESIAN_POINT('',(-0.425,2.425,5.E-02));
#2554 = DIRECTION('',(1.,-0.,0.));
#2555 = DIRECTION('',(0.,1.,-1.367161731532E-16));
#2556 = ORIENTED_EDGE('',*,*,#2557,.T.);
#2557 = EDGE_CURVE('',#2549,#2558,#2560,.T.);
#2558 = VERTEX_POINT('',#2559);
#2559 = CARTESIAN_POINT('',(-0.425,2.475,0.15));
#2560 = LINE('',#2561,#2562);
#2561 = CARTESIAN_POINT('',(-0.425,2.475,0.17));
#2562 = VECTOR('',#2563,1.);
#2563 = DIRECTION('',(0.,1.367161731532E-16,1.));
#2564 = ORIENTED_EDGE('',*,*,#2565,.T.);
#2565 = EDGE_CURVE('',#2558,#2508,#2566,.T.);
#2566 = CIRCLE('',#2567,5.E-02);
#2567 = AXIS2_PLACEMENT_3D('',#2568,#2569,#2570);
#2568 = CARTESIAN_POINT('',(-0.425,2.425,0.15));
#2569 = DIRECTION('',(1.,-0.,0.));
#2570 = DIRECTION('',(0.,1.,-1.367161731532E-16));
#2571 = PLANE('',#2572);
#2572 = AXIS2_PLACEMENT_3D('',#2573,#2574,#2575);
#2573 = CARTESIAN_POINT('',(-0.425,1.175,0.17));
#2574 = DIRECTION('',(1.,0.,0.));
#2575 = DIRECTION('',(0.,1.,-1.367161731532E-16));
#2576 = ADVANCED_FACE('',(#2577),#2603,.F.);
#2577 = FACE_BOUND('',#2578,.T.);
#2578 = EDGE_LOOP('',(#2579,#2589,#2595,#2596,#2597));
#2579 = ORIENTED_EDGE('',*,*,#2580,.T.);
#2580 = EDGE_CURVE('',#2581,#2583,#2585,.T.);
#2581 = VERTEX_POINT('',#2582);
#2582 = CARTESIAN_POINT('',(-0.425,1.625,2.45));
#2583 = VERTEX_POINT('',#2584);
#2584 = CARTESIAN_POINT('',(-0.275,1.775,2.45));
#2585 = LINE('',#2586,#2587);
#2586 = CARTESIAN_POINT('',(-0.425,1.625,2.45));
#2587 = VECTOR('',#2588,1.);
#2588 = DIRECTION('',(0.707106781187,0.707106781187,-9.667293313453E-17)
  );
#2589 = ORIENTED_EDGE('',*,*,#2590,.T.);
#2590 = EDGE_CURVE('',#2583,#680,#2591,.T.);
#2591 = LINE('',#2592,#2593);
#2592 = CARTESIAN_POINT('',(-0.275,1.775,0.17));
#2593 = VECTOR('',#2594,1.);
#2594 = DIRECTION('',(0.,-1.367161731532E-16,-1.));
#2595 = ORIENTED_EDGE('',*,*,#679,.T.);
#2596 = ORIENTED_EDGE('',*,*,#2525,.T.);
#2597 = ORIENTED_EDGE('',*,*,#2598,.T.);
#2598 = EDGE_CURVE('',#2518,#2581,#2599,.T.);
#2599 = LINE('',#2600,#2601);
#2600 = CARTESIAN_POINT('',(-0.425,1.625,0.17));
#2601 = VECTOR('',#2602,1.);
#2602 = DIRECTION('',(0.,1.367161731532E-16,1.));
#2603 = PLANE('',#2604);
#2604 = AXIS2_PLACEMENT_3D('',#2605,#2606,#2607);
#2605 = CARTESIAN_POINT('',(-0.275,1.775,2.95));
#2606 = DIRECTION('',(0.707106781187,-0.707106781187,9.667293313453E-17)
  );
#2607 = DIRECTION('',(0.707106781187,0.707106781187,-9.667293313453E-17)
  );
#2608 = ADVANCED_FACE('',(#2609),#2627,.F.);
#2609 = FACE_BOUND('',#2610,.T.);
#2610 = EDGE_LOOP('',(#2611,#2619,#2625,#2626));
#2611 = ORIENTED_EDGE('',*,*,#2612,.T.);
#2612 = EDGE_CURVE('',#2583,#2613,#2615,.T.);
#2613 = VERTEX_POINT('',#2614);
#2614 = CARTESIAN_POINT('',(0.275,1.775,2.45));
#2615 = LINE('',#2616,#2617);
#2616 = CARTESIAN_POINT('',(-4.,1.775,2.45));
#2617 = VECTOR('',#2618,1.);
#2618 = DIRECTION('',(1.,0.,0.));
#2619 = ORIENTED_EDGE('',*,*,#2620,.T.);
#2620 = EDGE_CURVE('',#2613,#688,#2621,.T.);
#2621 = LINE('',#2622,#2623);
#2622 = CARTESIAN_POINT('',(0.275,1.775,2.95));
#2623 = VECTOR('',#2624,1.);
#2624 = DIRECTION('',(0.,-1.367161731532E-16,-1.));
#2625 = ORIENTED_EDGE('',*,*,#687,.T.);
#2626 = ORIENTED_EDGE('',*,*,#2590,.F.);
#2627 = PLANE('',#2628);
#2628 = AXIS2_PLACEMENT_3D('',#2629,#2630,#2631);
#2629 = CARTESIAN_POINT('',(4.,1.775,0.17));
#2630 = DIRECTION('',(0.,-1.,1.367161731532E-16));
#2631 = DIRECTION('',(1.,0.,0.));
#2632 = ADVANCED_FACE('',(#2633),#2659,.F.);
#2633 = FACE_BOUND('',#2634,.T.);
#2634 = EDGE_LOOP('',(#2635,#2643,#2651,#2657,#2658));
#2635 = ORIENTED_EDGE('',*,*,#2636,.T.);
#2636 = EDGE_CURVE('',#2613,#2637,#2639,.T.);
#2637 = VERTEX_POINT('',#2638);
#2638 = CARTESIAN_POINT('',(0.425,1.625,2.45));
#2639 = LINE('',#2640,#2641);
#2640 = CARTESIAN_POINT('',(0.275,1.775,2.45));
#2641 = VECTOR('',#2642,1.);
#2642 = DIRECTION('',(0.707106781187,-0.707106781187,9.667293313453E-17)
  );
#2643 = ORIENTED_EDGE('',*,*,#2644,.F.);
#2644 = EDGE_CURVE('',#2645,#2637,#2647,.T.);
#2645 = VERTEX_POINT('',#2646);
#2646 = CARTESIAN_POINT('',(0.425,1.625,0.574264068712));
#2647 = LINE('',#2648,#2649);
#2648 = CARTESIAN_POINT('',(0.425,1.625,0.17));
#2649 = VECTOR('',#2650,1.);
#2650 = DIRECTION('',(0.,3.467361574284E-17,1.));
#2651 = ORIENTED_EDGE('',*,*,#2652,.T.);
#2652 = EDGE_CURVE('',#2645,#696,#2653,.T.);
#2653 = LINE('',#2654,#2655);
#2654 = CARTESIAN_POINT('',(0.425,1.625,2.25));
#2655 = VECTOR('',#2656,1.);
#2656 = DIRECTION('',(0.,-1.367161731532E-16,-1.));
#2657 = ORIENTED_EDGE('',*,*,#695,.T.);
#2658 = ORIENTED_EDGE('',*,*,#2620,.F.);
#2659 = PLANE('',#2660);
#2660 = AXIS2_PLACEMENT_3D('',#2661,#2662,#2663);
#2661 = CARTESIAN_POINT('',(0.425,1.625,2.95));
#2662 = DIRECTION('',(-0.707106781187,-0.707106781187,9.667293313453E-17
    ));
#2663 = DIRECTION('',(0.707106781187,-0.707106781187,9.667293313453E-17)
  );
#2664 = ADVANCED_FACE('',(#2665),#2725,.T.);
#2665 = FACE_BOUND('',#2666,.T.);
#2666 = EDGE_LOOP('',(#2667,#2668,#2676,#2684,#2693,#2701,#2710,#2718,
    #2724));
#2667 = ORIENTED_EDGE('',*,*,#2652,.F.);
#2668 = ORIENTED_EDGE('',*,*,#2669,.F.);
#2669 = EDGE_CURVE('',#2670,#2645,#2672,.T.);
#2670 = VERTEX_POINT('',#2671);
#2671 = CARTESIAN_POINT('',(0.425,1.999264068712,0.2));
#2672 = LINE('',#2673,#2674);
#2673 = CARTESIAN_POINT('',(0.425,1.625,0.574264068712));
#2674 = VECTOR('',#2675,1.);
#2675 = DIRECTION('',(0.,-0.707106781187,0.707106781187));
#2676 = ORIENTED_EDGE('',*,*,#2677,.F.);
#2677 = EDGE_CURVE('',#2678,#2670,#2680,.T.);
#2678 = VERTEX_POINT('',#2679);
#2679 = CARTESIAN_POINT('',(0.425,2.425,0.2));
#2680 = LINE('',#2681,#2682);
#2681 = CARTESIAN_POINT('',(0.425,1.999264068712,0.2));
#2682 = VECTOR('',#2683,1.);
#2683 = DIRECTION('',(0.,-1.,2.00382526684E-16));
#2684 = ORIENTED_EDGE('',*,*,#2685,.F.);
#2685 = EDGE_CURVE('',#2686,#2678,#2688,.T.);
#2686 = VERTEX_POINT('',#2687);
#2687 = CARTESIAN_POINT('',(0.425,2.475,0.15));
#2688 = CIRCLE('',#2689,5.E-02);
#2689 = AXIS2_PLACEMENT_3D('',#2690,#2691,#2692);
#2690 = CARTESIAN_POINT('',(0.425,2.425,0.15));
#2691 = DIRECTION('',(1.,-0.,0.));
#2692 = DIRECTION('',(0.,1.,-1.367161731532E-16));
#2693 = ORIENTED_EDGE('',*,*,#2694,.F.);
#2694 = EDGE_CURVE('',#2695,#2686,#2697,.T.);
#2695 = VERTEX_POINT('',#2696);
#2696 = CARTESIAN_POINT('',(0.425,2.475,5.E-02));
#2697 = LINE('',#2698,#2699);
#2698 = CARTESIAN_POINT('',(0.425,2.475,0.15));
#2699 = VECTOR('',#2700,1.);
#2700 = DIRECTION('',(0.,1.367161731532E-16,1.));
#2701 = ORIENTED_EDGE('',*,*,#2702,.F.);
#2702 = EDGE_CURVE('',#2703,#2695,#2705,.T.);
#2703 = VERTEX_POINT('',#2704);
#2704 = CARTESIAN_POINT('',(0.425,2.425,-4.365688053561E-16));
#2705 = CIRCLE('',#2706,5.E-02);
#2706 = AXIS2_PLACEMENT_3D('',#2707,#2708,#2709);
#2707 = CARTESIAN_POINT('',(0.425,2.425,5.E-02));
#2708 = DIRECTION('',(1.,-0.,0.));
#2709 = DIRECTION('',(0.,1.,-1.367161731532E-16));
#2710 = ORIENTED_EDGE('',*,*,#2711,.F.);
#2711 = EDGE_CURVE('',#2712,#2703,#2714,.T.);
#2712 = VERTEX_POINT('',#2713);
#2713 = CARTESIAN_POINT('',(0.425,1.775,-3.756933778729E-16));
#2714 = LINE('',#2715,#2716);
#2715 = CARTESIAN_POINT('',(0.425,2.425,-3.721943013648E-16));
#2716 = VECTOR('',#2717,1.);
#2717 = DIRECTION('',(0.,1.,9.234119296733E-18));
#2718 = ORIENTED_EDGE('',*,*,#2719,.F.);
#2719 = EDGE_CURVE('',#704,#2712,#2720,.T.);
#2720 = LINE('',#2721,#2722);
#2721 = CARTESIAN_POINT('',(0.425,1.775,-3.781964789077E-16));
#2722 = VECTOR('',#2723,1.);
#2723 = DIRECTION('',(0.,0.707106781187,-0.707106781187));
#2724 = ORIENTED_EDGE('',*,*,#703,.F.);
#2725 = PLANE('',#2726);
#2726 = AXIS2_PLACEMENT_3D('',#2727,#2728,#2729);
#2727 = CARTESIAN_POINT('',(0.425,1.175,0.17));
#2728 = DIRECTION('',(-1.,0.,0.));
#2729 = DIRECTION('',(0.,-1.,1.367161731532E-16));
#2730 = ADVANCED_FACE('',(#2731),#2742,.F.);
#2731 = FACE_BOUND('',#2732,.T.);
#2732 = EDGE_LOOP('',(#2733,#2739,#2740,#2741));
#2733 = ORIENTED_EDGE('',*,*,#2734,.F.);
#2734 = EDGE_CURVE('',#728,#704,#2735,.T.);
#2735 = LINE('',#2736,#2737);
#2736 = CARTESIAN_POINT('',(-0.617439072854,1.605,0.17));
#2737 = VECTOR('',#2738,1.);
#2738 = DIRECTION('',(-1.,0.,-0.));
#2739 = ORIENTED_EDGE('',*,*,#727,.F.);
#2740 = ORIENTED_EDGE('',*,*,#719,.F.);
#2741 = ORIENTED_EDGE('',*,*,#711,.F.);
#2742 = PLANE('',#2743);
#2743 = AXIS2_PLACEMENT_3D('',#2744,#2745,#2746);
#2744 = CARTESIAN_POINT('',(1.,3.06920059037E-16,0.17));
#2745 = DIRECTION('',(0.,1.367161731532E-16,1.));
#2746 = DIRECTION('',(0.,-1.,1.367161731532E-16));
#2747 = ADVANCED_FACE('',(#2748),#2815,.T.);
#2748 = FACE_BOUND('',#2749,.T.);
#2749 = EDGE_LOOP('',(#2750,#2760,#2768,#2774,#2775,#2783,#2791,#2800,
    #2808));
#2750 = ORIENTED_EDGE('',*,*,#2751,.T.);
#2751 = EDGE_CURVE('',#2752,#2754,#2756,.T.);
#2752 = VERTEX_POINT('',#2753);
#2753 = CARTESIAN_POINT('',(0.575,2.425,0.2));
#2754 = VERTEX_POINT('',#2755);
#2755 = CARTESIAN_POINT('',(0.575,1.999264068712,0.2));
#2756 = LINE('',#2757,#2758);
#2757 = CARTESIAN_POINT('',(0.575,1.175,0.2));
#2758 = VECTOR('',#2759,1.);
#2759 = DIRECTION('',(0.,-1.,1.367161731532E-16));
#2760 = ORIENTED_EDGE('',*,*,#2761,.T.);
#2761 = EDGE_CURVE('',#2754,#2762,#2764,.T.);
#2762 = VERTEX_POINT('',#2763);
#2763 = CARTESIAN_POINT('',(0.575,1.625,0.574264068712));
#2764 = LINE('',#2765,#2766);
#2765 = CARTESIAN_POINT('',(0.575,1.999264068712,0.2));
#2766 = VECTOR('',#2767,1.);
#2767 = DIRECTION('',(0.,-0.707106781187,0.707106781187));
#2768 = ORIENTED_EDGE('',*,*,#2769,.F.);
#2769 = EDGE_CURVE('',#736,#2762,#2770,.T.);
#2770 = LINE('',#2771,#2772);
#2771 = CARTESIAN_POINT('',(0.575,1.625,2.25));
#2772 = VECTOR('',#2773,1.);
#2773 = DIRECTION('',(0.,1.367161731532E-16,1.));
#2774 = ORIENTED_EDGE('',*,*,#735,.F.);
#2775 = ORIENTED_EDGE('',*,*,#2776,.T.);
#2776 = EDGE_CURVE('',#728,#2777,#2779,.T.);
#2777 = VERTEX_POINT('',#2778);
#2778 = CARTESIAN_POINT('',(0.575,1.775,-3.827139879597E-16));
#2779 = LINE('',#2780,#2781);
#2780 = CARTESIAN_POINT('',(0.575,1.605,0.17));
#2781 = VECTOR('',#2782,1.);
#2782 = DIRECTION('',(0.,0.707106781187,-0.707106781187));
#2783 = ORIENTED_EDGE('',*,*,#2784,.T.);
#2784 = EDGE_CURVE('',#2777,#2785,#2787,.T.);
#2785 = VERTEX_POINT('',#2786);
#2786 = CARTESIAN_POINT('',(0.575,2.425,-4.840026504024E-16));
#2787 = LINE('',#2788,#2789);
#2788 = CARTESIAN_POINT('',(0.575,1.175,-2.961667750157E-16));
#2789 = VECTOR('',#2790,1.);
#2790 = DIRECTION('',(0.,1.,-1.367161731532E-16));
#2791 = ORIENTED_EDGE('',*,*,#2792,.T.);
#2792 = EDGE_CURVE('',#2785,#2793,#2795,.T.);
#2793 = VERTEX_POINT('',#2794);
#2794 = CARTESIAN_POINT('',(0.575,2.475,5.E-02));
#2795 = CIRCLE('',#2796,5.E-02);
#2796 = AXIS2_PLACEMENT_3D('',#2797,#2798,#2799);
#2797 = CARTESIAN_POINT('',(0.575,2.425,5.E-02));
#2798 = DIRECTION('',(1.,-0.,0.));
#2799 = DIRECTION('',(0.,1.,-1.367161731532E-16));
#2800 = ORIENTED_EDGE('',*,*,#2801,.T.);
#2801 = EDGE_CURVE('',#2793,#2802,#2804,.T.);
#2802 = VERTEX_POINT('',#2803);
#2803 = CARTESIAN_POINT('',(0.575,2.475,0.15));
#2804 = LINE('',#2805,#2806);
#2805 = CARTESIAN_POINT('',(0.575,2.475,0.17));
#2806 = VECTOR('',#2807,1.);
#2807 = DIRECTION('',(0.,1.367161731532E-16,1.));
#2808 = ORIENTED_EDGE('',*,*,#2809,.T.);
#2809 = EDGE_CURVE('',#2802,#2752,#2810,.T.);
#2810 = CIRCLE('',#2811,5.E-02);
#2811 = AXIS2_PLACEMENT_3D('',#2812,#2813,#2814);
#2812 = CARTESIAN_POINT('',(0.575,2.425,0.15));
#2813 = DIRECTION('',(1.,-0.,0.));
#2814 = DIRECTION('',(0.,1.,-1.367161731532E-16));
#2815 = PLANE('',#2816);
#2816 = AXIS2_PLACEMENT_3D('',#2817,#2818,#2819);
#2817 = CARTESIAN_POINT('',(0.575,1.175,0.17));
#2818 = DIRECTION('',(1.,0.,0.));
#2819 = DIRECTION('',(0.,1.,-1.367161731532E-16));
#2820 = ADVANCED_FACE('',(#2821),#2847,.F.);
#2821 = FACE_BOUND('',#2822,.T.);
#2822 = EDGE_LOOP('',(#2823,#2833,#2839,#2840,#2841));
#2823 = ORIENTED_EDGE('',*,*,#2824,.T.);
#2824 = EDGE_CURVE('',#2825,#2827,#2829,.T.);
#2825 = VERTEX_POINT('',#2826);
#2826 = CARTESIAN_POINT('',(0.575,1.625,2.45));
#2827 = VERTEX_POINT('',#2828);
#2828 = CARTESIAN_POINT('',(0.725,1.775,2.45));
#2829 = LINE('',#2830,#2831);
#2830 = CARTESIAN_POINT('',(0.575,1.625,2.45));
#2831 = VECTOR('',#2832,1.);
#2832 = DIRECTION('',(0.707106781187,0.707106781187,-9.667293313453E-17)
  );
#2833 = ORIENTED_EDGE('',*,*,#2834,.T.);
#2834 = EDGE_CURVE('',#2827,#744,#2835,.T.);
#2835 = LINE('',#2836,#2837);
#2836 = CARTESIAN_POINT('',(0.725,1.775,0.17));
#2837 = VECTOR('',#2838,1.);
#2838 = DIRECTION('',(0.,-1.367161731532E-16,-1.));
#2839 = ORIENTED_EDGE('',*,*,#743,.T.);
#2840 = ORIENTED_EDGE('',*,*,#2769,.T.);
#2841 = ORIENTED_EDGE('',*,*,#2842,.T.);
#2842 = EDGE_CURVE('',#2762,#2825,#2843,.T.);
#2843 = LINE('',#2844,#2845);
#2844 = CARTESIAN_POINT('',(0.575,1.625,0.17));
#2845 = VECTOR('',#2846,1.);
#2846 = DIRECTION('',(0.,1.367161731532E-16,1.));
#2847 = PLANE('',#2848);
#2848 = AXIS2_PLACEMENT_3D('',#2849,#2850,#2851);
#2849 = CARTESIAN_POINT('',(0.725,1.775,2.95));
#2850 = DIRECTION('',(0.707106781187,-0.707106781187,9.667293313453E-17)
  );
#2851 = DIRECTION('',(0.707106781187,0.707106781187,-9.667293313453E-17)
  );
#2852 = ADVANCED_FACE('',(#2853),#2871,.F.);
#2853 = FACE_BOUND('',#2854,.T.);
#2854 = EDGE_LOOP('',(#2855,#2863,#2864,#2865));
#2855 = ORIENTED_EDGE('',*,*,#2856,.T.);
#2856 = EDGE_CURVE('',#2857,#752,#2859,.T.);
#2857 = VERTEX_POINT('',#2858);
#2858 = CARTESIAN_POINT('',(1.275,1.775,2.45));
#2859 = LINE('',#2860,#2861);
#2860 = CARTESIAN_POINT('',(1.275,1.775,2.95));
#2861 = VECTOR('',#2862,1.);
#2862 = DIRECTION('',(0.,-1.367161731532E-16,-1.));
#2863 = ORIENTED_EDGE('',*,*,#751,.T.);
#2864 = ORIENTED_EDGE('',*,*,#2834,.F.);
#2865 = ORIENTED_EDGE('',*,*,#2866,.T.);
#2866 = EDGE_CURVE('',#2827,#2857,#2867,.T.);
#2867 = LINE('',#2868,#2869);
#2868 = CARTESIAN_POINT('',(-4.,1.775,2.45));
#2869 = VECTOR('',#2870,1.);
#2870 = DIRECTION('',(1.,0.,0.));
#2871 = PLANE('',#2872);
#2872 = AXIS2_PLACEMENT_3D('',#2873,#2874,#2875);
#2873 = CARTESIAN_POINT('',(4.,1.775,0.17));
#2874 = DIRECTION('',(0.,-1.,1.367161731532E-16));
#2875 = DIRECTION('',(1.,0.,0.));
#2876 = ADVANCED_FACE('',(#2877),#2903,.F.);
#2877 = FACE_BOUND('',#2878,.T.);
#2878 = EDGE_LOOP('',(#2879,#2887,#2895,#2901,#2902));
#2879 = ORIENTED_EDGE('',*,*,#2880,.T.);
#2880 = EDGE_CURVE('',#2857,#2881,#2883,.T.);
#2881 = VERTEX_POINT('',#2882);
#2882 = CARTESIAN_POINT('',(1.425,1.625,2.45));
#2883 = LINE('',#2884,#2885);
#2884 = CARTESIAN_POINT('',(1.275,1.775,2.45));
#2885 = VECTOR('',#2886,1.);
#2886 = DIRECTION('',(0.707106781187,-0.707106781187,9.667293313453E-17)
  );
#2887 = ORIENTED_EDGE('',*,*,#2888,.T.);
#2888 = EDGE_CURVE('',#2881,#2889,#2891,.T.);
#2889 = VERTEX_POINT('',#2890);
#2890 = CARTESIAN_POINT('',(1.425,1.625,0.574264068712));
#2891 = LINE('',#2892,#2893);
#2892 = CARTESIAN_POINT('',(1.425,1.625,2.25));
#2893 = VECTOR('',#2894,1.);
#2894 = DIRECTION('',(0.,-1.367161731532E-16,-1.));
#2895 = ORIENTED_EDGE('',*,*,#2896,.T.);
#2896 = EDGE_CURVE('',#2889,#760,#2897,.T.);
#2897 = LINE('',#2898,#2899);
#2898 = CARTESIAN_POINT('',(1.425,1.625,2.25));
#2899 = VECTOR('',#2900,1.);
#2900 = DIRECTION('',(0.,-1.367161731532E-16,-1.));
#2901 = ORIENTED_EDGE('',*,*,#759,.T.);
#2902 = ORIENTED_EDGE('',*,*,#2856,.F.);
#2903 = PLANE('',#2904);
#2904 = AXIS2_PLACEMENT_3D('',#2905,#2906,#2907);
#2905 = CARTESIAN_POINT('',(1.425,1.625,2.95));
#2906 = DIRECTION('',(-0.707106781187,-0.707106781187,9.667293313453E-17
    ));
#2907 = DIRECTION('',(0.707106781187,-0.707106781187,9.667293313453E-17)
  );
#2908 = ADVANCED_FACE('',(#2909),#2969,.T.);
#2909 = FACE_BOUND('',#2910,.T.);
#2910 = EDGE_LOOP('',(#2911,#2912,#2920,#2928,#2937,#2945,#2954,#2962,
    #2968));
#2911 = ORIENTED_EDGE('',*,*,#2896,.F.);
#2912 = ORIENTED_EDGE('',*,*,#2913,.F.);
#2913 = EDGE_CURVE('',#2914,#2889,#2916,.T.);
#2914 = VERTEX_POINT('',#2915);
#2915 = CARTESIAN_POINT('',(1.425,1.999264068712,0.2));
#2916 = LINE('',#2917,#2918);
#2917 = CARTESIAN_POINT('',(1.425,1.625,0.574264068712));
#2918 = VECTOR('',#2919,1.);
#2919 = DIRECTION('',(0.,-0.707106781187,0.707106781187));
#2920 = ORIENTED_EDGE('',*,*,#2921,.F.);
#2921 = EDGE_CURVE('',#2922,#2914,#2924,.T.);
#2922 = VERTEX_POINT('',#2923);
#2923 = CARTESIAN_POINT('',(1.425,2.425,0.2));
#2924 = LINE('',#2925,#2926);
#2925 = CARTESIAN_POINT('',(1.425,1.999264068712,0.2));
#2926 = VECTOR('',#2927,1.);
#2927 = DIRECTION('',(0.,-1.,2.00382526684E-16));
#2928 = ORIENTED_EDGE('',*,*,#2929,.F.);
#2929 = EDGE_CURVE('',#2930,#2922,#2932,.T.);
#2930 = VERTEX_POINT('',#2931);
#2931 = CARTESIAN_POINT('',(1.425,2.475,0.15));
#2932 = CIRCLE('',#2933,5.E-02);
#2933 = AXIS2_PLACEMENT_3D('',#2934,#2935,#2936);
#2934 = CARTESIAN_POINT('',(1.425,2.425,0.15));
#2935 = DIRECTION('',(1.,-0.,0.));
#2936 = DIRECTION('',(0.,1.,-1.367161731532E-16));
#2937 = ORIENTED_EDGE('',*,*,#2938,.F.);
#2938 = EDGE_CURVE('',#2939,#2930,#2941,.T.);
#2939 = VERTEX_POINT('',#2940);
#2940 = CARTESIAN_POINT('',(1.425,2.475,5.E-02));
#2941 = LINE('',#2942,#2943);
#2942 = CARTESIAN_POINT('',(1.425,2.475,0.15));
#2943 = VECTOR('',#2944,1.);
#2944 = DIRECTION('',(0.,1.367161731532E-16,1.));
#2945 = ORIENTED_EDGE('',*,*,#2946,.F.);
#2946 = EDGE_CURVE('',#2947,#2939,#2949,.T.);
#2947 = VERTEX_POINT('',#2948);
#2948 = CARTESIAN_POINT('',(1.425,2.425,-4.365688053561E-16));
#2949 = CIRCLE('',#2950,5.E-02);
#2950 = AXIS2_PLACEMENT_3D('',#2951,#2952,#2953);
#2951 = CARTESIAN_POINT('',(1.425,2.425,5.E-02));
#2952 = DIRECTION('',(1.,-0.,0.));
#2953 = DIRECTION('',(0.,1.,-1.367161731532E-16));
#2954 = ORIENTED_EDGE('',*,*,#2955,.F.);
#2955 = EDGE_CURVE('',#2956,#2947,#2958,.T.);
#2956 = VERTEX_POINT('',#2957);
#2957 = CARTESIAN_POINT('',(1.425,1.775,-3.756933778729E-16));
#2958 = LINE('',#2959,#2960);
#2959 = CARTESIAN_POINT('',(1.425,2.425,-3.721943013648E-16));
#2960 = VECTOR('',#2961,1.);
#2961 = DIRECTION('',(0.,1.,9.234119296733E-18));
#2962 = ORIENTED_EDGE('',*,*,#2963,.F.);
#2963 = EDGE_CURVE('',#768,#2956,#2964,.T.);
#2964 = LINE('',#2965,#2966);
#2965 = CARTESIAN_POINT('',(1.425,1.775,-3.781964789077E-16));
#2966 = VECTOR('',#2967,1.);
#2967 = DIRECTION('',(0.,0.707106781187,-0.707106781187));
#2968 = ORIENTED_EDGE('',*,*,#767,.F.);
#2969 = PLANE('',#2970);
#2970 = AXIS2_PLACEMENT_3D('',#2971,#2972,#2973);
#2971 = CARTESIAN_POINT('',(1.425,1.175,0.17));
#2972 = DIRECTION('',(-1.,0.,0.));
#2973 = DIRECTION('',(0.,-1.,1.367161731532E-16));
#2974 = ADVANCED_FACE('',(#2975),#2986,.F.);
#2975 = FACE_BOUND('',#2976,.T.);
#2976 = EDGE_LOOP('',(#2977,#2983,#2984,#2985));
#2977 = ORIENTED_EDGE('',*,*,#2978,.F.);
#2978 = EDGE_CURVE('',#792,#768,#2979,.T.);
#2979 = LINE('',#2980,#2981);
#2980 = CARTESIAN_POINT('',(0.382560927146,1.605,0.17));
#2981 = VECTOR('',#2982,1.);
#2982 = DIRECTION('',(-1.,0.,-0.));
#2983 = ORIENTED_EDGE('',*,*,#791,.F.);
#2984 = ORIENTED_EDGE('',*,*,#783,.T.);
#2985 = ORIENTED_EDGE('',*,*,#775,.F.);
#2986 = PLANE('',#2987);
#2987 = AXIS2_PLACEMENT_3D('',#2988,#2989,#2990);
#2988 = CARTESIAN_POINT('',(2.,3.06920059037E-16,0.17));
#2989 = DIRECTION('',(0.,1.367161731532E-16,1.));
#2990 = DIRECTION('',(0.,-1.,1.367161731532E-16));
#2991 = ADVANCED_FACE('',(#2992),#3059,.T.);
#2992 = FACE_BOUND('',#2993,.T.);
#2993 = EDGE_LOOP('',(#2994,#3004,#3012,#3018,#3019,#3027,#3035,#3044,
    #3052));
#2994 = ORIENTED_EDGE('',*,*,#2995,.T.);
#2995 = EDGE_CURVE('',#2996,#2998,#3000,.T.);
#2996 = VERTEX_POINT('',#2997);
#2997 = CARTESIAN_POINT('',(1.575,2.425,0.2));
#2998 = VERTEX_POINT('',#2999);
#2999 = CARTESIAN_POINT('',(1.575,1.999264068712,0.2));
#3000 = LINE('',#3001,#3002);
#3001 = CARTESIAN_POINT('',(1.575,1.175,0.2));
#3002 = VECTOR('',#3003,1.);
#3003 = DIRECTION('',(0.,-1.,1.367161731532E-16));
#3004 = ORIENTED_EDGE('',*,*,#3005,.T.);
#3005 = EDGE_CURVE('',#2998,#3006,#3008,.T.);
#3006 = VERTEX_POINT('',#3007);
#3007 = CARTESIAN_POINT('',(1.575,1.625,0.574264068712));
#3008 = LINE('',#3009,#3010);
#3009 = CARTESIAN_POINT('',(1.575,1.999264068712,0.2));
#3010 = VECTOR('',#3011,1.);
#3011 = DIRECTION('',(0.,-0.707106781187,0.707106781187));
#3012 = ORIENTED_EDGE('',*,*,#3013,.F.);
#3013 = EDGE_CURVE('',#800,#3006,#3014,.T.);
#3014 = LINE('',#3015,#3016);
#3015 = CARTESIAN_POINT('',(1.575,1.625,2.25));
#3016 = VECTOR('',#3017,1.);
#3017 = DIRECTION('',(-1.807003620809E-16,1.367161731532E-16,1.));
#3018 = ORIENTED_EDGE('',*,*,#799,.F.);
#3019 = ORIENTED_EDGE('',*,*,#3020,.T.);
#3020 = EDGE_CURVE('',#792,#3021,#3023,.T.);
#3021 = VERTEX_POINT('',#3022);
#3022 = CARTESIAN_POINT('',(1.575,1.775,-3.827139879597E-16));
#3023 = LINE('',#3024,#3025);
#3024 = CARTESIAN_POINT('',(1.575,1.605,0.17));
#3025 = VECTOR('',#3026,1.);
#3026 = DIRECTION('',(0.,0.707106781187,-0.707106781187));
#3027 = ORIENTED_EDGE('',*,*,#3028,.T.);
#3028 = EDGE_CURVE('',#3021,#3029,#3031,.T.);
#3029 = VERTEX_POINT('',#3030);
#3030 = CARTESIAN_POINT('',(1.575,2.425,-4.840026504024E-16));
#3031 = LINE('',#3032,#3033);
#3032 = CARTESIAN_POINT('',(1.575,1.175,-2.961667750157E-16));
#3033 = VECTOR('',#3034,1.);
#3034 = DIRECTION('',(0.,1.,-1.367161731532E-16));
#3035 = ORIENTED_EDGE('',*,*,#3036,.T.);
#3036 = EDGE_CURVE('',#3029,#3037,#3039,.T.);
#3037 = VERTEX_POINT('',#3038);
#3038 = CARTESIAN_POINT('',(1.575,2.475,5.E-02));
#3039 = CIRCLE('',#3040,5.E-02);
#3040 = AXIS2_PLACEMENT_3D('',#3041,#3042,#3043);
#3041 = CARTESIAN_POINT('',(1.575,2.425,5.E-02));
#3042 = DIRECTION('',(1.,-0.,0.));
#3043 = DIRECTION('',(0.,1.,-1.367161731532E-16));
#3044 = ORIENTED_EDGE('',*,*,#3045,.T.);
#3045 = EDGE_CURVE('',#3037,#3046,#3048,.T.);
#3046 = VERTEX_POINT('',#3047);
#3047 = CARTESIAN_POINT('',(1.575,2.475,0.15));
#3048 = LINE('',#3049,#3050);
#3049 = CARTESIAN_POINT('',(1.575,2.475,0.17));
#3050 = VECTOR('',#3051,1.);
#3051 = DIRECTION('',(0.,1.367161731532E-16,1.));
#3052 = ORIENTED_EDGE('',*,*,#3053,.T.);
#3053 = EDGE_CURVE('',#3046,#2996,#3054,.T.);
#3054 = CIRCLE('',#3055,5.E-02);
#3055 = AXIS2_PLACEMENT_3D('',#3056,#3057,#3058);
#3056 = CARTESIAN_POINT('',(1.575,2.425,0.15));
#3057 = DIRECTION('',(1.,-0.,0.));
#3058 = DIRECTION('',(0.,1.,-1.367161731532E-16));
#3059 = PLANE('',#3060);
#3060 = AXIS2_PLACEMENT_3D('',#3061,#3062,#3063);
#3061 = CARTESIAN_POINT('',(1.575,1.175,0.17));
#3062 = DIRECTION('',(1.,0.,0.));
#3063 = DIRECTION('',(0.,1.,-1.367161731532E-16));
#3064 = ADVANCED_FACE('',(#3065),#3091,.F.);
#3065 = FACE_BOUND('',#3066,.T.);
#3066 = EDGE_LOOP('',(#3067,#3077,#3083,#3084,#3085));
#3067 = ORIENTED_EDGE('',*,*,#3068,.T.);
#3068 = EDGE_CURVE('',#3069,#3071,#3073,.T.);
#3069 = VERTEX_POINT('',#3070);
#3070 = CARTESIAN_POINT('',(1.575,1.625,2.45));
#3071 = VERTEX_POINT('',#3072);
#3072 = CARTESIAN_POINT('',(1.725,1.775,2.45));
#3073 = LINE('',#3074,#3075);
#3074 = CARTESIAN_POINT('',(1.575,1.625,2.45));
#3075 = VECTOR('',#3076,1.);
#3076 = DIRECTION('',(0.707106781187,0.707106781187,-9.667293313453E-17)
  );
#3077 = ORIENTED_EDGE('',*,*,#3078,.T.);
#3078 = EDGE_CURVE('',#3071,#808,#3079,.T.);
#3079 = LINE('',#3080,#3081);
#3080 = CARTESIAN_POINT('',(1.725,1.775,0.17));
#3081 = VECTOR('',#3082,1.);
#3082 = DIRECTION('',(0.,-1.367161731532E-16,-1.));
#3083 = ORIENTED_EDGE('',*,*,#807,.T.);
#3084 = ORIENTED_EDGE('',*,*,#3013,.T.);
#3085 = ORIENTED_EDGE('',*,*,#3086,.T.);
#3086 = EDGE_CURVE('',#3006,#3069,#3087,.T.);
#3087 = LINE('',#3088,#3089);
#3088 = CARTESIAN_POINT('',(1.575,1.625,2.25));
#3089 = VECTOR('',#3090,1.);
#3090 = DIRECTION('',(-1.807003620809E-16,1.367161731532E-16,1.));
#3091 = PLANE('',#3092);
#3092 = AXIS2_PLACEMENT_3D('',#3093,#3094,#3095);
#3093 = CARTESIAN_POINT('',(1.725,1.775,2.95));
#3094 = DIRECTION('',(0.707106781187,-0.707106781187,9.667293313453E-17)
  );
#3095 = DIRECTION('',(0.707106781187,0.707106781187,-9.667293313453E-17)
  );
#3096 = ADVANCED_FACE('',(#3097),#3115,.F.);
#3097 = FACE_BOUND('',#3098,.T.);
#3098 = EDGE_LOOP('',(#3099,#3107,#3108,#3109));
#3099 = ORIENTED_EDGE('',*,*,#3100,.T.);
#3100 = EDGE_CURVE('',#3101,#816,#3103,.T.);
#3101 = VERTEX_POINT('',#3102);
#3102 = CARTESIAN_POINT('',(2.275,1.775,2.45));
#3103 = LINE('',#3104,#3105);
#3104 = CARTESIAN_POINT('',(2.275,1.775,2.95));
#3105 = VECTOR('',#3106,1.);
#3106 = DIRECTION('',(0.,-1.367161731532E-16,-1.));
#3107 = ORIENTED_EDGE('',*,*,#815,.T.);
#3108 = ORIENTED_EDGE('',*,*,#3078,.F.);
#3109 = ORIENTED_EDGE('',*,*,#3110,.T.);
#3110 = EDGE_CURVE('',#3071,#3101,#3111,.T.);
#3111 = LINE('',#3112,#3113);
#3112 = CARTESIAN_POINT('',(-4.,1.775,2.45));
#3113 = VECTOR('',#3114,1.);
#3114 = DIRECTION('',(1.,0.,0.));
#3115 = PLANE('',#3116);
#3116 = AXIS2_PLACEMENT_3D('',#3117,#3118,#3119);
#3117 = CARTESIAN_POINT('',(4.,1.775,0.17));
#3118 = DIRECTION('',(0.,-1.,1.367161731532E-16));
#3119 = DIRECTION('',(1.,0.,0.));
#3120 = ADVANCED_FACE('',(#3121),#3147,.F.);
#3121 = FACE_BOUND('',#3122,.T.);
#3122 = EDGE_LOOP('',(#3123,#3131,#3139,#3145,#3146));
#3123 = ORIENTED_EDGE('',*,*,#3124,.T.);
#3124 = EDGE_CURVE('',#3101,#3125,#3127,.T.);
#3125 = VERTEX_POINT('',#3126);
#3126 = CARTESIAN_POINT('',(2.425,1.625,2.45));
#3127 = LINE('',#3128,#3129);
#3128 = CARTESIAN_POINT('',(2.275,1.775,2.45));
#3129 = VECTOR('',#3130,1.);
#3130 = DIRECTION('',(0.707106781187,-0.707106781187,9.667293313453E-17)
  );
#3131 = ORIENTED_EDGE('',*,*,#3132,.T.);
#3132 = EDGE_CURVE('',#3125,#3133,#3135,.T.);
#3133 = VERTEX_POINT('',#3134);
#3134 = CARTESIAN_POINT('',(2.425,1.625,0.574264068712));
#3135 = LINE('',#3136,#3137);
#3136 = CARTESIAN_POINT('',(2.425,1.625,1.15));
#3137 = VECTOR('',#3138,1.);
#3138 = DIRECTION('',(0.,-1.367161731532E-16,-1.));
#3139 = ORIENTED_EDGE('',*,*,#3140,.T.);
#3140 = EDGE_CURVE('',#3133,#824,#3141,.T.);
#3141 = LINE('',#3142,#3143);
#3142 = CARTESIAN_POINT('',(2.425,1.625,1.15));
#3143 = VECTOR('',#3144,1.);
#3144 = DIRECTION('',(0.,-1.367161731532E-16,-1.));
#3145 = ORIENTED_EDGE('',*,*,#823,.T.);
#3146 = ORIENTED_EDGE('',*,*,#3100,.F.);
#3147 = PLANE('',#3148);
#3148 = AXIS2_PLACEMENT_3D('',#3149,#3150,#3151);
#3149 = CARTESIAN_POINT('',(2.425,1.625,2.95));
#3150 = DIRECTION('',(-0.707106781187,-0.707106781187,9.667293313453E-17
    ));
#3151 = DIRECTION('',(0.707106781187,-0.707106781187,9.667293313453E-17)
  );
#3152 = ADVANCED_FACE('',(#3153),#3213,.T.);
#3153 = FACE_BOUND('',#3154,.T.);
#3154 = EDGE_LOOP('',(#3155,#3156,#3164,#3172,#3181,#3189,#3198,#3206,
    #3212));
#3155 = ORIENTED_EDGE('',*,*,#3140,.F.);
#3156 = ORIENTED_EDGE('',*,*,#3157,.F.);
#3157 = EDGE_CURVE('',#3158,#3133,#3160,.T.);
#3158 = VERTEX_POINT('',#3159);
#3159 = CARTESIAN_POINT('',(2.425,1.999264068712,0.2));
#3160 = LINE('',#3161,#3162);
#3161 = CARTESIAN_POINT('',(2.425,1.625,0.574264068712));
#3162 = VECTOR('',#3163,1.);
#3163 = DIRECTION('',(0.,-0.707106781187,0.707106781187));
#3164 = ORIENTED_EDGE('',*,*,#3165,.F.);
#3165 = EDGE_CURVE('',#3166,#3158,#3168,.T.);
#3166 = VERTEX_POINT('',#3167);
#3167 = CARTESIAN_POINT('',(2.425,2.425,0.2));
#3168 = LINE('',#3169,#3170);
#3169 = CARTESIAN_POINT('',(2.425,1.999264068712,0.2));
#3170 = VECTOR('',#3171,1.);
#3171 = DIRECTION('',(0.,-1.,2.00382526684E-16));
#3172 = ORIENTED_EDGE('',*,*,#3173,.F.);
#3173 = EDGE_CURVE('',#3174,#3166,#3176,.T.);
#3174 = VERTEX_POINT('',#3175);
#3175 = CARTESIAN_POINT('',(2.425,2.475,0.15));
#3176 = CIRCLE('',#3177,5.E-02);
#3177 = AXIS2_PLACEMENT_3D('',#3178,#3179,#3180);
#3178 = CARTESIAN_POINT('',(2.425,2.425,0.15));
#3179 = DIRECTION('',(1.,-0.,0.));
#3180 = DIRECTION('',(0.,1.,-1.367161731532E-16));
#3181 = ORIENTED_EDGE('',*,*,#3182,.F.);
#3182 = EDGE_CURVE('',#3183,#3174,#3185,.T.);
#3183 = VERTEX_POINT('',#3184);
#3184 = CARTESIAN_POINT('',(2.425,2.475,5.E-02));
#3185 = LINE('',#3186,#3187);
#3186 = CARTESIAN_POINT('',(2.425,2.475,0.15));
#3187 = VECTOR('',#3188,1.);
#3188 = DIRECTION('',(0.,1.367161731532E-16,1.));
#3189 = ORIENTED_EDGE('',*,*,#3190,.F.);
#3190 = EDGE_CURVE('',#3191,#3183,#3193,.T.);
#3191 = VERTEX_POINT('',#3192);
#3192 = CARTESIAN_POINT('',(2.425,2.425,-4.365688053561E-16));
#3193 = CIRCLE('',#3194,5.E-02);
#3194 = AXIS2_PLACEMENT_3D('',#3195,#3196,#3197);
#3195 = CARTESIAN_POINT('',(2.425,2.425,5.E-02));
#3196 = DIRECTION('',(1.,-0.,0.));
#3197 = DIRECTION('',(0.,1.,-1.367161731532E-16));
#3198 = ORIENTED_EDGE('',*,*,#3199,.F.);
#3199 = EDGE_CURVE('',#3200,#3191,#3202,.T.);
#3200 = VERTEX_POINT('',#3201);
#3201 = CARTESIAN_POINT('',(2.425,1.775,-3.756933778729E-16));
#3202 = LINE('',#3203,#3204);
#3203 = CARTESIAN_POINT('',(2.425,2.425,-3.721943013648E-16));
#3204 = VECTOR('',#3205,1.);
#3205 = DIRECTION('',(0.,1.,9.234119296733E-18));
#3206 = ORIENTED_EDGE('',*,*,#3207,.F.);
#3207 = EDGE_CURVE('',#832,#3200,#3208,.T.);
#3208 = LINE('',#3209,#3210);
#3209 = CARTESIAN_POINT('',(2.425,1.775,-3.781964789077E-16));
#3210 = VECTOR('',#3211,1.);
#3211 = DIRECTION('',(0.,0.707106781187,-0.707106781187));
#3212 = ORIENTED_EDGE('',*,*,#831,.F.);
#3213 = PLANE('',#3214);
#3214 = AXIS2_PLACEMENT_3D('',#3215,#3216,#3217);
#3215 = CARTESIAN_POINT('',(2.425,1.175,0.17));
#3216 = DIRECTION('',(-1.,0.,0.));
#3217 = DIRECTION('',(0.,-1.,1.367161731532E-16));
#3218 = ADVANCED_FACE('',(#3219),#3230,.F.);
#3219 = FACE_BOUND('',#3220,.T.);
#3220 = EDGE_LOOP('',(#3221,#3227,#3228,#3229));
#3221 = ORIENTED_EDGE('',*,*,#3222,.F.);
#3222 = EDGE_CURVE('',#856,#832,#3223,.T.);
#3223 = LINE('',#3224,#3225);
#3224 = CARTESIAN_POINT('',(1.382560927146,1.605,0.17));
#3225 = VECTOR('',#3226,1.);
#3226 = DIRECTION('',(-1.,0.,-0.));
#3227 = ORIENTED_EDGE('',*,*,#855,.F.);
#3228 = ORIENTED_EDGE('',*,*,#847,.T.);
#3229 = ORIENTED_EDGE('',*,*,#839,.F.);
#3230 = PLANE('',#3231);
#3231 = AXIS2_PLACEMENT_3D('',#3232,#3233,#3234);
#3232 = CARTESIAN_POINT('',(3.,3.06920059037E-16,0.17));
#3233 = DIRECTION('',(0.,1.367161731532E-16,1.));
#3234 = DIRECTION('',(0.,-1.,1.367161731532E-16));
#3235 = ADVANCED_FACE('',(#3236),#3303,.T.);
#3236 = FACE_BOUND('',#3237,.T.);
#3237 = EDGE_LOOP('',(#3238,#3248,#3256,#3262,#3263,#3271,#3279,#3288,
    #3296));
#3238 = ORIENTED_EDGE('',*,*,#3239,.T.);
#3239 = EDGE_CURVE('',#3240,#3242,#3244,.T.);
#3240 = VERTEX_POINT('',#3241);
#3241 = CARTESIAN_POINT('',(2.575,2.425,0.2));
#3242 = VERTEX_POINT('',#3243);
#3243 = CARTESIAN_POINT('',(2.575,1.999264068712,0.2));
#3244 = LINE('',#3245,#3246);
#3245 = CARTESIAN_POINT('',(2.575,1.175,0.2));
#3246 = VECTOR('',#3247,1.);
#3247 = DIRECTION('',(0.,-1.,1.367161731532E-16));
#3248 = ORIENTED_EDGE('',*,*,#3249,.T.);
#3249 = EDGE_CURVE('',#3242,#3250,#3252,.T.);
#3250 = VERTEX_POINT('',#3251);
#3251 = CARTESIAN_POINT('',(2.575,1.625,0.574264068712));
#3252 = LINE('',#3253,#3254);
#3253 = CARTESIAN_POINT('',(2.575,1.999264068712,0.2));
#3254 = VECTOR('',#3255,1.);
#3255 = DIRECTION('',(0.,-0.707106781187,0.707106781187));
#3256 = ORIENTED_EDGE('',*,*,#3257,.F.);
#3257 = EDGE_CURVE('',#864,#3250,#3258,.T.);
#3258 = LINE('',#3259,#3260);
#3259 = CARTESIAN_POINT('',(2.575,1.625,1.15));
#3260 = VECTOR('',#3261,1.);
#3261 = DIRECTION('',(-3.614007241618E-16,1.367161731532E-16,1.));
#3262 = ORIENTED_EDGE('',*,*,#863,.F.);
#3263 = ORIENTED_EDGE('',*,*,#3264,.T.);
#3264 = EDGE_CURVE('',#856,#3265,#3267,.T.);
#3265 = VERTEX_POINT('',#3266);
#3266 = CARTESIAN_POINT('',(2.575,1.775,-3.827139879597E-16));
#3267 = LINE('',#3268,#3269);
#3268 = CARTESIAN_POINT('',(2.575,1.605,0.17));
#3269 = VECTOR('',#3270,1.);
#3270 = DIRECTION('',(0.,0.707106781187,-0.707106781187));
#3271 = ORIENTED_EDGE('',*,*,#3272,.T.);
#3272 = EDGE_CURVE('',#3265,#3273,#3275,.T.);
#3273 = VERTEX_POINT('',#3274);
#3274 = CARTESIAN_POINT('',(2.575,2.425,-4.840026504024E-16));
#3275 = LINE('',#3276,#3277);
#3276 = CARTESIAN_POINT('',(2.575,1.175,-2.961667750157E-16));
#3277 = VECTOR('',#3278,1.);
#3278 = DIRECTION('',(0.,1.,-1.367161731532E-16));
#3279 = ORIENTED_EDGE('',*,*,#3280,.T.);
#3280 = EDGE_CURVE('',#3273,#3281,#3283,.T.);
#3281 = VERTEX_POINT('',#3282);
#3282 = CARTESIAN_POINT('',(2.575,2.475,5.E-02));
#3283 = CIRCLE('',#3284,5.E-02);
#3284 = AXIS2_PLACEMENT_3D('',#3285,#3286,#3287);
#3285 = CARTESIAN_POINT('',(2.575,2.425,5.E-02));
#3286 = DIRECTION('',(1.,-0.,0.));
#3287 = DIRECTION('',(0.,1.,-1.367161731532E-16));
#3288 = ORIENTED_EDGE('',*,*,#3289,.T.);
#3289 = EDGE_CURVE('',#3281,#3290,#3292,.T.);
#3290 = VERTEX_POINT('',#3291);
#3291 = CARTESIAN_POINT('',(2.575,2.475,0.15));
#3292 = LINE('',#3293,#3294);
#3293 = CARTESIAN_POINT('',(2.575,2.475,0.17));
#3294 = VECTOR('',#3295,1.);
#3295 = DIRECTION('',(0.,1.367161731532E-16,1.));
#3296 = ORIENTED_EDGE('',*,*,#3297,.T.);
#3297 = EDGE_CURVE('',#3290,#3240,#3298,.T.);
#3298 = CIRCLE('',#3299,5.E-02);
#3299 = AXIS2_PLACEMENT_3D('',#3300,#3301,#3302);
#3300 = CARTESIAN_POINT('',(2.575,2.425,0.15));
#3301 = DIRECTION('',(1.,-0.,0.));
#3302 = DIRECTION('',(0.,1.,-1.367161731532E-16));
#3303 = PLANE('',#3304);
#3304 = AXIS2_PLACEMENT_3D('',#3305,#3306,#3307);
#3305 = CARTESIAN_POINT('',(2.575,1.175,0.17));
#3306 = DIRECTION('',(1.,0.,0.));
#3307 = DIRECTION('',(0.,1.,-1.367161731532E-16));
#3308 = ADVANCED_FACE('',(#3309),#3335,.F.);
#3309 = FACE_BOUND('',#3310,.T.);
#3310 = EDGE_LOOP('',(#3311,#3321,#3327,#3328,#3329));
#3311 = ORIENTED_EDGE('',*,*,#3312,.T.);
#3312 = EDGE_CURVE('',#3313,#3315,#3317,.T.);
#3313 = VERTEX_POINT('',#3314);
#3314 = CARTESIAN_POINT('',(2.575,1.625,2.45));
#3315 = VERTEX_POINT('',#3316);
#3316 = CARTESIAN_POINT('',(2.725,1.775,2.45));
#3317 = LINE('',#3318,#3319);
#3318 = CARTESIAN_POINT('',(2.575,1.625,2.45));
#3319 = VECTOR('',#3320,1.);
#3320 = DIRECTION('',(0.707106781187,0.707106781187,-9.667293313453E-17)
  );
#3321 = ORIENTED_EDGE('',*,*,#3322,.T.);
#3322 = EDGE_CURVE('',#3315,#872,#3323,.T.);
#3323 = LINE('',#3324,#3325);
#3324 = CARTESIAN_POINT('',(2.725,1.775,0.17));
#3325 = VECTOR('',#3326,1.);
#3326 = DIRECTION('',(0.,-1.367161731532E-16,-1.));
#3327 = ORIENTED_EDGE('',*,*,#871,.T.);
#3328 = ORIENTED_EDGE('',*,*,#3257,.T.);
#3329 = ORIENTED_EDGE('',*,*,#3330,.T.);
#3330 = EDGE_CURVE('',#3250,#3313,#3331,.T.);
#3331 = LINE('',#3332,#3333);
#3332 = CARTESIAN_POINT('',(2.575,1.625,1.15));
#3333 = VECTOR('',#3334,1.);
#3334 = DIRECTION('',(-3.614007241618E-16,1.367161731532E-16,1.));
#3335 = PLANE('',#3336);
#3336 = AXIS2_PLACEMENT_3D('',#3337,#3338,#3339);
#3337 = CARTESIAN_POINT('',(2.725,1.775,2.95));
#3338 = DIRECTION('',(0.707106781187,-0.707106781187,9.667293313453E-17)
  );
#3339 = DIRECTION('',(0.707106781187,0.707106781187,-9.667293313453E-17)
  );
#3340 = ADVANCED_FACE('',(#3341),#3375,.F.);
#3341 = FACE_BOUND('',#3342,.T.);
#3342 = EDGE_LOOP('',(#3343,#3344,#3352,#3360,#3368,#3374));
#3343 = ORIENTED_EDGE('',*,*,#3322,.F.);
#3344 = ORIENTED_EDGE('',*,*,#3345,.T.);
#3345 = EDGE_CURVE('',#3315,#3346,#3348,.T.);
#3346 = VERTEX_POINT('',#3347);
#3347 = CARTESIAN_POINT('',(3.5,1.775,2.45));
#3348 = LINE('',#3349,#3350);
#3349 = CARTESIAN_POINT('',(-4.,1.775,2.45));
#3350 = VECTOR('',#3351,1.);
#3351 = DIRECTION('',(1.,0.,0.));
#3352 = ORIENTED_EDGE('',*,*,#3353,.F.);
#3353 = EDGE_CURVE('',#3354,#3346,#3356,.T.);
#3354 = VERTEX_POINT('',#3355);
#3355 = CARTESIAN_POINT('',(3.5,1.775,1.45));
#3356 = LINE('',#3357,#3358);
#3357 = CARTESIAN_POINT('',(3.5,1.775,-2.42671207347E-16));
#3358 = VECTOR('',#3359,1.);
#3359 = DIRECTION('',(0.,1.367161731532E-16,1.));
#3360 = ORIENTED_EDGE('',*,*,#3361,.F.);
#3361 = EDGE_CURVE('',#3362,#3354,#3364,.T.);
#3362 = VERTEX_POINT('',#3363);
#3363 = CARTESIAN_POINT('',(4.,1.775,1.45));
#3364 = LINE('',#3365,#3366);
#3365 = CARTESIAN_POINT('',(3.5,1.775,1.45));
#3366 = VECTOR('',#3367,1.);
#3367 = DIRECTION('',(-1.,-0.,0.));
#3368 = ORIENTED_EDGE('',*,*,#3369,.T.);
#3369 = EDGE_CURVE('',#3362,#880,#3370,.T.);
#3370 = LINE('',#3371,#3372);
#3371 = CARTESIAN_POINT('',(4.,1.775,-2.42671207347E-16));
#3372 = VECTOR('',#3373,1.);
#3373 = DIRECTION('',(0.,-1.367161731532E-16,-1.));
#3374 = ORIENTED_EDGE('',*,*,#879,.T.);
#3375 = PLANE('',#3376);
#3376 = AXIS2_PLACEMENT_3D('',#3377,#3378,#3379);
#3377 = CARTESIAN_POINT('',(4.,1.775,0.17));
#3378 = DIRECTION('',(0.,-1.,1.367161731532E-16));
#3379 = DIRECTION('',(1.,0.,0.));
#3380 = ADVANCED_FACE('',(#3381),#3478,.F.);
#3381 = FACE_BOUND('',#3382,.T.);
#3382 = EDGE_LOOP('',(#3383,#3391,#3399,#3407,#3415,#3423,#3429,#3430,
    #3431,#3439,#3447,#3455,#3463,#3471,#3477));
#3383 = ORIENTED_EDGE('',*,*,#3384,.T.);
#3384 = EDGE_CURVE('',#1173,#3385,#3387,.T.);
#3385 = VERTEX_POINT('',#3386);
#3386 = CARTESIAN_POINT('',(4.,-2.375,1.25));
#3387 = LINE('',#3388,#3389);
#3388 = CARTESIAN_POINT('',(4.,-2.475,1.35));
#3389 = VECTOR('',#3390,1.);
#3390 = DIRECTION('',(-0.,0.707106781187,-0.707106781187));
#3391 = ORIENTED_EDGE('',*,*,#3392,.F.);
#3392 = EDGE_CURVE('',#3393,#3385,#3395,.T.);
#3393 = VERTEX_POINT('',#3394);
#3394 = CARTESIAN_POINT('',(4.,-1.975,1.25));
#3395 = LINE('',#3396,#3397);
#3396 = CARTESIAN_POINT('',(4.,1.708952164415E-16,1.25));
#3397 = VECTOR('',#3398,1.);
#3398 = DIRECTION('',(0.,-1.,1.367161731532E-16));
#3399 = ORIENTED_EDGE('',*,*,#3400,.F.);
#3400 = EDGE_CURVE('',#3401,#3393,#3403,.T.);
#3401 = VERTEX_POINT('',#3402);
#3402 = CARTESIAN_POINT('',(4.,-1.975,0.65));
#3403 = LINE('',#3404,#3405);
#3404 = CARTESIAN_POINT('',(4.,-1.975,2.700144419776E-16));
#3405 = VECTOR('',#3406,1.);
#3406 = DIRECTION('',(0.,1.367161731532E-16,1.));
#3407 = ORIENTED_EDGE('',*,*,#3408,.F.);
#3408 = EDGE_CURVE('',#3409,#3401,#3411,.T.);
#3409 = VERTEX_POINT('',#3410);
#3410 = CARTESIAN_POINT('',(4.,-1.875,0.55));
#3411 = LINE('',#3412,#3413);
#3412 = CARTESIAN_POINT('',(4.,-1.875,0.55));
#3413 = VECTOR('',#3414,1.);
#3414 = DIRECTION('',(0.,-0.707106781187,0.707106781187));
#3415 = ORIENTED_EDGE('',*,*,#3416,.F.);
#3416 = EDGE_CURVE('',#3417,#3409,#3419,.T.);
#3417 = VERTEX_POINT('',#3418);
#3418 = CARTESIAN_POINT('',(4.,-0.975,0.55));
#3419 = LINE('',#3420,#3421);
#3420 = CARTESIAN_POINT('',(4.,7.519389523428E-17,0.55));
#3421 = VECTOR('',#3422,1.);
#3422 = DIRECTION('',(0.,-1.,1.367161731532E-16));
#3423 = ORIENTED_EDGE('',*,*,#3424,.F.);
#3424 = EDGE_CURVE('',#888,#3417,#3425,.T.);
#3425 = LINE('',#3426,#3427);
#3426 = CARTESIAN_POINT('',(4.,-0.975,1.332982688244E-16));
#3427 = VECTOR('',#3428,1.);
#3428 = DIRECTION('',(0.,1.367161731532E-16,1.));
#3429 = ORIENTED_EDGE('',*,*,#887,.F.);
#3430 = ORIENTED_EDGE('',*,*,#3369,.F.);
#3431 = ORIENTED_EDGE('',*,*,#3432,.F.);
#3432 = EDGE_CURVE('',#3433,#3362,#3435,.T.);
#3433 = VERTEX_POINT('',#3434);
#3434 = CARTESIAN_POINT('',(4.,1.175,1.45));
#3435 = LINE('',#3436,#3437);
#3436 = CARTESIAN_POINT('',(4.,1.982384510722E-16,1.45));
#3437 = VECTOR('',#3438,1.);
#3438 = DIRECTION('',(-0.,1.,-1.367161731532E-16));
#3439 = ORIENTED_EDGE('',*,*,#3440,.F.);
#3440 = EDGE_CURVE('',#3441,#3433,#3443,.T.);
#3441 = VERTEX_POINT('',#3442);
#3442 = CARTESIAN_POINT('',(4.,1.175,2.4));
#3443 = LINE('',#3444,#3445);
#3444 = CARTESIAN_POINT('',(4.,1.175,-1.606415034551E-16));
#3445 = VECTOR('',#3446,1.);
#3446 = DIRECTION('',(0.,-1.367161731532E-16,-1.));
#3447 = ORIENTED_EDGE('',*,*,#3448,.F.);
#3448 = EDGE_CURVE('',#3449,#3441,#3451,.T.);
#3449 = VERTEX_POINT('',#3450);
#3450 = CARTESIAN_POINT('',(4.,1.125,2.45));
#3451 = LINE('',#3452,#3453);
#3452 = CARTESIAN_POINT('',(4.,1.125,2.45));
#3453 = VECTOR('',#3454,1.);
#3454 = DIRECTION('',(0.,0.707106781187,-0.707106781187));
#3455 = ORIENTED_EDGE('',*,*,#3456,.F.);
#3456 = EDGE_CURVE('',#3457,#3449,#3459,.T.);
#3457 = VERTEX_POINT('',#3458);
#3458 = CARTESIAN_POINT('',(4.,0.525,2.45));
#3459 = LINE('',#3460,#3461);
#3460 = CARTESIAN_POINT('',(4.,3.349546242254E-16,2.45));
#3461 = VECTOR('',#3462,1.);
#3462 = DIRECTION('',(-0.,1.,-1.367161731532E-16));
#3463 = ORIENTED_EDGE('',*,*,#3464,.T.);
#3464 = EDGE_CURVE('',#3457,#3465,#3467,.T.);
#3465 = VERTEX_POINT('',#3466);
#3466 = CARTESIAN_POINT('',(4.,0.325,2.85));
#3467 = LINE('',#3468,#3469);
#3468 = CARTESIAN_POINT('',(4.,1.4,0.7));
#3469 = VECTOR('',#3470,1.);
#3470 = DIRECTION('',(0.,-0.4472135955,0.894427191));
#3471 = ORIENTED_EDGE('',*,*,#3472,.T.);
#3472 = EDGE_CURVE('',#3465,#1183,#3473,.T.);
#3473 = LINE('',#3474,#3475);
#3474 = CARTESIAN_POINT('',(4.,9.881980486709E-17,2.85));
#3475 = VECTOR('',#3476,1.);
#3476 = DIRECTION('',(-5.10212787052E-17,-1.,8.569489444804E-17));
#3477 = ORIENTED_EDGE('',*,*,#1182,.T.);
#3478 = PLANE('',#3479);
#3479 = AXIS2_PLACEMENT_3D('',#3480,#3481,#3482);
#3480 = CARTESIAN_POINT('',(4.,0.,0.));
#3481 = DIRECTION('',(-1.,0.,0.));
#3482 = DIRECTION('',(0.,-1.,1.367161731532E-16));
#3483 = ADVANCED_FACE('',(#3484),#3550,.F.);
#3484 = FACE_BOUND('',#3485,.F.);
#3485 = EDGE_LOOP('',(#3486,#3496,#3504,#3510,#3511,#3512,#3520,#3528,
    #3536,#3544));
#3486 = ORIENTED_EDGE('',*,*,#3487,.T.);
#3487 = EDGE_CURVE('',#3488,#3490,#3492,.T.);
#3488 = VERTEX_POINT('',#3489);
#3489 = CARTESIAN_POINT('',(3.7,-0.975,0.22));
#3490 = VERTEX_POINT('',#3491);
#3491 = CARTESIAN_POINT('',(3.775,-0.975,0.22));
#3492 = LINE('',#3493,#3494);
#3493 = CARTESIAN_POINT('',(3.5,-0.975,0.22));
#3494 = VECTOR('',#3495,1.);
#3495 = DIRECTION('',(1.,0.,0.));
#3496 = ORIENTED_EDGE('',*,*,#3497,.T.);
#3497 = EDGE_CURVE('',#3490,#3498,#3500,.T.);
#3498 = VERTEX_POINT('',#3499);
#3499 = CARTESIAN_POINT('',(3.775,-0.975,0.55));
#3500 = LINE('',#3501,#3502);
#3501 = CARTESIAN_POINT('',(3.775,-0.975,1.332982688244E-16));
#3502 = VECTOR('',#3503,1.);
#3503 = DIRECTION('',(0.,1.367161731532E-16,1.));
#3504 = ORIENTED_EDGE('',*,*,#3505,.T.);
#3505 = EDGE_CURVE('',#3498,#3417,#3506,.T.);
#3506 = LINE('',#3507,#3508);
#3507 = CARTESIAN_POINT('',(3.5,-0.975,0.55));
#3508 = VECTOR('',#3509,1.);
#3509 = DIRECTION('',(1.,0.,0.));
#3510 = ORIENTED_EDGE('',*,*,#3424,.F.);
#3511 = ORIENTED_EDGE('',*,*,#895,.F.);
#3512 = ORIENTED_EDGE('',*,*,#3513,.F.);
#3513 = EDGE_CURVE('',#3514,#896,#3516,.T.);
#3514 = VERTEX_POINT('',#3515);
#3515 = CARTESIAN_POINT('',(3.425,-0.975,0.32));
#3516 = LINE('',#3517,#3518);
#3517 = CARTESIAN_POINT('',(3.425,-0.975,0.32));
#3518 = VECTOR('',#3519,1.);
#3519 = DIRECTION('',(-0.707106781187,-9.667293313453E-17,
    -0.707106781187));
#3520 = ORIENTED_EDGE('',*,*,#3521,.F.);
#3521 = EDGE_CURVE('',#3522,#3514,#3524,.T.);
#3522 = VERTEX_POINT('',#3523);
#3523 = CARTESIAN_POINT('',(3.5,-0.975,0.32));
#3524 = LINE('',#3525,#3526);
#3525 = CARTESIAN_POINT('',(3.5,-0.975,0.32));
#3526 = VECTOR('',#3527,1.);
#3527 = DIRECTION('',(-1.,-0.,0.));
#3528 = ORIENTED_EDGE('',*,*,#3529,.T.);
#3529 = EDGE_CURVE('',#3522,#3530,#3532,.T.);
#3530 = VERTEX_POINT('',#3531);
#3531 = CARTESIAN_POINT('',(3.5,-0.975,0.175));
#3532 = LINE('',#3533,#3534);
#3533 = CARTESIAN_POINT('',(3.5,-0.975,1.332982688244E-16));
#3534 = VECTOR('',#3535,1.);
#3535 = DIRECTION('',(0.,-1.367161731532E-16,-1.));
#3536 = ORIENTED_EDGE('',*,*,#3537,.T.);
#3537 = EDGE_CURVE('',#3530,#3538,#3540,.T.);
#3538 = VERTEX_POINT('',#3539);
#3539 = CARTESIAN_POINT('',(3.7,-0.975,0.175));
#3540 = LINE('',#3541,#3542);
#3541 = CARTESIAN_POINT('',(3.7,-0.975,0.175));
#3542 = VECTOR('',#3543,1.);
#3543 = DIRECTION('',(1.,0.,0.));
#3544 = ORIENTED_EDGE('',*,*,#3545,.T.);
#3545 = EDGE_CURVE('',#3538,#3488,#3546,.T.);
#3546 = LINE('',#3547,#3548);
#3547 = CARTESIAN_POINT('',(3.7,-0.975,1.332982688244E-16));
#3548 = VECTOR('',#3549,1.);
#3549 = DIRECTION('',(0.,1.367161731532E-16,1.));
#3550 = PLANE('',#3551);
#3551 = AXIS2_PLACEMENT_3D('',#3552,#3553,#3554);
#3552 = CARTESIAN_POINT('',(3.5,-0.975,1.332982688244E-16));
#3553 = DIRECTION('',(0.,1.,-1.367161731532E-16));
#3554 = DIRECTION('',(-1.,0.,0.));
#3555 = ADVANCED_FACE('',(#3556),#3567,.F.);
#3556 = FACE_BOUND('',#3557,.T.);
#3557 = EDGE_LOOP('',(#3558,#3559,#3560,#3561));
#3558 = ORIENTED_EDGE('',*,*,#1270,.T.);
#3559 = ORIENTED_EDGE('',*,*,#903,.T.);
#3560 = ORIENTED_EDGE('',*,*,#3513,.F.);
#3561 = ORIENTED_EDGE('',*,*,#3562,.F.);
#3562 = EDGE_CURVE('',#1271,#3514,#3563,.T.);
#3563 = LINE('',#3564,#3565);
#3564 = CARTESIAN_POINT('',(3.425,-0.70458365434,0.32));
#3565 = VECTOR('',#3566,1.);
#3566 = DIRECTION('',(-0.,1.,-1.367161731532E-16));
#3567 = PLANE('',#3568);
#3568 = AXIS2_PLACEMENT_3D('',#3569,#3570,#3571);
#3569 = CARTESIAN_POINT('',(3.425,-0.70458365434,0.32));
#3570 = DIRECTION('',(-0.707106781187,9.667293313453E-17,0.707106781187)
  );
#3571 = DIRECTION('',(-0.707106781187,-9.667293313453E-17,
    -0.707106781187));
#3572 = ADVANCED_FACE('',(#3573),#3591,.T.);
#3573 = FACE_BOUND('',#3574,.T.);
#3574 = EDGE_LOOP('',(#3575,#3576,#3577,#3585));
#3575 = ORIENTED_EDGE('',*,*,#919,.T.);
#3576 = ORIENTED_EDGE('',*,*,#1263,.T.);
#3577 = ORIENTED_EDGE('',*,*,#3578,.T.);
#3578 = EDGE_CURVE('',#1256,#3579,#3581,.T.);
#3579 = VERTEX_POINT('',#3580);
#3580 = CARTESIAN_POINT('',(3.2,0.775,5.E-02));
#3581 = LINE('',#3582,#3583);
#3582 = CARTESIAN_POINT('',(3.2,0.775,5.E-02));
#3583 = VECTOR('',#3584,1.);
#3584 = DIRECTION('',(0.,1.,-1.370092665969E-17));
#3585 = ORIENTED_EDGE('',*,*,#3586,.T.);
#3586 = EDGE_CURVE('',#3579,#920,#3587,.T.);
#3587 = LINE('',#3588,#3589);
#3588 = CARTESIAN_POINT('',(3.2,0.775,-1.059550341938E-16));
#3589 = VECTOR('',#3590,1.);
#3590 = DIRECTION('',(0.,1.367161731532E-16,1.));
#3591 = PLANE('',#3592);
#3592 = AXIS2_PLACEMENT_3D('',#3593,#3594,#3595);
#3593 = CARTESIAN_POINT('',(3.2,0.,0.));
#3594 = DIRECTION('',(1.,0.,0.));
#3595 = DIRECTION('',(0.,1.,-1.367161731532E-16));
#3596 = ADVANCED_FACE('',(#3597),#3615,.F.);
#3597 = FACE_BOUND('',#3598,.T.);
#3598 = EDGE_LOOP('',(#3599,#3600,#3601,#3609));
#3599 = ORIENTED_EDGE('',*,*,#927,.T.);
#3600 = ORIENTED_EDGE('',*,*,#3586,.F.);
#3601 = ORIENTED_EDGE('',*,*,#3602,.T.);
#3602 = EDGE_CURVE('',#3579,#3603,#3605,.T.);
#3603 = VERTEX_POINT('',#3604);
#3604 = CARTESIAN_POINT('',(-3.2,0.775,5.E-02));
#3605 = LINE('',#3606,#3607);
#3606 = CARTESIAN_POINT('',(4.,0.775,5.E-02));
#3607 = VECTOR('',#3608,1.);
#3608 = DIRECTION('',(-1.,0.,-0.));
#3609 = ORIENTED_EDGE('',*,*,#3610,.F.);
#3610 = EDGE_CURVE('',#928,#3603,#3611,.T.);
#3611 = LINE('',#3612,#3613);
#3612 = CARTESIAN_POINT('',(-3.2,0.775,-1.059550341938E-16));
#3613 = VECTOR('',#3614,1.);
#3614 = DIRECTION('',(0.,-1.367161731532E-16,-1.));
#3615 = PLANE('',#3616);
#3616 = AXIS2_PLACEMENT_3D('',#3617,#3618,#3619);
#3617 = CARTESIAN_POINT('',(4.,0.775,5.E-02));
#3618 = DIRECTION('',(0.,-1.,1.367161731532E-16));
#3619 = DIRECTION('',(1.,0.,0.));
#3620 = ADVANCED_FACE('',(#3621),#3632,.T.);
#3621 = FACE_BOUND('',#3622,.T.);
#3622 = EDGE_LOOP('',(#3623,#3624,#3625,#3631));
#3623 = ORIENTED_EDGE('',*,*,#935,.T.);
#3624 = ORIENTED_EDGE('',*,*,#3610,.T.);
#3625 = ORIENTED_EDGE('',*,*,#3626,.T.);
#3626 = EDGE_CURVE('',#3603,#1248,#3627,.T.);
#3627 = LINE('',#3628,#3629);
#3628 = CARTESIAN_POINT('',(-3.2,6.835808657662E-18,5.E-02));
#3629 = VECTOR('',#3630,1.);
#3630 = DIRECTION('',(0.,-1.,1.367161731532E-16));
#3631 = ORIENTED_EDGE('',*,*,#1247,.T.);
#3632 = PLANE('',#3633);
#3633 = AXIS2_PLACEMENT_3D('',#3634,#3635,#3636);
#3634 = CARTESIAN_POINT('',(-3.2,0.,0.));
#3635 = DIRECTION('',(-1.,0.,0.));
#3636 = DIRECTION('',(0.,-1.,1.367161731532E-16));
#3637 = ADVANCED_FACE('',(#3638),#3665,.F.);
#3638 = FACE_BOUND('',#3639,.T.);
#3639 = EDGE_LOOP('',(#3640,#3641,#3642,#3643,#3651,#3659));
#3640 = ORIENTED_EDGE('',*,*,#1922,.T.);
#3641 = ORIENTED_EDGE('',*,*,#959,.T.);
#3642 = ORIENTED_EDGE('',*,*,#1071,.F.);
#3643 = ORIENTED_EDGE('',*,*,#3644,.T.);
#3644 = EDGE_CURVE('',#1064,#3645,#3647,.T.);
#3645 = VERTEX_POINT('',#3646);
#3646 = CARTESIAN_POINT('',(-3.5,1.775,1.45));
#3647 = LINE('',#3648,#3649);
#3648 = CARTESIAN_POINT('',(-3.5,1.775,1.45));
#3649 = VECTOR('',#3650,1.);
#3650 = DIRECTION('',(1.,0.,0.));
#3651 = ORIENTED_EDGE('',*,*,#3652,.F.);
#3652 = EDGE_CURVE('',#3653,#3645,#3655,.T.);
#3653 = VERTEX_POINT('',#3654);
#3654 = CARTESIAN_POINT('',(-3.5,1.775,2.45));
#3655 = LINE('',#3656,#3657);
#3656 = CARTESIAN_POINT('',(-3.5,1.775,-2.42671207347E-16));
#3657 = VECTOR('',#3658,1.);
#3658 = DIRECTION('',(0.,-1.367161731532E-16,-1.));
#3659 = ORIENTED_EDGE('',*,*,#3660,.T.);
#3660 = EDGE_CURVE('',#3653,#1898,#3661,.T.);
#3661 = LINE('',#3662,#3663);
#3662 = CARTESIAN_POINT('',(-4.,1.775,2.45));
#3663 = VECTOR('',#3664,1.);
#3664 = DIRECTION('',(1.,0.,0.));
#3665 = PLANE('',#3666);
#3666 = AXIS2_PLACEMENT_3D('',#3667,#3668,#3669);
#3667 = CARTESIAN_POINT('',(4.,1.775,0.17));
#3668 = DIRECTION('',(0.,-1.,1.367161731532E-16));
#3669 = DIRECTION('',(1.,0.,0.));
#3670 = ADVANCED_FACE('',(#3671),#3683,.T.);
#3671 = FACE_BOUND('',#3672,.T.);
#3672 = EDGE_LOOP('',(#3673,#3674,#3675,#3676,#3682));
#3673 = ORIENTED_EDGE('',*,*,#1007,.F.);
#3674 = ORIENTED_EDGE('',*,*,#1548,.T.);
#3675 = ORIENTED_EDGE('',*,*,#1579,.F.);
#3676 = ORIENTED_EDGE('',*,*,#3677,.T.);
#3677 = EDGE_CURVE('',#1572,#1214,#3678,.T.);
#3678 = LINE('',#3679,#3680);
#3679 = CARTESIAN_POINT('',(-3.5,-2.375,1.25));
#3680 = VECTOR('',#3681,1.);
#3681 = DIRECTION('',(0.,-0.707106781187,0.707106781187));
#3682 = ORIENTED_EDGE('',*,*,#1213,.T.);
#3683 = PLANE('',#3684);
#3684 = AXIS2_PLACEMENT_3D('',#3685,#3686,#3687);
#3685 = CARTESIAN_POINT('',(-3.5,-2.375,1.25));
#3686 = DIRECTION('',(0.,-0.707106781187,-0.707106781187));
#3687 = DIRECTION('',(0.,0.707106781187,-0.707106781187));
#3688 = ADVANCED_FACE('',(#3689),#3707,.T.);
#3689 = FACE_BOUND('',#3690,.T.);
#3690 = EDGE_LOOP('',(#3691,#3692,#3700,#3706));
#3691 = ORIENTED_EDGE('',*,*,#1206,.T.);
#3692 = ORIENTED_EDGE('',*,*,#3693,.T.);
#3693 = EDGE_CURVE('',#1199,#3694,#3696,.T.);
#3694 = VERTEX_POINT('',#3695);
#3695 = CARTESIAN_POINT('',(-3.9,0.275,2.95));
#3696 = LINE('',#3697,#3698);
#3697 = CARTESIAN_POINT('',(-3.9,1.775,2.95));
#3698 = VECTOR('',#3699,1.);
#3699 = DIRECTION('',(0.,1.,-3.467361574284E-17));
#3700 = ORIENTED_EDGE('',*,*,#3701,.F.);
#3701 = EDGE_CURVE('',#1024,#3694,#3702,.T.);
#3702 = LINE('',#3703,#3704);
#3703 = CARTESIAN_POINT('',(-4.,0.325,2.85));
#3704 = VECTOR('',#3705,1.);
#3705 = DIRECTION('',(0.666666666667,-0.333333333333,0.666666666667));
#3706 = ORIENTED_EDGE('',*,*,#1023,.T.);
#3707 = PLANE('',#3708);
#3708 = AXIS2_PLACEMENT_3D('',#3709,#3710,#3711);
#3709 = CARTESIAN_POINT('',(-3.9,1.775,2.95));
#3710 = DIRECTION('',(-0.707106781187,2.451794882002E-17,0.707106781187)
  );
#3711 = DIRECTION('',(-0.707106781187,-9.667293313453E-17,
    -0.707106781187));
#3712 = ADVANCED_FACE('',(#3713),#3739,.T.);
#3713 = FACE_BOUND('',#3714,.T.);
#3714 = EDGE_LOOP('',(#3715,#3725,#3731,#3732,#3733));
#3715 = ORIENTED_EDGE('',*,*,#3716,.T.);
#3716 = EDGE_CURVE('',#3717,#3719,#3721,.T.);
#3717 = VERTEX_POINT('',#3718);
#3718 = CARTESIAN_POINT('',(-3.7,0.275,2.95));
#3719 = VERTEX_POINT('',#3720);
#3720 = CARTESIAN_POINT('',(-3.7,0.525,2.45));
#3721 = LINE('',#3722,#3723);
#3722 = CARTESIAN_POINT('',(-3.7,1.4,0.7));
#3723 = VECTOR('',#3724,1.);
#3724 = DIRECTION('',(-0.,0.4472135955,-0.894427191));
#3725 = ORIENTED_EDGE('',*,*,#3726,.T.);
#3726 = EDGE_CURVE('',#3719,#1032,#3727,.T.);
#3727 = LINE('',#3728,#3729);
#3728 = CARTESIAN_POINT('',(-3.5,0.525,2.45));
#3729 = VECTOR('',#3730,1.);
#3730 = DIRECTION('',(-1.,0.,0.));
#3731 = ORIENTED_EDGE('',*,*,#1031,.T.);
#3732 = ORIENTED_EDGE('',*,*,#3701,.T.);
#3733 = ORIENTED_EDGE('',*,*,#3734,.T.);
#3734 = EDGE_CURVE('',#3694,#3717,#3735,.T.);
#3735 = LINE('',#3736,#3737);
#3736 = CARTESIAN_POINT('',(4.,0.275,2.95));
#3737 = VECTOR('',#3738,1.);
#3738 = DIRECTION('',(1.,0.,0.));
#3739 = PLANE('',#3740);
#3740 = AXIS2_PLACEMENT_3D('',#3741,#3742,#3743);
#3741 = CARTESIAN_POINT('',(-3.5,1.4,0.7));
#3742 = DIRECTION('',(0.,0.894427191,0.4472135955));
#3743 = DIRECTION('',(0.,-0.4472135955,0.894427191));
#3744 = ADVANCED_FACE('',(#3745),#3763,.F.);
#3745 = FACE_BOUND('',#3746,.T.);
#3746 = EDGE_LOOP('',(#3747,#3755,#3761,#3762));
#3747 = ORIENTED_EDGE('',*,*,#3748,.T.);
#3748 = EDGE_CURVE('',#3719,#3749,#3751,.T.);
#3749 = VERTEX_POINT('',#3750);
#3750 = CARTESIAN_POINT('',(-3.7,1.125,2.45));
#3751 = LINE('',#3752,#3753);
#3752 = CARTESIAN_POINT('',(-3.7,1.775,2.45));
#3753 = VECTOR('',#3754,1.);
#3754 = DIRECTION('',(-0.,1.,-1.367161731532E-16));
#3755 = ORIENTED_EDGE('',*,*,#3756,.F.);
#3756 = EDGE_CURVE('',#1040,#3749,#3757,.T.);
#3757 = LINE('',#3758,#3759);
#3758 = CARTESIAN_POINT('',(-3.5,1.125,2.45));
#3759 = VECTOR('',#3760,1.);
#3760 = DIRECTION('',(1.,0.,0.));
#3761 = ORIENTED_EDGE('',*,*,#1039,.F.);
#3762 = ORIENTED_EDGE('',*,*,#3726,.F.);
#3763 = PLANE('',#3764);
#3764 = AXIS2_PLACEMENT_3D('',#3765,#3766,#3767);
#3765 = CARTESIAN_POINT('',(-3.5,-1.435908924168E-15,2.45));
#3766 = DIRECTION('',(0.,5.860852751704E-16,-1.));
#3767 = DIRECTION('',(0.,1.,5.860852751704E-16));
#3768 = ADVANCED_FACE('',(#3769),#3787,.F.);
#3769 = FACE_BOUND('',#3770,.T.);
#3770 = EDGE_LOOP('',(#3771,#3779,#3785,#3786));
#3771 = ORIENTED_EDGE('',*,*,#3772,.T.);
#3772 = EDGE_CURVE('',#3749,#3773,#3775,.T.);
#3773 = VERTEX_POINT('',#3774);
#3774 = CARTESIAN_POINT('',(-3.7,1.175,2.4));
#3775 = LINE('',#3776,#3777);
#3776 = CARTESIAN_POINT('',(-3.7,1.125,2.45));
#3777 = VECTOR('',#3778,1.);
#3778 = DIRECTION('',(0.,0.707106781187,-0.707106781187));
#3779 = ORIENTED_EDGE('',*,*,#3780,.T.);
#3780 = EDGE_CURVE('',#3773,#1048,#3781,.T.);
#3781 = LINE('',#3782,#3783);
#3782 = CARTESIAN_POINT('',(-3.5,1.175,2.4));
#3783 = VECTOR('',#3784,1.);
#3784 = DIRECTION('',(-1.,-0.,0.));
#3785 = ORIENTED_EDGE('',*,*,#1047,.F.);
#3786 = ORIENTED_EDGE('',*,*,#3756,.T.);
#3787 = PLANE('',#3788);
#3788 = AXIS2_PLACEMENT_3D('',#3789,#3790,#3791);
#3789 = CARTESIAN_POINT('',(-3.5,1.7875,1.7875));
#3790 = DIRECTION('',(0.,-0.707106781187,-0.707106781187));
#3791 = DIRECTION('',(0.,0.707106781187,-0.707106781187));
#3792 = ADVANCED_FACE('',(#3793),#3811,.F.);
#3793 = FACE_BOUND('',#3794,.T.);
#3794 = EDGE_LOOP('',(#3795,#3803,#3809,#3810));
#3795 = ORIENTED_EDGE('',*,*,#3796,.T.);
#3796 = EDGE_CURVE('',#3773,#3797,#3799,.T.);
#3797 = VERTEX_POINT('',#3798);
#3798 = CARTESIAN_POINT('',(-3.7,1.175,1.45));
#3799 = LINE('',#3800,#3801);
#3800 = CARTESIAN_POINT('',(-3.7,1.175,2.95));
#3801 = VECTOR('',#3802,1.);
#3802 = DIRECTION('',(0.,-1.367161731532E-16,-1.));
#3803 = ORIENTED_EDGE('',*,*,#3804,.T.);
#3804 = EDGE_CURVE('',#3797,#1056,#3805,.T.);
#3805 = LINE('',#3806,#3807);
#3806 = CARTESIAN_POINT('',(-3.5,1.175,1.45));
#3807 = VECTOR('',#3808,1.);
#3808 = DIRECTION('',(-1.,0.,-0.));
#3809 = ORIENTED_EDGE('',*,*,#1055,.F.);
#3810 = ORIENTED_EDGE('',*,*,#3780,.F.);
#3811 = PLANE('',#3812);
#3812 = AXIS2_PLACEMENT_3D('',#3813,#3814,#3815);
#3813 = CARTESIAN_POINT('',(-3.5,1.175,-1.606415034551E-16));
#3814 = DIRECTION('',(0.,-1.,1.367161731532E-16));
#3815 = DIRECTION('',(1.,0.,0.));
#3816 = ADVANCED_FACE('',(#3817),#3844,.F.);
#3817 = FACE_BOUND('',#3818,.T.);
#3818 = EDGE_LOOP('',(#3819,#3827,#3835,#3841,#3842,#3843));
#3819 = ORIENTED_EDGE('',*,*,#3820,.T.);
#3820 = EDGE_CURVE('',#3797,#3821,#3823,.T.);
#3821 = VERTEX_POINT('',#3822);
#3822 = CARTESIAN_POINT('',(-3.7,0.275,1.45));
#3823 = LINE('',#3824,#3825);
#3824 = CARTESIAN_POINT('',(-3.7,1.775,1.45));
#3825 = VECTOR('',#3826,1.);
#3826 = DIRECTION('',(0.,-1.,1.367161731532E-16));
#3827 = ORIENTED_EDGE('',*,*,#3828,.F.);
#3828 = EDGE_CURVE('',#3829,#3821,#3831,.T.);
#3829 = VERTEX_POINT('',#3830);
#3830 = CARTESIAN_POINT('',(-3.5,0.275,1.45));
#3831 = LINE('',#3832,#3833);
#3832 = CARTESIAN_POINT('',(0.,0.275,1.45));
#3833 = VECTOR('',#3834,1.);
#3834 = DIRECTION('',(-1.,0.,0.));
#3835 = ORIENTED_EDGE('',*,*,#3836,.F.);
#3836 = EDGE_CURVE('',#3645,#3829,#3837,.T.);
#3837 = LINE('',#3838,#3839);
#3838 = CARTESIAN_POINT('',(-3.5,1.982384510722E-16,1.45));
#3839 = VECTOR('',#3840,1.);
#3840 = DIRECTION('',(0.,-1.,1.367161731532E-16));
#3841 = ORIENTED_EDGE('',*,*,#3644,.F.);
#3842 = ORIENTED_EDGE('',*,*,#1063,.F.);
#3843 = ORIENTED_EDGE('',*,*,#3804,.F.);
#3844 = PLANE('',#3845);
#3845 = AXIS2_PLACEMENT_3D('',#3846,#3847,#3848);
#3846 = CARTESIAN_POINT('',(-3.5,-3.257925989625E-16,1.45));
#3847 = DIRECTION('',(0.,2.246845510086E-16,-1.));
#3848 = DIRECTION('',(0.,1.,2.246845510086E-16));
#3849 = ADVANCED_FACE('',(#3850),#3856,.F.);
#3850 = FACE_BOUND('',#3851,.T.);
#3851 = EDGE_LOOP('',(#3852,#3853,#3854,#3855));
#3852 = ORIENTED_EDGE('',*,*,#1085,.F.);
#3853 = ORIENTED_EDGE('',*,*,#1132,.T.);
#3854 = ORIENTED_EDGE('',*,*,#1156,.T.);
#3855 = ORIENTED_EDGE('',*,*,#1447,.T.);
#3856 = PLANE('',#3857);
#3857 = AXIS2_PLACEMENT_3D('',#3858,#3859,#3860);
#3858 = CARTESIAN_POINT('',(0.,-0.9,1.230445558379E-16));
#3859 = DIRECTION('',(0.,1.,-1.367161731532E-16));
#3860 = DIRECTION('',(-1.,0.,0.));
#3861 = ADVANCED_FACE('',(#3862),#3888,.F.);
#3862 = FACE_BOUND('',#3863,.T.);
#3863 = EDGE_LOOP('',(#3864,#3872,#3873,#3874,#3882));
#3864 = ORIENTED_EDGE('',*,*,#3865,.F.);
#3865 = EDGE_CURVE('',#3385,#3866,#3868,.T.);
#3866 = VERTEX_POINT('',#3867);
#3867 = CARTESIAN_POINT('',(3.7,-2.375,1.25));
#3868 = LINE('',#3869,#3870);
#3869 = CARTESIAN_POINT('',(4.,-2.375,1.25));
#3870 = VECTOR('',#3871,1.);
#3871 = DIRECTION('',(-1.,0.,0.));
#3872 = ORIENTED_EDGE('',*,*,#3384,.F.);
#3873 = ORIENTED_EDGE('',*,*,#1172,.T.);
#3874 = ORIENTED_EDGE('',*,*,#3875,.F.);
#3875 = EDGE_CURVE('',#3876,#1175,#3878,.T.);
#3876 = VERTEX_POINT('',#3877);
#3877 = CARTESIAN_POINT('',(3.5,-2.375,1.25));
#3878 = LINE('',#3879,#3880);
#3879 = CARTESIAN_POINT('',(3.5,-2.375,1.25));
#3880 = VECTOR('',#3881,1.);
#3881 = DIRECTION('',(0.,-0.707106781187,0.707106781187));
#3882 = ORIENTED_EDGE('',*,*,#3883,.F.);
#3883 = EDGE_CURVE('',#3866,#3876,#3884,.T.);
#3884 = LINE('',#3885,#3886);
#3885 = CARTESIAN_POINT('',(3.7,-2.375,1.25));
#3886 = VECTOR('',#3887,1.);
#3887 = DIRECTION('',(-1.,-0.,0.));
#3888 = PLANE('',#3889);
#3889 = AXIS2_PLACEMENT_3D('',#3890,#3891,#3892);
#3890 = CARTESIAN_POINT('',(4.,-2.475,1.35));
#3891 = DIRECTION('',(0.,0.707106781187,0.707106781187));
#3892 = DIRECTION('',(0.,-0.707106781187,0.707106781187));
#3893 = ADVANCED_FACE('',(#3894),#3912,.F.);
#3894 = FACE_BOUND('',#3895,.T.);
#3895 = EDGE_LOOP('',(#3896,#3904,#3905,#3906));
#3896 = ORIENTED_EDGE('',*,*,#3897,.T.);
#3897 = EDGE_CURVE('',#3898,#1191,#3900,.T.);
#3898 = VERTEX_POINT('',#3899);
#3899 = CARTESIAN_POINT('',(3.9,0.275,2.95));
#3900 = LINE('',#3901,#3902);
#3901 = CARTESIAN_POINT('',(3.9,1.775,2.95));
#3902 = VECTOR('',#3903,1.);
#3903 = DIRECTION('',(0.,-1.,3.467361574284E-17));
#3904 = ORIENTED_EDGE('',*,*,#1190,.T.);
#3905 = ORIENTED_EDGE('',*,*,#3472,.F.);
#3906 = ORIENTED_EDGE('',*,*,#3907,.F.);
#3907 = EDGE_CURVE('',#3898,#3465,#3908,.T.);
#3908 = LINE('',#3909,#3910);
#3909 = CARTESIAN_POINT('',(3.9,0.275,2.95));
#3910 = VECTOR('',#3911,1.);
#3911 = DIRECTION('',(0.666666666667,0.333333333333,-0.666666666667));
#3912 = PLANE('',#3913);
#3913 = AXIS2_PLACEMENT_3D('',#3914,#3915,#3916);
#3914 = CARTESIAN_POINT('',(4.,9.881980486709E-17,2.85));
#3915 = DIRECTION('',(-0.707106781187,-2.451794882002E-17,
    -0.707106781187));
#3916 = DIRECTION('',(0.707106781187,-9.667293313453E-17,-0.707106781187
    ));
#3917 = ADVANCED_FACE('',(#3918),#3970,.F.);
#3918 = FACE_BOUND('',#3919,.T.);
#3919 = EDGE_LOOP('',(#3920,#3930,#3938,#3944,#3945,#3946,#3947,#3948,
    #3956,#3964));
#3920 = ORIENTED_EDGE('',*,*,#3921,.F.);
#3921 = EDGE_CURVE('',#3922,#3924,#3926,.T.);
#3922 = VERTEX_POINT('',#3923);
#3923 = CARTESIAN_POINT('',(-3.45,1.175,2.95));
#3924 = VERTEX_POINT('',#3925);
#3925 = CARTESIAN_POINT('',(3.45,1.175,2.95));
#3926 = LINE('',#3927,#3928);
#3927 = CARTESIAN_POINT('',(4.,1.175,2.95));
#3928 = VECTOR('',#3929,1.);
#3929 = DIRECTION('',(1.,0.,0.));
#3930 = ORIENTED_EDGE('',*,*,#3931,.F.);
#3931 = EDGE_CURVE('',#3932,#3922,#3934,.T.);
#3932 = VERTEX_POINT('',#3933);
#3933 = CARTESIAN_POINT('',(-3.45,0.275,2.95));
#3934 = LINE('',#3935,#3936);
#3935 = CARTESIAN_POINT('',(-3.45,1.775,2.95));
#3936 = VECTOR('',#3937,1.);
#3937 = DIRECTION('',(0.,1.,-3.467361574284E-17));
#3938 = ORIENTED_EDGE('',*,*,#3939,.F.);
#3939 = EDGE_CURVE('',#3717,#3932,#3940,.T.);
#3940 = LINE('',#3941,#3942);
#3941 = CARTESIAN_POINT('',(4.,0.275,2.95));
#3942 = VECTOR('',#3943,1.);
#3943 = DIRECTION('',(1.,0.,0.));
#3944 = ORIENTED_EDGE('',*,*,#3734,.F.);
#3945 = ORIENTED_EDGE('',*,*,#3693,.F.);
#3946 = ORIENTED_EDGE('',*,*,#1198,.F.);
#3947 = ORIENTED_EDGE('',*,*,#3897,.F.);
#3948 = ORIENTED_EDGE('',*,*,#3949,.F.);
#3949 = EDGE_CURVE('',#3950,#3898,#3952,.T.);
#3950 = VERTEX_POINT('',#3951);
#3951 = CARTESIAN_POINT('',(3.7,0.275,2.95));
#3952 = LINE('',#3953,#3954);
#3953 = CARTESIAN_POINT('',(4.,0.275,2.95));
#3954 = VECTOR('',#3955,1.);
#3955 = DIRECTION('',(1.,0.,0.));
#3956 = ORIENTED_EDGE('',*,*,#3957,.F.);
#3957 = EDGE_CURVE('',#3958,#3950,#3960,.T.);
#3958 = VERTEX_POINT('',#3959);
#3959 = CARTESIAN_POINT('',(3.45,0.275,2.95));
#3960 = LINE('',#3961,#3962);
#3961 = CARTESIAN_POINT('',(4.,0.275,2.95));
#3962 = VECTOR('',#3963,1.);
#3963 = DIRECTION('',(1.,0.,0.));
#3964 = ORIENTED_EDGE('',*,*,#3965,.F.);
#3965 = EDGE_CURVE('',#3924,#3958,#3966,.T.);
#3966 = LINE('',#3967,#3968);
#3967 = CARTESIAN_POINT('',(3.45,1.775,2.95));
#3968 = VECTOR('',#3969,1.);
#3969 = DIRECTION('',(0.,-1.,3.467361574284E-17));
#3970 = PLANE('',#3971);
#3971 = AXIS2_PLACEMENT_3D('',#3972,#3973,#3974);
#3972 = CARTESIAN_POINT('',(4.,1.775,2.95));
#3973 = DIRECTION('',(0.,-3.467361574284E-17,-1.));
#3974 = DIRECTION('',(0.,1.,-3.467361574284E-17));
#3975 = ADVANCED_FACE('',(#3976),#3992,.T.);
#3976 = FACE_BOUND('',#3977,.T.);
#3977 = EDGE_LOOP('',(#3978,#3979,#3980,#3981,#3982,#3983,#3984,#3985,
    #3986,#3987,#3988,#3989,#3990,#3991));
#3978 = ORIENTED_EDGE('',*,*,#1237,.T.);
#3979 = ORIENTED_EDGE('',*,*,#1619,.F.);
#3980 = ORIENTED_EDGE('',*,*,#1634,.T.);
#3981 = ORIENTED_EDGE('',*,*,#1668,.F.);
#3982 = ORIENTED_EDGE('',*,*,#1683,.T.);
#3983 = ORIENTED_EDGE('',*,*,#1718,.T.);
#3984 = ORIENTED_EDGE('',*,*,#1741,.F.);
#3985 = ORIENTED_EDGE('',*,*,#1766,.F.);
#3986 = ORIENTED_EDGE('',*,*,#1790,.F.);
#3987 = ORIENTED_EDGE('',*,*,#1815,.F.);
#3988 = ORIENTED_EDGE('',*,*,#1830,.T.);
#3989 = ORIENTED_EDGE('',*,*,#1864,.F.);
#3990 = ORIENTED_EDGE('',*,*,#1879,.T.);
#3991 = ORIENTED_EDGE('',*,*,#1432,.F.);
#3992 = PLANE('',#3993);
#3993 = AXIS2_PLACEMENT_3D('',#3994,#3995,#3996);
#3994 = CARTESIAN_POINT('',(-3.5,0.,0.));
#3995 = DIRECTION('',(-1.,0.,0.));
#3996 = DIRECTION('',(0.,-1.,1.367161731532E-16));
#3997 = ADVANCED_FACE('',(#3998),#4003,.T.);
#3998 = FACE_BOUND('',#3999,.T.);
#3999 = EDGE_LOOP('',(#4000,#4001,#4002));
#4000 = ORIENTED_EDGE('',*,*,#3677,.F.);
#4001 = ORIENTED_EDGE('',*,*,#1571,.F.);
#4002 = ORIENTED_EDGE('',*,*,#1221,.T.);
#4003 = PLANE('',#4004);
#4004 = AXIS2_PLACEMENT_3D('',#4005,#4006,#4007);
#4005 = CARTESIAN_POINT('',(-3.5,0.,0.));
#4006 = DIRECTION('',(-1.,0.,0.));
#4007 = DIRECTION('',(0.,-1.,1.367161731532E-16));
#4008 = ADVANCED_FACE('',(#4009),#4015,.F.);
#4009 = FACE_BOUND('',#4010,.T.);
#4010 = EDGE_LOOP('',(#4011,#4012,#4013,#4014));
#4011 = ORIENTED_EDGE('',*,*,#3602,.F.);
#4012 = ORIENTED_EDGE('',*,*,#3578,.F.);
#4013 = ORIENTED_EDGE('',*,*,#1255,.T.);
#4014 = ORIENTED_EDGE('',*,*,#3626,.F.);
#4015 = PLANE('',#4016);
#4016 = AXIS2_PLACEMENT_3D('',#4017,#4018,#4019);
#4017 = CARTESIAN_POINT('',(4.,0.775,5.E-02));
#4018 = DIRECTION('',(0.,1.370092665969E-17,1.));
#4019 = DIRECTION('',(0.,-1.,1.370092665969E-17));
#4020 = ADVANCED_FACE('',(#4021),#4032,.F.);
#4021 = FACE_BOUND('',#4022,.T.);
#4022 = EDGE_LOOP('',(#4023,#4024,#4025,#4026));
#4023 = ORIENTED_EDGE('',*,*,#1278,.T.);
#4024 = ORIENTED_EDGE('',*,*,#3562,.T.);
#4025 = ORIENTED_EDGE('',*,*,#3521,.F.);
#4026 = ORIENTED_EDGE('',*,*,#4027,.F.);
#4027 = EDGE_CURVE('',#1279,#3522,#4028,.T.);
#4028 = LINE('',#4029,#4030);
#4029 = CARTESIAN_POINT('',(3.5,4.374917540904E-17,0.32));
#4030 = VECTOR('',#4031,1.);
#4031 = DIRECTION('',(0.,1.,-1.367161731532E-16));
#4032 = PLANE('',#4033);
#4033 = AXIS2_PLACEMENT_3D('',#4034,#4035,#4036);
#4034 = CARTESIAN_POINT('',(3.5,-0.70458365434,0.32));
#4035 = DIRECTION('',(0.,1.367161731532E-16,1.));
#4036 = DIRECTION('',(0.,-1.,1.367161731532E-16));
#4037 = ADVANCED_FACE('',(#4038),#4048,.T.);
#4038 = FACE_BOUND('',#4039,.T.);
#4039 = EDGE_LOOP('',(#4040,#4046,#4047));
#4040 = ORIENTED_EDGE('',*,*,#4041,.F.);
#4041 = EDGE_CURVE('',#3876,#1303,#4042,.T.);
#4042 = LINE('',#4043,#4044);
#4043 = CARTESIAN_POINT('',(3.5,-1.8125,1.8125));
#4044 = VECTOR('',#4045,1.);
#4045 = DIRECTION('',(0.,-0.707106781187,-0.707106781187));
#4046 = ORIENTED_EDGE('',*,*,#3875,.T.);
#4047 = ORIENTED_EDGE('',*,*,#1310,.T.);
#4048 = PLANE('',#4049);
#4049 = AXIS2_PLACEMENT_3D('',#4050,#4051,#4052);
#4050 = CARTESIAN_POINT('',(3.5,0.,0.));
#4051 = DIRECTION('',(1.,0.,0.));
#4052 = DIRECTION('',(0.,1.,-1.367161731532E-16));
#4053 = ADVANCED_FACE('',(#4054),#4079,.F.);
#4054 = FACE_BOUND('',#4055,.T.);
#4055 = EDGE_LOOP('',(#4056,#4064,#4072,#4078));
#4056 = ORIENTED_EDGE('',*,*,#4057,.F.);
#4057 = EDGE_CURVE('',#4058,#1295,#4060,.T.);
#4058 = VERTEX_POINT('',#4059);
#4059 = CARTESIAN_POINT('',(3.7,-2.475,1.));
#4060 = LINE('',#4061,#4062);
#4061 = CARTESIAN_POINT('',(3.7,-2.475,1.));
#4062 = VECTOR('',#4063,1.);
#4063 = DIRECTION('',(-1.,0.,-0.));
#4064 = ORIENTED_EDGE('',*,*,#4065,.F.);
#4065 = EDGE_CURVE('',#4066,#4058,#4068,.T.);
#4066 = VERTEX_POINT('',#4067);
#4067 = CARTESIAN_POINT('',(3.7,-2.475,1.15));
#4068 = LINE('',#4069,#4070);
#4069 = CARTESIAN_POINT('',(3.7,-2.475,3.383725285543E-16));
#4070 = VECTOR('',#4071,1.);
#4071 = DIRECTION('',(-0.,-1.367161731532E-16,-1.));
#4072 = ORIENTED_EDGE('',*,*,#4073,.F.);
#4073 = EDGE_CURVE('',#1303,#4066,#4074,.T.);
#4074 = LINE('',#4075,#4076);
#4075 = CARTESIAN_POINT('',(3.7,-2.475,1.15));
#4076 = VECTOR('',#4077,1.);
#4077 = DIRECTION('',(1.,0.,0.));
#4078 = ORIENTED_EDGE('',*,*,#1302,.F.);
#4079 = PLANE('',#4080);
#4080 = AXIS2_PLACEMENT_3D('',#4081,#4082,#4083);
#4081 = CARTESIAN_POINT('',(3.7,-2.475,-3.17516613632E-17));
#4082 = DIRECTION('',(0.,1.,1.282895408614E-17));
#4083 = DIRECTION('',(0.,-1.282895408614E-17,1.));
#4084 = ADVANCED_FACE('',(#4085),#4196,.T.);
#4085 = FACE_BOUND('',#4086,.T.);
#4086 = EDGE_LOOP('',(#4087,#4095,#4096,#4104,#4113,#4121,#4130,#4138,
    #4147,#4155,#4164,#4172,#4181,#4189));
#4087 = ORIENTED_EDGE('',*,*,#4088,.F.);
#4088 = EDGE_CURVE('',#1295,#4089,#4091,.T.);
#4089 = VERTEX_POINT('',#4090);
#4090 = CARTESIAN_POINT('',(3.5,-2.4,1.));
#4091 = LINE('',#4092,#4093);
#4092 = CARTESIAN_POINT('',(3.5,1.367161731532E-16,1.));
#4093 = VECTOR('',#4094,1.);
#4094 = DIRECTION('',(0.,1.,-1.367161731532E-16));
#4095 = ORIENTED_EDGE('',*,*,#1294,.T.);
#4096 = ORIENTED_EDGE('',*,*,#4097,.T.);
#4097 = EDGE_CURVE('',#1287,#4098,#4100,.T.);
#4098 = VERTEX_POINT('',#4099);
#4099 = CARTESIAN_POINT('',(3.5,-2.4,0.375));
#4100 = LINE('',#4101,#4102);
#4101 = CARTESIAN_POINT('',(3.5,5.126856493246E-17,0.375));
#4102 = VECTOR('',#4103,1.);
#4103 = DIRECTION('',(0.,1.,-1.367161731532E-16));
#4104 = ORIENTED_EDGE('',*,*,#4105,.T.);
#4105 = EDGE_CURVE('',#4098,#4106,#4108,.T.);
#4106 = VERTEX_POINT('',#4107);
#4107 = CARTESIAN_POINT('',(3.5,-2.375,0.4));
#4108 = CIRCLE('',#4109,2.5E-02);
#4109 = AXIS2_PLACEMENT_3D('',#4110,#4111,#4112);
#4110 = CARTESIAN_POINT('',(3.5,-2.4,0.4));
#4111 = DIRECTION('',(1.,0.,0.));
#4112 = DIRECTION('',(0.,-1.,1.367161731532E-16));
#4113 = ORIENTED_EDGE('',*,*,#4114,.F.);
#4114 = EDGE_CURVE('',#4115,#4106,#4117,.T.);
#4115 = VERTEX_POINT('',#4116);
#4116 = CARTESIAN_POINT('',(3.5,-2.375,0.5625));
#4117 = LINE('',#4118,#4119);
#4118 = CARTESIAN_POINT('',(3.5,-2.375,3.247009112389E-16));
#4119 = VECTOR('',#4120,1.);
#4120 = DIRECTION('',(0.,-1.367161731532E-16,-1.));
#4121 = ORIENTED_EDGE('',*,*,#4122,.T.);
#4122 = EDGE_CURVE('',#4115,#4123,#4125,.T.);
#4123 = VERTEX_POINT('',#4124);
#4124 = CARTESIAN_POINT('',(3.5,-2.4,0.5875));
#4125 = CIRCLE('',#4126,2.5E-02);
#4126 = AXIS2_PLACEMENT_3D('',#4127,#4128,#4129);
#4127 = CARTESIAN_POINT('',(3.5,-2.4,0.5625));
#4128 = DIRECTION('',(1.,0.,0.));
#4129 = DIRECTION('',(0.,-1.,1.367161731532E-16));
#4130 = ORIENTED_EDGE('',*,*,#4131,.F.);
#4131 = EDGE_CURVE('',#4132,#4123,#4134,.T.);
#4132 = VERTEX_POINT('',#4133);
#4133 = CARTESIAN_POINT('',(3.5,-2.41,0.5875));
#4134 = LINE('',#4135,#4136);
#4135 = CARTESIAN_POINT('',(3.5,8.032075172753E-17,0.5875));
#4136 = VECTOR('',#4137,1.);
#4137 = DIRECTION('',(0.,1.,-1.367161731532E-16));
#4138 = ORIENTED_EDGE('',*,*,#4139,.F.);
#4139 = EDGE_CURVE('',#4140,#4132,#4142,.T.);
#4140 = VERTEX_POINT('',#4141);
#4141 = CARTESIAN_POINT('',(3.5,-2.435,0.6125));
#4142 = CIRCLE('',#4143,2.5E-02);
#4143 = AXIS2_PLACEMENT_3D('',#4144,#4145,#4146);
#4144 = CARTESIAN_POINT('',(3.5,-2.41,0.6125));
#4145 = DIRECTION('',(1.,0.,0.));
#4146 = DIRECTION('',(0.,-1.,1.367161731532E-16));
#4147 = ORIENTED_EDGE('',*,*,#4148,.F.);
#4148 = EDGE_CURVE('',#4149,#4140,#4151,.T.);
#4149 = VERTEX_POINT('',#4150);
#4150 = CARTESIAN_POINT('',(3.5,-2.435,0.7625));
#4151 = LINE('',#4152,#4153);
#4152 = CARTESIAN_POINT('',(3.5,-2.435,3.329038816281E-16));
#4153 = VECTOR('',#4154,1.);
#4154 = DIRECTION('',(0.,-1.367161731532E-16,-1.));
#4155 = ORIENTED_EDGE('',*,*,#4156,.F.);
#4156 = EDGE_CURVE('',#4157,#4149,#4159,.T.);
#4157 = VERTEX_POINT('',#4158);
#4158 = CARTESIAN_POINT('',(3.5,-2.41,0.7875));
#4159 = CIRCLE('',#4160,2.5E-02);
#4160 = AXIS2_PLACEMENT_3D('',#4161,#4162,#4163);
#4161 = CARTESIAN_POINT('',(3.5,-2.41,0.7625));
#4162 = DIRECTION('',(1.,0.,0.));
#4163 = DIRECTION('',(0.,-1.,1.367161731532E-16));
#4164 = ORIENTED_EDGE('',*,*,#4165,.T.);
#4165 = EDGE_CURVE('',#4157,#4166,#4168,.T.);
#4166 = VERTEX_POINT('',#4167);
#4167 = CARTESIAN_POINT('',(3.5,-2.4,0.7875));
#4168 = LINE('',#4169,#4170);
#4169 = CARTESIAN_POINT('',(3.5,-1.696852023029E-14,0.7875));
#4170 = VECTOR('',#4171,1.);
#4171 = DIRECTION('',(0.,1.,2.154732727656E-14));
#4172 = ORIENTED_EDGE('',*,*,#4173,.F.);
#4173 = EDGE_CURVE('',#4174,#4166,#4176,.T.);
#4174 = VERTEX_POINT('',#4175);
#4175 = CARTESIAN_POINT('',(3.5,-2.375,0.8125));
#4176 = CIRCLE('',#4177,2.5E-02);
#4177 = AXIS2_PLACEMENT_3D('',#4178,#4179,#4180);
#4178 = CARTESIAN_POINT('',(3.5,-2.4,0.8125));
#4179 = DIRECTION('',(-1.,0.,0.));
#4180 = DIRECTION('',(0.,-1.,1.367161731532E-16));
#4181 = ORIENTED_EDGE('',*,*,#4182,.F.);
#4182 = EDGE_CURVE('',#4183,#4174,#4185,.T.);
#4183 = VERTEX_POINT('',#4184);
#4184 = CARTESIAN_POINT('',(3.5,-2.375,0.975));
#4185 = LINE('',#4186,#4187);
#4186 = CARTESIAN_POINT('',(3.5,-2.375,3.247009112389E-16));
#4187 = VECTOR('',#4188,1.);
#4188 = DIRECTION('',(0.,-1.367161731532E-16,-1.));
#4189 = ORIENTED_EDGE('',*,*,#4190,.F.);
#4190 = EDGE_CURVE('',#4089,#4183,#4191,.T.);
#4191 = CIRCLE('',#4192,2.5E-02);
#4192 = AXIS2_PLACEMENT_3D('',#4193,#4194,#4195);
#4193 = CARTESIAN_POINT('',(3.5,-2.4,0.975));
#4194 = DIRECTION('',(-1.,0.,0.));
#4195 = DIRECTION('',(0.,-1.,1.367161731532E-16));
#4196 = PLANE('',#4197);
#4197 = AXIS2_PLACEMENT_3D('',#4198,#4199,#4200);
#4198 = CARTESIAN_POINT('',(3.5,0.,0.));
#4199 = DIRECTION('',(1.,0.,0.));
#4200 = DIRECTION('',(0.,1.,-1.367161731532E-16));
#4201 = ADVANCED_FACE('',(#4202),#4235,.F.);
#4202 = FACE_BOUND('',#4203,.T.);
#4203 = EDGE_LOOP('',(#4204,#4214,#4222,#4228,#4229));
#4204 = ORIENTED_EDGE('',*,*,#4205,.F.);
#4205 = EDGE_CURVE('',#4206,#4208,#4210,.T.);
#4206 = VERTEX_POINT('',#4207);
#4207 = CARTESIAN_POINT('',(3.7,-2.475,0.175));
#4208 = VERTEX_POINT('',#4209);
#4209 = CARTESIAN_POINT('',(3.5,-2.475,0.175));
#4210 = LINE('',#4211,#4212);
#4211 = CARTESIAN_POINT('',(3.7,-2.475,0.175));
#4212 = VECTOR('',#4213,1.);
#4213 = DIRECTION('',(-1.,0.,-0.));
#4214 = ORIENTED_EDGE('',*,*,#4215,.F.);
#4215 = EDGE_CURVE('',#4216,#4206,#4218,.T.);
#4216 = VERTEX_POINT('',#4217);
#4217 = CARTESIAN_POINT('',(3.7,-2.475,0.375));
#4218 = LINE('',#4219,#4220);
#4219 = CARTESIAN_POINT('',(3.7,-2.475,3.383725285543E-16));
#4220 = VECTOR('',#4221,1.);
#4221 = DIRECTION('',(-0.,-1.367161731532E-16,-1.));
#4222 = ORIENTED_EDGE('',*,*,#4223,.F.);
#4223 = EDGE_CURVE('',#1287,#4216,#4224,.T.);
#4224 = LINE('',#4225,#4226);
#4225 = CARTESIAN_POINT('',(3.7,-2.475,0.375));
#4226 = VECTOR('',#4227,1.);
#4227 = DIRECTION('',(1.,0.,0.));
#4228 = ORIENTED_EDGE('',*,*,#1286,.F.);
#4229 = ORIENTED_EDGE('',*,*,#4230,.F.);
#4230 = EDGE_CURVE('',#4208,#1279,#4231,.T.);
#4231 = LINE('',#4232,#4233);
#4232 = CARTESIAN_POINT('',(3.5,-2.475,-3.17516613632E-17));
#4233 = VECTOR('',#4234,1.);
#4234 = DIRECTION('',(0.,-1.282895408614E-17,1.));
#4235 = PLANE('',#4236);
#4236 = AXIS2_PLACEMENT_3D('',#4237,#4238,#4239);
#4237 = CARTESIAN_POINT('',(3.7,-2.475,-3.17516613632E-17));
#4238 = DIRECTION('',(0.,1.,1.282895408614E-17));
#4239 = DIRECTION('',(0.,-1.282895408614E-17,1.));
#4240 = ADVANCED_FACE('',(#4241),#4266,.T.);
#4241 = FACE_BOUND('',#4242,.T.);
#4242 = EDGE_LOOP('',(#4243,#4251,#4259,#4265));
#4243 = ORIENTED_EDGE('',*,*,#4244,.F.);
#4244 = EDGE_CURVE('',#4245,#1321,#4247,.T.);
#4245 = VERTEX_POINT('',#4246);
#4246 = CARTESIAN_POINT('',(3.25,-2.375,2.55));
#4247 = LINE('',#4248,#4249);
#4248 = CARTESIAN_POINT('',(3.25,-2.375,2.55));
#4249 = VECTOR('',#4250,1.);
#4250 = DIRECTION('',(0.57735026919,-0.57735026919,0.57735026919));
#4251 = ORIENTED_EDGE('',*,*,#4252,.T.);
#4252 = EDGE_CURVE('',#4245,#4253,#4255,.T.);
#4253 = VERTEX_POINT('',#4254);
#4254 = CARTESIAN_POINT('',(3.25,-2.375,2.05));
#4255 = LINE('',#4256,#4257);
#4256 = CARTESIAN_POINT('',(3.25,-2.375,5.E-02));
#4257 = VECTOR('',#4258,1.);
#4258 = DIRECTION('',(7.477256361969E-17,-6.194360953355E-17,-1.));
#4259 = ORIENTED_EDGE('',*,*,#4260,.T.);
#4260 = EDGE_CURVE('',#4253,#1319,#4261,.T.);
#4261 = LINE('',#4262,#4263);
#4262 = CARTESIAN_POINT('',(3.35,-2.475,2.05));
#4263 = VECTOR('',#4264,1.);
#4264 = DIRECTION('',(0.707106781187,-0.707106781187,9.667293313453E-17)
  );
#4265 = ORIENTED_EDGE('',*,*,#1318,.T.);
#4266 = PLANE('',#4267);
#4267 = AXIS2_PLACEMENT_3D('',#4268,#4269,#4270);
#4268 = CARTESIAN_POINT('',(3.35,-2.475,5.E-02));
#4269 = DIRECTION('',(-0.707106781187,-0.707106781187,
    -9.071440429841E-18));
#4270 = DIRECTION('',(0.707106781187,-0.707106781187,9.667293313453E-17)
  );
#4271 = ADVANCED_FACE('',(#4272),#4298,.F.);
#4272 = FACE_BOUND('',#4273,.T.);
#4273 = EDGE_LOOP('',(#4274,#4282,#4290,#4296,#4297));
#4274 = ORIENTED_EDGE('',*,*,#4275,.F.);
#4275 = EDGE_CURVE('',#4276,#4253,#4278,.T.);
#4276 = VERTEX_POINT('',#4277);
#4277 = CARTESIAN_POINT('',(3.25,-7.5E-02,2.05));
#4278 = LINE('',#4279,#4280);
#4279 = CARTESIAN_POINT('',(3.25,0.575,2.05));
#4280 = VECTOR('',#4281,1.);
#4281 = DIRECTION('',(0.,-1.,1.367161731532E-16));
#4282 = ORIENTED_EDGE('',*,*,#4283,.F.);
#4283 = EDGE_CURVE('',#4284,#4276,#4286,.T.);
#4284 = VERTEX_POINT('',#4285);
#4285 = CARTESIAN_POINT('',(3.5,-7.5E-02,2.05));
#4286 = LINE('',#4287,#4288);
#4287 = CARTESIAN_POINT('',(3.5,-7.5E-02,2.05));
#4288 = VECTOR('',#4289,1.);
#4289 = DIRECTION('',(-1.,-0.,0.));
#4290 = ORIENTED_EDGE('',*,*,#4291,.F.);
#4291 = EDGE_CURVE('',#1329,#4284,#4292,.T.);
#4292 = LINE('',#4293,#4294);
#4293 = CARTESIAN_POINT('',(3.5,0.575,2.05));
#4294 = VECTOR('',#4295,1.);
#4295 = DIRECTION('',(0.,1.,-1.367161731532E-16));
#4296 = ORIENTED_EDGE('',*,*,#1328,.T.);
#4297 = ORIENTED_EDGE('',*,*,#4260,.F.);
#4298 = PLANE('',#4299);
#4299 = AXIS2_PLACEMENT_3D('',#4300,#4301,#4302);
#4300 = CARTESIAN_POINT('',(3.5,0.575,2.05));
#4301 = DIRECTION('',(0.,1.367161731532E-16,1.));
#4302 = DIRECTION('',(0.,-1.,1.367161731532E-16));
#4303 = ADVANCED_FACE('',(#4304),#4322,.F.);
#4304 = FACE_BOUND('',#4305,.T.);
#4305 = EDGE_LOOP('',(#4306,#4314,#4315,#4316));
#4306 = ORIENTED_EDGE('',*,*,#4307,.F.);
#4307 = EDGE_CURVE('',#1337,#4308,#4310,.T.);
#4308 = VERTEX_POINT('',#4309);
#4309 = CARTESIAN_POINT('',(3.5,-7.5E-02,1.45));
#4310 = LINE('',#4311,#4312);
#4311 = CARTESIAN_POINT('',(3.5,0.575,1.45));
#4312 = VECTOR('',#4313,1.);
#4313 = DIRECTION('',(0.,1.,-1.367161731532E-16));
#4314 = ORIENTED_EDGE('',*,*,#1336,.T.);
#4315 = ORIENTED_EDGE('',*,*,#4291,.T.);
#4316 = ORIENTED_EDGE('',*,*,#4317,.F.);
#4317 = EDGE_CURVE('',#4308,#4284,#4318,.T.);
#4318 = LINE('',#4319,#4320);
#4319 = CARTESIAN_POINT('',(3.5,-7.5E-02,2.05));
#4320 = VECTOR('',#4321,1.);
#4321 = DIRECTION('',(0.,1.367161731532E-16,1.));
#4322 = PLANE('',#4323);
#4323 = AXIS2_PLACEMENT_3D('',#4324,#4325,#4326);
#4324 = CARTESIAN_POINT('',(3.5,0.575,2.05));
#4325 = DIRECTION('',(1.,0.,0.));
#4326 = DIRECTION('',(0.,1.,-1.367161731532E-16));
#4327 = ADVANCED_FACE('',(#4328),#4354,.F.);
#4328 = FACE_BOUND('',#4329,.T.);
#4329 = EDGE_LOOP('',(#4330,#4331,#4332,#4340,#4348));
#4330 = ORIENTED_EDGE('',*,*,#1344,.T.);
#4331 = ORIENTED_EDGE('',*,*,#4307,.T.);
#4332 = ORIENTED_EDGE('',*,*,#4333,.F.);
#4333 = EDGE_CURVE('',#4334,#4308,#4336,.T.);
#4334 = VERTEX_POINT('',#4335);
#4335 = CARTESIAN_POINT('',(3.25,-7.5E-02,1.45));
#4336 = LINE('',#4337,#4338);
#4337 = CARTESIAN_POINT('',(3.5,-7.5E-02,1.45));
#4338 = VECTOR('',#4339,1.);
#4339 = DIRECTION('',(1.,0.,0.));
#4340 = ORIENTED_EDGE('',*,*,#4341,.F.);
#4341 = EDGE_CURVE('',#4342,#4334,#4344,.T.);
#4342 = VERTEX_POINT('',#4343);
#4343 = CARTESIAN_POINT('',(3.25,-2.375,1.45));
#4344 = LINE('',#4345,#4346);
#4345 = CARTESIAN_POINT('',(3.25,0.575,1.45));
#4346 = VECTOR('',#4347,1.);
#4347 = DIRECTION('',(0.,1.,-1.367161731532E-16));
#4348 = ORIENTED_EDGE('',*,*,#4349,.F.);
#4349 = EDGE_CURVE('',#1345,#4342,#4350,.T.);
#4350 = LINE('',#4351,#4352);
#4351 = CARTESIAN_POINT('',(3.35,-2.475,1.45));
#4352 = VECTOR('',#4353,1.);
#4353 = DIRECTION('',(-0.707106781187,0.707106781187,-9.667293313453E-17
    ));
#4354 = PLANE('',#4355);
#4355 = AXIS2_PLACEMENT_3D('',#4356,#4357,#4358);
#4356 = CARTESIAN_POINT('',(3.5,0.575,1.45));
#4357 = DIRECTION('',(0.,-1.367161731532E-16,-1.));
#4358 = DIRECTION('',(0.,1.,-1.367161731532E-16));
#4359 = ADVANCED_FACE('',(#4360),#4378,.T.);
#4360 = FACE_BOUND('',#4361,.T.);
#4361 = EDGE_LOOP('',(#4362,#4370,#4371,#4372));
#4362 = ORIENTED_EDGE('',*,*,#4363,.T.);
#4363 = EDGE_CURVE('',#4364,#1353,#4366,.T.);
#4364 = VERTEX_POINT('',#4365);
#4365 = CARTESIAN_POINT('',(3.25,-2.375,0.45));
#4366 = LINE('',#4367,#4368);
#4367 = CARTESIAN_POINT('',(3.25,-2.375,0.45));
#4368 = VECTOR('',#4369,1.);
#4369 = DIRECTION('',(0.57735026919,-0.57735026919,-0.57735026919));
#4370 = ORIENTED_EDGE('',*,*,#1352,.T.);
#4371 = ORIENTED_EDGE('',*,*,#4349,.T.);
#4372 = ORIENTED_EDGE('',*,*,#4373,.T.);
#4373 = EDGE_CURVE('',#4342,#4364,#4374,.T.);
#4374 = LINE('',#4375,#4376);
#4375 = CARTESIAN_POINT('',(3.25,-2.375,5.E-02));
#4376 = VECTOR('',#4377,1.);
#4377 = DIRECTION('',(7.477256361969E-17,-6.194360953355E-17,-1.));
#4378 = PLANE('',#4379);
#4379 = AXIS2_PLACEMENT_3D('',#4380,#4381,#4382);
#4380 = CARTESIAN_POINT('',(3.35,-2.475,5.E-02));
#4381 = DIRECTION('',(-0.707106781187,-0.707106781187,
    -9.071440429841E-18));
#4382 = DIRECTION('',(0.707106781187,-0.707106781187,9.667293313453E-17)
  );
#4383 = ADVANCED_FACE('',(#4384),#4402,.F.);
#4384 = FACE_BOUND('',#4385,.T.);
#4385 = EDGE_LOOP('',(#4386,#4387,#4388,#4396));
#4386 = ORIENTED_EDGE('',*,*,#1360,.T.);
#4387 = ORIENTED_EDGE('',*,*,#4363,.F.);
#4388 = ORIENTED_EDGE('',*,*,#4389,.F.);
#4389 = EDGE_CURVE('',#4390,#4364,#4392,.T.);
#4390 = VERTEX_POINT('',#4391);
#4391 = CARTESIAN_POINT('',(-3.25,-2.375,0.45));
#4392 = LINE('',#4393,#4394);
#4393 = CARTESIAN_POINT('',(0.,-2.375,0.45));
#4394 = VECTOR('',#4395,1.);
#4395 = DIRECTION('',(1.,0.,0.));
#4396 = ORIENTED_EDGE('',*,*,#4397,.F.);
#4397 = EDGE_CURVE('',#1361,#4390,#4398,.T.);
#4398 = LINE('',#4399,#4400);
#4399 = CARTESIAN_POINT('',(-3.35,-2.475,0.35));
#4400 = VECTOR('',#4401,1.);
#4401 = DIRECTION('',(0.57735026919,0.57735026919,0.57735026919));
#4402 = PLANE('',#4403);
#4403 = AXIS2_PLACEMENT_3D('',#4404,#4405,#4406);
#4404 = CARTESIAN_POINT('',(0.,-2.375,0.45));
#4405 = DIRECTION('',(0.,0.707106781187,-0.707106781187));
#4406 = DIRECTION('',(0.,0.707106781187,0.707106781187));
#4407 = ADVANCED_FACE('',(#4408),#4426,.F.);
#4408 = FACE_BOUND('',#4409,.T.);
#4409 = EDGE_LOOP('',(#4410,#4411,#4412,#4420));
#4410 = ORIENTED_EDGE('',*,*,#1368,.T.);
#4411 = ORIENTED_EDGE('',*,*,#4397,.T.);
#4412 = ORIENTED_EDGE('',*,*,#4413,.F.);
#4413 = EDGE_CURVE('',#4414,#4390,#4416,.T.);
#4414 = VERTEX_POINT('',#4415);
#4415 = CARTESIAN_POINT('',(-3.25,-2.375,1.45));
#4416 = LINE('',#4417,#4418);
#4417 = CARTESIAN_POINT('',(-3.25,-2.375,-1.089799577553E-16));
#4418 = VECTOR('',#4419,1.);
#4419 = DIRECTION('',(-7.477256361969E-17,-6.194360953355E-17,-1.));
#4420 = ORIENTED_EDGE('',*,*,#4421,.F.);
#4421 = EDGE_CURVE('',#1369,#4414,#4422,.T.);
#4422 = LINE('',#4423,#4424);
#4423 = CARTESIAN_POINT('',(-3.25,-2.375,1.45));
#4424 = VECTOR('',#4425,1.);
#4425 = DIRECTION('',(0.707106781187,0.707106781187,-9.667293313453E-17)
  );
#4426 = PLANE('',#4427);
#4427 = AXIS2_PLACEMENT_3D('',#4428,#4429,#4430);
#4428 = CARTESIAN_POINT('',(-3.25,-2.375,-1.089799577553E-16));
#4429 = DIRECTION('',(-0.707106781187,0.707106781187,9.071440429841E-18)
  );
#4430 = DIRECTION('',(-0.707106781187,-0.707106781187,9.667293313453E-17
    ));
#4431 = ADVANCED_FACE('',(#4432),#4458,.F.);
#4432 = FACE_BOUND('',#4433,.T.);
#4433 = EDGE_LOOP('',(#4434,#4442,#4450,#4456,#4457));
#4434 = ORIENTED_EDGE('',*,*,#4435,.F.);
#4435 = EDGE_CURVE('',#4436,#4414,#4438,.T.);
#4436 = VERTEX_POINT('',#4437);
#4437 = CARTESIAN_POINT('',(-3.25,-7.5E-02,1.45));
#4438 = LINE('',#4439,#4440);
#4439 = CARTESIAN_POINT('',(-3.25,0.575,1.45));
#4440 = VECTOR('',#4441,1.);
#4441 = DIRECTION('',(0.,-1.,1.367161731532E-16));
#4442 = ORIENTED_EDGE('',*,*,#4443,.F.);
#4443 = EDGE_CURVE('',#4444,#4436,#4446,.T.);
#4444 = VERTEX_POINT('',#4445);
#4445 = CARTESIAN_POINT('',(-3.5,-7.5E-02,1.45));
#4446 = LINE('',#4447,#4448);
#4447 = CARTESIAN_POINT('',(-3.5,-7.5E-02,1.45));
#4448 = VECTOR('',#4449,1.);
#4449 = DIRECTION('',(1.,0.,0.));
#4450 = ORIENTED_EDGE('',*,*,#4451,.F.);
#4451 = EDGE_CURVE('',#1377,#4444,#4452,.T.);
#4452 = LINE('',#4453,#4454);
#4453 = CARTESIAN_POINT('',(-3.5,0.575,1.45));
#4454 = VECTOR('',#4455,1.);
#4455 = DIRECTION('',(0.,1.,-1.367161731532E-16));
#4456 = ORIENTED_EDGE('',*,*,#1376,.T.);
#4457 = ORIENTED_EDGE('',*,*,#4421,.T.);
#4458 = PLANE('',#4459);
#4459 = AXIS2_PLACEMENT_3D('',#4460,#4461,#4462);
#4460 = CARTESIAN_POINT('',(-3.5,0.575,1.45));
#4461 = DIRECTION('',(0.,-1.367161731532E-16,-1.));
#4462 = DIRECTION('',(0.,1.,-1.367161731532E-16));
#4463 = ADVANCED_FACE('',(#4464),#4482,.F.);
#4464 = FACE_BOUND('',#4465,.T.);
#4465 = EDGE_LOOP('',(#4466,#4474,#4475,#4476));
#4466 = ORIENTED_EDGE('',*,*,#4467,.F.);
#4467 = EDGE_CURVE('',#1385,#4468,#4470,.T.);
#4468 = VERTEX_POINT('',#4469);
#4469 = CARTESIAN_POINT('',(-3.5,-7.5E-02,2.05));
#4470 = LINE('',#4471,#4472);
#4471 = CARTESIAN_POINT('',(-3.5,0.575,2.05));
#4472 = VECTOR('',#4473,1.);
#4473 = DIRECTION('',(-0.,1.,-1.367161731532E-16));
#4474 = ORIENTED_EDGE('',*,*,#1384,.T.);
#4475 = ORIENTED_EDGE('',*,*,#4451,.T.);
#4476 = ORIENTED_EDGE('',*,*,#4477,.F.);
#4477 = EDGE_CURVE('',#4468,#4444,#4478,.T.);
#4478 = LINE('',#4479,#4480);
#4479 = CARTESIAN_POINT('',(-3.5,-7.5E-02,2.05));
#4480 = VECTOR('',#4481,1.);
#4481 = DIRECTION('',(0.,-1.367161731532E-16,-1.));
#4482 = PLANE('',#4483);
#4483 = AXIS2_PLACEMENT_3D('',#4484,#4485,#4486);
#4484 = CARTESIAN_POINT('',(-3.5,0.575,2.05));
#4485 = DIRECTION('',(-1.,0.,0.));
#4486 = DIRECTION('',(0.,-1.,1.367161731532E-16));
#4487 = ADVANCED_FACE('',(#4488),#4514,.F.);
#4488 = FACE_BOUND('',#4489,.T.);
#4489 = EDGE_LOOP('',(#4490,#4491,#4492,#4500,#4508));
#4490 = ORIENTED_EDGE('',*,*,#1392,.T.);
#4491 = ORIENTED_EDGE('',*,*,#4467,.T.);
#4492 = ORIENTED_EDGE('',*,*,#4493,.F.);
#4493 = EDGE_CURVE('',#4494,#4468,#4496,.T.);
#4494 = VERTEX_POINT('',#4495);
#4495 = CARTESIAN_POINT('',(-3.25,-7.5E-02,2.05));
#4496 = LINE('',#4497,#4498);
#4497 = CARTESIAN_POINT('',(-3.5,-7.5E-02,2.05));
#4498 = VECTOR('',#4499,1.);
#4499 = DIRECTION('',(-1.,0.,-0.));
#4500 = ORIENTED_EDGE('',*,*,#4501,.F.);
#4501 = EDGE_CURVE('',#4502,#4494,#4504,.T.);
#4502 = VERTEX_POINT('',#4503);
#4503 = CARTESIAN_POINT('',(-3.25,-2.375,2.05));
#4504 = LINE('',#4505,#4506);
#4505 = CARTESIAN_POINT('',(-3.25,0.575,2.05));
#4506 = VECTOR('',#4507,1.);
#4507 = DIRECTION('',(0.,1.,-1.367161731532E-16));
#4508 = ORIENTED_EDGE('',*,*,#4509,.F.);
#4509 = EDGE_CURVE('',#1393,#4502,#4510,.T.);
#4510 = LINE('',#4511,#4512);
#4511 = CARTESIAN_POINT('',(-3.35,-2.475,2.05));
#4512 = VECTOR('',#4513,1.);
#4513 = DIRECTION('',(0.707106781187,0.707106781187,-9.667293313453E-17)
  );
#4514 = PLANE('',#4515);
#4515 = AXIS2_PLACEMENT_3D('',#4516,#4517,#4518);
#4516 = CARTESIAN_POINT('',(-3.5,0.575,2.05));
#4517 = DIRECTION('',(0.,1.367161731532E-16,1.));
#4518 = DIRECTION('',(0.,-1.,1.367161731532E-16));
#4519 = ADVANCED_FACE('',(#4520),#4538,.F.);
#4520 = FACE_BOUND('',#4521,.T.);
#4521 = EDGE_LOOP('',(#4522,#4530,#4536,#4537));
#4522 = ORIENTED_EDGE('',*,*,#4523,.F.);
#4523 = EDGE_CURVE('',#4524,#4502,#4526,.T.);
#4524 = VERTEX_POINT('',#4525);
#4525 = CARTESIAN_POINT('',(-3.25,-2.375,2.55));
#4526 = LINE('',#4527,#4528);
#4527 = CARTESIAN_POINT('',(-3.25,-2.375,-1.089799577553E-16));
#4528 = VECTOR('',#4529,1.);
#4529 = DIRECTION('',(-7.477256361969E-17,-6.194360953355E-17,-1.));
#4530 = ORIENTED_EDGE('',*,*,#4531,.F.);
#4531 = EDGE_CURVE('',#1401,#4524,#4532,.T.);
#4532 = LINE('',#4533,#4534);
#4533 = CARTESIAN_POINT('',(-3.35,-2.475,2.65));
#4534 = VECTOR('',#4535,1.);
#4535 = DIRECTION('',(0.57735026919,0.57735026919,-0.57735026919));
#4536 = ORIENTED_EDGE('',*,*,#1400,.T.);
#4537 = ORIENTED_EDGE('',*,*,#4509,.T.);
#4538 = PLANE('',#4539);
#4539 = AXIS2_PLACEMENT_3D('',#4540,#4541,#4542);
#4540 = CARTESIAN_POINT('',(-3.25,-2.375,-1.089799577553E-16));
#4541 = DIRECTION('',(-0.707106781187,0.707106781187,9.071440429841E-18)
  );
#4542 = DIRECTION('',(-0.707106781187,-0.707106781187,9.667293313453E-17
    ));
#4543 = ADVANCED_FACE('',(#4544),#4555,.T.);
#4544 = FACE_BOUND('',#4545,.T.);
#4545 = EDGE_LOOP('',(#4546,#4547,#4548,#4549));
#4546 = ORIENTED_EDGE('',*,*,#4244,.T.);
#4547 = ORIENTED_EDGE('',*,*,#1408,.T.);
#4548 = ORIENTED_EDGE('',*,*,#4531,.T.);
#4549 = ORIENTED_EDGE('',*,*,#4550,.T.);
#4550 = EDGE_CURVE('',#4524,#4245,#4551,.T.);
#4551 = LINE('',#4552,#4553);
#4552 = CARTESIAN_POINT('',(4.,-2.375,2.55));
#4553 = VECTOR('',#4554,1.);
#4554 = DIRECTION('',(1.,0.,0.));
#4555 = PLANE('',#4556);
#4556 = AXIS2_PLACEMENT_3D('',#4557,#4558,#4559);
#4557 = CARTESIAN_POINT('',(4.,-2.475,2.65));
#4558 = DIRECTION('',(0.,-0.707106781187,-0.707106781187));
#4559 = DIRECTION('',(0.,0.707106781187,-0.707106781187));
#4560 = ADVANCED_FACE('',(#4561),#4587,.F.);
#4561 = FACE_BOUND('',#4562,.T.);
#4562 = EDGE_LOOP('',(#4563,#4564,#4565,#4573,#4581));
#4563 = ORIENTED_EDGE('',*,*,#1897,.F.);
#4564 = ORIENTED_EDGE('',*,*,#3660,.F.);
#4565 = ORIENTED_EDGE('',*,*,#4566,.F.);
#4566 = EDGE_CURVE('',#4567,#3653,#4569,.T.);
#4567 = VERTEX_POINT('',#4568);
#4568 = CARTESIAN_POINT('',(-3.5,1.175,2.45));
#4569 = LINE('',#4570,#4571);
#4570 = CARTESIAN_POINT('',(-3.5,1.775,2.45));
#4571 = VECTOR('',#4572,1.);
#4572 = DIRECTION('',(0.,1.,-1.367161731532E-16));
#4573 = ORIENTED_EDGE('',*,*,#4574,.T.);
#4574 = EDGE_CURVE('',#4567,#4575,#4577,.T.);
#4575 = VERTEX_POINT('',#4576);
#4576 = CARTESIAN_POINT('',(-2.575,1.175,2.45));
#4577 = LINE('',#4578,#4579);
#4578 = CARTESIAN_POINT('',(0.575,1.175,2.45));
#4579 = VECTOR('',#4580,1.);
#4580 = DIRECTION('',(1.,0.,0.));
#4581 = ORIENTED_EDGE('',*,*,#4582,.T.);
#4582 = EDGE_CURVE('',#4575,#1900,#4583,.T.);
#4583 = LINE('',#4584,#4585);
#4584 = CARTESIAN_POINT('',(-2.575,1.775,2.45));
#4585 = VECTOR('',#4586,1.);
#4586 = DIRECTION('',(-0.,1.,-1.367161731532E-16));
#4587 = PLANE('',#4588);
#4588 = AXIS2_PLACEMENT_3D('',#4589,#4590,#4591);
#4589 = CARTESIAN_POINT('',(-4.,1.775,2.45));
#4590 = DIRECTION('',(0.,-1.367161731532E-16,-1.));
#4591 = DIRECTION('',(0.,1.,-1.367161731532E-16));
#4592 = ADVANCED_FACE('',(#4593),#4609,.T.);
#4593 = FACE_BOUND('',#4594,.T.);
#4594 = EDGE_LOOP('',(#4595,#4601,#4602,#4608));
#4595 = ORIENTED_EDGE('',*,*,#4596,.T.);
#4596 = EDGE_CURVE('',#2030,#1908,#4597,.T.);
#4597 = LINE('',#4598,#4599);
#4598 = CARTESIAN_POINT('',(-2.425,1.625,0.574264068712));
#4599 = VECTOR('',#4600,1.);
#4600 = DIRECTION('',(-1.,0.,0.));
#4601 = ORIENTED_EDGE('',*,*,#1907,.F.);
#4602 = ORIENTED_EDGE('',*,*,#4603,.T.);
#4603 = EDGE_CURVE('',#1900,#2093,#4604,.T.);
#4604 = LINE('',#4605,#4606);
#4605 = CARTESIAN_POINT('',(-2.425,1.625,2.45));
#4606 = VECTOR('',#4607,1.);
#4607 = DIRECTION('',(1.,0.,0.));
#4608 = ORIENTED_EDGE('',*,*,#2110,.F.);
#4609 = PLANE('',#4610);
#4610 = AXIS2_PLACEMENT_3D('',#4611,#4612,#4613);
#4611 = CARTESIAN_POINT('',(-2.425,1.625,0.17));
#4612 = DIRECTION('',(0.,1.,-3.467361574284E-17));
#4613 = DIRECTION('',(0.,3.467361574284E-17,1.));
#4614 = ADVANCED_FACE('',(#4615),#4626,.T.);
#4615 = FACE_BOUND('',#4616,.T.);
#4616 = EDGE_LOOP('',(#4617,#4623,#4624,#4625));
#4617 = ORIENTED_EDGE('',*,*,#4618,.F.);
#4618 = EDGE_CURVE('',#2045,#1980,#4619,.T.);
#4619 = LINE('',#4620,#4621);
#4620 = CARTESIAN_POINT('',(-3.617439072854,1.775,-3.781964789077E-16));
#4621 = VECTOR('',#4622,1.);
#4622 = DIRECTION('',(-1.,0.,-0.));
#4623 = ORIENTED_EDGE('',*,*,#2044,.F.);
#4624 = ORIENTED_EDGE('',*,*,#2002,.T.);
#4625 = ORIENTED_EDGE('',*,*,#1987,.T.);
#4626 = PLANE('',#4627);
#4627 = AXIS2_PLACEMENT_3D('',#4628,#4629,#4630);
#4628 = CARTESIAN_POINT('',(-3.617439072854,1.775,-3.781964789077E-16));
#4629 = DIRECTION('',(0.,-0.707106781187,-0.707106781187));
#4630 = DIRECTION('',(0.,0.707106781187,-0.707106781187));
#4631 = ADVANCED_FACE('',(#4632),#4643,.T.);
#4632 = FACE_BOUND('',#4633,.T.);
#4633 = EDGE_LOOP('',(#4634,#4640,#4641,#4642));
#4634 = ORIENTED_EDGE('',*,*,#4635,.F.);
#4635 = EDGE_CURVE('',#2053,#1971,#4636,.T.);
#4636 = LINE('',#4637,#4638);
#4637 = CARTESIAN_POINT('',(-3.617439072854,2.425,-5.009433093475E-16));
#4638 = VECTOR('',#4639,1.);
#4639 = DIRECTION('',(-1.,0.,-0.));
#4640 = ORIENTED_EDGE('',*,*,#2052,.F.);
#4641 = ORIENTED_EDGE('',*,*,#4618,.T.);
#4642 = ORIENTED_EDGE('',*,*,#1979,.T.);
#4643 = PLANE('',#4644);
#4644 = AXIS2_PLACEMENT_3D('',#4645,#4646,#4647);
#4645 = CARTESIAN_POINT('',(-3.617439072854,2.425,-3.721943013648E-16));
#4646 = DIRECTION('',(0.,9.234119296733E-18,-1.));
#4647 = DIRECTION('',(0.,1.,9.234119296733E-18));
#4648 = ADVANCED_FACE('',(#4649),#4660,.T.);
#4649 = FACE_BOUND('',#4650,.T.);
#4650 = EDGE_LOOP('',(#4651,#4657,#4658,#4659));
#4651 = ORIENTED_EDGE('',*,*,#4652,.F.);
#4652 = EDGE_CURVE('',#2061,#1963,#4653,.T.);
#4653 = LINE('',#4654,#4655);
#4654 = CARTESIAN_POINT('',(-3.617439072854,2.475,5.E-02));
#4655 = VECTOR('',#4656,1.);
#4656 = DIRECTION('',(-1.,0.,0.));
#4657 = ORIENTED_EDGE('',*,*,#2060,.F.);
#4658 = ORIENTED_EDGE('',*,*,#4635,.T.);
#4659 = ORIENTED_EDGE('',*,*,#1970,.T.);
#4660 = CYLINDRICAL_SURFACE('',#4661,5.E-02);
#4661 = AXIS2_PLACEMENT_3D('',#4662,#4663,#4664);
#4662 = CARTESIAN_POINT('',(-3.617439072854,2.425,5.E-02));
#4663 = DIRECTION('',(1.,0.,0.));
#4664 = DIRECTION('',(0.,1.,-1.367161731532E-16));
#4665 = ADVANCED_FACE('',(#4666),#4677,.T.);
#4666 = FACE_BOUND('',#4667,.T.);
#4667 = EDGE_LOOP('',(#4668,#4674,#4675,#4676));
#4668 = ORIENTED_EDGE('',*,*,#4669,.F.);
#4669 = EDGE_CURVE('',#2070,#1954,#4670,.T.);
#4670 = LINE('',#4671,#4672);
#4671 = CARTESIAN_POINT('',(-3.617439072854,2.475,0.15));
#4672 = VECTOR('',#4673,1.);
#4673 = DIRECTION('',(-1.,0.,-0.));
#4674 = ORIENTED_EDGE('',*,*,#2069,.F.);
#4675 = ORIENTED_EDGE('',*,*,#4652,.T.);
#4676 = ORIENTED_EDGE('',*,*,#1962,.T.);
#4677 = PLANE('',#4678);
#4678 = AXIS2_PLACEMENT_3D('',#4679,#4680,#4681);
#4679 = CARTESIAN_POINT('',(-3.617439072854,2.475,0.15));
#4680 = DIRECTION('',(0.,1.,-1.367161731532E-16));
#4681 = DIRECTION('',(-1.,0.,0.));
#4682 = ADVANCED_FACE('',(#4683),#4694,.T.);
#4683 = FACE_BOUND('',#4684,.T.);
#4684 = EDGE_LOOP('',(#4685,#4691,#4692,#4693));
#4685 = ORIENTED_EDGE('',*,*,#4686,.F.);
#4686 = EDGE_CURVE('',#2020,#1946,#4687,.T.);
#4687 = LINE('',#4688,#4689);
#4688 = CARTESIAN_POINT('',(-3.617439072854,2.425,0.2));
#4689 = VECTOR('',#4690,1.);
#4690 = DIRECTION('',(-1.,0.,0.));
#4691 = ORIENTED_EDGE('',*,*,#2077,.F.);
#4692 = ORIENTED_EDGE('',*,*,#4669,.T.);
#4693 = ORIENTED_EDGE('',*,*,#1953,.T.);
#4694 = CYLINDRICAL_SURFACE('',#4695,5.E-02);
#4695 = AXIS2_PLACEMENT_3D('',#4696,#4697,#4698);
#4696 = CARTESIAN_POINT('',(-3.617439072854,2.425,0.15));
#4697 = DIRECTION('',(1.,0.,0.));
#4698 = DIRECTION('',(0.,1.,-1.367161731532E-16));
#4699 = ADVANCED_FACE('',(#4700),#4711,.T.);
#4700 = FACE_BOUND('',#4701,.T.);
#4701 = EDGE_LOOP('',(#4702,#4708,#4709,#4710));
#4702 = ORIENTED_EDGE('',*,*,#4703,.F.);
#4703 = EDGE_CURVE('',#2022,#1938,#4704,.T.);
#4704 = LINE('',#4705,#4706);
#4705 = CARTESIAN_POINT('',(-3.617439072854,1.999264068712,0.2));
#4706 = VECTOR('',#4707,1.);
#4707 = DIRECTION('',(-1.,0.,0.));
#4708 = ORIENTED_EDGE('',*,*,#2019,.F.);
#4709 = ORIENTED_EDGE('',*,*,#4686,.T.);
#4710 = ORIENTED_EDGE('',*,*,#1945,.T.);
#4711 = PLANE('',#4712);
#4712 = AXIS2_PLACEMENT_3D('',#4713,#4714,#4715);
#4713 = CARTESIAN_POINT('',(-3.617439072854,1.999264068712,0.2));
#4714 = DIRECTION('',(0.,2.00382526684E-16,1.));
#4715 = DIRECTION('',(0.,-1.,2.00382526684E-16));
#4716 = ADVANCED_FACE('',(#4717),#4723,.T.);
#4717 = FACE_BOUND('',#4718,.T.);
#4718 = EDGE_LOOP('',(#4719,#4720,#4721,#4722));
#4719 = ORIENTED_EDGE('',*,*,#4596,.F.);
#4720 = ORIENTED_EDGE('',*,*,#2029,.F.);
#4721 = ORIENTED_EDGE('',*,*,#4703,.T.);
#4722 = ORIENTED_EDGE('',*,*,#1937,.T.);
#4723 = PLANE('',#4724);
#4724 = AXIS2_PLACEMENT_3D('',#4725,#4726,#4727);
#4725 = CARTESIAN_POINT('',(-3.617439072854,1.625,0.574264068712));
#4726 = DIRECTION('',(0.,0.707106781187,0.707106781187));
#4727 = DIRECTION('',(0.,-0.707106781187,0.707106781187));
#4728 = ADVANCED_FACE('',(#4729),#4756,.F.);
#4729 = FACE_BOUND('',#4730,.T.);
#4730 = EDGE_LOOP('',(#4731,#4739,#4747,#4753,#4754,#4755));
#4731 = ORIENTED_EDGE('',*,*,#4732,.F.);
#4732 = EDGE_CURVE('',#4733,#2093,#4735,.T.);
#4733 = VERTEX_POINT('',#4734);
#4734 = CARTESIAN_POINT('',(-2.425,1.175,2.45));
#4735 = LINE('',#4736,#4737);
#4736 = CARTESIAN_POINT('',(-2.425,1.775,2.45));
#4737 = VECTOR('',#4738,1.);
#4738 = DIRECTION('',(0.,1.,-1.367161731532E-16));
#4739 = ORIENTED_EDGE('',*,*,#4740,.T.);
#4740 = EDGE_CURVE('',#4733,#4741,#4743,.T.);
#4741 = VERTEX_POINT('',#4742);
#4742 = CARTESIAN_POINT('',(-1.575,1.175,2.45));
#4743 = LINE('',#4744,#4745);
#4744 = CARTESIAN_POINT('',(0.575,1.175,2.45));
#4745 = VECTOR('',#4746,1.);
#4746 = DIRECTION('',(1.,0.,0.));
#4747 = ORIENTED_EDGE('',*,*,#4748,.T.);
#4748 = EDGE_CURVE('',#4741,#2149,#4749,.T.);
#4749 = LINE('',#4750,#4751);
#4750 = CARTESIAN_POINT('',(-1.575,1.775,2.45));
#4751 = VECTOR('',#4752,1.);
#4752 = DIRECTION('',(-0.,1.,-1.367161731532E-16));
#4753 = ORIENTED_EDGE('',*,*,#2148,.F.);
#4754 = ORIENTED_EDGE('',*,*,#2125,.F.);
#4755 = ORIENTED_EDGE('',*,*,#2092,.F.);
#4756 = PLANE('',#4757);
#4757 = AXIS2_PLACEMENT_3D('',#4758,#4759,#4760);
#4758 = CARTESIAN_POINT('',(-4.,1.775,2.45));
#4759 = DIRECTION('',(0.,-1.367161731532E-16,-1.));
#4760 = DIRECTION('',(0.,1.,-1.367161731532E-16));
#4761 = ADVANCED_FACE('',(#4762),#4778,.T.);
#4762 = FACE_BOUND('',#4763,.T.);
#4763 = EDGE_LOOP('',(#4764,#4770,#4771,#4777));
#4764 = ORIENTED_EDGE('',*,*,#4765,.T.);
#4765 = EDGE_CURVE('',#2274,#2157,#4766,.T.);
#4766 = LINE('',#4767,#4768);
#4767 = CARTESIAN_POINT('',(-1.425,1.625,0.574264068712));
#4768 = VECTOR('',#4769,1.);
#4769 = DIRECTION('',(-1.,0.,0.));
#4770 = ORIENTED_EDGE('',*,*,#2156,.F.);
#4771 = ORIENTED_EDGE('',*,*,#4772,.T.);
#4772 = EDGE_CURVE('',#2149,#2337,#4773,.T.);
#4773 = LINE('',#4774,#4775);
#4774 = CARTESIAN_POINT('',(-1.425,1.625,2.45));
#4775 = VECTOR('',#4776,1.);
#4776 = DIRECTION('',(1.,0.,0.));
#4777 = ORIENTED_EDGE('',*,*,#2354,.F.);
#4778 = PLANE('',#4779);
#4779 = AXIS2_PLACEMENT_3D('',#4780,#4781,#4782);
#4780 = CARTESIAN_POINT('',(-1.425,1.625,0.17));
#4781 = DIRECTION('',(0.,1.,-3.467361574284E-17));
#4782 = DIRECTION('',(0.,3.467361574284E-17,1.));
#4783 = ADVANCED_FACE('',(#4784),#4795,.T.);
#4784 = FACE_BOUND('',#4785,.T.);
#4785 = EDGE_LOOP('',(#4786,#4792,#4793,#4794));
#4786 = ORIENTED_EDGE('',*,*,#4787,.F.);
#4787 = EDGE_CURVE('',#2289,#2224,#4788,.T.);
#4788 = LINE('',#4789,#4790);
#4789 = CARTESIAN_POINT('',(-2.617439072854,1.775,-3.781964789077E-16));
#4790 = VECTOR('',#4791,1.);
#4791 = DIRECTION('',(-1.,0.,-0.));
#4792 = ORIENTED_EDGE('',*,*,#2288,.F.);
#4793 = ORIENTED_EDGE('',*,*,#2246,.T.);
#4794 = ORIENTED_EDGE('',*,*,#2231,.T.);
#4795 = PLANE('',#4796);
#4796 = AXIS2_PLACEMENT_3D('',#4797,#4798,#4799);
#4797 = CARTESIAN_POINT('',(-2.617439072854,1.775,-3.781964789077E-16));
#4798 = DIRECTION('',(0.,-0.707106781187,-0.707106781187));
#4799 = DIRECTION('',(0.,0.707106781187,-0.707106781187));
#4800 = ADVANCED_FACE('',(#4801),#4812,.T.);
#4801 = FACE_BOUND('',#4802,.T.);
#4802 = EDGE_LOOP('',(#4803,#4809,#4810,#4811));
#4803 = ORIENTED_EDGE('',*,*,#4804,.F.);
#4804 = EDGE_CURVE('',#2297,#2215,#4805,.T.);
#4805 = LINE('',#4806,#4807);
#4806 = CARTESIAN_POINT('',(-2.617439072854,2.425,-5.009433093475E-16));
#4807 = VECTOR('',#4808,1.);
#4808 = DIRECTION('',(-1.,0.,-0.));
#4809 = ORIENTED_EDGE('',*,*,#2296,.F.);
#4810 = ORIENTED_EDGE('',*,*,#4787,.T.);
#4811 = ORIENTED_EDGE('',*,*,#2223,.T.);
#4812 = PLANE('',#4813);
#4813 = AXIS2_PLACEMENT_3D('',#4814,#4815,#4816);
#4814 = CARTESIAN_POINT('',(-2.617439072854,2.425,-3.721943013648E-16));
#4815 = DIRECTION('',(0.,9.234119296733E-18,-1.));
#4816 = DIRECTION('',(0.,1.,9.234119296733E-18));
#4817 = ADVANCED_FACE('',(#4818),#4829,.T.);
#4818 = FACE_BOUND('',#4819,.T.);
#4819 = EDGE_LOOP('',(#4820,#4826,#4827,#4828));
#4820 = ORIENTED_EDGE('',*,*,#4821,.F.);
#4821 = EDGE_CURVE('',#2305,#2207,#4822,.T.);
#4822 = LINE('',#4823,#4824);
#4823 = CARTESIAN_POINT('',(-2.617439072854,2.475,5.E-02));
#4824 = VECTOR('',#4825,1.);
#4825 = DIRECTION('',(-1.,0.,0.));
#4826 = ORIENTED_EDGE('',*,*,#2304,.F.);
#4827 = ORIENTED_EDGE('',*,*,#4804,.T.);
#4828 = ORIENTED_EDGE('',*,*,#2214,.T.);
#4829 = CYLINDRICAL_SURFACE('',#4830,5.E-02);
#4830 = AXIS2_PLACEMENT_3D('',#4831,#4832,#4833);
#4831 = CARTESIAN_POINT('',(-2.617439072854,2.425,5.E-02));
#4832 = DIRECTION('',(1.,0.,0.));
#4833 = DIRECTION('',(0.,1.,-1.367161731532E-16));
#4834 = ADVANCED_FACE('',(#4835),#4846,.T.);
#4835 = FACE_BOUND('',#4836,.T.);
#4836 = EDGE_LOOP('',(#4837,#4843,#4844,#4845));
#4837 = ORIENTED_EDGE('',*,*,#4838,.F.);
#4838 = EDGE_CURVE('',#2314,#2198,#4839,.T.);
#4839 = LINE('',#4840,#4841);
#4840 = CARTESIAN_POINT('',(-2.617439072854,2.475,0.15));
#4841 = VECTOR('',#4842,1.);
#4842 = DIRECTION('',(-1.,0.,-0.));
#4843 = ORIENTED_EDGE('',*,*,#2313,.F.);
#4844 = ORIENTED_EDGE('',*,*,#4821,.T.);
#4845 = ORIENTED_EDGE('',*,*,#2206,.T.);
#4846 = PLANE('',#4847);
#4847 = AXIS2_PLACEMENT_3D('',#4848,#4849,#4850);
#4848 = CARTESIAN_POINT('',(-2.617439072854,2.475,0.15));
#4849 = DIRECTION('',(0.,1.,-1.367161731532E-16));
#4850 = DIRECTION('',(-1.,0.,0.));
#4851 = ADVANCED_FACE('',(#4852),#4863,.T.);
#4852 = FACE_BOUND('',#4853,.T.);
#4853 = EDGE_LOOP('',(#4854,#4860,#4861,#4862));
#4854 = ORIENTED_EDGE('',*,*,#4855,.F.);
#4855 = EDGE_CURVE('',#2264,#2190,#4856,.T.);
#4856 = LINE('',#4857,#4858);
#4857 = CARTESIAN_POINT('',(-2.617439072854,2.425,0.2));
#4858 = VECTOR('',#4859,1.);
#4859 = DIRECTION('',(-1.,0.,0.));
#4860 = ORIENTED_EDGE('',*,*,#2321,.F.);
#4861 = ORIENTED_EDGE('',*,*,#4838,.T.);
#4862 = ORIENTED_EDGE('',*,*,#2197,.T.);
#4863 = CYLINDRICAL_SURFACE('',#4864,5.E-02);
#4864 = AXIS2_PLACEMENT_3D('',#4865,#4866,#4867);
#4865 = CARTESIAN_POINT('',(-2.617439072854,2.425,0.15));
#4866 = DIRECTION('',(1.,0.,0.));
#4867 = DIRECTION('',(0.,1.,-1.367161731532E-16));
#4868 = ADVANCED_FACE('',(#4869),#4880,.T.);
#4869 = FACE_BOUND('',#4870,.T.);
#4870 = EDGE_LOOP('',(#4871,#4877,#4878,#4879));
#4871 = ORIENTED_EDGE('',*,*,#4872,.F.);
#4872 = EDGE_CURVE('',#2266,#2182,#4873,.T.);
#4873 = LINE('',#4874,#4875);
#4874 = CARTESIAN_POINT('',(-2.617439072854,1.999264068712,0.2));
#4875 = VECTOR('',#4876,1.);
#4876 = DIRECTION('',(-1.,0.,0.));
#4877 = ORIENTED_EDGE('',*,*,#2263,.F.);
#4878 = ORIENTED_EDGE('',*,*,#4855,.T.);
#4879 = ORIENTED_EDGE('',*,*,#2189,.T.);
#4880 = PLANE('',#4881);
#4881 = AXIS2_PLACEMENT_3D('',#4882,#4883,#4884);
#4882 = CARTESIAN_POINT('',(-2.617439072854,1.999264068712,0.2));
#4883 = DIRECTION('',(0.,2.00382526684E-16,1.));
#4884 = DIRECTION('',(0.,-1.,2.00382526684E-16));
#4885 = ADVANCED_FACE('',(#4886),#4892,.T.);
#4886 = FACE_BOUND('',#4887,.T.);
#4887 = EDGE_LOOP('',(#4888,#4889,#4890,#4891));
#4888 = ORIENTED_EDGE('',*,*,#4765,.F.);
#4889 = ORIENTED_EDGE('',*,*,#2273,.F.);
#4890 = ORIENTED_EDGE('',*,*,#4872,.T.);
#4891 = ORIENTED_EDGE('',*,*,#2181,.T.);
#4892 = PLANE('',#4893);
#4893 = AXIS2_PLACEMENT_3D('',#4894,#4895,#4896);
#4894 = CARTESIAN_POINT('',(-2.617439072854,1.625,0.574264068712));
#4895 = DIRECTION('',(0.,0.707106781187,0.707106781187));
#4896 = DIRECTION('',(0.,-0.707106781187,0.707106781187));
#4897 = ADVANCED_FACE('',(#4898),#4925,.F.);
#4898 = FACE_BOUND('',#4899,.T.);
#4899 = EDGE_LOOP('',(#4900,#4908,#4916,#4922,#4923,#4924));
#4900 = ORIENTED_EDGE('',*,*,#4901,.F.);
#4901 = EDGE_CURVE('',#4902,#2337,#4904,.T.);
#4902 = VERTEX_POINT('',#4903);
#4903 = CARTESIAN_POINT('',(-1.425,1.175,2.45));
#4904 = LINE('',#4905,#4906);
#4905 = CARTESIAN_POINT('',(-1.425,1.775,2.45));
#4906 = VECTOR('',#4907,1.);
#4907 = DIRECTION('',(0.,1.,-1.367161731532E-16));
#4908 = ORIENTED_EDGE('',*,*,#4909,.T.);
#4909 = EDGE_CURVE('',#4902,#4910,#4912,.T.);
#4910 = VERTEX_POINT('',#4911);
#4911 = CARTESIAN_POINT('',(-0.575,1.175,2.45));
#4912 = LINE('',#4913,#4914);
#4913 = CARTESIAN_POINT('',(0.575,1.175,2.45));
#4914 = VECTOR('',#4915,1.);
#4915 = DIRECTION('',(1.,0.,0.));
#4916 = ORIENTED_EDGE('',*,*,#4917,.T.);
#4917 = EDGE_CURVE('',#4910,#2393,#4918,.T.);
#4918 = LINE('',#4919,#4920);
#4919 = CARTESIAN_POINT('',(-0.575,1.775,2.45));
#4920 = VECTOR('',#4921,1.);
#4921 = DIRECTION('',(0.,1.,-1.367161731532E-16));
#4922 = ORIENTED_EDGE('',*,*,#2392,.F.);
#4923 = ORIENTED_EDGE('',*,*,#2369,.F.);
#4924 = ORIENTED_EDGE('',*,*,#2336,.F.);
#4925 = PLANE('',#4926);
#4926 = AXIS2_PLACEMENT_3D('',#4927,#4928,#4929);
#4927 = CARTESIAN_POINT('',(-4.,1.775,2.45));
#4928 = DIRECTION('',(0.,-1.367161731532E-16,-1.));
#4929 = DIRECTION('',(0.,1.,-1.367161731532E-16));
#4930 = ADVANCED_FACE('',(#4931),#4947,.T.);
#4931 = FACE_BOUND('',#4932,.T.);
#4932 = EDGE_LOOP('',(#4933,#4939,#4940,#4946));
#4933 = ORIENTED_EDGE('',*,*,#4934,.T.);
#4934 = EDGE_CURVE('',#2518,#2401,#4935,.T.);
#4935 = LINE('',#4936,#4937);
#4936 = CARTESIAN_POINT('',(-0.425,1.625,0.574264068712));
#4937 = VECTOR('',#4938,1.);
#4938 = DIRECTION('',(-1.,0.,0.));
#4939 = ORIENTED_EDGE('',*,*,#2400,.T.);
#4940 = ORIENTED_EDGE('',*,*,#4941,.T.);
#4941 = EDGE_CURVE('',#2393,#2581,#4942,.T.);
#4942 = LINE('',#4943,#4944);
#4943 = CARTESIAN_POINT('',(-0.425,1.625,2.45));
#4944 = VECTOR('',#4945,1.);
#4945 = DIRECTION('',(1.,0.,0.));
#4946 = ORIENTED_EDGE('',*,*,#2598,.F.);
#4947 = PLANE('',#4948);
#4948 = AXIS2_PLACEMENT_3D('',#4949,#4950,#4951);
#4949 = CARTESIAN_POINT('',(-0.425,1.625,0.17));
#4950 = DIRECTION('',(0.,1.,-3.467361574284E-17));
#4951 = DIRECTION('',(0.,3.467361574284E-17,1.));
#4952 = ADVANCED_FACE('',(#4953),#4964,.T.);
#4953 = FACE_BOUND('',#4954,.T.);
#4954 = EDGE_LOOP('',(#4955,#4961,#4962,#4963));
#4955 = ORIENTED_EDGE('',*,*,#4956,.F.);
#4956 = EDGE_CURVE('',#2533,#2468,#4957,.T.);
#4957 = LINE('',#4958,#4959);
#4958 = CARTESIAN_POINT('',(-1.617439072854,1.775,-3.781964789077E-16));
#4959 = VECTOR('',#4960,1.);
#4960 = DIRECTION('',(-1.,0.,-0.));
#4961 = ORIENTED_EDGE('',*,*,#2532,.F.);
#4962 = ORIENTED_EDGE('',*,*,#2490,.T.);
#4963 = ORIENTED_EDGE('',*,*,#2475,.T.);
#4964 = PLANE('',#4965);
#4965 = AXIS2_PLACEMENT_3D('',#4966,#4967,#4968);
#4966 = CARTESIAN_POINT('',(-1.617439072854,1.775,-3.781964789077E-16));
#4967 = DIRECTION('',(0.,-0.707106781187,-0.707106781187));
#4968 = DIRECTION('',(0.,0.707106781187,-0.707106781187));
#4969 = ADVANCED_FACE('',(#4970),#4981,.T.);
#4970 = FACE_BOUND('',#4971,.T.);
#4971 = EDGE_LOOP('',(#4972,#4978,#4979,#4980));
#4972 = ORIENTED_EDGE('',*,*,#4973,.F.);
#4973 = EDGE_CURVE('',#2541,#2459,#4974,.T.);
#4974 = LINE('',#4975,#4976);
#4975 = CARTESIAN_POINT('',(-1.617439072854,2.425,-5.009433093475E-16));
#4976 = VECTOR('',#4977,1.);
#4977 = DIRECTION('',(-1.,0.,-0.));
#4978 = ORIENTED_EDGE('',*,*,#2540,.F.);
#4979 = ORIENTED_EDGE('',*,*,#4956,.T.);
#4980 = ORIENTED_EDGE('',*,*,#2467,.T.);
#4981 = PLANE('',#4982);
#4982 = AXIS2_PLACEMENT_3D('',#4983,#4984,#4985);
#4983 = CARTESIAN_POINT('',(-1.617439072854,2.425,-3.721943013648E-16));
#4984 = DIRECTION('',(0.,9.234119296733E-18,-1.));
#4985 = DIRECTION('',(0.,1.,9.234119296733E-18));
#4986 = ADVANCED_FACE('',(#4987),#4998,.T.);
#4987 = FACE_BOUND('',#4988,.T.);
#4988 = EDGE_LOOP('',(#4989,#4995,#4996,#4997));
#4989 = ORIENTED_EDGE('',*,*,#4990,.F.);
#4990 = EDGE_CURVE('',#2549,#2451,#4991,.T.);
#4991 = LINE('',#4992,#4993);
#4992 = CARTESIAN_POINT('',(-1.617439072854,2.475,5.E-02));
#4993 = VECTOR('',#4994,1.);
#4994 = DIRECTION('',(-1.,0.,0.));
#4995 = ORIENTED_EDGE('',*,*,#2548,.F.);
#4996 = ORIENTED_EDGE('',*,*,#4973,.T.);
#4997 = ORIENTED_EDGE('',*,*,#2458,.T.);
#4998 = CYLINDRICAL_SURFACE('',#4999,5.E-02);
#4999 = AXIS2_PLACEMENT_3D('',#5000,#5001,#5002);
#5000 = CARTESIAN_POINT('',(-1.617439072854,2.425,5.E-02));
#5001 = DIRECTION('',(1.,0.,0.));
#5002 = DIRECTION('',(0.,1.,-1.367161731532E-16));
#5003 = ADVANCED_FACE('',(#5004),#5015,.T.);
#5004 = FACE_BOUND('',#5005,.T.);
#5005 = EDGE_LOOP('',(#5006,#5012,#5013,#5014));
#5006 = ORIENTED_EDGE('',*,*,#5007,.F.);
#5007 = EDGE_CURVE('',#2558,#2442,#5008,.T.);
#5008 = LINE('',#5009,#5010);
#5009 = CARTESIAN_POINT('',(-1.617439072854,2.475,0.15));
#5010 = VECTOR('',#5011,1.);
#5011 = DIRECTION('',(-1.,0.,-0.));
#5012 = ORIENTED_EDGE('',*,*,#2557,.F.);
#5013 = ORIENTED_EDGE('',*,*,#4990,.T.);
#5014 = ORIENTED_EDGE('',*,*,#2450,.T.);
#5015 = PLANE('',#5016);
#5016 = AXIS2_PLACEMENT_3D('',#5017,#5018,#5019);
#5017 = CARTESIAN_POINT('',(-1.617439072854,2.475,0.15));
#5018 = DIRECTION('',(0.,1.,-1.367161731532E-16));
#5019 = DIRECTION('',(-1.,0.,0.));
#5020 = ADVANCED_FACE('',(#5021),#5032,.T.);
#5021 = FACE_BOUND('',#5022,.T.);
#5022 = EDGE_LOOP('',(#5023,#5029,#5030,#5031));
#5023 = ORIENTED_EDGE('',*,*,#5024,.F.);
#5024 = EDGE_CURVE('',#2508,#2434,#5025,.T.);
#5025 = LINE('',#5026,#5027);
#5026 = CARTESIAN_POINT('',(-1.617439072854,2.425,0.2));
#5027 = VECTOR('',#5028,1.);
#5028 = DIRECTION('',(-1.,0.,0.));
#5029 = ORIENTED_EDGE('',*,*,#2565,.F.);
#5030 = ORIENTED_EDGE('',*,*,#5007,.T.);
#5031 = ORIENTED_EDGE('',*,*,#2441,.T.);
#5032 = CYLINDRICAL_SURFACE('',#5033,5.E-02);
#5033 = AXIS2_PLACEMENT_3D('',#5034,#5035,#5036);
#5034 = CARTESIAN_POINT('',(-1.617439072854,2.425,0.15));
#5035 = DIRECTION('',(1.,0.,0.));
#5036 = DIRECTION('',(0.,1.,-1.367161731532E-16));
#5037 = ADVANCED_FACE('',(#5038),#5049,.T.);
#5038 = FACE_BOUND('',#5039,.T.);
#5039 = EDGE_LOOP('',(#5040,#5046,#5047,#5048));
#5040 = ORIENTED_EDGE('',*,*,#5041,.F.);
#5041 = EDGE_CURVE('',#2510,#2426,#5042,.T.);
#5042 = LINE('',#5043,#5044);
#5043 = CARTESIAN_POINT('',(-1.617439072854,1.999264068712,0.2));
#5044 = VECTOR('',#5045,1.);
#5045 = DIRECTION('',(-1.,0.,0.));
#5046 = ORIENTED_EDGE('',*,*,#2507,.F.);
#5047 = ORIENTED_EDGE('',*,*,#5024,.T.);
#5048 = ORIENTED_EDGE('',*,*,#2433,.T.);
#5049 = PLANE('',#5050);
#5050 = AXIS2_PLACEMENT_3D('',#5051,#5052,#5053);
#5051 = CARTESIAN_POINT('',(-1.617439072854,1.999264068712,0.2));
#5052 = DIRECTION('',(0.,2.00382526684E-16,1.));
#5053 = DIRECTION('',(0.,-1.,2.00382526684E-16));
#5054 = ADVANCED_FACE('',(#5055),#5061,.T.);
#5055 = FACE_BOUND('',#5056,.T.);
#5056 = EDGE_LOOP('',(#5057,#5058,#5059,#5060));
#5057 = ORIENTED_EDGE('',*,*,#4934,.F.);
#5058 = ORIENTED_EDGE('',*,*,#2517,.F.);
#5059 = ORIENTED_EDGE('',*,*,#5041,.T.);
#5060 = ORIENTED_EDGE('',*,*,#2425,.T.);
#5061 = PLANE('',#5062);
#5062 = AXIS2_PLACEMENT_3D('',#5063,#5064,#5065);
#5063 = CARTESIAN_POINT('',(-1.617439072854,1.625,0.574264068712));
#5064 = DIRECTION('',(0.,0.707106781187,0.707106781187));
#5065 = DIRECTION('',(0.,-0.707106781187,0.707106781187));
#5066 = ADVANCED_FACE('',(#5067),#5094,.F.);
#5067 = FACE_BOUND('',#5068,.T.);
#5068 = EDGE_LOOP('',(#5069,#5077,#5078,#5079,#5080,#5088));
#5069 = ORIENTED_EDGE('',*,*,#5070,.T.);
#5070 = EDGE_CURVE('',#5071,#2637,#5073,.T.);
#5071 = VERTEX_POINT('',#5072);
#5072 = CARTESIAN_POINT('',(0.425,1.175,2.45));
#5073 = LINE('',#5074,#5075);
#5074 = CARTESIAN_POINT('',(0.425,1.775,2.45));
#5075 = VECTOR('',#5076,1.);
#5076 = DIRECTION('',(0.,1.,-1.367161731532E-16));
#5077 = ORIENTED_EDGE('',*,*,#2636,.F.);
#5078 = ORIENTED_EDGE('',*,*,#2612,.F.);
#5079 = ORIENTED_EDGE('',*,*,#2580,.F.);
#5080 = ORIENTED_EDGE('',*,*,#5081,.T.);
#5081 = EDGE_CURVE('',#2581,#5082,#5084,.T.);
#5082 = VERTEX_POINT('',#5083);
#5083 = CARTESIAN_POINT('',(-0.425,1.175,2.45));
#5084 = LINE('',#5085,#5086);
#5085 = CARTESIAN_POINT('',(-0.425,1.175,2.45));
#5086 = VECTOR('',#5087,1.);
#5087 = DIRECTION('',(0.,-1.,1.367161731532E-16));
#5088 = ORIENTED_EDGE('',*,*,#5089,.T.);
#5089 = EDGE_CURVE('',#5082,#5071,#5090,.T.);
#5090 = LINE('',#5091,#5092);
#5091 = CARTESIAN_POINT('',(0.575,1.175,2.45));
#5092 = VECTOR('',#5093,1.);
#5093 = DIRECTION('',(1.,0.,0.));
#5094 = PLANE('',#5095);
#5095 = AXIS2_PLACEMENT_3D('',#5096,#5097,#5098);
#5096 = CARTESIAN_POINT('',(-4.,1.775,2.45));
#5097 = DIRECTION('',(0.,-1.367161731532E-16,-1.));
#5098 = DIRECTION('',(0.,1.,-1.367161731532E-16));
#5099 = ADVANCED_FACE('',(#5100),#5116,.T.);
#5100 = FACE_BOUND('',#5101,.T.);
#5101 = EDGE_LOOP('',(#5102,#5108,#5109,#5115));
#5102 = ORIENTED_EDGE('',*,*,#5103,.T.);
#5103 = EDGE_CURVE('',#2762,#2645,#5104,.T.);
#5104 = LINE('',#5105,#5106);
#5105 = CARTESIAN_POINT('',(0.575,1.625,0.574264068712));
#5106 = VECTOR('',#5107,1.);
#5107 = DIRECTION('',(-1.,0.,0.));
#5108 = ORIENTED_EDGE('',*,*,#2644,.T.);
#5109 = ORIENTED_EDGE('',*,*,#5110,.T.);
#5110 = EDGE_CURVE('',#2637,#2825,#5111,.T.);
#5111 = LINE('',#5112,#5113);
#5112 = CARTESIAN_POINT('',(0.575,1.625,2.45));
#5113 = VECTOR('',#5114,1.);
#5114 = DIRECTION('',(1.,0.,0.));
#5115 = ORIENTED_EDGE('',*,*,#2842,.F.);
#5116 = PLANE('',#5117);
#5117 = AXIS2_PLACEMENT_3D('',#5118,#5119,#5120);
#5118 = CARTESIAN_POINT('',(0.575,1.625,0.17));
#5119 = DIRECTION('',(0.,1.,-3.467361574284E-17));
#5120 = DIRECTION('',(0.,3.467361574284E-17,1.));
#5121 = ADVANCED_FACE('',(#5122),#5133,.T.);
#5122 = FACE_BOUND('',#5123,.T.);
#5123 = EDGE_LOOP('',(#5124,#5130,#5131,#5132));
#5124 = ORIENTED_EDGE('',*,*,#5125,.F.);
#5125 = EDGE_CURVE('',#2777,#2712,#5126,.T.);
#5126 = LINE('',#5127,#5128);
#5127 = CARTESIAN_POINT('',(-0.617439072854,1.775,-3.781964789077E-16));
#5128 = VECTOR('',#5129,1.);
#5129 = DIRECTION('',(-1.,0.,-0.));
#5130 = ORIENTED_EDGE('',*,*,#2776,.F.);
#5131 = ORIENTED_EDGE('',*,*,#2734,.T.);
#5132 = ORIENTED_EDGE('',*,*,#2719,.T.);
#5133 = PLANE('',#5134);
#5134 = AXIS2_PLACEMENT_3D('',#5135,#5136,#5137);
#5135 = CARTESIAN_POINT('',(-0.617439072854,1.775,-3.781964789077E-16));
#5136 = DIRECTION('',(0.,-0.707106781187,-0.707106781187));
#5137 = DIRECTION('',(0.,0.707106781187,-0.707106781187));
#5138 = ADVANCED_FACE('',(#5139),#5150,.T.);
#5139 = FACE_BOUND('',#5140,.T.);
#5140 = EDGE_LOOP('',(#5141,#5147,#5148,#5149));
#5141 = ORIENTED_EDGE('',*,*,#5142,.F.);
#5142 = EDGE_CURVE('',#2785,#2703,#5143,.T.);
#5143 = LINE('',#5144,#5145);
#5144 = CARTESIAN_POINT('',(-0.617439072854,2.425,-5.009433093475E-16));
#5145 = VECTOR('',#5146,1.);
#5146 = DIRECTION('',(-1.,0.,-0.));
#5147 = ORIENTED_EDGE('',*,*,#2784,.F.);
#5148 = ORIENTED_EDGE('',*,*,#5125,.T.);
#5149 = ORIENTED_EDGE('',*,*,#2711,.T.);
#5150 = PLANE('',#5151);
#5151 = AXIS2_PLACEMENT_3D('',#5152,#5153,#5154);
#5152 = CARTESIAN_POINT('',(-0.617439072854,2.425,-3.721943013648E-16));
#5153 = DIRECTION('',(0.,9.234119296733E-18,-1.));
#5154 = DIRECTION('',(0.,1.,9.234119296733E-18));
#5155 = ADVANCED_FACE('',(#5156),#5167,.T.);
#5156 = FACE_BOUND('',#5157,.T.);
#5157 = EDGE_LOOP('',(#5158,#5164,#5165,#5166));
#5158 = ORIENTED_EDGE('',*,*,#5159,.F.);
#5159 = EDGE_CURVE('',#2793,#2695,#5160,.T.);
#5160 = LINE('',#5161,#5162);
#5161 = CARTESIAN_POINT('',(-0.617439072854,2.475,5.E-02));
#5162 = VECTOR('',#5163,1.);
#5163 = DIRECTION('',(-1.,0.,0.));
#5164 = ORIENTED_EDGE('',*,*,#2792,.F.);
#5165 = ORIENTED_EDGE('',*,*,#5142,.T.);
#5166 = ORIENTED_EDGE('',*,*,#2702,.T.);
#5167 = CYLINDRICAL_SURFACE('',#5168,5.E-02);
#5168 = AXIS2_PLACEMENT_3D('',#5169,#5170,#5171);
#5169 = CARTESIAN_POINT('',(-0.617439072854,2.425,5.E-02));
#5170 = DIRECTION('',(1.,0.,0.));
#5171 = DIRECTION('',(0.,1.,-1.367161731532E-16));
#5172 = ADVANCED_FACE('',(#5173),#5184,.T.);
#5173 = FACE_BOUND('',#5174,.T.);
#5174 = EDGE_LOOP('',(#5175,#5181,#5182,#5183));
#5175 = ORIENTED_EDGE('',*,*,#5176,.F.);
#5176 = EDGE_CURVE('',#2802,#2686,#5177,.T.);
#5177 = LINE('',#5178,#5179);
#5178 = CARTESIAN_POINT('',(-0.617439072854,2.475,0.15));
#5179 = VECTOR('',#5180,1.);
#5180 = DIRECTION('',(-1.,0.,-0.));
#5181 = ORIENTED_EDGE('',*,*,#2801,.F.);
#5182 = ORIENTED_EDGE('',*,*,#5159,.T.);
#5183 = ORIENTED_EDGE('',*,*,#2694,.T.);
#5184 = PLANE('',#5185);
#5185 = AXIS2_PLACEMENT_3D('',#5186,#5187,#5188);
#5186 = CARTESIAN_POINT('',(-0.617439072854,2.475,0.15));
#5187 = DIRECTION('',(0.,1.,-1.367161731532E-16));
#5188 = DIRECTION('',(-1.,0.,0.));
#5189 = ADVANCED_FACE('',(#5190),#5201,.T.);
#5190 = FACE_BOUND('',#5191,.T.);
#5191 = EDGE_LOOP('',(#5192,#5198,#5199,#5200));
#5192 = ORIENTED_EDGE('',*,*,#5193,.F.);
#5193 = EDGE_CURVE('',#2752,#2678,#5194,.T.);
#5194 = LINE('',#5195,#5196);
#5195 = CARTESIAN_POINT('',(-0.617439072854,2.425,0.2));
#5196 = VECTOR('',#5197,1.);
#5197 = DIRECTION('',(-1.,0.,0.));
#5198 = ORIENTED_EDGE('',*,*,#2809,.F.);
#5199 = ORIENTED_EDGE('',*,*,#5176,.T.);
#5200 = ORIENTED_EDGE('',*,*,#2685,.T.);
#5201 = CYLINDRICAL_SURFACE('',#5202,5.E-02);
#5202 = AXIS2_PLACEMENT_3D('',#5203,#5204,#5205);
#5203 = CARTESIAN_POINT('',(-0.617439072854,2.425,0.15));
#5204 = DIRECTION('',(1.,0.,0.));
#5205 = DIRECTION('',(0.,1.,-1.367161731532E-16));
#5206 = ADVANCED_FACE('',(#5207),#5218,.T.);
#5207 = FACE_BOUND('',#5208,.T.);
#5208 = EDGE_LOOP('',(#5209,#5215,#5216,#5217));
#5209 = ORIENTED_EDGE('',*,*,#5210,.F.);
#5210 = EDGE_CURVE('',#2754,#2670,#5211,.T.);
#5211 = LINE('',#5212,#5213);
#5212 = CARTESIAN_POINT('',(-0.617439072854,1.999264068712,0.2));
#5213 = VECTOR('',#5214,1.);
#5214 = DIRECTION('',(-1.,0.,0.));
#5215 = ORIENTED_EDGE('',*,*,#2751,.F.);
#5216 = ORIENTED_EDGE('',*,*,#5193,.T.);
#5217 = ORIENTED_EDGE('',*,*,#2677,.T.);
#5218 = PLANE('',#5219);
#5219 = AXIS2_PLACEMENT_3D('',#5220,#5221,#5222);
#5220 = CARTESIAN_POINT('',(-0.617439072854,1.999264068712,0.2));
#5221 = DIRECTION('',(0.,2.00382526684E-16,1.));
#5222 = DIRECTION('',(0.,-1.,2.00382526684E-16));
#5223 = ADVANCED_FACE('',(#5224),#5230,.T.);
#5224 = FACE_BOUND('',#5225,.T.);
#5225 = EDGE_LOOP('',(#5226,#5227,#5228,#5229));
#5226 = ORIENTED_EDGE('',*,*,#5103,.F.);
#5227 = ORIENTED_EDGE('',*,*,#2761,.F.);
#5228 = ORIENTED_EDGE('',*,*,#5210,.T.);
#5229 = ORIENTED_EDGE('',*,*,#2669,.T.);
#5230 = PLANE('',#5231);
#5231 = AXIS2_PLACEMENT_3D('',#5232,#5233,#5234);
#5232 = CARTESIAN_POINT('',(-0.617439072854,1.625,0.574264068712));
#5233 = DIRECTION('',(0.,0.707106781187,0.707106781187));
#5234 = DIRECTION('',(0.,-0.707106781187,0.707106781187));
#5235 = ADVANCED_FACE('',(#5236),#5263,.F.);
#5236 = FACE_BOUND('',#5237,.T.);
#5237 = EDGE_LOOP('',(#5238,#5239,#5240,#5241,#5249,#5257));
#5238 = ORIENTED_EDGE('',*,*,#2880,.F.);
#5239 = ORIENTED_EDGE('',*,*,#2866,.F.);
#5240 = ORIENTED_EDGE('',*,*,#2824,.F.);
#5241 = ORIENTED_EDGE('',*,*,#5242,.T.);
#5242 = EDGE_CURVE('',#2825,#5243,#5245,.T.);
#5243 = VERTEX_POINT('',#5244);
#5244 = CARTESIAN_POINT('',(0.575,1.175,2.45));
#5245 = LINE('',#5246,#5247);
#5246 = CARTESIAN_POINT('',(0.575,1.175,2.45));
#5247 = VECTOR('',#5248,1.);
#5248 = DIRECTION('',(0.,-1.,1.367161731532E-16));
#5249 = ORIENTED_EDGE('',*,*,#5250,.T.);
#5250 = EDGE_CURVE('',#5243,#5251,#5253,.T.);
#5251 = VERTEX_POINT('',#5252);
#5252 = CARTESIAN_POINT('',(1.425,1.175,2.45));
#5253 = LINE('',#5254,#5255);
#5254 = CARTESIAN_POINT('',(0.575,1.175,2.45));
#5255 = VECTOR('',#5256,1.);
#5256 = DIRECTION('',(1.,0.,0.));
#5257 = ORIENTED_EDGE('',*,*,#5258,.T.);
#5258 = EDGE_CURVE('',#5251,#2881,#5259,.T.);
#5259 = LINE('',#5260,#5261);
#5260 = CARTESIAN_POINT('',(1.425,1.775,2.45));
#5261 = VECTOR('',#5262,1.);
#5262 = DIRECTION('',(-0.,1.,-1.367161731532E-16));
#5263 = PLANE('',#5264);
#5264 = AXIS2_PLACEMENT_3D('',#5265,#5266,#5267);
#5265 = CARTESIAN_POINT('',(-4.,1.775,2.45));
#5266 = DIRECTION('',(0.,-1.367161731532E-16,-1.));
#5267 = DIRECTION('',(0.,1.,-1.367161731532E-16));
#5268 = ADVANCED_FACE('',(#5269),#5285,.T.);
#5269 = FACE_BOUND('',#5270,.T.);
#5270 = EDGE_LOOP('',(#5271,#5277,#5278,#5284));
#5271 = ORIENTED_EDGE('',*,*,#5272,.T.);
#5272 = EDGE_CURVE('',#3006,#2889,#5273,.T.);
#5273 = LINE('',#5274,#5275);
#5274 = CARTESIAN_POINT('',(1.575,1.625,0.574264068712));
#5275 = VECTOR('',#5276,1.);
#5276 = DIRECTION('',(-1.,0.,0.));
#5277 = ORIENTED_EDGE('',*,*,#2888,.F.);
#5278 = ORIENTED_EDGE('',*,*,#5279,.T.);
#5279 = EDGE_CURVE('',#2881,#3069,#5280,.T.);
#5280 = LINE('',#5281,#5282);
#5281 = CARTESIAN_POINT('',(1.575,1.625,2.45));
#5282 = VECTOR('',#5283,1.);
#5283 = DIRECTION('',(1.,0.,0.));
#5284 = ORIENTED_EDGE('',*,*,#3086,.F.);
#5285 = PLANE('',#5286);
#5286 = AXIS2_PLACEMENT_3D('',#5287,#5288,#5289);
#5287 = CARTESIAN_POINT('',(1.575,1.625,0.17));
#5288 = DIRECTION('',(0.,1.,-3.467361574284E-17));
#5289 = DIRECTION('',(0.,3.467361574284E-17,1.));
#5290 = ADVANCED_FACE('',(#5291),#5302,.T.);
#5291 = FACE_BOUND('',#5292,.T.);
#5292 = EDGE_LOOP('',(#5293,#5299,#5300,#5301));
#5293 = ORIENTED_EDGE('',*,*,#5294,.F.);
#5294 = EDGE_CURVE('',#3021,#2956,#5295,.T.);
#5295 = LINE('',#5296,#5297);
#5296 = CARTESIAN_POINT('',(0.382560927146,1.775,-3.781964789077E-16));
#5297 = VECTOR('',#5298,1.);
#5298 = DIRECTION('',(-1.,0.,-0.));
#5299 = ORIENTED_EDGE('',*,*,#3020,.F.);
#5300 = ORIENTED_EDGE('',*,*,#2978,.T.);
#5301 = ORIENTED_EDGE('',*,*,#2963,.T.);
#5302 = PLANE('',#5303);
#5303 = AXIS2_PLACEMENT_3D('',#5304,#5305,#5306);
#5304 = CARTESIAN_POINT('',(0.382560927146,1.775,-3.781964789077E-16));
#5305 = DIRECTION('',(0.,-0.707106781187,-0.707106781187));
#5306 = DIRECTION('',(0.,0.707106781187,-0.707106781187));
#5307 = ADVANCED_FACE('',(#5308),#5319,.T.);
#5308 = FACE_BOUND('',#5309,.T.);
#5309 = EDGE_LOOP('',(#5310,#5316,#5317,#5318));
#5310 = ORIENTED_EDGE('',*,*,#5311,.F.);
#5311 = EDGE_CURVE('',#3029,#2947,#5312,.T.);
#5312 = LINE('',#5313,#5314);
#5313 = CARTESIAN_POINT('',(0.382560927146,2.425,-5.009433093475E-16));
#5314 = VECTOR('',#5315,1.);
#5315 = DIRECTION('',(-1.,0.,-0.));
#5316 = ORIENTED_EDGE('',*,*,#3028,.F.);
#5317 = ORIENTED_EDGE('',*,*,#5294,.T.);
#5318 = ORIENTED_EDGE('',*,*,#2955,.T.);
#5319 = PLANE('',#5320);
#5320 = AXIS2_PLACEMENT_3D('',#5321,#5322,#5323);
#5321 = CARTESIAN_POINT('',(0.382560927146,2.425,-3.721943013648E-16));
#5322 = DIRECTION('',(0.,9.234119296733E-18,-1.));
#5323 = DIRECTION('',(0.,1.,9.234119296733E-18));
#5324 = ADVANCED_FACE('',(#5325),#5336,.T.);
#5325 = FACE_BOUND('',#5326,.T.);
#5326 = EDGE_LOOP('',(#5327,#5333,#5334,#5335));
#5327 = ORIENTED_EDGE('',*,*,#5328,.F.);
#5328 = EDGE_CURVE('',#3037,#2939,#5329,.T.);
#5329 = LINE('',#5330,#5331);
#5330 = CARTESIAN_POINT('',(0.382560927146,2.475,5.E-02));
#5331 = VECTOR('',#5332,1.);
#5332 = DIRECTION('',(-1.,0.,0.));
#5333 = ORIENTED_EDGE('',*,*,#3036,.F.);
#5334 = ORIENTED_EDGE('',*,*,#5311,.T.);
#5335 = ORIENTED_EDGE('',*,*,#2946,.T.);
#5336 = CYLINDRICAL_SURFACE('',#5337,5.E-02);
#5337 = AXIS2_PLACEMENT_3D('',#5338,#5339,#5340);
#5338 = CARTESIAN_POINT('',(0.382560927146,2.425,5.E-02));
#5339 = DIRECTION('',(1.,0.,0.));
#5340 = DIRECTION('',(0.,1.,-1.367161731532E-16));
#5341 = ADVANCED_FACE('',(#5342),#5353,.T.);
#5342 = FACE_BOUND('',#5343,.T.);
#5343 = EDGE_LOOP('',(#5344,#5350,#5351,#5352));
#5344 = ORIENTED_EDGE('',*,*,#5345,.F.);
#5345 = EDGE_CURVE('',#3046,#2930,#5346,.T.);
#5346 = LINE('',#5347,#5348);
#5347 = CARTESIAN_POINT('',(0.382560927146,2.475,0.15));
#5348 = VECTOR('',#5349,1.);
#5349 = DIRECTION('',(-1.,0.,-0.));
#5350 = ORIENTED_EDGE('',*,*,#3045,.F.);
#5351 = ORIENTED_EDGE('',*,*,#5328,.T.);
#5352 = ORIENTED_EDGE('',*,*,#2938,.T.);
#5353 = PLANE('',#5354);
#5354 = AXIS2_PLACEMENT_3D('',#5355,#5356,#5357);
#5355 = CARTESIAN_POINT('',(0.382560927146,2.475,0.15));
#5356 = DIRECTION('',(0.,1.,-1.367161731532E-16));
#5357 = DIRECTION('',(-1.,0.,0.));
#5358 = ADVANCED_FACE('',(#5359),#5370,.T.);
#5359 = FACE_BOUND('',#5360,.T.);
#5360 = EDGE_LOOP('',(#5361,#5367,#5368,#5369));
#5361 = ORIENTED_EDGE('',*,*,#5362,.F.);
#5362 = EDGE_CURVE('',#2996,#2922,#5363,.T.);
#5363 = LINE('',#5364,#5365);
#5364 = CARTESIAN_POINT('',(0.382560927146,2.425,0.2));
#5365 = VECTOR('',#5366,1.);
#5366 = DIRECTION('',(-1.,0.,0.));
#5367 = ORIENTED_EDGE('',*,*,#3053,.F.);
#5368 = ORIENTED_EDGE('',*,*,#5345,.T.);
#5369 = ORIENTED_EDGE('',*,*,#2929,.T.);
#5370 = CYLINDRICAL_SURFACE('',#5371,5.E-02);
#5371 = AXIS2_PLACEMENT_3D('',#5372,#5373,#5374);
#5372 = CARTESIAN_POINT('',(0.382560927146,2.425,0.15));
#5373 = DIRECTION('',(1.,0.,0.));
#5374 = DIRECTION('',(0.,1.,-1.367161731532E-16));
#5375 = ADVANCED_FACE('',(#5376),#5387,.T.);
#5376 = FACE_BOUND('',#5377,.T.);
#5377 = EDGE_LOOP('',(#5378,#5384,#5385,#5386));
#5378 = ORIENTED_EDGE('',*,*,#5379,.F.);
#5379 = EDGE_CURVE('',#2998,#2914,#5380,.T.);
#5380 = LINE('',#5381,#5382);
#5381 = CARTESIAN_POINT('',(0.382560927146,1.999264068712,0.2));
#5382 = VECTOR('',#5383,1.);
#5383 = DIRECTION('',(-1.,0.,0.));
#5384 = ORIENTED_EDGE('',*,*,#2995,.F.);
#5385 = ORIENTED_EDGE('',*,*,#5362,.T.);
#5386 = ORIENTED_EDGE('',*,*,#2921,.T.);
#5387 = PLANE('',#5388);
#5388 = AXIS2_PLACEMENT_3D('',#5389,#5390,#5391);
#5389 = CARTESIAN_POINT('',(0.382560927146,1.999264068712,0.2));
#5390 = DIRECTION('',(0.,2.00382526684E-16,1.));
#5391 = DIRECTION('',(0.,-1.,2.00382526684E-16));
#5392 = ADVANCED_FACE('',(#5393),#5399,.T.);
#5393 = FACE_BOUND('',#5394,.T.);
#5394 = EDGE_LOOP('',(#5395,#5396,#5397,#5398));
#5395 = ORIENTED_EDGE('',*,*,#5272,.F.);
#5396 = ORIENTED_EDGE('',*,*,#3005,.F.);
#5397 = ORIENTED_EDGE('',*,*,#5379,.T.);
#5398 = ORIENTED_EDGE('',*,*,#2913,.T.);
#5399 = PLANE('',#5400);
#5400 = AXIS2_PLACEMENT_3D('',#5401,#5402,#5403);
#5401 = CARTESIAN_POINT('',(0.382560927146,1.625,0.574264068712));
#5402 = DIRECTION('',(0.,0.707106781187,0.707106781187));
#5403 = DIRECTION('',(0.,-0.707106781187,0.707106781187));
#5404 = ADVANCED_FACE('',(#5405),#5432,.F.);
#5405 = FACE_BOUND('',#5406,.T.);
#5406 = EDGE_LOOP('',(#5407,#5408,#5409,#5410,#5418,#5426));
#5407 = ORIENTED_EDGE('',*,*,#3124,.F.);
#5408 = ORIENTED_EDGE('',*,*,#3110,.F.);
#5409 = ORIENTED_EDGE('',*,*,#3068,.F.);
#5410 = ORIENTED_EDGE('',*,*,#5411,.F.);
#5411 = EDGE_CURVE('',#5412,#3069,#5414,.T.);
#5412 = VERTEX_POINT('',#5413);
#5413 = CARTESIAN_POINT('',(1.575,1.175,2.45));
#5414 = LINE('',#5415,#5416);
#5415 = CARTESIAN_POINT('',(1.575,1.775,2.45));
#5416 = VECTOR('',#5417,1.);
#5417 = DIRECTION('',(0.,1.,-1.367161731532E-16));
#5418 = ORIENTED_EDGE('',*,*,#5419,.T.);
#5419 = EDGE_CURVE('',#5412,#5420,#5422,.T.);
#5420 = VERTEX_POINT('',#5421);
#5421 = CARTESIAN_POINT('',(2.425,1.175,2.45));
#5422 = LINE('',#5423,#5424);
#5423 = CARTESIAN_POINT('',(0.575,1.175,2.45));
#5424 = VECTOR('',#5425,1.);
#5425 = DIRECTION('',(1.,0.,0.));
#5426 = ORIENTED_EDGE('',*,*,#5427,.T.);
#5427 = EDGE_CURVE('',#5420,#3125,#5428,.T.);
#5428 = LINE('',#5429,#5430);
#5429 = CARTESIAN_POINT('',(2.425,1.775,2.45));
#5430 = VECTOR('',#5431,1.);
#5431 = DIRECTION('',(-0.,1.,-1.367161731532E-16));
#5432 = PLANE('',#5433);
#5433 = AXIS2_PLACEMENT_3D('',#5434,#5435,#5436);
#5434 = CARTESIAN_POINT('',(-4.,1.775,2.45));
#5435 = DIRECTION('',(0.,-1.367161731532E-16,-1.));
#5436 = DIRECTION('',(0.,1.,-1.367161731532E-16));
#5437 = ADVANCED_FACE('',(#5438),#5454,.T.);
#5438 = FACE_BOUND('',#5439,.T.);
#5439 = EDGE_LOOP('',(#5440,#5446,#5447,#5453));
#5440 = ORIENTED_EDGE('',*,*,#5441,.T.);
#5441 = EDGE_CURVE('',#3250,#3133,#5442,.T.);
#5442 = LINE('',#5443,#5444);
#5443 = CARTESIAN_POINT('',(2.575,1.625,0.574264068712));
#5444 = VECTOR('',#5445,1.);
#5445 = DIRECTION('',(-1.,0.,0.));
#5446 = ORIENTED_EDGE('',*,*,#3132,.F.);
#5447 = ORIENTED_EDGE('',*,*,#5448,.T.);
#5448 = EDGE_CURVE('',#3125,#3313,#5449,.T.);
#5449 = LINE('',#5450,#5451);
#5450 = CARTESIAN_POINT('',(2.575,1.625,2.45));
#5451 = VECTOR('',#5452,1.);
#5452 = DIRECTION('',(1.,0.,0.));
#5453 = ORIENTED_EDGE('',*,*,#3330,.F.);
#5454 = PLANE('',#5455);
#5455 = AXIS2_PLACEMENT_3D('',#5456,#5457,#5458);
#5456 = CARTESIAN_POINT('',(2.575,1.625,0.17));
#5457 = DIRECTION('',(0.,1.,-3.467361574284E-17));
#5458 = DIRECTION('',(0.,3.467361574284E-17,1.));
#5459 = ADVANCED_FACE('',(#5460),#5471,.T.);
#5460 = FACE_BOUND('',#5461,.T.);
#5461 = EDGE_LOOP('',(#5462,#5468,#5469,#5470));
#5462 = ORIENTED_EDGE('',*,*,#5463,.F.);
#5463 = EDGE_CURVE('',#3265,#3200,#5464,.T.);
#5464 = LINE('',#5465,#5466);
#5465 = CARTESIAN_POINT('',(1.382560927146,1.775,-3.781964789077E-16));
#5466 = VECTOR('',#5467,1.);
#5467 = DIRECTION('',(-1.,0.,-0.));
#5468 = ORIENTED_EDGE('',*,*,#3264,.F.);
#5469 = ORIENTED_EDGE('',*,*,#3222,.T.);
#5470 = ORIENTED_EDGE('',*,*,#3207,.T.);
#5471 = PLANE('',#5472);
#5472 = AXIS2_PLACEMENT_3D('',#5473,#5474,#5475);
#5473 = CARTESIAN_POINT('',(1.382560927146,1.775,-3.781964789077E-16));
#5474 = DIRECTION('',(0.,-0.707106781187,-0.707106781187));
#5475 = DIRECTION('',(0.,0.707106781187,-0.707106781187));
#5476 = ADVANCED_FACE('',(#5477),#5488,.T.);
#5477 = FACE_BOUND('',#5478,.T.);
#5478 = EDGE_LOOP('',(#5479,#5485,#5486,#5487));
#5479 = ORIENTED_EDGE('',*,*,#5480,.F.);
#5480 = EDGE_CURVE('',#3273,#3191,#5481,.T.);
#5481 = LINE('',#5482,#5483);
#5482 = CARTESIAN_POINT('',(1.382560927146,2.425,-5.009433093475E-16));
#5483 = VECTOR('',#5484,1.);
#5484 = DIRECTION('',(-1.,0.,-0.));
#5485 = ORIENTED_EDGE('',*,*,#3272,.F.);
#5486 = ORIENTED_EDGE('',*,*,#5463,.T.);
#5487 = ORIENTED_EDGE('',*,*,#3199,.T.);
#5488 = PLANE('',#5489);
#5489 = AXIS2_PLACEMENT_3D('',#5490,#5491,#5492);
#5490 = CARTESIAN_POINT('',(1.382560927146,2.425,-3.721943013648E-16));
#5491 = DIRECTION('',(0.,9.234119296733E-18,-1.));
#5492 = DIRECTION('',(0.,1.,9.234119296733E-18));
#5493 = ADVANCED_FACE('',(#5494),#5505,.T.);
#5494 = FACE_BOUND('',#5495,.T.);
#5495 = EDGE_LOOP('',(#5496,#5502,#5503,#5504));
#5496 = ORIENTED_EDGE('',*,*,#5497,.F.);
#5497 = EDGE_CURVE('',#3281,#3183,#5498,.T.);
#5498 = LINE('',#5499,#5500);
#5499 = CARTESIAN_POINT('',(1.382560927146,2.475,5.E-02));
#5500 = VECTOR('',#5501,1.);
#5501 = DIRECTION('',(-1.,0.,0.));
#5502 = ORIENTED_EDGE('',*,*,#3280,.F.);
#5503 = ORIENTED_EDGE('',*,*,#5480,.T.);
#5504 = ORIENTED_EDGE('',*,*,#3190,.T.);
#5505 = CYLINDRICAL_SURFACE('',#5506,5.E-02);
#5506 = AXIS2_PLACEMENT_3D('',#5507,#5508,#5509);
#5507 = CARTESIAN_POINT('',(1.382560927146,2.425,5.E-02));
#5508 = DIRECTION('',(1.,0.,0.));
#5509 = DIRECTION('',(0.,1.,-1.367161731532E-16));
#5510 = ADVANCED_FACE('',(#5511),#5522,.T.);
#5511 = FACE_BOUND('',#5512,.T.);
#5512 = EDGE_LOOP('',(#5513,#5519,#5520,#5521));
#5513 = ORIENTED_EDGE('',*,*,#5514,.F.);
#5514 = EDGE_CURVE('',#3290,#3174,#5515,.T.);
#5515 = LINE('',#5516,#5517);
#5516 = CARTESIAN_POINT('',(1.382560927146,2.475,0.15));
#5517 = VECTOR('',#5518,1.);
#5518 = DIRECTION('',(-1.,0.,-0.));
#5519 = ORIENTED_EDGE('',*,*,#3289,.F.);
#5520 = ORIENTED_EDGE('',*,*,#5497,.T.);
#5521 = ORIENTED_EDGE('',*,*,#3182,.T.);
#5522 = PLANE('',#5523);
#5523 = AXIS2_PLACEMENT_3D('',#5524,#5525,#5526);
#5524 = CARTESIAN_POINT('',(1.382560927146,2.475,0.15));
#5525 = DIRECTION('',(0.,1.,-1.367161731532E-16));
#5526 = DIRECTION('',(-1.,0.,0.));
#5527 = ADVANCED_FACE('',(#5528),#5539,.T.);
#5528 = FACE_BOUND('',#5529,.T.);
#5529 = EDGE_LOOP('',(#5530,#5536,#5537,#5538));
#5530 = ORIENTED_EDGE('',*,*,#5531,.F.);
#5531 = EDGE_CURVE('',#3240,#3166,#5532,.T.);
#5532 = LINE('',#5533,#5534);
#5533 = CARTESIAN_POINT('',(1.382560927146,2.425,0.2));
#5534 = VECTOR('',#5535,1.);
#5535 = DIRECTION('',(-1.,0.,0.));
#5536 = ORIENTED_EDGE('',*,*,#3297,.F.);
#5537 = ORIENTED_EDGE('',*,*,#5514,.T.);
#5538 = ORIENTED_EDGE('',*,*,#3173,.T.);
#5539 = CYLINDRICAL_SURFACE('',#5540,5.E-02);
#5540 = AXIS2_PLACEMENT_3D('',#5541,#5542,#5543);
#5541 = CARTESIAN_POINT('',(1.382560927146,2.425,0.15));
#5542 = DIRECTION('',(1.,0.,0.));
#5543 = DIRECTION('',(0.,1.,-1.367161731532E-16));
#5544 = ADVANCED_FACE('',(#5545),#5556,.T.);
#5545 = FACE_BOUND('',#5546,.T.);
#5546 = EDGE_LOOP('',(#5547,#5553,#5554,#5555));
#5547 = ORIENTED_EDGE('',*,*,#5548,.F.);
#5548 = EDGE_CURVE('',#3242,#3158,#5549,.T.);
#5549 = LINE('',#5550,#5551);
#5550 = CARTESIAN_POINT('',(1.382560927146,1.999264068712,0.2));
#5551 = VECTOR('',#5552,1.);
#5552 = DIRECTION('',(-1.,0.,0.));
#5553 = ORIENTED_EDGE('',*,*,#3239,.F.);
#5554 = ORIENTED_EDGE('',*,*,#5531,.T.);
#5555 = ORIENTED_EDGE('',*,*,#3165,.T.);
#5556 = PLANE('',#5557);
#5557 = AXIS2_PLACEMENT_3D('',#5558,#5559,#5560);
#5558 = CARTESIAN_POINT('',(1.382560927146,1.999264068712,0.2));
#5559 = DIRECTION('',(0.,2.00382526684E-16,1.));
#5560 = DIRECTION('',(0.,-1.,2.00382526684E-16));
#5561 = ADVANCED_FACE('',(#5562),#5568,.T.);
#5562 = FACE_BOUND('',#5563,.T.);
#5563 = EDGE_LOOP('',(#5564,#5565,#5566,#5567));
#5564 = ORIENTED_EDGE('',*,*,#5441,.F.);
#5565 = ORIENTED_EDGE('',*,*,#3249,.F.);
#5566 = ORIENTED_EDGE('',*,*,#5548,.T.);
#5567 = ORIENTED_EDGE('',*,*,#3157,.T.);
#5568 = PLANE('',#5569);
#5569 = AXIS2_PLACEMENT_3D('',#5570,#5571,#5572);
#5570 = CARTESIAN_POINT('',(1.382560927146,1.625,0.574264068712));
#5571 = DIRECTION('',(0.,0.707106781187,0.707106781187));
#5572 = DIRECTION('',(0.,-0.707106781187,0.707106781187));
#5573 = ADVANCED_FACE('',(#5574),#5600,.F.);
#5574 = FACE_BOUND('',#5575,.T.);
#5575 = EDGE_LOOP('',(#5576,#5584,#5592,#5598,#5599));
#5576 = ORIENTED_EDGE('',*,*,#5577,.F.);
#5577 = EDGE_CURVE('',#5578,#3313,#5580,.T.);
#5578 = VERTEX_POINT('',#5579);
#5579 = CARTESIAN_POINT('',(2.575,1.175,2.45));
#5580 = LINE('',#5581,#5582);
#5581 = CARTESIAN_POINT('',(2.575,1.775,2.45));
#5582 = VECTOR('',#5583,1.);
#5583 = DIRECTION('',(0.,1.,-1.367161731532E-16));
#5584 = ORIENTED_EDGE('',*,*,#5585,.T.);
#5585 = EDGE_CURVE('',#5578,#5586,#5588,.T.);
#5586 = VERTEX_POINT('',#5587);
#5587 = CARTESIAN_POINT('',(3.5,1.175,2.45));
#5588 = LINE('',#5589,#5590);
#5589 = CARTESIAN_POINT('',(0.575,1.175,2.45));
#5590 = VECTOR('',#5591,1.);
#5591 = DIRECTION('',(1.,0.,0.));
#5592 = ORIENTED_EDGE('',*,*,#5593,.F.);
#5593 = EDGE_CURVE('',#3346,#5586,#5594,.T.);
#5594 = LINE('',#5595,#5596);
#5595 = CARTESIAN_POINT('',(3.5,3.349546242254E-16,2.45));
#5596 = VECTOR('',#5597,1.);
#5597 = DIRECTION('',(0.,-1.,1.367161731532E-16));
#5598 = ORIENTED_EDGE('',*,*,#3345,.F.);
#5599 = ORIENTED_EDGE('',*,*,#3312,.F.);
#5600 = PLANE('',#5601);
#5601 = AXIS2_PLACEMENT_3D('',#5602,#5603,#5604);
#5602 = CARTESIAN_POINT('',(-4.,1.775,2.45));
#5603 = DIRECTION('',(0.,-1.367161731532E-16,-1.));
#5604 = DIRECTION('',(0.,1.,-1.367161731532E-16));
#5605 = ADVANCED_FACE('',(#5606),#5640,.T.);
#5606 = FACE_BOUND('',#5607,.T.);
#5607 = EDGE_LOOP('',(#5608,#5616,#5617,#5618,#5626,#5634));
#5608 = ORIENTED_EDGE('',*,*,#5609,.T.);
#5609 = EDGE_CURVE('',#5610,#3354,#5612,.T.);
#5610 = VERTEX_POINT('',#5611);
#5611 = CARTESIAN_POINT('',(3.5,0.275,1.45));
#5612 = LINE('',#5613,#5614);
#5613 = CARTESIAN_POINT('',(3.5,1.982384510722E-16,1.45));
#5614 = VECTOR('',#5615,1.);
#5615 = DIRECTION('',(0.,1.,-1.367161731532E-16));
#5616 = ORIENTED_EDGE('',*,*,#3353,.T.);
#5617 = ORIENTED_EDGE('',*,*,#5593,.T.);
#5618 = ORIENTED_EDGE('',*,*,#5619,.T.);
#5619 = EDGE_CURVE('',#5586,#5620,#5622,.T.);
#5620 = VERTEX_POINT('',#5621);
#5621 = CARTESIAN_POINT('',(3.5,1.175,2.9));
#5622 = LINE('',#5623,#5624);
#5623 = CARTESIAN_POINT('',(3.5,1.175,2.95));
#5624 = VECTOR('',#5625,1.);
#5625 = DIRECTION('',(0.,1.367161731532E-16,1.));
#5626 = ORIENTED_EDGE('',*,*,#5627,.F.);
#5627 = EDGE_CURVE('',#5628,#5620,#5630,.T.);
#5628 = VERTEX_POINT('',#5629);
#5629 = CARTESIAN_POINT('',(3.5,0.275,2.9));
#5630 = LINE('',#5631,#5632);
#5631 = CARTESIAN_POINT('',(3.5,1.005534856542E-16,2.9));
#5632 = VECTOR('',#5633,1.);
#5633 = DIRECTION('',(5.10212787052E-17,1.,-8.569489444804E-17));
#5634 = ORIENTED_EDGE('',*,*,#5635,.T.);
#5635 = EDGE_CURVE('',#5628,#5610,#5636,.T.);
#5636 = LINE('',#5637,#5638);
#5637 = CARTESIAN_POINT('',(3.5,0.275,-3.759694761714E-17));
#5638 = VECTOR('',#5639,1.);
#5639 = DIRECTION('',(0.,-1.367161731532E-16,-1.));
#5640 = PLANE('',#5641);
#5641 = AXIS2_PLACEMENT_3D('',#5642,#5643,#5644);
#5642 = CARTESIAN_POINT('',(3.5,0.,0.));
#5643 = DIRECTION('',(1.,0.,0.));
#5644 = DIRECTION('',(0.,1.,-1.367161731532E-16));
#5645 = ADVANCED_FACE('',(#5646),#5673,.T.);
#5646 = FACE_BOUND('',#5647,.T.);
#5647 = EDGE_LOOP('',(#5648,#5658,#5664,#5665,#5666,#5667));
#5648 = ORIENTED_EDGE('',*,*,#5649,.T.);
#5649 = EDGE_CURVE('',#5650,#5652,#5654,.T.);
#5650 = VERTEX_POINT('',#5651);
#5651 = CARTESIAN_POINT('',(3.7,0.275,1.45));
#5652 = VERTEX_POINT('',#5653);
#5653 = CARTESIAN_POINT('',(3.7,1.175,1.45));
#5654 = LINE('',#5655,#5656);
#5655 = CARTESIAN_POINT('',(3.7,1.775,1.45));
#5656 = VECTOR('',#5657,1.);
#5657 = DIRECTION('',(0.,1.,-1.367161731532E-16));
#5658 = ORIENTED_EDGE('',*,*,#5659,.T.);
#5659 = EDGE_CURVE('',#5652,#3433,#5660,.T.);
#5660 = LINE('',#5661,#5662);
#5661 = CARTESIAN_POINT('',(3.5,1.175,1.45));
#5662 = VECTOR('',#5663,1.);
#5663 = DIRECTION('',(1.,0.,0.));
#5664 = ORIENTED_EDGE('',*,*,#3432,.T.);
#5665 = ORIENTED_EDGE('',*,*,#3361,.T.);
#5666 = ORIENTED_EDGE('',*,*,#5609,.F.);
#5667 = ORIENTED_EDGE('',*,*,#5668,.T.);
#5668 = EDGE_CURVE('',#5610,#5650,#5669,.T.);
#5669 = LINE('',#5670,#5671);
#5670 = CARTESIAN_POINT('',(0.,0.275,1.45));
#5671 = VECTOR('',#5672,1.);
#5672 = DIRECTION('',(1.,0.,0.));
#5673 = PLANE('',#5674);
#5674 = AXIS2_PLACEMENT_3D('',#5675,#5676,#5677);
#5675 = CARTESIAN_POINT('',(3.5,-3.257925989625E-16,1.45));
#5676 = DIRECTION('',(0.,-2.246845510086E-16,1.));
#5677 = DIRECTION('',(0.,-1.,-2.246845510086E-16));
#5678 = ADVANCED_FACE('',(#5679),#5705,.F.);
#5679 = FACE_BOUND('',#5680,.F.);
#5680 = EDGE_LOOP('',(#5681,#5682,#5683,#5691,#5699));
#5681 = ORIENTED_EDGE('',*,*,#3865,.F.);
#5682 = ORIENTED_EDGE('',*,*,#3392,.F.);
#5683 = ORIENTED_EDGE('',*,*,#5684,.T.);
#5684 = EDGE_CURVE('',#3393,#5685,#5687,.T.);
#5685 = VERTEX_POINT('',#5686);
#5686 = CARTESIAN_POINT('',(3.775,-1.975,1.25));
#5687 = LINE('',#5688,#5689);
#5688 = CARTESIAN_POINT('',(3.5,-1.975,1.25));
#5689 = VECTOR('',#5690,1.);
#5690 = DIRECTION('',(-1.,-0.,0.));
#5691 = ORIENTED_EDGE('',*,*,#5692,.T.);
#5692 = EDGE_CURVE('',#5685,#5693,#5695,.T.);
#5693 = VERTEX_POINT('',#5694);
#5694 = CARTESIAN_POINT('',(3.7,-1.9,1.25));
#5695 = LINE('',#5696,#5697);
#5696 = CARTESIAN_POINT('',(3.775,-1.975,1.25));
#5697 = VECTOR('',#5698,1.);
#5698 = DIRECTION('',(-0.707106781187,0.707106781187,-9.667293313453E-17
    ));
#5699 = ORIENTED_EDGE('',*,*,#5700,.T.);
#5700 = EDGE_CURVE('',#5693,#3866,#5701,.T.);
#5701 = LINE('',#5702,#5703);
#5702 = CARTESIAN_POINT('',(3.7,1.708952164415E-16,1.25));
#5703 = VECTOR('',#5704,1.);
#5704 = DIRECTION('',(0.,-1.,1.367161731532E-16));
#5705 = PLANE('',#5706);
#5706 = AXIS2_PLACEMENT_3D('',#5707,#5708,#5709);
#5707 = CARTESIAN_POINT('',(3.5,1.708952164415E-16,1.25));
#5708 = DIRECTION('',(0.,1.367161731532E-16,1.));
#5709 = DIRECTION('',(0.,-1.,1.367161731532E-16));
#5710 = ADVANCED_FACE('',(#5711),#5745,.F.);
#5711 = FACE_BOUND('',#5712,.T.);
#5712 = EDGE_LOOP('',(#5713,#5721,#5722,#5723,#5731,#5739));
#5713 = ORIENTED_EDGE('',*,*,#5714,.F.);
#5714 = EDGE_CURVE('',#3401,#5715,#5717,.T.);
#5715 = VERTEX_POINT('',#5716);
#5716 = CARTESIAN_POINT('',(3.7,-1.975,0.65));
#5717 = LINE('',#5718,#5719);
#5718 = CARTESIAN_POINT('',(3.5,-1.975,0.65));
#5719 = VECTOR('',#5720,1.);
#5720 = DIRECTION('',(-1.,0.,0.));
#5721 = ORIENTED_EDGE('',*,*,#3400,.T.);
#5722 = ORIENTED_EDGE('',*,*,#5684,.T.);
#5723 = ORIENTED_EDGE('',*,*,#5724,.F.);
#5724 = EDGE_CURVE('',#5725,#5685,#5727,.T.);
#5725 = VERTEX_POINT('',#5726);
#5726 = CARTESIAN_POINT('',(3.775,-1.975,0.9));
#5727 = LINE('',#5728,#5729);
#5728 = CARTESIAN_POINT('',(3.775,-1.975,2.700144419776E-16));
#5729 = VECTOR('',#5730,1.);
#5730 = DIRECTION('',(0.,1.367161731532E-16,1.));
#5731 = ORIENTED_EDGE('',*,*,#5732,.F.);
#5732 = EDGE_CURVE('',#5733,#5725,#5735,.T.);
#5733 = VERTEX_POINT('',#5734);
#5734 = CARTESIAN_POINT('',(3.7,-1.975,0.9));
#5735 = LINE('',#5736,#5737);
#5736 = CARTESIAN_POINT('',(3.5,-1.975,0.9));
#5737 = VECTOR('',#5738,1.);
#5738 = DIRECTION('',(1.,0.,0.));
#5739 = ORIENTED_EDGE('',*,*,#5740,.F.);
#5740 = EDGE_CURVE('',#5715,#5733,#5741,.T.);
#5741 = LINE('',#5742,#5743);
#5742 = CARTESIAN_POINT('',(3.7,-1.975,2.700144419776E-16));
#5743 = VECTOR('',#5744,1.);
#5744 = DIRECTION('',(0.,1.367161731532E-16,1.));
#5745 = PLANE('',#5746);
#5746 = AXIS2_PLACEMENT_3D('',#5747,#5748,#5749);
#5747 = CARTESIAN_POINT('',(3.5,-1.975,2.700144419776E-16));
#5748 = DIRECTION('',(0.,1.,-1.367161731532E-16));
#5749 = DIRECTION('',(-1.,0.,0.));
#5750 = ADVANCED_FACE('',(#5751),#5769,.F.);
#5751 = FACE_BOUND('',#5752,.T.);
#5752 = EDGE_LOOP('',(#5753,#5761,#5762,#5763));
#5753 = ORIENTED_EDGE('',*,*,#5754,.F.);
#5754 = EDGE_CURVE('',#3409,#5755,#5757,.T.);
#5755 = VERTEX_POINT('',#5756);
#5756 = CARTESIAN_POINT('',(3.7,-1.875,0.55));
#5757 = LINE('',#5758,#5759);
#5758 = CARTESIAN_POINT('',(3.5,-1.875,0.55));
#5759 = VECTOR('',#5760,1.);
#5760 = DIRECTION('',(-1.,0.,0.));
#5761 = ORIENTED_EDGE('',*,*,#3408,.T.);
#5762 = ORIENTED_EDGE('',*,*,#5714,.T.);
#5763 = ORIENTED_EDGE('',*,*,#5764,.F.);
#5764 = EDGE_CURVE('',#5755,#5715,#5765,.T.);
#5765 = LINE('',#5766,#5767);
#5766 = CARTESIAN_POINT('',(3.7,-1.975,0.65));
#5767 = VECTOR('',#5768,1.);
#5768 = DIRECTION('',(0.,-0.707106781187,0.707106781187));
#5769 = PLANE('',#5770);
#5770 = AXIS2_PLACEMENT_3D('',#5771,#5772,#5773);
#5771 = CARTESIAN_POINT('',(3.5,-1.975,0.65));
#5772 = DIRECTION('',(0.,0.707106781187,0.707106781187));
#5773 = DIRECTION('',(0.,-0.707106781187,0.707106781187));
#5774 = ADVANCED_FACE('',(#5775),#5810,.F.);
#5775 = FACE_BOUND('',#5776,.T.);
#5776 = EDGE_LOOP('',(#5777,#5778,#5786,#5794,#5802,#5808,#5809));
#5777 = ORIENTED_EDGE('',*,*,#5754,.T.);
#5778 = ORIENTED_EDGE('',*,*,#5779,.F.);
#5779 = EDGE_CURVE('',#5780,#5755,#5782,.T.);
#5780 = VERTEX_POINT('',#5781);
#5781 = CARTESIAN_POINT('',(3.7,-0.975,0.55));
#5782 = LINE('',#5783,#5784);
#5783 = CARTESIAN_POINT('',(3.7,1.556277574758E-17,0.55));
#5784 = VECTOR('',#5785,1.);
#5785 = DIRECTION('',(0.,-1.,2.829595590469E-17));
#5786 = ORIENTED_EDGE('',*,*,#5787,.F.);
#5787 = EDGE_CURVE('',#5788,#5780,#5790,.T.);
#5788 = VERTEX_POINT('',#5789);
#5789 = CARTESIAN_POINT('',(3.7,-0.9,0.55));
#5790 = LINE('',#5791,#5792);
#5791 = CARTESIAN_POINT('',(3.7,1.556277574758E-17,0.55));
#5792 = VECTOR('',#5793,1.);
#5793 = DIRECTION('',(0.,-1.,2.829595590469E-17));
#5794 = ORIENTED_EDGE('',*,*,#5795,.F.);
#5795 = EDGE_CURVE('',#5796,#5788,#5798,.T.);
#5796 = VERTEX_POINT('',#5797);
#5797 = CARTESIAN_POINT('',(3.775,-0.9,0.55));
#5798 = LINE('',#5799,#5800);
#5799 = CARTESIAN_POINT('',(3.5,-0.9,0.55));
#5800 = VECTOR('',#5801,1.);
#5801 = DIRECTION('',(-1.,-0.,0.));
#5802 = ORIENTED_EDGE('',*,*,#5803,.F.);
#5803 = EDGE_CURVE('',#3498,#5796,#5804,.T.);
#5804 = LINE('',#5805,#5806);
#5805 = CARTESIAN_POINT('',(3.775,1.556277574758E-17,0.55));
#5806 = VECTOR('',#5807,1.);
#5807 = DIRECTION('',(0.,1.,-2.829595590469E-17));
#5808 = ORIENTED_EDGE('',*,*,#3505,.T.);
#5809 = ORIENTED_EDGE('',*,*,#3416,.T.);
#5810 = PLANE('',#5811);
#5811 = AXIS2_PLACEMENT_3D('',#5812,#5813,#5814);
#5812 = CARTESIAN_POINT('',(3.5,1.556277574758E-17,0.55));
#5813 = DIRECTION('',(0.,2.829595590469E-17,1.));
#5814 = DIRECTION('',(0.,-1.,2.829595590469E-17));
#5815 = ADVANCED_FACE('',(#5816),#5834,.T.);
#5816 = FACE_BOUND('',#5817,.T.);
#5817 = EDGE_LOOP('',(#5818,#5819,#5820,#5828));
#5818 = ORIENTED_EDGE('',*,*,#3440,.T.);
#5819 = ORIENTED_EDGE('',*,*,#5659,.F.);
#5820 = ORIENTED_EDGE('',*,*,#5821,.T.);
#5821 = EDGE_CURVE('',#5652,#5822,#5824,.T.);
#5822 = VERTEX_POINT('',#5823);
#5823 = CARTESIAN_POINT('',(3.7,1.175,2.4));
#5824 = LINE('',#5825,#5826);
#5825 = CARTESIAN_POINT('',(3.7,1.175,2.95));
#5826 = VECTOR('',#5827,1.);
#5827 = DIRECTION('',(0.,1.367161731532E-16,1.));
#5828 = ORIENTED_EDGE('',*,*,#5829,.T.);
#5829 = EDGE_CURVE('',#5822,#3441,#5830,.T.);
#5830 = LINE('',#5831,#5832);
#5831 = CARTESIAN_POINT('',(3.5,1.175,2.4));
#5832 = VECTOR('',#5833,1.);
#5833 = DIRECTION('',(1.,0.,0.));
#5834 = PLANE('',#5835);
#5835 = AXIS2_PLACEMENT_3D('',#5836,#5837,#5838);
#5836 = CARTESIAN_POINT('',(3.5,1.175,-1.606415034551E-16));
#5837 = DIRECTION('',(0.,1.,-1.367161731532E-16));
#5838 = DIRECTION('',(-1.,0.,0.));
#5839 = ADVANCED_FACE('',(#5840),#5858,.T.);
#5840 = FACE_BOUND('',#5841,.T.);
#5841 = EDGE_LOOP('',(#5842,#5843,#5844,#5852));
#5842 = ORIENTED_EDGE('',*,*,#3448,.T.);
#5843 = ORIENTED_EDGE('',*,*,#5829,.F.);
#5844 = ORIENTED_EDGE('',*,*,#5845,.T.);
#5845 = EDGE_CURVE('',#5822,#5846,#5848,.T.);
#5846 = VERTEX_POINT('',#5847);
#5847 = CARTESIAN_POINT('',(3.7,1.125,2.45));
#5848 = LINE('',#5849,#5850);
#5849 = CARTESIAN_POINT('',(3.7,1.175,2.4));
#5850 = VECTOR('',#5851,1.);
#5851 = DIRECTION('',(0.,-0.707106781187,0.707106781187));
#5852 = ORIENTED_EDGE('',*,*,#5853,.F.);
#5853 = EDGE_CURVE('',#3449,#5846,#5854,.T.);
#5854 = LINE('',#5855,#5856);
#5855 = CARTESIAN_POINT('',(3.5,1.125,2.45));
#5856 = VECTOR('',#5857,1.);
#5857 = DIRECTION('',(-1.,-0.,0.));
#5858 = PLANE('',#5859);
#5859 = AXIS2_PLACEMENT_3D('',#5860,#5861,#5862);
#5860 = CARTESIAN_POINT('',(3.5,1.7875,1.7875));
#5861 = DIRECTION('',(0.,0.707106781187,0.707106781187));
#5862 = DIRECTION('',(0.,-0.707106781187,0.707106781187));
#5863 = ADVANCED_FACE('',(#5864),#5882,.T.);
#5864 = FACE_BOUND('',#5865,.T.);
#5865 = EDGE_LOOP('',(#5866,#5867,#5868,#5876));
#5866 = ORIENTED_EDGE('',*,*,#3456,.T.);
#5867 = ORIENTED_EDGE('',*,*,#5853,.T.);
#5868 = ORIENTED_EDGE('',*,*,#5869,.T.);
#5869 = EDGE_CURVE('',#5846,#5870,#5872,.T.);
#5870 = VERTEX_POINT('',#5871);
#5871 = CARTESIAN_POINT('',(3.7,0.525,2.45));
#5872 = LINE('',#5873,#5874);
#5873 = CARTESIAN_POINT('',(3.7,-1.435908924168E-15,2.45));
#5874 = VECTOR('',#5875,1.);
#5875 = DIRECTION('',(0.,-1.,-5.860852751704E-16));
#5876 = ORIENTED_EDGE('',*,*,#5877,.T.);
#5877 = EDGE_CURVE('',#5870,#3457,#5878,.T.);
#5878 = LINE('',#5879,#5880);
#5879 = CARTESIAN_POINT('',(3.5,0.525,2.45));
#5880 = VECTOR('',#5881,1.);
#5881 = DIRECTION('',(1.,0.,0.));
#5882 = PLANE('',#5883);
#5883 = AXIS2_PLACEMENT_3D('',#5884,#5885,#5886);
#5884 = CARTESIAN_POINT('',(3.5,-1.435908924168E-15,2.45));
#5885 = DIRECTION('',(0.,-5.860852751704E-16,1.));
#5886 = DIRECTION('',(0.,-1.,-5.860852751704E-16));
#5887 = ADVANCED_FACE('',(#5888),#5900,.F.);
#5888 = FACE_BOUND('',#5889,.T.);
#5889 = EDGE_LOOP('',(#5890,#5891,#5892,#5893,#5899));
#5890 = ORIENTED_EDGE('',*,*,#3907,.T.);
#5891 = ORIENTED_EDGE('',*,*,#3464,.F.);
#5892 = ORIENTED_EDGE('',*,*,#5877,.F.);
#5893 = ORIENTED_EDGE('',*,*,#5894,.F.);
#5894 = EDGE_CURVE('',#3950,#5870,#5895,.T.);
#5895 = LINE('',#5896,#5897);
#5896 = CARTESIAN_POINT('',(3.7,1.4,0.7));
#5897 = VECTOR('',#5898,1.);
#5898 = DIRECTION('',(0.,0.4472135955,-0.894427191));
#5899 = ORIENTED_EDGE('',*,*,#3949,.T.);
#5900 = PLANE('',#5901);
#5901 = AXIS2_PLACEMENT_3D('',#5902,#5903,#5904);
#5902 = CARTESIAN_POINT('',(3.5,1.4,0.7));
#5903 = DIRECTION('',(0.,-0.894427191,-0.4472135955));
#5904 = DIRECTION('',(0.,0.4472135955,-0.894427191));
#5905 = ADVANCED_FACE('',(#5906),#5931,.F.);
#5906 = FACE_BOUND('',#5907,.T.);
#5907 = EDGE_LOOP('',(#5908,#5916,#5924,#5930));
#5908 = ORIENTED_EDGE('',*,*,#5909,.T.);
#5909 = EDGE_CURVE('',#3490,#5910,#5912,.T.);
#5910 = VERTEX_POINT('',#5911);
#5911 = CARTESIAN_POINT('',(3.775,-0.9,0.22));
#5912 = LINE('',#5913,#5914);
#5913 = CARTESIAN_POINT('',(3.775,-0.9,0.22));
#5914 = VECTOR('',#5915,1.);
#5915 = DIRECTION('',(0.,1.,-1.367161731532E-16));
#5916 = ORIENTED_EDGE('',*,*,#5917,.F.);
#5917 = EDGE_CURVE('',#5918,#5910,#5920,.T.);
#5918 = VERTEX_POINT('',#5919);
#5919 = CARTESIAN_POINT('',(3.7,-0.9,0.22));
#5920 = LINE('',#5921,#5922);
#5921 = CARTESIAN_POINT('',(3.7,-0.9,0.22));
#5922 = VECTOR('',#5923,1.);
#5923 = DIRECTION('',(1.,0.,0.));
#5924 = ORIENTED_EDGE('',*,*,#5925,.F.);
#5925 = EDGE_CURVE('',#3488,#5918,#5926,.T.);
#5926 = LINE('',#5927,#5928);
#5927 = CARTESIAN_POINT('',(3.7,-0.9,0.22));
#5928 = VECTOR('',#5929,1.);
#5929 = DIRECTION('',(0.,1.,-1.367161731532E-16));
#5930 = ORIENTED_EDGE('',*,*,#3487,.T.);
#5931 = PLANE('',#5932);
#5932 = AXIS2_PLACEMENT_3D('',#5933,#5934,#5935);
#5933 = CARTESIAN_POINT('',(3.7,-0.9,0.22));
#5934 = DIRECTION('',(0.,-1.367161731532E-16,-1.));
#5935 = DIRECTION('',(0.,1.,-1.367161731532E-16));
#5936 = ADVANCED_FACE('',(#5937),#6102,.T.);
#5937 = FACE_BOUND('',#5938,.T.);
#5938 = EDGE_LOOP('',(#5939,#5950,#5958,#5967,#5973,#5974,#5982,#5990,
    #5996,#5997,#6003,#6004,#6005,#6006,#6014,#6020,#6021,#6027,#6028,
    #6036,#6045,#6053,#6062,#6070,#6079,#6087,#6096));
#5939 = ORIENTED_EDGE('',*,*,#5940,.T.);
#5940 = EDGE_CURVE('',#5941,#5943,#5945,.T.);
#5941 = VERTEX_POINT('',#5942);
#5942 = CARTESIAN_POINT('',(3.7,-2.4,0.5875));
#5943 = VERTEX_POINT('',#5944);
#5944 = CARTESIAN_POINT('',(3.7,-2.375,0.5625));
#5945 = CIRCLE('',#5946,2.5E-02);
#5946 = AXIS2_PLACEMENT_3D('',#5947,#5948,#5949);
#5947 = CARTESIAN_POINT('',(3.7,-2.4,0.5625));
#5948 = DIRECTION('',(-1.,0.,0.));
#5949 = DIRECTION('',(0.,-1.,1.367161731532E-16));
#5950 = ORIENTED_EDGE('',*,*,#5951,.T.);
#5951 = EDGE_CURVE('',#5943,#5952,#5954,.T.);
#5952 = VERTEX_POINT('',#5953);
#5953 = CARTESIAN_POINT('',(3.7,-2.375,0.4));
#5954 = LINE('',#5955,#5956);
#5955 = CARTESIAN_POINT('',(3.7,-2.375,3.247009112389E-16));
#5956 = VECTOR('',#5957,1.);
#5957 = DIRECTION('',(-0.,-1.367161731532E-16,-1.));
#5958 = ORIENTED_EDGE('',*,*,#5959,.T.);
#5959 = EDGE_CURVE('',#5952,#5960,#5962,.T.);
#5960 = VERTEX_POINT('',#5961);
#5961 = CARTESIAN_POINT('',(3.7,-2.4,0.375));
#5962 = CIRCLE('',#5963,2.5E-02);
#5963 = AXIS2_PLACEMENT_3D('',#5964,#5965,#5966);
#5964 = CARTESIAN_POINT('',(3.7,-2.4,0.4));
#5965 = DIRECTION('',(-1.,0.,0.));
#5966 = DIRECTION('',(0.,-1.,1.367161731532E-16));
#5967 = ORIENTED_EDGE('',*,*,#5968,.T.);
#5968 = EDGE_CURVE('',#5960,#4216,#5969,.T.);
#5969 = LINE('',#5970,#5971);
#5970 = CARTESIAN_POINT('',(3.7,5.126856493246E-17,0.375));
#5971 = VECTOR('',#5972,1.);
#5972 = DIRECTION('',(0.,-1.,1.367161731532E-16));
#5973 = ORIENTED_EDGE('',*,*,#4215,.T.);
#5974 = ORIENTED_EDGE('',*,*,#5975,.T.);
#5975 = EDGE_CURVE('',#4206,#5976,#5978,.T.);
#5976 = VERTEX_POINT('',#5977);
#5977 = CARTESIAN_POINT('',(3.7,-2.3,3.144471982524E-16));
#5978 = LINE('',#5979,#5980);
#5979 = CARTESIAN_POINT('',(3.7,-2.475,0.175));
#5980 = VECTOR('',#5981,1.);
#5981 = DIRECTION('',(0.,0.707106781187,-0.707106781187));
#5982 = ORIENTED_EDGE('',*,*,#5983,.T.);
#5983 = EDGE_CURVE('',#5976,#5984,#5986,.T.);
#5984 = VERTEX_POINT('',#5985);
#5985 = CARTESIAN_POINT('',(3.7,-1.15,1.12048508606E-16));
#5986 = LINE('',#5987,#5988);
#5987 = CARTESIAN_POINT('',(3.7,0.,0.));
#5988 = VECTOR('',#5989,1.);
#5989 = DIRECTION('',(0.,1.,-1.367161731532E-16));
#5990 = ORIENTED_EDGE('',*,*,#5991,.T.);
#5991 = EDGE_CURVE('',#5984,#3538,#5992,.T.);
#5992 = LINE('',#5993,#5994);
#5993 = CARTESIAN_POINT('',(3.7,-1.15,1.572235991262E-16));
#5994 = VECTOR('',#5995,1.);
#5995 = DIRECTION('',(0.,0.707106781187,0.707106781187));
#5996 = ORIENTED_EDGE('',*,*,#3545,.T.);
#5997 = ORIENTED_EDGE('',*,*,#5998,.T.);
#5998 = EDGE_CURVE('',#3488,#5780,#5999,.T.);
#5999 = LINE('',#6000,#6001);
#6000 = CARTESIAN_POINT('',(3.7,-0.975,1.332982688244E-16));
#6001 = VECTOR('',#6002,1.);
#6002 = DIRECTION('',(0.,1.367161731532E-16,1.));
#6003 = ORIENTED_EDGE('',*,*,#5779,.T.);
#6004 = ORIENTED_EDGE('',*,*,#5764,.T.);
#6005 = ORIENTED_EDGE('',*,*,#5740,.T.);
#6006 = ORIENTED_EDGE('',*,*,#6007,.F.);
#6007 = EDGE_CURVE('',#6008,#5733,#6010,.T.);
#6008 = VERTEX_POINT('',#6009);
#6009 = CARTESIAN_POINT('',(3.7,-1.9,0.975));
#6010 = LINE('',#6011,#6012);
#6011 = CARTESIAN_POINT('',(3.7,-1.9,0.975));
#6012 = VECTOR('',#6013,1.);
#6013 = DIRECTION('',(0.,-0.707106781187,-0.707106781187));
#6014 = ORIENTED_EDGE('',*,*,#6015,.F.);
#6015 = EDGE_CURVE('',#5693,#6008,#6016,.T.);
#6016 = LINE('',#6017,#6018);
#6017 = CARTESIAN_POINT('',(3.7,-1.9,1.25));
#6018 = VECTOR('',#6019,1.);
#6019 = DIRECTION('',(0.,-1.367161731532E-16,-1.));
#6020 = ORIENTED_EDGE('',*,*,#5700,.T.);
#6021 = ORIENTED_EDGE('',*,*,#6022,.T.);
#6022 = EDGE_CURVE('',#3866,#4066,#6023,.T.);
#6023 = LINE('',#6024,#6025);
#6024 = CARTESIAN_POINT('',(3.7,-2.375,1.25));
#6025 = VECTOR('',#6026,1.);
#6026 = DIRECTION('',(0.,-0.707106781187,-0.707106781187));
#6027 = ORIENTED_EDGE('',*,*,#4065,.T.);
#6028 = ORIENTED_EDGE('',*,*,#6029,.T.);
#6029 = EDGE_CURVE('',#4058,#6030,#6032,.T.);
#6030 = VERTEX_POINT('',#6031);
#6031 = CARTESIAN_POINT('',(3.7,-2.4,1.));
#6032 = LINE('',#6033,#6034);
#6033 = CARTESIAN_POINT('',(3.7,1.367161731532E-16,1.));
#6034 = VECTOR('',#6035,1.);
#6035 = DIRECTION('',(0.,1.,-1.367161731532E-16));
#6036 = ORIENTED_EDGE('',*,*,#6037,.T.);
#6037 = EDGE_CURVE('',#6030,#6038,#6040,.T.);
#6038 = VERTEX_POINT('',#6039);
#6039 = CARTESIAN_POINT('',(3.7,-2.375,0.975));
#6040 = CIRCLE('',#6041,2.5E-02);
#6041 = AXIS2_PLACEMENT_3D('',#6042,#6043,#6044);
#6042 = CARTESIAN_POINT('',(3.7,-2.4,0.975));
#6043 = DIRECTION('',(-1.,0.,0.));
#6044 = DIRECTION('',(0.,-1.,1.367161731532E-16));
#6045 = ORIENTED_EDGE('',*,*,#6046,.T.);
#6046 = EDGE_CURVE('',#6038,#6047,#6049,.T.);
#6047 = VERTEX_POINT('',#6048);
#6048 = CARTESIAN_POINT('',(3.7,-2.375,0.8125));
#6049 = LINE('',#6050,#6051);
#6050 = CARTESIAN_POINT('',(3.7,-2.375,3.247009112389E-16));
#6051 = VECTOR('',#6052,1.);
#6052 = DIRECTION('',(-0.,-1.367161731532E-16,-1.));
#6053 = ORIENTED_EDGE('',*,*,#6054,.T.);
#6054 = EDGE_CURVE('',#6047,#6055,#6057,.T.);
#6055 = VERTEX_POINT('',#6056);
#6056 = CARTESIAN_POINT('',(3.7,-2.4,0.7875));
#6057 = CIRCLE('',#6058,2.5E-02);
#6058 = AXIS2_PLACEMENT_3D('',#6059,#6060,#6061);
#6059 = CARTESIAN_POINT('',(3.7,-2.4,0.8125));
#6060 = DIRECTION('',(-1.,0.,0.));
#6061 = DIRECTION('',(0.,-1.,1.367161731532E-16));
#6062 = ORIENTED_EDGE('',*,*,#6063,.T.);
#6063 = EDGE_CURVE('',#6055,#6064,#6066,.T.);
#6064 = VERTEX_POINT('',#6065);
#6065 = CARTESIAN_POINT('',(3.7,-2.41,0.7875));
#6066 = LINE('',#6067,#6068);
#6067 = CARTESIAN_POINT('',(3.7,-1.696852023029E-14,0.7875));
#6068 = VECTOR('',#6069,1.);
#6069 = DIRECTION('',(0.,-1.,-2.154732727656E-14));
#6070 = ORIENTED_EDGE('',*,*,#6071,.F.);
#6071 = EDGE_CURVE('',#6072,#6064,#6074,.T.);
#6072 = VERTEX_POINT('',#6073);
#6073 = CARTESIAN_POINT('',(3.7,-2.435,0.7625));
#6074 = CIRCLE('',#6075,2.5E-02);
#6075 = AXIS2_PLACEMENT_3D('',#6076,#6077,#6078);
#6076 = CARTESIAN_POINT('',(3.7,-2.41,0.7625));
#6077 = DIRECTION('',(-1.,0.,0.));
#6078 = DIRECTION('',(0.,-1.,1.367161731532E-16));
#6079 = ORIENTED_EDGE('',*,*,#6080,.T.);
#6080 = EDGE_CURVE('',#6072,#6081,#6083,.T.);
#6081 = VERTEX_POINT('',#6082);
#6082 = CARTESIAN_POINT('',(3.7,-2.435,0.6125));
#6083 = LINE('',#6084,#6085);
#6084 = CARTESIAN_POINT('',(3.7,-2.435,3.329038816281E-16));
#6085 = VECTOR('',#6086,1.);
#6086 = DIRECTION('',(-0.,-1.367161731532E-16,-1.));
#6087 = ORIENTED_EDGE('',*,*,#6088,.F.);
#6088 = EDGE_CURVE('',#6089,#6081,#6091,.T.);
#6089 = VERTEX_POINT('',#6090);
#6090 = CARTESIAN_POINT('',(3.7,-2.41,0.5875));
#6091 = CIRCLE('',#6092,2.5E-02);
#6092 = AXIS2_PLACEMENT_3D('',#6093,#6094,#6095);
#6093 = CARTESIAN_POINT('',(3.7,-2.41,0.6125));
#6094 = DIRECTION('',(-1.,0.,0.));
#6095 = DIRECTION('',(0.,-1.,1.367161731532E-16));
#6096 = ORIENTED_EDGE('',*,*,#6097,.F.);
#6097 = EDGE_CURVE('',#5941,#6089,#6098,.T.);
#6098 = LINE('',#6099,#6100);
#6099 = CARTESIAN_POINT('',(3.7,8.032075172753E-17,0.5875));
#6100 = VECTOR('',#6101,1.);
#6101 = DIRECTION('',(0.,-1.,1.367161731532E-16));
#6102 = PLANE('',#6103);
#6103 = AXIS2_PLACEMENT_3D('',#6104,#6105,#6106);
#6104 = CARTESIAN_POINT('',(3.7,0.,0.));
#6105 = DIRECTION('',(1.,0.,0.));
#6106 = DIRECTION('',(0.,1.,-1.367161731532E-16));
#6107 = ADVANCED_FACE('',(#6108),#6126,.F.);
#6108 = FACE_BOUND('',#6109,.T.);
#6109 = EDGE_LOOP('',(#6110,#6111,#6112,#6120));
#6110 = ORIENTED_EDGE('',*,*,#3537,.T.);
#6111 = ORIENTED_EDGE('',*,*,#5991,.F.);
#6112 = ORIENTED_EDGE('',*,*,#6113,.F.);
#6113 = EDGE_CURVE('',#6114,#5984,#6116,.T.);
#6114 = VERTEX_POINT('',#6115);
#6115 = CARTESIAN_POINT('',(3.5,-1.15,8.494345429386E-17));
#6116 = LINE('',#6117,#6118);
#6117 = CARTESIAN_POINT('',(3.7,-1.15,4.880338187767E-17));
#6118 = VECTOR('',#6119,1.);
#6119 = DIRECTION('',(1.,0.,0.));
#6120 = ORIENTED_EDGE('',*,*,#6121,.F.);
#6121 = EDGE_CURVE('',#3530,#6114,#6122,.T.);
#6122 = LINE('',#6123,#6124);
#6123 = CARTESIAN_POINT('',(3.5,-0.575,0.575));
#6124 = VECTOR('',#6125,1.);
#6125 = DIRECTION('',(0.,-0.707106781187,-0.707106781187));
#6126 = PLANE('',#6127);
#6127 = AXIS2_PLACEMENT_3D('',#6128,#6129,#6130);
#6128 = CARTESIAN_POINT('',(3.7,-0.575,0.575));
#6129 = DIRECTION('',(0.,-0.707106781187,0.707106781187));
#6130 = DIRECTION('',(0.,-0.707106781187,-0.707106781187));
#6131 = ADVANCED_FACE('',(#6132),#6152,.F.);
#6132 = FACE_BOUND('',#6133,.F.);
#6133 = EDGE_LOOP('',(#6134,#6135,#6136,#6144,#6150,#6151));
#6134 = ORIENTED_EDGE('',*,*,#4027,.F.);
#6135 = ORIENTED_EDGE('',*,*,#4230,.F.);
#6136 = ORIENTED_EDGE('',*,*,#6137,.T.);
#6137 = EDGE_CURVE('',#4208,#6138,#6140,.T.);
#6138 = VERTEX_POINT('',#6139);
#6139 = CARTESIAN_POINT('',(3.5,-2.3,1.698869085877E-16));
#6140 = LINE('',#6141,#6142);
#6141 = CARTESIAN_POINT('',(3.5,-1.15,-1.15));
#6142 = VECTOR('',#6143,1.);
#6143 = DIRECTION('',(0.,0.707106781187,-0.707106781187));
#6144 = ORIENTED_EDGE('',*,*,#6145,.F.);
#6145 = EDGE_CURVE('',#6114,#6138,#6146,.T.);
#6146 = LINE('',#6147,#6148);
#6147 = CARTESIAN_POINT('',(3.5,0.,0.));
#6148 = VECTOR('',#6149,1.);
#6149 = DIRECTION('',(0.,-1.,1.367161731532E-16));
#6150 = ORIENTED_EDGE('',*,*,#6121,.F.);
#6151 = ORIENTED_EDGE('',*,*,#3529,.F.);
#6152 = PLANE('',#6153);
#6153 = AXIS2_PLACEMENT_3D('',#6154,#6155,#6156);
#6154 = CARTESIAN_POINT('',(3.5,0.,0.));
#6155 = DIRECTION('',(1.,0.,0.));
#6156 = DIRECTION('',(0.,1.,-1.367161731532E-16));
#6157 = ADVANCED_FACE('',(#6158),#6169,.F.);
#6158 = FACE_BOUND('',#6159,.T.);
#6159 = EDGE_LOOP('',(#6160,#6161,#6167,#6168));
#6160 = ORIENTED_EDGE('',*,*,#5803,.T.);
#6161 = ORIENTED_EDGE('',*,*,#6162,.F.);
#6162 = EDGE_CURVE('',#5910,#5796,#6163,.T.);
#6163 = LINE('',#6164,#6165);
#6164 = CARTESIAN_POINT('',(3.775,-0.9,0.55));
#6165 = VECTOR('',#6166,1.);
#6166 = DIRECTION('',(0.,1.367161731532E-16,1.));
#6167 = ORIENTED_EDGE('',*,*,#5909,.F.);
#6168 = ORIENTED_EDGE('',*,*,#3497,.T.);
#6169 = PLANE('',#6170);
#6170 = AXIS2_PLACEMENT_3D('',#6171,#6172,#6173);
#6171 = CARTESIAN_POINT('',(3.775,-0.9,0.55));
#6172 = DIRECTION('',(1.,0.,0.));
#6173 = DIRECTION('',(0.,1.,-1.367161731532E-16));
#6174 = ADVANCED_FACE('',(#6175),#6202,.T.);
#6175 = FACE_BOUND('',#6176,.T.);
#6176 = EDGE_LOOP('',(#6177,#6187,#6193,#6194,#6195,#6196));
#6177 = ORIENTED_EDGE('',*,*,#6178,.F.);
#6178 = EDGE_CURVE('',#6179,#6181,#6183,.T.);
#6179 = VERTEX_POINT('',#6180);
#6180 = CARTESIAN_POINT('',(-3.5,1.175,2.9));
#6181 = VERTEX_POINT('',#6182);
#6182 = CARTESIAN_POINT('',(-3.5,0.275,2.9));
#6183 = LINE('',#6184,#6185);
#6184 = CARTESIAN_POINT('',(-3.5,1.775,2.9));
#6185 = VECTOR('',#6186,1.);
#6186 = DIRECTION('',(5.10212787052E-17,-1.,8.569489444804E-17));
#6187 = ORIENTED_EDGE('',*,*,#6188,.T.);
#6188 = EDGE_CURVE('',#6179,#4567,#6189,.T.);
#6189 = LINE('',#6190,#6191);
#6190 = CARTESIAN_POINT('',(-3.5,1.175,2.95));
#6191 = VECTOR('',#6192,1.);
#6192 = DIRECTION('',(-0.,-1.367161731532E-16,-1.));
#6193 = ORIENTED_EDGE('',*,*,#4566,.T.);
#6194 = ORIENTED_EDGE('',*,*,#3652,.T.);
#6195 = ORIENTED_EDGE('',*,*,#3836,.T.);
#6196 = ORIENTED_EDGE('',*,*,#6197,.F.);
#6197 = EDGE_CURVE('',#6181,#3829,#6198,.T.);
#6198 = LINE('',#6199,#6200);
#6199 = CARTESIAN_POINT('',(-3.5,0.275,-3.759694761714E-17));
#6200 = VECTOR('',#6201,1.);
#6201 = DIRECTION('',(-0.,-1.367161731532E-16,-1.));
#6202 = PLANE('',#6203);
#6203 = AXIS2_PLACEMENT_3D('',#6204,#6205,#6206);
#6204 = CARTESIAN_POINT('',(-3.5,0.,0.));
#6205 = DIRECTION('',(-1.,0.,0.));
#6206 = DIRECTION('',(0.,-1.,1.367161731532E-16));
#6207 = ADVANCED_FACE('',(#6208),#6221,.F.);
#6208 = FACE_BOUND('',#6209,.T.);
#6209 = EDGE_LOOP('',(#6210,#6216,#6217,#6218,#6219,#6220));
#6210 = ORIENTED_EDGE('',*,*,#6211,.F.);
#6211 = EDGE_CURVE('',#3821,#3717,#6212,.T.);
#6212 = LINE('',#6213,#6214);
#6213 = CARTESIAN_POINT('',(-3.7,0.275,-3.759694761714E-17));
#6214 = VECTOR('',#6215,1.);
#6215 = DIRECTION('',(0.,1.367161731532E-16,1.));
#6216 = ORIENTED_EDGE('',*,*,#3820,.F.);
#6217 = ORIENTED_EDGE('',*,*,#3796,.F.);
#6218 = ORIENTED_EDGE('',*,*,#3772,.F.);
#6219 = ORIENTED_EDGE('',*,*,#3748,.F.);
#6220 = ORIENTED_EDGE('',*,*,#3716,.F.);
#6221 = PLANE('',#6222);
#6222 = AXIS2_PLACEMENT_3D('',#6223,#6224,#6225);
#6223 = CARTESIAN_POINT('',(-3.7,1.775,2.95));
#6224 = DIRECTION('',(-1.,0.,0.));
#6225 = DIRECTION('',(0.,-1.,1.367161731532E-16));
#6226 = ADVANCED_FACE('',(#6227),#6239,.T.);
#6227 = FACE_BOUND('',#6228,.T.);
#6228 = EDGE_LOOP('',(#6229,#6230,#6236,#6237,#6238));
#6229 = ORIENTED_EDGE('',*,*,#3939,.T.);
#6230 = ORIENTED_EDGE('',*,*,#6231,.F.);
#6231 = EDGE_CURVE('',#6181,#3932,#6232,.T.);
#6232 = LINE('',#6233,#6234);
#6233 = CARTESIAN_POINT('',(-3.45,0.275,2.95));
#6234 = VECTOR('',#6235,1.);
#6235 = DIRECTION('',(0.707106781187,9.667293313453E-17,0.707106781187)
  );
#6236 = ORIENTED_EDGE('',*,*,#6197,.T.);
#6237 = ORIENTED_EDGE('',*,*,#3828,.T.);
#6238 = ORIENTED_EDGE('',*,*,#6211,.T.);
#6239 = PLANE('',#6240);
#6240 = AXIS2_PLACEMENT_3D('',#6241,#6242,#6243);
#6241 = CARTESIAN_POINT('',(0.,0.275,-3.759694761714E-17));
#6242 = DIRECTION('',(0.,1.,-1.367161731532E-16));
#6243 = DIRECTION('',(-1.,0.,0.));
#6244 = ADVANCED_FACE('',(#6245),#6251,.T.);
#6245 = FACE_BOUND('',#6246,.T.);
#6246 = EDGE_LOOP('',(#6247,#6248,#6249,#6250));
#6247 = ORIENTED_EDGE('',*,*,#6022,.F.);
#6248 = ORIENTED_EDGE('',*,*,#3883,.T.);
#6249 = ORIENTED_EDGE('',*,*,#4041,.T.);
#6250 = ORIENTED_EDGE('',*,*,#4073,.T.);
#6251 = PLANE('',#6252);
#6252 = AXIS2_PLACEMENT_3D('',#6253,#6254,#6255);
#6253 = CARTESIAN_POINT('',(3.7,-1.8125,1.8125));
#6254 = DIRECTION('',(0.,-0.707106781187,0.707106781187));
#6255 = DIRECTION('',(0.,-0.707106781187,-0.707106781187));
#6256 = ADVANCED_FACE('',(#6257),#6317,.F.);
#6257 = FACE_BOUND('',#6258,.F.);
#6258 = EDGE_LOOP('',(#6259,#6265,#6266,#6267,#6273,#6274,#6280,#6281,
    #6282,#6288,#6289,#6295,#6296,#6302,#6303,#6309,#6310,#6316));
#6259 = ORIENTED_EDGE('',*,*,#6260,.F.);
#6260 = EDGE_CURVE('',#5578,#5420,#6261,.T.);
#6261 = LINE('',#6262,#6263);
#6262 = CARTESIAN_POINT('',(2.575,1.175,2.45));
#6263 = VECTOR('',#6264,1.);
#6264 = DIRECTION('',(-1.,0.,-0.));
#6265 = ORIENTED_EDGE('',*,*,#5585,.T.);
#6266 = ORIENTED_EDGE('',*,*,#5619,.T.);
#6267 = ORIENTED_EDGE('',*,*,#6268,.T.);
#6268 = EDGE_CURVE('',#5620,#3924,#6269,.T.);
#6269 = LINE('',#6270,#6271);
#6270 = CARTESIAN_POINT('',(3.5,1.175,2.9));
#6271 = VECTOR('',#6272,1.);
#6272 = DIRECTION('',(-0.707106781187,9.667293313453E-17,0.707106781187)
  );
#6273 = ORIENTED_EDGE('',*,*,#3921,.F.);
#6274 = ORIENTED_EDGE('',*,*,#6275,.T.);
#6275 = EDGE_CURVE('',#3922,#6179,#6276,.T.);
#6276 = LINE('',#6277,#6278);
#6277 = CARTESIAN_POINT('',(-3.45,1.175,2.95));
#6278 = VECTOR('',#6279,1.);
#6279 = DIRECTION('',(-0.707106781187,-9.667293313453E-17,
    -0.707106781187));
#6280 = ORIENTED_EDGE('',*,*,#6188,.T.);
#6281 = ORIENTED_EDGE('',*,*,#4574,.T.);
#6282 = ORIENTED_EDGE('',*,*,#6283,.F.);
#6283 = EDGE_CURVE('',#4733,#4575,#6284,.T.);
#6284 = LINE('',#6285,#6286);
#6285 = CARTESIAN_POINT('',(-2.425,1.175,2.45));
#6286 = VECTOR('',#6287,1.);
#6287 = DIRECTION('',(-1.,0.,-0.));
#6288 = ORIENTED_EDGE('',*,*,#4740,.T.);
#6289 = ORIENTED_EDGE('',*,*,#6290,.F.);
#6290 = EDGE_CURVE('',#4902,#4741,#6291,.T.);
#6291 = LINE('',#6292,#6293);
#6292 = CARTESIAN_POINT('',(-1.425,1.175,2.45));
#6293 = VECTOR('',#6294,1.);
#6294 = DIRECTION('',(-1.,0.,-0.));
#6295 = ORIENTED_EDGE('',*,*,#4909,.T.);
#6296 = ORIENTED_EDGE('',*,*,#6297,.F.);
#6297 = EDGE_CURVE('',#5082,#4910,#6298,.T.);
#6298 = LINE('',#6299,#6300);
#6299 = CARTESIAN_POINT('',(-0.425,1.175,2.45));
#6300 = VECTOR('',#6301,1.);
#6301 = DIRECTION('',(-1.,0.,-0.));
#6302 = ORIENTED_EDGE('',*,*,#5089,.T.);
#6303 = ORIENTED_EDGE('',*,*,#6304,.F.);
#6304 = EDGE_CURVE('',#5243,#5071,#6305,.T.);
#6305 = LINE('',#6306,#6307);
#6306 = CARTESIAN_POINT('',(0.575,1.175,2.45));
#6307 = VECTOR('',#6308,1.);
#6308 = DIRECTION('',(-1.,0.,-0.));
#6309 = ORIENTED_EDGE('',*,*,#5250,.T.);
#6310 = ORIENTED_EDGE('',*,*,#6311,.F.);
#6311 = EDGE_CURVE('',#5412,#5251,#6312,.T.);
#6312 = LINE('',#6313,#6314);
#6313 = CARTESIAN_POINT('',(1.575,1.175,2.45));
#6314 = VECTOR('',#6315,1.);
#6315 = DIRECTION('',(-1.,0.,-0.));
#6316 = ORIENTED_EDGE('',*,*,#5419,.T.);
#6317 = PLANE('',#6318);
#6318 = AXIS2_PLACEMENT_3D('',#6319,#6320,#6321);
#6319 = CARTESIAN_POINT('',(0.575,1.175,2.95));
#6320 = DIRECTION('',(0.,-1.,1.367161731532E-16));
#6321 = DIRECTION('',(1.,0.,0.));
#6322 = ADVANCED_FACE('',(#6323),#6329,.T.);
#6323 = FACE_BOUND('',#6324,.T.);
#6324 = EDGE_LOOP('',(#6325,#6326,#6327,#6328));
#6325 = ORIENTED_EDGE('',*,*,#6231,.T.);
#6326 = ORIENTED_EDGE('',*,*,#3931,.T.);
#6327 = ORIENTED_EDGE('',*,*,#6275,.T.);
#6328 = ORIENTED_EDGE('',*,*,#6178,.T.);
#6329 = PLANE('',#6330);
#6330 = AXIS2_PLACEMENT_3D('',#6331,#6332,#6333);
#6331 = CARTESIAN_POINT('',(-3.45,1.775,2.95));
#6332 = DIRECTION('',(-0.707106781187,2.451794882002E-17,0.707106781187)
  );
#6333 = DIRECTION('',(-0.707106781187,-9.667293313453E-17,
    -0.707106781187));
#6334 = ADVANCED_FACE('',(#6335),#6352,.F.);
#6335 = FACE_BOUND('',#6336,.T.);
#6336 = EDGE_LOOP('',(#6337,#6343,#6344,#6350,#6351));
#6337 = ORIENTED_EDGE('',*,*,#6338,.F.);
#6338 = EDGE_CURVE('',#3958,#5628,#6339,.T.);
#6339 = LINE('',#6340,#6341);
#6340 = CARTESIAN_POINT('',(3.5,0.275,2.9));
#6341 = VECTOR('',#6342,1.);
#6342 = DIRECTION('',(0.707106781187,-9.667293313453E-17,-0.707106781187
    ));
#6343 = ORIENTED_EDGE('',*,*,#3957,.T.);
#6344 = ORIENTED_EDGE('',*,*,#6345,.F.);
#6345 = EDGE_CURVE('',#5650,#3950,#6346,.T.);
#6346 = LINE('',#6347,#6348);
#6347 = CARTESIAN_POINT('',(3.7,0.275,-3.759694761714E-17));
#6348 = VECTOR('',#6349,1.);
#6349 = DIRECTION('',(0.,1.367161731532E-16,1.));
#6350 = ORIENTED_EDGE('',*,*,#5668,.F.);
#6351 = ORIENTED_EDGE('',*,*,#5635,.F.);
#6352 = PLANE('',#6353);
#6353 = AXIS2_PLACEMENT_3D('',#6354,#6355,#6356);
#6354 = CARTESIAN_POINT('',(0.,0.275,-3.759694761714E-17));
#6355 = DIRECTION('',(0.,-1.,1.367161731532E-16));
#6356 = DIRECTION('',(1.,0.,0.));
#6357 = ADVANCED_FACE('',(#6358),#6364,.T.);
#6358 = FACE_BOUND('',#6359,.T.);
#6359 = EDGE_LOOP('',(#6360,#6361,#6362,#6363));
#6360 = ORIENTED_EDGE('',*,*,#6338,.T.);
#6361 = ORIENTED_EDGE('',*,*,#5627,.T.);
#6362 = ORIENTED_EDGE('',*,*,#6268,.T.);
#6363 = ORIENTED_EDGE('',*,*,#3965,.T.);
#6364 = PLANE('',#6365);
#6365 = AXIS2_PLACEMENT_3D('',#6366,#6367,#6368);
#6366 = CARTESIAN_POINT('',(3.5,1.005534856542E-16,2.9));
#6367 = DIRECTION('',(0.707106781187,2.451794882002E-17,0.707106781187)
  );
#6368 = DIRECTION('',(-0.707106781187,9.667293313453E-17,0.707106781187)
  );
#6369 = ADVANCED_FACE('',(#6370),#6381,.T.);
#6370 = FACE_BOUND('',#6371,.T.);
#6371 = EDGE_LOOP('',(#6372,#6373,#6374,#6375));
#6372 = ORIENTED_EDGE('',*,*,#6029,.F.);
#6373 = ORIENTED_EDGE('',*,*,#4057,.T.);
#6374 = ORIENTED_EDGE('',*,*,#4088,.T.);
#6375 = ORIENTED_EDGE('',*,*,#6376,.T.);
#6376 = EDGE_CURVE('',#4089,#6030,#6377,.T.);
#6377 = LINE('',#6378,#6379);
#6378 = CARTESIAN_POINT('',(3.7,-2.4,1.));
#6379 = VECTOR('',#6380,1.);
#6380 = DIRECTION('',(1.,0.,0.));
#6381 = PLANE('',#6382);
#6382 = AXIS2_PLACEMENT_3D('',#6383,#6384,#6385);
#6383 = CARTESIAN_POINT('',(3.7,1.367161731532E-16,1.));
#6384 = DIRECTION('',(0.,-1.367161731532E-16,-1.));
#6385 = DIRECTION('',(0.,1.,-1.367161731532E-16));
#6386 = ADVANCED_FACE('',(#6387),#6398,.F.);
#6387 = FACE_BOUND('',#6388,.F.);
#6388 = EDGE_LOOP('',(#6389,#6390,#6391,#6392));
#6389 = ORIENTED_EDGE('',*,*,#4190,.F.);
#6390 = ORIENTED_EDGE('',*,*,#6376,.T.);
#6391 = ORIENTED_EDGE('',*,*,#6037,.T.);
#6392 = ORIENTED_EDGE('',*,*,#6393,.T.);
#6393 = EDGE_CURVE('',#6038,#4183,#6394,.T.);
#6394 = LINE('',#6395,#6396);
#6395 = CARTESIAN_POINT('',(3.7,-2.375,0.975));
#6396 = VECTOR('',#6397,1.);
#6397 = DIRECTION('',(-1.,-0.,0.));
#6398 = CYLINDRICAL_SURFACE('',#6399,2.5E-02);
#6399 = AXIS2_PLACEMENT_3D('',#6400,#6401,#6402);
#6400 = CARTESIAN_POINT('',(3.7,-2.4,0.975));
#6401 = DIRECTION('',(-1.,0.,0.));
#6402 = DIRECTION('',(0.,-1.,1.367161731532E-16));
#6403 = ADVANCED_FACE('',(#6404),#6415,.T.);
#6404 = FACE_BOUND('',#6405,.T.);
#6405 = EDGE_LOOP('',(#6406,#6407,#6408,#6409));
#6406 = ORIENTED_EDGE('',*,*,#6046,.F.);
#6407 = ORIENTED_EDGE('',*,*,#6393,.T.);
#6408 = ORIENTED_EDGE('',*,*,#4182,.T.);
#6409 = ORIENTED_EDGE('',*,*,#6410,.T.);
#6410 = EDGE_CURVE('',#4174,#6047,#6411,.T.);
#6411 = LINE('',#6412,#6413);
#6412 = CARTESIAN_POINT('',(3.7,-2.375,0.8125));
#6413 = VECTOR('',#6414,1.);
#6414 = DIRECTION('',(1.,0.,0.));
#6415 = PLANE('',#6416);
#6416 = AXIS2_PLACEMENT_3D('',#6417,#6418,#6419);
#6417 = CARTESIAN_POINT('',(3.7,-2.375,3.247009112389E-16));
#6418 = DIRECTION('',(0.,-1.,1.367161731532E-16));
#6419 = DIRECTION('',(1.,0.,0.));
#6420 = ADVANCED_FACE('',(#6421),#6432,.F.);
#6421 = FACE_BOUND('',#6422,.F.);
#6422 = EDGE_LOOP('',(#6423,#6424,#6425,#6426));
#6423 = ORIENTED_EDGE('',*,*,#4173,.F.);
#6424 = ORIENTED_EDGE('',*,*,#6410,.T.);
#6425 = ORIENTED_EDGE('',*,*,#6054,.T.);
#6426 = ORIENTED_EDGE('',*,*,#6427,.T.);
#6427 = EDGE_CURVE('',#6055,#4166,#6428,.T.);
#6428 = LINE('',#6429,#6430);
#6429 = CARTESIAN_POINT('',(3.7,-2.4,0.7875));
#6430 = VECTOR('',#6431,1.);
#6431 = DIRECTION('',(-1.,0.,0.));
#6432 = CYLINDRICAL_SURFACE('',#6433,2.5E-02);
#6433 = AXIS2_PLACEMENT_3D('',#6434,#6435,#6436);
#6434 = CARTESIAN_POINT('',(3.7,-2.4,0.8125));
#6435 = DIRECTION('',(-1.,0.,0.));
#6436 = DIRECTION('',(0.,-1.,1.367161731532E-16));
#6437 = ADVANCED_FACE('',(#6438),#6449,.F.);
#6438 = FACE_BOUND('',#6439,.T.);
#6439 = EDGE_LOOP('',(#6440,#6446,#6447,#6448));
#6440 = ORIENTED_EDGE('',*,*,#6441,.F.);
#6441 = EDGE_CURVE('',#6064,#4157,#6442,.T.);
#6442 = LINE('',#6443,#6444);
#6443 = CARTESIAN_POINT('',(3.7,-2.41,0.7875));
#6444 = VECTOR('',#6445,1.);
#6445 = DIRECTION('',(-1.,0.,0.));
#6446 = ORIENTED_EDGE('',*,*,#6063,.F.);
#6447 = ORIENTED_EDGE('',*,*,#6427,.T.);
#6448 = ORIENTED_EDGE('',*,*,#4165,.F.);
#6449 = PLANE('',#6450);
#6450 = AXIS2_PLACEMENT_3D('',#6451,#6452,#6453);
#6451 = CARTESIAN_POINT('',(3.7,-1.696852023029E-14,0.7875));
#6452 = DIRECTION('',(0.,2.154732727656E-14,-1.));
#6453 = DIRECTION('',(0.,1.,2.154732727656E-14));
#6454 = ADVANCED_FACE('',(#6455),#6466,.T.);
#6455 = FACE_BOUND('',#6456,.T.);
#6456 = EDGE_LOOP('',(#6457,#6458,#6459,#6460));
#6457 = ORIENTED_EDGE('',*,*,#6071,.T.);
#6458 = ORIENTED_EDGE('',*,*,#6441,.T.);
#6459 = ORIENTED_EDGE('',*,*,#4156,.T.);
#6460 = ORIENTED_EDGE('',*,*,#6461,.F.);
#6461 = EDGE_CURVE('',#6072,#4149,#6462,.T.);
#6462 = LINE('',#6463,#6464);
#6463 = CARTESIAN_POINT('',(3.7,-2.435,0.7625));
#6464 = VECTOR('',#6465,1.);
#6465 = DIRECTION('',(-1.,-0.,0.));
#6466 = CYLINDRICAL_SURFACE('',#6467,2.5E-02);
#6467 = AXIS2_PLACEMENT_3D('',#6468,#6469,#6470);
#6468 = CARTESIAN_POINT('',(3.7,-2.41,0.7625));
#6469 = DIRECTION('',(-1.,0.,0.));
#6470 = DIRECTION('',(0.,-1.,1.367161731532E-16));
#6471 = ADVANCED_FACE('',(#6472),#6483,.T.);
#6472 = FACE_BOUND('',#6473,.T.);
#6473 = EDGE_LOOP('',(#6474,#6475,#6476,#6477));
#6474 = ORIENTED_EDGE('',*,*,#6080,.F.);
#6475 = ORIENTED_EDGE('',*,*,#6461,.T.);
#6476 = ORIENTED_EDGE('',*,*,#4148,.T.);
#6477 = ORIENTED_EDGE('',*,*,#6478,.T.);
#6478 = EDGE_CURVE('',#4140,#6081,#6479,.T.);
#6479 = LINE('',#6480,#6481);
#6480 = CARTESIAN_POINT('',(3.7,-2.435,0.6125));
#6481 = VECTOR('',#6482,1.);
#6482 = DIRECTION('',(1.,0.,0.));
#6483 = PLANE('',#6484);
#6484 = AXIS2_PLACEMENT_3D('',#6485,#6486,#6487);
#6485 = CARTESIAN_POINT('',(3.7,-2.435,3.329038816281E-16));
#6486 = DIRECTION('',(0.,-1.,1.367161731532E-16));
#6487 = DIRECTION('',(1.,0.,0.));
#6488 = ADVANCED_FACE('',(#6489),#6500,.T.);
#6489 = FACE_BOUND('',#6490,.T.);
#6490 = EDGE_LOOP('',(#6491,#6492,#6493,#6494));
#6491 = ORIENTED_EDGE('',*,*,#6088,.T.);
#6492 = ORIENTED_EDGE('',*,*,#6478,.F.);
#6493 = ORIENTED_EDGE('',*,*,#4139,.T.);
#6494 = ORIENTED_EDGE('',*,*,#6495,.T.);
#6495 = EDGE_CURVE('',#4132,#6089,#6496,.T.);
#6496 = LINE('',#6497,#6498);
#6497 = CARTESIAN_POINT('',(3.7,-2.41,0.5875));
#6498 = VECTOR('',#6499,1.);
#6499 = DIRECTION('',(1.,0.,0.));
#6500 = CYLINDRICAL_SURFACE('',#6501,2.5E-02);
#6501 = AXIS2_PLACEMENT_3D('',#6502,#6503,#6504);
#6502 = CARTESIAN_POINT('',(3.7,-2.41,0.6125));
#6503 = DIRECTION('',(-1.,0.,0.));
#6504 = DIRECTION('',(0.,-1.,1.367161731532E-16));
#6505 = ADVANCED_FACE('',(#6506),#6517,.T.);
#6506 = FACE_BOUND('',#6507,.T.);
#6507 = EDGE_LOOP('',(#6508,#6509,#6510,#6511));
#6508 = ORIENTED_EDGE('',*,*,#6097,.T.);
#6509 = ORIENTED_EDGE('',*,*,#6495,.F.);
#6510 = ORIENTED_EDGE('',*,*,#4131,.T.);
#6511 = ORIENTED_EDGE('',*,*,#6512,.T.);
#6512 = EDGE_CURVE('',#4123,#5941,#6513,.T.);
#6513 = LINE('',#6514,#6515);
#6514 = CARTESIAN_POINT('',(3.7,-2.4,0.5875));
#6515 = VECTOR('',#6516,1.);
#6516 = DIRECTION('',(1.,0.,0.));
#6517 = PLANE('',#6518);
#6518 = AXIS2_PLACEMENT_3D('',#6519,#6520,#6521);
#6519 = CARTESIAN_POINT('',(3.7,8.032075172753E-17,0.5875));
#6520 = DIRECTION('',(0.,-1.367161731532E-16,-1.));
#6521 = DIRECTION('',(0.,1.,-1.367161731532E-16));
#6522 = ADVANCED_FACE('',(#6523),#6534,.F.);
#6523 = FACE_BOUND('',#6524,.F.);
#6524 = EDGE_LOOP('',(#6525,#6526,#6527,#6528));
#6525 = ORIENTED_EDGE('',*,*,#4122,.T.);
#6526 = ORIENTED_EDGE('',*,*,#6512,.T.);
#6527 = ORIENTED_EDGE('',*,*,#5940,.T.);
#6528 = ORIENTED_EDGE('',*,*,#6529,.T.);
#6529 = EDGE_CURVE('',#5943,#4115,#6530,.T.);
#6530 = LINE('',#6531,#6532);
#6531 = CARTESIAN_POINT('',(3.7,-2.375,0.5625));
#6532 = VECTOR('',#6533,1.);
#6533 = DIRECTION('',(-1.,-0.,0.));
#6534 = CYLINDRICAL_SURFACE('',#6535,2.5E-02);
#6535 = AXIS2_PLACEMENT_3D('',#6536,#6537,#6538);
#6536 = CARTESIAN_POINT('',(3.7,-2.4,0.5625));
#6537 = DIRECTION('',(-1.,0.,0.));
#6538 = DIRECTION('',(0.,-1.,1.367161731532E-16));
#6539 = ADVANCED_FACE('',(#6540),#6551,.T.);
#6540 = FACE_BOUND('',#6541,.T.);
#6541 = EDGE_LOOP('',(#6542,#6543,#6544,#6545));
#6542 = ORIENTED_EDGE('',*,*,#5951,.F.);
#6543 = ORIENTED_EDGE('',*,*,#6529,.T.);
#6544 = ORIENTED_EDGE('',*,*,#4114,.T.);
#6545 = ORIENTED_EDGE('',*,*,#6546,.T.);
#6546 = EDGE_CURVE('',#4106,#5952,#6547,.T.);
#6547 = LINE('',#6548,#6549);
#6548 = CARTESIAN_POINT('',(3.7,-2.375,0.4));
#6549 = VECTOR('',#6550,1.);
#6550 = DIRECTION('',(1.,0.,0.));
#6551 = PLANE('',#6552);
#6552 = AXIS2_PLACEMENT_3D('',#6553,#6554,#6555);
#6553 = CARTESIAN_POINT('',(3.7,-2.375,3.247009112389E-16));
#6554 = DIRECTION('',(0.,-1.,1.367161731532E-16));
#6555 = DIRECTION('',(1.,0.,0.));
#6556 = ADVANCED_FACE('',(#6557),#6568,.F.);
#6557 = FACE_BOUND('',#6558,.F.);
#6558 = EDGE_LOOP('',(#6559,#6560,#6561,#6562));
#6559 = ORIENTED_EDGE('',*,*,#4105,.T.);
#6560 = ORIENTED_EDGE('',*,*,#6546,.T.);
#6561 = ORIENTED_EDGE('',*,*,#5959,.T.);
#6562 = ORIENTED_EDGE('',*,*,#6563,.F.);
#6563 = EDGE_CURVE('',#4098,#5960,#6564,.T.);
#6564 = LINE('',#6565,#6566);
#6565 = CARTESIAN_POINT('',(3.7,-2.4,0.375));
#6566 = VECTOR('',#6567,1.);
#6567 = DIRECTION('',(1.,0.,0.));
#6568 = CYLINDRICAL_SURFACE('',#6569,2.5E-02);
#6569 = AXIS2_PLACEMENT_3D('',#6570,#6571,#6572);
#6570 = CARTESIAN_POINT('',(3.7,-2.4,0.4));
#6571 = DIRECTION('',(-1.,0.,0.));
#6572 = DIRECTION('',(0.,-1.,1.367161731532E-16));
#6573 = ADVANCED_FACE('',(#6574),#6580,.F.);
#6574 = FACE_BOUND('',#6575,.T.);
#6575 = EDGE_LOOP('',(#6576,#6577,#6578,#6579));
#6576 = ORIENTED_EDGE('',*,*,#4223,.T.);
#6577 = ORIENTED_EDGE('',*,*,#5968,.F.);
#6578 = ORIENTED_EDGE('',*,*,#6563,.F.);
#6579 = ORIENTED_EDGE('',*,*,#4097,.F.);
#6580 = PLANE('',#6581);
#6581 = AXIS2_PLACEMENT_3D('',#6582,#6583,#6584);
#6582 = CARTESIAN_POINT('',(3.7,5.126856493246E-17,0.375));
#6583 = DIRECTION('',(0.,-1.367161731532E-16,-1.));
#6584 = DIRECTION('',(0.,1.,-1.367161731532E-16));
#6585 = ADVANCED_FACE('',(#6586),#6597,.T.);
#6586 = FACE_BOUND('',#6587,.T.);
#6587 = EDGE_LOOP('',(#6588,#6589,#6590,#6591));
#6588 = ORIENTED_EDGE('',*,*,#5975,.F.);
#6589 = ORIENTED_EDGE('',*,*,#4205,.T.);
#6590 = ORIENTED_EDGE('',*,*,#6137,.T.);
#6591 = ORIENTED_EDGE('',*,*,#6592,.T.);
#6592 = EDGE_CURVE('',#6138,#5976,#6593,.T.);
#6593 = LINE('',#6594,#6595);
#6594 = CARTESIAN_POINT('',(3.7,-2.3,3.144471982524E-16));
#6595 = VECTOR('',#6596,1.);
#6596 = DIRECTION('',(1.,0.,0.));
#6597 = PLANE('',#6598);
#6598 = AXIS2_PLACEMENT_3D('',#6599,#6600,#6601);
#6599 = CARTESIAN_POINT('',(3.7,-1.15,-1.15));
#6600 = DIRECTION('',(0.,-0.707106781187,-0.707106781187));
#6601 = DIRECTION('',(0.,0.707106781187,-0.707106781187));
#6602 = ADVANCED_FACE('',(#6603),#6637,.T.);
#6603 = FACE_BOUND('',#6604,.T.);
#6604 = EDGE_LOOP('',(#6605,#6613,#6614,#6615,#6621,#6622,#6623,#6631));
#6605 = ORIENTED_EDGE('',*,*,#6606,.T.);
#6606 = EDGE_CURVE('',#6607,#4364,#6609,.T.);
#6607 = VERTEX_POINT('',#6608);
#6608 = CARTESIAN_POINT('',(3.25,0.525,0.45));
#6609 = LINE('',#6610,#6611);
#6610 = CARTESIAN_POINT('',(3.25,0.525,0.45));
#6611 = VECTOR('',#6612,1.);
#6612 = DIRECTION('',(0.,-1.,1.367161731532E-16));
#6613 = ORIENTED_EDGE('',*,*,#4373,.F.);
#6614 = ORIENTED_EDGE('',*,*,#4341,.T.);
#6615 = ORIENTED_EDGE('',*,*,#6616,.T.);
#6616 = EDGE_CURVE('',#4334,#4276,#6617,.T.);
#6617 = LINE('',#6618,#6619);
#6618 = CARTESIAN_POINT('',(3.25,-7.5E-02,1.025371298649E-17));
#6619 = VECTOR('',#6620,1.);
#6620 = DIRECTION('',(0.,1.367161731532E-16,1.));
#6621 = ORIENTED_EDGE('',*,*,#4275,.T.);
#6622 = ORIENTED_EDGE('',*,*,#4252,.F.);
#6623 = ORIENTED_EDGE('',*,*,#6624,.F.);
#6624 = EDGE_CURVE('',#6625,#4245,#6627,.T.);
#6625 = VERTEX_POINT('',#6626);
#6626 = CARTESIAN_POINT('',(3.25,0.525,2.55));
#6627 = LINE('',#6628,#6629);
#6628 = CARTESIAN_POINT('',(3.25,0.525,2.55));
#6629 = VECTOR('',#6630,1.);
#6630 = DIRECTION('',(0.,-1.,1.367161731532E-16));
#6631 = ORIENTED_EDGE('',*,*,#6632,.F.);
#6632 = EDGE_CURVE('',#6607,#6625,#6633,.T.);
#6633 = LINE('',#6634,#6635);
#6634 = CARTESIAN_POINT('',(3.25,0.525,-7.177599090545E-17));
#6635 = VECTOR('',#6636,1.);
#6636 = DIRECTION('',(0.,1.367161731532E-16,1.));
#6637 = PLANE('',#6638);
#6638 = AXIS2_PLACEMENT_3D('',#6639,#6640,#6641);
#6639 = CARTESIAN_POINT('',(3.25,0.525,-7.177599090545E-17));
#6640 = DIRECTION('',(-1.,0.,0.));
#6641 = DIRECTION('',(0.,-1.,1.367161731532E-16));
#6642 = ADVANCED_FACE('',(#6643),#6649,.T.);
#6643 = FACE_BOUND('',#6644,.T.);
#6644 = EDGE_LOOP('',(#6645,#6646,#6647,#6648));
#6645 = ORIENTED_EDGE('',*,*,#4333,.T.);
#6646 = ORIENTED_EDGE('',*,*,#4317,.T.);
#6647 = ORIENTED_EDGE('',*,*,#4283,.T.);
#6648 = ORIENTED_EDGE('',*,*,#6616,.F.);
#6649 = PLANE('',#6650);
#6650 = AXIS2_PLACEMENT_3D('',#6651,#6652,#6653);
#6651 = CARTESIAN_POINT('',(0.,-7.5E-02,1.025371298649E-17));
#6652 = DIRECTION('',(0.,-1.,1.367161731532E-16));
#6653 = DIRECTION('',(1.,0.,0.));
#6654 = ADVANCED_FACE('',(#6655),#6673,.F.);
#6655 = FACE_BOUND('',#6656,.T.);
#6656 = EDGE_LOOP('',(#6657,#6658,#6659,#6667));
#6657 = ORIENTED_EDGE('',*,*,#4389,.T.);
#6658 = ORIENTED_EDGE('',*,*,#6606,.F.);
#6659 = ORIENTED_EDGE('',*,*,#6660,.F.);
#6660 = EDGE_CURVE('',#6661,#6607,#6663,.T.);
#6661 = VERTEX_POINT('',#6662);
#6662 = CARTESIAN_POINT('',(-3.25,0.525,0.45));
#6663 = LINE('',#6664,#6665);
#6664 = CARTESIAN_POINT('',(0.,0.525,0.45));
#6665 = VECTOR('',#6666,1.);
#6666 = DIRECTION('',(1.,0.,0.));
#6667 = ORIENTED_EDGE('',*,*,#6668,.F.);
#6668 = EDGE_CURVE('',#4390,#6661,#6669,.T.);
#6669 = LINE('',#6670,#6671);
#6670 = CARTESIAN_POINT('',(-3.25,0.525,0.45));
#6671 = VECTOR('',#6672,1.);
#6672 = DIRECTION('',(0.,1.,-1.367161731532E-16));
#6673 = PLANE('',#6674);
#6674 = AXIS2_PLACEMENT_3D('',#6675,#6676,#6677);
#6675 = CARTESIAN_POINT('',(0.,0.525,0.45));
#6676 = DIRECTION('',(0.,-1.367161731532E-16,-1.));
#6677 = DIRECTION('',(0.,1.,-1.367161731532E-16));
#6678 = ADVANCED_FACE('',(#6679),#6706,.F.);
#6679 = FACE_BOUND('',#6680,.T.);
#6680 = EDGE_LOOP('',(#6681,#6682,#6683,#6684,#6692,#6698,#6699,#6700));
#6681 = ORIENTED_EDGE('',*,*,#4435,.T.);
#6682 = ORIENTED_EDGE('',*,*,#4413,.T.);
#6683 = ORIENTED_EDGE('',*,*,#6668,.T.);
#6684 = ORIENTED_EDGE('',*,*,#6685,.F.);
#6685 = EDGE_CURVE('',#6686,#6661,#6688,.T.);
#6686 = VERTEX_POINT('',#6687);
#6687 = CARTESIAN_POINT('',(-3.25,0.525,2.55));
#6688 = LINE('',#6689,#6690);
#6689 = CARTESIAN_POINT('',(-3.25,0.525,-7.177599090545E-17));
#6690 = VECTOR('',#6691,1.);
#6691 = DIRECTION('',(0.,-1.367161731532E-16,-1.));
#6692 = ORIENTED_EDGE('',*,*,#6693,.F.);
#6693 = EDGE_CURVE('',#4524,#6686,#6694,.T.);
#6694 = LINE('',#6695,#6696);
#6695 = CARTESIAN_POINT('',(-3.25,0.525,2.55));
#6696 = VECTOR('',#6697,1.);
#6697 = DIRECTION('',(0.,1.,-1.367161731532E-16));
#6698 = ORIENTED_EDGE('',*,*,#4523,.T.);
#6699 = ORIENTED_EDGE('',*,*,#4501,.T.);
#6700 = ORIENTED_EDGE('',*,*,#6701,.F.);
#6701 = EDGE_CURVE('',#4436,#4494,#6702,.T.);
#6702 = LINE('',#6703,#6704);
#6703 = CARTESIAN_POINT('',(-3.25,-7.5E-02,1.025371298649E-17));
#6704 = VECTOR('',#6705,1.);
#6705 = DIRECTION('',(0.,1.367161731532E-16,1.));
#6706 = PLANE('',#6707);
#6707 = AXIS2_PLACEMENT_3D('',#6708,#6709,#6710);
#6708 = CARTESIAN_POINT('',(-3.25,0.525,-7.177599090545E-17));
#6709 = DIRECTION('',(-1.,0.,0.));
#6710 = DIRECTION('',(0.,-1.,1.367161731532E-16));
#6711 = ADVANCED_FACE('',(#6712),#6718,.T.);
#6712 = FACE_BOUND('',#6713,.T.);
#6713 = EDGE_LOOP('',(#6714,#6715,#6716,#6717));
#6714 = ORIENTED_EDGE('',*,*,#4493,.T.);
#6715 = ORIENTED_EDGE('',*,*,#4477,.T.);
#6716 = ORIENTED_EDGE('',*,*,#4443,.T.);
#6717 = ORIENTED_EDGE('',*,*,#6701,.T.);
#6718 = PLANE('',#6719);
#6719 = AXIS2_PLACEMENT_3D('',#6720,#6721,#6722);
#6720 = CARTESIAN_POINT('',(0.,-7.5E-02,1.025371298649E-17));
#6721 = DIRECTION('',(0.,-1.,1.367161731532E-16));
#6722 = DIRECTION('',(1.,0.,0.));
#6723 = ADVANCED_FACE('',(#6724),#6735,.T.);
#6724 = FACE_BOUND('',#6725,.T.);
#6725 = EDGE_LOOP('',(#6726,#6727,#6733,#6734));
#6726 = ORIENTED_EDGE('',*,*,#6693,.T.);
#6727 = ORIENTED_EDGE('',*,*,#6728,.F.);
#6728 = EDGE_CURVE('',#6625,#6686,#6729,.T.);
#6729 = LINE('',#6730,#6731);
#6730 = CARTESIAN_POINT('',(0.,0.525,2.55));
#6731 = VECTOR('',#6732,1.);
#6732 = DIRECTION('',(-1.,0.,-0.));
#6733 = ORIENTED_EDGE('',*,*,#6624,.T.);
#6734 = ORIENTED_EDGE('',*,*,#4550,.F.);
#6735 = PLANE('',#6736);
#6736 = AXIS2_PLACEMENT_3D('',#6737,#6738,#6739);
#6737 = CARTESIAN_POINT('',(0.,0.525,2.55));
#6738 = DIRECTION('',(0.,-1.367161731532E-16,-1.));
#6739 = DIRECTION('',(0.,1.,-1.367161731532E-16));
#6740 = ADVANCED_FACE('',(#6741),#6747,.F.);
#6741 = FACE_BOUND('',#6742,.T.);
#6742 = EDGE_LOOP('',(#6743,#6744,#6745,#6746));
#6743 = ORIENTED_EDGE('',*,*,#4603,.F.);
#6744 = ORIENTED_EDGE('',*,*,#4582,.F.);
#6745 = ORIENTED_EDGE('',*,*,#6283,.F.);
#6746 = ORIENTED_EDGE('',*,*,#4732,.T.);
#6747 = PLANE('',#6748);
#6748 = AXIS2_PLACEMENT_3D('',#6749,#6750,#6751);
#6749 = CARTESIAN_POINT('',(-6.,1.775,2.45));
#6750 = DIRECTION('',(0.,-1.367161731532E-16,-1.));
#6751 = DIRECTION('',(0.,1.,-1.367161731532E-16));
#6752 = ADVANCED_FACE('',(#6753),#6759,.F.);
#6753 = FACE_BOUND('',#6754,.T.);
#6754 = EDGE_LOOP('',(#6755,#6756,#6757,#6758));
#6755 = ORIENTED_EDGE('',*,*,#4772,.F.);
#6756 = ORIENTED_EDGE('',*,*,#4748,.F.);
#6757 = ORIENTED_EDGE('',*,*,#6290,.F.);
#6758 = ORIENTED_EDGE('',*,*,#4901,.T.);
#6759 = PLANE('',#6760);
#6760 = AXIS2_PLACEMENT_3D('',#6761,#6762,#6763);
#6761 = CARTESIAN_POINT('',(-6.,1.775,2.45));
#6762 = DIRECTION('',(0.,-1.367161731532E-16,-1.));
#6763 = DIRECTION('',(0.,1.,-1.367161731532E-16));
#6764 = ADVANCED_FACE('',(#6765),#6771,.F.);
#6765 = FACE_BOUND('',#6766,.T.);
#6766 = EDGE_LOOP('',(#6767,#6768,#6769,#6770));
#6767 = ORIENTED_EDGE('',*,*,#4941,.F.);
#6768 = ORIENTED_EDGE('',*,*,#4917,.F.);
#6769 = ORIENTED_EDGE('',*,*,#6297,.F.);
#6770 = ORIENTED_EDGE('',*,*,#5081,.F.);
#6771 = PLANE('',#6772);
#6772 = AXIS2_PLACEMENT_3D('',#6773,#6774,#6775);
#6773 = CARTESIAN_POINT('',(-4.,1.775,2.45));
#6774 = DIRECTION('',(0.,-1.367161731532E-16,-1.));
#6775 = DIRECTION('',(0.,1.,-1.367161731532E-16));
#6776 = ADVANCED_FACE('',(#6777),#6783,.F.);
#6777 = FACE_BOUND('',#6778,.T.);
#6778 = EDGE_LOOP('',(#6779,#6780,#6781,#6782));
#6779 = ORIENTED_EDGE('',*,*,#5110,.F.);
#6780 = ORIENTED_EDGE('',*,*,#5070,.F.);
#6781 = ORIENTED_EDGE('',*,*,#6304,.F.);
#6782 = ORIENTED_EDGE('',*,*,#5242,.F.);
#6783 = PLANE('',#6784);
#6784 = AXIS2_PLACEMENT_3D('',#6785,#6786,#6787);
#6785 = CARTESIAN_POINT('',(-4.,1.775,2.45));
#6786 = DIRECTION('',(0.,-1.367161731532E-16,-1.));
#6787 = DIRECTION('',(0.,1.,-1.367161731532E-16));
#6788 = ADVANCED_FACE('',(#6789),#6795,.F.);
#6789 = FACE_BOUND('',#6790,.T.);
#6790 = EDGE_LOOP('',(#6791,#6792,#6793,#6794));
#6791 = ORIENTED_EDGE('',*,*,#5279,.F.);
#6792 = ORIENTED_EDGE('',*,*,#5258,.F.);
#6793 = ORIENTED_EDGE('',*,*,#6311,.F.);
#6794 = ORIENTED_EDGE('',*,*,#5411,.T.);
#6795 = PLANE('',#6796);
#6796 = AXIS2_PLACEMENT_3D('',#6797,#6798,#6799);
#6797 = CARTESIAN_POINT('',(-2.,1.775,2.45));
#6798 = DIRECTION('',(0.,-1.367161731532E-16,-1.));
#6799 = DIRECTION('',(0.,1.,-1.367161731532E-16));
#6800 = ADVANCED_FACE('',(#6801),#6807,.F.);
#6801 = FACE_BOUND('',#6802,.T.);
#6802 = EDGE_LOOP('',(#6803,#6804,#6805,#6806));
#6803 = ORIENTED_EDGE('',*,*,#5448,.F.);
#6804 = ORIENTED_EDGE('',*,*,#5427,.F.);
#6805 = ORIENTED_EDGE('',*,*,#6260,.F.);
#6806 = ORIENTED_EDGE('',*,*,#5577,.T.);
#6807 = PLANE('',#6808);
#6808 = AXIS2_PLACEMENT_3D('',#6809,#6810,#6811);
#6809 = CARTESIAN_POINT('',(-2.,1.775,2.45));
#6810 = DIRECTION('',(0.,-1.367161731532E-16,-1.));
#6811 = DIRECTION('',(0.,1.,-1.367161731532E-16));
#6812 = ADVANCED_FACE('',(#6813),#6821,.F.);
#6813 = FACE_BOUND('',#6814,.T.);
#6814 = EDGE_LOOP('',(#6815,#6816,#6817,#6818,#6819,#6820));
#6815 = ORIENTED_EDGE('',*,*,#5649,.F.);
#6816 = ORIENTED_EDGE('',*,*,#6345,.T.);
#6817 = ORIENTED_EDGE('',*,*,#5894,.T.);
#6818 = ORIENTED_EDGE('',*,*,#5869,.F.);
#6819 = ORIENTED_EDGE('',*,*,#5845,.F.);
#6820 = ORIENTED_EDGE('',*,*,#5821,.F.);
#6821 = PLANE('',#6822);
#6822 = AXIS2_PLACEMENT_3D('',#6823,#6824,#6825);
#6823 = CARTESIAN_POINT('',(3.7,1.775,2.95));
#6824 = DIRECTION('',(1.,0.,0.));
#6825 = DIRECTION('',(0.,1.,-1.367161731532E-16));
#6826 = ADVANCED_FACE('',(#6827),#6838,.T.);
#6827 = FACE_BOUND('',#6828,.T.);
#6828 = EDGE_LOOP('',(#6829,#6835,#6836,#6837));
#6829 = ORIENTED_EDGE('',*,*,#6830,.T.);
#6830 = EDGE_CURVE('',#6008,#5725,#6831,.T.);
#6831 = LINE('',#6832,#6833);
#6832 = CARTESIAN_POINT('',(3.7,-1.9,0.975));
#6833 = VECTOR('',#6834,1.);
#6834 = DIRECTION('',(0.57735026919,-0.57735026919,-0.57735026919));
#6835 = ORIENTED_EDGE('',*,*,#5724,.T.);
#6836 = ORIENTED_EDGE('',*,*,#5692,.T.);
#6837 = ORIENTED_EDGE('',*,*,#6015,.T.);
#6838 = PLANE('',#6839);
#6839 = AXIS2_PLACEMENT_3D('',#6840,#6841,#6842);
#6840 = CARTESIAN_POINT('',(3.7,-1.9,2.597607289912E-16));
#6841 = DIRECTION('',(-0.707106781187,-0.707106781187,9.667293313453E-17
    ));
#6842 = DIRECTION('',(0.707106781187,-0.707106781187,9.667293313453E-17)
  );
#6843 = ADVANCED_FACE('',(#6844),#6849,.T.);
#6844 = FACE_BOUND('',#6845,.T.);
#6845 = EDGE_LOOP('',(#6846,#6847,#6848));
#6846 = ORIENTED_EDGE('',*,*,#5732,.T.);
#6847 = ORIENTED_EDGE('',*,*,#6830,.F.);
#6848 = ORIENTED_EDGE('',*,*,#6007,.T.);
#6849 = PLANE('',#6850);
#6850 = AXIS2_PLACEMENT_3D('',#6851,#6852,#6853);
#6851 = CARTESIAN_POINT('',(0.,-1.9,0.975));
#6852 = DIRECTION('',(0.,-0.707106781187,0.707106781187));
#6853 = DIRECTION('',(0.,-0.707106781187,-0.707106781187));
#6854 = ADVANCED_FACE('',(#6855),#6866,.F.);
#6855 = FACE_BOUND('',#6856,.T.);
#6856 = EDGE_LOOP('',(#6857,#6858,#6864,#6865));
#6857 = ORIENTED_EDGE('',*,*,#5925,.T.);
#6858 = ORIENTED_EDGE('',*,*,#6859,.F.);
#6859 = EDGE_CURVE('',#5788,#5918,#6860,.T.);
#6860 = LINE('',#6861,#6862);
#6861 = CARTESIAN_POINT('',(3.7,-0.9,0.55));
#6862 = VECTOR('',#6863,1.);
#6863 = DIRECTION('',(0.,-1.367161731532E-16,-1.));
#6864 = ORIENTED_EDGE('',*,*,#5787,.T.);
#6865 = ORIENTED_EDGE('',*,*,#5998,.F.);
#6866 = PLANE('',#6867);
#6867 = AXIS2_PLACEMENT_3D('',#6868,#6869,#6870);
#6868 = CARTESIAN_POINT('',(3.7,-0.9,0.55));
#6869 = DIRECTION('',(-1.,0.,0.));
#6870 = DIRECTION('',(0.,-1.,1.367161731532E-16));
#6871 = ADVANCED_FACE('',(#6872),#6878,.F.);
#6872 = FACE_BOUND('',#6873,.T.);
#6873 = EDGE_LOOP('',(#6874,#6875,#6876,#6877));
#6874 = ORIENTED_EDGE('',*,*,#6859,.T.);
#6875 = ORIENTED_EDGE('',*,*,#5917,.T.);
#6876 = ORIENTED_EDGE('',*,*,#6162,.T.);
#6877 = ORIENTED_EDGE('',*,*,#5795,.T.);
#6878 = PLANE('',#6879);
#6879 = AXIS2_PLACEMENT_3D('',#6880,#6881,#6882);
#6880 = CARTESIAN_POINT('',(0.,-0.9,1.230445558379E-16));
#6881 = DIRECTION('',(0.,1.,-1.367161731532E-16));
#6882 = DIRECTION('',(-1.,0.,0.));
#6883 = ADVANCED_FACE('',(#6884),#6890,.F.);
#6884 = FACE_BOUND('',#6885,.T.);
#6885 = EDGE_LOOP('',(#6886,#6887,#6888,#6889));
#6886 = ORIENTED_EDGE('',*,*,#6113,.T.);
#6887 = ORIENTED_EDGE('',*,*,#5983,.F.);
#6888 = ORIENTED_EDGE('',*,*,#6592,.F.);
#6889 = ORIENTED_EDGE('',*,*,#6145,.F.);
#6890 = PLANE('',#6891);
#6891 = AXIS2_PLACEMENT_3D('',#6892,#6893,#6894);
#6892 = CARTESIAN_POINT('',(3.7,0.,0.));
#6893 = DIRECTION('',(0.,1.367161731532E-16,1.));
#6894 = DIRECTION('',(0.,-1.,1.367161731532E-16));
#6895 = ADVANCED_FACE('',(#6896,#6902,#6936,#6970,#7004,#7038,#7072,
    #7106,#7140,#7174,#7208,#7242,#7276),#7310,.T.);
#6896 = FACE_BOUND('',#6897,.T.);
#6897 = EDGE_LOOP('',(#6898,#6899,#6900,#6901));
#6898 = ORIENTED_EDGE('',*,*,#6685,.T.);
#6899 = ORIENTED_EDGE('',*,*,#6660,.T.);
#6900 = ORIENTED_EDGE('',*,*,#6632,.T.);
#6901 = ORIENTED_EDGE('',*,*,#6728,.T.);
#6902 = FACE_BOUND('',#6903,.T.);
#6903 = EDGE_LOOP('',(#6904,#6914,#6922,#6930));
#6904 = ORIENTED_EDGE('',*,*,#6905,.T.);
#6905 = EDGE_CURVE('',#6906,#6908,#6910,.T.);
#6906 = VERTEX_POINT('',#6907);
#6907 = CARTESIAN_POINT('',(-0.425,0.525,2.25));
#6908 = VERTEX_POINT('',#6909);
#6909 = CARTESIAN_POINT('',(-0.425,0.525,1.95));
#6910 = LINE('',#6911,#6912);
#6911 = CARTESIAN_POINT('',(-0.425,0.525,1.15));
#6912 = VECTOR('',#6913,1.);
#6913 = DIRECTION('',(1.807003620809E-16,-1.367161731532E-16,-1.));
#6914 = ORIENTED_EDGE('',*,*,#6915,.T.);
#6915 = EDGE_CURVE('',#6908,#6916,#6918,.T.);
#6916 = VERTEX_POINT('',#6917);
#6917 = CARTESIAN_POINT('',(-0.575,0.525,1.95));
#6918 = LINE('',#6919,#6920);
#6919 = CARTESIAN_POINT('',(0.,0.525,1.95));
#6920 = VECTOR('',#6921,1.);
#6921 = DIRECTION('',(-1.,0.,-0.));
#6922 = ORIENTED_EDGE('',*,*,#6923,.T.);
#6923 = EDGE_CURVE('',#6916,#6924,#6926,.T.);
#6924 = VERTEX_POINT('',#6925);
#6925 = CARTESIAN_POINT('',(-0.575,0.525,2.25));
#6926 = LINE('',#6927,#6928);
#6927 = CARTESIAN_POINT('',(-0.575,0.525,1.15));
#6928 = VECTOR('',#6929,1.);
#6929 = DIRECTION('',(0.,1.367161731532E-16,1.));
#6930 = ORIENTED_EDGE('',*,*,#6931,.T.);
#6931 = EDGE_CURVE('',#6924,#6906,#6932,.T.);
#6932 = LINE('',#6933,#6934);
#6933 = CARTESIAN_POINT('',(-0.575,0.525,2.25));
#6934 = VECTOR('',#6935,1.);
#6935 = DIRECTION('',(1.,0.,0.));
#6936 = FACE_BOUND('',#6937,.T.);
#6937 = EDGE_LOOP('',(#6938,#6948,#6956,#6964));
#6938 = ORIENTED_EDGE('',*,*,#6939,.T.);
#6939 = EDGE_CURVE('',#6940,#6942,#6944,.T.);
#6940 = VERTEX_POINT('',#6941);
#6941 = CARTESIAN_POINT('',(0.575,0.525,1.15));
#6942 = VERTEX_POINT('',#6943);
#6943 = CARTESIAN_POINT('',(0.575,0.525,0.85));
#6944 = LINE('',#6945,#6946);
#6945 = CARTESIAN_POINT('',(0.575,0.525,0.17));
#6946 = VECTOR('',#6947,1.);
#6947 = DIRECTION('',(-0.,-1.367161731532E-16,-1.));
#6948 = ORIENTED_EDGE('',*,*,#6949,.F.);
#6949 = EDGE_CURVE('',#6950,#6942,#6952,.T.);
#6950 = VERTEX_POINT('',#6951);
#6951 = CARTESIAN_POINT('',(0.425,0.525,0.85));
#6952 = LINE('',#6953,#6954);
#6953 = CARTESIAN_POINT('',(0.425,0.525,0.85));
#6954 = VECTOR('',#6955,1.);
#6955 = DIRECTION('',(1.,0.,0.));
#6956 = ORIENTED_EDGE('',*,*,#6957,.F.);
#6957 = EDGE_CURVE('',#6958,#6950,#6960,.T.);
#6958 = VERTEX_POINT('',#6959);
#6959 = CARTESIAN_POINT('',(0.425,0.525,1.15));
#6960 = LINE('',#6961,#6962);
#6961 = CARTESIAN_POINT('',(0.425,0.525,-7.177599090545E-17));
#6962 = VECTOR('',#6963,1.);
#6963 = DIRECTION('',(0.,-1.367161731532E-16,-1.));
#6964 = ORIENTED_EDGE('',*,*,#6965,.F.);
#6965 = EDGE_CURVE('',#6940,#6958,#6966,.T.);
#6966 = LINE('',#6967,#6968);
#6967 = CARTESIAN_POINT('',(1.,0.525,1.15));
#6968 = VECTOR('',#6969,1.);
#6969 = DIRECTION('',(-1.,0.,-0.));
#6970 = FACE_BOUND('',#6971,.T.);
#6971 = EDGE_LOOP('',(#6972,#6982,#6990,#6998));
#6972 = ORIENTED_EDGE('',*,*,#6973,.T.);
#6973 = EDGE_CURVE('',#6974,#6976,#6978,.T.);
#6974 = VERTEX_POINT('',#6975);
#6975 = CARTESIAN_POINT('',(0.575,0.525,2.25));
#6976 = VERTEX_POINT('',#6977);
#6977 = CARTESIAN_POINT('',(0.575,0.525,1.95));
#6978 = LINE('',#6979,#6980);
#6979 = CARTESIAN_POINT('',(0.575,0.525,2.25));
#6980 = VECTOR('',#6981,1.);
#6981 = DIRECTION('',(0.,-1.367161731532E-16,-1.));
#6982 = ORIENTED_EDGE('',*,*,#6983,.T.);
#6983 = EDGE_CURVE('',#6976,#6984,#6986,.T.);
#6984 = VERTEX_POINT('',#6985);
#6985 = CARTESIAN_POINT('',(0.425,0.525,1.95));
#6986 = LINE('',#6987,#6988);
#6987 = CARTESIAN_POINT('',(0.,0.525,1.95));
#6988 = VECTOR('',#6989,1.);
#6989 = DIRECTION('',(-1.,0.,-0.));
#6990 = ORIENTED_EDGE('',*,*,#6991,.T.);
#6991 = EDGE_CURVE('',#6984,#6992,#6994,.T.);
#6992 = VERTEX_POINT('',#6993);
#6993 = CARTESIAN_POINT('',(0.425,0.525,2.25));
#6994 = LINE('',#6995,#6996);
#6995 = CARTESIAN_POINT('',(0.425,0.525,2.25));
#6996 = VECTOR('',#6997,1.);
#6997 = DIRECTION('',(0.,1.367161731532E-16,1.));
#6998 = ORIENTED_EDGE('',*,*,#6999,.T.);
#6999 = EDGE_CURVE('',#6992,#6974,#7000,.T.);
#7000 = LINE('',#7001,#7002);
#7001 = CARTESIAN_POINT('',(0.425,0.525,2.25));
#7002 = VECTOR('',#7003,1.);
#7003 = DIRECTION('',(1.,0.,0.));
#7004 = FACE_BOUND('',#7005,.T.);
#7005 = EDGE_LOOP('',(#7006,#7016,#7024,#7032));
#7006 = ORIENTED_EDGE('',*,*,#7007,.T.);
#7007 = EDGE_CURVE('',#7008,#7010,#7012,.T.);
#7008 = VERTEX_POINT('',#7009);
#7009 = CARTESIAN_POINT('',(-0.425,0.525,1.15));
#7010 = VERTEX_POINT('',#7011);
#7011 = CARTESIAN_POINT('',(-0.425,0.525,0.85));
#7012 = LINE('',#7013,#7014);
#7013 = CARTESIAN_POINT('',(-0.425,0.525,0.17));
#7014 = VECTOR('',#7015,1.);
#7015 = DIRECTION('',(-0.,-1.367161731532E-16,-1.));
#7016 = ORIENTED_EDGE('',*,*,#7017,.F.);
#7017 = EDGE_CURVE('',#7018,#7010,#7020,.T.);
#7018 = VERTEX_POINT('',#7019);
#7019 = CARTESIAN_POINT('',(-0.575,0.525,0.85));
#7020 = LINE('',#7021,#7022);
#7021 = CARTESIAN_POINT('',(-0.575,0.525,0.85));
#7022 = VECTOR('',#7023,1.);
#7023 = DIRECTION('',(1.,0.,0.));
#7024 = ORIENTED_EDGE('',*,*,#7025,.F.);
#7025 = EDGE_CURVE('',#7026,#7018,#7028,.T.);
#7026 = VERTEX_POINT('',#7027);
#7027 = CARTESIAN_POINT('',(-0.575,0.525,1.15));
#7028 = LINE('',#7029,#7030);
#7029 = CARTESIAN_POINT('',(-0.575,0.525,-7.177599090545E-17));
#7030 = VECTOR('',#7031,1.);
#7031 = DIRECTION('',(0.,-1.367161731532E-16,-1.));
#7032 = ORIENTED_EDGE('',*,*,#7033,.F.);
#7033 = EDGE_CURVE('',#7008,#7026,#7034,.T.);
#7034 = LINE('',#7035,#7036);
#7035 = CARTESIAN_POINT('',(0.,0.525,1.15));
#7036 = VECTOR('',#7037,1.);
#7037 = DIRECTION('',(-1.,0.,-0.));
#7038 = FACE_BOUND('',#7039,.T.);
#7039 = EDGE_LOOP('',(#7040,#7050,#7058,#7066));
#7040 = ORIENTED_EDGE('',*,*,#7041,.T.);
#7041 = EDGE_CURVE('',#7042,#7044,#7046,.T.);
#7042 = VERTEX_POINT('',#7043);
#7043 = CARTESIAN_POINT('',(-2.425,0.525,2.25));
#7044 = VERTEX_POINT('',#7045);
#7045 = CARTESIAN_POINT('',(-2.425,0.525,1.95));
#7046 = LINE('',#7047,#7048);
#7047 = CARTESIAN_POINT('',(-2.425,0.525,1.15));
#7048 = VECTOR('',#7049,1.);
#7049 = DIRECTION('',(1.807003620809E-16,-1.367161731532E-16,-1.));
#7050 = ORIENTED_EDGE('',*,*,#7051,.T.);
#7051 = EDGE_CURVE('',#7044,#7052,#7054,.T.);
#7052 = VERTEX_POINT('',#7053);
#7053 = CARTESIAN_POINT('',(-2.575,0.525,1.95));
#7054 = LINE('',#7055,#7056);
#7055 = CARTESIAN_POINT('',(0.,0.525,1.95));
#7056 = VECTOR('',#7057,1.);
#7057 = DIRECTION('',(-1.,0.,-0.));
#7058 = ORIENTED_EDGE('',*,*,#7059,.T.);
#7059 = EDGE_CURVE('',#7052,#7060,#7062,.T.);
#7060 = VERTEX_POINT('',#7061);
#7061 = CARTESIAN_POINT('',(-2.575,0.525,2.25));
#7062 = LINE('',#7063,#7064);
#7063 = CARTESIAN_POINT('',(-2.575,0.525,1.15));
#7064 = VECTOR('',#7065,1.);
#7065 = DIRECTION('',(0.,1.367161731532E-16,1.));
#7066 = ORIENTED_EDGE('',*,*,#7067,.T.);
#7067 = EDGE_CURVE('',#7060,#7042,#7068,.T.);
#7068 = LINE('',#7069,#7070);
#7069 = CARTESIAN_POINT('',(-2.575,0.525,2.25));
#7070 = VECTOR('',#7071,1.);
#7071 = DIRECTION('',(1.,0.,0.));
#7072 = FACE_BOUND('',#7073,.T.);
#7073 = EDGE_LOOP('',(#7074,#7084,#7092,#7100));
#7074 = ORIENTED_EDGE('',*,*,#7075,.T.);
#7075 = EDGE_CURVE('',#7076,#7078,#7080,.T.);
#7076 = VERTEX_POINT('',#7077);
#7077 = CARTESIAN_POINT('',(1.575,0.525,1.15));
#7078 = VERTEX_POINT('',#7079);
#7079 = CARTESIAN_POINT('',(1.575,0.525,0.85));
#7080 = LINE('',#7081,#7082);
#7081 = CARTESIAN_POINT('',(1.575,0.525,2.25));
#7082 = VECTOR('',#7083,1.);
#7083 = DIRECTION('',(1.807003620809E-16,-1.367161731532E-16,-1.));
#7084 = ORIENTED_EDGE('',*,*,#7085,.T.);
#7085 = EDGE_CURVE('',#7078,#7086,#7088,.T.);
#7086 = VERTEX_POINT('',#7087);
#7087 = CARTESIAN_POINT('',(1.425,0.525,0.85));
#7088 = LINE('',#7089,#7090);
#7089 = CARTESIAN_POINT('',(0.,0.525,0.85));
#7090 = VECTOR('',#7091,1.);
#7091 = DIRECTION('',(-1.,0.,-0.));
#7092 = ORIENTED_EDGE('',*,*,#7093,.T.);
#7093 = EDGE_CURVE('',#7086,#7094,#7096,.T.);
#7094 = VERTEX_POINT('',#7095);
#7095 = CARTESIAN_POINT('',(1.425,0.525,1.15));
#7096 = LINE('',#7097,#7098);
#7097 = CARTESIAN_POINT('',(1.425,0.525,2.25));
#7098 = VECTOR('',#7099,1.);
#7099 = DIRECTION('',(0.,1.367161731532E-16,1.));
#7100 = ORIENTED_EDGE('',*,*,#7101,.T.);
#7101 = EDGE_CURVE('',#7094,#7076,#7102,.T.);
#7102 = LINE('',#7103,#7104);
#7103 = CARTESIAN_POINT('',(0.,0.525,1.15));
#7104 = VECTOR('',#7105,1.);
#7105 = DIRECTION('',(1.,0.,0.));
#7106 = FACE_BOUND('',#7107,.T.);
#7107 = EDGE_LOOP('',(#7108,#7118,#7126,#7134));
#7108 = ORIENTED_EDGE('',*,*,#7109,.T.);
#7109 = EDGE_CURVE('',#7110,#7112,#7114,.T.);
#7110 = VERTEX_POINT('',#7111);
#7111 = CARTESIAN_POINT('',(2.575,0.525,2.25));
#7112 = VERTEX_POINT('',#7113);
#7113 = CARTESIAN_POINT('',(2.575,0.525,1.95));
#7114 = LINE('',#7115,#7116);
#7115 = CARTESIAN_POINT('',(2.575,0.525,1.15));
#7116 = VECTOR('',#7117,1.);
#7117 = DIRECTION('',(3.614007241618E-16,-1.367161731532E-16,-1.));
#7118 = ORIENTED_EDGE('',*,*,#7119,.T.);
#7119 = EDGE_CURVE('',#7112,#7120,#7122,.T.);
#7120 = VERTEX_POINT('',#7121);
#7121 = CARTESIAN_POINT('',(2.425,0.525,1.95));
#7122 = LINE('',#7123,#7124);
#7123 = CARTESIAN_POINT('',(2.425,0.525,1.95));
#7124 = VECTOR('',#7125,1.);
#7125 = DIRECTION('',(-1.,0.,-0.));
#7126 = ORIENTED_EDGE('',*,*,#7127,.T.);
#7127 = EDGE_CURVE('',#7120,#7128,#7130,.T.);
#7128 = VERTEX_POINT('',#7129);
#7129 = CARTESIAN_POINT('',(2.425,0.525,2.25));
#7130 = LINE('',#7131,#7132);
#7131 = CARTESIAN_POINT('',(2.425,0.525,1.15));
#7132 = VECTOR('',#7133,1.);
#7133 = DIRECTION('',(0.,1.367161731532E-16,1.));
#7134 = ORIENTED_EDGE('',*,*,#7135,.T.);
#7135 = EDGE_CURVE('',#7128,#7110,#7136,.T.);
#7136 = LINE('',#7137,#7138);
#7137 = CARTESIAN_POINT('',(2.425,0.525,2.25));
#7138 = VECTOR('',#7139,1.);
#7139 = DIRECTION('',(1.,0.,0.));
#7140 = FACE_BOUND('',#7141,.T.);
#7141 = EDGE_LOOP('',(#7142,#7152,#7160,#7168));
#7142 = ORIENTED_EDGE('',*,*,#7143,.T.);
#7143 = EDGE_CURVE('',#7144,#7146,#7148,.T.);
#7144 = VERTEX_POINT('',#7145);
#7145 = CARTESIAN_POINT('',(2.575,0.525,1.15));
#7146 = VERTEX_POINT('',#7147);
#7147 = CARTESIAN_POINT('',(2.575,0.525,0.85));
#7148 = LINE('',#7149,#7150);
#7149 = CARTESIAN_POINT('',(2.575,0.525,1.15));
#7150 = VECTOR('',#7151,1.);
#7151 = DIRECTION('',(3.614007241618E-16,-1.367161731532E-16,-1.));
#7152 = ORIENTED_EDGE('',*,*,#7153,.T.);
#7153 = EDGE_CURVE('',#7146,#7154,#7156,.T.);
#7154 = VERTEX_POINT('',#7155);
#7155 = CARTESIAN_POINT('',(2.425,0.525,0.85));
#7156 = LINE('',#7157,#7158);
#7157 = CARTESIAN_POINT('',(0.,0.525,0.85));
#7158 = VECTOR('',#7159,1.);
#7159 = DIRECTION('',(-1.,0.,-0.));
#7160 = ORIENTED_EDGE('',*,*,#7161,.T.);
#7161 = EDGE_CURVE('',#7154,#7162,#7164,.T.);
#7162 = VERTEX_POINT('',#7163);
#7163 = CARTESIAN_POINT('',(2.425,0.525,1.15));
#7164 = LINE('',#7165,#7166);
#7165 = CARTESIAN_POINT('',(2.425,0.525,1.15));
#7166 = VECTOR('',#7167,1.);
#7167 = DIRECTION('',(0.,1.367161731532E-16,1.));
#7168 = ORIENTED_EDGE('',*,*,#7169,.T.);
#7169 = EDGE_CURVE('',#7162,#7144,#7170,.T.);
#7170 = LINE('',#7171,#7172);
#7171 = CARTESIAN_POINT('',(2.425,0.525,1.15));
#7172 = VECTOR('',#7173,1.);
#7173 = DIRECTION('',(1.,0.,0.));
#7174 = FACE_BOUND('',#7175,.T.);
#7175 = EDGE_LOOP('',(#7176,#7186,#7194,#7202));
#7176 = ORIENTED_EDGE('',*,*,#7177,.T.);
#7177 = EDGE_CURVE('',#7178,#7180,#7182,.T.);
#7178 = VERTEX_POINT('',#7179);
#7179 = CARTESIAN_POINT('',(-2.425,0.525,1.15));
#7180 = VERTEX_POINT('',#7181);
#7181 = CARTESIAN_POINT('',(-2.425,0.525,0.85));
#7182 = LINE('',#7183,#7184);
#7183 = CARTESIAN_POINT('',(-2.425,0.525,1.15));
#7184 = VECTOR('',#7185,1.);
#7185 = DIRECTION('',(1.807003620809E-16,-1.367161731532E-16,-1.));
#7186 = ORIENTED_EDGE('',*,*,#7187,.T.);
#7187 = EDGE_CURVE('',#7180,#7188,#7190,.T.);
#7188 = VERTEX_POINT('',#7189);
#7189 = CARTESIAN_POINT('',(-2.575,0.525,0.85));
#7190 = LINE('',#7191,#7192);
#7191 = CARTESIAN_POINT('',(0.,0.525,0.85));
#7192 = VECTOR('',#7193,1.);
#7193 = DIRECTION('',(-1.,0.,-0.));
#7194 = ORIENTED_EDGE('',*,*,#7195,.T.);
#7195 = EDGE_CURVE('',#7188,#7196,#7198,.T.);
#7196 = VERTEX_POINT('',#7197);
#7197 = CARTESIAN_POINT('',(-2.575,0.525,1.15));
#7198 = LINE('',#7199,#7200);
#7199 = CARTESIAN_POINT('',(-2.575,0.525,1.15));
#7200 = VECTOR('',#7201,1.);
#7201 = DIRECTION('',(0.,1.367161731532E-16,1.));
#7202 = ORIENTED_EDGE('',*,*,#7203,.T.);
#7203 = EDGE_CURVE('',#7196,#7178,#7204,.T.);
#7204 = LINE('',#7205,#7206);
#7205 = CARTESIAN_POINT('',(0.,0.525,1.15));
#7206 = VECTOR('',#7207,1.);
#7207 = DIRECTION('',(1.,0.,0.));
#7208 = FACE_BOUND('',#7209,.T.);
#7209 = EDGE_LOOP('',(#7210,#7220,#7228,#7236));
#7210 = ORIENTED_EDGE('',*,*,#7211,.T.);
#7211 = EDGE_CURVE('',#7212,#7214,#7216,.T.);
#7212 = VERTEX_POINT('',#7213);
#7213 = CARTESIAN_POINT('',(-1.425,0.525,2.25));
#7214 = VERTEX_POINT('',#7215);
#7215 = CARTESIAN_POINT('',(-1.425,0.525,1.95));
#7216 = LINE('',#7217,#7218);
#7217 = CARTESIAN_POINT('',(-1.425,0.525,1.15));
#7218 = VECTOR('',#7219,1.);
#7219 = DIRECTION('',(3.614007241618E-16,-1.367161731532E-16,-1.));
#7220 = ORIENTED_EDGE('',*,*,#7221,.T.);
#7221 = EDGE_CURVE('',#7214,#7222,#7224,.T.);
#7222 = VERTEX_POINT('',#7223);
#7223 = CARTESIAN_POINT('',(-1.575,0.525,1.95));
#7224 = LINE('',#7225,#7226);
#7225 = CARTESIAN_POINT('',(0.,0.525,1.95));
#7226 = VECTOR('',#7227,1.);
#7227 = DIRECTION('',(-1.,0.,-0.));
#7228 = ORIENTED_EDGE('',*,*,#7229,.T.);
#7229 = EDGE_CURVE('',#7222,#7230,#7232,.T.);
#7230 = VERTEX_POINT('',#7231);
#7231 = CARTESIAN_POINT('',(-1.575,0.525,2.25));
#7232 = LINE('',#7233,#7234);
#7233 = CARTESIAN_POINT('',(-1.575,0.525,1.15));
#7234 = VECTOR('',#7235,1.);
#7235 = DIRECTION('',(0.,1.367161731532E-16,1.));
#7236 = ORIENTED_EDGE('',*,*,#7237,.T.);
#7237 = EDGE_CURVE('',#7230,#7212,#7238,.T.);
#7238 = LINE('',#7239,#7240);
#7239 = CARTESIAN_POINT('',(-1.575,0.525,2.25));
#7240 = VECTOR('',#7241,1.);
#7241 = DIRECTION('',(1.,0.,0.));
#7242 = FACE_BOUND('',#7243,.T.);
#7243 = EDGE_LOOP('',(#7244,#7254,#7262,#7270));
#7244 = ORIENTED_EDGE('',*,*,#7245,.T.);
#7245 = EDGE_CURVE('',#7246,#7248,#7250,.T.);
#7246 = VERTEX_POINT('',#7247);
#7247 = CARTESIAN_POINT('',(-1.425,0.525,1.15));
#7248 = VERTEX_POINT('',#7249);
#7249 = CARTESIAN_POINT('',(-1.425,0.525,0.85));
#7250 = LINE('',#7251,#7252);
#7251 = CARTESIAN_POINT('',(-1.425,0.525,1.15));
#7252 = VECTOR('',#7253,1.);
#7253 = DIRECTION('',(3.614007241618E-16,-1.367161731532E-16,-1.));
#7254 = ORIENTED_EDGE('',*,*,#7255,.T.);
#7255 = EDGE_CURVE('',#7248,#7256,#7258,.T.);
#7256 = VERTEX_POINT('',#7257);
#7257 = CARTESIAN_POINT('',(-1.575,0.525,0.85));
#7258 = LINE('',#7259,#7260);
#7259 = CARTESIAN_POINT('',(0.,0.525,0.85));
#7260 = VECTOR('',#7261,1.);
#7261 = DIRECTION('',(-1.,0.,-0.));
#7262 = ORIENTED_EDGE('',*,*,#7263,.T.);
#7263 = EDGE_CURVE('',#7256,#7264,#7266,.T.);
#7264 = VERTEX_POINT('',#7265);
#7265 = CARTESIAN_POINT('',(-1.575,0.525,1.15));
#7266 = LINE('',#7267,#7268);
#7267 = CARTESIAN_POINT('',(-1.575,0.525,1.15));
#7268 = VECTOR('',#7269,1.);
#7269 = DIRECTION('',(0.,1.367161731532E-16,1.));
#7270 = ORIENTED_EDGE('',*,*,#7271,.T.);
#7271 = EDGE_CURVE('',#7264,#7246,#7272,.T.);
#7272 = LINE('',#7273,#7274);
#7273 = CARTESIAN_POINT('',(0.,0.525,1.15));
#7274 = VECTOR('',#7275,1.);
#7275 = DIRECTION('',(1.,0.,0.));
#7276 = FACE_BOUND('',#7277,.T.);
#7277 = EDGE_LOOP('',(#7278,#7288,#7296,#7304));
#7278 = ORIENTED_EDGE('',*,*,#7279,.T.);
#7279 = EDGE_CURVE('',#7280,#7282,#7284,.T.);
#7280 = VERTEX_POINT('',#7281);
#7281 = CARTESIAN_POINT('',(1.575,0.525,2.25));
#7282 = VERTEX_POINT('',#7283);
#7283 = CARTESIAN_POINT('',(1.575,0.525,1.95));
#7284 = LINE('',#7285,#7286);
#7285 = CARTESIAN_POINT('',(1.575,0.525,2.25));
#7286 = VECTOR('',#7287,1.);
#7287 = DIRECTION('',(1.807003620809E-16,-1.367161731532E-16,-1.));
#7288 = ORIENTED_EDGE('',*,*,#7289,.T.);
#7289 = EDGE_CURVE('',#7282,#7290,#7292,.T.);
#7290 = VERTEX_POINT('',#7291);
#7291 = CARTESIAN_POINT('',(1.425,0.525,1.95));
#7292 = LINE('',#7293,#7294);
#7293 = CARTESIAN_POINT('',(0.,0.525,1.95));
#7294 = VECTOR('',#7295,1.);
#7295 = DIRECTION('',(-1.,0.,-0.));
#7296 = ORIENTED_EDGE('',*,*,#7297,.T.);
#7297 = EDGE_CURVE('',#7290,#7298,#7300,.T.);
#7298 = VERTEX_POINT('',#7299);
#7299 = CARTESIAN_POINT('',(1.425,0.525,2.25));
#7300 = LINE('',#7301,#7302);
#7301 = CARTESIAN_POINT('',(1.425,0.525,2.25));
#7302 = VECTOR('',#7303,1.);
#7303 = DIRECTION('',(0.,1.367161731532E-16,1.));
#7304 = ORIENTED_EDGE('',*,*,#7305,.T.);
#7305 = EDGE_CURVE('',#7298,#7280,#7306,.T.);
#7306 = LINE('',#7307,#7308);
#7307 = CARTESIAN_POINT('',(1.425,0.525,2.25));
#7308 = VECTOR('',#7309,1.);
#7309 = DIRECTION('',(1.,0.,0.));
#7310 = PLANE('',#7311);
#7311 = AXIS2_PLACEMENT_3D('',#7312,#7313,#7314);
#7312 = CARTESIAN_POINT('',(0.,0.525,-7.177599090545E-17));
#7313 = DIRECTION('',(0.,-1.,1.367161731532E-16));
#7314 = DIRECTION('',(1.,0.,0.));
#7315 = ADVANCED_FACE('',(#7316),#7341,.T.);
#7316 = FACE_BOUND('',#7317,.T.);
#7317 = EDGE_LOOP('',(#7318,#7319,#7327,#7335));
#7318 = ORIENTED_EDGE('',*,*,#6905,.F.);
#7319 = ORIENTED_EDGE('',*,*,#7320,.T.);
#7320 = EDGE_CURVE('',#6906,#7321,#7323,.T.);
#7321 = VERTEX_POINT('',#7322);
#7322 = CARTESIAN_POINT('',(-0.425,-1.575,2.25));
#7323 = LINE('',#7324,#7325);
#7324 = CARTESIAN_POINT('',(-0.425,1.175,2.25));
#7325 = VECTOR('',#7326,1.);
#7326 = DIRECTION('',(0.,-1.,1.367161731532E-16));
#7327 = ORIENTED_EDGE('',*,*,#7328,.T.);
#7328 = EDGE_CURVE('',#7321,#7329,#7331,.T.);
#7329 = VERTEX_POINT('',#7330);
#7330 = CARTESIAN_POINT('',(-0.425,-1.575,1.95));
#7331 = LINE('',#7332,#7333);
#7332 = CARTESIAN_POINT('',(-0.425,-1.575,0.17));
#7333 = VECTOR('',#7334,1.);
#7334 = DIRECTION('',(-0.,-1.367161731532E-16,-1.));
#7335 = ORIENTED_EDGE('',*,*,#7336,.T.);
#7336 = EDGE_CURVE('',#7329,#6908,#7337,.T.);
#7337 = LINE('',#7338,#7339);
#7338 = CARTESIAN_POINT('',(-0.425,1.175,1.95));
#7339 = VECTOR('',#7340,1.);
#7340 = DIRECTION('',(0.,1.,-1.367161731532E-16));
#7341 = PLANE('',#7342);
#7342 = AXIS2_PLACEMENT_3D('',#7343,#7344,#7345);
#7343 = CARTESIAN_POINT('',(-0.425,1.175,0.17));
#7344 = DIRECTION('',(1.,0.,0.));
#7345 = DIRECTION('',(0.,1.,-1.367161731532E-16));
#7346 = ADVANCED_FACE('',(#7347),#7365,.F.);
#7347 = FACE_BOUND('',#7348,.F.);
#7348 = EDGE_LOOP('',(#7349,#7357,#7363,#7364));
#7349 = ORIENTED_EDGE('',*,*,#7350,.T.);
#7350 = EDGE_CURVE('',#6916,#7351,#7353,.T.);
#7351 = VERTEX_POINT('',#7352);
#7352 = CARTESIAN_POINT('',(-0.575,-1.575,1.95));
#7353 = LINE('',#7354,#7355);
#7354 = CARTESIAN_POINT('',(-0.575,0.189589803375,1.95));
#7355 = VECTOR('',#7356,1.);
#7356 = DIRECTION('',(0.,-1.,1.367161731532E-16));
#7357 = ORIENTED_EDGE('',*,*,#7358,.T.);
#7358 = EDGE_CURVE('',#7351,#7329,#7359,.T.);
#7359 = LINE('',#7360,#7361);
#7360 = CARTESIAN_POINT('',(-0.575,-1.575,1.95));
#7361 = VECTOR('',#7362,1.);
#7362 = DIRECTION('',(1.,0.,0.));
#7363 = ORIENTED_EDGE('',*,*,#7336,.T.);
#7364 = ORIENTED_EDGE('',*,*,#6915,.T.);
#7365 = PLANE('',#7366);
#7366 = AXIS2_PLACEMENT_3D('',#7367,#7368,#7369);
#7367 = CARTESIAN_POINT('',(-0.575,0.189589803375,1.95));
#7368 = DIRECTION('',(0.,1.367161731532E-16,1.));
#7369 = DIRECTION('',(0.,-1.,1.367161731532E-16));
#7370 = ADVANCED_FACE('',(#7371),#7389,.T.);
#7371 = FACE_BOUND('',#7372,.T.);
#7372 = EDGE_LOOP('',(#7373,#7381,#7387,#7388));
#7373 = ORIENTED_EDGE('',*,*,#7374,.T.);
#7374 = EDGE_CURVE('',#7351,#7375,#7377,.T.);
#7375 = VERTEX_POINT('',#7376);
#7376 = CARTESIAN_POINT('',(-0.575,-1.575,2.25));
#7377 = LINE('',#7378,#7379);
#7378 = CARTESIAN_POINT('',(-0.575,-1.575,0.17));
#7379 = VECTOR('',#7380,1.);
#7380 = DIRECTION('',(0.,1.367161731532E-16,1.));
#7381 = ORIENTED_EDGE('',*,*,#7382,.T.);
#7382 = EDGE_CURVE('',#7375,#6924,#7383,.T.);
#7383 = LINE('',#7384,#7385);
#7384 = CARTESIAN_POINT('',(-0.575,0.189589803375,2.25));
#7385 = VECTOR('',#7386,1.);
#7386 = DIRECTION('',(0.,1.,-1.367161731532E-16));
#7387 = ORIENTED_EDGE('',*,*,#6923,.F.);
#7388 = ORIENTED_EDGE('',*,*,#7350,.T.);
#7389 = PLANE('',#7390);
#7390 = AXIS2_PLACEMENT_3D('',#7391,#7392,#7393);
#7391 = CARTESIAN_POINT('',(-0.575,1.175,0.17));
#7392 = DIRECTION('',(-1.,0.,0.));
#7393 = DIRECTION('',(0.,-1.,1.367161731532E-16));
#7394 = ADVANCED_FACE('',(#7395),#7406,.F.);
#7395 = FACE_BOUND('',#7396,.F.);
#7396 = EDGE_LOOP('',(#7397,#7398,#7404,#7405));
#7397 = ORIENTED_EDGE('',*,*,#7320,.T.);
#7398 = ORIENTED_EDGE('',*,*,#7399,.T.);
#7399 = EDGE_CURVE('',#7321,#7375,#7400,.T.);
#7400 = LINE('',#7401,#7402);
#7401 = CARTESIAN_POINT('',(-0.575,-1.575,2.25));
#7402 = VECTOR('',#7403,1.);
#7403 = DIRECTION('',(-1.,0.,-0.));
#7404 = ORIENTED_EDGE('',*,*,#7382,.T.);
#7405 = ORIENTED_EDGE('',*,*,#6931,.T.);
#7406 = PLANE('',#7407);
#7407 = AXIS2_PLACEMENT_3D('',#7408,#7409,#7410);
#7408 = CARTESIAN_POINT('',(-0.575,0.189589803375,2.25));
#7409 = DIRECTION('',(0.,-1.367161731532E-16,-1.));
#7410 = DIRECTION('',(0.,1.,-1.367161731532E-16));
#7411 = ADVANCED_FACE('',(#7412),#7418,.T.);
#7412 = FACE_BOUND('',#7413,.T.);
#7413 = EDGE_LOOP('',(#7414,#7415,#7416,#7417));
#7414 = ORIENTED_EDGE('',*,*,#6949,.T.);
#7415 = ORIENTED_EDGE('',*,*,#6939,.F.);
#7416 = ORIENTED_EDGE('',*,*,#6965,.T.);
#7417 = ORIENTED_EDGE('',*,*,#6957,.T.);
#7418 = PLANE('',#7419);
#7419 = AXIS2_PLACEMENT_3D('',#7420,#7421,#7422);
#7420 = CARTESIAN_POINT('',(1.,0.525,-7.177599090545E-17));
#7421 = DIRECTION('',(0.,-1.,1.367161731532E-16));
#7422 = DIRECTION('',(1.,0.,0.));
#7423 = ADVANCED_FACE('',(#7424),#7449,.T.);
#7424 = FACE_BOUND('',#7425,.T.);
#7425 = EDGE_LOOP('',(#7426,#7427,#7435,#7443));
#7426 = ORIENTED_EDGE('',*,*,#6973,.F.);
#7427 = ORIENTED_EDGE('',*,*,#7428,.T.);
#7428 = EDGE_CURVE('',#6974,#7429,#7431,.T.);
#7429 = VERTEX_POINT('',#7430);
#7430 = CARTESIAN_POINT('',(0.575,-1.575,2.25));
#7431 = LINE('',#7432,#7433);
#7432 = CARTESIAN_POINT('',(0.575,1.175,2.25));
#7433 = VECTOR('',#7434,1.);
#7434 = DIRECTION('',(0.,-1.,1.367161731532E-16));
#7435 = ORIENTED_EDGE('',*,*,#7436,.T.);
#7436 = EDGE_CURVE('',#7429,#7437,#7439,.T.);
#7437 = VERTEX_POINT('',#7438);
#7438 = CARTESIAN_POINT('',(0.575,-1.575,1.95));
#7439 = LINE('',#7440,#7441);
#7440 = CARTESIAN_POINT('',(0.575,-1.575,0.17));
#7441 = VECTOR('',#7442,1.);
#7442 = DIRECTION('',(-0.,-1.367161731532E-16,-1.));
#7443 = ORIENTED_EDGE('',*,*,#7444,.T.);
#7444 = EDGE_CURVE('',#7437,#6976,#7445,.T.);
#7445 = LINE('',#7446,#7447);
#7446 = CARTESIAN_POINT('',(0.575,1.175,1.95));
#7447 = VECTOR('',#7448,1.);
#7448 = DIRECTION('',(0.,1.,-1.367161731532E-16));
#7449 = PLANE('',#7450);
#7450 = AXIS2_PLACEMENT_3D('',#7451,#7452,#7453);
#7451 = CARTESIAN_POINT('',(0.575,1.175,0.17));
#7452 = DIRECTION('',(1.,0.,0.));
#7453 = DIRECTION('',(0.,1.,-1.367161731532E-16));
#7454 = ADVANCED_FACE('',(#7455),#7473,.F.);
#7455 = FACE_BOUND('',#7456,.F.);
#7456 = EDGE_LOOP('',(#7457,#7465,#7471,#7472));
#7457 = ORIENTED_EDGE('',*,*,#7458,.T.);
#7458 = EDGE_CURVE('',#6984,#7459,#7461,.T.);
#7459 = VERTEX_POINT('',#7460);
#7460 = CARTESIAN_POINT('',(0.425,-1.575,1.95));
#7461 = LINE('',#7462,#7463);
#7462 = CARTESIAN_POINT('',(0.425,0.189589803375,1.95));
#7463 = VECTOR('',#7464,1.);
#7464 = DIRECTION('',(0.,-1.,1.367161731532E-16));
#7465 = ORIENTED_EDGE('',*,*,#7466,.T.);
#7466 = EDGE_CURVE('',#7459,#7437,#7467,.T.);
#7467 = LINE('',#7468,#7469);
#7468 = CARTESIAN_POINT('',(0.425,-1.575,1.95));
#7469 = VECTOR('',#7470,1.);
#7470 = DIRECTION('',(1.,0.,0.));
#7471 = ORIENTED_EDGE('',*,*,#7444,.T.);
#7472 = ORIENTED_EDGE('',*,*,#6983,.T.);
#7473 = PLANE('',#7474);
#7474 = AXIS2_PLACEMENT_3D('',#7475,#7476,#7477);
#7475 = CARTESIAN_POINT('',(0.425,0.189589803375,1.95));
#7476 = DIRECTION('',(0.,1.367161731532E-16,1.));
#7477 = DIRECTION('',(0.,-1.,1.367161731532E-16));
#7478 = ADVANCED_FACE('',(#7479),#7497,.T.);
#7479 = FACE_BOUND('',#7480,.T.);
#7480 = EDGE_LOOP('',(#7481,#7489,#7495,#7496));
#7481 = ORIENTED_EDGE('',*,*,#7482,.T.);
#7482 = EDGE_CURVE('',#7459,#7483,#7485,.T.);
#7483 = VERTEX_POINT('',#7484);
#7484 = CARTESIAN_POINT('',(0.425,-1.575,2.25));
#7485 = LINE('',#7486,#7487);
#7486 = CARTESIAN_POINT('',(0.425,-1.575,0.17));
#7487 = VECTOR('',#7488,1.);
#7488 = DIRECTION('',(0.,1.367161731532E-16,1.));
#7489 = ORIENTED_EDGE('',*,*,#7490,.T.);
#7490 = EDGE_CURVE('',#7483,#6992,#7491,.T.);
#7491 = LINE('',#7492,#7493);
#7492 = CARTESIAN_POINT('',(0.425,0.189589803375,2.25));
#7493 = VECTOR('',#7494,1.);
#7494 = DIRECTION('',(0.,1.,-1.367161731532E-16));
#7495 = ORIENTED_EDGE('',*,*,#6991,.F.);
#7496 = ORIENTED_EDGE('',*,*,#7458,.T.);
#7497 = PLANE('',#7498);
#7498 = AXIS2_PLACEMENT_3D('',#7499,#7500,#7501);
#7499 = CARTESIAN_POINT('',(0.425,1.175,0.17));
#7500 = DIRECTION('',(-1.,0.,0.));
#7501 = DIRECTION('',(0.,-1.,1.367161731532E-16));
#7502 = ADVANCED_FACE('',(#7503),#7514,.F.);
#7503 = FACE_BOUND('',#7504,.F.);
#7504 = EDGE_LOOP('',(#7505,#7506,#7512,#7513));
#7505 = ORIENTED_EDGE('',*,*,#7428,.T.);
#7506 = ORIENTED_EDGE('',*,*,#7507,.T.);
#7507 = EDGE_CURVE('',#7429,#7483,#7508,.T.);
#7508 = LINE('',#7509,#7510);
#7509 = CARTESIAN_POINT('',(0.425,-1.575,2.25));
#7510 = VECTOR('',#7511,1.);
#7511 = DIRECTION('',(-1.,0.,-0.));
#7512 = ORIENTED_EDGE('',*,*,#7490,.T.);
#7513 = ORIENTED_EDGE('',*,*,#6999,.T.);
#7514 = PLANE('',#7515);
#7515 = AXIS2_PLACEMENT_3D('',#7516,#7517,#7518);
#7516 = CARTESIAN_POINT('',(0.425,0.189589803375,2.25));
#7517 = DIRECTION('',(0.,-1.367161731532E-16,-1.));
#7518 = DIRECTION('',(0.,1.,-1.367161731532E-16));
#7519 = ADVANCED_FACE('',(#7520),#7526,.T.);
#7520 = FACE_BOUND('',#7521,.T.);
#7521 = EDGE_LOOP('',(#7522,#7523,#7524,#7525));
#7522 = ORIENTED_EDGE('',*,*,#7017,.T.);
#7523 = ORIENTED_EDGE('',*,*,#7007,.F.);
#7524 = ORIENTED_EDGE('',*,*,#7033,.T.);
#7525 = ORIENTED_EDGE('',*,*,#7025,.T.);
#7526 = PLANE('',#7527);
#7527 = AXIS2_PLACEMENT_3D('',#7528,#7529,#7530);
#7528 = CARTESIAN_POINT('',(0.,0.525,-7.177599090545E-17));
#7529 = DIRECTION('',(0.,-1.,1.367161731532E-16));
#7530 = DIRECTION('',(1.,0.,0.));
#7531 = ADVANCED_FACE('',(#7532),#7557,.T.);
#7532 = FACE_BOUND('',#7533,.T.);
#7533 = EDGE_LOOP('',(#7534,#7535,#7543,#7551));
#7534 = ORIENTED_EDGE('',*,*,#7041,.F.);
#7535 = ORIENTED_EDGE('',*,*,#7536,.T.);
#7536 = EDGE_CURVE('',#7042,#7537,#7539,.T.);
#7537 = VERTEX_POINT('',#7538);
#7538 = CARTESIAN_POINT('',(-2.425,-1.575,2.25));
#7539 = LINE('',#7540,#7541);
#7540 = CARTESIAN_POINT('',(-2.425,1.175,2.25));
#7541 = VECTOR('',#7542,1.);
#7542 = DIRECTION('',(0.,-1.,1.367161731532E-16));
#7543 = ORIENTED_EDGE('',*,*,#7544,.T.);
#7544 = EDGE_CURVE('',#7537,#7545,#7547,.T.);
#7545 = VERTEX_POINT('',#7546);
#7546 = CARTESIAN_POINT('',(-2.425,-1.575,1.95));
#7547 = LINE('',#7548,#7549);
#7548 = CARTESIAN_POINT('',(-2.425,-1.575,0.17));
#7549 = VECTOR('',#7550,1.);
#7550 = DIRECTION('',(-0.,-1.367161731532E-16,-1.));
#7551 = ORIENTED_EDGE('',*,*,#7552,.T.);
#7552 = EDGE_CURVE('',#7545,#7044,#7553,.T.);
#7553 = LINE('',#7554,#7555);
#7554 = CARTESIAN_POINT('',(-2.425,1.175,1.95));
#7555 = VECTOR('',#7556,1.);
#7556 = DIRECTION('',(0.,1.,-1.367161731532E-16));
#7557 = PLANE('',#7558);
#7558 = AXIS2_PLACEMENT_3D('',#7559,#7560,#7561);
#7559 = CARTESIAN_POINT('',(-2.425,1.175,0.17));
#7560 = DIRECTION('',(1.,0.,0.));
#7561 = DIRECTION('',(0.,1.,-1.367161731532E-16));
#7562 = ADVANCED_FACE('',(#7563),#7581,.F.);
#7563 = FACE_BOUND('',#7564,.F.);
#7564 = EDGE_LOOP('',(#7565,#7573,#7579,#7580));
#7565 = ORIENTED_EDGE('',*,*,#7566,.T.);
#7566 = EDGE_CURVE('',#7052,#7567,#7569,.T.);
#7567 = VERTEX_POINT('',#7568);
#7568 = CARTESIAN_POINT('',(-2.575,-1.575,1.95));
#7569 = LINE('',#7570,#7571);
#7570 = CARTESIAN_POINT('',(-2.575,0.189589803375,1.95));
#7571 = VECTOR('',#7572,1.);
#7572 = DIRECTION('',(0.,-1.,1.367161731532E-16));
#7573 = ORIENTED_EDGE('',*,*,#7574,.T.);
#7574 = EDGE_CURVE('',#7567,#7545,#7575,.T.);
#7575 = LINE('',#7576,#7577);
#7576 = CARTESIAN_POINT('',(-2.575,-1.575,1.95));
#7577 = VECTOR('',#7578,1.);
#7578 = DIRECTION('',(1.,0.,0.));
#7579 = ORIENTED_EDGE('',*,*,#7552,.T.);
#7580 = ORIENTED_EDGE('',*,*,#7051,.T.);
#7581 = PLANE('',#7582);
#7582 = AXIS2_PLACEMENT_3D('',#7583,#7584,#7585);
#7583 = CARTESIAN_POINT('',(-2.575,0.189589803375,1.95));
#7584 = DIRECTION('',(0.,1.367161731532E-16,1.));
#7585 = DIRECTION('',(0.,-1.,1.367161731532E-16));
#7586 = ADVANCED_FACE('',(#7587),#7605,.T.);
#7587 = FACE_BOUND('',#7588,.T.);
#7588 = EDGE_LOOP('',(#7589,#7597,#7603,#7604));
#7589 = ORIENTED_EDGE('',*,*,#7590,.T.);
#7590 = EDGE_CURVE('',#7567,#7591,#7593,.T.);
#7591 = VERTEX_POINT('',#7592);
#7592 = CARTESIAN_POINT('',(-2.575,-1.575,2.25));
#7593 = LINE('',#7594,#7595);
#7594 = CARTESIAN_POINT('',(-2.575,-1.575,0.17));
#7595 = VECTOR('',#7596,1.);
#7596 = DIRECTION('',(0.,1.367161731532E-16,1.));
#7597 = ORIENTED_EDGE('',*,*,#7598,.T.);
#7598 = EDGE_CURVE('',#7591,#7060,#7599,.T.);
#7599 = LINE('',#7600,#7601);
#7600 = CARTESIAN_POINT('',(-2.575,0.189589803375,2.25));
#7601 = VECTOR('',#7602,1.);
#7602 = DIRECTION('',(0.,1.,-1.367161731532E-16));
#7603 = ORIENTED_EDGE('',*,*,#7059,.F.);
#7604 = ORIENTED_EDGE('',*,*,#7566,.T.);
#7605 = PLANE('',#7606);
#7606 = AXIS2_PLACEMENT_3D('',#7607,#7608,#7609);
#7607 = CARTESIAN_POINT('',(-2.575,1.175,0.17));
#7608 = DIRECTION('',(-1.,0.,0.));
#7609 = DIRECTION('',(0.,-1.,1.367161731532E-16));
#7610 = ADVANCED_FACE('',(#7611),#7622,.F.);
#7611 = FACE_BOUND('',#7612,.F.);
#7612 = EDGE_LOOP('',(#7613,#7614,#7620,#7621));
#7613 = ORIENTED_EDGE('',*,*,#7536,.T.);
#7614 = ORIENTED_EDGE('',*,*,#7615,.T.);
#7615 = EDGE_CURVE('',#7537,#7591,#7616,.T.);
#7616 = LINE('',#7617,#7618);
#7617 = CARTESIAN_POINT('',(-2.575,-1.575,2.25));
#7618 = VECTOR('',#7619,1.);
#7619 = DIRECTION('',(-1.,0.,-0.));
#7620 = ORIENTED_EDGE('',*,*,#7598,.T.);
#7621 = ORIENTED_EDGE('',*,*,#7067,.T.);
#7622 = PLANE('',#7623);
#7623 = AXIS2_PLACEMENT_3D('',#7624,#7625,#7626);
#7624 = CARTESIAN_POINT('',(-2.575,0.189589803375,2.25));
#7625 = DIRECTION('',(0.,-1.367161731532E-16,-1.));
#7626 = DIRECTION('',(0.,1.,-1.367161731532E-16));
#7627 = ADVANCED_FACE('',(#7628),#7634,.T.);
#7628 = FACE_BOUND('',#7629,.T.);
#7629 = EDGE_LOOP('',(#7630,#7631,#7632,#7633));
#7630 = ORIENTED_EDGE('',*,*,#7085,.F.);
#7631 = ORIENTED_EDGE('',*,*,#7075,.F.);
#7632 = ORIENTED_EDGE('',*,*,#7101,.F.);
#7633 = ORIENTED_EDGE('',*,*,#7093,.F.);
#7634 = PLANE('',#7635);
#7635 = AXIS2_PLACEMENT_3D('',#7636,#7637,#7638);
#7636 = CARTESIAN_POINT('',(2.,0.525,-7.177599090545E-17));
#7637 = DIRECTION('',(0.,-1.,1.367161731532E-16));
#7638 = DIRECTION('',(1.,0.,0.));
#7639 = ADVANCED_FACE('',(#7640),#7665,.T.);
#7640 = FACE_BOUND('',#7641,.T.);
#7641 = EDGE_LOOP('',(#7642,#7643,#7651,#7659));
#7642 = ORIENTED_EDGE('',*,*,#7109,.F.);
#7643 = ORIENTED_EDGE('',*,*,#7644,.T.);
#7644 = EDGE_CURVE('',#7110,#7645,#7647,.T.);
#7645 = VERTEX_POINT('',#7646);
#7646 = CARTESIAN_POINT('',(2.575,-1.575,2.25));
#7647 = LINE('',#7648,#7649);
#7648 = CARTESIAN_POINT('',(2.575,1.175,2.25));
#7649 = VECTOR('',#7650,1.);
#7650 = DIRECTION('',(0.,-1.,1.367161731532E-16));
#7651 = ORIENTED_EDGE('',*,*,#7652,.T.);
#7652 = EDGE_CURVE('',#7645,#7653,#7655,.T.);
#7653 = VERTEX_POINT('',#7654);
#7654 = CARTESIAN_POINT('',(2.575,-1.575,1.95));
#7655 = LINE('',#7656,#7657);
#7656 = CARTESIAN_POINT('',(2.575,-1.575,0.17));
#7657 = VECTOR('',#7658,1.);
#7658 = DIRECTION('',(-0.,-1.367161731532E-16,-1.));
#7659 = ORIENTED_EDGE('',*,*,#7660,.T.);
#7660 = EDGE_CURVE('',#7653,#7112,#7661,.T.);
#7661 = LINE('',#7662,#7663);
#7662 = CARTESIAN_POINT('',(2.575,1.175,1.95));
#7663 = VECTOR('',#7664,1.);
#7664 = DIRECTION('',(0.,1.,-1.367161731532E-16));
#7665 = PLANE('',#7666);
#7666 = AXIS2_PLACEMENT_3D('',#7667,#7668,#7669);
#7667 = CARTESIAN_POINT('',(2.575,1.175,0.17));
#7668 = DIRECTION('',(1.,0.,0.));
#7669 = DIRECTION('',(0.,1.,-1.367161731532E-16));
#7670 = ADVANCED_FACE('',(#7671),#7689,.F.);
#7671 = FACE_BOUND('',#7672,.F.);
#7672 = EDGE_LOOP('',(#7673,#7681,#7687,#7688));
#7673 = ORIENTED_EDGE('',*,*,#7674,.T.);
#7674 = EDGE_CURVE('',#7120,#7675,#7677,.T.);
#7675 = VERTEX_POINT('',#7676);
#7676 = CARTESIAN_POINT('',(2.425,-1.575,1.95));
#7677 = LINE('',#7678,#7679);
#7678 = CARTESIAN_POINT('',(2.425,0.189589803375,1.95));
#7679 = VECTOR('',#7680,1.);
#7680 = DIRECTION('',(0.,-1.,1.367161731532E-16));
#7681 = ORIENTED_EDGE('',*,*,#7682,.T.);
#7682 = EDGE_CURVE('',#7675,#7653,#7683,.T.);
#7683 = LINE('',#7684,#7685);
#7684 = CARTESIAN_POINT('',(2.425,-1.575,1.95));
#7685 = VECTOR('',#7686,1.);
#7686 = DIRECTION('',(1.,0.,0.));
#7687 = ORIENTED_EDGE('',*,*,#7660,.T.);
#7688 = ORIENTED_EDGE('',*,*,#7119,.T.);
#7689 = PLANE('',#7690);
#7690 = AXIS2_PLACEMENT_3D('',#7691,#7692,#7693);
#7691 = CARTESIAN_POINT('',(2.425,0.189589803375,1.95));
#7692 = DIRECTION('',(0.,1.367161731532E-16,1.));
#7693 = DIRECTION('',(0.,-1.,1.367161731532E-16));
#7694 = ADVANCED_FACE('',(#7695),#7713,.T.);
#7695 = FACE_BOUND('',#7696,.T.);
#7696 = EDGE_LOOP('',(#7697,#7705,#7711,#7712));
#7697 = ORIENTED_EDGE('',*,*,#7698,.T.);
#7698 = EDGE_CURVE('',#7675,#7699,#7701,.T.);
#7699 = VERTEX_POINT('',#7700);
#7700 = CARTESIAN_POINT('',(2.425,-1.575,2.25));
#7701 = LINE('',#7702,#7703);
#7702 = CARTESIAN_POINT('',(2.425,-1.575,0.17));
#7703 = VECTOR('',#7704,1.);
#7704 = DIRECTION('',(0.,1.367161731532E-16,1.));
#7705 = ORIENTED_EDGE('',*,*,#7706,.T.);
#7706 = EDGE_CURVE('',#7699,#7128,#7707,.T.);
#7707 = LINE('',#7708,#7709);
#7708 = CARTESIAN_POINT('',(2.425,0.189589803375,2.25));
#7709 = VECTOR('',#7710,1.);
#7710 = DIRECTION('',(0.,1.,-1.367161731532E-16));
#7711 = ORIENTED_EDGE('',*,*,#7127,.F.);
#7712 = ORIENTED_EDGE('',*,*,#7674,.T.);
#7713 = PLANE('',#7714);
#7714 = AXIS2_PLACEMENT_3D('',#7715,#7716,#7717);
#7715 = CARTESIAN_POINT('',(2.425,1.175,0.17));
#7716 = DIRECTION('',(-1.,0.,0.));
#7717 = DIRECTION('',(0.,-1.,1.367161731532E-16));
#7718 = ADVANCED_FACE('',(#7719),#7730,.F.);
#7719 = FACE_BOUND('',#7720,.F.);
#7720 = EDGE_LOOP('',(#7721,#7722,#7728,#7729));
#7721 = ORIENTED_EDGE('',*,*,#7644,.T.);
#7722 = ORIENTED_EDGE('',*,*,#7723,.T.);
#7723 = EDGE_CURVE('',#7645,#7699,#7724,.T.);
#7724 = LINE('',#7725,#7726);
#7725 = CARTESIAN_POINT('',(2.425,-1.575,2.25));
#7726 = VECTOR('',#7727,1.);
#7727 = DIRECTION('',(-1.,0.,-0.));
#7728 = ORIENTED_EDGE('',*,*,#7706,.T.);
#7729 = ORIENTED_EDGE('',*,*,#7135,.T.);
#7730 = PLANE('',#7731);
#7731 = AXIS2_PLACEMENT_3D('',#7732,#7733,#7734);
#7732 = CARTESIAN_POINT('',(2.425,0.189589803375,2.25));
#7733 = DIRECTION('',(0.,-1.367161731532E-16,-1.));
#7734 = DIRECTION('',(0.,1.,-1.367161731532E-16));
#7735 = ADVANCED_FACE('',(#7736),#7742,.T.);
#7736 = FACE_BOUND('',#7737,.T.);
#7737 = EDGE_LOOP('',(#7738,#7739,#7740,#7741));
#7738 = ORIENTED_EDGE('',*,*,#7153,.F.);
#7739 = ORIENTED_EDGE('',*,*,#7143,.F.);
#7740 = ORIENTED_EDGE('',*,*,#7169,.F.);
#7741 = ORIENTED_EDGE('',*,*,#7161,.F.);
#7742 = PLANE('',#7743);
#7743 = AXIS2_PLACEMENT_3D('',#7744,#7745,#7746);
#7744 = CARTESIAN_POINT('',(3.,0.525,-7.177599090545E-17));
#7745 = DIRECTION('',(0.,-1.,1.367161731532E-16));
#7746 = DIRECTION('',(1.,0.,0.));
#7747 = ADVANCED_FACE('',(#7748),#7754,.T.);
#7748 = FACE_BOUND('',#7749,.T.);
#7749 = EDGE_LOOP('',(#7750,#7751,#7752,#7753));
#7750 = ORIENTED_EDGE('',*,*,#7187,.F.);
#7751 = ORIENTED_EDGE('',*,*,#7177,.F.);
#7752 = ORIENTED_EDGE('',*,*,#7203,.F.);
#7753 = ORIENTED_EDGE('',*,*,#7195,.F.);
#7754 = PLANE('',#7755);
#7755 = AXIS2_PLACEMENT_3D('',#7756,#7757,#7758);
#7756 = CARTESIAN_POINT('',(-2.,0.525,-7.177599090545E-17));
#7757 = DIRECTION('',(0.,-1.,1.367161731532E-16));
#7758 = DIRECTION('',(1.,0.,0.));
#7759 = ADVANCED_FACE('',(#7760),#7785,.T.);
#7760 = FACE_BOUND('',#7761,.T.);
#7761 = EDGE_LOOP('',(#7762,#7763,#7771,#7779));
#7762 = ORIENTED_EDGE('',*,*,#7211,.F.);
#7763 = ORIENTED_EDGE('',*,*,#7764,.T.);
#7764 = EDGE_CURVE('',#7212,#7765,#7767,.T.);
#7765 = VERTEX_POINT('',#7766);
#7766 = CARTESIAN_POINT('',(-1.425,-1.575,2.25));
#7767 = LINE('',#7768,#7769);
#7768 = CARTESIAN_POINT('',(-1.425,1.175,2.25));
#7769 = VECTOR('',#7770,1.);
#7770 = DIRECTION('',(0.,-1.,1.367161731532E-16));
#7771 = ORIENTED_EDGE('',*,*,#7772,.T.);
#7772 = EDGE_CURVE('',#7765,#7773,#7775,.T.);
#7773 = VERTEX_POINT('',#7774);
#7774 = CARTESIAN_POINT('',(-1.425,-1.575,1.95));
#7775 = LINE('',#7776,#7777);
#7776 = CARTESIAN_POINT('',(-1.425,-1.575,0.17));
#7777 = VECTOR('',#7778,1.);
#7778 = DIRECTION('',(-0.,-1.367161731532E-16,-1.));
#7779 = ORIENTED_EDGE('',*,*,#7780,.T.);
#7780 = EDGE_CURVE('',#7773,#7214,#7781,.T.);
#7781 = LINE('',#7782,#7783);
#7782 = CARTESIAN_POINT('',(-1.425,1.175,1.95));
#7783 = VECTOR('',#7784,1.);
#7784 = DIRECTION('',(0.,1.,-1.367161731532E-16));
#7785 = PLANE('',#7786);
#7786 = AXIS2_PLACEMENT_3D('',#7787,#7788,#7789);
#7787 = CARTESIAN_POINT('',(-1.425,1.175,0.17));
#7788 = DIRECTION('',(1.,0.,0.));
#7789 = DIRECTION('',(0.,1.,-1.367161731532E-16));
#7790 = ADVANCED_FACE('',(#7791),#7809,.F.);
#7791 = FACE_BOUND('',#7792,.F.);
#7792 = EDGE_LOOP('',(#7793,#7801,#7807,#7808));
#7793 = ORIENTED_EDGE('',*,*,#7794,.T.);
#7794 = EDGE_CURVE('',#7222,#7795,#7797,.T.);
#7795 = VERTEX_POINT('',#7796);
#7796 = CARTESIAN_POINT('',(-1.575,-1.575,1.95));
#7797 = LINE('',#7798,#7799);
#7798 = CARTESIAN_POINT('',(-1.575,0.189589803375,1.95));
#7799 = VECTOR('',#7800,1.);
#7800 = DIRECTION('',(0.,-1.,1.367161731532E-16));
#7801 = ORIENTED_EDGE('',*,*,#7802,.T.);
#7802 = EDGE_CURVE('',#7795,#7773,#7803,.T.);
#7803 = LINE('',#7804,#7805);
#7804 = CARTESIAN_POINT('',(-1.575,-1.575,1.95));
#7805 = VECTOR('',#7806,1.);
#7806 = DIRECTION('',(1.,0.,0.));
#7807 = ORIENTED_EDGE('',*,*,#7780,.T.);
#7808 = ORIENTED_EDGE('',*,*,#7221,.T.);
#7809 = PLANE('',#7810);
#7810 = AXIS2_PLACEMENT_3D('',#7811,#7812,#7813);
#7811 = CARTESIAN_POINT('',(-1.575,0.189589803375,1.95));
#7812 = DIRECTION('',(0.,1.367161731532E-16,1.));
#7813 = DIRECTION('',(0.,-1.,1.367161731532E-16));
#7814 = ADVANCED_FACE('',(#7815),#7833,.T.);
#7815 = FACE_BOUND('',#7816,.T.);
#7816 = EDGE_LOOP('',(#7817,#7825,#7831,#7832));
#7817 = ORIENTED_EDGE('',*,*,#7818,.T.);
#7818 = EDGE_CURVE('',#7795,#7819,#7821,.T.);
#7819 = VERTEX_POINT('',#7820);
#7820 = CARTESIAN_POINT('',(-1.575,-1.575,2.25));
#7821 = LINE('',#7822,#7823);
#7822 = CARTESIAN_POINT('',(-1.575,-1.575,0.17));
#7823 = VECTOR('',#7824,1.);
#7824 = DIRECTION('',(0.,1.367161731532E-16,1.));
#7825 = ORIENTED_EDGE('',*,*,#7826,.T.);
#7826 = EDGE_CURVE('',#7819,#7230,#7827,.T.);
#7827 = LINE('',#7828,#7829);
#7828 = CARTESIAN_POINT('',(-1.575,0.189589803375,2.25));
#7829 = VECTOR('',#7830,1.);
#7830 = DIRECTION('',(0.,1.,-1.367161731532E-16));
#7831 = ORIENTED_EDGE('',*,*,#7229,.F.);
#7832 = ORIENTED_EDGE('',*,*,#7794,.T.);
#7833 = PLANE('',#7834);
#7834 = AXIS2_PLACEMENT_3D('',#7835,#7836,#7837);
#7835 = CARTESIAN_POINT('',(-1.575,1.175,0.17));
#7836 = DIRECTION('',(-1.,0.,0.));
#7837 = DIRECTION('',(0.,-1.,1.367161731532E-16));
#7838 = ADVANCED_FACE('',(#7839),#7850,.F.);
#7839 = FACE_BOUND('',#7840,.F.);
#7840 = EDGE_LOOP('',(#7841,#7842,#7848,#7849));
#7841 = ORIENTED_EDGE('',*,*,#7764,.T.);
#7842 = ORIENTED_EDGE('',*,*,#7843,.T.);
#7843 = EDGE_CURVE('',#7765,#7819,#7844,.T.);
#7844 = LINE('',#7845,#7846);
#7845 = CARTESIAN_POINT('',(-1.575,-1.575,2.25));
#7846 = VECTOR('',#7847,1.);
#7847 = DIRECTION('',(-1.,0.,-0.));
#7848 = ORIENTED_EDGE('',*,*,#7826,.T.);
#7849 = ORIENTED_EDGE('',*,*,#7237,.T.);
#7850 = PLANE('',#7851);
#7851 = AXIS2_PLACEMENT_3D('',#7852,#7853,#7854);
#7852 = CARTESIAN_POINT('',(-1.575,0.189589803375,2.25));
#7853 = DIRECTION('',(0.,-1.367161731532E-16,-1.));
#7854 = DIRECTION('',(0.,1.,-1.367161731532E-16));
#7855 = ADVANCED_FACE('',(#7856),#7862,.T.);
#7856 = FACE_BOUND('',#7857,.T.);
#7857 = EDGE_LOOP('',(#7858,#7859,#7860,#7861));
#7858 = ORIENTED_EDGE('',*,*,#7255,.F.);
#7859 = ORIENTED_EDGE('',*,*,#7245,.F.);
#7860 = ORIENTED_EDGE('',*,*,#7271,.F.);
#7861 = ORIENTED_EDGE('',*,*,#7263,.F.);
#7862 = PLANE('',#7863);
#7863 = AXIS2_PLACEMENT_3D('',#7864,#7865,#7866);
#7864 = CARTESIAN_POINT('',(-1.,0.525,-7.177599090545E-17));
#7865 = DIRECTION('',(0.,-1.,1.367161731532E-16));
#7866 = DIRECTION('',(1.,0.,0.));
#7867 = ADVANCED_FACE('',(#7868),#7893,.T.);
#7868 = FACE_BOUND('',#7869,.T.);
#7869 = EDGE_LOOP('',(#7870,#7871,#7879,#7887));
#7870 = ORIENTED_EDGE('',*,*,#7279,.F.);
#7871 = ORIENTED_EDGE('',*,*,#7872,.T.);
#7872 = EDGE_CURVE('',#7280,#7873,#7875,.T.);
#7873 = VERTEX_POINT('',#7874);
#7874 = CARTESIAN_POINT('',(1.575,-1.575,2.25));
#7875 = LINE('',#7876,#7877);
#7876 = CARTESIAN_POINT('',(1.575,1.175,2.25));
#7877 = VECTOR('',#7878,1.);
#7878 = DIRECTION('',(0.,-1.,1.367161731532E-16));
#7879 = ORIENTED_EDGE('',*,*,#7880,.T.);
#7880 = EDGE_CURVE('',#7873,#7881,#7883,.T.);
#7881 = VERTEX_POINT('',#7882);
#7882 = CARTESIAN_POINT('',(1.575,-1.575,1.95));
#7883 = LINE('',#7884,#7885);
#7884 = CARTESIAN_POINT('',(1.575,-1.575,0.17));
#7885 = VECTOR('',#7886,1.);
#7886 = DIRECTION('',(-0.,-1.367161731532E-16,-1.));
#7887 = ORIENTED_EDGE('',*,*,#7888,.T.);
#7888 = EDGE_CURVE('',#7881,#7282,#7889,.T.);
#7889 = LINE('',#7890,#7891);
#7890 = CARTESIAN_POINT('',(1.575,1.175,1.95));
#7891 = VECTOR('',#7892,1.);
#7892 = DIRECTION('',(0.,1.,-1.367161731532E-16));
#7893 = PLANE('',#7894);
#7894 = AXIS2_PLACEMENT_3D('',#7895,#7896,#7897);
#7895 = CARTESIAN_POINT('',(1.575,1.175,0.17));
#7896 = DIRECTION('',(1.,0.,0.));
#7897 = DIRECTION('',(0.,1.,-1.367161731532E-16));
#7898 = ADVANCED_FACE('',(#7899),#7917,.F.);
#7899 = FACE_BOUND('',#7900,.F.);
#7900 = EDGE_LOOP('',(#7901,#7909,#7915,#7916));
#7901 = ORIENTED_EDGE('',*,*,#7902,.T.);
#7902 = EDGE_CURVE('',#7290,#7903,#7905,.T.);
#7903 = VERTEX_POINT('',#7904);
#7904 = CARTESIAN_POINT('',(1.425,-1.575,1.95));
#7905 = LINE('',#7906,#7907);
#7906 = CARTESIAN_POINT('',(1.425,0.189589803375,1.95));
#7907 = VECTOR('',#7908,1.);
#7908 = DIRECTION('',(0.,-1.,1.367161731532E-16));
#7909 = ORIENTED_EDGE('',*,*,#7910,.T.);
#7910 = EDGE_CURVE('',#7903,#7881,#7911,.T.);
#7911 = LINE('',#7912,#7913);
#7912 = CARTESIAN_POINT('',(1.425,-1.575,1.95));
#7913 = VECTOR('',#7914,1.);
#7914 = DIRECTION('',(1.,0.,0.));
#7915 = ORIENTED_EDGE('',*,*,#7888,.T.);
#7916 = ORIENTED_EDGE('',*,*,#7289,.T.);
#7917 = PLANE('',#7918);
#7918 = AXIS2_PLACEMENT_3D('',#7919,#7920,#7921);
#7919 = CARTESIAN_POINT('',(1.425,0.189589803375,1.95));
#7920 = DIRECTION('',(0.,1.367161731532E-16,1.));
#7921 = DIRECTION('',(0.,-1.,1.367161731532E-16));
#7922 = ADVANCED_FACE('',(#7923),#7941,.T.);
#7923 = FACE_BOUND('',#7924,.T.);
#7924 = EDGE_LOOP('',(#7925,#7933,#7939,#7940));
#7925 = ORIENTED_EDGE('',*,*,#7926,.T.);
#7926 = EDGE_CURVE('',#7903,#7927,#7929,.T.);
#7927 = VERTEX_POINT('',#7928);
#7928 = CARTESIAN_POINT('',(1.425,-1.575,2.25));
#7929 = LINE('',#7930,#7931);
#7930 = CARTESIAN_POINT('',(1.425,-1.575,0.17));
#7931 = VECTOR('',#7932,1.);
#7932 = DIRECTION('',(0.,1.367161731532E-16,1.));
#7933 = ORIENTED_EDGE('',*,*,#7934,.T.);
#7934 = EDGE_CURVE('',#7927,#7298,#7935,.T.);
#7935 = LINE('',#7936,#7937);
#7936 = CARTESIAN_POINT('',(1.425,0.189589803375,2.25));
#7937 = VECTOR('',#7938,1.);
#7938 = DIRECTION('',(0.,1.,-1.367161731532E-16));
#7939 = ORIENTED_EDGE('',*,*,#7297,.F.);
#7940 = ORIENTED_EDGE('',*,*,#7902,.T.);
#7941 = PLANE('',#7942);
#7942 = AXIS2_PLACEMENT_3D('',#7943,#7944,#7945);
#7943 = CARTESIAN_POINT('',(1.425,1.175,0.17));
#7944 = DIRECTION('',(-1.,0.,0.));
#7945 = DIRECTION('',(0.,-1.,1.367161731532E-16));
#7946 = ADVANCED_FACE('',(#7947),#7958,.F.);
#7947 = FACE_BOUND('',#7948,.F.);
#7948 = EDGE_LOOP('',(#7949,#7950,#7956,#7957));
#7949 = ORIENTED_EDGE('',*,*,#7872,.T.);
#7950 = ORIENTED_EDGE('',*,*,#7951,.T.);
#7951 = EDGE_CURVE('',#7873,#7927,#7952,.T.);
#7952 = LINE('',#7953,#7954);
#7953 = CARTESIAN_POINT('',(1.425,-1.575,2.25));
#7954 = VECTOR('',#7955,1.);
#7955 = DIRECTION('',(-1.,0.,-0.));
#7956 = ORIENTED_EDGE('',*,*,#7934,.T.);
#7957 = ORIENTED_EDGE('',*,*,#7305,.T.);
#7958 = PLANE('',#7959);
#7959 = AXIS2_PLACEMENT_3D('',#7960,#7961,#7962);
#7960 = CARTESIAN_POINT('',(1.425,0.189589803375,2.25));
#7961 = DIRECTION('',(0.,-1.367161731532E-16,-1.));
#7962 = DIRECTION('',(0.,1.,-1.367161731532E-16));
#7963 = ADVANCED_FACE('',(#7964),#7989,.F.);
#7964 = FACE_BOUND('',#7965,.T.);
#7965 = EDGE_LOOP('',(#7966,#7976,#7982,#7983));
#7966 = ORIENTED_EDGE('',*,*,#7967,.F.);
#7967 = EDGE_CURVE('',#7968,#7970,#7972,.T.);
#7968 = VERTEX_POINT('',#7969);
#7969 = CARTESIAN_POINT('',(-0.461397023427,-1.675,1.986397023427));
#7970 = VERTEX_POINT('',#7971);
#7971 = CARTESIAN_POINT('',(-0.461397023427,-1.675,2.213602976573));
#7972 = LINE('',#7973,#7974);
#7973 = CARTESIAN_POINT('',(-0.461397023427,-1.675,2.289995900317E-16));
#7974 = VECTOR('',#7975,1.);
#7975 = DIRECTION('',(0.,1.367161731532E-16,1.));
#7976 = ORIENTED_EDGE('',*,*,#7977,.F.);
#7977 = EDGE_CURVE('',#7329,#7968,#7978,.T.);
#7978 = LINE('',#7979,#7980);
#7979 = CARTESIAN_POINT('',(-0.425,-1.575,1.95));
#7980 = VECTOR('',#7981,1.);
#7981 = DIRECTION('',(-0.323615577118,-0.889126490716,0.323615577118));
#7982 = ORIENTED_EDGE('',*,*,#7328,.F.);
#7983 = ORIENTED_EDGE('',*,*,#7984,.F.);
#7984 = EDGE_CURVE('',#7970,#7321,#7985,.T.);
#7985 = LINE('',#7986,#7987);
#7986 = CARTESIAN_POINT('',(-0.461397023427,-1.675,2.213602976573));
#7987 = VECTOR('',#7988,1.);
#7988 = DIRECTION('',(0.323615577118,0.889126490716,0.323615577118));
#7989 = PLANE('',#7990);
#7990 = AXIS2_PLACEMENT_3D('',#7991,#7992,#7993);
#7991 = CARTESIAN_POINT('',(-0.461397023427,-1.675,2.289995900317E-16));
#7992 = DIRECTION('',(-0.939692620786,0.342020143326,-4.675968513681E-17
    ));
#7993 = DIRECTION('',(-0.342020143326,-0.939692620786,1.284711790542E-16
    ));
#7994 = ADVANCED_FACE('',(#7995),#8013,.T.);
#7995 = FACE_BOUND('',#7996,.T.);
#7996 = EDGE_LOOP('',(#7997,#7998,#8006,#8012));
#7997 = ORIENTED_EDGE('',*,*,#7977,.T.);
#7998 = ORIENTED_EDGE('',*,*,#7999,.T.);
#7999 = EDGE_CURVE('',#7968,#8000,#8002,.T.);
#8000 = VERTEX_POINT('',#8001);
#8001 = CARTESIAN_POINT('',(-0.538602976573,-1.675,1.986397023427));
#8002 = LINE('',#8003,#8004);
#8003 = CARTESIAN_POINT('',(0.,-1.675,1.986397023427));
#8004 = VECTOR('',#8005,1.);
#8005 = DIRECTION('',(-1.,0.,-0.));
#8006 = ORIENTED_EDGE('',*,*,#8007,.T.);
#8007 = EDGE_CURVE('',#8000,#7351,#8008,.T.);
#8008 = LINE('',#8009,#8010);
#8009 = CARTESIAN_POINT('',(-0.538602976573,-1.675,1.986397023427));
#8010 = VECTOR('',#8011,1.);
#8011 = DIRECTION('',(-0.323615577118,0.889126490716,-0.323615577118));
#8012 = ORIENTED_EDGE('',*,*,#7358,.T.);
#8013 = PLANE('',#8014);
#8014 = AXIS2_PLACEMENT_3D('',#8015,#8016,#8017);
#8015 = CARTESIAN_POINT('',(0.,-1.675,1.986397023427));
#8016 = DIRECTION('',(0.,-0.342020143326,-0.939692620786));
#8017 = DIRECTION('',(0.,0.939692620786,-0.342020143326));
#8018 = ADVANCED_FACE('',(#8019),#8037,.F.);
#8019 = FACE_BOUND('',#8020,.T.);
#8020 = EDGE_LOOP('',(#8021,#8022,#8023,#8031));
#8021 = ORIENTED_EDGE('',*,*,#7374,.F.);
#8022 = ORIENTED_EDGE('',*,*,#8007,.F.);
#8023 = ORIENTED_EDGE('',*,*,#8024,.F.);
#8024 = EDGE_CURVE('',#8025,#8000,#8027,.T.);
#8025 = VERTEX_POINT('',#8026);
#8026 = CARTESIAN_POINT('',(-0.538602976573,-1.675,2.213602976573));
#8027 = LINE('',#8028,#8029);
#8028 = CARTESIAN_POINT('',(-0.538602976573,-1.675,2.289995900317E-16));
#8029 = VECTOR('',#8030,1.);
#8030 = DIRECTION('',(-0.,-1.367161731532E-16,-1.));
#8031 = ORIENTED_EDGE('',*,*,#8032,.F.);
#8032 = EDGE_CURVE('',#7375,#8025,#8033,.T.);
#8033 = LINE('',#8034,#8035);
#8034 = CARTESIAN_POINT('',(-0.575,-1.575,2.25));
#8035 = VECTOR('',#8036,1.);
#8036 = DIRECTION('',(0.323615577118,-0.889126490716,-0.323615577118));
#8037 = PLANE('',#8038);
#8038 = AXIS2_PLACEMENT_3D('',#8039,#8040,#8041);
#8039 = CARTESIAN_POINT('',(-0.538602976573,-1.675,2.289995900317E-16));
#8040 = DIRECTION('',(0.939692620786,0.342020143326,-4.675968513681E-17)
  );
#8041 = DIRECTION('',(-0.342020143326,0.939692620786,-1.284711790542E-16
    ));
#8042 = ADVANCED_FACE('',(#8043),#8054,.T.);
#8043 = FACE_BOUND('',#8044,.T.);
#8044 = EDGE_LOOP('',(#8045,#8046,#8052,#8053));
#8045 = ORIENTED_EDGE('',*,*,#8032,.T.);
#8046 = ORIENTED_EDGE('',*,*,#8047,.T.);
#8047 = EDGE_CURVE('',#8025,#7970,#8048,.T.);
#8048 = LINE('',#8049,#8050);
#8049 = CARTESIAN_POINT('',(0.,-1.675,2.213602976573));
#8050 = VECTOR('',#8051,1.);
#8051 = DIRECTION('',(1.,0.,0.));
#8052 = ORIENTED_EDGE('',*,*,#7984,.T.);
#8053 = ORIENTED_EDGE('',*,*,#7399,.T.);
#8054 = PLANE('',#8055);
#8055 = AXIS2_PLACEMENT_3D('',#8056,#8057,#8058);
#8056 = CARTESIAN_POINT('',(0.,-1.675,2.213602976573));
#8057 = DIRECTION('',(0.,-0.342020143326,0.939692620786));
#8058 = DIRECTION('',(0.,-0.939692620786,-0.342020143326));
#8059 = ADVANCED_FACE('',(#8060),#8085,.F.);
#8060 = FACE_BOUND('',#8061,.T.);
#8061 = EDGE_LOOP('',(#8062,#8072,#8078,#8079));
#8062 = ORIENTED_EDGE('',*,*,#8063,.F.);
#8063 = EDGE_CURVE('',#8064,#8066,#8068,.T.);
#8064 = VERTEX_POINT('',#8065);
#8065 = CARTESIAN_POINT('',(0.538602976573,-1.675,1.986397023427));
#8066 = VERTEX_POINT('',#8067);
#8067 = CARTESIAN_POINT('',(0.538602976573,-1.675,2.213602976573));
#8068 = LINE('',#8069,#8070);
#8069 = CARTESIAN_POINT('',(0.538602976573,-1.675,2.289995900317E-16));
#8070 = VECTOR('',#8071,1.);
#8071 = DIRECTION('',(0.,1.367161731532E-16,1.));
#8072 = ORIENTED_EDGE('',*,*,#8073,.F.);
#8073 = EDGE_CURVE('',#7437,#8064,#8074,.T.);
#8074 = LINE('',#8075,#8076);
#8075 = CARTESIAN_POINT('',(0.575,-1.575,1.95));
#8076 = VECTOR('',#8077,1.);
#8077 = DIRECTION('',(-0.323615577118,-0.889126490716,0.323615577118));
#8078 = ORIENTED_EDGE('',*,*,#7436,.F.);
#8079 = ORIENTED_EDGE('',*,*,#8080,.F.);
#8080 = EDGE_CURVE('',#8066,#7429,#8081,.T.);
#8081 = LINE('',#8082,#8083);
#8082 = CARTESIAN_POINT('',(0.538602976573,-1.675,2.213602976573));
#8083 = VECTOR('',#8084,1.);
#8084 = DIRECTION('',(0.323615577118,0.889126490716,0.323615577118));
#8085 = PLANE('',#8086);
#8086 = AXIS2_PLACEMENT_3D('',#8087,#8088,#8089);
#8087 = CARTESIAN_POINT('',(0.538602976573,-1.675,2.289995900317E-16));
#8088 = DIRECTION('',(-0.939692620786,0.342020143326,-4.675968513681E-17
    ));
#8089 = DIRECTION('',(-0.342020143326,-0.939692620786,1.284711790542E-16
    ));
#8090 = ADVANCED_FACE('',(#8091),#8109,.T.);
#8091 = FACE_BOUND('',#8092,.T.);
#8092 = EDGE_LOOP('',(#8093,#8094,#8102,#8108));
#8093 = ORIENTED_EDGE('',*,*,#8073,.T.);
#8094 = ORIENTED_EDGE('',*,*,#8095,.T.);
#8095 = EDGE_CURVE('',#8064,#8096,#8098,.T.);
#8096 = VERTEX_POINT('',#8097);
#8097 = CARTESIAN_POINT('',(0.461397023427,-1.675,1.986397023427));
#8098 = LINE('',#8099,#8100);
#8099 = CARTESIAN_POINT('',(1.,-1.675,1.986397023427));
#8100 = VECTOR('',#8101,1.);
#8101 = DIRECTION('',(-1.,0.,-0.));
#8102 = ORIENTED_EDGE('',*,*,#8103,.T.);
#8103 = EDGE_CURVE('',#8096,#7459,#8104,.T.);
#8104 = LINE('',#8105,#8106);
#8105 = CARTESIAN_POINT('',(0.461397023427,-1.675,1.986397023427));
#8106 = VECTOR('',#8107,1.);
#8107 = DIRECTION('',(-0.323615577118,0.889126490716,-0.323615577118));
#8108 = ORIENTED_EDGE('',*,*,#7466,.T.);
#8109 = PLANE('',#8110);
#8110 = AXIS2_PLACEMENT_3D('',#8111,#8112,#8113);
#8111 = CARTESIAN_POINT('',(1.,-1.675,1.986397023427));
#8112 = DIRECTION('',(0.,-0.342020143326,-0.939692620786));
#8113 = DIRECTION('',(0.,0.939692620786,-0.342020143326));
#8114 = ADVANCED_FACE('',(#8115),#8133,.F.);
#8115 = FACE_BOUND('',#8116,.T.);
#8116 = EDGE_LOOP('',(#8117,#8118,#8119,#8127));
#8117 = ORIENTED_EDGE('',*,*,#7482,.F.);
#8118 = ORIENTED_EDGE('',*,*,#8103,.F.);
#8119 = ORIENTED_EDGE('',*,*,#8120,.F.);
#8120 = EDGE_CURVE('',#8121,#8096,#8123,.T.);
#8121 = VERTEX_POINT('',#8122);
#8122 = CARTESIAN_POINT('',(0.461397023427,-1.675,2.213602976573));
#8123 = LINE('',#8124,#8125);
#8124 = CARTESIAN_POINT('',(0.461397023427,-1.675,2.289995900317E-16));
#8125 = VECTOR('',#8126,1.);
#8126 = DIRECTION('',(-0.,-1.367161731532E-16,-1.));
#8127 = ORIENTED_EDGE('',*,*,#8128,.F.);
#8128 = EDGE_CURVE('',#7483,#8121,#8129,.T.);
#8129 = LINE('',#8130,#8131);
#8130 = CARTESIAN_POINT('',(0.425,-1.575,2.25));
#8131 = VECTOR('',#8132,1.);
#8132 = DIRECTION('',(0.323615577118,-0.889126490716,-0.323615577118));
#8133 = PLANE('',#8134);
#8134 = AXIS2_PLACEMENT_3D('',#8135,#8136,#8137);
#8135 = CARTESIAN_POINT('',(0.461397023427,-1.675,2.289995900317E-16));
#8136 = DIRECTION('',(0.939692620786,0.342020143326,-4.675968513681E-17)
  );
#8137 = DIRECTION('',(-0.342020143326,0.939692620786,-1.284711790542E-16
    ));
#8138 = ADVANCED_FACE('',(#8139),#8150,.T.);
#8139 = FACE_BOUND('',#8140,.T.);
#8140 = EDGE_LOOP('',(#8141,#8142,#8148,#8149));
#8141 = ORIENTED_EDGE('',*,*,#8128,.T.);
#8142 = ORIENTED_EDGE('',*,*,#8143,.T.);
#8143 = EDGE_CURVE('',#8121,#8066,#8144,.T.);
#8144 = LINE('',#8145,#8146);
#8145 = CARTESIAN_POINT('',(1.,-1.675,2.213602976573));
#8146 = VECTOR('',#8147,1.);
#8147 = DIRECTION('',(1.,0.,0.));
#8148 = ORIENTED_EDGE('',*,*,#8080,.T.);
#8149 = ORIENTED_EDGE('',*,*,#7507,.T.);
#8150 = PLANE('',#8151);
#8151 = AXIS2_PLACEMENT_3D('',#8152,#8153,#8154);
#8152 = CARTESIAN_POINT('',(1.,-1.675,2.213602976573));
#8153 = DIRECTION('',(0.,-0.342020143326,0.939692620786));
#8154 = DIRECTION('',(0.,-0.939692620786,-0.342020143326));
#8155 = ADVANCED_FACE('',(#8156),#8181,.F.);
#8156 = FACE_BOUND('',#8157,.T.);
#8157 = EDGE_LOOP('',(#8158,#8168,#8174,#8175));
#8158 = ORIENTED_EDGE('',*,*,#8159,.F.);
#8159 = EDGE_CURVE('',#8160,#8162,#8164,.T.);
#8160 = VERTEX_POINT('',#8161);
#8161 = CARTESIAN_POINT('',(-2.461397023427,-1.675,1.986397023427));
#8162 = VERTEX_POINT('',#8163);
#8163 = CARTESIAN_POINT('',(-2.461397023427,-1.675,2.213602976573));
#8164 = LINE('',#8165,#8166);
#8165 = CARTESIAN_POINT('',(-2.461397023427,-1.675,2.289995900317E-16));
#8166 = VECTOR('',#8167,1.);
#8167 = DIRECTION('',(0.,1.367161731532E-16,1.));
#8168 = ORIENTED_EDGE('',*,*,#8169,.F.);
#8169 = EDGE_CURVE('',#7545,#8160,#8170,.T.);
#8170 = LINE('',#8171,#8172);
#8171 = CARTESIAN_POINT('',(-2.425,-1.575,1.95));
#8172 = VECTOR('',#8173,1.);
#8173 = DIRECTION('',(-0.323615577118,-0.889126490716,0.323615577118));
#8174 = ORIENTED_EDGE('',*,*,#7544,.F.);
#8175 = ORIENTED_EDGE('',*,*,#8176,.F.);
#8176 = EDGE_CURVE('',#8162,#7537,#8177,.T.);
#8177 = LINE('',#8178,#8179);
#8178 = CARTESIAN_POINT('',(-2.461397023427,-1.675,2.213602976573));
#8179 = VECTOR('',#8180,1.);
#8180 = DIRECTION('',(0.323615577118,0.889126490716,0.323615577118));
#8181 = PLANE('',#8182);
#8182 = AXIS2_PLACEMENT_3D('',#8183,#8184,#8185);
#8183 = CARTESIAN_POINT('',(-2.461397023427,-1.675,2.289995900317E-16));
#8184 = DIRECTION('',(-0.939692620786,0.342020143326,-4.675968513681E-17
    ));
#8185 = DIRECTION('',(-0.342020143326,-0.939692620786,1.284711790542E-16
    ));
#8186 = ADVANCED_FACE('',(#8187),#8205,.T.);
#8187 = FACE_BOUND('',#8188,.T.);
#8188 = EDGE_LOOP('',(#8189,#8190,#8198,#8204));
#8189 = ORIENTED_EDGE('',*,*,#8169,.T.);
#8190 = ORIENTED_EDGE('',*,*,#8191,.T.);
#8191 = EDGE_CURVE('',#8160,#8192,#8194,.T.);
#8192 = VERTEX_POINT('',#8193);
#8193 = CARTESIAN_POINT('',(-2.538602976573,-1.675,1.986397023427));
#8194 = LINE('',#8195,#8196);
#8195 = CARTESIAN_POINT('',(-2.,-1.675,1.986397023427));
#8196 = VECTOR('',#8197,1.);
#8197 = DIRECTION('',(-1.,0.,-0.));
#8198 = ORIENTED_EDGE('',*,*,#8199,.T.);
#8199 = EDGE_CURVE('',#8192,#7567,#8200,.T.);
#8200 = LINE('',#8201,#8202);
#8201 = CARTESIAN_POINT('',(-2.538602976573,-1.675,1.986397023427));
#8202 = VECTOR('',#8203,1.);
#8203 = DIRECTION('',(-0.323615577118,0.889126490716,-0.323615577118));
#8204 = ORIENTED_EDGE('',*,*,#7574,.T.);
#8205 = PLANE('',#8206);
#8206 = AXIS2_PLACEMENT_3D('',#8207,#8208,#8209);
#8207 = CARTESIAN_POINT('',(-2.,-1.675,1.986397023427));
#8208 = DIRECTION('',(0.,-0.342020143326,-0.939692620786));
#8209 = DIRECTION('',(0.,0.939692620786,-0.342020143326));
#8210 = ADVANCED_FACE('',(#8211),#8229,.F.);
#8211 = FACE_BOUND('',#8212,.T.);
#8212 = EDGE_LOOP('',(#8213,#8214,#8215,#8223));
#8213 = ORIENTED_EDGE('',*,*,#7590,.F.);
#8214 = ORIENTED_EDGE('',*,*,#8199,.F.);
#8215 = ORIENTED_EDGE('',*,*,#8216,.F.);
#8216 = EDGE_CURVE('',#8217,#8192,#8219,.T.);
#8217 = VERTEX_POINT('',#8218);
#8218 = CARTESIAN_POINT('',(-2.538602976573,-1.675,2.213602976573));
#8219 = LINE('',#8220,#8221);
#8220 = CARTESIAN_POINT('',(-2.538602976573,-1.675,2.289995900317E-16));
#8221 = VECTOR('',#8222,1.);
#8222 = DIRECTION('',(-0.,-1.367161731532E-16,-1.));
#8223 = ORIENTED_EDGE('',*,*,#8224,.F.);
#8224 = EDGE_CURVE('',#7591,#8217,#8225,.T.);
#8225 = LINE('',#8226,#8227);
#8226 = CARTESIAN_POINT('',(-2.575,-1.575,2.25));
#8227 = VECTOR('',#8228,1.);
#8228 = DIRECTION('',(0.323615577118,-0.889126490716,-0.323615577118));
#8229 = PLANE('',#8230);
#8230 = AXIS2_PLACEMENT_3D('',#8231,#8232,#8233);
#8231 = CARTESIAN_POINT('',(-2.538602976573,-1.675,2.289995900317E-16));
#8232 = DIRECTION('',(0.939692620786,0.342020143326,-4.675968513681E-17)
  );
#8233 = DIRECTION('',(-0.342020143326,0.939692620786,-1.284711790542E-16
    ));
#8234 = ADVANCED_FACE('',(#8235),#8246,.T.);
#8235 = FACE_BOUND('',#8236,.T.);
#8236 = EDGE_LOOP('',(#8237,#8238,#8244,#8245));
#8237 = ORIENTED_EDGE('',*,*,#8224,.T.);
#8238 = ORIENTED_EDGE('',*,*,#8239,.T.);
#8239 = EDGE_CURVE('',#8217,#8162,#8240,.T.);
#8240 = LINE('',#8241,#8242);
#8241 = CARTESIAN_POINT('',(-2.,-1.675,2.213602976573));
#8242 = VECTOR('',#8243,1.);
#8243 = DIRECTION('',(1.,0.,0.));
#8244 = ORIENTED_EDGE('',*,*,#8176,.T.);
#8245 = ORIENTED_EDGE('',*,*,#7615,.T.);
#8246 = PLANE('',#8247);
#8247 = AXIS2_PLACEMENT_3D('',#8248,#8249,#8250);
#8248 = CARTESIAN_POINT('',(-2.,-1.675,2.213602976573));
#8249 = DIRECTION('',(0.,-0.342020143326,0.939692620786));
#8250 = DIRECTION('',(0.,-0.939692620786,-0.342020143326));
#8251 = ADVANCED_FACE('',(#8252),#8277,.F.);
#8252 = FACE_BOUND('',#8253,.T.);
#8253 = EDGE_LOOP('',(#8254,#8264,#8270,#8271));
#8254 = ORIENTED_EDGE('',*,*,#8255,.F.);
#8255 = EDGE_CURVE('',#8256,#8258,#8260,.T.);
#8256 = VERTEX_POINT('',#8257);
#8257 = CARTESIAN_POINT('',(2.538602976573,-1.675,1.986397023427));
#8258 = VERTEX_POINT('',#8259);
#8259 = CARTESIAN_POINT('',(2.538602976573,-1.675,2.213602976573));
#8260 = LINE('',#8261,#8262);
#8261 = CARTESIAN_POINT('',(2.538602976573,-1.675,2.289995900317E-16));
#8262 = VECTOR('',#8263,1.);
#8263 = DIRECTION('',(0.,1.367161731532E-16,1.));
#8264 = ORIENTED_EDGE('',*,*,#8265,.F.);
#8265 = EDGE_CURVE('',#7653,#8256,#8266,.T.);
#8266 = LINE('',#8267,#8268);
#8267 = CARTESIAN_POINT('',(2.575,-1.575,1.95));
#8268 = VECTOR('',#8269,1.);
#8269 = DIRECTION('',(-0.323615577118,-0.889126490716,0.323615577118));
#8270 = ORIENTED_EDGE('',*,*,#7652,.F.);
#8271 = ORIENTED_EDGE('',*,*,#8272,.F.);
#8272 = EDGE_CURVE('',#8258,#7645,#8273,.T.);
#8273 = LINE('',#8274,#8275);
#8274 = CARTESIAN_POINT('',(2.538602976573,-1.675,2.213602976573));
#8275 = VECTOR('',#8276,1.);
#8276 = DIRECTION('',(0.323615577118,0.889126490716,0.323615577118));
#8277 = PLANE('',#8278);
#8278 = AXIS2_PLACEMENT_3D('',#8279,#8280,#8281);
#8279 = CARTESIAN_POINT('',(2.538602976573,-1.675,2.289995900317E-16));
#8280 = DIRECTION('',(-0.939692620786,0.342020143326,-4.675968513681E-17
    ));
#8281 = DIRECTION('',(-0.342020143326,-0.939692620786,1.284711790542E-16
    ));
#8282 = ADVANCED_FACE('',(#8283),#8301,.T.);
#8283 = FACE_BOUND('',#8284,.T.);
#8284 = EDGE_LOOP('',(#8285,#8286,#8294,#8300));
#8285 = ORIENTED_EDGE('',*,*,#8265,.T.);
#8286 = ORIENTED_EDGE('',*,*,#8287,.T.);
#8287 = EDGE_CURVE('',#8256,#8288,#8290,.T.);
#8288 = VERTEX_POINT('',#8289);
#8289 = CARTESIAN_POINT('',(2.461397023427,-1.675,1.986397023427));
#8290 = LINE('',#8291,#8292);
#8291 = CARTESIAN_POINT('',(3.,-1.675,1.986397023427));
#8292 = VECTOR('',#8293,1.);
#8293 = DIRECTION('',(-1.,0.,-0.));
#8294 = ORIENTED_EDGE('',*,*,#8295,.T.);
#8295 = EDGE_CURVE('',#8288,#7675,#8296,.T.);
#8296 = LINE('',#8297,#8298);
#8297 = CARTESIAN_POINT('',(2.461397023427,-1.675,1.986397023427));
#8298 = VECTOR('',#8299,1.);
#8299 = DIRECTION('',(-0.323615577118,0.889126490716,-0.323615577118));
#8300 = ORIENTED_EDGE('',*,*,#7682,.T.);
#8301 = PLANE('',#8302);
#8302 = AXIS2_PLACEMENT_3D('',#8303,#8304,#8305);
#8303 = CARTESIAN_POINT('',(3.,-1.675,1.986397023427));
#8304 = DIRECTION('',(0.,-0.342020143326,-0.939692620786));
#8305 = DIRECTION('',(0.,0.939692620786,-0.342020143326));
#8306 = ADVANCED_FACE('',(#8307),#8325,.F.);
#8307 = FACE_BOUND('',#8308,.T.);
#8308 = EDGE_LOOP('',(#8309,#8310,#8311,#8319));
#8309 = ORIENTED_EDGE('',*,*,#7698,.F.);
#8310 = ORIENTED_EDGE('',*,*,#8295,.F.);
#8311 = ORIENTED_EDGE('',*,*,#8312,.F.);
#8312 = EDGE_CURVE('',#8313,#8288,#8315,.T.);
#8313 = VERTEX_POINT('',#8314);
#8314 = CARTESIAN_POINT('',(2.461397023427,-1.675,2.213602976573));
#8315 = LINE('',#8316,#8317);
#8316 = CARTESIAN_POINT('',(2.461397023427,-1.675,2.289995900317E-16));
#8317 = VECTOR('',#8318,1.);
#8318 = DIRECTION('',(-0.,-1.367161731532E-16,-1.));
#8319 = ORIENTED_EDGE('',*,*,#8320,.F.);
#8320 = EDGE_CURVE('',#7699,#8313,#8321,.T.);
#8321 = LINE('',#8322,#8323);
#8322 = CARTESIAN_POINT('',(2.425,-1.575,2.25));
#8323 = VECTOR('',#8324,1.);
#8324 = DIRECTION('',(0.323615577118,-0.889126490716,-0.323615577118));
#8325 = PLANE('',#8326);
#8326 = AXIS2_PLACEMENT_3D('',#8327,#8328,#8329);
#8327 = CARTESIAN_POINT('',(2.461397023427,-1.675,2.289995900317E-16));
#8328 = DIRECTION('',(0.939692620786,0.342020143326,-4.675968513681E-17)
  );
#8329 = DIRECTION('',(-0.342020143326,0.939692620786,-1.284711790542E-16
    ));
#8330 = ADVANCED_FACE('',(#8331),#8342,.T.);
#8331 = FACE_BOUND('',#8332,.T.);
#8332 = EDGE_LOOP('',(#8333,#8334,#8340,#8341));
#8333 = ORIENTED_EDGE('',*,*,#8320,.T.);
#8334 = ORIENTED_EDGE('',*,*,#8335,.T.);
#8335 = EDGE_CURVE('',#8313,#8258,#8336,.T.);
#8336 = LINE('',#8337,#8338);
#8337 = CARTESIAN_POINT('',(3.,-1.675,2.213602976573));
#8338 = VECTOR('',#8339,1.);
#8339 = DIRECTION('',(1.,0.,0.));
#8340 = ORIENTED_EDGE('',*,*,#8272,.T.);
#8341 = ORIENTED_EDGE('',*,*,#7723,.T.);
#8342 = PLANE('',#8343);
#8343 = AXIS2_PLACEMENT_3D('',#8344,#8345,#8346);
#8344 = CARTESIAN_POINT('',(3.,-1.675,2.213602976573));
#8345 = DIRECTION('',(0.,-0.342020143326,0.939692620786));
#8346 = DIRECTION('',(0.,-0.939692620786,-0.342020143326));
#8347 = ADVANCED_FACE('',(#8348),#8373,.F.);
#8348 = FACE_BOUND('',#8349,.T.);
#8349 = EDGE_LOOP('',(#8350,#8360,#8366,#8367));
#8350 = ORIENTED_EDGE('',*,*,#8351,.F.);
#8351 = EDGE_CURVE('',#8352,#8354,#8356,.T.);
#8352 = VERTEX_POINT('',#8353);
#8353 = CARTESIAN_POINT('',(-1.461397023427,-1.675,1.986397023427));
#8354 = VERTEX_POINT('',#8355);
#8355 = CARTESIAN_POINT('',(-1.461397023427,-1.675,2.213602976573));
#8356 = LINE('',#8357,#8358);
#8357 = CARTESIAN_POINT('',(-1.461397023427,-1.675,2.289995900317E-16));
#8358 = VECTOR('',#8359,1.);
#8359 = DIRECTION('',(0.,1.367161731532E-16,1.));
#8360 = ORIENTED_EDGE('',*,*,#8361,.F.);
#8361 = EDGE_CURVE('',#7773,#8352,#8362,.T.);
#8362 = LINE('',#8363,#8364);
#8363 = CARTESIAN_POINT('',(-1.425,-1.575,1.95));
#8364 = VECTOR('',#8365,1.);
#8365 = DIRECTION('',(-0.323615577118,-0.889126490716,0.323615577118));
#8366 = ORIENTED_EDGE('',*,*,#7772,.F.);
#8367 = ORIENTED_EDGE('',*,*,#8368,.F.);
#8368 = EDGE_CURVE('',#8354,#7765,#8369,.T.);
#8369 = LINE('',#8370,#8371);
#8370 = CARTESIAN_POINT('',(-1.461397023427,-1.675,2.213602976573));
#8371 = VECTOR('',#8372,1.);
#8372 = DIRECTION('',(0.323615577118,0.889126490716,0.323615577118));
#8373 = PLANE('',#8374);
#8374 = AXIS2_PLACEMENT_3D('',#8375,#8376,#8377);
#8375 = CARTESIAN_POINT('',(-1.461397023427,-1.675,2.289995900317E-16));
#8376 = DIRECTION('',(-0.939692620786,0.342020143326,-4.675968513681E-17
    ));
#8377 = DIRECTION('',(-0.342020143326,-0.939692620786,1.284711790542E-16
    ));
#8378 = ADVANCED_FACE('',(#8379),#8397,.T.);
#8379 = FACE_BOUND('',#8380,.T.);
#8380 = EDGE_LOOP('',(#8381,#8382,#8390,#8396));
#8381 = ORIENTED_EDGE('',*,*,#8361,.T.);
#8382 = ORIENTED_EDGE('',*,*,#8383,.T.);
#8383 = EDGE_CURVE('',#8352,#8384,#8386,.T.);
#8384 = VERTEX_POINT('',#8385);
#8385 = CARTESIAN_POINT('',(-1.538602976573,-1.675,1.986397023427));
#8386 = LINE('',#8387,#8388);
#8387 = CARTESIAN_POINT('',(-1.,-1.675,1.986397023427));
#8388 = VECTOR('',#8389,1.);
#8389 = DIRECTION('',(-1.,0.,-0.));
#8390 = ORIENTED_EDGE('',*,*,#8391,.T.);
#8391 = EDGE_CURVE('',#8384,#7795,#8392,.T.);
#8392 = LINE('',#8393,#8394);
#8393 = CARTESIAN_POINT('',(-1.538602976573,-1.675,1.986397023427));
#8394 = VECTOR('',#8395,1.);
#8395 = DIRECTION('',(-0.323615577118,0.889126490716,-0.323615577118));
#8396 = ORIENTED_EDGE('',*,*,#7802,.T.);
#8397 = PLANE('',#8398);
#8398 = AXIS2_PLACEMENT_3D('',#8399,#8400,#8401);
#8399 = CARTESIAN_POINT('',(-1.,-1.675,1.986397023427));
#8400 = DIRECTION('',(0.,-0.342020143326,-0.939692620786));
#8401 = DIRECTION('',(0.,0.939692620786,-0.342020143326));
#8402 = ADVANCED_FACE('',(#8403),#8421,.F.);
#8403 = FACE_BOUND('',#8404,.T.);
#8404 = EDGE_LOOP('',(#8405,#8406,#8407,#8415));
#8405 = ORIENTED_EDGE('',*,*,#7818,.F.);
#8406 = ORIENTED_EDGE('',*,*,#8391,.F.);
#8407 = ORIENTED_EDGE('',*,*,#8408,.F.);
#8408 = EDGE_CURVE('',#8409,#8384,#8411,.T.);
#8409 = VERTEX_POINT('',#8410);
#8410 = CARTESIAN_POINT('',(-1.538602976573,-1.675,2.213602976573));
#8411 = LINE('',#8412,#8413);
#8412 = CARTESIAN_POINT('',(-1.538602976573,-1.675,2.289995900317E-16));
#8413 = VECTOR('',#8414,1.);
#8414 = DIRECTION('',(-0.,-1.367161731532E-16,-1.));
#8415 = ORIENTED_EDGE('',*,*,#8416,.F.);
#8416 = EDGE_CURVE('',#7819,#8409,#8417,.T.);
#8417 = LINE('',#8418,#8419);
#8418 = CARTESIAN_POINT('',(-1.575,-1.575,2.25));
#8419 = VECTOR('',#8420,1.);
#8420 = DIRECTION('',(0.323615577118,-0.889126490716,-0.323615577118));
#8421 = PLANE('',#8422);
#8422 = AXIS2_PLACEMENT_3D('',#8423,#8424,#8425);
#8423 = CARTESIAN_POINT('',(-1.538602976573,-1.675,2.289995900317E-16));
#8424 = DIRECTION('',(0.939692620786,0.342020143326,-4.675968513681E-17)
  );
#8425 = DIRECTION('',(-0.342020143326,0.939692620786,-1.284711790542E-16
    ));
#8426 = ADVANCED_FACE('',(#8427),#8438,.T.);
#8427 = FACE_BOUND('',#8428,.T.);
#8428 = EDGE_LOOP('',(#8429,#8430,#8436,#8437));
#8429 = ORIENTED_EDGE('',*,*,#8416,.T.);
#8430 = ORIENTED_EDGE('',*,*,#8431,.T.);
#8431 = EDGE_CURVE('',#8409,#8354,#8432,.T.);
#8432 = LINE('',#8433,#8434);
#8433 = CARTESIAN_POINT('',(-1.,-1.675,2.213602976573));
#8434 = VECTOR('',#8435,1.);
#8435 = DIRECTION('',(1.,0.,0.));
#8436 = ORIENTED_EDGE('',*,*,#8368,.T.);
#8437 = ORIENTED_EDGE('',*,*,#7843,.T.);
#8438 = PLANE('',#8439);
#8439 = AXIS2_PLACEMENT_3D('',#8440,#8441,#8442);
#8440 = CARTESIAN_POINT('',(-1.,-1.675,2.213602976573));
#8441 = DIRECTION('',(0.,-0.342020143326,0.939692620786));
#8442 = DIRECTION('',(0.,-0.939692620786,-0.342020143326));
#8443 = ADVANCED_FACE('',(#8444),#8469,.F.);
#8444 = FACE_BOUND('',#8445,.T.);
#8445 = EDGE_LOOP('',(#8446,#8456,#8462,#8463));
#8446 = ORIENTED_EDGE('',*,*,#8447,.F.);
#8447 = EDGE_CURVE('',#8448,#8450,#8452,.T.);
#8448 = VERTEX_POINT('',#8449);
#8449 = CARTESIAN_POINT('',(1.538602976573,-1.675,1.986397023427));
#8450 = VERTEX_POINT('',#8451);
#8451 = CARTESIAN_POINT('',(1.538602976573,-1.675,2.213602976573));
#8452 = LINE('',#8453,#8454);
#8453 = CARTESIAN_POINT('',(1.538602976573,-1.675,2.289995900317E-16));
#8454 = VECTOR('',#8455,1.);
#8455 = DIRECTION('',(0.,1.367161731532E-16,1.));
#8456 = ORIENTED_EDGE('',*,*,#8457,.F.);
#8457 = EDGE_CURVE('',#7881,#8448,#8458,.T.);
#8458 = LINE('',#8459,#8460);
#8459 = CARTESIAN_POINT('',(1.575,-1.575,1.95));
#8460 = VECTOR('',#8461,1.);
#8461 = DIRECTION('',(-0.323615577118,-0.889126490716,0.323615577118));
#8462 = ORIENTED_EDGE('',*,*,#7880,.F.);
#8463 = ORIENTED_EDGE('',*,*,#8464,.F.);
#8464 = EDGE_CURVE('',#8450,#7873,#8465,.T.);
#8465 = LINE('',#8466,#8467);
#8466 = CARTESIAN_POINT('',(1.538602976573,-1.675,2.213602976573));
#8467 = VECTOR('',#8468,1.);
#8468 = DIRECTION('',(0.323615577118,0.889126490716,0.323615577118));
#8469 = PLANE('',#8470);
#8470 = AXIS2_PLACEMENT_3D('',#8471,#8472,#8473);
#8471 = CARTESIAN_POINT('',(1.538602976573,-1.675,2.289995900317E-16));
#8472 = DIRECTION('',(-0.939692620786,0.342020143326,-4.675968513681E-17
    ));
#8473 = DIRECTION('',(-0.342020143326,-0.939692620786,1.284711790542E-16
    ));
#8474 = ADVANCED_FACE('',(#8475),#8493,.T.);
#8475 = FACE_BOUND('',#8476,.T.);
#8476 = EDGE_LOOP('',(#8477,#8478,#8486,#8492));
#8477 = ORIENTED_EDGE('',*,*,#8457,.T.);
#8478 = ORIENTED_EDGE('',*,*,#8479,.T.);
#8479 = EDGE_CURVE('',#8448,#8480,#8482,.T.);
#8480 = VERTEX_POINT('',#8481);
#8481 = CARTESIAN_POINT('',(1.461397023427,-1.675,1.986397023427));
#8482 = LINE('',#8483,#8484);
#8483 = CARTESIAN_POINT('',(2.,-1.675,1.986397023427));
#8484 = VECTOR('',#8485,1.);
#8485 = DIRECTION('',(-1.,0.,-0.));
#8486 = ORIENTED_EDGE('',*,*,#8487,.T.);
#8487 = EDGE_CURVE('',#8480,#7903,#8488,.T.);
#8488 = LINE('',#8489,#8490);
#8489 = CARTESIAN_POINT('',(1.461397023427,-1.675,1.986397023427));
#8490 = VECTOR('',#8491,1.);
#8491 = DIRECTION('',(-0.323615577118,0.889126490716,-0.323615577118));
#8492 = ORIENTED_EDGE('',*,*,#7910,.T.);
#8493 = PLANE('',#8494);
#8494 = AXIS2_PLACEMENT_3D('',#8495,#8496,#8497);
#8495 = CARTESIAN_POINT('',(2.,-1.675,1.986397023427));
#8496 = DIRECTION('',(0.,-0.342020143326,-0.939692620786));
#8497 = DIRECTION('',(0.,0.939692620786,-0.342020143326));
#8498 = ADVANCED_FACE('',(#8499),#8517,.F.);
#8499 = FACE_BOUND('',#8500,.T.);
#8500 = EDGE_LOOP('',(#8501,#8502,#8503,#8511));
#8501 = ORIENTED_EDGE('',*,*,#7926,.F.);
#8502 = ORIENTED_EDGE('',*,*,#8487,.F.);
#8503 = ORIENTED_EDGE('',*,*,#8504,.F.);
#8504 = EDGE_CURVE('',#8505,#8480,#8507,.T.);
#8505 = VERTEX_POINT('',#8506);
#8506 = CARTESIAN_POINT('',(1.461397023427,-1.675,2.213602976573));
#8507 = LINE('',#8508,#8509);
#8508 = CARTESIAN_POINT('',(1.461397023427,-1.675,2.289995900317E-16));
#8509 = VECTOR('',#8510,1.);
#8510 = DIRECTION('',(-0.,-1.367161731532E-16,-1.));
#8511 = ORIENTED_EDGE('',*,*,#8512,.F.);
#8512 = EDGE_CURVE('',#7927,#8505,#8513,.T.);
#8513 = LINE('',#8514,#8515);
#8514 = CARTESIAN_POINT('',(1.425,-1.575,2.25));
#8515 = VECTOR('',#8516,1.);
#8516 = DIRECTION('',(0.323615577118,-0.889126490716,-0.323615577118));
#8517 = PLANE('',#8518);
#8518 = AXIS2_PLACEMENT_3D('',#8519,#8520,#8521);
#8519 = CARTESIAN_POINT('',(1.461397023427,-1.675,2.289995900317E-16));
#8520 = DIRECTION('',(0.939692620786,0.342020143326,-4.675968513681E-17)
  );
#8521 = DIRECTION('',(-0.342020143326,0.939692620786,-1.284711790542E-16
    ));
#8522 = ADVANCED_FACE('',(#8523),#8534,.T.);
#8523 = FACE_BOUND('',#8524,.T.);
#8524 = EDGE_LOOP('',(#8525,#8526,#8532,#8533));
#8525 = ORIENTED_EDGE('',*,*,#8512,.T.);
#8526 = ORIENTED_EDGE('',*,*,#8527,.T.);
#8527 = EDGE_CURVE('',#8505,#8450,#8528,.T.);
#8528 = LINE('',#8529,#8530);
#8529 = CARTESIAN_POINT('',(2.,-1.675,2.213602976573));
#8530 = VECTOR('',#8531,1.);
#8531 = DIRECTION('',(1.,0.,0.));
#8532 = ORIENTED_EDGE('',*,*,#8464,.T.);
#8533 = ORIENTED_EDGE('',*,*,#7951,.T.);
#8534 = PLANE('',#8535);
#8535 = AXIS2_PLACEMENT_3D('',#8536,#8537,#8538);
#8536 = CARTESIAN_POINT('',(2.,-1.675,2.213602976573));
#8537 = DIRECTION('',(0.,-0.342020143326,0.939692620786));
#8538 = DIRECTION('',(0.,-0.939692620786,-0.342020143326));
#8539 = ADVANCED_FACE('',(#8540),#8546,.T.);
#8540 = FACE_BOUND('',#8541,.T.);
#8541 = EDGE_LOOP('',(#8542,#8543,#8544,#8545));
#8542 = ORIENTED_EDGE('',*,*,#7967,.T.);
#8543 = ORIENTED_EDGE('',*,*,#8047,.F.);
#8544 = ORIENTED_EDGE('',*,*,#8024,.T.);
#8545 = ORIENTED_EDGE('',*,*,#7999,.F.);
#8546 = PLANE('',#8547);
#8547 = AXIS2_PLACEMENT_3D('',#8548,#8549,#8550);
#8548 = CARTESIAN_POINT('',(0.,-1.675,2.289995900317E-16));
#8549 = DIRECTION('',(0.,-1.,1.367161731532E-16));
#8550 = DIRECTION('',(1.,0.,0.));
#8551 = ADVANCED_FACE('',(#8552),#8558,.T.);
#8552 = FACE_BOUND('',#8553,.T.);
#8553 = EDGE_LOOP('',(#8554,#8555,#8556,#8557));
#8554 = ORIENTED_EDGE('',*,*,#8063,.T.);
#8555 = ORIENTED_EDGE('',*,*,#8143,.F.);
#8556 = ORIENTED_EDGE('',*,*,#8120,.T.);
#8557 = ORIENTED_EDGE('',*,*,#8095,.F.);
#8558 = PLANE('',#8559);
#8559 = AXIS2_PLACEMENT_3D('',#8560,#8561,#8562);
#8560 = CARTESIAN_POINT('',(1.,-1.675,2.289995900317E-16));
#8561 = DIRECTION('',(0.,-1.,1.367161731532E-16));
#8562 = DIRECTION('',(1.,0.,0.));
#8563 = ADVANCED_FACE('',(#8564),#8570,.T.);
#8564 = FACE_BOUND('',#8565,.T.);
#8565 = EDGE_LOOP('',(#8566,#8567,#8568,#8569));
#8566 = ORIENTED_EDGE('',*,*,#8159,.T.);
#8567 = ORIENTED_EDGE('',*,*,#8239,.F.);
#8568 = ORIENTED_EDGE('',*,*,#8216,.T.);
#8569 = ORIENTED_EDGE('',*,*,#8191,.F.);
#8570 = PLANE('',#8571);
#8571 = AXIS2_PLACEMENT_3D('',#8572,#8573,#8574);
#8572 = CARTESIAN_POINT('',(-2.,-1.675,2.289995900317E-16));
#8573 = DIRECTION('',(0.,-1.,1.367161731532E-16));
#8574 = DIRECTION('',(1.,0.,0.));
#8575 = ADVANCED_FACE('',(#8576),#8582,.T.);
#8576 = FACE_BOUND('',#8577,.T.);
#8577 = EDGE_LOOP('',(#8578,#8579,#8580,#8581));
#8578 = ORIENTED_EDGE('',*,*,#8255,.T.);
#8579 = ORIENTED_EDGE('',*,*,#8335,.F.);
#8580 = ORIENTED_EDGE('',*,*,#8312,.T.);
#8581 = ORIENTED_EDGE('',*,*,#8287,.F.);
#8582 = PLANE('',#8583);
#8583 = AXIS2_PLACEMENT_3D('',#8584,#8585,#8586);
#8584 = CARTESIAN_POINT('',(3.,-1.675,2.289995900317E-16));
#8585 = DIRECTION('',(0.,-1.,1.367161731532E-16));
#8586 = DIRECTION('',(1.,0.,0.));
#8587 = ADVANCED_FACE('',(#8588),#8594,.T.);
#8588 = FACE_BOUND('',#8589,.T.);
#8589 = EDGE_LOOP('',(#8590,#8591,#8592,#8593));
#8590 = ORIENTED_EDGE('',*,*,#8351,.T.);
#8591 = ORIENTED_EDGE('',*,*,#8431,.F.);
#8592 = ORIENTED_EDGE('',*,*,#8408,.T.);
#8593 = ORIENTED_EDGE('',*,*,#8383,.F.);
#8594 = PLANE('',#8595);
#8595 = AXIS2_PLACEMENT_3D('',#8596,#8597,#8598);
#8596 = CARTESIAN_POINT('',(-1.,-1.675,2.289995900317E-16));
#8597 = DIRECTION('',(0.,-1.,1.367161731532E-16));
#8598 = DIRECTION('',(1.,0.,0.));
#8599 = ADVANCED_FACE('',(#8600),#8606,.T.);
#8600 = FACE_BOUND('',#8601,.T.);
#8601 = EDGE_LOOP('',(#8602,#8603,#8604,#8605));
#8602 = ORIENTED_EDGE('',*,*,#8447,.T.);
#8603 = ORIENTED_EDGE('',*,*,#8527,.F.);
#8604 = ORIENTED_EDGE('',*,*,#8504,.T.);
#8605 = ORIENTED_EDGE('',*,*,#8479,.F.);
#8606 = PLANE('',#8607);
#8607 = AXIS2_PLACEMENT_3D('',#8608,#8609,#8610);
#8608 = CARTESIAN_POINT('',(2.,-1.675,2.289995900317E-16));
#8609 = DIRECTION('',(0.,-1.,1.367161731532E-16));
#8610 = DIRECTION('',(1.,0.,0.));
#8611 = ( GEOMETRIC_REPRESENTATION_CONTEXT(3) 
GLOBAL_UNCERTAINTY_ASSIGNED_CONTEXT((#8615)) 
GLOBAL_UNIT_ASSIGNED_CONTEXT((#8612,#8613,#8614)) REPRESENTATION_CONTEXT
('Context #1','3D Context with UNIT and UNCERTAINTY') );
#8612 = ( LENGTH_UNIT() NAMED_UNIT(*) SI_UNIT(.MILLI.,.METRE.) );
#8613 = ( NAMED_UNIT(*) PLANE_ANGLE_UNIT() SI_UNIT($,.RADIAN.) );
#8614 = ( NAMED_UNIT(*) SI_UNIT($,.STERADIAN.) SOLID_ANGLE_UNIT() );
#8615 = UNCERTAINTY_MEASURE_WITH_UNIT(LENGTH_MEASURE(1.E-07),#8612,
  'distance_accuracy_value','confusion accuracy');
#8616 = PRODUCT_RELATED_PRODUCT_CATEGORY('part',$,(#7));
#8617 = MECHANICAL_DESIGN_GEOMETRIC_PRESENTATION_REPRESENTATION('',(
    #8618,#8629,#8638,#8647,#8656,#8665,#8675,#8684,#8693,#8702,#8711,
    #8720,#8729,#8738,#8747,#8756,#8765,#8774,#8783,#8792,#8801,#8810,
    #8819,#8828,#8837,#8846,#8855,#8864,#8873,#8882,#8891,#8900,#8909,
    #8918,#8927,#8936,#8945,#8954,#8963,#8972,#8981,#8990,#8999,#9008,
    #9017,#9026,#9035,#9044,#9053,#9062,#9071,#9080,#9089,#9098,#9107,
    #9116,#9125,#9134,#9143,#9152,#9161,#9170,#9179,#9188,#9197,#9206,
    #9215,#9224,#9233,#9242,#9251,#9260,#9269,#9278,#9287,#9296,#9305,
    #9314,#9323,#9332,#9341,#9350,#9359,#9368,#9377,#9386,#9395,#9404,
    #9413,#9422,#9431,#9440,#9449,#9458,#9467,#9476,#9485,#9494,#9503,
    #9512,#9521,#9530,#9539,#9548,#9557,#9566,#9575,#9584,#9593,#9602,
    #9611,#9620,#9629,#9638,#9647,#9656,#9665,#9674,#9683,#9692,#9701,
    #9710,#9719,#9728,#9737,#9746,#9755,#9764,#9773,#9782,#9791,#9800,
    #9809,#9818,#9827,#9836,#9845,#9854,#9863,#9872,#9881,#9890,#9899,
    #9908,#9917,#9926,#9935,#9944,#9953,#9962,#9971,#9980,#9989,#9998,
    #10007,#10016,#10025,#10034,#10043,#10052,#10061,#10070,#10079,
    #10088,#10097,#10106,#10115,#10124,#10133,#10142,#10151,#10160,
    #10169,#10178,#10187,#10196,#10205,#10214,#10223,#10232,#10241,
    #10250,#10259,#10268,#10277,#10286,#10295,#10304,#10313,#10322,
    #10331,#10340,#10349,#10358,#10367,#10376,#10385,#10394,#10403,
    #10412,#10421,#10430,#10439,#10448,#10457,#10466,#10475,#10484,
    #10493,#10502,#10511,#10520,#10529,#10538,#10547,#10556,#10565,
    #10574,#10583,#10592,#10601,#10610,#10619,#10628,#10637,#10646,
    #10655,#10664,#10673,#10682,#10691,#10700,#10709,#10718,#10727,
    #10736,#10745,#10754,#10763,#10772,#10781,#10790,#10799,#10808,
    #10817,#10826,#10835,#10844,#10853,#10862,#10871,#10880,#10889,
    #10898,#10907,#10916,#10925,#10934,#10943,#10952,#10961,#10970,
    #10979,#10988,#10997,#11006,#11015,#11024,#11033,#11042,#11051,
    #11060,#11069,#11078,#11087,#11096,#11105,#11114,#11123,#11132,
    #11141,#11150),#8611);
#8618 = STYLED_ITEM('color',(#8619),#15);
#8619 = PRESENTATION_STYLE_ASSIGNMENT((#8620,#8626));
#8620 = SURFACE_STYLE_USAGE(.BOTH.,#8621);
#8621 = SURFACE_SIDE_STYLE('',(#8622));
#8622 = SURFACE_STYLE_FILL_AREA(#8623);
#8623 = FILL_AREA_STYLE('',(#8624));
#8624 = FILL_AREA_STYLE_COLOUR('',#8625);
#8625 = COLOUR_RGB('',0.792156867455,0.819607860991,0.933333342953);
#8626 = CURVE_STYLE('',#8627,POSITIVE_LENGTH_MEASURE(0.1),#8628);
#8627 = DRAUGHTING_PRE_DEFINED_CURVE_FONT('continuous');
#8628 = COLOUR_RGB('',9.803921802644E-02,9.803921802644E-02,
  9.803921802644E-02);
#8629 = OVER_RIDING_STYLED_ITEM('overriding color',(#8630),#17,#8618);
#8630 = PRESENTATION_STYLE_ASSIGNMENT((#8631));
#8631 = SURFACE_STYLE_USAGE(.BOTH.,#8632);
#8632 = SURFACE_SIDE_STYLE('',(#8633,#8636));
#8633 = SURFACE_STYLE_FILL_AREA(#8634);
#8634 = FILL_AREA_STYLE('',(#8635));
#8635 = FILL_AREA_STYLE_COLOUR('',#8625);
#8636 = SURFACE_STYLE_RENDERING_WITH_PROPERTIES(.NORMAL_SHADING.,#8625,(
    #8637));
#8637 = SURFACE_STYLE_TRANSPARENT(0.);
#8638 = OVER_RIDING_STYLED_ITEM('overriding color',(#8639),#73,#8618);
#8639 = PRESENTATION_STYLE_ASSIGNMENT((#8640));
#8640 = SURFACE_STYLE_USAGE(.BOTH.,#8641);
#8641 = SURFACE_SIDE_STYLE('',(#8642,#8645));
#8642 = SURFACE_STYLE_FILL_AREA(#8643);
#8643 = FILL_AREA_STYLE('',(#8644));
#8644 = FILL_AREA_STYLE_COLOUR('',#8625);
#8645 = SURFACE_STYLE_RENDERING_WITH_PROPERTIES(.NORMAL_SHADING.,#8625,(
    #8646));
#8646 = SURFACE_STYLE_TRANSPARENT(0.);
#8647 = OVER_RIDING_STYLED_ITEM('overriding color',(#8648),#104,#8618);
#8648 = PRESENTATION_STYLE_ASSIGNMENT((#8649));
#8649 = SURFACE_STYLE_USAGE(.BOTH.,#8650);
#8650 = SURFACE_SIDE_STYLE('',(#8651,#8654));
#8651 = SURFACE_STYLE_FILL_AREA(#8652);
#8652 = FILL_AREA_STYLE('',(#8653));
#8653 = FILL_AREA_STYLE_COLOUR('',#8625);
#8654 = SURFACE_STYLE_RENDERING_WITH_PROPERTIES(.NORMAL_SHADING.,#8625,(
    #8655));
#8655 = SURFACE_STYLE_TRANSPARENT(0.);
#8656 = OVER_RIDING_STYLED_ITEM('overriding color',(#8657),#128,#8618);
#8657 = PRESENTATION_STYLE_ASSIGNMENT((#8658));
#8658 = SURFACE_STYLE_USAGE(.BOTH.,#8659);
#8659 = SURFACE_SIDE_STYLE('',(#8660,#8663));
#8660 = SURFACE_STYLE_FILL_AREA(#8661);
#8661 = FILL_AREA_STYLE('',(#8662));
#8662 = FILL_AREA_STYLE_COLOUR('',#8625);
#8663 = SURFACE_STYLE_RENDERING_WITH_PROPERTIES(.NORMAL_SHADING.,#8625,(
    #8664));
#8664 = SURFACE_STYLE_TRANSPARENT(0.);
#8665 = OVER_RIDING_STYLED_ITEM('overriding color',(#8666),#152,#8618);
#8666 = PRESENTATION_STYLE_ASSIGNMENT((#8667));
#8667 = SURFACE_STYLE_USAGE(.BOTH.,#8668);
#8668 = SURFACE_SIDE_STYLE('',(#8669,#8673));
#8669 = SURFACE_STYLE_FILL_AREA(#8670);
#8670 = FILL_AREA_STYLE('',(#8671));
#8671 = FILL_AREA_STYLE_COLOUR('',#8672);
#8672 = COLOUR_RGB('',0.843137261657,0.815686284108,0.752941202324);
#8673 = SURFACE_STYLE_RENDERING_WITH_PROPERTIES(.NORMAL_SHADING.,#8672,(
    #8674));
#8674 = SURFACE_STYLE_TRANSPARENT(0.);
#8675 = OVER_RIDING_STYLED_ITEM('overriding color',(#8676),#224,#8618);
#8676 = PRESENTATION_STYLE_ASSIGNMENT((#8677));
#8677 = SURFACE_STYLE_USAGE(.BOTH.,#8678);
#8678 = SURFACE_SIDE_STYLE('',(#8679,#8682));
#8679 = SURFACE_STYLE_FILL_AREA(#8680);
#8680 = FILL_AREA_STYLE('',(#8681));
#8681 = FILL_AREA_STYLE_COLOUR('',#8672);
#8682 = SURFACE_STYLE_RENDERING_WITH_PROPERTIES(.NORMAL_SHADING.,#8672,(
    #8683));
#8683 = SURFACE_STYLE_TRANSPARENT(0.);
#8684 = OVER_RIDING_STYLED_ITEM('overriding color',(#8685),#248,#8618);
#8685 = PRESENTATION_STYLE_ASSIGNMENT((#8686));
#8686 = SURFACE_STYLE_USAGE(.BOTH.,#8687);
#8687 = SURFACE_SIDE_STYLE('',(#8688,#8691));
#8688 = SURFACE_STYLE_FILL_AREA(#8689);
#8689 = FILL_AREA_STYLE('',(#8690));
#8690 = FILL_AREA_STYLE_COLOUR('',#8625);
#8691 = SURFACE_STYLE_RENDERING_WITH_PROPERTIES(.NORMAL_SHADING.,#8625,(
    #8692));
#8692 = SURFACE_STYLE_TRANSPARENT(0.);
#8693 = OVER_RIDING_STYLED_ITEM('overriding color',(#8694),#280,#8618);
#8694 = PRESENTATION_STYLE_ASSIGNMENT((#8695));
#8695 = SURFACE_STYLE_USAGE(.BOTH.,#8696);
#8696 = SURFACE_SIDE_STYLE('',(#8697,#8700));
#8697 = SURFACE_STYLE_FILL_AREA(#8698);
#8698 = FILL_AREA_STYLE('',(#8699));
#8699 = FILL_AREA_STYLE_COLOUR('',#8625);
#8700 = SURFACE_STYLE_RENDERING_WITH_PROPERTIES(.NORMAL_SHADING.,#8625,(
    #8701));
#8701 = SURFACE_STYLE_TRANSPARENT(0.);
#8702 = OVER_RIDING_STYLED_ITEM('overriding color',(#8703),#473,#8618);
#8703 = PRESENTATION_STYLE_ASSIGNMENT((#8704));
#8704 = SURFACE_STYLE_USAGE(.BOTH.,#8705);
#8705 = SURFACE_SIDE_STYLE('',(#8706,#8709));
#8706 = SURFACE_STYLE_FILL_AREA(#8707);
#8707 = FILL_AREA_STYLE('',(#8708));
#8708 = FILL_AREA_STYLE_COLOUR('',#8672);
#8709 = SURFACE_STYLE_RENDERING_WITH_PROPERTIES(.NORMAL_SHADING.,#8672,(
    #8710));
#8710 = SURFACE_STYLE_TRANSPARENT(0.);
#8711 = OVER_RIDING_STYLED_ITEM('overriding color',(#8712),#497,#8618);
#8712 = PRESENTATION_STYLE_ASSIGNMENT((#8713));
#8713 = SURFACE_STYLE_USAGE(.BOTH.,#8714);
#8714 = SURFACE_SIDE_STYLE('',(#8715,#8718));
#8715 = SURFACE_STYLE_FILL_AREA(#8716);
#8716 = FILL_AREA_STYLE('',(#8717));
#8717 = FILL_AREA_STYLE_COLOUR('',#8672);
#8718 = SURFACE_STYLE_RENDERING_WITH_PROPERTIES(.NORMAL_SHADING.,#8672,(
    #8719));
#8719 = SURFACE_STYLE_TRANSPARENT(0.);
#8720 = OVER_RIDING_STYLED_ITEM('overriding color',(#8721),#969,#8618);
#8721 = PRESENTATION_STYLE_ASSIGNMENT((#8722));
#8722 = SURFACE_STYLE_USAGE(.BOTH.,#8723);
#8723 = SURFACE_SIDE_STYLE('',(#8724,#8727));
#8724 = SURFACE_STYLE_FILL_AREA(#8725);
#8725 = FILL_AREA_STYLE('',(#8726));
#8726 = FILL_AREA_STYLE_COLOUR('',#8672);
#8727 = SURFACE_STYLE_RENDERING_WITH_PROPERTIES(.NORMAL_SHADING.,#8672,(
    #8728));
#8728 = SURFACE_STYLE_TRANSPARENT(0.);
#8729 = OVER_RIDING_STYLED_ITEM('overriding color',(#8730),#1081,#8618);
#8730 = PRESENTATION_STYLE_ASSIGNMENT((#8731));
#8731 = SURFACE_STYLE_USAGE(.BOTH.,#8732);
#8732 = SURFACE_SIDE_STYLE('',(#8733,#8736));
#8733 = SURFACE_STYLE_FILL_AREA(#8734);
#8734 = FILL_AREA_STYLE('',(#8735));
#8735 = FILL_AREA_STYLE_COLOUR('',#8672);
#8736 = SURFACE_STYLE_RENDERING_WITH_PROPERTIES(.NORMAL_SHADING.,#8672,(
    #8737));
#8737 = SURFACE_STYLE_TRANSPARENT(0.);
#8738 = OVER_RIDING_STYLED_ITEM('overriding color',(#8739),#1120,#8618);
#8739 = PRESENTATION_STYLE_ASSIGNMENT((#8740));
#8740 = SURFACE_STYLE_USAGE(.BOTH.,#8741);
#8741 = SURFACE_SIDE_STYLE('',(#8742,#8745));
#8742 = SURFACE_STYLE_FILL_AREA(#8743);
#8743 = FILL_AREA_STYLE('',(#8744));
#8744 = FILL_AREA_STYLE_COLOUR('',#8672);
#8745 = SURFACE_STYLE_RENDERING_WITH_PROPERTIES(.NORMAL_SHADING.,#8672,(
    #8746));
#8746 = SURFACE_STYLE_TRANSPARENT(0.);
#8747 = OVER_RIDING_STYLED_ITEM('overriding color',(#8748),#1144,#8618);
#8748 = PRESENTATION_STYLE_ASSIGNMENT((#8749));
#8749 = SURFACE_STYLE_USAGE(.BOTH.,#8750);
#8750 = SURFACE_SIDE_STYLE('',(#8751,#8754));
#8751 = SURFACE_STYLE_FILL_AREA(#8752);
#8752 = FILL_AREA_STYLE('',(#8753));
#8753 = FILL_AREA_STYLE_COLOUR('',#8672);
#8754 = SURFACE_STYLE_RENDERING_WITH_PROPERTIES(.NORMAL_SHADING.,#8672,(
    #8755));
#8755 = SURFACE_STYLE_TRANSPARENT(0.);
#8756 = OVER_RIDING_STYLED_ITEM('overriding color',(#8757),#1168,#8618);
#8757 = PRESENTATION_STYLE_ASSIGNMENT((#8758));
#8758 = SURFACE_STYLE_USAGE(.BOTH.,#8759);
#8759 = SURFACE_SIDE_STYLE('',(#8760,#8763));
#8760 = SURFACE_STYLE_FILL_AREA(#8761);
#8761 = FILL_AREA_STYLE('',(#8762));
#8762 = FILL_AREA_STYLE_COLOUR('',#8672);
#8763 = SURFACE_STYLE_RENDERING_WITH_PROPERTIES(.NORMAL_SHADING.,#8672,(
    #8764));
#8764 = SURFACE_STYLE_TRANSPARENT(0.);
#8765 = OVER_RIDING_STYLED_ITEM('overriding color',(#8766),#1418,#8618);
#8766 = PRESENTATION_STYLE_ASSIGNMENT((#8767));
#8767 = SURFACE_STYLE_USAGE(.BOTH.,#8768);
#8768 = SURFACE_SIDE_STYLE('',(#8769,#8772));
#8769 = SURFACE_STYLE_FILL_AREA(#8770);
#8770 = FILL_AREA_STYLE('',(#8771));
#8771 = FILL_AREA_STYLE_COLOUR('',#8625);
#8772 = SURFACE_STYLE_RENDERING_WITH_PROPERTIES(.NORMAL_SHADING.,#8625,(
    #8773));
#8773 = SURFACE_STYLE_TRANSPARENT(0.);
#8774 = OVER_RIDING_STYLED_ITEM('overriding color',(#8775),#1442,#8618);
#8775 = PRESENTATION_STYLE_ASSIGNMENT((#8776));
#8776 = SURFACE_STYLE_USAGE(.BOTH.,#8777);
#8777 = SURFACE_SIDE_STYLE('',(#8778,#8781));
#8778 = SURFACE_STYLE_FILL_AREA(#8779);
#8779 = FILL_AREA_STYLE('',(#8780));
#8780 = FILL_AREA_STYLE_COLOUR('',#8672);
#8781 = SURFACE_STYLE_RENDERING_WITH_PROPERTIES(.NORMAL_SHADING.,#8672,(
    #8782));
#8782 = SURFACE_STYLE_TRANSPARENT(0.);
#8783 = OVER_RIDING_STYLED_ITEM('overriding color',(#8784),#1459,#8618);
#8784 = PRESENTATION_STYLE_ASSIGNMENT((#8785));
#8785 = SURFACE_STYLE_USAGE(.BOTH.,#8786);
#8786 = SURFACE_SIDE_STYLE('',(#8787,#8790));
#8787 = SURFACE_STYLE_FILL_AREA(#8788);
#8788 = FILL_AREA_STYLE('',(#8789));
#8789 = FILL_AREA_STYLE_COLOUR('',#8672);
#8790 = SURFACE_STYLE_RENDERING_WITH_PROPERTIES(.NORMAL_SHADING.,#8672,(
    #8791));
#8791 = SURFACE_STYLE_TRANSPARENT(0.);
#8792 = OVER_RIDING_STYLED_ITEM('overriding color',(#8793),#1476,#8618);
#8793 = PRESENTATION_STYLE_ASSIGNMENT((#8794));
#8794 = SURFACE_STYLE_USAGE(.BOTH.,#8795);
#8795 = SURFACE_SIDE_STYLE('',(#8796,#8799));
#8796 = SURFACE_STYLE_FILL_AREA(#8797);
#8797 = FILL_AREA_STYLE('',(#8798));
#8798 = FILL_AREA_STYLE_COLOUR('',#8672);
#8799 = SURFACE_STYLE_RENDERING_WITH_PROPERTIES(.NORMAL_SHADING.,#8672,(
    #8800));
#8800 = SURFACE_STYLE_TRANSPARENT(0.);
#8801 = OVER_RIDING_STYLED_ITEM('overriding color',(#8802),#1509,#8618);
#8802 = PRESENTATION_STYLE_ASSIGNMENT((#8803));
#8803 = SURFACE_STYLE_USAGE(.BOTH.,#8804);
#8804 = SURFACE_SIDE_STYLE('',(#8805,#8808));
#8805 = SURFACE_STYLE_FILL_AREA(#8806);
#8806 = FILL_AREA_STYLE('',(#8807));
#8807 = FILL_AREA_STYLE_COLOUR('',#8672);
#8808 = SURFACE_STYLE_RENDERING_WITH_PROPERTIES(.NORMAL_SHADING.,#8672,(
    #8809));
#8809 = SURFACE_STYLE_TRANSPARENT(0.);
#8810 = OVER_RIDING_STYLED_ITEM('overriding color',(#8811),#1525,#8618);
#8811 = PRESENTATION_STYLE_ASSIGNMENT((#8812));
#8812 = SURFACE_STYLE_USAGE(.BOTH.,#8813);
#8813 = SURFACE_SIDE_STYLE('',(#8814,#8817));
#8814 = SURFACE_STYLE_FILL_AREA(#8815);
#8815 = FILL_AREA_STYLE('',(#8816));
#8816 = FILL_AREA_STYLE_COLOUR('',#8672);
#8817 = SURFACE_STYLE_RENDERING_WITH_PROPERTIES(.NORMAL_SHADING.,#8672,(
    #8818));
#8818 = SURFACE_STYLE_TRANSPARENT(0.);
#8819 = OVER_RIDING_STYLED_ITEM('overriding color',(#8820),#1542,#8618);
#8820 = PRESENTATION_STYLE_ASSIGNMENT((#8821));
#8821 = SURFACE_STYLE_USAGE(.BOTH.,#8822);
#8822 = SURFACE_SIDE_STYLE('',(#8823,#8826));
#8823 = SURFACE_STYLE_FILL_AREA(#8824);
#8824 = FILL_AREA_STYLE('',(#8825));
#8825 = FILL_AREA_STYLE_COLOUR('',#8672);
#8826 = SURFACE_STYLE_RENDERING_WITH_PROPERTIES(.NORMAL_SHADING.,#8672,(
    #8827));
#8827 = SURFACE_STYLE_TRANSPARENT(0.);
#8828 = OVER_RIDING_STYLED_ITEM('overriding color',(#8829),#1560,#8618);
#8829 = PRESENTATION_STYLE_ASSIGNMENT((#8830));
#8830 = SURFACE_STYLE_USAGE(.BOTH.,#8831);
#8831 = SURFACE_SIDE_STYLE('',(#8832,#8835));
#8832 = SURFACE_STYLE_FILL_AREA(#8833);
#8833 = FILL_AREA_STYLE('',(#8834));
#8834 = FILL_AREA_STYLE_COLOUR('',#8625);
#8835 = SURFACE_STYLE_RENDERING_WITH_PROPERTIES(.NORMAL_SHADING.,#8625,(
    #8836));
#8836 = SURFACE_STYLE_TRANSPARENT(0.);
#8837 = OVER_RIDING_STYLED_ITEM('overriding color',(#8838),#1589,#8618);
#8838 = PRESENTATION_STYLE_ASSIGNMENT((#8839));
#8839 = SURFACE_STYLE_USAGE(.BOTH.,#8840);
#8840 = SURFACE_SIDE_STYLE('',(#8841,#8844));
#8841 = SURFACE_STYLE_FILL_AREA(#8842);
#8842 = FILL_AREA_STYLE('',(#8843));
#8843 = FILL_AREA_STYLE_COLOUR('',#8625);
#8844 = SURFACE_STYLE_RENDERING_WITH_PROPERTIES(.NORMAL_SHADING.,#8625,(
    #8845));
#8845 = SURFACE_STYLE_TRANSPARENT(0.);
#8846 = OVER_RIDING_STYLED_ITEM('overriding color',(#8847),#1606,#8618);
#8847 = PRESENTATION_STYLE_ASSIGNMENT((#8848));
#8848 = SURFACE_STYLE_USAGE(.BOTH.,#8849);
#8849 = SURFACE_SIDE_STYLE('',(#8850,#8853));
#8850 = SURFACE_STYLE_FILL_AREA(#8851);
#8851 = FILL_AREA_STYLE('',(#8852));
#8852 = FILL_AREA_STYLE_COLOUR('',#8625);
#8853 = SURFACE_STYLE_RENDERING_WITH_PROPERTIES(.NORMAL_SHADING.,#8625,(
    #8854));
#8854 = SURFACE_STYLE_TRANSPARENT(0.);
#8855 = OVER_RIDING_STYLED_ITEM('overriding color',(#8856),#1630,#8618);
#8856 = PRESENTATION_STYLE_ASSIGNMENT((#8857));
#8857 = SURFACE_STYLE_USAGE(.BOTH.,#8858);
#8858 = SURFACE_SIDE_STYLE('',(#8859,#8862));
#8859 = SURFACE_STYLE_FILL_AREA(#8860);
#8860 = FILL_AREA_STYLE('',(#8861));
#8861 = FILL_AREA_STYLE_COLOUR('',#8625);
#8862 = SURFACE_STYLE_RENDERING_WITH_PROPERTIES(.NORMAL_SHADING.,#8625,(
    #8863));
#8863 = SURFACE_STYLE_TRANSPARENT(0.);
#8864 = OVER_RIDING_STYLED_ITEM('overriding color',(#8865),#1655,#8618);
#8865 = PRESENTATION_STYLE_ASSIGNMENT((#8866));
#8866 = SURFACE_STYLE_USAGE(.BOTH.,#8867);
#8867 = SURFACE_SIDE_STYLE('',(#8868,#8871));
#8868 = SURFACE_STYLE_FILL_AREA(#8869);
#8869 = FILL_AREA_STYLE('',(#8870));
#8870 = FILL_AREA_STYLE_COLOUR('',#8625);
#8871 = SURFACE_STYLE_RENDERING_WITH_PROPERTIES(.NORMAL_SHADING.,#8625,(
    #8872));
#8872 = SURFACE_STYLE_TRANSPARENT(0.);
#8873 = OVER_RIDING_STYLED_ITEM('overriding color',(#8874),#1679,#8618);
#8874 = PRESENTATION_STYLE_ASSIGNMENT((#8875));
#8875 = SURFACE_STYLE_USAGE(.BOTH.,#8876);
#8876 = SURFACE_SIDE_STYLE('',(#8877,#8880));
#8877 = SURFACE_STYLE_FILL_AREA(#8878);
#8878 = FILL_AREA_STYLE('',(#8879));
#8879 = FILL_AREA_STYLE_COLOUR('',#8625);
#8880 = SURFACE_STYLE_RENDERING_WITH_PROPERTIES(.NORMAL_SHADING.,#8625,(
    #8881));
#8881 = SURFACE_STYLE_TRANSPARENT(0.);
#8882 = OVER_RIDING_STYLED_ITEM('overriding color',(#8883),#1704,#8618);
#8883 = PRESENTATION_STYLE_ASSIGNMENT((#8884));
#8884 = SURFACE_STYLE_USAGE(.BOTH.,#8885);
#8885 = SURFACE_SIDE_STYLE('',(#8886,#8889));
#8886 = SURFACE_STYLE_FILL_AREA(#8887);
#8887 = FILL_AREA_STYLE('',(#8888));
#8888 = FILL_AREA_STYLE_COLOUR('',#8625);
#8889 = SURFACE_STYLE_RENDERING_WITH_PROPERTIES(.NORMAL_SHADING.,#8625,(
    #8890));
#8890 = SURFACE_STYLE_TRANSPARENT(0.);
#8891 = OVER_RIDING_STYLED_ITEM('overriding color',(#8892),#1728,#8618);
#8892 = PRESENTATION_STYLE_ASSIGNMENT((#8893));
#8893 = SURFACE_STYLE_USAGE(.BOTH.,#8894);
#8894 = SURFACE_SIDE_STYLE('',(#8895,#8898));
#8895 = SURFACE_STYLE_FILL_AREA(#8896);
#8896 = FILL_AREA_STYLE('',(#8897));
#8897 = FILL_AREA_STYLE_COLOUR('',#8625);
#8898 = SURFACE_STYLE_RENDERING_WITH_PROPERTIES(.NORMAL_SHADING.,#8625,(
    #8899));
#8899 = SURFACE_STYLE_TRANSPARENT(0.);
#8900 = OVER_RIDING_STYLED_ITEM('overriding color',(#8901),#1753,#8618);
#8901 = PRESENTATION_STYLE_ASSIGNMENT((#8902));
#8902 = SURFACE_STYLE_USAGE(.BOTH.,#8903);
#8903 = SURFACE_SIDE_STYLE('',(#8904,#8907));
#8904 = SURFACE_STYLE_FILL_AREA(#8905);
#8905 = FILL_AREA_STYLE('',(#8906));
#8906 = FILL_AREA_STYLE_COLOUR('',#8625);
#8907 = SURFACE_STYLE_RENDERING_WITH_PROPERTIES(.NORMAL_SHADING.,#8625,(
    #8908));
#8908 = SURFACE_STYLE_TRANSPARENT(0.);
#8909 = OVER_RIDING_STYLED_ITEM('overriding color',(#8910),#1777,#8618);
#8910 = PRESENTATION_STYLE_ASSIGNMENT((#8911));
#8911 = SURFACE_STYLE_USAGE(.BOTH.,#8912);
#8912 = SURFACE_SIDE_STYLE('',(#8913,#8916));
#8913 = SURFACE_STYLE_FILL_AREA(#8914);
#8914 = FILL_AREA_STYLE('',(#8915));
#8915 = FILL_AREA_STYLE_COLOUR('',#8625);
#8916 = SURFACE_STYLE_RENDERING_WITH_PROPERTIES(.NORMAL_SHADING.,#8625,(
    #8917));
#8917 = SURFACE_STYLE_TRANSPARENT(0.);
#8918 = OVER_RIDING_STYLED_ITEM('overriding color',(#8919),#1802,#8618);
#8919 = PRESENTATION_STYLE_ASSIGNMENT((#8920));
#8920 = SURFACE_STYLE_USAGE(.BOTH.,#8921);
#8921 = SURFACE_SIDE_STYLE('',(#8922,#8925));
#8922 = SURFACE_STYLE_FILL_AREA(#8923);
#8923 = FILL_AREA_STYLE('',(#8924));
#8924 = FILL_AREA_STYLE_COLOUR('',#8625);
#8925 = SURFACE_STYLE_RENDERING_WITH_PROPERTIES(.NORMAL_SHADING.,#8625,(
    #8926));
#8926 = SURFACE_STYLE_TRANSPARENT(0.);
#8927 = OVER_RIDING_STYLED_ITEM('overriding color',(#8928),#1826,#8618);
#8928 = PRESENTATION_STYLE_ASSIGNMENT((#8929));
#8929 = SURFACE_STYLE_USAGE(.BOTH.,#8930);
#8930 = SURFACE_SIDE_STYLE('',(#8931,#8934));
#8931 = SURFACE_STYLE_FILL_AREA(#8932);
#8932 = FILL_AREA_STYLE('',(#8933));
#8933 = FILL_AREA_STYLE_COLOUR('',#8625);
#8934 = SURFACE_STYLE_RENDERING_WITH_PROPERTIES(.NORMAL_SHADING.,#8625,(
    #8935));
#8935 = SURFACE_STYLE_TRANSPARENT(0.);
#8936 = OVER_RIDING_STYLED_ITEM('overriding color',(#8937),#1851,#8618);
#8937 = PRESENTATION_STYLE_ASSIGNMENT((#8938));
#8938 = SURFACE_STYLE_USAGE(.BOTH.,#8939);
#8939 = SURFACE_SIDE_STYLE('',(#8940,#8943));
#8940 = SURFACE_STYLE_FILL_AREA(#8941);
#8941 = FILL_AREA_STYLE('',(#8942));
#8942 = FILL_AREA_STYLE_COLOUR('',#8625);
#8943 = SURFACE_STYLE_RENDERING_WITH_PROPERTIES(.NORMAL_SHADING.,#8625,(
    #8944));
#8944 = SURFACE_STYLE_TRANSPARENT(0.);
#8945 = OVER_RIDING_STYLED_ITEM('overriding color',(#8946),#1875,#8618);
#8946 = PRESENTATION_STYLE_ASSIGNMENT((#8947));
#8947 = SURFACE_STYLE_USAGE(.BOTH.,#8948);
#8948 = SURFACE_SIDE_STYLE('',(#8949,#8952));
#8949 = SURFACE_STYLE_FILL_AREA(#8950);
#8950 = FILL_AREA_STYLE('',(#8951));
#8951 = FILL_AREA_STYLE_COLOUR('',#8625);
#8952 = SURFACE_STYLE_RENDERING_WITH_PROPERTIES(.NORMAL_SHADING.,#8625,(
    #8953));
#8953 = SURFACE_STYLE_TRANSPARENT(0.);
#8954 = OVER_RIDING_STYLED_ITEM('overriding color',(#8955),#1893,#8618);
#8955 = PRESENTATION_STYLE_ASSIGNMENT((#8956));
#8956 = SURFACE_STYLE_USAGE(.BOTH.,#8957);
#8957 = SURFACE_SIDE_STYLE('',(#8958,#8961));
#8958 = SURFACE_STYLE_FILL_AREA(#8959);
#8959 = FILL_AREA_STYLE('',(#8960));
#8960 = FILL_AREA_STYLE_COLOUR('',#8672);
#8961 = SURFACE_STYLE_RENDERING_WITH_PROPERTIES(.NORMAL_SHADING.,#8672,(
    #8962));
#8962 = SURFACE_STYLE_TRANSPARENT(0.);
#8963 = OVER_RIDING_STYLED_ITEM('overriding color',(#8964),#1932,#8618);
#8964 = PRESENTATION_STYLE_ASSIGNMENT((#8965));
#8965 = SURFACE_STYLE_USAGE(.BOTH.,#8966);
#8966 = SURFACE_SIDE_STYLE('',(#8967,#8970));
#8967 = SURFACE_STYLE_FILL_AREA(#8968);
#8968 = FILL_AREA_STYLE('',(#8969));
#8969 = FILL_AREA_STYLE_COLOUR('',#8625);
#8970 = SURFACE_STYLE_RENDERING_WITH_PROPERTIES(.NORMAL_SHADING.,#8625,(
    #8971));
#8971 = SURFACE_STYLE_TRANSPARENT(0.);
#8972 = OVER_RIDING_STYLED_ITEM('overriding color',(#8973),#1998,#8618);
#8973 = PRESENTATION_STYLE_ASSIGNMENT((#8974));
#8974 = SURFACE_STYLE_USAGE(.BOTH.,#8975);
#8975 = SURFACE_SIDE_STYLE('',(#8976,#8979));
#8976 = SURFACE_STYLE_FILL_AREA(#8977);
#8977 = FILL_AREA_STYLE('',(#8978));
#8978 = FILL_AREA_STYLE_COLOUR('',#8625);
#8979 = SURFACE_STYLE_RENDERING_WITH_PROPERTIES(.NORMAL_SHADING.,#8625,(
    #8980));
#8980 = SURFACE_STYLE_TRANSPARENT(0.);
#8981 = OVER_RIDING_STYLED_ITEM('overriding color',(#8982),#2015,#8618);
#8982 = PRESENTATION_STYLE_ASSIGNMENT((#8983));
#8983 = SURFACE_STYLE_USAGE(.BOTH.,#8984);
#8984 = SURFACE_SIDE_STYLE('',(#8985,#8988));
#8985 = SURFACE_STYLE_FILL_AREA(#8986);
#8986 = FILL_AREA_STYLE('',(#8987));
#8987 = FILL_AREA_STYLE_COLOUR('',#8625);
#8988 = SURFACE_STYLE_RENDERING_WITH_PROPERTIES(.NORMAL_SHADING.,#8625,(
    #8989));
#8989 = SURFACE_STYLE_TRANSPARENT(0.);
#8990 = OVER_RIDING_STYLED_ITEM('overriding color',(#8991),#2088,#8618);
#8991 = PRESENTATION_STYLE_ASSIGNMENT((#8992));
#8992 = SURFACE_STYLE_USAGE(.BOTH.,#8993);
#8993 = SURFACE_SIDE_STYLE('',(#8994,#8997));
#8994 = SURFACE_STYLE_FILL_AREA(#8995);
#8995 = FILL_AREA_STYLE('',(#8996));
#8996 = FILL_AREA_STYLE_COLOUR('',#8672);
#8997 = SURFACE_STYLE_RENDERING_WITH_PROPERTIES(.NORMAL_SHADING.,#8672,(
    #8998));
#8998 = SURFACE_STYLE_TRANSPARENT(0.);
#8999 = OVER_RIDING_STYLED_ITEM('overriding color',(#9000),#2120,#8618);
#9000 = PRESENTATION_STYLE_ASSIGNMENT((#9001));
#9001 = SURFACE_STYLE_USAGE(.BOTH.,#9002);
#9002 = SURFACE_SIDE_STYLE('',(#9003,#9006));
#9003 = SURFACE_STYLE_FILL_AREA(#9004);
#9004 = FILL_AREA_STYLE('',(#9005));
#9005 = FILL_AREA_STYLE_COLOUR('',#8672);
#9006 = SURFACE_STYLE_RENDERING_WITH_PROPERTIES(.NORMAL_SHADING.,#8672,(
    #9007));
#9007 = SURFACE_STYLE_TRANSPARENT(0.);
#9008 = OVER_RIDING_STYLED_ITEM('overriding color',(#9009),#2144,#8618);
#9009 = PRESENTATION_STYLE_ASSIGNMENT((#9010));
#9010 = SURFACE_STYLE_USAGE(.BOTH.,#9011);
#9011 = SURFACE_SIDE_STYLE('',(#9012,#9015));
#9012 = SURFACE_STYLE_FILL_AREA(#9013);
#9013 = FILL_AREA_STYLE('',(#9014));
#9014 = FILL_AREA_STYLE_COLOUR('',#8672);
#9015 = SURFACE_STYLE_RENDERING_WITH_PROPERTIES(.NORMAL_SHADING.,#8672,(
    #9016));
#9016 = SURFACE_STYLE_TRANSPARENT(0.);
#9017 = OVER_RIDING_STYLED_ITEM('overriding color',(#9018),#2176,#8618);
#9018 = PRESENTATION_STYLE_ASSIGNMENT((#9019));
#9019 = SURFACE_STYLE_USAGE(.BOTH.,#9020);
#9020 = SURFACE_SIDE_STYLE('',(#9021,#9024));
#9021 = SURFACE_STYLE_FILL_AREA(#9022);
#9022 = FILL_AREA_STYLE('',(#9023));
#9023 = FILL_AREA_STYLE_COLOUR('',#8625);
#9024 = SURFACE_STYLE_RENDERING_WITH_PROPERTIES(.NORMAL_SHADING.,#8625,(
    #9025));
#9025 = SURFACE_STYLE_TRANSPARENT(0.);
#9026 = OVER_RIDING_STYLED_ITEM('overriding color',(#9027),#2242,#8618);
#9027 = PRESENTATION_STYLE_ASSIGNMENT((#9028));
#9028 = SURFACE_STYLE_USAGE(.BOTH.,#9029);
#9029 = SURFACE_SIDE_STYLE('',(#9030,#9033));
#9030 = SURFACE_STYLE_FILL_AREA(#9031);
#9031 = FILL_AREA_STYLE('',(#9032));
#9032 = FILL_AREA_STYLE_COLOUR('',#8625);
#9033 = SURFACE_STYLE_RENDERING_WITH_PROPERTIES(.NORMAL_SHADING.,#8625,(
    #9034));
#9034 = SURFACE_STYLE_TRANSPARENT(0.);
#9035 = OVER_RIDING_STYLED_ITEM('overriding color',(#9036),#2259,#8618);
#9036 = PRESENTATION_STYLE_ASSIGNMENT((#9037));
#9037 = SURFACE_STYLE_USAGE(.BOTH.,#9038);
#9038 = SURFACE_SIDE_STYLE('',(#9039,#9042));
#9039 = SURFACE_STYLE_FILL_AREA(#9040);
#9040 = FILL_AREA_STYLE('',(#9041));
#9041 = FILL_AREA_STYLE_COLOUR('',#8625);
#9042 = SURFACE_STYLE_RENDERING_WITH_PROPERTIES(.NORMAL_SHADING.,#8625,(
    #9043));
#9043 = SURFACE_STYLE_TRANSPARENT(0.);
#9044 = OVER_RIDING_STYLED_ITEM('overriding color',(#9045),#2332,#8618);
#9045 = PRESENTATION_STYLE_ASSIGNMENT((#9046));
#9046 = SURFACE_STYLE_USAGE(.BOTH.,#9047);
#9047 = SURFACE_SIDE_STYLE('',(#9048,#9051));
#9048 = SURFACE_STYLE_FILL_AREA(#9049);
#9049 = FILL_AREA_STYLE('',(#9050));
#9050 = FILL_AREA_STYLE_COLOUR('',#8672);
#9051 = SURFACE_STYLE_RENDERING_WITH_PROPERTIES(.NORMAL_SHADING.,#8672,(
    #9052));
#9052 = SURFACE_STYLE_TRANSPARENT(0.);
#9053 = OVER_RIDING_STYLED_ITEM('overriding color',(#9054),#2364,#8618);
#9054 = PRESENTATION_STYLE_ASSIGNMENT((#9055));
#9055 = SURFACE_STYLE_USAGE(.BOTH.,#9056);
#9056 = SURFACE_SIDE_STYLE('',(#9057,#9060));
#9057 = SURFACE_STYLE_FILL_AREA(#9058);
#9058 = FILL_AREA_STYLE('',(#9059));
#9059 = FILL_AREA_STYLE_COLOUR('',#8672);
#9060 = SURFACE_STYLE_RENDERING_WITH_PROPERTIES(.NORMAL_SHADING.,#8672,(
    #9061));
#9061 = SURFACE_STYLE_TRANSPARENT(0.);
#9062 = OVER_RIDING_STYLED_ITEM('overriding color',(#9063),#2388,#8618);
#9063 = PRESENTATION_STYLE_ASSIGNMENT((#9064));
#9064 = SURFACE_STYLE_USAGE(.BOTH.,#9065);
#9065 = SURFACE_SIDE_STYLE('',(#9066,#9069));
#9066 = SURFACE_STYLE_FILL_AREA(#9067);
#9067 = FILL_AREA_STYLE('',(#9068));
#9068 = FILL_AREA_STYLE_COLOUR('',#8672);
#9069 = SURFACE_STYLE_RENDERING_WITH_PROPERTIES(.NORMAL_SHADING.,#8672,(
    #9070));
#9070 = SURFACE_STYLE_TRANSPARENT(0.);
#9071 = OVER_RIDING_STYLED_ITEM('overriding color',(#9072),#2420,#8618);
#9072 = PRESENTATION_STYLE_ASSIGNMENT((#9073));
#9073 = SURFACE_STYLE_USAGE(.BOTH.,#9074);
#9074 = SURFACE_SIDE_STYLE('',(#9075,#9078));
#9075 = SURFACE_STYLE_FILL_AREA(#9076);
#9076 = FILL_AREA_STYLE('',(#9077));
#9077 = FILL_AREA_STYLE_COLOUR('',#8625);
#9078 = SURFACE_STYLE_RENDERING_WITH_PROPERTIES(.NORMAL_SHADING.,#8625,(
    #9079));
#9079 = SURFACE_STYLE_TRANSPARENT(0.);
#9080 = OVER_RIDING_STYLED_ITEM('overriding color',(#9081),#2486,#8618);
#9081 = PRESENTATION_STYLE_ASSIGNMENT((#9082));
#9082 = SURFACE_STYLE_USAGE(.BOTH.,#9083);
#9083 = SURFACE_SIDE_STYLE('',(#9084,#9087));
#9084 = SURFACE_STYLE_FILL_AREA(#9085);
#9085 = FILL_AREA_STYLE('',(#9086));
#9086 = FILL_AREA_STYLE_COLOUR('',#8625);
#9087 = SURFACE_STYLE_RENDERING_WITH_PROPERTIES(.NORMAL_SHADING.,#8625,(
    #9088));
#9088 = SURFACE_STYLE_TRANSPARENT(0.);
#9089 = OVER_RIDING_STYLED_ITEM('overriding color',(#9090),#2503,#8618);
#9090 = PRESENTATION_STYLE_ASSIGNMENT((#9091));
#9091 = SURFACE_STYLE_USAGE(.BOTH.,#9092);
#9092 = SURFACE_SIDE_STYLE('',(#9093,#9096));
#9093 = SURFACE_STYLE_FILL_AREA(#9094);
#9094 = FILL_AREA_STYLE('',(#9095));
#9095 = FILL_AREA_STYLE_COLOUR('',#8625);
#9096 = SURFACE_STYLE_RENDERING_WITH_PROPERTIES(.NORMAL_SHADING.,#8625,(
    #9097));
#9097 = SURFACE_STYLE_TRANSPARENT(0.);
#9098 = OVER_RIDING_STYLED_ITEM('overriding color',(#9099),#2576,#8618);
#9099 = PRESENTATION_STYLE_ASSIGNMENT((#9100));
#9100 = SURFACE_STYLE_USAGE(.BOTH.,#9101);
#9101 = SURFACE_SIDE_STYLE('',(#9102,#9105));
#9102 = SURFACE_STYLE_FILL_AREA(#9103);
#9103 = FILL_AREA_STYLE('',(#9104));
#9104 = FILL_AREA_STYLE_COLOUR('',#8672);
#9105 = SURFACE_STYLE_RENDERING_WITH_PROPERTIES(.NORMAL_SHADING.,#8672,(
    #9106));
#9106 = SURFACE_STYLE_TRANSPARENT(0.);
#9107 = OVER_RIDING_STYLED_ITEM('overriding color',(#9108),#2608,#8618);
#9108 = PRESENTATION_STYLE_ASSIGNMENT((#9109));
#9109 = SURFACE_STYLE_USAGE(.BOTH.,#9110);
#9110 = SURFACE_SIDE_STYLE('',(#9111,#9114));
#9111 = SURFACE_STYLE_FILL_AREA(#9112);
#9112 = FILL_AREA_STYLE('',(#9113));
#9113 = FILL_AREA_STYLE_COLOUR('',#8672);
#9114 = SURFACE_STYLE_RENDERING_WITH_PROPERTIES(.NORMAL_SHADING.,#8672,(
    #9115));
#9115 = SURFACE_STYLE_TRANSPARENT(0.);
#9116 = OVER_RIDING_STYLED_ITEM('overriding color',(#9117),#2632,#8618);
#9117 = PRESENTATION_STYLE_ASSIGNMENT((#9118));
#9118 = SURFACE_STYLE_USAGE(.BOTH.,#9119);
#9119 = SURFACE_SIDE_STYLE('',(#9120,#9123));
#9120 = SURFACE_STYLE_FILL_AREA(#9121);
#9121 = FILL_AREA_STYLE('',(#9122));
#9122 = FILL_AREA_STYLE_COLOUR('',#8672);
#9123 = SURFACE_STYLE_RENDERING_WITH_PROPERTIES(.NORMAL_SHADING.,#8672,(
    #9124));
#9124 = SURFACE_STYLE_TRANSPARENT(0.);
#9125 = OVER_RIDING_STYLED_ITEM('overriding color',(#9126),#2664,#8618);
#9126 = PRESENTATION_STYLE_ASSIGNMENT((#9127));
#9127 = SURFACE_STYLE_USAGE(.BOTH.,#9128);
#9128 = SURFACE_SIDE_STYLE('',(#9129,#9132));
#9129 = SURFACE_STYLE_FILL_AREA(#9130);
#9130 = FILL_AREA_STYLE('',(#9131));
#9131 = FILL_AREA_STYLE_COLOUR('',#8625);
#9132 = SURFACE_STYLE_RENDERING_WITH_PROPERTIES(.NORMAL_SHADING.,#8625,(
    #9133));
#9133 = SURFACE_STYLE_TRANSPARENT(0.);
#9134 = OVER_RIDING_STYLED_ITEM('overriding color',(#9135),#2730,#8618);
#9135 = PRESENTATION_STYLE_ASSIGNMENT((#9136));
#9136 = SURFACE_STYLE_USAGE(.BOTH.,#9137);
#9137 = SURFACE_SIDE_STYLE('',(#9138,#9141));
#9138 = SURFACE_STYLE_FILL_AREA(#9139);
#9139 = FILL_AREA_STYLE('',(#9140));
#9140 = FILL_AREA_STYLE_COLOUR('',#8625);
#9141 = SURFACE_STYLE_RENDERING_WITH_PROPERTIES(.NORMAL_SHADING.,#8625,(
    #9142));
#9142 = SURFACE_STYLE_TRANSPARENT(0.);
#9143 = OVER_RIDING_STYLED_ITEM('overriding color',(#9144),#2747,#8618);
#9144 = PRESENTATION_STYLE_ASSIGNMENT((#9145));
#9145 = SURFACE_STYLE_USAGE(.BOTH.,#9146);
#9146 = SURFACE_SIDE_STYLE('',(#9147,#9150));
#9147 = SURFACE_STYLE_FILL_AREA(#9148);
#9148 = FILL_AREA_STYLE('',(#9149));
#9149 = FILL_AREA_STYLE_COLOUR('',#8625);
#9150 = SURFACE_STYLE_RENDERING_WITH_PROPERTIES(.NORMAL_SHADING.,#8625,(
    #9151));
#9151 = SURFACE_STYLE_TRANSPARENT(0.);
#9152 = OVER_RIDING_STYLED_ITEM('overriding color',(#9153),#2820,#8618);
#9153 = PRESENTATION_STYLE_ASSIGNMENT((#9154));
#9154 = SURFACE_STYLE_USAGE(.BOTH.,#9155);
#9155 = SURFACE_SIDE_STYLE('',(#9156,#9159));
#9156 = SURFACE_STYLE_FILL_AREA(#9157);
#9157 = FILL_AREA_STYLE('',(#9158));
#9158 = FILL_AREA_STYLE_COLOUR('',#8672);
#9159 = SURFACE_STYLE_RENDERING_WITH_PROPERTIES(.NORMAL_SHADING.,#8672,(
    #9160));
#9160 = SURFACE_STYLE_TRANSPARENT(0.);
#9161 = OVER_RIDING_STYLED_ITEM('overriding color',(#9162),#2852,#8618);
#9162 = PRESENTATION_STYLE_ASSIGNMENT((#9163));
#9163 = SURFACE_STYLE_USAGE(.BOTH.,#9164);
#9164 = SURFACE_SIDE_STYLE('',(#9165,#9168));
#9165 = SURFACE_STYLE_FILL_AREA(#9166);
#9166 = FILL_AREA_STYLE('',(#9167));
#9167 = FILL_AREA_STYLE_COLOUR('',#8672);
#9168 = SURFACE_STYLE_RENDERING_WITH_PROPERTIES(.NORMAL_SHADING.,#8672,(
    #9169));
#9169 = SURFACE_STYLE_TRANSPARENT(0.);
#9170 = OVER_RIDING_STYLED_ITEM('overriding color',(#9171),#2876,#8618);
#9171 = PRESENTATION_STYLE_ASSIGNMENT((#9172));
#9172 = SURFACE_STYLE_USAGE(.BOTH.,#9173);
#9173 = SURFACE_SIDE_STYLE('',(#9174,#9177));
#9174 = SURFACE_STYLE_FILL_AREA(#9175);
#9175 = FILL_AREA_STYLE('',(#9176));
#9176 = FILL_AREA_STYLE_COLOUR('',#8672);
#9177 = SURFACE_STYLE_RENDERING_WITH_PROPERTIES(.NORMAL_SHADING.,#8672,(
    #9178));
#9178 = SURFACE_STYLE_TRANSPARENT(0.);
#9179 = OVER_RIDING_STYLED_ITEM('overriding color',(#9180),#2908,#8618);
#9180 = PRESENTATION_STYLE_ASSIGNMENT((#9181));
#9181 = SURFACE_STYLE_USAGE(.BOTH.,#9182);
#9182 = SURFACE_SIDE_STYLE('',(#9183,#9186));
#9183 = SURFACE_STYLE_FILL_AREA(#9184);
#9184 = FILL_AREA_STYLE('',(#9185));
#9185 = FILL_AREA_STYLE_COLOUR('',#8625);
#9186 = SURFACE_STYLE_RENDERING_WITH_PROPERTIES(.NORMAL_SHADING.,#8625,(
    #9187));
#9187 = SURFACE_STYLE_TRANSPARENT(0.);
#9188 = OVER_RIDING_STYLED_ITEM('overriding color',(#9189),#2974,#8618);
#9189 = PRESENTATION_STYLE_ASSIGNMENT((#9190));
#9190 = SURFACE_STYLE_USAGE(.BOTH.,#9191);
#9191 = SURFACE_SIDE_STYLE('',(#9192,#9195));
#9192 = SURFACE_STYLE_FILL_AREA(#9193);
#9193 = FILL_AREA_STYLE('',(#9194));
#9194 = FILL_AREA_STYLE_COLOUR('',#8625);
#9195 = SURFACE_STYLE_RENDERING_WITH_PROPERTIES(.NORMAL_SHADING.,#8625,(
    #9196));
#9196 = SURFACE_STYLE_TRANSPARENT(0.);
#9197 = OVER_RIDING_STYLED_ITEM('overriding color',(#9198),#2991,#8618);
#9198 = PRESENTATION_STYLE_ASSIGNMENT((#9199));
#9199 = SURFACE_STYLE_USAGE(.BOTH.,#9200);
#9200 = SURFACE_SIDE_STYLE('',(#9201,#9204));
#9201 = SURFACE_STYLE_FILL_AREA(#9202);
#9202 = FILL_AREA_STYLE('',(#9203));
#9203 = FILL_AREA_STYLE_COLOUR('',#8625);
#9204 = SURFACE_STYLE_RENDERING_WITH_PROPERTIES(.NORMAL_SHADING.,#8625,(
    #9205));
#9205 = SURFACE_STYLE_TRANSPARENT(0.);
#9206 = OVER_RIDING_STYLED_ITEM('overriding color',(#9207),#3064,#8618);
#9207 = PRESENTATION_STYLE_ASSIGNMENT((#9208));
#9208 = SURFACE_STYLE_USAGE(.BOTH.,#9209);
#9209 = SURFACE_SIDE_STYLE('',(#9210,#9213));
#9210 = SURFACE_STYLE_FILL_AREA(#9211);
#9211 = FILL_AREA_STYLE('',(#9212));
#9212 = FILL_AREA_STYLE_COLOUR('',#8672);
#9213 = SURFACE_STYLE_RENDERING_WITH_PROPERTIES(.NORMAL_SHADING.,#8672,(
    #9214));
#9214 = SURFACE_STYLE_TRANSPARENT(0.);
#9215 = OVER_RIDING_STYLED_ITEM('overriding color',(#9216),#3096,#8618);
#9216 = PRESENTATION_STYLE_ASSIGNMENT((#9217));
#9217 = SURFACE_STYLE_USAGE(.BOTH.,#9218);
#9218 = SURFACE_SIDE_STYLE('',(#9219,#9222));
#9219 = SURFACE_STYLE_FILL_AREA(#9220);
#9220 = FILL_AREA_STYLE('',(#9221));
#9221 = FILL_AREA_STYLE_COLOUR('',#8672);
#9222 = SURFACE_STYLE_RENDERING_WITH_PROPERTIES(.NORMAL_SHADING.,#8672,(
    #9223));
#9223 = SURFACE_STYLE_TRANSPARENT(0.);
#9224 = OVER_RIDING_STYLED_ITEM('overriding color',(#9225),#3120,#8618);
#9225 = PRESENTATION_STYLE_ASSIGNMENT((#9226));
#9226 = SURFACE_STYLE_USAGE(.BOTH.,#9227);
#9227 = SURFACE_SIDE_STYLE('',(#9228,#9231));
#9228 = SURFACE_STYLE_FILL_AREA(#9229);
#9229 = FILL_AREA_STYLE('',(#9230));
#9230 = FILL_AREA_STYLE_COLOUR('',#8672);
#9231 = SURFACE_STYLE_RENDERING_WITH_PROPERTIES(.NORMAL_SHADING.,#8672,(
    #9232));
#9232 = SURFACE_STYLE_TRANSPARENT(0.);
#9233 = OVER_RIDING_STYLED_ITEM('overriding color',(#9234),#3152,#8618);
#9234 = PRESENTATION_STYLE_ASSIGNMENT((#9235));
#9235 = SURFACE_STYLE_USAGE(.BOTH.,#9236);
#9236 = SURFACE_SIDE_STYLE('',(#9237,#9240));
#9237 = SURFACE_STYLE_FILL_AREA(#9238);
#9238 = FILL_AREA_STYLE('',(#9239));
#9239 = FILL_AREA_STYLE_COLOUR('',#8625);
#9240 = SURFACE_STYLE_RENDERING_WITH_PROPERTIES(.NORMAL_SHADING.,#8625,(
    #9241));
#9241 = SURFACE_STYLE_TRANSPARENT(0.);
#9242 = OVER_RIDING_STYLED_ITEM('overriding color',(#9243),#3218,#8618);
#9243 = PRESENTATION_STYLE_ASSIGNMENT((#9244));
#9244 = SURFACE_STYLE_USAGE(.BOTH.,#9245);
#9245 = SURFACE_SIDE_STYLE('',(#9246,#9249));
#9246 = SURFACE_STYLE_FILL_AREA(#9247);
#9247 = FILL_AREA_STYLE('',(#9248));
#9248 = FILL_AREA_STYLE_COLOUR('',#8625);
#9249 = SURFACE_STYLE_RENDERING_WITH_PROPERTIES(.NORMAL_SHADING.,#8625,(
    #9250));
#9250 = SURFACE_STYLE_TRANSPARENT(0.);
#9251 = OVER_RIDING_STYLED_ITEM('overriding color',(#9252),#3235,#8618);
#9252 = PRESENTATION_STYLE_ASSIGNMENT((#9253));
#9253 = SURFACE_STYLE_USAGE(.BOTH.,#9254);
#9254 = SURFACE_SIDE_STYLE('',(#9255,#9258));
#9255 = SURFACE_STYLE_FILL_AREA(#9256);
#9256 = FILL_AREA_STYLE('',(#9257));
#9257 = FILL_AREA_STYLE_COLOUR('',#8625);
#9258 = SURFACE_STYLE_RENDERING_WITH_PROPERTIES(.NORMAL_SHADING.,#8625,(
    #9259));
#9259 = SURFACE_STYLE_TRANSPARENT(0.);
#9260 = OVER_RIDING_STYLED_ITEM('overriding color',(#9261),#3308,#8618);
#9261 = PRESENTATION_STYLE_ASSIGNMENT((#9262));
#9262 = SURFACE_STYLE_USAGE(.BOTH.,#9263);
#9263 = SURFACE_SIDE_STYLE('',(#9264,#9267));
#9264 = SURFACE_STYLE_FILL_AREA(#9265);
#9265 = FILL_AREA_STYLE('',(#9266));
#9266 = FILL_AREA_STYLE_COLOUR('',#8672);
#9267 = SURFACE_STYLE_RENDERING_WITH_PROPERTIES(.NORMAL_SHADING.,#8672,(
    #9268));
#9268 = SURFACE_STYLE_TRANSPARENT(0.);
#9269 = OVER_RIDING_STYLED_ITEM('overriding color',(#9270),#3340,#8618);
#9270 = PRESENTATION_STYLE_ASSIGNMENT((#9271));
#9271 = SURFACE_STYLE_USAGE(.BOTH.,#9272);
#9272 = SURFACE_SIDE_STYLE('',(#9273,#9276));
#9273 = SURFACE_STYLE_FILL_AREA(#9274);
#9274 = FILL_AREA_STYLE('',(#9275));
#9275 = FILL_AREA_STYLE_COLOUR('',#8672);
#9276 = SURFACE_STYLE_RENDERING_WITH_PROPERTIES(.NORMAL_SHADING.,#8672,(
    #9277));
#9277 = SURFACE_STYLE_TRANSPARENT(0.);
#9278 = OVER_RIDING_STYLED_ITEM('overriding color',(#9279),#3380,#8618);
#9279 = PRESENTATION_STYLE_ASSIGNMENT((#9280));
#9280 = SURFACE_STYLE_USAGE(.BOTH.,#9281);
#9281 = SURFACE_SIDE_STYLE('',(#9282,#9285));
#9282 = SURFACE_STYLE_FILL_AREA(#9283);
#9283 = FILL_AREA_STYLE('',(#9284));
#9284 = FILL_AREA_STYLE_COLOUR('',#8672);
#9285 = SURFACE_STYLE_RENDERING_WITH_PROPERTIES(.NORMAL_SHADING.,#8672,(
    #9286));
#9286 = SURFACE_STYLE_TRANSPARENT(0.);
#9287 = OVER_RIDING_STYLED_ITEM('overriding color',(#9288),#3483,#8618);
#9288 = PRESENTATION_STYLE_ASSIGNMENT((#9289));
#9289 = SURFACE_STYLE_USAGE(.BOTH.,#9290);
#9290 = SURFACE_SIDE_STYLE('',(#9291,#9294));
#9291 = SURFACE_STYLE_FILL_AREA(#9292);
#9292 = FILL_AREA_STYLE('',(#9293));
#9293 = FILL_AREA_STYLE_COLOUR('',#8672);
#9294 = SURFACE_STYLE_RENDERING_WITH_PROPERTIES(.NORMAL_SHADING.,#8672,(
    #9295));
#9295 = SURFACE_STYLE_TRANSPARENT(0.);
#9296 = OVER_RIDING_STYLED_ITEM('overriding color',(#9297),#3555,#8618);
#9297 = PRESENTATION_STYLE_ASSIGNMENT((#9298));
#9298 = SURFACE_STYLE_USAGE(.BOTH.,#9299);
#9299 = SURFACE_SIDE_STYLE('',(#9300,#9303));
#9300 = SURFACE_STYLE_FILL_AREA(#9301);
#9301 = FILL_AREA_STYLE('',(#9302));
#9302 = FILL_AREA_STYLE_COLOUR('',#8672);
#9303 = SURFACE_STYLE_RENDERING_WITH_PROPERTIES(.NORMAL_SHADING.,#8672,(
    #9304));
#9304 = SURFACE_STYLE_TRANSPARENT(0.);
#9305 = OVER_RIDING_STYLED_ITEM('overriding color',(#9306),#3572,#8618);
#9306 = PRESENTATION_STYLE_ASSIGNMENT((#9307));
#9307 = SURFACE_STYLE_USAGE(.BOTH.,#9308);
#9308 = SURFACE_SIDE_STYLE('',(#9309,#9312));
#9309 = SURFACE_STYLE_FILL_AREA(#9310);
#9310 = FILL_AREA_STYLE('',(#9311));
#9311 = FILL_AREA_STYLE_COLOUR('',#8672);
#9312 = SURFACE_STYLE_RENDERING_WITH_PROPERTIES(.NORMAL_SHADING.,#8672,(
    #9313));
#9313 = SURFACE_STYLE_TRANSPARENT(0.);
#9314 = OVER_RIDING_STYLED_ITEM('overriding color',(#9315),#3596,#8618);
#9315 = PRESENTATION_STYLE_ASSIGNMENT((#9316));
#9316 = SURFACE_STYLE_USAGE(.BOTH.,#9317);
#9317 = SURFACE_SIDE_STYLE('',(#9318,#9321));
#9318 = SURFACE_STYLE_FILL_AREA(#9319);
#9319 = FILL_AREA_STYLE('',(#9320));
#9320 = FILL_AREA_STYLE_COLOUR('',#8672);
#9321 = SURFACE_STYLE_RENDERING_WITH_PROPERTIES(.NORMAL_SHADING.,#8672,(
    #9322));
#9322 = SURFACE_STYLE_TRANSPARENT(0.);
#9323 = OVER_RIDING_STYLED_ITEM('overriding color',(#9324),#3620,#8618);
#9324 = PRESENTATION_STYLE_ASSIGNMENT((#9325));
#9325 = SURFACE_STYLE_USAGE(.BOTH.,#9326);
#9326 = SURFACE_SIDE_STYLE('',(#9327,#9330));
#9327 = SURFACE_STYLE_FILL_AREA(#9328);
#9328 = FILL_AREA_STYLE('',(#9329));
#9329 = FILL_AREA_STYLE_COLOUR('',#8672);
#9330 = SURFACE_STYLE_RENDERING_WITH_PROPERTIES(.NORMAL_SHADING.,#8672,(
    #9331));
#9331 = SURFACE_STYLE_TRANSPARENT(0.);
#9332 = OVER_RIDING_STYLED_ITEM('overriding color',(#9333),#3637,#8618);
#9333 = PRESENTATION_STYLE_ASSIGNMENT((#9334));
#9334 = SURFACE_STYLE_USAGE(.BOTH.,#9335);
#9335 = SURFACE_SIDE_STYLE('',(#9336,#9339));
#9336 = SURFACE_STYLE_FILL_AREA(#9337);
#9337 = FILL_AREA_STYLE('',(#9338));
#9338 = FILL_AREA_STYLE_COLOUR('',#8672);
#9339 = SURFACE_STYLE_RENDERING_WITH_PROPERTIES(.NORMAL_SHADING.,#8672,(
    #9340));
#9340 = SURFACE_STYLE_TRANSPARENT(0.);
#9341 = OVER_RIDING_STYLED_ITEM('overriding color',(#9342),#3670,#8618);
#9342 = PRESENTATION_STYLE_ASSIGNMENT((#9343));
#9343 = SURFACE_STYLE_USAGE(.BOTH.,#9344);
#9344 = SURFACE_SIDE_STYLE('',(#9345,#9348));
#9345 = SURFACE_STYLE_FILL_AREA(#9346);
#9346 = FILL_AREA_STYLE('',(#9347));
#9347 = FILL_AREA_STYLE_COLOUR('',#8672);
#9348 = SURFACE_STYLE_RENDERING_WITH_PROPERTIES(.NORMAL_SHADING.,#8672,(
    #9349));
#9349 = SURFACE_STYLE_TRANSPARENT(0.);
#9350 = OVER_RIDING_STYLED_ITEM('overriding color',(#9351),#3688,#8618);
#9351 = PRESENTATION_STYLE_ASSIGNMENT((#9352));
#9352 = SURFACE_STYLE_USAGE(.BOTH.,#9353);
#9353 = SURFACE_SIDE_STYLE('',(#9354,#9357));
#9354 = SURFACE_STYLE_FILL_AREA(#9355);
#9355 = FILL_AREA_STYLE('',(#9356));
#9356 = FILL_AREA_STYLE_COLOUR('',#8672);
#9357 = SURFACE_STYLE_RENDERING_WITH_PROPERTIES(.NORMAL_SHADING.,#8672,(
    #9358));
#9358 = SURFACE_STYLE_TRANSPARENT(0.);
#9359 = OVER_RIDING_STYLED_ITEM('overriding color',(#9360),#3712,#8618);
#9360 = PRESENTATION_STYLE_ASSIGNMENT((#9361));
#9361 = SURFACE_STYLE_USAGE(.BOTH.,#9362);
#9362 = SURFACE_SIDE_STYLE('',(#9363,#9366));
#9363 = SURFACE_STYLE_FILL_AREA(#9364);
#9364 = FILL_AREA_STYLE('',(#9365));
#9365 = FILL_AREA_STYLE_COLOUR('',#8672);
#9366 = SURFACE_STYLE_RENDERING_WITH_PROPERTIES(.NORMAL_SHADING.,#8672,(
    #9367));
#9367 = SURFACE_STYLE_TRANSPARENT(0.);
#9368 = OVER_RIDING_STYLED_ITEM('overriding color',(#9369),#3744,#8618);
#9369 = PRESENTATION_STYLE_ASSIGNMENT((#9370));
#9370 = SURFACE_STYLE_USAGE(.BOTH.,#9371);
#9371 = SURFACE_SIDE_STYLE('',(#9372,#9375));
#9372 = SURFACE_STYLE_FILL_AREA(#9373);
#9373 = FILL_AREA_STYLE('',(#9374));
#9374 = FILL_AREA_STYLE_COLOUR('',#8672);
#9375 = SURFACE_STYLE_RENDERING_WITH_PROPERTIES(.NORMAL_SHADING.,#8672,(
    #9376));
#9376 = SURFACE_STYLE_TRANSPARENT(0.);
#9377 = OVER_RIDING_STYLED_ITEM('overriding color',(#9378),#3768,#8618);
#9378 = PRESENTATION_STYLE_ASSIGNMENT((#9379));
#9379 = SURFACE_STYLE_USAGE(.BOTH.,#9380);
#9380 = SURFACE_SIDE_STYLE('',(#9381,#9384));
#9381 = SURFACE_STYLE_FILL_AREA(#9382);
#9382 = FILL_AREA_STYLE('',(#9383));
#9383 = FILL_AREA_STYLE_COLOUR('',#8672);
#9384 = SURFACE_STYLE_RENDERING_WITH_PROPERTIES(.NORMAL_SHADING.,#8672,(
    #9385));
#9385 = SURFACE_STYLE_TRANSPARENT(0.);
#9386 = OVER_RIDING_STYLED_ITEM('overriding color',(#9387),#3792,#8618);
#9387 = PRESENTATION_STYLE_ASSIGNMENT((#9388));
#9388 = SURFACE_STYLE_USAGE(.BOTH.,#9389);
#9389 = SURFACE_SIDE_STYLE('',(#9390,#9393));
#9390 = SURFACE_STYLE_FILL_AREA(#9391);
#9391 = FILL_AREA_STYLE('',(#9392));
#9392 = FILL_AREA_STYLE_COLOUR('',#8672);
#9393 = SURFACE_STYLE_RENDERING_WITH_PROPERTIES(.NORMAL_SHADING.,#8672,(
    #9394));
#9394 = SURFACE_STYLE_TRANSPARENT(0.);
#9395 = OVER_RIDING_STYLED_ITEM('overriding color',(#9396),#3816,#8618);
#9396 = PRESENTATION_STYLE_ASSIGNMENT((#9397));
#9397 = SURFACE_STYLE_USAGE(.BOTH.,#9398);
#9398 = SURFACE_SIDE_STYLE('',(#9399,#9402));
#9399 = SURFACE_STYLE_FILL_AREA(#9400);
#9400 = FILL_AREA_STYLE('',(#9401));
#9401 = FILL_AREA_STYLE_COLOUR('',#8672);
#9402 = SURFACE_STYLE_RENDERING_WITH_PROPERTIES(.NORMAL_SHADING.,#8672,(
    #9403));
#9403 = SURFACE_STYLE_TRANSPARENT(0.);
#9404 = OVER_RIDING_STYLED_ITEM('overriding color',(#9405),#3849,#8618);
#9405 = PRESENTATION_STYLE_ASSIGNMENT((#9406));
#9406 = SURFACE_STYLE_USAGE(.BOTH.,#9407);
#9407 = SURFACE_SIDE_STYLE('',(#9408,#9411));
#9408 = SURFACE_STYLE_FILL_AREA(#9409);
#9409 = FILL_AREA_STYLE('',(#9410));
#9410 = FILL_AREA_STYLE_COLOUR('',#8672);
#9411 = SURFACE_STYLE_RENDERING_WITH_PROPERTIES(.NORMAL_SHADING.,#8672,(
    #9412));
#9412 = SURFACE_STYLE_TRANSPARENT(0.);
#9413 = OVER_RIDING_STYLED_ITEM('overriding color',(#9414),#3861,#8618);
#9414 = PRESENTATION_STYLE_ASSIGNMENT((#9415));
#9415 = SURFACE_STYLE_USAGE(.BOTH.,#9416);
#9416 = SURFACE_SIDE_STYLE('',(#9417,#9420));
#9417 = SURFACE_STYLE_FILL_AREA(#9418);
#9418 = FILL_AREA_STYLE('',(#9419));
#9419 = FILL_AREA_STYLE_COLOUR('',#8672);
#9420 = SURFACE_STYLE_RENDERING_WITH_PROPERTIES(.NORMAL_SHADING.,#8672,(
    #9421));
#9421 = SURFACE_STYLE_TRANSPARENT(0.);
#9422 = OVER_RIDING_STYLED_ITEM('overriding color',(#9423),#3893,#8618);
#9423 = PRESENTATION_STYLE_ASSIGNMENT((#9424));
#9424 = SURFACE_STYLE_USAGE(.BOTH.,#9425);
#9425 = SURFACE_SIDE_STYLE('',(#9426,#9429));
#9426 = SURFACE_STYLE_FILL_AREA(#9427);
#9427 = FILL_AREA_STYLE('',(#9428));
#9428 = FILL_AREA_STYLE_COLOUR('',#8672);
#9429 = SURFACE_STYLE_RENDERING_WITH_PROPERTIES(.NORMAL_SHADING.,#8672,(
    #9430));
#9430 = SURFACE_STYLE_TRANSPARENT(0.);
#9431 = OVER_RIDING_STYLED_ITEM('overriding color',(#9432),#3917,#8618);
#9432 = PRESENTATION_STYLE_ASSIGNMENT((#9433));
#9433 = SURFACE_STYLE_USAGE(.BOTH.,#9434);
#9434 = SURFACE_SIDE_STYLE('',(#9435,#9438));
#9435 = SURFACE_STYLE_FILL_AREA(#9436);
#9436 = FILL_AREA_STYLE('',(#9437));
#9437 = FILL_AREA_STYLE_COLOUR('',#8672);
#9438 = SURFACE_STYLE_RENDERING_WITH_PROPERTIES(.NORMAL_SHADING.,#8672,(
    #9439));
#9439 = SURFACE_STYLE_TRANSPARENT(0.);
#9440 = OVER_RIDING_STYLED_ITEM('overriding color',(#9441),#3975,#8618);
#9441 = PRESENTATION_STYLE_ASSIGNMENT((#9442));
#9442 = SURFACE_STYLE_USAGE(.BOTH.,#9443);
#9443 = SURFACE_SIDE_STYLE('',(#9444,#9447));
#9444 = SURFACE_STYLE_FILL_AREA(#9445);
#9445 = FILL_AREA_STYLE('',(#9446));
#9446 = FILL_AREA_STYLE_COLOUR('',#8672);
#9447 = SURFACE_STYLE_RENDERING_WITH_PROPERTIES(.NORMAL_SHADING.,#8672,(
    #9448));
#9448 = SURFACE_STYLE_TRANSPARENT(0.);
#9449 = OVER_RIDING_STYLED_ITEM('overriding color',(#9450),#3997,#8618);
#9450 = PRESENTATION_STYLE_ASSIGNMENT((#9451));
#9451 = SURFACE_STYLE_USAGE(.BOTH.,#9452);
#9452 = SURFACE_SIDE_STYLE('',(#9453,#9456));
#9453 = SURFACE_STYLE_FILL_AREA(#9454);
#9454 = FILL_AREA_STYLE('',(#9455));
#9455 = FILL_AREA_STYLE_COLOUR('',#8672);
#9456 = SURFACE_STYLE_RENDERING_WITH_PROPERTIES(.NORMAL_SHADING.,#8672,(
    #9457));
#9457 = SURFACE_STYLE_TRANSPARENT(0.);
#9458 = OVER_RIDING_STYLED_ITEM('overriding color',(#9459),#4008,#8618);
#9459 = PRESENTATION_STYLE_ASSIGNMENT((#9460));
#9460 = SURFACE_STYLE_USAGE(.BOTH.,#9461);
#9461 = SURFACE_SIDE_STYLE('',(#9462,#9465));
#9462 = SURFACE_STYLE_FILL_AREA(#9463);
#9463 = FILL_AREA_STYLE('',(#9464));
#9464 = FILL_AREA_STYLE_COLOUR('',#8672);
#9465 = SURFACE_STYLE_RENDERING_WITH_PROPERTIES(.NORMAL_SHADING.,#8672,(
    #9466));
#9466 = SURFACE_STYLE_TRANSPARENT(0.);
#9467 = OVER_RIDING_STYLED_ITEM('overriding color',(#9468),#4020,#8618);
#9468 = PRESENTATION_STYLE_ASSIGNMENT((#9469));
#9469 = SURFACE_STYLE_USAGE(.BOTH.,#9470);
#9470 = SURFACE_SIDE_STYLE('',(#9471,#9474));
#9471 = SURFACE_STYLE_FILL_AREA(#9472);
#9472 = FILL_AREA_STYLE('',(#9473));
#9473 = FILL_AREA_STYLE_COLOUR('',#8672);
#9474 = SURFACE_STYLE_RENDERING_WITH_PROPERTIES(.NORMAL_SHADING.,#8672,(
    #9475));
#9475 = SURFACE_STYLE_TRANSPARENT(0.);
#9476 = OVER_RIDING_STYLED_ITEM('overriding color',(#9477),#4037,#8618);
#9477 = PRESENTATION_STYLE_ASSIGNMENT((#9478));
#9478 = SURFACE_STYLE_USAGE(.BOTH.,#9479);
#9479 = SURFACE_SIDE_STYLE('',(#9480,#9483));
#9480 = SURFACE_STYLE_FILL_AREA(#9481);
#9481 = FILL_AREA_STYLE('',(#9482));
#9482 = FILL_AREA_STYLE_COLOUR('',#8672);
#9483 = SURFACE_STYLE_RENDERING_WITH_PROPERTIES(.NORMAL_SHADING.,#8672,(
    #9484));
#9484 = SURFACE_STYLE_TRANSPARENT(0.);
#9485 = OVER_RIDING_STYLED_ITEM('overriding color',(#9486),#4053,#8618);
#9486 = PRESENTATION_STYLE_ASSIGNMENT((#9487));
#9487 = SURFACE_STYLE_USAGE(.BOTH.,#9488);
#9488 = SURFACE_SIDE_STYLE('',(#9489,#9492));
#9489 = SURFACE_STYLE_FILL_AREA(#9490);
#9490 = FILL_AREA_STYLE('',(#9491));
#9491 = FILL_AREA_STYLE_COLOUR('',#8625);
#9492 = SURFACE_STYLE_RENDERING_WITH_PROPERTIES(.NORMAL_SHADING.,#8625,(
    #9493));
#9493 = SURFACE_STYLE_TRANSPARENT(0.);
#9494 = OVER_RIDING_STYLED_ITEM('overriding color',(#9495),#4084,#8618);
#9495 = PRESENTATION_STYLE_ASSIGNMENT((#9496));
#9496 = SURFACE_STYLE_USAGE(.BOTH.,#9497);
#9497 = SURFACE_SIDE_STYLE('',(#9498,#9501));
#9498 = SURFACE_STYLE_FILL_AREA(#9499);
#9499 = FILL_AREA_STYLE('',(#9500));
#9500 = FILL_AREA_STYLE_COLOUR('',#8672);
#9501 = SURFACE_STYLE_RENDERING_WITH_PROPERTIES(.NORMAL_SHADING.,#8672,(
    #9502));
#9502 = SURFACE_STYLE_TRANSPARENT(0.);
#9503 = OVER_RIDING_STYLED_ITEM('overriding color',(#9504),#4201,#8618);
#9504 = PRESENTATION_STYLE_ASSIGNMENT((#9505));
#9505 = SURFACE_STYLE_USAGE(.BOTH.,#9506);
#9506 = SURFACE_SIDE_STYLE('',(#9507,#9510));
#9507 = SURFACE_STYLE_FILL_AREA(#9508);
#9508 = FILL_AREA_STYLE('',(#9509));
#9509 = FILL_AREA_STYLE_COLOUR('',#8625);
#9510 = SURFACE_STYLE_RENDERING_WITH_PROPERTIES(.NORMAL_SHADING.,#8625,(
    #9511));
#9511 = SURFACE_STYLE_TRANSPARENT(0.);
#9512 = OVER_RIDING_STYLED_ITEM('overriding color',(#9513),#4240,#8618);
#9513 = PRESENTATION_STYLE_ASSIGNMENT((#9514));
#9514 = SURFACE_STYLE_USAGE(.BOTH.,#9515);
#9515 = SURFACE_SIDE_STYLE('',(#9516,#9519));
#9516 = SURFACE_STYLE_FILL_AREA(#9517);
#9517 = FILL_AREA_STYLE('',(#9518));
#9518 = FILL_AREA_STYLE_COLOUR('',#8672);
#9519 = SURFACE_STYLE_RENDERING_WITH_PROPERTIES(.NORMAL_SHADING.,#8672,(
    #9520));
#9520 = SURFACE_STYLE_TRANSPARENT(0.);
#9521 = OVER_RIDING_STYLED_ITEM('overriding color',(#9522),#4271,#8618);
#9522 = PRESENTATION_STYLE_ASSIGNMENT((#9523));
#9523 = SURFACE_STYLE_USAGE(.BOTH.,#9524);
#9524 = SURFACE_SIDE_STYLE('',(#9525,#9528));
#9525 = SURFACE_STYLE_FILL_AREA(#9526);
#9526 = FILL_AREA_STYLE('',(#9527));
#9527 = FILL_AREA_STYLE_COLOUR('',#8672);
#9528 = SURFACE_STYLE_RENDERING_WITH_PROPERTIES(.NORMAL_SHADING.,#8672,(
    #9529));
#9529 = SURFACE_STYLE_TRANSPARENT(0.);
#9530 = OVER_RIDING_STYLED_ITEM('overriding color',(#9531),#4303,#8618);
#9531 = PRESENTATION_STYLE_ASSIGNMENT((#9532));
#9532 = SURFACE_STYLE_USAGE(.BOTH.,#9533);
#9533 = SURFACE_SIDE_STYLE('',(#9534,#9537));
#9534 = SURFACE_STYLE_FILL_AREA(#9535);
#9535 = FILL_AREA_STYLE('',(#9536));
#9536 = FILL_AREA_STYLE_COLOUR('',#8672);
#9537 = SURFACE_STYLE_RENDERING_WITH_PROPERTIES(.NORMAL_SHADING.,#8672,(
    #9538));
#9538 = SURFACE_STYLE_TRANSPARENT(0.);
#9539 = OVER_RIDING_STYLED_ITEM('overriding color',(#9540),#4327,#8618);
#9540 = PRESENTATION_STYLE_ASSIGNMENT((#9541));
#9541 = SURFACE_STYLE_USAGE(.BOTH.,#9542);
#9542 = SURFACE_SIDE_STYLE('',(#9543,#9546));
#9543 = SURFACE_STYLE_FILL_AREA(#9544);
#9544 = FILL_AREA_STYLE('',(#9545));
#9545 = FILL_AREA_STYLE_COLOUR('',#8672);
#9546 = SURFACE_STYLE_RENDERING_WITH_PROPERTIES(.NORMAL_SHADING.,#8672,(
    #9547));
#9547 = SURFACE_STYLE_TRANSPARENT(0.);
#9548 = OVER_RIDING_STYLED_ITEM('overriding color',(#9549),#4359,#8618);
#9549 = PRESENTATION_STYLE_ASSIGNMENT((#9550));
#9550 = SURFACE_STYLE_USAGE(.BOTH.,#9551);
#9551 = SURFACE_SIDE_STYLE('',(#9552,#9555));
#9552 = SURFACE_STYLE_FILL_AREA(#9553);
#9553 = FILL_AREA_STYLE('',(#9554));
#9554 = FILL_AREA_STYLE_COLOUR('',#8672);
#9555 = SURFACE_STYLE_RENDERING_WITH_PROPERTIES(.NORMAL_SHADING.,#8672,(
    #9556));
#9556 = SURFACE_STYLE_TRANSPARENT(0.);
#9557 = OVER_RIDING_STYLED_ITEM('overriding color',(#9558),#4383,#8618);
#9558 = PRESENTATION_STYLE_ASSIGNMENT((#9559));
#9559 = SURFACE_STYLE_USAGE(.BOTH.,#9560);
#9560 = SURFACE_SIDE_STYLE('',(#9561,#9564));
#9561 = SURFACE_STYLE_FILL_AREA(#9562);
#9562 = FILL_AREA_STYLE('',(#9563));
#9563 = FILL_AREA_STYLE_COLOUR('',#8672);
#9564 = SURFACE_STYLE_RENDERING_WITH_PROPERTIES(.NORMAL_SHADING.,#8672,(
    #9565));
#9565 = SURFACE_STYLE_TRANSPARENT(0.);
#9566 = OVER_RIDING_STYLED_ITEM('overriding color',(#9567),#4407,#8618);
#9567 = PRESENTATION_STYLE_ASSIGNMENT((#9568));
#9568 = SURFACE_STYLE_USAGE(.BOTH.,#9569);
#9569 = SURFACE_SIDE_STYLE('',(#9570,#9573));
#9570 = SURFACE_STYLE_FILL_AREA(#9571);
#9571 = FILL_AREA_STYLE('',(#9572));
#9572 = FILL_AREA_STYLE_COLOUR('',#8672);
#9573 = SURFACE_STYLE_RENDERING_WITH_PROPERTIES(.NORMAL_SHADING.,#8672,(
    #9574));
#9574 = SURFACE_STYLE_TRANSPARENT(0.);
#9575 = OVER_RIDING_STYLED_ITEM('overriding color',(#9576),#4431,#8618);
#9576 = PRESENTATION_STYLE_ASSIGNMENT((#9577));
#9577 = SURFACE_STYLE_USAGE(.BOTH.,#9578);
#9578 = SURFACE_SIDE_STYLE('',(#9579,#9582));
#9579 = SURFACE_STYLE_FILL_AREA(#9580);
#9580 = FILL_AREA_STYLE('',(#9581));
#9581 = FILL_AREA_STYLE_COLOUR('',#8672);
#9582 = SURFACE_STYLE_RENDERING_WITH_PROPERTIES(.NORMAL_SHADING.,#8672,(
    #9583));
#9583 = SURFACE_STYLE_TRANSPARENT(0.);
#9584 = OVER_RIDING_STYLED_ITEM('overriding color',(#9585),#4463,#8618);
#9585 = PRESENTATION_STYLE_ASSIGNMENT((#9586));
#9586 = SURFACE_STYLE_USAGE(.BOTH.,#9587);
#9587 = SURFACE_SIDE_STYLE('',(#9588,#9591));
#9588 = SURFACE_STYLE_FILL_AREA(#9589);
#9589 = FILL_AREA_STYLE('',(#9590));
#9590 = FILL_AREA_STYLE_COLOUR('',#8672);
#9591 = SURFACE_STYLE_RENDERING_WITH_PROPERTIES(.NORMAL_SHADING.,#8672,(
    #9592));
#9592 = SURFACE_STYLE_TRANSPARENT(0.);
#9593 = OVER_RIDING_STYLED_ITEM('overriding color',(#9594),#4487,#8618);
#9594 = PRESENTATION_STYLE_ASSIGNMENT((#9595));
#9595 = SURFACE_STYLE_USAGE(.BOTH.,#9596);
#9596 = SURFACE_SIDE_STYLE('',(#9597,#9600));
#9597 = SURFACE_STYLE_FILL_AREA(#9598);
#9598 = FILL_AREA_STYLE('',(#9599));
#9599 = FILL_AREA_STYLE_COLOUR('',#8672);
#9600 = SURFACE_STYLE_RENDERING_WITH_PROPERTIES(.NORMAL_SHADING.,#8672,(
    #9601));
#9601 = SURFACE_STYLE_TRANSPARENT(0.);
#9602 = OVER_RIDING_STYLED_ITEM('overriding color',(#9603),#4519,#8618);
#9603 = PRESENTATION_STYLE_ASSIGNMENT((#9604));
#9604 = SURFACE_STYLE_USAGE(.BOTH.,#9605);
#9605 = SURFACE_SIDE_STYLE('',(#9606,#9609));
#9606 = SURFACE_STYLE_FILL_AREA(#9607);
#9607 = FILL_AREA_STYLE('',(#9608));
#9608 = FILL_AREA_STYLE_COLOUR('',#8672);
#9609 = SURFACE_STYLE_RENDERING_WITH_PROPERTIES(.NORMAL_SHADING.,#8672,(
    #9610));
#9610 = SURFACE_STYLE_TRANSPARENT(0.);
#9611 = OVER_RIDING_STYLED_ITEM('overriding color',(#9612),#4543,#8618);
#9612 = PRESENTATION_STYLE_ASSIGNMENT((#9613));
#9613 = SURFACE_STYLE_USAGE(.BOTH.,#9614);
#9614 = SURFACE_SIDE_STYLE('',(#9615,#9618));
#9615 = SURFACE_STYLE_FILL_AREA(#9616);
#9616 = FILL_AREA_STYLE('',(#9617));
#9617 = FILL_AREA_STYLE_COLOUR('',#8672);
#9618 = SURFACE_STYLE_RENDERING_WITH_PROPERTIES(.NORMAL_SHADING.,#8672,(
    #9619));
#9619 = SURFACE_STYLE_TRANSPARENT(0.);
#9620 = OVER_RIDING_STYLED_ITEM('overriding color',(#9621),#4560,#8618);
#9621 = PRESENTATION_STYLE_ASSIGNMENT((#9622));
#9622 = SURFACE_STYLE_USAGE(.BOTH.,#9623);
#9623 = SURFACE_SIDE_STYLE('',(#9624,#9627));
#9624 = SURFACE_STYLE_FILL_AREA(#9625);
#9625 = FILL_AREA_STYLE('',(#9626));
#9626 = FILL_AREA_STYLE_COLOUR('',#8672);
#9627 = SURFACE_STYLE_RENDERING_WITH_PROPERTIES(.NORMAL_SHADING.,#8672,(
    #9628));
#9628 = SURFACE_STYLE_TRANSPARENT(0.);
#9629 = OVER_RIDING_STYLED_ITEM('overriding color',(#9630),#4592,#8618);
#9630 = PRESENTATION_STYLE_ASSIGNMENT((#9631));
#9631 = SURFACE_STYLE_USAGE(.BOTH.,#9632);
#9632 = SURFACE_SIDE_STYLE('',(#9633,#9636));
#9633 = SURFACE_STYLE_FILL_AREA(#9634);
#9634 = FILL_AREA_STYLE('',(#9635));
#9635 = FILL_AREA_STYLE_COLOUR('',#8625);
#9636 = SURFACE_STYLE_RENDERING_WITH_PROPERTIES(.NORMAL_SHADING.,#8625,(
    #9637));
#9637 = SURFACE_STYLE_TRANSPARENT(0.);
#9638 = OVER_RIDING_STYLED_ITEM('overriding color',(#9639),#4614,#8618);
#9639 = PRESENTATION_STYLE_ASSIGNMENT((#9640));
#9640 = SURFACE_STYLE_USAGE(.BOTH.,#9641);
#9641 = SURFACE_SIDE_STYLE('',(#9642,#9645));
#9642 = SURFACE_STYLE_FILL_AREA(#9643);
#9643 = FILL_AREA_STYLE('',(#9644));
#9644 = FILL_AREA_STYLE_COLOUR('',#8625);
#9645 = SURFACE_STYLE_RENDERING_WITH_PROPERTIES(.NORMAL_SHADING.,#8625,(
    #9646));
#9646 = SURFACE_STYLE_TRANSPARENT(0.);
#9647 = OVER_RIDING_STYLED_ITEM('overriding color',(#9648),#4631,#8618);
#9648 = PRESENTATION_STYLE_ASSIGNMENT((#9649));
#9649 = SURFACE_STYLE_USAGE(.BOTH.,#9650);
#9650 = SURFACE_SIDE_STYLE('',(#9651,#9654));
#9651 = SURFACE_STYLE_FILL_AREA(#9652);
#9652 = FILL_AREA_STYLE('',(#9653));
#9653 = FILL_AREA_STYLE_COLOUR('',#8625);
#9654 = SURFACE_STYLE_RENDERING_WITH_PROPERTIES(.NORMAL_SHADING.,#8625,(
    #9655));
#9655 = SURFACE_STYLE_TRANSPARENT(0.);
#9656 = OVER_RIDING_STYLED_ITEM('overriding color',(#9657),#4648,#8618);
#9657 = PRESENTATION_STYLE_ASSIGNMENT((#9658));
#9658 = SURFACE_STYLE_USAGE(.BOTH.,#9659);
#9659 = SURFACE_SIDE_STYLE('',(#9660,#9663));
#9660 = SURFACE_STYLE_FILL_AREA(#9661);
#9661 = FILL_AREA_STYLE('',(#9662));
#9662 = FILL_AREA_STYLE_COLOUR('',#8625);
#9663 = SURFACE_STYLE_RENDERING_WITH_PROPERTIES(.NORMAL_SHADING.,#8625,(
    #9664));
#9664 = SURFACE_STYLE_TRANSPARENT(0.);
#9665 = OVER_RIDING_STYLED_ITEM('overriding color',(#9666),#4665,#8618);
#9666 = PRESENTATION_STYLE_ASSIGNMENT((#9667));
#9667 = SURFACE_STYLE_USAGE(.BOTH.,#9668);
#9668 = SURFACE_SIDE_STYLE('',(#9669,#9672));
#9669 = SURFACE_STYLE_FILL_AREA(#9670);
#9670 = FILL_AREA_STYLE('',(#9671));
#9671 = FILL_AREA_STYLE_COLOUR('',#8625);
#9672 = SURFACE_STYLE_RENDERING_WITH_PROPERTIES(.NORMAL_SHADING.,#8625,(
    #9673));
#9673 = SURFACE_STYLE_TRANSPARENT(0.);
#9674 = OVER_RIDING_STYLED_ITEM('overriding color',(#9675),#4682,#8618);
#9675 = PRESENTATION_STYLE_ASSIGNMENT((#9676));
#9676 = SURFACE_STYLE_USAGE(.BOTH.,#9677);
#9677 = SURFACE_SIDE_STYLE('',(#9678,#9681));
#9678 = SURFACE_STYLE_FILL_AREA(#9679);
#9679 = FILL_AREA_STYLE('',(#9680));
#9680 = FILL_AREA_STYLE_COLOUR('',#8625);
#9681 = SURFACE_STYLE_RENDERING_WITH_PROPERTIES(.NORMAL_SHADING.,#8625,(
    #9682));
#9682 = SURFACE_STYLE_TRANSPARENT(0.);
#9683 = OVER_RIDING_STYLED_ITEM('overriding color',(#9684),#4699,#8618);
#9684 = PRESENTATION_STYLE_ASSIGNMENT((#9685));
#9685 = SURFACE_STYLE_USAGE(.BOTH.,#9686);
#9686 = SURFACE_SIDE_STYLE('',(#9687,#9690));
#9687 = SURFACE_STYLE_FILL_AREA(#9688);
#9688 = FILL_AREA_STYLE('',(#9689));
#9689 = FILL_AREA_STYLE_COLOUR('',#8625);
#9690 = SURFACE_STYLE_RENDERING_WITH_PROPERTIES(.NORMAL_SHADING.,#8625,(
    #9691));
#9691 = SURFACE_STYLE_TRANSPARENT(0.);
#9692 = OVER_RIDING_STYLED_ITEM('overriding color',(#9693),#4716,#8618);
#9693 = PRESENTATION_STYLE_ASSIGNMENT((#9694));
#9694 = SURFACE_STYLE_USAGE(.BOTH.,#9695);
#9695 = SURFACE_SIDE_STYLE('',(#9696,#9699));
#9696 = SURFACE_STYLE_FILL_AREA(#9697);
#9697 = FILL_AREA_STYLE('',(#9698));
#9698 = FILL_AREA_STYLE_COLOUR('',#8625);
#9699 = SURFACE_STYLE_RENDERING_WITH_PROPERTIES(.NORMAL_SHADING.,#8625,(
    #9700));
#9700 = SURFACE_STYLE_TRANSPARENT(0.);
#9701 = OVER_RIDING_STYLED_ITEM('overriding color',(#9702),#4728,#8618);
#9702 = PRESENTATION_STYLE_ASSIGNMENT((#9703));
#9703 = SURFACE_STYLE_USAGE(.BOTH.,#9704);
#9704 = SURFACE_SIDE_STYLE('',(#9705,#9708));
#9705 = SURFACE_STYLE_FILL_AREA(#9706);
#9706 = FILL_AREA_STYLE('',(#9707));
#9707 = FILL_AREA_STYLE_COLOUR('',#8672);
#9708 = SURFACE_STYLE_RENDERING_WITH_PROPERTIES(.NORMAL_SHADING.,#8672,(
    #9709));
#9709 = SURFACE_STYLE_TRANSPARENT(0.);
#9710 = OVER_RIDING_STYLED_ITEM('overriding color',(#9711),#4761,#8618);
#9711 = PRESENTATION_STYLE_ASSIGNMENT((#9712));
#9712 = SURFACE_STYLE_USAGE(.BOTH.,#9713);
#9713 = SURFACE_SIDE_STYLE('',(#9714,#9717));
#9714 = SURFACE_STYLE_FILL_AREA(#9715);
#9715 = FILL_AREA_STYLE('',(#9716));
#9716 = FILL_AREA_STYLE_COLOUR('',#8625);
#9717 = SURFACE_STYLE_RENDERING_WITH_PROPERTIES(.NORMAL_SHADING.,#8625,(
    #9718));
#9718 = SURFACE_STYLE_TRANSPARENT(0.);
#9719 = OVER_RIDING_STYLED_ITEM('overriding color',(#9720),#4783,#8618);
#9720 = PRESENTATION_STYLE_ASSIGNMENT((#9721));
#9721 = SURFACE_STYLE_USAGE(.BOTH.,#9722);
#9722 = SURFACE_SIDE_STYLE('',(#9723,#9726));
#9723 = SURFACE_STYLE_FILL_AREA(#9724);
#9724 = FILL_AREA_STYLE('',(#9725));
#9725 = FILL_AREA_STYLE_COLOUR('',#8625);
#9726 = SURFACE_STYLE_RENDERING_WITH_PROPERTIES(.NORMAL_SHADING.,#8625,(
    #9727));
#9727 = SURFACE_STYLE_TRANSPARENT(0.);
#9728 = OVER_RIDING_STYLED_ITEM('overriding color',(#9729),#4800,#8618);
#9729 = PRESENTATION_STYLE_ASSIGNMENT((#9730));
#9730 = SURFACE_STYLE_USAGE(.BOTH.,#9731);
#9731 = SURFACE_SIDE_STYLE('',(#9732,#9735));
#9732 = SURFACE_STYLE_FILL_AREA(#9733);
#9733 = FILL_AREA_STYLE('',(#9734));
#9734 = FILL_AREA_STYLE_COLOUR('',#8625);
#9735 = SURFACE_STYLE_RENDERING_WITH_PROPERTIES(.NORMAL_SHADING.,#8625,(
    #9736));
#9736 = SURFACE_STYLE_TRANSPARENT(0.);
#9737 = OVER_RIDING_STYLED_ITEM('overriding color',(#9738),#4817,#8618);
#9738 = PRESENTATION_STYLE_ASSIGNMENT((#9739));
#9739 = SURFACE_STYLE_USAGE(.BOTH.,#9740);
#9740 = SURFACE_SIDE_STYLE('',(#9741,#9744));
#9741 = SURFACE_STYLE_FILL_AREA(#9742);
#9742 = FILL_AREA_STYLE('',(#9743));
#9743 = FILL_AREA_STYLE_COLOUR('',#8625);
#9744 = SURFACE_STYLE_RENDERING_WITH_PROPERTIES(.NORMAL_SHADING.,#8625,(
    #9745));
#9745 = SURFACE_STYLE_TRANSPARENT(0.);
#9746 = OVER_RIDING_STYLED_ITEM('overriding color',(#9747),#4834,#8618);
#9747 = PRESENTATION_STYLE_ASSIGNMENT((#9748));
#9748 = SURFACE_STYLE_USAGE(.BOTH.,#9749);
#9749 = SURFACE_SIDE_STYLE('',(#9750,#9753));
#9750 = SURFACE_STYLE_FILL_AREA(#9751);
#9751 = FILL_AREA_STYLE('',(#9752));
#9752 = FILL_AREA_STYLE_COLOUR('',#8625);
#9753 = SURFACE_STYLE_RENDERING_WITH_PROPERTIES(.NORMAL_SHADING.,#8625,(
    #9754));
#9754 = SURFACE_STYLE_TRANSPARENT(0.);
#9755 = OVER_RIDING_STYLED_ITEM('overriding color',(#9756),#4851,#8618);
#9756 = PRESENTATION_STYLE_ASSIGNMENT((#9757));
#9757 = SURFACE_STYLE_USAGE(.BOTH.,#9758);
#9758 = SURFACE_SIDE_STYLE('',(#9759,#9762));
#9759 = SURFACE_STYLE_FILL_AREA(#9760);
#9760 = FILL_AREA_STYLE('',(#9761));
#9761 = FILL_AREA_STYLE_COLOUR('',#8625);
#9762 = SURFACE_STYLE_RENDERING_WITH_PROPERTIES(.NORMAL_SHADING.,#8625,(
    #9763));
#9763 = SURFACE_STYLE_TRANSPARENT(0.);
#9764 = OVER_RIDING_STYLED_ITEM('overriding color',(#9765),#4868,#8618);
#9765 = PRESENTATION_STYLE_ASSIGNMENT((#9766));
#9766 = SURFACE_STYLE_USAGE(.BOTH.,#9767);
#9767 = SURFACE_SIDE_STYLE('',(#9768,#9771));
#9768 = SURFACE_STYLE_FILL_AREA(#9769);
#9769 = FILL_AREA_STYLE('',(#9770));
#9770 = FILL_AREA_STYLE_COLOUR('',#8625);
#9771 = SURFACE_STYLE_RENDERING_WITH_PROPERTIES(.NORMAL_SHADING.,#8625,(
    #9772));
#9772 = SURFACE_STYLE_TRANSPARENT(0.);
#9773 = OVER_RIDING_STYLED_ITEM('overriding color',(#9774),#4885,#8618);
#9774 = PRESENTATION_STYLE_ASSIGNMENT((#9775));
#9775 = SURFACE_STYLE_USAGE(.BOTH.,#9776);
#9776 = SURFACE_SIDE_STYLE('',(#9777,#9780));
#9777 = SURFACE_STYLE_FILL_AREA(#9778);
#9778 = FILL_AREA_STYLE('',(#9779));
#9779 = FILL_AREA_STYLE_COLOUR('',#8625);
#9780 = SURFACE_STYLE_RENDERING_WITH_PROPERTIES(.NORMAL_SHADING.,#8625,(
    #9781));
#9781 = SURFACE_STYLE_TRANSPARENT(0.);
#9782 = OVER_RIDING_STYLED_ITEM('overriding color',(#9783),#4897,#8618);
#9783 = PRESENTATION_STYLE_ASSIGNMENT((#9784));
#9784 = SURFACE_STYLE_USAGE(.BOTH.,#9785);
#9785 = SURFACE_SIDE_STYLE('',(#9786,#9789));
#9786 = SURFACE_STYLE_FILL_AREA(#9787);
#9787 = FILL_AREA_STYLE('',(#9788));
#9788 = FILL_AREA_STYLE_COLOUR('',#8672);
#9789 = SURFACE_STYLE_RENDERING_WITH_PROPERTIES(.NORMAL_SHADING.,#8672,(
    #9790));
#9790 = SURFACE_STYLE_TRANSPARENT(0.);
#9791 = OVER_RIDING_STYLED_ITEM('overriding color',(#9792),#4930,#8618);
#9792 = PRESENTATION_STYLE_ASSIGNMENT((#9793));
#9793 = SURFACE_STYLE_USAGE(.BOTH.,#9794);
#9794 = SURFACE_SIDE_STYLE('',(#9795,#9798));
#9795 = SURFACE_STYLE_FILL_AREA(#9796);
#9796 = FILL_AREA_STYLE('',(#9797));
#9797 = FILL_AREA_STYLE_COLOUR('',#8625);
#9798 = SURFACE_STYLE_RENDERING_WITH_PROPERTIES(.NORMAL_SHADING.,#8625,(
    #9799));
#9799 = SURFACE_STYLE_TRANSPARENT(0.);
#9800 = OVER_RIDING_STYLED_ITEM('overriding color',(#9801),#4952,#8618);
#9801 = PRESENTATION_STYLE_ASSIGNMENT((#9802));
#9802 = SURFACE_STYLE_USAGE(.BOTH.,#9803);
#9803 = SURFACE_SIDE_STYLE('',(#9804,#9807));
#9804 = SURFACE_STYLE_FILL_AREA(#9805);
#9805 = FILL_AREA_STYLE('',(#9806));
#9806 = FILL_AREA_STYLE_COLOUR('',#8625);
#9807 = SURFACE_STYLE_RENDERING_WITH_PROPERTIES(.NORMAL_SHADING.,#8625,(
    #9808));
#9808 = SURFACE_STYLE_TRANSPARENT(0.);
#9809 = OVER_RIDING_STYLED_ITEM('overriding color',(#9810),#4969,#8618);
#9810 = PRESENTATION_STYLE_ASSIGNMENT((#9811));
#9811 = SURFACE_STYLE_USAGE(.BOTH.,#9812);
#9812 = SURFACE_SIDE_STYLE('',(#9813,#9816));
#9813 = SURFACE_STYLE_FILL_AREA(#9814);
#9814 = FILL_AREA_STYLE('',(#9815));
#9815 = FILL_AREA_STYLE_COLOUR('',#8625);
#9816 = SURFACE_STYLE_RENDERING_WITH_PROPERTIES(.NORMAL_SHADING.,#8625,(
    #9817));
#9817 = SURFACE_STYLE_TRANSPARENT(0.);
#9818 = OVER_RIDING_STYLED_ITEM('overriding color',(#9819),#4986,#8618);
#9819 = PRESENTATION_STYLE_ASSIGNMENT((#9820));
#9820 = SURFACE_STYLE_USAGE(.BOTH.,#9821);
#9821 = SURFACE_SIDE_STYLE('',(#9822,#9825));
#9822 = SURFACE_STYLE_FILL_AREA(#9823);
#9823 = FILL_AREA_STYLE('',(#9824));
#9824 = FILL_AREA_STYLE_COLOUR('',#8625);
#9825 = SURFACE_STYLE_RENDERING_WITH_PROPERTIES(.NORMAL_SHADING.,#8625,(
    #9826));
#9826 = SURFACE_STYLE_TRANSPARENT(0.);
#9827 = OVER_RIDING_STYLED_ITEM('overriding color',(#9828),#5003,#8618);
#9828 = PRESENTATION_STYLE_ASSIGNMENT((#9829));
#9829 = SURFACE_STYLE_USAGE(.BOTH.,#9830);
#9830 = SURFACE_SIDE_STYLE('',(#9831,#9834));
#9831 = SURFACE_STYLE_FILL_AREA(#9832);
#9832 = FILL_AREA_STYLE('',(#9833));
#9833 = FILL_AREA_STYLE_COLOUR('',#8625);
#9834 = SURFACE_STYLE_RENDERING_WITH_PROPERTIES(.NORMAL_SHADING.,#8625,(
    #9835));
#9835 = SURFACE_STYLE_TRANSPARENT(0.);
#9836 = OVER_RIDING_STYLED_ITEM('overriding color',(#9837),#5020,#8618);
#9837 = PRESENTATION_STYLE_ASSIGNMENT((#9838));
#9838 = SURFACE_STYLE_USAGE(.BOTH.,#9839);
#9839 = SURFACE_SIDE_STYLE('',(#9840,#9843));
#9840 = SURFACE_STYLE_FILL_AREA(#9841);
#9841 = FILL_AREA_STYLE('',(#9842));
#9842 = FILL_AREA_STYLE_COLOUR('',#8625);
#9843 = SURFACE_STYLE_RENDERING_WITH_PROPERTIES(.NORMAL_SHADING.,#8625,(
    #9844));
#9844 = SURFACE_STYLE_TRANSPARENT(0.);
#9845 = OVER_RIDING_STYLED_ITEM('overriding color',(#9846),#5037,#8618);
#9846 = PRESENTATION_STYLE_ASSIGNMENT((#9847));
#9847 = SURFACE_STYLE_USAGE(.BOTH.,#9848);
#9848 = SURFACE_SIDE_STYLE('',(#9849,#9852));
#9849 = SURFACE_STYLE_FILL_AREA(#9850);
#9850 = FILL_AREA_STYLE('',(#9851));
#9851 = FILL_AREA_STYLE_COLOUR('',#8625);
#9852 = SURFACE_STYLE_RENDERING_WITH_PROPERTIES(.NORMAL_SHADING.,#8625,(
    #9853));
#9853 = SURFACE_STYLE_TRANSPARENT(0.);
#9854 = OVER_RIDING_STYLED_ITEM('overriding color',(#9855),#5054,#8618);
#9855 = PRESENTATION_STYLE_ASSIGNMENT((#9856));
#9856 = SURFACE_STYLE_USAGE(.BOTH.,#9857);
#9857 = SURFACE_SIDE_STYLE('',(#9858,#9861));
#9858 = SURFACE_STYLE_FILL_AREA(#9859);
#9859 = FILL_AREA_STYLE('',(#9860));
#9860 = FILL_AREA_STYLE_COLOUR('',#8625);
#9861 = SURFACE_STYLE_RENDERING_WITH_PROPERTIES(.NORMAL_SHADING.,#8625,(
    #9862));
#9862 = SURFACE_STYLE_TRANSPARENT(0.);
#9863 = OVER_RIDING_STYLED_ITEM('overriding color',(#9864),#5066,#8618);
#9864 = PRESENTATION_STYLE_ASSIGNMENT((#9865));
#9865 = SURFACE_STYLE_USAGE(.BOTH.,#9866);
#9866 = SURFACE_SIDE_STYLE('',(#9867,#9870));
#9867 = SURFACE_STYLE_FILL_AREA(#9868);
#9868 = FILL_AREA_STYLE('',(#9869));
#9869 = FILL_AREA_STYLE_COLOUR('',#8672);
#9870 = SURFACE_STYLE_RENDERING_WITH_PROPERTIES(.NORMAL_SHADING.,#8672,(
    #9871));
#9871 = SURFACE_STYLE_TRANSPARENT(0.);
#9872 = OVER_RIDING_STYLED_ITEM('overriding color',(#9873),#5099,#8618);
#9873 = PRESENTATION_STYLE_ASSIGNMENT((#9874));
#9874 = SURFACE_STYLE_USAGE(.BOTH.,#9875);
#9875 = SURFACE_SIDE_STYLE('',(#9876,#9879));
#9876 = SURFACE_STYLE_FILL_AREA(#9877);
#9877 = FILL_AREA_STYLE('',(#9878));
#9878 = FILL_AREA_STYLE_COLOUR('',#8625);
#9879 = SURFACE_STYLE_RENDERING_WITH_PROPERTIES(.NORMAL_SHADING.,#8625,(
    #9880));
#9880 = SURFACE_STYLE_TRANSPARENT(0.);
#9881 = OVER_RIDING_STYLED_ITEM('overriding color',(#9882),#5121,#8618);
#9882 = PRESENTATION_STYLE_ASSIGNMENT((#9883));
#9883 = SURFACE_STYLE_USAGE(.BOTH.,#9884);
#9884 = SURFACE_SIDE_STYLE('',(#9885,#9888));
#9885 = SURFACE_STYLE_FILL_AREA(#9886);
#9886 = FILL_AREA_STYLE('',(#9887));
#9887 = FILL_AREA_STYLE_COLOUR('',#8625);
#9888 = SURFACE_STYLE_RENDERING_WITH_PROPERTIES(.NORMAL_SHADING.,#8625,(
    #9889));
#9889 = SURFACE_STYLE_TRANSPARENT(0.);
#9890 = OVER_RIDING_STYLED_ITEM('overriding color',(#9891),#5138,#8618);
#9891 = PRESENTATION_STYLE_ASSIGNMENT((#9892));
#9892 = SURFACE_STYLE_USAGE(.BOTH.,#9893);
#9893 = SURFACE_SIDE_STYLE('',(#9894,#9897));
#9894 = SURFACE_STYLE_FILL_AREA(#9895);
#9895 = FILL_AREA_STYLE('',(#9896));
#9896 = FILL_AREA_STYLE_COLOUR('',#8625);
#9897 = SURFACE_STYLE_RENDERING_WITH_PROPERTIES(.NORMAL_SHADING.,#8625,(
    #9898));
#9898 = SURFACE_STYLE_TRANSPARENT(0.);
#9899 = OVER_RIDING_STYLED_ITEM('overriding color',(#9900),#5155,#8618);
#9900 = PRESENTATION_STYLE_ASSIGNMENT((#9901));
#9901 = SURFACE_STYLE_USAGE(.BOTH.,#9902);
#9902 = SURFACE_SIDE_STYLE('',(#9903,#9906));
#9903 = SURFACE_STYLE_FILL_AREA(#9904);
#9904 = FILL_AREA_STYLE('',(#9905));
#9905 = FILL_AREA_STYLE_COLOUR('',#8625);
#9906 = SURFACE_STYLE_RENDERING_WITH_PROPERTIES(.NORMAL_SHADING.,#8625,(
    #9907));
#9907 = SURFACE_STYLE_TRANSPARENT(0.);
#9908 = OVER_RIDING_STYLED_ITEM('overriding color',(#9909),#5172,#8618);
#9909 = PRESENTATION_STYLE_ASSIGNMENT((#9910));
#9910 = SURFACE_STYLE_USAGE(.BOTH.,#9911);
#9911 = SURFACE_SIDE_STYLE('',(#9912,#9915));
#9912 = SURFACE_STYLE_FILL_AREA(#9913);
#9913 = FILL_AREA_STYLE('',(#9914));
#9914 = FILL_AREA_STYLE_COLOUR('',#8625);
#9915 = SURFACE_STYLE_RENDERING_WITH_PROPERTIES(.NORMAL_SHADING.,#8625,(
    #9916));
#9916 = SURFACE_STYLE_TRANSPARENT(0.);
#9917 = OVER_RIDING_STYLED_ITEM('overriding color',(#9918),#5189,#8618);
#9918 = PRESENTATION_STYLE_ASSIGNMENT((#9919));
#9919 = SURFACE_STYLE_USAGE(.BOTH.,#9920);
#9920 = SURFACE_SIDE_STYLE('',(#9921,#9924));
#9921 = SURFACE_STYLE_FILL_AREA(#9922);
#9922 = FILL_AREA_STYLE('',(#9923));
#9923 = FILL_AREA_STYLE_COLOUR('',#8625);
#9924 = SURFACE_STYLE_RENDERING_WITH_PROPERTIES(.NORMAL_SHADING.,#8625,(
    #9925));
#9925 = SURFACE_STYLE_TRANSPARENT(0.);
#9926 = OVER_RIDING_STYLED_ITEM('overriding color',(#9927),#5206,#8618);
#9927 = PRESENTATION_STYLE_ASSIGNMENT((#9928));
#9928 = SURFACE_STYLE_USAGE(.BOTH.,#9929);
#9929 = SURFACE_SIDE_STYLE('',(#9930,#9933));
#9930 = SURFACE_STYLE_FILL_AREA(#9931);
#9931 = FILL_AREA_STYLE('',(#9932));
#9932 = FILL_AREA_STYLE_COLOUR('',#8625);
#9933 = SURFACE_STYLE_RENDERING_WITH_PROPERTIES(.NORMAL_SHADING.,#8625,(
    #9934));
#9934 = SURFACE_STYLE_TRANSPARENT(0.);
#9935 = OVER_RIDING_STYLED_ITEM('overriding color',(#9936),#5223,#8618);
#9936 = PRESENTATION_STYLE_ASSIGNMENT((#9937));
#9937 = SURFACE_STYLE_USAGE(.BOTH.,#9938);
#9938 = SURFACE_SIDE_STYLE('',(#9939,#9942));
#9939 = SURFACE_STYLE_FILL_AREA(#9940);
#9940 = FILL_AREA_STYLE('',(#9941));
#9941 = FILL_AREA_STYLE_COLOUR('',#8625);
#9942 = SURFACE_STYLE_RENDERING_WITH_PROPERTIES(.NORMAL_SHADING.,#8625,(
    #9943));
#9943 = SURFACE_STYLE_TRANSPARENT(0.);
#9944 = OVER_RIDING_STYLED_ITEM('overriding color',(#9945),#5235,#8618);
#9945 = PRESENTATION_STYLE_ASSIGNMENT((#9946));
#9946 = SURFACE_STYLE_USAGE(.BOTH.,#9947);
#9947 = SURFACE_SIDE_STYLE('',(#9948,#9951));
#9948 = SURFACE_STYLE_FILL_AREA(#9949);
#9949 = FILL_AREA_STYLE('',(#9950));
#9950 = FILL_AREA_STYLE_COLOUR('',#8672);
#9951 = SURFACE_STYLE_RENDERING_WITH_PROPERTIES(.NORMAL_SHADING.,#8672,(
    #9952));
#9952 = SURFACE_STYLE_TRANSPARENT(0.);
#9953 = OVER_RIDING_STYLED_ITEM('overriding color',(#9954),#5268,#8618);
#9954 = PRESENTATION_STYLE_ASSIGNMENT((#9955));
#9955 = SURFACE_STYLE_USAGE(.BOTH.,#9956);
#9956 = SURFACE_SIDE_STYLE('',(#9957,#9960));
#9957 = SURFACE_STYLE_FILL_AREA(#9958);
#9958 = FILL_AREA_STYLE('',(#9959));
#9959 = FILL_AREA_STYLE_COLOUR('',#8625);
#9960 = SURFACE_STYLE_RENDERING_WITH_PROPERTIES(.NORMAL_SHADING.,#8625,(
    #9961));
#9961 = SURFACE_STYLE_TRANSPARENT(0.);
#9962 = OVER_RIDING_STYLED_ITEM('overriding color',(#9963),#5290,#8618);
#9963 = PRESENTATION_STYLE_ASSIGNMENT((#9964));
#9964 = SURFACE_STYLE_USAGE(.BOTH.,#9965);
#9965 = SURFACE_SIDE_STYLE('',(#9966,#9969));
#9966 = SURFACE_STYLE_FILL_AREA(#9967);
#9967 = FILL_AREA_STYLE('',(#9968));
#9968 = FILL_AREA_STYLE_COLOUR('',#8625);
#9969 = SURFACE_STYLE_RENDERING_WITH_PROPERTIES(.NORMAL_SHADING.,#8625,(
    #9970));
#9970 = SURFACE_STYLE_TRANSPARENT(0.);
#9971 = OVER_RIDING_STYLED_ITEM('overriding color',(#9972),#5307,#8618);
#9972 = PRESENTATION_STYLE_ASSIGNMENT((#9973));
#9973 = SURFACE_STYLE_USAGE(.BOTH.,#9974);
#9974 = SURFACE_SIDE_STYLE('',(#9975,#9978));
#9975 = SURFACE_STYLE_FILL_AREA(#9976);
#9976 = FILL_AREA_STYLE('',(#9977));
#9977 = FILL_AREA_STYLE_COLOUR('',#8625);
#9978 = SURFACE_STYLE_RENDERING_WITH_PROPERTIES(.NORMAL_SHADING.,#8625,(
    #9979));
#9979 = SURFACE_STYLE_TRANSPARENT(0.);
#9980 = OVER_RIDING_STYLED_ITEM('overriding color',(#9981),#5324,#8618);
#9981 = PRESENTATION_STYLE_ASSIGNMENT((#9982));
#9982 = SURFACE_STYLE_USAGE(.BOTH.,#9983);
#9983 = SURFACE_SIDE_STYLE('',(#9984,#9987));
#9984 = SURFACE_STYLE_FILL_AREA(#9985);
#9985 = FILL_AREA_STYLE('',(#9986));
#9986 = FILL_AREA_STYLE_COLOUR('',#8625);
#9987 = SURFACE_STYLE_RENDERING_WITH_PROPERTIES(.NORMAL_SHADING.,#8625,(
    #9988));
#9988 = SURFACE_STYLE_TRANSPARENT(0.);
#9989 = OVER_RIDING_STYLED_ITEM('overriding color',(#9990),#5341,#8618);
#9990 = PRESENTATION_STYLE_ASSIGNMENT((#9991));
#9991 = SURFACE_STYLE_USAGE(.BOTH.,#9992);
#9992 = SURFACE_SIDE_STYLE('',(#9993,#9996));
#9993 = SURFACE_STYLE_FILL_AREA(#9994);
#9994 = FILL_AREA_STYLE('',(#9995));
#9995 = FILL_AREA_STYLE_COLOUR('',#8625);
#9996 = SURFACE_STYLE_RENDERING_WITH_PROPERTIES(.NORMAL_SHADING.,#8625,(
    #9997));
#9997 = SURFACE_STYLE_TRANSPARENT(0.);
#9998 = OVER_RIDING_STYLED_ITEM('overriding color',(#9999),#5358,#8618);
#9999 = PRESENTATION_STYLE_ASSIGNMENT((#10000));
#10000 = SURFACE_STYLE_USAGE(.BOTH.,#10001);
#10001 = SURFACE_SIDE_STYLE('',(#10002,#10005));
#10002 = SURFACE_STYLE_FILL_AREA(#10003);
#10003 = FILL_AREA_STYLE('',(#10004));
#10004 = FILL_AREA_STYLE_COLOUR('',#8625);
#10005 = SURFACE_STYLE_RENDERING_WITH_PROPERTIES(.NORMAL_SHADING.,#8625,
  (#10006));
#10006 = SURFACE_STYLE_TRANSPARENT(0.);
#10007 = OVER_RIDING_STYLED_ITEM('overriding color',(#10008),#5375,#8618
  );
#10008 = PRESENTATION_STYLE_ASSIGNMENT((#10009));
#10009 = SURFACE_STYLE_USAGE(.BOTH.,#10010);
#10010 = SURFACE_SIDE_STYLE('',(#10011,#10014));
#10011 = SURFACE_STYLE_FILL_AREA(#10012);
#10012 = FILL_AREA_STYLE('',(#10013));
#10013 = FILL_AREA_STYLE_COLOUR('',#8625);
#10014 = SURFACE_STYLE_RENDERING_WITH_PROPERTIES(.NORMAL_SHADING.,#8625,
  (#10015));
#10015 = SURFACE_STYLE_TRANSPARENT(0.);
#10016 = OVER_RIDING_STYLED_ITEM('overriding color',(#10017),#5392,#8618
  );
#10017 = PRESENTATION_STYLE_ASSIGNMENT((#10018));
#10018 = SURFACE_STYLE_USAGE(.BOTH.,#10019);
#10019 = SURFACE_SIDE_STYLE('',(#10020,#10023));
#10020 = SURFACE_STYLE_FILL_AREA(#10021);
#10021 = FILL_AREA_STYLE('',(#10022));
#10022 = FILL_AREA_STYLE_COLOUR('',#8625);
#10023 = SURFACE_STYLE_RENDERING_WITH_PROPERTIES(.NORMAL_SHADING.,#8625,
  (#10024));
#10024 = SURFACE_STYLE_TRANSPARENT(0.);
#10025 = OVER_RIDING_STYLED_ITEM('overriding color',(#10026),#5404,#8618
  );
#10026 = PRESENTATION_STYLE_ASSIGNMENT((#10027));
#10027 = SURFACE_STYLE_USAGE(.BOTH.,#10028);
#10028 = SURFACE_SIDE_STYLE('',(#10029,#10032));
#10029 = SURFACE_STYLE_FILL_AREA(#10030);
#10030 = FILL_AREA_STYLE('',(#10031));
#10031 = FILL_AREA_STYLE_COLOUR('',#8672);
#10032 = SURFACE_STYLE_RENDERING_WITH_PROPERTIES(.NORMAL_SHADING.,#8672,
  (#10033));
#10033 = SURFACE_STYLE_TRANSPARENT(0.);
#10034 = OVER_RIDING_STYLED_ITEM('overriding color',(#10035),#5437,#8618
  );
#10035 = PRESENTATION_STYLE_ASSIGNMENT((#10036));
#10036 = SURFACE_STYLE_USAGE(.BOTH.,#10037);
#10037 = SURFACE_SIDE_STYLE('',(#10038,#10041));
#10038 = SURFACE_STYLE_FILL_AREA(#10039);
#10039 = FILL_AREA_STYLE('',(#10040));
#10040 = FILL_AREA_STYLE_COLOUR('',#8625);
#10041 = SURFACE_STYLE_RENDERING_WITH_PROPERTIES(.NORMAL_SHADING.,#8625,
  (#10042));
#10042 = SURFACE_STYLE_TRANSPARENT(0.);
#10043 = OVER_RIDING_STYLED_ITEM('overriding color',(#10044),#5459,#8618
  );
#10044 = PRESENTATION_STYLE_ASSIGNMENT((#10045));
#10045 = SURFACE_STYLE_USAGE(.BOTH.,#10046);
#10046 = SURFACE_SIDE_STYLE('',(#10047,#10050));
#10047 = SURFACE_STYLE_FILL_AREA(#10048);
#10048 = FILL_AREA_STYLE('',(#10049));
#10049 = FILL_AREA_STYLE_COLOUR('',#8625);
#10050 = SURFACE_STYLE_RENDERING_WITH_PROPERTIES(.NORMAL_SHADING.,#8625,
  (#10051));
#10051 = SURFACE_STYLE_TRANSPARENT(0.);
#10052 = OVER_RIDING_STYLED_ITEM('overriding color',(#10053),#5476,#8618
  );
#10053 = PRESENTATION_STYLE_ASSIGNMENT((#10054));
#10054 = SURFACE_STYLE_USAGE(.BOTH.,#10055);
#10055 = SURFACE_SIDE_STYLE('',(#10056,#10059));
#10056 = SURFACE_STYLE_FILL_AREA(#10057);
#10057 = FILL_AREA_STYLE('',(#10058));
#10058 = FILL_AREA_STYLE_COLOUR('',#8625);
#10059 = SURFACE_STYLE_RENDERING_WITH_PROPERTIES(.NORMAL_SHADING.,#8625,
  (#10060));
#10060 = SURFACE_STYLE_TRANSPARENT(0.);
#10061 = OVER_RIDING_STYLED_ITEM('overriding color',(#10062),#5493,#8618
  );
#10062 = PRESENTATION_STYLE_ASSIGNMENT((#10063));
#10063 = SURFACE_STYLE_USAGE(.BOTH.,#10064);
#10064 = SURFACE_SIDE_STYLE('',(#10065,#10068));
#10065 = SURFACE_STYLE_FILL_AREA(#10066);
#10066 = FILL_AREA_STYLE('',(#10067));
#10067 = FILL_AREA_STYLE_COLOUR('',#8625);
#10068 = SURFACE_STYLE_RENDERING_WITH_PROPERTIES(.NORMAL_SHADING.,#8625,
  (#10069));
#10069 = SURFACE_STYLE_TRANSPARENT(0.);
#10070 = OVER_RIDING_STYLED_ITEM('overriding color',(#10071),#5510,#8618
  );
#10071 = PRESENTATION_STYLE_ASSIGNMENT((#10072));
#10072 = SURFACE_STYLE_USAGE(.BOTH.,#10073);
#10073 = SURFACE_SIDE_STYLE('',(#10074,#10077));
#10074 = SURFACE_STYLE_FILL_AREA(#10075);
#10075 = FILL_AREA_STYLE('',(#10076));
#10076 = FILL_AREA_STYLE_COLOUR('',#8625);
#10077 = SURFACE_STYLE_RENDERING_WITH_PROPERTIES(.NORMAL_SHADING.,#8625,
  (#10078));
#10078 = SURFACE_STYLE_TRANSPARENT(0.);
#10079 = OVER_RIDING_STYLED_ITEM('overriding color',(#10080),#5527,#8618
  );
#10080 = PRESENTATION_STYLE_ASSIGNMENT((#10081));
#10081 = SURFACE_STYLE_USAGE(.BOTH.,#10082);
#10082 = SURFACE_SIDE_STYLE('',(#10083,#10086));
#10083 = SURFACE_STYLE_FILL_AREA(#10084);
#10084 = FILL_AREA_STYLE('',(#10085));
#10085 = FILL_AREA_STYLE_COLOUR('',#8625);
#10086 = SURFACE_STYLE_RENDERING_WITH_PROPERTIES(.NORMAL_SHADING.,#8625,
  (#10087));
#10087 = SURFACE_STYLE_TRANSPARENT(0.);
#10088 = OVER_RIDING_STYLED_ITEM('overriding color',(#10089),#5544,#8618
  );
#10089 = PRESENTATION_STYLE_ASSIGNMENT((#10090));
#10090 = SURFACE_STYLE_USAGE(.BOTH.,#10091);
#10091 = SURFACE_SIDE_STYLE('',(#10092,#10095));
#10092 = SURFACE_STYLE_FILL_AREA(#10093);
#10093 = FILL_AREA_STYLE('',(#10094));
#10094 = FILL_AREA_STYLE_COLOUR('',#8625);
#10095 = SURFACE_STYLE_RENDERING_WITH_PROPERTIES(.NORMAL_SHADING.,#8625,
  (#10096));
#10096 = SURFACE_STYLE_TRANSPARENT(0.);
#10097 = OVER_RIDING_STYLED_ITEM('overriding color',(#10098),#5561,#8618
  );
#10098 = PRESENTATION_STYLE_ASSIGNMENT((#10099));
#10099 = SURFACE_STYLE_USAGE(.BOTH.,#10100);
#10100 = SURFACE_SIDE_STYLE('',(#10101,#10104));
#10101 = SURFACE_STYLE_FILL_AREA(#10102);
#10102 = FILL_AREA_STYLE('',(#10103));
#10103 = FILL_AREA_STYLE_COLOUR('',#8625);
#10104 = SURFACE_STYLE_RENDERING_WITH_PROPERTIES(.NORMAL_SHADING.,#8625,
  (#10105));
#10105 = SURFACE_STYLE_TRANSPARENT(0.);
#10106 = OVER_RIDING_STYLED_ITEM('overriding color',(#10107),#5573,#8618
  );
#10107 = PRESENTATION_STYLE_ASSIGNMENT((#10108));
#10108 = SURFACE_STYLE_USAGE(.BOTH.,#10109);
#10109 = SURFACE_SIDE_STYLE('',(#10110,#10113));
#10110 = SURFACE_STYLE_FILL_AREA(#10111);
#10111 = FILL_AREA_STYLE('',(#10112));
#10112 = FILL_AREA_STYLE_COLOUR('',#8672);
#10113 = SURFACE_STYLE_RENDERING_WITH_PROPERTIES(.NORMAL_SHADING.,#8672,
  (#10114));
#10114 = SURFACE_STYLE_TRANSPARENT(0.);
#10115 = OVER_RIDING_STYLED_ITEM('overriding color',(#10116),#5605,#8618
  );
#10116 = PRESENTATION_STYLE_ASSIGNMENT((#10117));
#10117 = SURFACE_STYLE_USAGE(.BOTH.,#10118);
#10118 = SURFACE_SIDE_STYLE('',(#10119,#10122));
#10119 = SURFACE_STYLE_FILL_AREA(#10120);
#10120 = FILL_AREA_STYLE('',(#10121));
#10121 = FILL_AREA_STYLE_COLOUR('',#8672);
#10122 = SURFACE_STYLE_RENDERING_WITH_PROPERTIES(.NORMAL_SHADING.,#8672,
  (#10123));
#10123 = SURFACE_STYLE_TRANSPARENT(0.);
#10124 = OVER_RIDING_STYLED_ITEM('overriding color',(#10125),#5645,#8618
  );
#10125 = PRESENTATION_STYLE_ASSIGNMENT((#10126));
#10126 = SURFACE_STYLE_USAGE(.BOTH.,#10127);
#10127 = SURFACE_SIDE_STYLE('',(#10128,#10131));
#10128 = SURFACE_STYLE_FILL_AREA(#10129);
#10129 = FILL_AREA_STYLE('',(#10130));
#10130 = FILL_AREA_STYLE_COLOUR('',#8672);
#10131 = SURFACE_STYLE_RENDERING_WITH_PROPERTIES(.NORMAL_SHADING.,#8672,
  (#10132));
#10132 = SURFACE_STYLE_TRANSPARENT(0.);
#10133 = OVER_RIDING_STYLED_ITEM('overriding color',(#10134),#5678,#8618
  );
#10134 = PRESENTATION_STYLE_ASSIGNMENT((#10135));
#10135 = SURFACE_STYLE_USAGE(.BOTH.,#10136);
#10136 = SURFACE_SIDE_STYLE('',(#10137,#10140));
#10137 = SURFACE_STYLE_FILL_AREA(#10138);
#10138 = FILL_AREA_STYLE('',(#10139));
#10139 = FILL_AREA_STYLE_COLOUR('',#8672);
#10140 = SURFACE_STYLE_RENDERING_WITH_PROPERTIES(.NORMAL_SHADING.,#8672,
  (#10141));
#10141 = SURFACE_STYLE_TRANSPARENT(0.);
#10142 = OVER_RIDING_STYLED_ITEM('overriding color',(#10143),#5710,#8618
  );
#10143 = PRESENTATION_STYLE_ASSIGNMENT((#10144));
#10144 = SURFACE_STYLE_USAGE(.BOTH.,#10145);
#10145 = SURFACE_SIDE_STYLE('',(#10146,#10149));
#10146 = SURFACE_STYLE_FILL_AREA(#10147);
#10147 = FILL_AREA_STYLE('',(#10148));
#10148 = FILL_AREA_STYLE_COLOUR('',#8672);
#10149 = SURFACE_STYLE_RENDERING_WITH_PROPERTIES(.NORMAL_SHADING.,#8672,
  (#10150));
#10150 = SURFACE_STYLE_TRANSPARENT(0.);
#10151 = OVER_RIDING_STYLED_ITEM('overriding color',(#10152),#5750,#8618
  );
#10152 = PRESENTATION_STYLE_ASSIGNMENT((#10153));
#10153 = SURFACE_STYLE_USAGE(.BOTH.,#10154);
#10154 = SURFACE_SIDE_STYLE('',(#10155,#10158));
#10155 = SURFACE_STYLE_FILL_AREA(#10156);
#10156 = FILL_AREA_STYLE('',(#10157));
#10157 = FILL_AREA_STYLE_COLOUR('',#8672);
#10158 = SURFACE_STYLE_RENDERING_WITH_PROPERTIES(.NORMAL_SHADING.,#8672,
  (#10159));
#10159 = SURFACE_STYLE_TRANSPARENT(0.);
#10160 = OVER_RIDING_STYLED_ITEM('overriding color',(#10161),#5774,#8618
  );
#10161 = PRESENTATION_STYLE_ASSIGNMENT((#10162));
#10162 = SURFACE_STYLE_USAGE(.BOTH.,#10163);
#10163 = SURFACE_SIDE_STYLE('',(#10164,#10167));
#10164 = SURFACE_STYLE_FILL_AREA(#10165);
#10165 = FILL_AREA_STYLE('',(#10166));
#10166 = FILL_AREA_STYLE_COLOUR('',#8672);
#10167 = SURFACE_STYLE_RENDERING_WITH_PROPERTIES(.NORMAL_SHADING.,#8672,
  (#10168));
#10168 = SURFACE_STYLE_TRANSPARENT(0.);
#10169 = OVER_RIDING_STYLED_ITEM('overriding color',(#10170),#5815,#8618
  );
#10170 = PRESENTATION_STYLE_ASSIGNMENT((#10171));
#10171 = SURFACE_STYLE_USAGE(.BOTH.,#10172);
#10172 = SURFACE_SIDE_STYLE('',(#10173,#10176));
#10173 = SURFACE_STYLE_FILL_AREA(#10174);
#10174 = FILL_AREA_STYLE('',(#10175));
#10175 = FILL_AREA_STYLE_COLOUR('',#8672);
#10176 = SURFACE_STYLE_RENDERING_WITH_PROPERTIES(.NORMAL_SHADING.,#8672,
  (#10177));
#10177 = SURFACE_STYLE_TRANSPARENT(0.);
#10178 = OVER_RIDING_STYLED_ITEM('overriding color',(#10179),#5839,#8618
  );
#10179 = PRESENTATION_STYLE_ASSIGNMENT((#10180));
#10180 = SURFACE_STYLE_USAGE(.BOTH.,#10181);
#10181 = SURFACE_SIDE_STYLE('',(#10182,#10185));
#10182 = SURFACE_STYLE_FILL_AREA(#10183);
#10183 = FILL_AREA_STYLE('',(#10184));
#10184 = FILL_AREA_STYLE_COLOUR('',#8672);
#10185 = SURFACE_STYLE_RENDERING_WITH_PROPERTIES(.NORMAL_SHADING.,#8672,
  (#10186));
#10186 = SURFACE_STYLE_TRANSPARENT(0.);
#10187 = OVER_RIDING_STYLED_ITEM('overriding color',(#10188),#5863,#8618
  );
#10188 = PRESENTATION_STYLE_ASSIGNMENT((#10189));
#10189 = SURFACE_STYLE_USAGE(.BOTH.,#10190);
#10190 = SURFACE_SIDE_STYLE('',(#10191,#10194));
#10191 = SURFACE_STYLE_FILL_AREA(#10192);
#10192 = FILL_AREA_STYLE('',(#10193));
#10193 = FILL_AREA_STYLE_COLOUR('',#8672);
#10194 = SURFACE_STYLE_RENDERING_WITH_PROPERTIES(.NORMAL_SHADING.,#8672,
  (#10195));
#10195 = SURFACE_STYLE_TRANSPARENT(0.);
#10196 = OVER_RIDING_STYLED_ITEM('overriding color',(#10197),#5887,#8618
  );
#10197 = PRESENTATION_STYLE_ASSIGNMENT((#10198));
#10198 = SURFACE_STYLE_USAGE(.BOTH.,#10199);
#10199 = SURFACE_SIDE_STYLE('',(#10200,#10203));
#10200 = SURFACE_STYLE_FILL_AREA(#10201);
#10201 = FILL_AREA_STYLE('',(#10202));
#10202 = FILL_AREA_STYLE_COLOUR('',#8672);
#10203 = SURFACE_STYLE_RENDERING_WITH_PROPERTIES(.NORMAL_SHADING.,#8672,
  (#10204));
#10204 = SURFACE_STYLE_TRANSPARENT(0.);
#10205 = OVER_RIDING_STYLED_ITEM('overriding color',(#10206),#5905,#8618
  );
#10206 = PRESENTATION_STYLE_ASSIGNMENT((#10207));
#10207 = SURFACE_STYLE_USAGE(.BOTH.,#10208);
#10208 = SURFACE_SIDE_STYLE('',(#10209,#10212));
#10209 = SURFACE_STYLE_FILL_AREA(#10210);
#10210 = FILL_AREA_STYLE('',(#10211));
#10211 = FILL_AREA_STYLE_COLOUR('',#8672);
#10212 = SURFACE_STYLE_RENDERING_WITH_PROPERTIES(.NORMAL_SHADING.,#8672,
  (#10213));
#10213 = SURFACE_STYLE_TRANSPARENT(0.);
#10214 = OVER_RIDING_STYLED_ITEM('overriding color',(#10215),#5936,#8618
  );
#10215 = PRESENTATION_STYLE_ASSIGNMENT((#10216));
#10216 = SURFACE_STYLE_USAGE(.BOTH.,#10217);
#10217 = SURFACE_SIDE_STYLE('',(#10218,#10221));
#10218 = SURFACE_STYLE_FILL_AREA(#10219);
#10219 = FILL_AREA_STYLE('',(#10220));
#10220 = FILL_AREA_STYLE_COLOUR('',#8625);
#10221 = SURFACE_STYLE_RENDERING_WITH_PROPERTIES(.NORMAL_SHADING.,#8625,
  (#10222));
#10222 = SURFACE_STYLE_TRANSPARENT(0.);
#10223 = OVER_RIDING_STYLED_ITEM('overriding color',(#10224),#6107,#8618
  );
#10224 = PRESENTATION_STYLE_ASSIGNMENT((#10225));
#10225 = SURFACE_STYLE_USAGE(.BOTH.,#10226);
#10226 = SURFACE_SIDE_STYLE('',(#10227,#10230));
#10227 = SURFACE_STYLE_FILL_AREA(#10228);
#10228 = FILL_AREA_STYLE('',(#10229));
#10229 = FILL_AREA_STYLE_COLOUR('',#8625);
#10230 = SURFACE_STYLE_RENDERING_WITH_PROPERTIES(.NORMAL_SHADING.,#8625,
  (#10231));
#10231 = SURFACE_STYLE_TRANSPARENT(0.);
#10232 = OVER_RIDING_STYLED_ITEM('overriding color',(#10233),#6131,#8618
  );
#10233 = PRESENTATION_STYLE_ASSIGNMENT((#10234));
#10234 = SURFACE_STYLE_USAGE(.BOTH.,#10235);
#10235 = SURFACE_SIDE_STYLE('',(#10236,#10239));
#10236 = SURFACE_STYLE_FILL_AREA(#10237);
#10237 = FILL_AREA_STYLE('',(#10238));
#10238 = FILL_AREA_STYLE_COLOUR('',#8625);
#10239 = SURFACE_STYLE_RENDERING_WITH_PROPERTIES(.NORMAL_SHADING.,#8625,
  (#10240));
#10240 = SURFACE_STYLE_TRANSPARENT(0.);
#10241 = OVER_RIDING_STYLED_ITEM('overriding color',(#10242),#6157,#8618
  );
#10242 = PRESENTATION_STYLE_ASSIGNMENT((#10243));
#10243 = SURFACE_STYLE_USAGE(.BOTH.,#10244);
#10244 = SURFACE_SIDE_STYLE('',(#10245,#10248));
#10245 = SURFACE_STYLE_FILL_AREA(#10246);
#10246 = FILL_AREA_STYLE('',(#10247));
#10247 = FILL_AREA_STYLE_COLOUR('',#8672);
#10248 = SURFACE_STYLE_RENDERING_WITH_PROPERTIES(.NORMAL_SHADING.,#8672,
  (#10249));
#10249 = SURFACE_STYLE_TRANSPARENT(0.);
#10250 = OVER_RIDING_STYLED_ITEM('overriding color',(#10251),#6174,#8618
  );
#10251 = PRESENTATION_STYLE_ASSIGNMENT((#10252));
#10252 = SURFACE_STYLE_USAGE(.BOTH.,#10253);
#10253 = SURFACE_SIDE_STYLE('',(#10254,#10257));
#10254 = SURFACE_STYLE_FILL_AREA(#10255);
#10255 = FILL_AREA_STYLE('',(#10256));
#10256 = FILL_AREA_STYLE_COLOUR('',#8672);
#10257 = SURFACE_STYLE_RENDERING_WITH_PROPERTIES(.NORMAL_SHADING.,#8672,
  (#10258));
#10258 = SURFACE_STYLE_TRANSPARENT(0.);
#10259 = OVER_RIDING_STYLED_ITEM('overriding color',(#10260),#6207,#8618
  );
#10260 = PRESENTATION_STYLE_ASSIGNMENT((#10261));
#10261 = SURFACE_STYLE_USAGE(.BOTH.,#10262);
#10262 = SURFACE_SIDE_STYLE('',(#10263,#10266));
#10263 = SURFACE_STYLE_FILL_AREA(#10264);
#10264 = FILL_AREA_STYLE('',(#10265));
#10265 = FILL_AREA_STYLE_COLOUR('',#8672);
#10266 = SURFACE_STYLE_RENDERING_WITH_PROPERTIES(.NORMAL_SHADING.,#8672,
  (#10267));
#10267 = SURFACE_STYLE_TRANSPARENT(0.);
#10268 = OVER_RIDING_STYLED_ITEM('overriding color',(#10269),#6226,#8618
  );
#10269 = PRESENTATION_STYLE_ASSIGNMENT((#10270));
#10270 = SURFACE_STYLE_USAGE(.BOTH.,#10271);
#10271 = SURFACE_SIDE_STYLE('',(#10272,#10275));
#10272 = SURFACE_STYLE_FILL_AREA(#10273);
#10273 = FILL_AREA_STYLE('',(#10274));
#10274 = FILL_AREA_STYLE_COLOUR('',#8672);
#10275 = SURFACE_STYLE_RENDERING_WITH_PROPERTIES(.NORMAL_SHADING.,#8672,
  (#10276));
#10276 = SURFACE_STYLE_TRANSPARENT(0.);
#10277 = OVER_RIDING_STYLED_ITEM('overriding color',(#10278),#6244,#8618
  );
#10278 = PRESENTATION_STYLE_ASSIGNMENT((#10279));
#10279 = SURFACE_STYLE_USAGE(.BOTH.,#10280);
#10280 = SURFACE_SIDE_STYLE('',(#10281,#10284));
#10281 = SURFACE_STYLE_FILL_AREA(#10282);
#10282 = FILL_AREA_STYLE('',(#10283));
#10283 = FILL_AREA_STYLE_COLOUR('',#8625);
#10284 = SURFACE_STYLE_RENDERING_WITH_PROPERTIES(.NORMAL_SHADING.,#8625,
  (#10285));
#10285 = SURFACE_STYLE_TRANSPARENT(0.);
#10286 = OVER_RIDING_STYLED_ITEM('overriding color',(#10287),#6256,#8618
  );
#10287 = PRESENTATION_STYLE_ASSIGNMENT((#10288));
#10288 = SURFACE_STYLE_USAGE(.BOTH.,#10289);
#10289 = SURFACE_SIDE_STYLE('',(#10290,#10293));
#10290 = SURFACE_STYLE_FILL_AREA(#10291);
#10291 = FILL_AREA_STYLE('',(#10292));
#10292 = FILL_AREA_STYLE_COLOUR('',#8672);
#10293 = SURFACE_STYLE_RENDERING_WITH_PROPERTIES(.NORMAL_SHADING.,#8672,
  (#10294));
#10294 = SURFACE_STYLE_TRANSPARENT(0.);
#10295 = OVER_RIDING_STYLED_ITEM('overriding color',(#10296),#6322,#8618
  );
#10296 = PRESENTATION_STYLE_ASSIGNMENT((#10297));
#10297 = SURFACE_STYLE_USAGE(.BOTH.,#10298);
#10298 = SURFACE_SIDE_STYLE('',(#10299,#10302));
#10299 = SURFACE_STYLE_FILL_AREA(#10300);
#10300 = FILL_AREA_STYLE('',(#10301));
#10301 = FILL_AREA_STYLE_COLOUR('',#8672);
#10302 = SURFACE_STYLE_RENDERING_WITH_PROPERTIES(.NORMAL_SHADING.,#8672,
  (#10303));
#10303 = SURFACE_STYLE_TRANSPARENT(0.);
#10304 = OVER_RIDING_STYLED_ITEM('overriding color',(#10305),#6334,#8618
  );
#10305 = PRESENTATION_STYLE_ASSIGNMENT((#10306));
#10306 = SURFACE_STYLE_USAGE(.BOTH.,#10307);
#10307 = SURFACE_SIDE_STYLE('',(#10308,#10311));
#10308 = SURFACE_STYLE_FILL_AREA(#10309);
#10309 = FILL_AREA_STYLE('',(#10310));
#10310 = FILL_AREA_STYLE_COLOUR('',#8672);
#10311 = SURFACE_STYLE_RENDERING_WITH_PROPERTIES(.NORMAL_SHADING.,#8672,
  (#10312));
#10312 = SURFACE_STYLE_TRANSPARENT(0.);
#10313 = OVER_RIDING_STYLED_ITEM('overriding color',(#10314),#6357,#8618
  );
#10314 = PRESENTATION_STYLE_ASSIGNMENT((#10315));
#10315 = SURFACE_STYLE_USAGE(.BOTH.,#10316);
#10316 = SURFACE_SIDE_STYLE('',(#10317,#10320));
#10317 = SURFACE_STYLE_FILL_AREA(#10318);
#10318 = FILL_AREA_STYLE('',(#10319));
#10319 = FILL_AREA_STYLE_COLOUR('',#8672);
#10320 = SURFACE_STYLE_RENDERING_WITH_PROPERTIES(.NORMAL_SHADING.,#8672,
  (#10321));
#10321 = SURFACE_STYLE_TRANSPARENT(0.);
#10322 = OVER_RIDING_STYLED_ITEM('overriding color',(#10323),#6369,#8618
  );
#10323 = PRESENTATION_STYLE_ASSIGNMENT((#10324));
#10324 = SURFACE_STYLE_USAGE(.BOTH.,#10325);
#10325 = SURFACE_SIDE_STYLE('',(#10326,#10329));
#10326 = SURFACE_STYLE_FILL_AREA(#10327);
#10327 = FILL_AREA_STYLE('',(#10328));
#10328 = FILL_AREA_STYLE_COLOUR('',#8625);
#10329 = SURFACE_STYLE_RENDERING_WITH_PROPERTIES(.NORMAL_SHADING.,#8625,
  (#10330));
#10330 = SURFACE_STYLE_TRANSPARENT(0.);
#10331 = OVER_RIDING_STYLED_ITEM('overriding color',(#10332),#6386,#8618
  );
#10332 = PRESENTATION_STYLE_ASSIGNMENT((#10333));
#10333 = SURFACE_STYLE_USAGE(.BOTH.,#10334);
#10334 = SURFACE_SIDE_STYLE('',(#10335,#10338));
#10335 = SURFACE_STYLE_FILL_AREA(#10336);
#10336 = FILL_AREA_STYLE('',(#10337));
#10337 = FILL_AREA_STYLE_COLOUR('',#8625);
#10338 = SURFACE_STYLE_RENDERING_WITH_PROPERTIES(.NORMAL_SHADING.,#8625,
  (#10339));
#10339 = SURFACE_STYLE_TRANSPARENT(0.);
#10340 = OVER_RIDING_STYLED_ITEM('overriding color',(#10341),#6403,#8618
  );
#10341 = PRESENTATION_STYLE_ASSIGNMENT((#10342));
#10342 = SURFACE_STYLE_USAGE(.BOTH.,#10343);
#10343 = SURFACE_SIDE_STYLE('',(#10344,#10347));
#10344 = SURFACE_STYLE_FILL_AREA(#10345);
#10345 = FILL_AREA_STYLE('',(#10346));
#10346 = FILL_AREA_STYLE_COLOUR('',#8625);
#10347 = SURFACE_STYLE_RENDERING_WITH_PROPERTIES(.NORMAL_SHADING.,#8625,
  (#10348));
#10348 = SURFACE_STYLE_TRANSPARENT(0.);
#10349 = OVER_RIDING_STYLED_ITEM('overriding color',(#10350),#6420,#8618
  );
#10350 = PRESENTATION_STYLE_ASSIGNMENT((#10351));
#10351 = SURFACE_STYLE_USAGE(.BOTH.,#10352);
#10352 = SURFACE_SIDE_STYLE('',(#10353,#10356));
#10353 = SURFACE_STYLE_FILL_AREA(#10354);
#10354 = FILL_AREA_STYLE('',(#10355));
#10355 = FILL_AREA_STYLE_COLOUR('',#8625);
#10356 = SURFACE_STYLE_RENDERING_WITH_PROPERTIES(.NORMAL_SHADING.,#8625,
  (#10357));
#10357 = SURFACE_STYLE_TRANSPARENT(0.);
#10358 = OVER_RIDING_STYLED_ITEM('overriding color',(#10359),#6437,#8618
  );
#10359 = PRESENTATION_STYLE_ASSIGNMENT((#10360));
#10360 = SURFACE_STYLE_USAGE(.BOTH.,#10361);
#10361 = SURFACE_SIDE_STYLE('',(#10362,#10365));
#10362 = SURFACE_STYLE_FILL_AREA(#10363);
#10363 = FILL_AREA_STYLE('',(#10364));
#10364 = FILL_AREA_STYLE_COLOUR('',#8625);
#10365 = SURFACE_STYLE_RENDERING_WITH_PROPERTIES(.NORMAL_SHADING.,#8625,
  (#10366));
#10366 = SURFACE_STYLE_TRANSPARENT(0.);
#10367 = OVER_RIDING_STYLED_ITEM('overriding color',(#10368),#6454,#8618
  );
#10368 = PRESENTATION_STYLE_ASSIGNMENT((#10369));
#10369 = SURFACE_STYLE_USAGE(.BOTH.,#10370);
#10370 = SURFACE_SIDE_STYLE('',(#10371,#10374));
#10371 = SURFACE_STYLE_FILL_AREA(#10372);
#10372 = FILL_AREA_STYLE('',(#10373));
#10373 = FILL_AREA_STYLE_COLOUR('',#8625);
#10374 = SURFACE_STYLE_RENDERING_WITH_PROPERTIES(.NORMAL_SHADING.,#8625,
  (#10375));
#10375 = SURFACE_STYLE_TRANSPARENT(0.);
#10376 = OVER_RIDING_STYLED_ITEM('overriding color',(#10377),#6471,#8618
  );
#10377 = PRESENTATION_STYLE_ASSIGNMENT((#10378));
#10378 = SURFACE_STYLE_USAGE(.BOTH.,#10379);
#10379 = SURFACE_SIDE_STYLE('',(#10380,#10383));
#10380 = SURFACE_STYLE_FILL_AREA(#10381);
#10381 = FILL_AREA_STYLE('',(#10382));
#10382 = FILL_AREA_STYLE_COLOUR('',#8625);
#10383 = SURFACE_STYLE_RENDERING_WITH_PROPERTIES(.NORMAL_SHADING.,#8625,
  (#10384));
#10384 = SURFACE_STYLE_TRANSPARENT(0.);
#10385 = OVER_RIDING_STYLED_ITEM('overriding color',(#10386),#6488,#8618
  );
#10386 = PRESENTATION_STYLE_ASSIGNMENT((#10387));
#10387 = SURFACE_STYLE_USAGE(.BOTH.,#10388);
#10388 = SURFACE_SIDE_STYLE('',(#10389,#10392));
#10389 = SURFACE_STYLE_FILL_AREA(#10390);
#10390 = FILL_AREA_STYLE('',(#10391));
#10391 = FILL_AREA_STYLE_COLOUR('',#8625);
#10392 = SURFACE_STYLE_RENDERING_WITH_PROPERTIES(.NORMAL_SHADING.,#8625,
  (#10393));
#10393 = SURFACE_STYLE_TRANSPARENT(0.);
#10394 = OVER_RIDING_STYLED_ITEM('overriding color',(#10395),#6505,#8618
  );
#10395 = PRESENTATION_STYLE_ASSIGNMENT((#10396));
#10396 = SURFACE_STYLE_USAGE(.BOTH.,#10397);
#10397 = SURFACE_SIDE_STYLE('',(#10398,#10401));
#10398 = SURFACE_STYLE_FILL_AREA(#10399);
#10399 = FILL_AREA_STYLE('',(#10400));
#10400 = FILL_AREA_STYLE_COLOUR('',#8625);
#10401 = SURFACE_STYLE_RENDERING_WITH_PROPERTIES(.NORMAL_SHADING.,#8625,
  (#10402));
#10402 = SURFACE_STYLE_TRANSPARENT(0.);
#10403 = OVER_RIDING_STYLED_ITEM('overriding color',(#10404),#6522,#8618
  );
#10404 = PRESENTATION_STYLE_ASSIGNMENT((#10405));
#10405 = SURFACE_STYLE_USAGE(.BOTH.,#10406);
#10406 = SURFACE_SIDE_STYLE('',(#10407,#10410));
#10407 = SURFACE_STYLE_FILL_AREA(#10408);
#10408 = FILL_AREA_STYLE('',(#10409));
#10409 = FILL_AREA_STYLE_COLOUR('',#8625);
#10410 = SURFACE_STYLE_RENDERING_WITH_PROPERTIES(.NORMAL_SHADING.,#8625,
  (#10411));
#10411 = SURFACE_STYLE_TRANSPARENT(0.);
#10412 = OVER_RIDING_STYLED_ITEM('overriding color',(#10413),#6539,#8618
  );
#10413 = PRESENTATION_STYLE_ASSIGNMENT((#10414));
#10414 = SURFACE_STYLE_USAGE(.BOTH.,#10415);
#10415 = SURFACE_SIDE_STYLE('',(#10416,#10419));
#10416 = SURFACE_STYLE_FILL_AREA(#10417);
#10417 = FILL_AREA_STYLE('',(#10418));
#10418 = FILL_AREA_STYLE_COLOUR('',#8625);
#10419 = SURFACE_STYLE_RENDERING_WITH_PROPERTIES(.NORMAL_SHADING.,#8625,
  (#10420));
#10420 = SURFACE_STYLE_TRANSPARENT(0.);
#10421 = OVER_RIDING_STYLED_ITEM('overriding color',(#10422),#6556,#8618
  );
#10422 = PRESENTATION_STYLE_ASSIGNMENT((#10423));
#10423 = SURFACE_STYLE_USAGE(.BOTH.,#10424);
#10424 = SURFACE_SIDE_STYLE('',(#10425,#10428));
#10425 = SURFACE_STYLE_FILL_AREA(#10426);
#10426 = FILL_AREA_STYLE('',(#10427));
#10427 = FILL_AREA_STYLE_COLOUR('',#8625);
#10428 = SURFACE_STYLE_RENDERING_WITH_PROPERTIES(.NORMAL_SHADING.,#8625,
  (#10429));
#10429 = SURFACE_STYLE_TRANSPARENT(0.);
#10430 = OVER_RIDING_STYLED_ITEM('overriding color',(#10431),#6573,#8618
  );
#10431 = PRESENTATION_STYLE_ASSIGNMENT((#10432));
#10432 = SURFACE_STYLE_USAGE(.BOTH.,#10433);
#10433 = SURFACE_SIDE_STYLE('',(#10434,#10437));
#10434 = SURFACE_STYLE_FILL_AREA(#10435);
#10435 = FILL_AREA_STYLE('',(#10436));
#10436 = FILL_AREA_STYLE_COLOUR('',#8625);
#10437 = SURFACE_STYLE_RENDERING_WITH_PROPERTIES(.NORMAL_SHADING.,#8625,
  (#10438));
#10438 = SURFACE_STYLE_TRANSPARENT(0.);
#10439 = OVER_RIDING_STYLED_ITEM('overriding color',(#10440),#6585,#8618
  );
#10440 = PRESENTATION_STYLE_ASSIGNMENT((#10441));
#10441 = SURFACE_STYLE_USAGE(.BOTH.,#10442);
#10442 = SURFACE_SIDE_STYLE('',(#10443,#10446));
#10443 = SURFACE_STYLE_FILL_AREA(#10444);
#10444 = FILL_AREA_STYLE('',(#10445));
#10445 = FILL_AREA_STYLE_COLOUR('',#8625);
#10446 = SURFACE_STYLE_RENDERING_WITH_PROPERTIES(.NORMAL_SHADING.,#8625,
  (#10447));
#10447 = SURFACE_STYLE_TRANSPARENT(0.);
#10448 = OVER_RIDING_STYLED_ITEM('overriding color',(#10449),#6602,#8618
  );
#10449 = PRESENTATION_STYLE_ASSIGNMENT((#10450));
#10450 = SURFACE_STYLE_USAGE(.BOTH.,#10451);
#10451 = SURFACE_SIDE_STYLE('',(#10452,#10455));
#10452 = SURFACE_STYLE_FILL_AREA(#10453);
#10453 = FILL_AREA_STYLE('',(#10454));
#10454 = FILL_AREA_STYLE_COLOUR('',#8672);
#10455 = SURFACE_STYLE_RENDERING_WITH_PROPERTIES(.NORMAL_SHADING.,#8672,
  (#10456));
#10456 = SURFACE_STYLE_TRANSPARENT(0.);
#10457 = OVER_RIDING_STYLED_ITEM('overriding color',(#10458),#6642,#8618
  );
#10458 = PRESENTATION_STYLE_ASSIGNMENT((#10459));
#10459 = SURFACE_STYLE_USAGE(.BOTH.,#10460);
#10460 = SURFACE_SIDE_STYLE('',(#10461,#10464));
#10461 = SURFACE_STYLE_FILL_AREA(#10462);
#10462 = FILL_AREA_STYLE('',(#10463));
#10463 = FILL_AREA_STYLE_COLOUR('',#8672);
#10464 = SURFACE_STYLE_RENDERING_WITH_PROPERTIES(.NORMAL_SHADING.,#8672,
  (#10465));
#10465 = SURFACE_STYLE_TRANSPARENT(0.);
#10466 = OVER_RIDING_STYLED_ITEM('overriding color',(#10467),#6654,#8618
  );
#10467 = PRESENTATION_STYLE_ASSIGNMENT((#10468));
#10468 = SURFACE_STYLE_USAGE(.BOTH.,#10469);
#10469 = SURFACE_SIDE_STYLE('',(#10470,#10473));
#10470 = SURFACE_STYLE_FILL_AREA(#10471);
#10471 = FILL_AREA_STYLE('',(#10472));
#10472 = FILL_AREA_STYLE_COLOUR('',#8672);
#10473 = SURFACE_STYLE_RENDERING_WITH_PROPERTIES(.NORMAL_SHADING.,#8672,
  (#10474));
#10474 = SURFACE_STYLE_TRANSPARENT(0.);
#10475 = OVER_RIDING_STYLED_ITEM('overriding color',(#10476),#6678,#8618
  );
#10476 = PRESENTATION_STYLE_ASSIGNMENT((#10477));
#10477 = SURFACE_STYLE_USAGE(.BOTH.,#10478);
#10478 = SURFACE_SIDE_STYLE('',(#10479,#10482));
#10479 = SURFACE_STYLE_FILL_AREA(#10480);
#10480 = FILL_AREA_STYLE('',(#10481));
#10481 = FILL_AREA_STYLE_COLOUR('',#8672);
#10482 = SURFACE_STYLE_RENDERING_WITH_PROPERTIES(.NORMAL_SHADING.,#8672,
  (#10483));
#10483 = SURFACE_STYLE_TRANSPARENT(0.);
#10484 = OVER_RIDING_STYLED_ITEM('overriding color',(#10485),#6711,#8618
  );
#10485 = PRESENTATION_STYLE_ASSIGNMENT((#10486));
#10486 = SURFACE_STYLE_USAGE(.BOTH.,#10487);
#10487 = SURFACE_SIDE_STYLE('',(#10488,#10491));
#10488 = SURFACE_STYLE_FILL_AREA(#10489);
#10489 = FILL_AREA_STYLE('',(#10490));
#10490 = FILL_AREA_STYLE_COLOUR('',#8672);
#10491 = SURFACE_STYLE_RENDERING_WITH_PROPERTIES(.NORMAL_SHADING.,#8672,
  (#10492));
#10492 = SURFACE_STYLE_TRANSPARENT(0.);
#10493 = OVER_RIDING_STYLED_ITEM('overriding color',(#10494),#6723,#8618
  );
#10494 = PRESENTATION_STYLE_ASSIGNMENT((#10495));
#10495 = SURFACE_STYLE_USAGE(.BOTH.,#10496);
#10496 = SURFACE_SIDE_STYLE('',(#10497,#10500));
#10497 = SURFACE_STYLE_FILL_AREA(#10498);
#10498 = FILL_AREA_STYLE('',(#10499));
#10499 = FILL_AREA_STYLE_COLOUR('',#8672);
#10500 = SURFACE_STYLE_RENDERING_WITH_PROPERTIES(.NORMAL_SHADING.,#8672,
  (#10501));
#10501 = SURFACE_STYLE_TRANSPARENT(0.);
#10502 = OVER_RIDING_STYLED_ITEM('overriding color',(#10503),#6740,#8618
  );
#10503 = PRESENTATION_STYLE_ASSIGNMENT((#10504));
#10504 = SURFACE_STYLE_USAGE(.BOTH.,#10505);
#10505 = SURFACE_SIDE_STYLE('',(#10506,#10509));
#10506 = SURFACE_STYLE_FILL_AREA(#10507);
#10507 = FILL_AREA_STYLE('',(#10508));
#10508 = FILL_AREA_STYLE_COLOUR('',#8625);
#10509 = SURFACE_STYLE_RENDERING_WITH_PROPERTIES(.NORMAL_SHADING.,#8625,
  (#10510));
#10510 = SURFACE_STYLE_TRANSPARENT(0.);
#10511 = OVER_RIDING_STYLED_ITEM('overriding color',(#10512),#6752,#8618
  );
#10512 = PRESENTATION_STYLE_ASSIGNMENT((#10513));
#10513 = SURFACE_STYLE_USAGE(.BOTH.,#10514);
#10514 = SURFACE_SIDE_STYLE('',(#10515,#10518));
#10515 = SURFACE_STYLE_FILL_AREA(#10516);
#10516 = FILL_AREA_STYLE('',(#10517));
#10517 = FILL_AREA_STYLE_COLOUR('',#8625);
#10518 = SURFACE_STYLE_RENDERING_WITH_PROPERTIES(.NORMAL_SHADING.,#8625,
  (#10519));
#10519 = SURFACE_STYLE_TRANSPARENT(0.);
#10520 = OVER_RIDING_STYLED_ITEM('overriding color',(#10521),#6764,#8618
  );
#10521 = PRESENTATION_STYLE_ASSIGNMENT((#10522));
#10522 = SURFACE_STYLE_USAGE(.BOTH.,#10523);
#10523 = SURFACE_SIDE_STYLE('',(#10524,#10527));
#10524 = SURFACE_STYLE_FILL_AREA(#10525);
#10525 = FILL_AREA_STYLE('',(#10526));
#10526 = FILL_AREA_STYLE_COLOUR('',#8625);
#10527 = SURFACE_STYLE_RENDERING_WITH_PROPERTIES(.NORMAL_SHADING.,#8625,
  (#10528));
#10528 = SURFACE_STYLE_TRANSPARENT(0.);
#10529 = OVER_RIDING_STYLED_ITEM('overriding color',(#10530),#6776,#8618
  );
#10530 = PRESENTATION_STYLE_ASSIGNMENT((#10531));
#10531 = SURFACE_STYLE_USAGE(.BOTH.,#10532);
#10532 = SURFACE_SIDE_STYLE('',(#10533,#10536));
#10533 = SURFACE_STYLE_FILL_AREA(#10534);
#10534 = FILL_AREA_STYLE('',(#10535));
#10535 = FILL_AREA_STYLE_COLOUR('',#8625);
#10536 = SURFACE_STYLE_RENDERING_WITH_PROPERTIES(.NORMAL_SHADING.,#8625,
  (#10537));
#10537 = SURFACE_STYLE_TRANSPARENT(0.);
#10538 = OVER_RIDING_STYLED_ITEM('overriding color',(#10539),#6788,#8618
  );
#10539 = PRESENTATION_STYLE_ASSIGNMENT((#10540));
#10540 = SURFACE_STYLE_USAGE(.BOTH.,#10541);
#10541 = SURFACE_SIDE_STYLE('',(#10542,#10545));
#10542 = SURFACE_STYLE_FILL_AREA(#10543);
#10543 = FILL_AREA_STYLE('',(#10544));
#10544 = FILL_AREA_STYLE_COLOUR('',#8625);
#10545 = SURFACE_STYLE_RENDERING_WITH_PROPERTIES(.NORMAL_SHADING.,#8625,
  (#10546));
#10546 = SURFACE_STYLE_TRANSPARENT(0.);
#10547 = OVER_RIDING_STYLED_ITEM('overriding color',(#10548),#6800,#8618
  );
#10548 = PRESENTATION_STYLE_ASSIGNMENT((#10549));
#10549 = SURFACE_STYLE_USAGE(.BOTH.,#10550);
#10550 = SURFACE_SIDE_STYLE('',(#10551,#10554));
#10551 = SURFACE_STYLE_FILL_AREA(#10552);
#10552 = FILL_AREA_STYLE('',(#10553));
#10553 = FILL_AREA_STYLE_COLOUR('',#8625);
#10554 = SURFACE_STYLE_RENDERING_WITH_PROPERTIES(.NORMAL_SHADING.,#8625,
  (#10555));
#10555 = SURFACE_STYLE_TRANSPARENT(0.);
#10556 = OVER_RIDING_STYLED_ITEM('overriding color',(#10557),#6812,#8618
  );
#10557 = PRESENTATION_STYLE_ASSIGNMENT((#10558));
#10558 = SURFACE_STYLE_USAGE(.BOTH.,#10559);
#10559 = SURFACE_SIDE_STYLE('',(#10560,#10563));
#10560 = SURFACE_STYLE_FILL_AREA(#10561);
#10561 = FILL_AREA_STYLE('',(#10562));
#10562 = FILL_AREA_STYLE_COLOUR('',#8672);
#10563 = SURFACE_STYLE_RENDERING_WITH_PROPERTIES(.NORMAL_SHADING.,#8672,
  (#10564));
#10564 = SURFACE_STYLE_TRANSPARENT(0.);
#10565 = OVER_RIDING_STYLED_ITEM('overriding color',(#10566),#6826,#8618
  );
#10566 = PRESENTATION_STYLE_ASSIGNMENT((#10567));
#10567 = SURFACE_STYLE_USAGE(.BOTH.,#10568);
#10568 = SURFACE_SIDE_STYLE('',(#10569,#10572));
#10569 = SURFACE_STYLE_FILL_AREA(#10570);
#10570 = FILL_AREA_STYLE('',(#10571));
#10571 = FILL_AREA_STYLE_COLOUR('',#8672);
#10572 = SURFACE_STYLE_RENDERING_WITH_PROPERTIES(.NORMAL_SHADING.,#8672,
  (#10573));
#10573 = SURFACE_STYLE_TRANSPARENT(0.);
#10574 = OVER_RIDING_STYLED_ITEM('overriding color',(#10575),#6843,#8618
  );
#10575 = PRESENTATION_STYLE_ASSIGNMENT((#10576));
#10576 = SURFACE_STYLE_USAGE(.BOTH.,#10577);
#10577 = SURFACE_SIDE_STYLE('',(#10578,#10581));
#10578 = SURFACE_STYLE_FILL_AREA(#10579);
#10579 = FILL_AREA_STYLE('',(#10580));
#10580 = FILL_AREA_STYLE_COLOUR('',#8672);
#10581 = SURFACE_STYLE_RENDERING_WITH_PROPERTIES(.NORMAL_SHADING.,#8672,
  (#10582));
#10582 = SURFACE_STYLE_TRANSPARENT(0.);
#10583 = OVER_RIDING_STYLED_ITEM('overriding color',(#10584),#6854,#8618
  );
#10584 = PRESENTATION_STYLE_ASSIGNMENT((#10585));
#10585 = SURFACE_STYLE_USAGE(.BOTH.,#10586);
#10586 = SURFACE_SIDE_STYLE('',(#10587,#10590));
#10587 = SURFACE_STYLE_FILL_AREA(#10588);
#10588 = FILL_AREA_STYLE('',(#10589));
#10589 = FILL_AREA_STYLE_COLOUR('',#8672);
#10590 = SURFACE_STYLE_RENDERING_WITH_PROPERTIES(.NORMAL_SHADING.,#8672,
  (#10591));
#10591 = SURFACE_STYLE_TRANSPARENT(0.);
#10592 = OVER_RIDING_STYLED_ITEM('overriding color',(#10593),#6871,#8618
  );
#10593 = PRESENTATION_STYLE_ASSIGNMENT((#10594));
#10594 = SURFACE_STYLE_USAGE(.BOTH.,#10595);
#10595 = SURFACE_SIDE_STYLE('',(#10596,#10599));
#10596 = SURFACE_STYLE_FILL_AREA(#10597);
#10597 = FILL_AREA_STYLE('',(#10598));
#10598 = FILL_AREA_STYLE_COLOUR('',#8672);
#10599 = SURFACE_STYLE_RENDERING_WITH_PROPERTIES(.NORMAL_SHADING.,#8672,
  (#10600));
#10600 = SURFACE_STYLE_TRANSPARENT(0.);
#10601 = OVER_RIDING_STYLED_ITEM('overriding color',(#10602),#6883,#8618
  );
#10602 = PRESENTATION_STYLE_ASSIGNMENT((#10603));
#10603 = SURFACE_STYLE_USAGE(.BOTH.,#10604);
#10604 = SURFACE_SIDE_STYLE('',(#10605,#10608));
#10605 = SURFACE_STYLE_FILL_AREA(#10606);
#10606 = FILL_AREA_STYLE('',(#10607));
#10607 = FILL_AREA_STYLE_COLOUR('',#8625);
#10608 = SURFACE_STYLE_RENDERING_WITH_PROPERTIES(.NORMAL_SHADING.,#8625,
  (#10609));
#10609 = SURFACE_STYLE_TRANSPARENT(0.);
#10610 = OVER_RIDING_STYLED_ITEM('overriding color',(#10611),#6895,#8618
  );
#10611 = PRESENTATION_STYLE_ASSIGNMENT((#10612));
#10612 = SURFACE_STYLE_USAGE(.BOTH.,#10613);
#10613 = SURFACE_SIDE_STYLE('',(#10614,#10617));
#10614 = SURFACE_STYLE_FILL_AREA(#10615);
#10615 = FILL_AREA_STYLE('',(#10616));
#10616 = FILL_AREA_STYLE_COLOUR('',#8672);
#10617 = SURFACE_STYLE_RENDERING_WITH_PROPERTIES(.NORMAL_SHADING.,#8672,
  (#10618));
#10618 = SURFACE_STYLE_TRANSPARENT(0.);
#10619 = OVER_RIDING_STYLED_ITEM('overriding color',(#10620),#7315,#8618
  );
#10620 = PRESENTATION_STYLE_ASSIGNMENT((#10621));
#10621 = SURFACE_STYLE_USAGE(.BOTH.,#10622);
#10622 = SURFACE_SIDE_STYLE('',(#10623,#10626));
#10623 = SURFACE_STYLE_FILL_AREA(#10624);
#10624 = FILL_AREA_STYLE('',(#10625));
#10625 = FILL_AREA_STYLE_COLOUR('',#8625);
#10626 = SURFACE_STYLE_RENDERING_WITH_PROPERTIES(.NORMAL_SHADING.,#8625,
  (#10627));
#10627 = SURFACE_STYLE_TRANSPARENT(0.);
#10628 = OVER_RIDING_STYLED_ITEM('overriding color',(#10629),#7346,#8618
  );
#10629 = PRESENTATION_STYLE_ASSIGNMENT((#10630));
#10630 = SURFACE_STYLE_USAGE(.BOTH.,#10631);
#10631 = SURFACE_SIDE_STYLE('',(#10632,#10635));
#10632 = SURFACE_STYLE_FILL_AREA(#10633);
#10633 = FILL_AREA_STYLE('',(#10634));
#10634 = FILL_AREA_STYLE_COLOUR('',#8625);
#10635 = SURFACE_STYLE_RENDERING_WITH_PROPERTIES(.NORMAL_SHADING.,#8625,
  (#10636));
#10636 = SURFACE_STYLE_TRANSPARENT(0.);
#10637 = OVER_RIDING_STYLED_ITEM('overriding color',(#10638),#7370,#8618
  );
#10638 = PRESENTATION_STYLE_ASSIGNMENT((#10639));
#10639 = SURFACE_STYLE_USAGE(.BOTH.,#10640);
#10640 = SURFACE_SIDE_STYLE('',(#10641,#10644));
#10641 = SURFACE_STYLE_FILL_AREA(#10642);
#10642 = FILL_AREA_STYLE('',(#10643));
#10643 = FILL_AREA_STYLE_COLOUR('',#8625);
#10644 = SURFACE_STYLE_RENDERING_WITH_PROPERTIES(.NORMAL_SHADING.,#8625,
  (#10645));
#10645 = SURFACE_STYLE_TRANSPARENT(0.);
#10646 = OVER_RIDING_STYLED_ITEM('overriding color',(#10647),#7394,#8618
  );
#10647 = PRESENTATION_STYLE_ASSIGNMENT((#10648));
#10648 = SURFACE_STYLE_USAGE(.BOTH.,#10649);
#10649 = SURFACE_SIDE_STYLE('',(#10650,#10653));
#10650 = SURFACE_STYLE_FILL_AREA(#10651);
#10651 = FILL_AREA_STYLE('',(#10652));
#10652 = FILL_AREA_STYLE_COLOUR('',#8625);
#10653 = SURFACE_STYLE_RENDERING_WITH_PROPERTIES(.NORMAL_SHADING.,#8625,
  (#10654));
#10654 = SURFACE_STYLE_TRANSPARENT(0.);
#10655 = OVER_RIDING_STYLED_ITEM('overriding color',(#10656),#7411,#8618
  );
#10656 = PRESENTATION_STYLE_ASSIGNMENT((#10657));
#10657 = SURFACE_STYLE_USAGE(.BOTH.,#10658);
#10658 = SURFACE_SIDE_STYLE('',(#10659,#10662));
#10659 = SURFACE_STYLE_FILL_AREA(#10660);
#10660 = FILL_AREA_STYLE('',(#10661));
#10661 = FILL_AREA_STYLE_COLOUR('',#8625);
#10662 = SURFACE_STYLE_RENDERING_WITH_PROPERTIES(.NORMAL_SHADING.,#8625,
  (#10663));
#10663 = SURFACE_STYLE_TRANSPARENT(0.);
#10664 = OVER_RIDING_STYLED_ITEM('overriding color',(#10665),#7423,#8618
  );
#10665 = PRESENTATION_STYLE_ASSIGNMENT((#10666));
#10666 = SURFACE_STYLE_USAGE(.BOTH.,#10667);
#10667 = SURFACE_SIDE_STYLE('',(#10668,#10671));
#10668 = SURFACE_STYLE_FILL_AREA(#10669);
#10669 = FILL_AREA_STYLE('',(#10670));
#10670 = FILL_AREA_STYLE_COLOUR('',#8625);
#10671 = SURFACE_STYLE_RENDERING_WITH_PROPERTIES(.NORMAL_SHADING.,#8625,
  (#10672));
#10672 = SURFACE_STYLE_TRANSPARENT(0.);
#10673 = OVER_RIDING_STYLED_ITEM('overriding color',(#10674),#7454,#8618
  );
#10674 = PRESENTATION_STYLE_ASSIGNMENT((#10675));
#10675 = SURFACE_STYLE_USAGE(.BOTH.,#10676);
#10676 = SURFACE_SIDE_STYLE('',(#10677,#10680));
#10677 = SURFACE_STYLE_FILL_AREA(#10678);
#10678 = FILL_AREA_STYLE('',(#10679));
#10679 = FILL_AREA_STYLE_COLOUR('',#8625);
#10680 = SURFACE_STYLE_RENDERING_WITH_PROPERTIES(.NORMAL_SHADING.,#8625,
  (#10681));
#10681 = SURFACE_STYLE_TRANSPARENT(0.);
#10682 = OVER_RIDING_STYLED_ITEM('overriding color',(#10683),#7478,#8618
  );
#10683 = PRESENTATION_STYLE_ASSIGNMENT((#10684));
#10684 = SURFACE_STYLE_USAGE(.BOTH.,#10685);
#10685 = SURFACE_SIDE_STYLE('',(#10686,#10689));
#10686 = SURFACE_STYLE_FILL_AREA(#10687);
#10687 = FILL_AREA_STYLE('',(#10688));
#10688 = FILL_AREA_STYLE_COLOUR('',#8625);
#10689 = SURFACE_STYLE_RENDERING_WITH_PROPERTIES(.NORMAL_SHADING.,#8625,
  (#10690));
#10690 = SURFACE_STYLE_TRANSPARENT(0.);
#10691 = OVER_RIDING_STYLED_ITEM('overriding color',(#10692),#7502,#8618
  );
#10692 = PRESENTATION_STYLE_ASSIGNMENT((#10693));
#10693 = SURFACE_STYLE_USAGE(.BOTH.,#10694);
#10694 = SURFACE_SIDE_STYLE('',(#10695,#10698));
#10695 = SURFACE_STYLE_FILL_AREA(#10696);
#10696 = FILL_AREA_STYLE('',(#10697));
#10697 = FILL_AREA_STYLE_COLOUR('',#8625);
#10698 = SURFACE_STYLE_RENDERING_WITH_PROPERTIES(.NORMAL_SHADING.,#8625,
  (#10699));
#10699 = SURFACE_STYLE_TRANSPARENT(0.);
#10700 = OVER_RIDING_STYLED_ITEM('overriding color',(#10701),#7519,#8618
  );
#10701 = PRESENTATION_STYLE_ASSIGNMENT((#10702));
#10702 = SURFACE_STYLE_USAGE(.BOTH.,#10703);
#10703 = SURFACE_SIDE_STYLE('',(#10704,#10707));
#10704 = SURFACE_STYLE_FILL_AREA(#10705);
#10705 = FILL_AREA_STYLE('',(#10706));
#10706 = FILL_AREA_STYLE_COLOUR('',#8625);
#10707 = SURFACE_STYLE_RENDERING_WITH_PROPERTIES(.NORMAL_SHADING.,#8625,
  (#10708));
#10708 = SURFACE_STYLE_TRANSPARENT(0.);
#10709 = OVER_RIDING_STYLED_ITEM('overriding color',(#10710),#7531,#8618
  );
#10710 = PRESENTATION_STYLE_ASSIGNMENT((#10711));
#10711 = SURFACE_STYLE_USAGE(.BOTH.,#10712);
#10712 = SURFACE_SIDE_STYLE('',(#10713,#10716));
#10713 = SURFACE_STYLE_FILL_AREA(#10714);
#10714 = FILL_AREA_STYLE('',(#10715));
#10715 = FILL_AREA_STYLE_COLOUR('',#8625);
#10716 = SURFACE_STYLE_RENDERING_WITH_PROPERTIES(.NORMAL_SHADING.,#8625,
  (#10717));
#10717 = SURFACE_STYLE_TRANSPARENT(0.);
#10718 = OVER_RIDING_STYLED_ITEM('overriding color',(#10719),#7562,#8618
  );
#10719 = PRESENTATION_STYLE_ASSIGNMENT((#10720));
#10720 = SURFACE_STYLE_USAGE(.BOTH.,#10721);
#10721 = SURFACE_SIDE_STYLE('',(#10722,#10725));
#10722 = SURFACE_STYLE_FILL_AREA(#10723);
#10723 = FILL_AREA_STYLE('',(#10724));
#10724 = FILL_AREA_STYLE_COLOUR('',#8625);
#10725 = SURFACE_STYLE_RENDERING_WITH_PROPERTIES(.NORMAL_SHADING.,#8625,
  (#10726));
#10726 = SURFACE_STYLE_TRANSPARENT(0.);
#10727 = OVER_RIDING_STYLED_ITEM('overriding color',(#10728),#7586,#8618
  );
#10728 = PRESENTATION_STYLE_ASSIGNMENT((#10729));
#10729 = SURFACE_STYLE_USAGE(.BOTH.,#10730);
#10730 = SURFACE_SIDE_STYLE('',(#10731,#10734));
#10731 = SURFACE_STYLE_FILL_AREA(#10732);
#10732 = FILL_AREA_STYLE('',(#10733));
#10733 = FILL_AREA_STYLE_COLOUR('',#8625);
#10734 = SURFACE_STYLE_RENDERING_WITH_PROPERTIES(.NORMAL_SHADING.,#8625,
  (#10735));
#10735 = SURFACE_STYLE_TRANSPARENT(0.);
#10736 = OVER_RIDING_STYLED_ITEM('overriding color',(#10737),#7610,#8618
  );
#10737 = PRESENTATION_STYLE_ASSIGNMENT((#10738));
#10738 = SURFACE_STYLE_USAGE(.BOTH.,#10739);
#10739 = SURFACE_SIDE_STYLE('',(#10740,#10743));
#10740 = SURFACE_STYLE_FILL_AREA(#10741);
#10741 = FILL_AREA_STYLE('',(#10742));
#10742 = FILL_AREA_STYLE_COLOUR('',#8625);
#10743 = SURFACE_STYLE_RENDERING_WITH_PROPERTIES(.NORMAL_SHADING.,#8625,
  (#10744));
#10744 = SURFACE_STYLE_TRANSPARENT(0.);
#10745 = OVER_RIDING_STYLED_ITEM('overriding color',(#10746),#7627,#8618
  );
#10746 = PRESENTATION_STYLE_ASSIGNMENT((#10747));
#10747 = SURFACE_STYLE_USAGE(.BOTH.,#10748);
#10748 = SURFACE_SIDE_STYLE('',(#10749,#10752));
#10749 = SURFACE_STYLE_FILL_AREA(#10750);
#10750 = FILL_AREA_STYLE('',(#10751));
#10751 = FILL_AREA_STYLE_COLOUR('',#8625);
#10752 = SURFACE_STYLE_RENDERING_WITH_PROPERTIES(.NORMAL_SHADING.,#8625,
  (#10753));
#10753 = SURFACE_STYLE_TRANSPARENT(0.);
#10754 = OVER_RIDING_STYLED_ITEM('overriding color',(#10755),#7639,#8618
  );
#10755 = PRESENTATION_STYLE_ASSIGNMENT((#10756));
#10756 = SURFACE_STYLE_USAGE(.BOTH.,#10757);
#10757 = SURFACE_SIDE_STYLE('',(#10758,#10761));
#10758 = SURFACE_STYLE_FILL_AREA(#10759);
#10759 = FILL_AREA_STYLE('',(#10760));
#10760 = FILL_AREA_STYLE_COLOUR('',#8625);
#10761 = SURFACE_STYLE_RENDERING_WITH_PROPERTIES(.NORMAL_SHADING.,#8625,
  (#10762));
#10762 = SURFACE_STYLE_TRANSPARENT(0.);
#10763 = OVER_RIDING_STYLED_ITEM('overriding color',(#10764),#7670,#8618
  );
#10764 = PRESENTATION_STYLE_ASSIGNMENT((#10765));
#10765 = SURFACE_STYLE_USAGE(.BOTH.,#10766);
#10766 = SURFACE_SIDE_STYLE('',(#10767,#10770));
#10767 = SURFACE_STYLE_FILL_AREA(#10768);
#10768 = FILL_AREA_STYLE('',(#10769));
#10769 = FILL_AREA_STYLE_COLOUR('',#8625);
#10770 = SURFACE_STYLE_RENDERING_WITH_PROPERTIES(.NORMAL_SHADING.,#8625,
  (#10771));
#10771 = SURFACE_STYLE_TRANSPARENT(0.);
#10772 = OVER_RIDING_STYLED_ITEM('overriding color',(#10773),#7694,#8618
  );
#10773 = PRESENTATION_STYLE_ASSIGNMENT((#10774));
#10774 = SURFACE_STYLE_USAGE(.BOTH.,#10775);
#10775 = SURFACE_SIDE_STYLE('',(#10776,#10779));
#10776 = SURFACE_STYLE_FILL_AREA(#10777);
#10777 = FILL_AREA_STYLE('',(#10778));
#10778 = FILL_AREA_STYLE_COLOUR('',#8625);
#10779 = SURFACE_STYLE_RENDERING_WITH_PROPERTIES(.NORMAL_SHADING.,#8625,
  (#10780));
#10780 = SURFACE_STYLE_TRANSPARENT(0.);
#10781 = OVER_RIDING_STYLED_ITEM('overriding color',(#10782),#7718,#8618
  );
#10782 = PRESENTATION_STYLE_ASSIGNMENT((#10783));
#10783 = SURFACE_STYLE_USAGE(.BOTH.,#10784);
#10784 = SURFACE_SIDE_STYLE('',(#10785,#10788));
#10785 = SURFACE_STYLE_FILL_AREA(#10786);
#10786 = FILL_AREA_STYLE('',(#10787));
#10787 = FILL_AREA_STYLE_COLOUR('',#8625);
#10788 = SURFACE_STYLE_RENDERING_WITH_PROPERTIES(.NORMAL_SHADING.,#8625,
  (#10789));
#10789 = SURFACE_STYLE_TRANSPARENT(0.);
#10790 = OVER_RIDING_STYLED_ITEM('overriding color',(#10791),#7735,#8618
  );
#10791 = PRESENTATION_STYLE_ASSIGNMENT((#10792));
#10792 = SURFACE_STYLE_USAGE(.BOTH.,#10793);
#10793 = SURFACE_SIDE_STYLE('',(#10794,#10797));
#10794 = SURFACE_STYLE_FILL_AREA(#10795);
#10795 = FILL_AREA_STYLE('',(#10796));
#10796 = FILL_AREA_STYLE_COLOUR('',#8625);
#10797 = SURFACE_STYLE_RENDERING_WITH_PROPERTIES(.NORMAL_SHADING.,#8625,
  (#10798));
#10798 = SURFACE_STYLE_TRANSPARENT(0.);
#10799 = OVER_RIDING_STYLED_ITEM('overriding color',(#10800),#7747,#8618
  );
#10800 = PRESENTATION_STYLE_ASSIGNMENT((#10801));
#10801 = SURFACE_STYLE_USAGE(.BOTH.,#10802);
#10802 = SURFACE_SIDE_STYLE('',(#10803,#10806));
#10803 = SURFACE_STYLE_FILL_AREA(#10804);
#10804 = FILL_AREA_STYLE('',(#10805));
#10805 = FILL_AREA_STYLE_COLOUR('',#8625);
#10806 = SURFACE_STYLE_RENDERING_WITH_PROPERTIES(.NORMAL_SHADING.,#8625,
  (#10807));
#10807 = SURFACE_STYLE_TRANSPARENT(0.);
#10808 = OVER_RIDING_STYLED_ITEM('overriding color',(#10809),#7759,#8618
  );
#10809 = PRESENTATION_STYLE_ASSIGNMENT((#10810));
#10810 = SURFACE_STYLE_USAGE(.BOTH.,#10811);
#10811 = SURFACE_SIDE_STYLE('',(#10812,#10815));
#10812 = SURFACE_STYLE_FILL_AREA(#10813);
#10813 = FILL_AREA_STYLE('',(#10814));
#10814 = FILL_AREA_STYLE_COLOUR('',#8625);
#10815 = SURFACE_STYLE_RENDERING_WITH_PROPERTIES(.NORMAL_SHADING.,#8625,
  (#10816));
#10816 = SURFACE_STYLE_TRANSPARENT(0.);
#10817 = OVER_RIDING_STYLED_ITEM('overriding color',(#10818),#7790,#8618
  );
#10818 = PRESENTATION_STYLE_ASSIGNMENT((#10819));
#10819 = SURFACE_STYLE_USAGE(.BOTH.,#10820);
#10820 = SURFACE_SIDE_STYLE('',(#10821,#10824));
#10821 = SURFACE_STYLE_FILL_AREA(#10822);
#10822 = FILL_AREA_STYLE('',(#10823));
#10823 = FILL_AREA_STYLE_COLOUR('',#8625);
#10824 = SURFACE_STYLE_RENDERING_WITH_PROPERTIES(.NORMAL_SHADING.,#8625,
  (#10825));
#10825 = SURFACE_STYLE_TRANSPARENT(0.);
#10826 = OVER_RIDING_STYLED_ITEM('overriding color',(#10827),#7814,#8618
  );
#10827 = PRESENTATION_STYLE_ASSIGNMENT((#10828));
#10828 = SURFACE_STYLE_USAGE(.BOTH.,#10829);
#10829 = SURFACE_SIDE_STYLE('',(#10830,#10833));
#10830 = SURFACE_STYLE_FILL_AREA(#10831);
#10831 = FILL_AREA_STYLE('',(#10832));
#10832 = FILL_AREA_STYLE_COLOUR('',#8625);
#10833 = SURFACE_STYLE_RENDERING_WITH_PROPERTIES(.NORMAL_SHADING.,#8625,
  (#10834));
#10834 = SURFACE_STYLE_TRANSPARENT(0.);
#10835 = OVER_RIDING_STYLED_ITEM('overriding color',(#10836),#7838,#8618
  );
#10836 = PRESENTATION_STYLE_ASSIGNMENT((#10837));
#10837 = SURFACE_STYLE_USAGE(.BOTH.,#10838);
#10838 = SURFACE_SIDE_STYLE('',(#10839,#10842));
#10839 = SURFACE_STYLE_FILL_AREA(#10840);
#10840 = FILL_AREA_STYLE('',(#10841));
#10841 = FILL_AREA_STYLE_COLOUR('',#8625);
#10842 = SURFACE_STYLE_RENDERING_WITH_PROPERTIES(.NORMAL_SHADING.,#8625,
  (#10843));
#10843 = SURFACE_STYLE_TRANSPARENT(0.);
#10844 = OVER_RIDING_STYLED_ITEM('overriding color',(#10845),#7855,#8618
  );
#10845 = PRESENTATION_STYLE_ASSIGNMENT((#10846));
#10846 = SURFACE_STYLE_USAGE(.BOTH.,#10847);
#10847 = SURFACE_SIDE_STYLE('',(#10848,#10851));
#10848 = SURFACE_STYLE_FILL_AREA(#10849);
#10849 = FILL_AREA_STYLE('',(#10850));
#10850 = FILL_AREA_STYLE_COLOUR('',#8625);
#10851 = SURFACE_STYLE_RENDERING_WITH_PROPERTIES(.NORMAL_SHADING.,#8625,
  (#10852));
#10852 = SURFACE_STYLE_TRANSPARENT(0.);
#10853 = OVER_RIDING_STYLED_ITEM('overriding color',(#10854),#7867,#8618
  );
#10854 = PRESENTATION_STYLE_ASSIGNMENT((#10855));
#10855 = SURFACE_STYLE_USAGE(.BOTH.,#10856);
#10856 = SURFACE_SIDE_STYLE('',(#10857,#10860));
#10857 = SURFACE_STYLE_FILL_AREA(#10858);
#10858 = FILL_AREA_STYLE('',(#10859));
#10859 = FILL_AREA_STYLE_COLOUR('',#8625);
#10860 = SURFACE_STYLE_RENDERING_WITH_PROPERTIES(.NORMAL_SHADING.,#8625,
  (#10861));
#10861 = SURFACE_STYLE_TRANSPARENT(0.);
#10862 = OVER_RIDING_STYLED_ITEM('overriding color',(#10863),#7898,#8618
  );
#10863 = PRESENTATION_STYLE_ASSIGNMENT((#10864));
#10864 = SURFACE_STYLE_USAGE(.BOTH.,#10865);
#10865 = SURFACE_SIDE_STYLE('',(#10866,#10869));
#10866 = SURFACE_STYLE_FILL_AREA(#10867);
#10867 = FILL_AREA_STYLE('',(#10868));
#10868 = FILL_AREA_STYLE_COLOUR('',#8625);
#10869 = SURFACE_STYLE_RENDERING_WITH_PROPERTIES(.NORMAL_SHADING.,#8625,
  (#10870));
#10870 = SURFACE_STYLE_TRANSPARENT(0.);
#10871 = OVER_RIDING_STYLED_ITEM('overriding color',(#10872),#7922,#8618
  );
#10872 = PRESENTATION_STYLE_ASSIGNMENT((#10873));
#10873 = SURFACE_STYLE_USAGE(.BOTH.,#10874);
#10874 = SURFACE_SIDE_STYLE('',(#10875,#10878));
#10875 = SURFACE_STYLE_FILL_AREA(#10876);
#10876 = FILL_AREA_STYLE('',(#10877));
#10877 = FILL_AREA_STYLE_COLOUR('',#8625);
#10878 = SURFACE_STYLE_RENDERING_WITH_PROPERTIES(.NORMAL_SHADING.,#8625,
  (#10879));
#10879 = SURFACE_STYLE_TRANSPARENT(0.);
#10880 = OVER_RIDING_STYLED_ITEM('overriding color',(#10881),#7946,#8618
  );
#10881 = PRESENTATION_STYLE_ASSIGNMENT((#10882));
#10882 = SURFACE_STYLE_USAGE(.BOTH.,#10883);
#10883 = SURFACE_SIDE_STYLE('',(#10884,#10887));
#10884 = SURFACE_STYLE_FILL_AREA(#10885);
#10885 = FILL_AREA_STYLE('',(#10886));
#10886 = FILL_AREA_STYLE_COLOUR('',#8625);
#10887 = SURFACE_STYLE_RENDERING_WITH_PROPERTIES(.NORMAL_SHADING.,#8625,
  (#10888));
#10888 = SURFACE_STYLE_TRANSPARENT(0.);
#10889 = OVER_RIDING_STYLED_ITEM('overriding color',(#10890),#7963,#8618
  );
#10890 = PRESENTATION_STYLE_ASSIGNMENT((#10891));
#10891 = SURFACE_STYLE_USAGE(.BOTH.,#10892);
#10892 = SURFACE_SIDE_STYLE('',(#10893,#10896));
#10893 = SURFACE_STYLE_FILL_AREA(#10894);
#10894 = FILL_AREA_STYLE('',(#10895));
#10895 = FILL_AREA_STYLE_COLOUR('',#8625);
#10896 = SURFACE_STYLE_RENDERING_WITH_PROPERTIES(.NORMAL_SHADING.,#8625,
  (#10897));
#10897 = SURFACE_STYLE_TRANSPARENT(0.);
#10898 = OVER_RIDING_STYLED_ITEM('overriding color',(#10899),#7994,#8618
  );
#10899 = PRESENTATION_STYLE_ASSIGNMENT((#10900));
#10900 = SURFACE_STYLE_USAGE(.BOTH.,#10901);
#10901 = SURFACE_SIDE_STYLE('',(#10902,#10905));
#10902 = SURFACE_STYLE_FILL_AREA(#10903);
#10903 = FILL_AREA_STYLE('',(#10904));
#10904 = FILL_AREA_STYLE_COLOUR('',#8625);
#10905 = SURFACE_STYLE_RENDERING_WITH_PROPERTIES(.NORMAL_SHADING.,#8625,
  (#10906));
#10906 = SURFACE_STYLE_TRANSPARENT(0.);
#10907 = OVER_RIDING_STYLED_ITEM('overriding color',(#10908),#8018,#8618
  );
#10908 = PRESENTATION_STYLE_ASSIGNMENT((#10909));
#10909 = SURFACE_STYLE_USAGE(.BOTH.,#10910);
#10910 = SURFACE_SIDE_STYLE('',(#10911,#10914));
#10911 = SURFACE_STYLE_FILL_AREA(#10912);
#10912 = FILL_AREA_STYLE('',(#10913));
#10913 = FILL_AREA_STYLE_COLOUR('',#8625);
#10914 = SURFACE_STYLE_RENDERING_WITH_PROPERTIES(.NORMAL_SHADING.,#8625,
  (#10915));
#10915 = SURFACE_STYLE_TRANSPARENT(0.);
#10916 = OVER_RIDING_STYLED_ITEM('overriding color',(#10917),#8042,#8618
  );
#10917 = PRESENTATION_STYLE_ASSIGNMENT((#10918));
#10918 = SURFACE_STYLE_USAGE(.BOTH.,#10919);
#10919 = SURFACE_SIDE_STYLE('',(#10920,#10923));
#10920 = SURFACE_STYLE_FILL_AREA(#10921);
#10921 = FILL_AREA_STYLE('',(#10922));
#10922 = FILL_AREA_STYLE_COLOUR('',#8625);
#10923 = SURFACE_STYLE_RENDERING_WITH_PROPERTIES(.NORMAL_SHADING.,#8625,
  (#10924));
#10924 = SURFACE_STYLE_TRANSPARENT(0.);
#10925 = OVER_RIDING_STYLED_ITEM('overriding color',(#10926),#8059,#8618
  );
#10926 = PRESENTATION_STYLE_ASSIGNMENT((#10927));
#10927 = SURFACE_STYLE_USAGE(.BOTH.,#10928);
#10928 = SURFACE_SIDE_STYLE('',(#10929,#10932));
#10929 = SURFACE_STYLE_FILL_AREA(#10930);
#10930 = FILL_AREA_STYLE('',(#10931));
#10931 = FILL_AREA_STYLE_COLOUR('',#8625);
#10932 = SURFACE_STYLE_RENDERING_WITH_PROPERTIES(.NORMAL_SHADING.,#8625,
  (#10933));
#10933 = SURFACE_STYLE_TRANSPARENT(0.);
#10934 = OVER_RIDING_STYLED_ITEM('overriding color',(#10935),#8090,#8618
  );
#10935 = PRESENTATION_STYLE_ASSIGNMENT((#10936));
#10936 = SURFACE_STYLE_USAGE(.BOTH.,#10937);
#10937 = SURFACE_SIDE_STYLE('',(#10938,#10941));
#10938 = SURFACE_STYLE_FILL_AREA(#10939);
#10939 = FILL_AREA_STYLE('',(#10940));
#10940 = FILL_AREA_STYLE_COLOUR('',#8625);
#10941 = SURFACE_STYLE_RENDERING_WITH_PROPERTIES(.NORMAL_SHADING.,#8625,
  (#10942));
#10942 = SURFACE_STYLE_TRANSPARENT(0.);
#10943 = OVER_RIDING_STYLED_ITEM('overriding color',(#10944),#8114,#8618
  );
#10944 = PRESENTATION_STYLE_ASSIGNMENT((#10945));
#10945 = SURFACE_STYLE_USAGE(.BOTH.,#10946);
#10946 = SURFACE_SIDE_STYLE('',(#10947,#10950));
#10947 = SURFACE_STYLE_FILL_AREA(#10948);
#10948 = FILL_AREA_STYLE('',(#10949));
#10949 = FILL_AREA_STYLE_COLOUR('',#8625);
#10950 = SURFACE_STYLE_RENDERING_WITH_PROPERTIES(.NORMAL_SHADING.,#8625,
  (#10951));
#10951 = SURFACE_STYLE_TRANSPARENT(0.);
#10952 = OVER_RIDING_STYLED_ITEM('overriding color',(#10953),#8138,#8618
  );
#10953 = PRESENTATION_STYLE_ASSIGNMENT((#10954));
#10954 = SURFACE_STYLE_USAGE(.BOTH.,#10955);
#10955 = SURFACE_SIDE_STYLE('',(#10956,#10959));
#10956 = SURFACE_STYLE_FILL_AREA(#10957);
#10957 = FILL_AREA_STYLE('',(#10958));
#10958 = FILL_AREA_STYLE_COLOUR('',#8625);
#10959 = SURFACE_STYLE_RENDERING_WITH_PROPERTIES(.NORMAL_SHADING.,#8625,
  (#10960));
#10960 = SURFACE_STYLE_TRANSPARENT(0.);
#10961 = OVER_RIDING_STYLED_ITEM('overriding color',(#10962),#8155,#8618
  );
#10962 = PRESENTATION_STYLE_ASSIGNMENT((#10963));
#10963 = SURFACE_STYLE_USAGE(.BOTH.,#10964);
#10964 = SURFACE_SIDE_STYLE('',(#10965,#10968));
#10965 = SURFACE_STYLE_FILL_AREA(#10966);
#10966 = FILL_AREA_STYLE('',(#10967));
#10967 = FILL_AREA_STYLE_COLOUR('',#8625);
#10968 = SURFACE_STYLE_RENDERING_WITH_PROPERTIES(.NORMAL_SHADING.,#8625,
  (#10969));
#10969 = SURFACE_STYLE_TRANSPARENT(0.);
#10970 = OVER_RIDING_STYLED_ITEM('overriding color',(#10971),#8186,#8618
  );
#10971 = PRESENTATION_STYLE_ASSIGNMENT((#10972));
#10972 = SURFACE_STYLE_USAGE(.BOTH.,#10973);
#10973 = SURFACE_SIDE_STYLE('',(#10974,#10977));
#10974 = SURFACE_STYLE_FILL_AREA(#10975);
#10975 = FILL_AREA_STYLE('',(#10976));
#10976 = FILL_AREA_STYLE_COLOUR('',#8625);
#10977 = SURFACE_STYLE_RENDERING_WITH_PROPERTIES(.NORMAL_SHADING.,#8625,
  (#10978));
#10978 = SURFACE_STYLE_TRANSPARENT(0.);
#10979 = OVER_RIDING_STYLED_ITEM('overriding color',(#10980),#8210,#8618
  );
#10980 = PRESENTATION_STYLE_ASSIGNMENT((#10981));
#10981 = SURFACE_STYLE_USAGE(.BOTH.,#10982);
#10982 = SURFACE_SIDE_STYLE('',(#10983,#10986));
#10983 = SURFACE_STYLE_FILL_AREA(#10984);
#10984 = FILL_AREA_STYLE('',(#10985));
#10985 = FILL_AREA_STYLE_COLOUR('',#8625);
#10986 = SURFACE_STYLE_RENDERING_WITH_PROPERTIES(.NORMAL_SHADING.,#8625,
  (#10987));
#10987 = SURFACE_STYLE_TRANSPARENT(0.);
#10988 = OVER_RIDING_STYLED_ITEM('overriding color',(#10989),#8234,#8618
  );
#10989 = PRESENTATION_STYLE_ASSIGNMENT((#10990));
#10990 = SURFACE_STYLE_USAGE(.BOTH.,#10991);
#10991 = SURFACE_SIDE_STYLE('',(#10992,#10995));
#10992 = SURFACE_STYLE_FILL_AREA(#10993);
#10993 = FILL_AREA_STYLE('',(#10994));
#10994 = FILL_AREA_STYLE_COLOUR('',#8625);
#10995 = SURFACE_STYLE_RENDERING_WITH_PROPERTIES(.NORMAL_SHADING.,#8625,
  (#10996));
#10996 = SURFACE_STYLE_TRANSPARENT(0.);
#10997 = OVER_RIDING_STYLED_ITEM('overriding color',(#10998),#8251,#8618
  );
#10998 = PRESENTATION_STYLE_ASSIGNMENT((#10999));
#10999 = SURFACE_STYLE_USAGE(.BOTH.,#11000);
#11000 = SURFACE_SIDE_STYLE('',(#11001,#11004));
#11001 = SURFACE_STYLE_FILL_AREA(#11002);
#11002 = FILL_AREA_STYLE('',(#11003));
#11003 = FILL_AREA_STYLE_COLOUR('',#8625);
#11004 = SURFACE_STYLE_RENDERING_WITH_PROPERTIES(.NORMAL_SHADING.,#8625,
  (#11005));
#11005 = SURFACE_STYLE_TRANSPARENT(0.);
#11006 = OVER_RIDING_STYLED_ITEM('overriding color',(#11007),#8282,#8618
  );
#11007 = PRESENTATION_STYLE_ASSIGNMENT((#11008));
#11008 = SURFACE_STYLE_USAGE(.BOTH.,#11009);
#11009 = SURFACE_SIDE_STYLE('',(#11010,#11013));
#11010 = SURFACE_STYLE_FILL_AREA(#11011);
#11011 = FILL_AREA_STYLE('',(#11012));
#11012 = FILL_AREA_STYLE_COLOUR('',#8625);
#11013 = SURFACE_STYLE_RENDERING_WITH_PROPERTIES(.NORMAL_SHADING.,#8625,
  (#11014));
#11014 = SURFACE_STYLE_TRANSPARENT(0.);
#11015 = OVER_RIDING_STYLED_ITEM('overriding color',(#11016),#8306,#8618
  );
#11016 = PRESENTATION_STYLE_ASSIGNMENT((#11017));
#11017 = SURFACE_STYLE_USAGE(.BOTH.,#11018);
#11018 = SURFACE_SIDE_STYLE('',(#11019,#11022));
#11019 = SURFACE_STYLE_FILL_AREA(#11020);
#11020 = FILL_AREA_STYLE('',(#11021));
#11021 = FILL_AREA_STYLE_COLOUR('',#8625);
#11022 = SURFACE_STYLE_RENDERING_WITH_PROPERTIES(.NORMAL_SHADING.,#8625,
  (#11023));
#11023 = SURFACE_STYLE_TRANSPARENT(0.);
#11024 = OVER_RIDING_STYLED_ITEM('overriding color',(#11025),#8330,#8618
  );
#11025 = PRESENTATION_STYLE_ASSIGNMENT((#11026));
#11026 = SURFACE_STYLE_USAGE(.BOTH.,#11027);
#11027 = SURFACE_SIDE_STYLE('',(#11028,#11031));
#11028 = SURFACE_STYLE_FILL_AREA(#11029);
#11029 = FILL_AREA_STYLE('',(#11030));
#11030 = FILL_AREA_STYLE_COLOUR('',#8625);
#11031 = SURFACE_STYLE_RENDERING_WITH_PROPERTIES(.NORMAL_SHADING.,#8625,
  (#11032));
#11032 = SURFACE_STYLE_TRANSPARENT(0.);
#11033 = OVER_RIDING_STYLED_ITEM('overriding color',(#11034),#8347,#8618
  );
#11034 = PRESENTATION_STYLE_ASSIGNMENT((#11035));
#11035 = SURFACE_STYLE_USAGE(.BOTH.,#11036);
#11036 = SURFACE_SIDE_STYLE('',(#11037,#11040));
#11037 = SURFACE_STYLE_FILL_AREA(#11038);
#11038 = FILL_AREA_STYLE('',(#11039));
#11039 = FILL_AREA_STYLE_COLOUR('',#8625);
#11040 = SURFACE_STYLE_RENDERING_WITH_PROPERTIES(.NORMAL_SHADING.,#8625,
  (#11041));
#11041 = SURFACE_STYLE_TRANSPARENT(0.);
#11042 = OVER_RIDING_STYLED_ITEM('overriding color',(#11043),#8378,#8618
  );
#11043 = PRESENTATION_STYLE_ASSIGNMENT((#11044));
#11044 = SURFACE_STYLE_USAGE(.BOTH.,#11045);
#11045 = SURFACE_SIDE_STYLE('',(#11046,#11049));
#11046 = SURFACE_STYLE_FILL_AREA(#11047);
#11047 = FILL_AREA_STYLE('',(#11048));
#11048 = FILL_AREA_STYLE_COLOUR('',#8625);
#11049 = SURFACE_STYLE_RENDERING_WITH_PROPERTIES(.NORMAL_SHADING.,#8625,
  (#11050));
#11050 = SURFACE_STYLE_TRANSPARENT(0.);
#11051 = OVER_RIDING_STYLED_ITEM('overriding color',(#11052),#8402,#8618
  );
#11052 = PRESENTATION_STYLE_ASSIGNMENT((#11053));
#11053 = SURFACE_STYLE_USAGE(.BOTH.,#11054);
#11054 = SURFACE_SIDE_STYLE('',(#11055,#11058));
#11055 = SURFACE_STYLE_FILL_AREA(#11056);
#11056 = FILL_AREA_STYLE('',(#11057));
#11057 = FILL_AREA_STYLE_COLOUR('',#8625);
#11058 = SURFACE_STYLE_RENDERING_WITH_PROPERTIES(.NORMAL_SHADING.,#8625,
  (#11059));
#11059 = SURFACE_STYLE_TRANSPARENT(0.);
#11060 = OVER_RIDING_STYLED_ITEM('overriding color',(#11061),#8426,#8618
  );
#11061 = PRESENTATION_STYLE_ASSIGNMENT((#11062));
#11062 = SURFACE_STYLE_USAGE(.BOTH.,#11063);
#11063 = SURFACE_SIDE_STYLE('',(#11064,#11067));
#11064 = SURFACE_STYLE_FILL_AREA(#11065);
#11065 = FILL_AREA_STYLE('',(#11066));
#11066 = FILL_AREA_STYLE_COLOUR('',#8625);
#11067 = SURFACE_STYLE_RENDERING_WITH_PROPERTIES(.NORMAL_SHADING.,#8625,
  (#11068));
#11068 = SURFACE_STYLE_TRANSPARENT(0.);
#11069 = OVER_RIDING_STYLED_ITEM('overriding color',(#11070),#8443,#8618
  );
#11070 = PRESENTATION_STYLE_ASSIGNMENT((#11071));
#11071 = SURFACE_STYLE_USAGE(.BOTH.,#11072);
#11072 = SURFACE_SIDE_STYLE('',(#11073,#11076));
#11073 = SURFACE_STYLE_FILL_AREA(#11074);
#11074 = FILL_AREA_STYLE('',(#11075));
#11075 = FILL_AREA_STYLE_COLOUR('',#8625);
#11076 = SURFACE_STYLE_RENDERING_WITH_PROPERTIES(.NORMAL_SHADING.,#8625,
  (#11077));
#11077 = SURFACE_STYLE_TRANSPARENT(0.);
#11078 = OVER_RIDING_STYLED_ITEM('overriding color',(#11079),#8474,#8618
  );
#11079 = PRESENTATION_STYLE_ASSIGNMENT((#11080));
#11080 = SURFACE_STYLE_USAGE(.BOTH.,#11081);
#11081 = SURFACE_SIDE_STYLE('',(#11082,#11085));
#11082 = SURFACE_STYLE_FILL_AREA(#11083);
#11083 = FILL_AREA_STYLE('',(#11084));
#11084 = FILL_AREA_STYLE_COLOUR('',#8625);
#11085 = SURFACE_STYLE_RENDERING_WITH_PROPERTIES(.NORMAL_SHADING.,#8625,
  (#11086));
#11086 = SURFACE_STYLE_TRANSPARENT(0.);
#11087 = OVER_RIDING_STYLED_ITEM('overriding color',(#11088),#8498,#8618
  );
#11088 = PRESENTATION_STYLE_ASSIGNMENT((#11089));
#11089 = SURFACE_STYLE_USAGE(.BOTH.,#11090);
#11090 = SURFACE_SIDE_STYLE('',(#11091,#11094));
#11091 = SURFACE_STYLE_FILL_AREA(#11092);
#11092 = FILL_AREA_STYLE('',(#11093));
#11093 = FILL_AREA_STYLE_COLOUR('',#8625);
#11094 = SURFACE_STYLE_RENDERING_WITH_PROPERTIES(.NORMAL_SHADING.,#8625,
  (#11095));
#11095 = SURFACE_STYLE_TRANSPARENT(0.);
#11096 = OVER_RIDING_STYLED_ITEM('overriding color',(#11097),#8522,#8618
  );
#11097 = PRESENTATION_STYLE_ASSIGNMENT((#11098));
#11098 = SURFACE_STYLE_USAGE(.BOTH.,#11099);
#11099 = SURFACE_SIDE_STYLE('',(#11100,#11103));
#11100 = SURFACE_STYLE_FILL_AREA(#11101);
#11101 = FILL_AREA_STYLE('',(#11102));
#11102 = FILL_AREA_STYLE_COLOUR('',#8625);
#11103 = SURFACE_STYLE_RENDERING_WITH_PROPERTIES(.NORMAL_SHADING.,#8625,
  (#11104));
#11104 = SURFACE_STYLE_TRANSPARENT(0.);
#11105 = OVER_RIDING_STYLED_ITEM('overriding color',(#11106),#8539,#8618
  );
#11106 = PRESENTATION_STYLE_ASSIGNMENT((#11107));
#11107 = SURFACE_STYLE_USAGE(.BOTH.,#11108);
#11108 = SURFACE_SIDE_STYLE('',(#11109,#11112));
#11109 = SURFACE_STYLE_FILL_AREA(#11110);
#11110 = FILL_AREA_STYLE('',(#11111));
#11111 = FILL_AREA_STYLE_COLOUR('',#8625);
#11112 = SURFACE_STYLE_RENDERING_WITH_PROPERTIES(.NORMAL_SHADING.,#8625,
  (#11113));
#11113 = SURFACE_STYLE_TRANSPARENT(0.);
#11114 = OVER_RIDING_STYLED_ITEM('overriding color',(#11115),#8551,#8618
  );
#11115 = PRESENTATION_STYLE_ASSIGNMENT((#11116));
#11116 = SURFACE_STYLE_USAGE(.BOTH.,#11117);
#11117 = SURFACE_SIDE_STYLE('',(#11118,#11121));
#11118 = SURFACE_STYLE_FILL_AREA(#11119);
#11119 = FILL_AREA_STYLE('',(#11120));
#11120 = FILL_AREA_STYLE_COLOUR('',#8625);
#11121 = SURFACE_STYLE_RENDERING_WITH_PROPERTIES(.NORMAL_SHADING.,#8625,
  (#11122));
#11122 = SURFACE_STYLE_TRANSPARENT(0.);
#11123 = OVER_RIDING_STYLED_ITEM('overriding color',(#11124),#8563,#8618
  );
#11124 = PRESENTATION_STYLE_ASSIGNMENT((#11125));
#11125 = SURFACE_STYLE_USAGE(.BOTH.,#11126);
#11126 = SURFACE_SIDE_STYLE('',(#11127,#11130));
#11127 = SURFACE_STYLE_FILL_AREA(#11128);
#11128 = FILL_AREA_STYLE('',(#11129));
#11129 = FILL_AREA_STYLE_COLOUR('',#8625);
#11130 = SURFACE_STYLE_RENDERING_WITH_PROPERTIES(.NORMAL_SHADING.,#8625,
  (#11131));
#11131 = SURFACE_STYLE_TRANSPARENT(0.);
#11132 = OVER_RIDING_STYLED_ITEM('overriding color',(#11133),#8575,#8618
  );
#11133 = PRESENTATION_STYLE_ASSIGNMENT((#11134));
#11134 = SURFACE_STYLE_USAGE(.BOTH.,#11135);
#11135 = SURFACE_SIDE_STYLE('',(#11136,#11139));
#11136 = SURFACE_STYLE_FILL_AREA(#11137);
#11137 = FILL_AREA_STYLE('',(#11138));
#11138 = FILL_AREA_STYLE_COLOUR('',#8625);
#11139 = SURFACE_STYLE_RENDERING_WITH_PROPERTIES(.NORMAL_SHADING.,#8625,
  (#11140));
#11140 = SURFACE_STYLE_TRANSPARENT(0.);
#11141 = OVER_RIDING_STYLED_ITEM('overriding color',(#11142),#8587,#8618
  );
#11142 = PRESENTATION_STYLE_ASSIGNMENT((#11143));
#11143 = SURFACE_STYLE_USAGE(.BOTH.,#11144);
#11144 = SURFACE_SIDE_STYLE('',(#11145,#11148));
#11145 = SURFACE_STYLE_FILL_AREA(#11146);
#11146 = FILL_AREA_STYLE('',(#11147));
#11147 = FILL_AREA_STYLE_COLOUR('',#8625);
#11148 = SURFACE_STYLE_RENDERING_WITH_PROPERTIES(.NORMAL_SHADING.,#8625,
  (#11149));
#11149 = SURFACE_STYLE_TRANSPARENT(0.);
#11150 = OVER_RIDING_STYLED_ITEM('overriding color',(#11151),#8599,#8618
  );
#11151 = PRESENTATION_STYLE_ASSIGNMENT((#11152));
#11152 = SURFACE_STYLE_USAGE(.BOTH.,#11153);
#11153 = SURFACE_SIDE_STYLE('',(#11154,#11157));
#11154 = SURFACE_STYLE_FILL_AREA(#11155);
#11155 = FILL_AREA_STYLE('',(#11156));
#11156 = FILL_AREA_STYLE_COLOUR('',#8625);
#11157 = SURFACE_STYLE_RENDERING_WITH_PROPERTIES(.NORMAL_SHADING.,#8625,
  (#11158));
#11158 = SURFACE_STYLE_TRANSPARENT(0.);
ENDSEC;
END-ISO-10303-21;
