ISO-10303-21;
HEADER;
/* Generated by software containing ST-Developer
 * from STEP Tools, Inc. (www.steptools.com) 
 */

FILE_DESCRIPTION(
/* description */ (''),
/* implementation_level */ '2;1');

FILE_NAME(
/* name */ 'SRX883Pro.step.step',
/* time_stamp */ '2025-08-29T18:48:59-04:00',
/* author */ (''),
/* organization */ (''),
/* preprocessor_version */ 'ST-DEVELOPER v20.1',
/* originating_system */ 'Autodesk Translation Framework v14.10.0.0',
/* authorisation */ '');

FILE_SCHEMA (('AUTOMOTIVE_DESIGN { 1 0 10303 214 3 1 1 }'));
ENDSEC;

DATA;
#10=MECHANICAL_DESIGN_GEOMETRIC_PRESENTATION_REPRESENTATION('',(#95,#96,
#97,#98,#99,#100,#101,#102,#103,#104),#3680);
#11=SHAPE_REPRESENTATION_RELATIONSHIP('SRR','None',#3687,#12);
#12=ADVANCED_BREP_SHAPE_REPRESENTATION('',(#105,#106,#107,#108,#109,#110,
#111,#112,#113,#114),#3679);
#13=SPHERICAL_SURFACE('',#2406,0.1);
#14=SPHERICAL_SURFACE('',#2412,0.1);
#15=SPHERICAL_SURFACE('',#2418,0.1);
#16=SPHERICAL_SURFACE('',#2425,0.1);
#17=FACE_BOUND('',#295,.T.);
#18=FACE_BOUND('',#297,.T.);
#19=FACE_BOUND('',#306,.T.);
#20=FACE_BOUND('',#308,.T.);
#21=FACE_BOUND('',#325,.T.);
#22=FACE_BOUND('',#327,.T.);
#23=FACE_BOUND('',#336,.T.);
#24=FACE_BOUND('',#338,.T.);
#25=FACE_BOUND('',#347,.T.);
#26=FACE_BOUND('',#349,.T.);
#27=FACE_BOUND('',#358,.T.);
#28=FACE_BOUND('',#360,.T.);
#29=CIRCLE('',#2312,0.375);
#30=CIRCLE('',#2313,0.375);
#31=CIRCLE('',#2322,0.375);
#32=CIRCLE('',#2323,0.375);
#33=CIRCLE('',#2326,0.375);
#34=CIRCLE('',#2327,0.375);
#35=CIRCLE('',#2335,0.375);
#36=CIRCLE('',#2336,0.375);
#37=CIRCLE('',#2339,0.375);
#38=CIRCLE('',#2340,0.375);
#39=CIRCLE('',#2346,0.375000000000001);
#40=CIRCLE('',#2347,0.375000000000001);
#41=CIRCLE('',#2358,0.375000000000001);
#42=CIRCLE('',#2359,0.375000000000001);
#43=CIRCLE('',#2362,0.375000000000001);
#44=CIRCLE('',#2363,0.375000000000001);
#45=CIRCLE('',#2371,0.375);
#46=CIRCLE('',#2372,0.375);
#47=CIRCLE('',#2375,0.375);
#48=CIRCLE('',#2376,0.375);
#49=CIRCLE('',#2384,0.375);
#50=CIRCLE('',#2385,0.375);
#51=CIRCLE('',#2388,0.375);
#52=CIRCLE('',#2389,0.375);
#53=CIRCLE('',#2397,0.375000000000001);
#54=CIRCLE('',#2398,0.375000000000001);
#55=CIRCLE('',#2401,0.375000000000001);
#56=CIRCLE('',#2402,0.375000000000001);
#57=CIRCLE('',#2407,0.1);
#58=CIRCLE('',#2408,0.1);
#59=CIRCLE('',#2409,0.1);
#60=CIRCLE('',#2411,0.1);
#61=CIRCLE('',#2413,0.1);
#62=CIRCLE('',#2414,0.1);
#63=CIRCLE('',#2415,0.1);
#64=CIRCLE('',#2417,0.1);
#65=CIRCLE('',#2419,0.1);
#66=CIRCLE('',#2420,0.1);
#67=CIRCLE('',#2421,0.1);
#68=CIRCLE('',#2423,0.1);
#69=CIRCLE('',#2426,0.1);
#70=CIRCLE('',#2427,0.1);
#71=CIRCLE('',#2428,0.1);
#72=CIRCLE('',#2430,0.1);
#73=CYLINDRICAL_SURFACE('',#2311,0.375);
#74=CYLINDRICAL_SURFACE('',#2321,0.375);
#75=CYLINDRICAL_SURFACE('',#2325,0.375);
#76=CYLINDRICAL_SURFACE('',#2334,0.375);
#77=CYLINDRICAL_SURFACE('',#2338,0.375);
#78=CYLINDRICAL_SURFACE('',#2345,0.375000000000001);
#79=CYLINDRICAL_SURFACE('',#2357,0.375000000000001);
#80=CYLINDRICAL_SURFACE('',#2361,0.375000000000001);
#81=CYLINDRICAL_SURFACE('',#2370,0.375);
#82=CYLINDRICAL_SURFACE('',#2374,0.375);
#83=CYLINDRICAL_SURFACE('',#2383,0.375);
#84=CYLINDRICAL_SURFACE('',#2387,0.375);
#85=CYLINDRICAL_SURFACE('',#2396,0.375000000000001);
#86=CYLINDRICAL_SURFACE('',#2400,0.375000000000001);
#87=CYLINDRICAL_SURFACE('',#2410,0.1);
#88=CYLINDRICAL_SURFACE('',#2416,0.1);
#89=CYLINDRICAL_SURFACE('',#2422,0.1);
#90=CYLINDRICAL_SURFACE('',#2424,0.1);
#91=CYLINDRICAL_SURFACE('',#2429,0.1);
#92=CYLINDRICAL_SURFACE('',#2431,0.1);
#93=CYLINDRICAL_SURFACE('',#2432,0.1);
#94=CYLINDRICAL_SURFACE('',#2433,0.1);
#95=STYLED_ITEM('',(#3697),#105);
#96=STYLED_ITEM('',(#3698),#106);
#97=STYLED_ITEM('',(#3698),#107);
#98=STYLED_ITEM('',(#3698),#108);
#99=STYLED_ITEM('',(#3698),#109);
#100=STYLED_ITEM('',(#3698),#110);
#101=STYLED_ITEM('',(#3698),#111);
#102=STYLED_ITEM('',(#3698),#112);
#103=STYLED_ITEM('',(#3698),#113);
#104=STYLED_ITEM('',(#3699),#114);
#105=MANIFOLD_SOLID_BREP('Body1',#2247);
#106=MANIFOLD_SOLID_BREP('Body8',#2248);
#107=MANIFOLD_SOLID_BREP('Body6',#2249);
#108=MANIFOLD_SOLID_BREP('Body7',#2250);
#109=MANIFOLD_SOLID_BREP('Body5',#2251);
#110=MANIFOLD_SOLID_BREP('Body2',#2252);
#111=MANIFOLD_SOLID_BREP('Body3',#2253);
#112=MANIFOLD_SOLID_BREP('Body4',#2254);
#113=MANIFOLD_SOLID_BREP('Body9',#2255);
#114=MANIFOLD_SOLID_BREP('Body10',#2256);
#115=FACE_OUTER_BOUND('',#241,.T.);
#116=FACE_OUTER_BOUND('',#242,.T.);
#117=FACE_OUTER_BOUND('',#243,.T.);
#118=FACE_OUTER_BOUND('',#244,.T.);
#119=FACE_OUTER_BOUND('',#245,.T.);
#120=FACE_OUTER_BOUND('',#246,.T.);
#121=FACE_OUTER_BOUND('',#247,.T.);
#122=FACE_OUTER_BOUND('',#248,.T.);
#123=FACE_OUTER_BOUND('',#249,.T.);
#124=FACE_OUTER_BOUND('',#250,.T.);
#125=FACE_OUTER_BOUND('',#251,.T.);
#126=FACE_OUTER_BOUND('',#252,.T.);
#127=FACE_OUTER_BOUND('',#253,.T.);
#128=FACE_OUTER_BOUND('',#254,.T.);
#129=FACE_OUTER_BOUND('',#255,.T.);
#130=FACE_OUTER_BOUND('',#256,.T.);
#131=FACE_OUTER_BOUND('',#257,.T.);
#132=FACE_OUTER_BOUND('',#258,.T.);
#133=FACE_OUTER_BOUND('',#259,.T.);
#134=FACE_OUTER_BOUND('',#260,.T.);
#135=FACE_OUTER_BOUND('',#261,.T.);
#136=FACE_OUTER_BOUND('',#262,.T.);
#137=FACE_OUTER_BOUND('',#263,.T.);
#138=FACE_OUTER_BOUND('',#264,.T.);
#139=FACE_OUTER_BOUND('',#265,.T.);
#140=FACE_OUTER_BOUND('',#266,.T.);
#141=FACE_OUTER_BOUND('',#267,.T.);
#142=FACE_OUTER_BOUND('',#268,.T.);
#143=FACE_OUTER_BOUND('',#269,.T.);
#144=FACE_OUTER_BOUND('',#270,.T.);
#145=FACE_OUTER_BOUND('',#271,.T.);
#146=FACE_OUTER_BOUND('',#272,.T.);
#147=FACE_OUTER_BOUND('',#273,.T.);
#148=FACE_OUTER_BOUND('',#274,.T.);
#149=FACE_OUTER_BOUND('',#275,.T.);
#150=FACE_OUTER_BOUND('',#276,.T.);
#151=FACE_OUTER_BOUND('',#277,.T.);
#152=FACE_OUTER_BOUND('',#278,.T.);
#153=FACE_OUTER_BOUND('',#279,.T.);
#154=FACE_OUTER_BOUND('',#280,.T.);
#155=FACE_OUTER_BOUND('',#281,.T.);
#156=FACE_OUTER_BOUND('',#282,.T.);
#157=FACE_OUTER_BOUND('',#283,.T.);
#158=FACE_OUTER_BOUND('',#284,.T.);
#159=FACE_OUTER_BOUND('',#285,.T.);
#160=FACE_OUTER_BOUND('',#286,.T.);
#161=FACE_OUTER_BOUND('',#287,.T.);
#162=FACE_OUTER_BOUND('',#288,.T.);
#163=FACE_OUTER_BOUND('',#289,.T.);
#164=FACE_OUTER_BOUND('',#290,.T.);
#165=FACE_OUTER_BOUND('',#291,.T.);
#166=FACE_OUTER_BOUND('',#292,.T.);
#167=FACE_OUTER_BOUND('',#293,.T.);
#168=FACE_OUTER_BOUND('',#294,.T.);
#169=FACE_OUTER_BOUND('',#296,.T.);
#170=FACE_OUTER_BOUND('',#298,.T.);
#171=FACE_OUTER_BOUND('',#299,.T.);
#172=FACE_OUTER_BOUND('',#300,.T.);
#173=FACE_OUTER_BOUND('',#301,.T.);
#174=FACE_OUTER_BOUND('',#302,.T.);
#175=FACE_OUTER_BOUND('',#303,.T.);
#176=FACE_OUTER_BOUND('',#304,.T.);
#177=FACE_OUTER_BOUND('',#305,.T.);
#178=FACE_OUTER_BOUND('',#307,.T.);
#179=FACE_OUTER_BOUND('',#309,.T.);
#180=FACE_OUTER_BOUND('',#310,.T.);
#181=FACE_OUTER_BOUND('',#311,.T.);
#182=FACE_OUTER_BOUND('',#312,.T.);
#183=FACE_OUTER_BOUND('',#313,.T.);
#184=FACE_OUTER_BOUND('',#314,.T.);
#185=FACE_OUTER_BOUND('',#315,.T.);
#186=FACE_OUTER_BOUND('',#316,.T.);
#187=FACE_OUTER_BOUND('',#317,.T.);
#188=FACE_OUTER_BOUND('',#318,.T.);
#189=FACE_OUTER_BOUND('',#319,.T.);
#190=FACE_OUTER_BOUND('',#320,.T.);
#191=FACE_OUTER_BOUND('',#321,.T.);
#192=FACE_OUTER_BOUND('',#322,.T.);
#193=FACE_OUTER_BOUND('',#323,.T.);
#194=FACE_OUTER_BOUND('',#324,.T.);
#195=FACE_OUTER_BOUND('',#326,.T.);
#196=FACE_OUTER_BOUND('',#328,.T.);
#197=FACE_OUTER_BOUND('',#329,.T.);
#198=FACE_OUTER_BOUND('',#330,.T.);
#199=FACE_OUTER_BOUND('',#331,.T.);
#200=FACE_OUTER_BOUND('',#332,.T.);
#201=FACE_OUTER_BOUND('',#333,.T.);
#202=FACE_OUTER_BOUND('',#334,.T.);
#203=FACE_OUTER_BOUND('',#335,.T.);
#204=FACE_OUTER_BOUND('',#337,.T.);
#205=FACE_OUTER_BOUND('',#339,.T.);
#206=FACE_OUTER_BOUND('',#340,.T.);
#207=FACE_OUTER_BOUND('',#341,.T.);
#208=FACE_OUTER_BOUND('',#342,.T.);
#209=FACE_OUTER_BOUND('',#343,.T.);
#210=FACE_OUTER_BOUND('',#344,.T.);
#211=FACE_OUTER_BOUND('',#345,.T.);
#212=FACE_OUTER_BOUND('',#346,.T.);
#213=FACE_OUTER_BOUND('',#348,.T.);
#214=FACE_OUTER_BOUND('',#350,.T.);
#215=FACE_OUTER_BOUND('',#351,.T.);
#216=FACE_OUTER_BOUND('',#352,.T.);
#217=FACE_OUTER_BOUND('',#353,.T.);
#218=FACE_OUTER_BOUND('',#354,.T.);
#219=FACE_OUTER_BOUND('',#355,.T.);
#220=FACE_OUTER_BOUND('',#356,.T.);
#221=FACE_OUTER_BOUND('',#357,.T.);
#222=FACE_OUTER_BOUND('',#359,.T.);
#223=FACE_OUTER_BOUND('',#361,.T.);
#224=FACE_OUTER_BOUND('',#362,.T.);
#225=FACE_OUTER_BOUND('',#363,.T.);
#226=FACE_OUTER_BOUND('',#364,.T.);
#227=FACE_OUTER_BOUND('',#365,.T.);
#228=FACE_OUTER_BOUND('',#366,.T.);
#229=FACE_OUTER_BOUND('',#367,.T.);
#230=FACE_OUTER_BOUND('',#368,.T.);
#231=FACE_OUTER_BOUND('',#369,.T.);
#232=FACE_OUTER_BOUND('',#370,.T.);
#233=FACE_OUTER_BOUND('',#371,.T.);
#234=FACE_OUTER_BOUND('',#372,.T.);
#235=FACE_OUTER_BOUND('',#373,.T.);
#236=FACE_OUTER_BOUND('',#374,.T.);
#237=FACE_OUTER_BOUND('',#375,.T.);
#238=FACE_OUTER_BOUND('',#376,.T.);
#239=FACE_OUTER_BOUND('',#377,.T.);
#240=FACE_OUTER_BOUND('',#378,.T.);
#241=EDGE_LOOP('',(#1409,#1410,#1411,#1412));
#242=EDGE_LOOP('',(#1413,#1414,#1415,#1416));
#243=EDGE_LOOP('',(#1417,#1418,#1419,#1420));
#244=EDGE_LOOP('',(#1421,#1422,#1423,#1424));
#245=EDGE_LOOP('',(#1425,#1426,#1427,#1428));
#246=EDGE_LOOP('',(#1429,#1430,#1431,#1432));
#247=EDGE_LOOP('',(#1433,#1434,#1435,#1436));
#248=EDGE_LOOP('',(#1437,#1438,#1439,#1440));
#249=EDGE_LOOP('',(#1441,#1442,#1443,#1444));
#250=EDGE_LOOP('',(#1445,#1446,#1447,#1448));
#251=EDGE_LOOP('',(#1449,#1450,#1451,#1452));
#252=EDGE_LOOP('',(#1453,#1454,#1455,#1456));
#253=EDGE_LOOP('',(#1457,#1458,#1459,#1460));
#254=EDGE_LOOP('',(#1461,#1462,#1463,#1464));
#255=EDGE_LOOP('',(#1465,#1466,#1467,#1468));
#256=EDGE_LOOP('',(#1469,#1470,#1471,#1472));
#257=EDGE_LOOP('',(#1473,#1474,#1475,#1476));
#258=EDGE_LOOP('',(#1477,#1478,#1479,#1480));
#259=EDGE_LOOP('',(#1481,#1482,#1483,#1484));
#260=EDGE_LOOP('',(#1485,#1486,#1487,#1488));
#261=EDGE_LOOP('',(#1489,#1490,#1491,#1492));
#262=EDGE_LOOP('',(#1493,#1494,#1495,#1496));
#263=EDGE_LOOP('',(#1497,#1498,#1499,#1500));
#264=EDGE_LOOP('',(#1501,#1502,#1503,#1504));
#265=EDGE_LOOP('',(#1505,#1506,#1507,#1508));
#266=EDGE_LOOP('',(#1509,#1510,#1511,#1512));
#267=EDGE_LOOP('',(#1513,#1514,#1515,#1516));
#268=EDGE_LOOP('',(#1517,#1518,#1519,#1520));
#269=EDGE_LOOP('',(#1521,#1522,#1523,#1524));
#270=EDGE_LOOP('',(#1525,#1526,#1527,#1528));
#271=EDGE_LOOP('',(#1529,#1530,#1531,#1532));
#272=EDGE_LOOP('',(#1533,#1534,#1535,#1536));
#273=EDGE_LOOP('',(#1537,#1538,#1539,#1540));
#274=EDGE_LOOP('',(#1541,#1542,#1543,#1544));
#275=EDGE_LOOP('',(#1545,#1546,#1547,#1548));
#276=EDGE_LOOP('',(#1549,#1550,#1551,#1552));
#277=EDGE_LOOP('',(#1553,#1554,#1555,#1556,#1557,#1558,#1559,#1560,#1561,
#1562,#1563,#1564,#1565,#1566,#1567,#1568,#1569,#1570,#1571,#1572,#1573,
#1574,#1575,#1576,#1577,#1578,#1579,#1580,#1581,#1582,#1583,#1584,#1585,
#1586,#1587,#1588));
#278=EDGE_LOOP('',(#1589,#1590,#1591,#1592,#1593,#1594,#1595,#1596,#1597,
#1598,#1599,#1600,#1601,#1602,#1603,#1604,#1605,#1606,#1607,#1608,#1609,
#1610,#1611,#1612,#1613,#1614,#1615,#1616,#1617,#1618,#1619,#1620,#1621,
#1622,#1623,#1624));
#279=EDGE_LOOP('',(#1625,#1626,#1627,#1628));
#280=EDGE_LOOP('',(#1629,#1630,#1631,#1632));
#281=EDGE_LOOP('',(#1633,#1634,#1635,#1636));
#282=EDGE_LOOP('',(#1637,#1638,#1639,#1640));
#283=EDGE_LOOP('',(#1641,#1642,#1643,#1644));
#284=EDGE_LOOP('',(#1645,#1646,#1647,#1648));
#285=EDGE_LOOP('',(#1649,#1650,#1651,#1652,#1653,#1654));
#286=EDGE_LOOP('',(#1655,#1656,#1657,#1658,#1659,#1660));
#287=EDGE_LOOP('',(#1661,#1662,#1663,#1664));
#288=EDGE_LOOP('',(#1665,#1666,#1667,#1668));
#289=EDGE_LOOP('',(#1669,#1670,#1671,#1672));
#290=EDGE_LOOP('',(#1673,#1674,#1675,#1676));
#291=EDGE_LOOP('',(#1677,#1678,#1679,#1680));
#292=EDGE_LOOP('',(#1681,#1682,#1683,#1684));
#293=EDGE_LOOP('',(#1685,#1686,#1687,#1688));
#294=EDGE_LOOP('',(#1689,#1690,#1691,#1692,#1693,#1694));
#295=EDGE_LOOP('',(#1695));
#296=EDGE_LOOP('',(#1696,#1697,#1698,#1699,#1700,#1701));
#297=EDGE_LOOP('',(#1702));
#298=EDGE_LOOP('',(#1703,#1704,#1705,#1706));
#299=EDGE_LOOP('',(#1707,#1708,#1709,#1710));
#300=EDGE_LOOP('',(#1711,#1712,#1713,#1714));
#301=EDGE_LOOP('',(#1715,#1716,#1717,#1718));
#302=EDGE_LOOP('',(#1719,#1720,#1721,#1722));
#303=EDGE_LOOP('',(#1723,#1724,#1725,#1726));
#304=EDGE_LOOP('',(#1727,#1728,#1729,#1730));
#305=EDGE_LOOP('',(#1731,#1732,#1733,#1734,#1735,#1736));
#306=EDGE_LOOP('',(#1737));
#307=EDGE_LOOP('',(#1738,#1739,#1740,#1741,#1742,#1743));
#308=EDGE_LOOP('',(#1744));
#309=EDGE_LOOP('',(#1745,#1746,#1747,#1748));
#310=EDGE_LOOP('',(#1749,#1750,#1751,#1752));
#311=EDGE_LOOP('',(#1753,#1754,#1755,#1756));
#312=EDGE_LOOP('',(#1757,#1758,#1759,#1760));
#313=EDGE_LOOP('',(#1761,#1762,#1763,#1764));
#314=EDGE_LOOP('',(#1765,#1766,#1767,#1768));
#315=EDGE_LOOP('',(#1769,#1770,#1771,#1772,#1773,#1774));
#316=EDGE_LOOP('',(#1775,#1776,#1777,#1778,#1779,#1780));
#317=EDGE_LOOP('',(#1781,#1782,#1783,#1784));
#318=EDGE_LOOP('',(#1785,#1786,#1787,#1788));
#319=EDGE_LOOP('',(#1789,#1790,#1791,#1792));
#320=EDGE_LOOP('',(#1793,#1794,#1795,#1796));
#321=EDGE_LOOP('',(#1797,#1798,#1799,#1800));
#322=EDGE_LOOP('',(#1801,#1802,#1803,#1804));
#323=EDGE_LOOP('',(#1805,#1806,#1807,#1808));
#324=EDGE_LOOP('',(#1809,#1810,#1811,#1812,#1813,#1814));
#325=EDGE_LOOP('',(#1815));
#326=EDGE_LOOP('',(#1816,#1817,#1818,#1819,#1820,#1821));
#327=EDGE_LOOP('',(#1822));
#328=EDGE_LOOP('',(#1823,#1824,#1825,#1826));
#329=EDGE_LOOP('',(#1827,#1828,#1829,#1830));
#330=EDGE_LOOP('',(#1831,#1832,#1833,#1834));
#331=EDGE_LOOP('',(#1835,#1836,#1837,#1838));
#332=EDGE_LOOP('',(#1839,#1840,#1841,#1842));
#333=EDGE_LOOP('',(#1843,#1844,#1845,#1846));
#334=EDGE_LOOP('',(#1847,#1848,#1849,#1850));
#335=EDGE_LOOP('',(#1851,#1852,#1853,#1854,#1855,#1856));
#336=EDGE_LOOP('',(#1857));
#337=EDGE_LOOP('',(#1858,#1859,#1860,#1861,#1862,#1863));
#338=EDGE_LOOP('',(#1864));
#339=EDGE_LOOP('',(#1865,#1866,#1867,#1868));
#340=EDGE_LOOP('',(#1869,#1870,#1871,#1872));
#341=EDGE_LOOP('',(#1873,#1874,#1875,#1876));
#342=EDGE_LOOP('',(#1877,#1878,#1879,#1880));
#343=EDGE_LOOP('',(#1881,#1882,#1883,#1884));
#344=EDGE_LOOP('',(#1885,#1886,#1887,#1888));
#345=EDGE_LOOP('',(#1889,#1890,#1891,#1892));
#346=EDGE_LOOP('',(#1893,#1894,#1895,#1896,#1897,#1898));
#347=EDGE_LOOP('',(#1899));
#348=EDGE_LOOP('',(#1900,#1901,#1902,#1903,#1904,#1905));
#349=EDGE_LOOP('',(#1906));
#350=EDGE_LOOP('',(#1907,#1908,#1909,#1910));
#351=EDGE_LOOP('',(#1911,#1912,#1913,#1914));
#352=EDGE_LOOP('',(#1915,#1916,#1917,#1918));
#353=EDGE_LOOP('',(#1919,#1920,#1921,#1922));
#354=EDGE_LOOP('',(#1923,#1924,#1925,#1926));
#355=EDGE_LOOP('',(#1927,#1928,#1929,#1930));
#356=EDGE_LOOP('',(#1931,#1932,#1933,#1934));
#357=EDGE_LOOP('',(#1935,#1936,#1937,#1938,#1939,#1940));
#358=EDGE_LOOP('',(#1941));
#359=EDGE_LOOP('',(#1942,#1943,#1944,#1945,#1946,#1947));
#360=EDGE_LOOP('',(#1948));
#361=EDGE_LOOP('',(#1949,#1950,#1951));
#362=EDGE_LOOP('',(#1952,#1953,#1954,#1955));
#363=EDGE_LOOP('',(#1956,#1957,#1958));
#364=EDGE_LOOP('',(#1959,#1960,#1961,#1962));
#365=EDGE_LOOP('',(#1963,#1964,#1965));
#366=EDGE_LOOP('',(#1966,#1967,#1968,#1969));
#367=EDGE_LOOP('',(#1970,#1971,#1972,#1973));
#368=EDGE_LOOP('',(#1974,#1975,#1976));
#369=EDGE_LOOP('',(#1977,#1978,#1979,#1980));
#370=EDGE_LOOP('',(#1981,#1982,#1983,#1984));
#371=EDGE_LOOP('',(#1985,#1986,#1987,#1988));
#372=EDGE_LOOP('',(#1989,#1990,#1991,#1992));
#373=EDGE_LOOP('',(#1993,#1994,#1995,#1996));
#374=EDGE_LOOP('',(#1997,#1998,#1999,#2000));
#375=EDGE_LOOP('',(#2001,#2002,#2003,#2004));
#376=EDGE_LOOP('',(#2005,#2006,#2007,#2008));
#377=EDGE_LOOP('',(#2009,#2010,#2011,#2012));
#378=EDGE_LOOP('',(#2013,#2014,#2015,#2016,#2017,#2018,#2019,#2020));
#379=LINE('',#3048,#641);
#380=LINE('',#3050,#642);
#381=LINE('',#3052,#643);
#382=LINE('',#3053,#644);
#383=LINE('',#3056,#645);
#384=LINE('',#3058,#646);
#385=LINE('',#3059,#647);
#386=LINE('',#3062,#648);
#387=LINE('',#3064,#649);
#388=LINE('',#3065,#650);
#389=LINE('',#3068,#651);
#390=LINE('',#3070,#652);
#391=LINE('',#3071,#653);
#392=LINE('',#3074,#654);
#393=LINE('',#3076,#655);
#394=LINE('',#3077,#656);
#395=LINE('',#3080,#657);
#396=LINE('',#3082,#658);
#397=LINE('',#3083,#659);
#398=LINE('',#3086,#660);
#399=LINE('',#3088,#661);
#400=LINE('',#3089,#662);
#401=LINE('',#3092,#663);
#402=LINE('',#3094,#664);
#403=LINE('',#3095,#665);
#404=LINE('',#3098,#666);
#405=LINE('',#3100,#667);
#406=LINE('',#3101,#668);
#407=LINE('',#3104,#669);
#408=LINE('',#3106,#670);
#409=LINE('',#3107,#671);
#410=LINE('',#3110,#672);
#411=LINE('',#3112,#673);
#412=LINE('',#3113,#674);
#413=LINE('',#3116,#675);
#414=LINE('',#3118,#676);
#415=LINE('',#3119,#677);
#416=LINE('',#3122,#678);
#417=LINE('',#3124,#679);
#418=LINE('',#3125,#680);
#419=LINE('',#3128,#681);
#420=LINE('',#3130,#682);
#421=LINE('',#3131,#683);
#422=LINE('',#3134,#684);
#423=LINE('',#3136,#685);
#424=LINE('',#3137,#686);
#425=LINE('',#3140,#687);
#426=LINE('',#3142,#688);
#427=LINE('',#3143,#689);
#428=LINE('',#3146,#690);
#429=LINE('',#3148,#691);
#430=LINE('',#3149,#692);
#431=LINE('',#3152,#693);
#432=LINE('',#3154,#694);
#433=LINE('',#3155,#695);
#434=LINE('',#3158,#696);
#435=LINE('',#3160,#697);
#436=LINE('',#3161,#698);
#437=LINE('',#3164,#699);
#438=LINE('',#3166,#700);
#439=LINE('',#3167,#701);
#440=LINE('',#3170,#702);
#441=LINE('',#3172,#703);
#442=LINE('',#3173,#704);
#443=LINE('',#3176,#705);
#444=LINE('',#3178,#706);
#445=LINE('',#3179,#707);
#446=LINE('',#3182,#708);
#447=LINE('',#3184,#709);
#448=LINE('',#3185,#710);
#449=LINE('',#3188,#711);
#450=LINE('',#3190,#712);
#451=LINE('',#3191,#713);
#452=LINE('',#3194,#714);
#453=LINE('',#3196,#715);
#454=LINE('',#3197,#716);
#455=LINE('',#3200,#717);
#456=LINE('',#3202,#718);
#457=LINE('',#3203,#719);
#458=LINE('',#3206,#720);
#459=LINE('',#3208,#721);
#460=LINE('',#3209,#722);
#461=LINE('',#3212,#723);
#462=LINE('',#3214,#724);
#463=LINE('',#3215,#725);
#464=LINE('',#3218,#726);
#465=LINE('',#3220,#727);
#466=LINE('',#3221,#728);
#467=LINE('',#3224,#729);
#468=LINE('',#3226,#730);
#469=LINE('',#3227,#731);
#470=LINE('',#3230,#732);
#471=LINE('',#3232,#733);
#472=LINE('',#3233,#734);
#473=LINE('',#3236,#735);
#474=LINE('',#3238,#736);
#475=LINE('',#3239,#737);
#476=LINE('',#3242,#738);
#477=LINE('',#3244,#739);
#478=LINE('',#3245,#740);
#479=LINE('',#3248,#741);
#480=LINE('',#3250,#742);
#481=LINE('',#3251,#743);
#482=LINE('',#3254,#744);
#483=LINE('',#3256,#745);
#484=LINE('',#3257,#746);
#485=LINE('',#3259,#747);
#486=LINE('',#3260,#748);
#487=LINE('',#3266,#749);
#488=LINE('',#3268,#750);
#489=LINE('',#3270,#751);
#490=LINE('',#3271,#752);
#491=LINE('',#3274,#753);
#492=LINE('',#3276,#754);
#493=LINE('',#3277,#755);
#494=LINE('',#3280,#756);
#495=LINE('',#3282,#757);
#496=LINE('',#3283,#758);
#497=LINE('',#3288,#759);
#498=LINE('',#3292,#760);
#499=LINE('',#3294,#761);
#500=LINE('',#3295,#762);
#501=LINE('',#3297,#763);
#502=LINE('',#3298,#764);
#503=LINE('',#3304,#765);
#504=LINE('',#3306,#766);
#505=LINE('',#3308,#767);
#506=LINE('',#3309,#768);
#507=LINE('',#3312,#769);
#508=LINE('',#3314,#770);
#509=LINE('',#3315,#771);
#510=LINE('',#3318,#772);
#511=LINE('',#3320,#773);
#512=LINE('',#3321,#774);
#513=LINE('',#3326,#775);
#514=LINE('',#3330,#776);
#515=LINE('',#3332,#777);
#516=LINE('',#3333,#778);
#517=LINE('',#3338,#779);
#518=LINE('',#3341,#780);
#519=LINE('',#3342,#781);
#520=LINE('',#3348,#782);
#521=LINE('',#3350,#783);
#522=LINE('',#3352,#784);
#523=LINE('',#3353,#785);
#524=LINE('',#3356,#786);
#525=LINE('',#3358,#787);
#526=LINE('',#3359,#788);
#527=LINE('',#3362,#789);
#528=LINE('',#3364,#790);
#529=LINE('',#3365,#791);
#530=LINE('',#3370,#792);
#531=LINE('',#3374,#793);
#532=LINE('',#3376,#794);
#533=LINE('',#3377,#795);
#534=LINE('',#3382,#796);
#535=LINE('',#3385,#797);
#536=LINE('',#3386,#798);
#537=LINE('',#3392,#799);
#538=LINE('',#3394,#800);
#539=LINE('',#3396,#801);
#540=LINE('',#3397,#802);
#541=LINE('',#3402,#803);
#542=LINE('',#3406,#804);
#543=LINE('',#3408,#805);
#544=LINE('',#3409,#806);
#545=LINE('',#3412,#807);
#546=LINE('',#3414,#808);
#547=LINE('',#3415,#809);
#548=LINE('',#3418,#810);
#549=LINE('',#3420,#811);
#550=LINE('',#3421,#812);
#551=LINE('',#3423,#813);
#552=LINE('',#3424,#814);
#553=LINE('',#3430,#815);
#554=LINE('',#3432,#816);
#555=LINE('',#3434,#817);
#556=LINE('',#3435,#818);
#557=LINE('',#3438,#819);
#558=LINE('',#3440,#820);
#559=LINE('',#3441,#821);
#560=LINE('',#3444,#822);
#561=LINE('',#3446,#823);
#562=LINE('',#3447,#824);
#563=LINE('',#3452,#825);
#564=LINE('',#3456,#826);
#565=LINE('',#3458,#827);
#566=LINE('',#3459,#828);
#567=LINE('',#3464,#829);
#568=LINE('',#3467,#830);
#569=LINE('',#3468,#831);
#570=LINE('',#3474,#832);
#571=LINE('',#3476,#833);
#572=LINE('',#3478,#834);
#573=LINE('',#3479,#835);
#574=LINE('',#3482,#836);
#575=LINE('',#3484,#837);
#576=LINE('',#3485,#838);
#577=LINE('',#3488,#839);
#578=LINE('',#3490,#840);
#579=LINE('',#3491,#841);
#580=LINE('',#3496,#842);
#581=LINE('',#3500,#843);
#582=LINE('',#3502,#844);
#583=LINE('',#3503,#845);
#584=LINE('',#3508,#846);
#585=LINE('',#3511,#847);
#586=LINE('',#3512,#848);
#587=LINE('',#3518,#849);
#588=LINE('',#3520,#850);
#589=LINE('',#3522,#851);
#590=LINE('',#3523,#852);
#591=LINE('',#3526,#853);
#592=LINE('',#3528,#854);
#593=LINE('',#3529,#855);
#594=LINE('',#3532,#856);
#595=LINE('',#3534,#857);
#596=LINE('',#3535,#858);
#597=LINE('',#3540,#859);
#598=LINE('',#3544,#860);
#599=LINE('',#3546,#861);
#600=LINE('',#3547,#862);
#601=LINE('',#3552,#863);
#602=LINE('',#3555,#864);
#603=LINE('',#3556,#865);
#604=LINE('',#3562,#866);
#605=LINE('',#3564,#867);
#606=LINE('',#3566,#868);
#607=LINE('',#3567,#869);
#608=LINE('',#3570,#870);
#609=LINE('',#3572,#871);
#610=LINE('',#3573,#872);
#611=LINE('',#3576,#873);
#612=LINE('',#3578,#874);
#613=LINE('',#3579,#875);
#614=LINE('',#3584,#876);
#615=LINE('',#3588,#877);
#616=LINE('',#3590,#878);
#617=LINE('',#3591,#879);
#618=LINE('',#3596,#880);
#619=LINE('',#3599,#881);
#620=LINE('',#3600,#882);
#621=LINE('',#3614,#883);
#622=LINE('',#3615,#884);
#623=LINE('',#3627,#885);
#624=LINE('',#3628,#886);
#625=LINE('',#3640,#887);
#626=LINE('',#3641,#888);
#627=LINE('',#3643,#889);
#628=LINE('',#3644,#890);
#629=LINE('',#3656,#891);
#630=LINE('',#3657,#892);
#631=LINE('',#3659,#893);
#632=LINE('',#3660,#894);
#633=LINE('',#3662,#895);
#634=LINE('',#3663,#896);
#635=LINE('',#3665,#897);
#636=LINE('',#3666,#898);
#637=LINE('',#3668,#899);
#638=LINE('',#3670,#900);
#639=LINE('',#3673,#901);
#640=LINE('',#3675,#902);
#641=VECTOR('',#2444,10.);
#642=VECTOR('',#2445,10.);
#643=VECTOR('',#2446,10.);
#644=VECTOR('',#2447,10.);
#645=VECTOR('',#2450,10.);
#646=VECTOR('',#2451,10.);
#647=VECTOR('',#2452,10.);
#648=VECTOR('',#2455,10.);
#649=VECTOR('',#2456,10.);
#650=VECTOR('',#2457,10.);
#651=VECTOR('',#2460,10.);
#652=VECTOR('',#2461,10.);
#653=VECTOR('',#2462,10.);
#654=VECTOR('',#2465,10.);
#655=VECTOR('',#2466,10.);
#656=VECTOR('',#2467,10.);
#657=VECTOR('',#2470,10.);
#658=VECTOR('',#2471,10.);
#659=VECTOR('',#2472,10.);
#660=VECTOR('',#2475,10.);
#661=VECTOR('',#2476,10.);
#662=VECTOR('',#2477,10.);
#663=VECTOR('',#2480,10.);
#664=VECTOR('',#2481,10.);
#665=VECTOR('',#2482,10.);
#666=VECTOR('',#2485,10.);
#667=VECTOR('',#2486,10.);
#668=VECTOR('',#2487,10.);
#669=VECTOR('',#2490,10.);
#670=VECTOR('',#2491,10.);
#671=VECTOR('',#2492,10.);
#672=VECTOR('',#2495,10.);
#673=VECTOR('',#2496,10.);
#674=VECTOR('',#2497,10.);
#675=VECTOR('',#2500,10.);
#676=VECTOR('',#2501,10.);
#677=VECTOR('',#2502,10.);
#678=VECTOR('',#2505,10.);
#679=VECTOR('',#2506,10.);
#680=VECTOR('',#2507,10.);
#681=VECTOR('',#2510,10.);
#682=VECTOR('',#2511,10.);
#683=VECTOR('',#2512,10.);
#684=VECTOR('',#2515,10.);
#685=VECTOR('',#2516,10.);
#686=VECTOR('',#2517,10.);
#687=VECTOR('',#2520,10.);
#688=VECTOR('',#2521,10.);
#689=VECTOR('',#2522,10.);
#690=VECTOR('',#2525,10.);
#691=VECTOR('',#2526,10.);
#692=VECTOR('',#2527,10.);
#693=VECTOR('',#2530,10.);
#694=VECTOR('',#2531,10.);
#695=VECTOR('',#2532,10.);
#696=VECTOR('',#2535,10.);
#697=VECTOR('',#2536,10.);
#698=VECTOR('',#2537,10.);
#699=VECTOR('',#2540,10.);
#700=VECTOR('',#2541,10.);
#701=VECTOR('',#2542,10.);
#702=VECTOR('',#2545,10.);
#703=VECTOR('',#2546,10.);
#704=VECTOR('',#2547,10.);
#705=VECTOR('',#2550,10.);
#706=VECTOR('',#2551,10.);
#707=VECTOR('',#2552,10.);
#708=VECTOR('',#2555,10.);
#709=VECTOR('',#2556,10.);
#710=VECTOR('',#2557,10.);
#711=VECTOR('',#2560,10.);
#712=VECTOR('',#2561,10.);
#713=VECTOR('',#2562,10.);
#714=VECTOR('',#2565,10.);
#715=VECTOR('',#2566,10.);
#716=VECTOR('',#2567,10.);
#717=VECTOR('',#2570,10.);
#718=VECTOR('',#2571,10.);
#719=VECTOR('',#2572,10.);
#720=VECTOR('',#2575,10.);
#721=VECTOR('',#2576,10.);
#722=VECTOR('',#2577,10.);
#723=VECTOR('',#2580,10.);
#724=VECTOR('',#2581,10.);
#725=VECTOR('',#2582,10.);
#726=VECTOR('',#2585,10.);
#727=VECTOR('',#2586,10.);
#728=VECTOR('',#2587,10.);
#729=VECTOR('',#2590,10.);
#730=VECTOR('',#2591,10.);
#731=VECTOR('',#2592,10.);
#732=VECTOR('',#2595,10.);
#733=VECTOR('',#2596,10.);
#734=VECTOR('',#2597,10.);
#735=VECTOR('',#2600,10.);
#736=VECTOR('',#2601,10.);
#737=VECTOR('',#2602,10.);
#738=VECTOR('',#2605,10.);
#739=VECTOR('',#2606,10.);
#740=VECTOR('',#2607,10.);
#741=VECTOR('',#2610,10.);
#742=VECTOR('',#2611,10.);
#743=VECTOR('',#2612,10.);
#744=VECTOR('',#2615,10.);
#745=VECTOR('',#2616,10.);
#746=VECTOR('',#2617,10.);
#747=VECTOR('',#2620,10.);
#748=VECTOR('',#2621,10.);
#749=VECTOR('',#2628,10.);
#750=VECTOR('',#2629,10.);
#751=VECTOR('',#2630,10.);
#752=VECTOR('',#2631,10.);
#753=VECTOR('',#2634,10.);
#754=VECTOR('',#2635,10.);
#755=VECTOR('',#2636,10.);
#756=VECTOR('',#2639,10.);
#757=VECTOR('',#2640,10.);
#758=VECTOR('',#2641,10.);
#759=VECTOR('',#2646,10.);
#760=VECTOR('',#2651,10.);
#761=VECTOR('',#2652,10.);
#762=VECTOR('',#2653,10.);
#763=VECTOR('',#2656,10.);
#764=VECTOR('',#2657,10.);
#765=VECTOR('',#2664,10.);
#766=VECTOR('',#2665,10.);
#767=VECTOR('',#2666,10.);
#768=VECTOR('',#2667,10.);
#769=VECTOR('',#2670,10.);
#770=VECTOR('',#2671,10.);
#771=VECTOR('',#2672,10.);
#772=VECTOR('',#2675,10.);
#773=VECTOR('',#2676,10.);
#774=VECTOR('',#2677,10.);
#775=VECTOR('',#2682,0.375);
#776=VECTOR('',#2687,10.);
#777=VECTOR('',#2688,10.);
#778=VECTOR('',#2689,10.);
#779=VECTOR('',#2694,10.);
#780=VECTOR('',#2699,10.);
#781=VECTOR('',#2700,10.);
#782=VECTOR('',#2707,10.);
#783=VECTOR('',#2708,10.);
#784=VECTOR('',#2709,10.);
#785=VECTOR('',#2710,10.);
#786=VECTOR('',#2713,10.);
#787=VECTOR('',#2714,10.);
#788=VECTOR('',#2715,10.);
#789=VECTOR('',#2718,10.);
#790=VECTOR('',#2719,10.);
#791=VECTOR('',#2720,10.);
#792=VECTOR('',#2725,0.375);
#793=VECTOR('',#2730,10.);
#794=VECTOR('',#2731,10.);
#795=VECTOR('',#2732,10.);
#796=VECTOR('',#2737,10.);
#797=VECTOR('',#2742,10.);
#798=VECTOR('',#2743,10.);
#799=VECTOR('',#2750,10.);
#800=VECTOR('',#2751,10.);
#801=VECTOR('',#2752,10.);
#802=VECTOR('',#2753,10.);
#803=VECTOR('',#2758,10.);
#804=VECTOR('',#2763,10.);
#805=VECTOR('',#2764,10.);
#806=VECTOR('',#2765,10.);
#807=VECTOR('',#2768,10.);
#808=VECTOR('',#2769,10.);
#809=VECTOR('',#2770,10.);
#810=VECTOR('',#2773,10.);
#811=VECTOR('',#2774,10.);
#812=VECTOR('',#2775,10.);
#813=VECTOR('',#2778,10.);
#814=VECTOR('',#2779,10.);
#815=VECTOR('',#2786,10.);
#816=VECTOR('',#2787,10.);
#817=VECTOR('',#2788,10.);
#818=VECTOR('',#2789,10.);
#819=VECTOR('',#2792,10.);
#820=VECTOR('',#2793,10.);
#821=VECTOR('',#2794,10.);
#822=VECTOR('',#2797,10.);
#823=VECTOR('',#2798,10.);
#824=VECTOR('',#2799,10.);
#825=VECTOR('',#2804,0.375000000000001);
#826=VECTOR('',#2809,10.);
#827=VECTOR('',#2810,10.);
#828=VECTOR('',#2811,10.);
#829=VECTOR('',#2816,10.);
#830=VECTOR('',#2821,10.);
#831=VECTOR('',#2822,10.);
#832=VECTOR('',#2829,10.);
#833=VECTOR('',#2830,10.);
#834=VECTOR('',#2831,10.);
#835=VECTOR('',#2832,10.);
#836=VECTOR('',#2835,10.);
#837=VECTOR('',#2836,10.);
#838=VECTOR('',#2837,10.);
#839=VECTOR('',#2840,10.);
#840=VECTOR('',#2841,10.);
#841=VECTOR('',#2842,10.);
#842=VECTOR('',#2847,0.375);
#843=VECTOR('',#2852,10.);
#844=VECTOR('',#2853,10.);
#845=VECTOR('',#2854,10.);
#846=VECTOR('',#2859,10.);
#847=VECTOR('',#2864,10.);
#848=VECTOR('',#2865,10.);
#849=VECTOR('',#2872,10.);
#850=VECTOR('',#2873,10.);
#851=VECTOR('',#2874,10.);
#852=VECTOR('',#2875,10.);
#853=VECTOR('',#2878,10.);
#854=VECTOR('',#2879,10.);
#855=VECTOR('',#2880,10.);
#856=VECTOR('',#2883,10.);
#857=VECTOR('',#2884,10.);
#858=VECTOR('',#2885,10.);
#859=VECTOR('',#2890,0.375);
#860=VECTOR('',#2895,10.);
#861=VECTOR('',#2896,10.);
#862=VECTOR('',#2897,10.);
#863=VECTOR('',#2902,10.);
#864=VECTOR('',#2907,10.);
#865=VECTOR('',#2908,10.);
#866=VECTOR('',#2915,10.);
#867=VECTOR('',#2916,10.);
#868=VECTOR('',#2917,10.);
#869=VECTOR('',#2918,10.);
#870=VECTOR('',#2921,10.);
#871=VECTOR('',#2922,10.);
#872=VECTOR('',#2923,10.);
#873=VECTOR('',#2926,10.);
#874=VECTOR('',#2927,10.);
#875=VECTOR('',#2928,10.);
#876=VECTOR('',#2933,0.375000000000001);
#877=VECTOR('',#2938,10.);
#878=VECTOR('',#2939,10.);
#879=VECTOR('',#2940,10.);
#880=VECTOR('',#2945,10.);
#881=VECTOR('',#2950,10.);
#882=VECTOR('',#2951,10.);
#883=VECTOR('',#2968,10.);
#884=VECTOR('',#2969,10.);
#885=VECTOR('',#2982,10.);
#886=VECTOR('',#2983,10.);
#887=VECTOR('',#2996,10.);
#888=VECTOR('',#2997,10.);
#889=VECTOR('',#3000,10.);
#890=VECTOR('',#3001,10.);
#891=VECTOR('',#3014,10.);
#892=VECTOR('',#3015,10.);
#893=VECTOR('',#3018,10.);
#894=VECTOR('',#3019,10.);
#895=VECTOR('',#3022,10.);
#896=VECTOR('',#3023,10.);
#897=VECTOR('',#3026,10.);
#898=VECTOR('',#3027,10.);
#899=VECTOR('',#3030,10.);
#900=VECTOR('',#3033,10.);
#901=VECTOR('',#3038,10.);
#902=VECTOR('',#3041,10.);
#903=VERTEX_POINT('',#3046);
#904=VERTEX_POINT('',#3047);
#905=VERTEX_POINT('',#3049);
#906=VERTEX_POINT('',#3051);
#907=VERTEX_POINT('',#3055);
#908=VERTEX_POINT('',#3057);
#909=VERTEX_POINT('',#3061);
#910=VERTEX_POINT('',#3063);
#911=VERTEX_POINT('',#3067);
#912=VERTEX_POINT('',#3069);
#913=VERTEX_POINT('',#3073);
#914=VERTEX_POINT('',#3075);
#915=VERTEX_POINT('',#3079);
#916=VERTEX_POINT('',#3081);
#917=VERTEX_POINT('',#3085);
#918=VERTEX_POINT('',#3087);
#919=VERTEX_POINT('',#3091);
#920=VERTEX_POINT('',#3093);
#921=VERTEX_POINT('',#3097);
#922=VERTEX_POINT('',#3099);
#923=VERTEX_POINT('',#3103);
#924=VERTEX_POINT('',#3105);
#925=VERTEX_POINT('',#3109);
#926=VERTEX_POINT('',#3111);
#927=VERTEX_POINT('',#3115);
#928=VERTEX_POINT('',#3117);
#929=VERTEX_POINT('',#3121);
#930=VERTEX_POINT('',#3123);
#931=VERTEX_POINT('',#3127);
#932=VERTEX_POINT('',#3129);
#933=VERTEX_POINT('',#3133);
#934=VERTEX_POINT('',#3135);
#935=VERTEX_POINT('',#3139);
#936=VERTEX_POINT('',#3141);
#937=VERTEX_POINT('',#3145);
#938=VERTEX_POINT('',#3147);
#939=VERTEX_POINT('',#3151);
#940=VERTEX_POINT('',#3153);
#941=VERTEX_POINT('',#3157);
#942=VERTEX_POINT('',#3159);
#943=VERTEX_POINT('',#3163);
#944=VERTEX_POINT('',#3165);
#945=VERTEX_POINT('',#3169);
#946=VERTEX_POINT('',#3171);
#947=VERTEX_POINT('',#3175);
#948=VERTEX_POINT('',#3177);
#949=VERTEX_POINT('',#3181);
#950=VERTEX_POINT('',#3183);
#951=VERTEX_POINT('',#3187);
#952=VERTEX_POINT('',#3189);
#953=VERTEX_POINT('',#3193);
#954=VERTEX_POINT('',#3195);
#955=VERTEX_POINT('',#3199);
#956=VERTEX_POINT('',#3201);
#957=VERTEX_POINT('',#3205);
#958=VERTEX_POINT('',#3207);
#959=VERTEX_POINT('',#3211);
#960=VERTEX_POINT('',#3213);
#961=VERTEX_POINT('',#3217);
#962=VERTEX_POINT('',#3219);
#963=VERTEX_POINT('',#3223);
#964=VERTEX_POINT('',#3225);
#965=VERTEX_POINT('',#3229);
#966=VERTEX_POINT('',#3231);
#967=VERTEX_POINT('',#3235);
#968=VERTEX_POINT('',#3237);
#969=VERTEX_POINT('',#3241);
#970=VERTEX_POINT('',#3243);
#971=VERTEX_POINT('',#3247);
#972=VERTEX_POINT('',#3249);
#973=VERTEX_POINT('',#3253);
#974=VERTEX_POINT('',#3255);
#975=VERTEX_POINT('',#3264);
#976=VERTEX_POINT('',#3265);
#977=VERTEX_POINT('',#3267);
#978=VERTEX_POINT('',#3269);
#979=VERTEX_POINT('',#3273);
#980=VERTEX_POINT('',#3275);
#981=VERTEX_POINT('',#3279);
#982=VERTEX_POINT('',#3281);
#983=VERTEX_POINT('',#3285);
#984=VERTEX_POINT('',#3287);
#985=VERTEX_POINT('',#3291);
#986=VERTEX_POINT('',#3293);
#987=VERTEX_POINT('',#3302);
#988=VERTEX_POINT('',#3303);
#989=VERTEX_POINT('',#3305);
#990=VERTEX_POINT('',#3307);
#991=VERTEX_POINT('',#3311);
#992=VERTEX_POINT('',#3313);
#993=VERTEX_POINT('',#3317);
#994=VERTEX_POINT('',#3319);
#995=VERTEX_POINT('',#3323);
#996=VERTEX_POINT('',#3325);
#997=VERTEX_POINT('',#3329);
#998=VERTEX_POINT('',#3331);
#999=VERTEX_POINT('',#3335);
#1000=VERTEX_POINT('',#3337);
#1001=VERTEX_POINT('',#3346);
#1002=VERTEX_POINT('',#3347);
#1003=VERTEX_POINT('',#3349);
#1004=VERTEX_POINT('',#3351);
#1005=VERTEX_POINT('',#3355);
#1006=VERTEX_POINT('',#3357);
#1007=VERTEX_POINT('',#3361);
#1008=VERTEX_POINT('',#3363);
#1009=VERTEX_POINT('',#3367);
#1010=VERTEX_POINT('',#3369);
#1011=VERTEX_POINT('',#3373);
#1012=VERTEX_POINT('',#3375);
#1013=VERTEX_POINT('',#3379);
#1014=VERTEX_POINT('',#3381);
#1015=VERTEX_POINT('',#3390);
#1016=VERTEX_POINT('',#3391);
#1017=VERTEX_POINT('',#3393);
#1018=VERTEX_POINT('',#3395);
#1019=VERTEX_POINT('',#3399);
#1020=VERTEX_POINT('',#3401);
#1021=VERTEX_POINT('',#3405);
#1022=VERTEX_POINT('',#3407);
#1023=VERTEX_POINT('',#3411);
#1024=VERTEX_POINT('',#3413);
#1025=VERTEX_POINT('',#3417);
#1026=VERTEX_POINT('',#3419);
#1027=VERTEX_POINT('',#3428);
#1028=VERTEX_POINT('',#3429);
#1029=VERTEX_POINT('',#3431);
#1030=VERTEX_POINT('',#3433);
#1031=VERTEX_POINT('',#3437);
#1032=VERTEX_POINT('',#3439);
#1033=VERTEX_POINT('',#3443);
#1034=VERTEX_POINT('',#3445);
#1035=VERTEX_POINT('',#3449);
#1036=VERTEX_POINT('',#3451);
#1037=VERTEX_POINT('',#3455);
#1038=VERTEX_POINT('',#3457);
#1039=VERTEX_POINT('',#3461);
#1040=VERTEX_POINT('',#3463);
#1041=VERTEX_POINT('',#3472);
#1042=VERTEX_POINT('',#3473);
#1043=VERTEX_POINT('',#3475);
#1044=VERTEX_POINT('',#3477);
#1045=VERTEX_POINT('',#3481);
#1046=VERTEX_POINT('',#3483);
#1047=VERTEX_POINT('',#3487);
#1048=VERTEX_POINT('',#3489);
#1049=VERTEX_POINT('',#3493);
#1050=VERTEX_POINT('',#3495);
#1051=VERTEX_POINT('',#3499);
#1052=VERTEX_POINT('',#3501);
#1053=VERTEX_POINT('',#3505);
#1054=VERTEX_POINT('',#3507);
#1055=VERTEX_POINT('',#3516);
#1056=VERTEX_POINT('',#3517);
#1057=VERTEX_POINT('',#3519);
#1058=VERTEX_POINT('',#3521);
#1059=VERTEX_POINT('',#3525);
#1060=VERTEX_POINT('',#3527);
#1061=VERTEX_POINT('',#3531);
#1062=VERTEX_POINT('',#3533);
#1063=VERTEX_POINT('',#3537);
#1064=VERTEX_POINT('',#3539);
#1065=VERTEX_POINT('',#3543);
#1066=VERTEX_POINT('',#3545);
#1067=VERTEX_POINT('',#3549);
#1068=VERTEX_POINT('',#3551);
#1069=VERTEX_POINT('',#3560);
#1070=VERTEX_POINT('',#3561);
#1071=VERTEX_POINT('',#3563);
#1072=VERTEX_POINT('',#3565);
#1073=VERTEX_POINT('',#3569);
#1074=VERTEX_POINT('',#3571);
#1075=VERTEX_POINT('',#3575);
#1076=VERTEX_POINT('',#3577);
#1077=VERTEX_POINT('',#3581);
#1078=VERTEX_POINT('',#3583);
#1079=VERTEX_POINT('',#3587);
#1080=VERTEX_POINT('',#3589);
#1081=VERTEX_POINT('',#3593);
#1082=VERTEX_POINT('',#3595);
#1083=VERTEX_POINT('',#3604);
#1084=VERTEX_POINT('',#3605);
#1085=VERTEX_POINT('',#3607);
#1086=VERTEX_POINT('',#3611);
#1087=VERTEX_POINT('',#3612);
#1088=VERTEX_POINT('',#3617);
#1089=VERTEX_POINT('',#3618);
#1090=VERTEX_POINT('',#3620);
#1091=VERTEX_POINT('',#3624);
#1092=VERTEX_POINT('',#3625);
#1093=VERTEX_POINT('',#3630);
#1094=VERTEX_POINT('',#3631);
#1095=VERTEX_POINT('',#3633);
#1096=VERTEX_POINT('',#3637);
#1097=VERTEX_POINT('',#3638);
#1098=VERTEX_POINT('',#3646);
#1099=VERTEX_POINT('',#3647);
#1100=VERTEX_POINT('',#3649);
#1101=VERTEX_POINT('',#3653);
#1102=VERTEX_POINT('',#3654);
#1103=EDGE_CURVE('',#903,#904,#379,.T.);
#1104=EDGE_CURVE('',#903,#905,#380,.T.);
#1105=EDGE_CURVE('',#906,#905,#381,.T.);
#1106=EDGE_CURVE('',#904,#906,#382,.T.);
#1107=EDGE_CURVE('',#904,#907,#383,.T.);
#1108=EDGE_CURVE('',#908,#906,#384,.T.);
#1109=EDGE_CURVE('',#907,#908,#385,.T.);
#1110=EDGE_CURVE('',#907,#909,#386,.T.);
#1111=EDGE_CURVE('',#910,#908,#387,.T.);
#1112=EDGE_CURVE('',#909,#910,#388,.T.);
#1113=EDGE_CURVE('',#911,#909,#389,.T.);
#1114=EDGE_CURVE('',#912,#910,#390,.T.);
#1115=EDGE_CURVE('',#911,#912,#391,.T.);
#1116=EDGE_CURVE('',#911,#913,#392,.T.);
#1117=EDGE_CURVE('',#914,#912,#393,.T.);
#1118=EDGE_CURVE('',#913,#914,#394,.T.);
#1119=EDGE_CURVE('',#913,#915,#395,.T.);
#1120=EDGE_CURVE('',#916,#914,#396,.T.);
#1121=EDGE_CURVE('',#915,#916,#397,.T.);
#1122=EDGE_CURVE('',#915,#917,#398,.T.);
#1123=EDGE_CURVE('',#918,#916,#399,.T.);
#1124=EDGE_CURVE('',#917,#918,#400,.T.);
#1125=EDGE_CURVE('',#919,#917,#401,.T.);
#1126=EDGE_CURVE('',#920,#918,#402,.T.);
#1127=EDGE_CURVE('',#919,#920,#403,.T.);
#1128=EDGE_CURVE('',#919,#921,#404,.T.);
#1129=EDGE_CURVE('',#922,#920,#405,.T.);
#1130=EDGE_CURVE('',#921,#922,#406,.T.);
#1131=EDGE_CURVE('',#921,#923,#407,.T.);
#1132=EDGE_CURVE('',#924,#922,#408,.T.);
#1133=EDGE_CURVE('',#923,#924,#409,.T.);
#1134=EDGE_CURVE('',#923,#925,#410,.T.);
#1135=EDGE_CURVE('',#926,#924,#411,.T.);
#1136=EDGE_CURVE('',#925,#926,#412,.T.);
#1137=EDGE_CURVE('',#927,#925,#413,.T.);
#1138=EDGE_CURVE('',#928,#926,#414,.T.);
#1139=EDGE_CURVE('',#927,#928,#415,.T.);
#1140=EDGE_CURVE('',#927,#929,#416,.T.);
#1141=EDGE_CURVE('',#930,#928,#417,.T.);
#1142=EDGE_CURVE('',#929,#930,#418,.T.);
#1143=EDGE_CURVE('',#929,#931,#419,.T.);
#1144=EDGE_CURVE('',#932,#930,#420,.T.);
#1145=EDGE_CURVE('',#931,#932,#421,.T.);
#1146=EDGE_CURVE('',#931,#933,#422,.T.);
#1147=EDGE_CURVE('',#934,#932,#423,.T.);
#1148=EDGE_CURVE('',#933,#934,#424,.T.);
#1149=EDGE_CURVE('',#935,#933,#425,.T.);
#1150=EDGE_CURVE('',#936,#934,#426,.T.);
#1151=EDGE_CURVE('',#935,#936,#427,.T.);
#1152=EDGE_CURVE('',#935,#937,#428,.T.);
#1153=EDGE_CURVE('',#938,#936,#429,.T.);
#1154=EDGE_CURVE('',#937,#938,#430,.T.);
#1155=EDGE_CURVE('',#937,#939,#431,.T.);
#1156=EDGE_CURVE('',#940,#938,#432,.T.);
#1157=EDGE_CURVE('',#939,#940,#433,.T.);
#1158=EDGE_CURVE('',#939,#941,#434,.T.);
#1159=EDGE_CURVE('',#942,#940,#435,.T.);
#1160=EDGE_CURVE('',#941,#942,#436,.T.);
#1161=EDGE_CURVE('',#943,#941,#437,.T.);
#1162=EDGE_CURVE('',#944,#942,#438,.T.);
#1163=EDGE_CURVE('',#943,#944,#439,.T.);
#1164=EDGE_CURVE('',#943,#945,#440,.T.);
#1165=EDGE_CURVE('',#946,#944,#441,.T.);
#1166=EDGE_CURVE('',#945,#946,#442,.T.);
#1167=EDGE_CURVE('',#945,#947,#443,.T.);
#1168=EDGE_CURVE('',#948,#946,#444,.T.);
#1169=EDGE_CURVE('',#947,#948,#445,.T.);
#1170=EDGE_CURVE('',#947,#949,#446,.T.);
#1171=EDGE_CURVE('',#950,#948,#447,.T.);
#1172=EDGE_CURVE('',#949,#950,#448,.T.);
#1173=EDGE_CURVE('',#951,#949,#449,.T.);
#1174=EDGE_CURVE('',#952,#950,#450,.T.);
#1175=EDGE_CURVE('',#951,#952,#451,.T.);
#1176=EDGE_CURVE('',#953,#951,#452,.T.);
#1177=EDGE_CURVE('',#954,#952,#453,.T.);
#1178=EDGE_CURVE('',#953,#954,#454,.T.);
#1179=EDGE_CURVE('',#955,#953,#455,.T.);
#1180=EDGE_CURVE('',#956,#954,#456,.T.);
#1181=EDGE_CURVE('',#955,#956,#457,.T.);
#1182=EDGE_CURVE('',#955,#957,#458,.T.);
#1183=EDGE_CURVE('',#958,#956,#459,.T.);
#1184=EDGE_CURVE('',#957,#958,#460,.T.);
#1185=EDGE_CURVE('',#957,#959,#461,.T.);
#1186=EDGE_CURVE('',#960,#958,#462,.T.);
#1187=EDGE_CURVE('',#959,#960,#463,.T.);
#1188=EDGE_CURVE('',#959,#961,#464,.T.);
#1189=EDGE_CURVE('',#962,#960,#465,.T.);
#1190=EDGE_CURVE('',#961,#962,#466,.T.);
#1191=EDGE_CURVE('',#963,#961,#467,.T.);
#1192=EDGE_CURVE('',#964,#962,#468,.T.);
#1193=EDGE_CURVE('',#963,#964,#469,.T.);
#1194=EDGE_CURVE('',#965,#963,#470,.T.);
#1195=EDGE_CURVE('',#966,#964,#471,.T.);
#1196=EDGE_CURVE('',#965,#966,#472,.T.);
#1197=EDGE_CURVE('',#967,#965,#473,.T.);
#1198=EDGE_CURVE('',#968,#966,#474,.T.);
#1199=EDGE_CURVE('',#967,#968,#475,.T.);
#1200=EDGE_CURVE('',#969,#967,#476,.T.);
#1201=EDGE_CURVE('',#970,#968,#477,.T.);
#1202=EDGE_CURVE('',#969,#970,#478,.T.);
#1203=EDGE_CURVE('',#971,#969,#479,.T.);
#1204=EDGE_CURVE('',#972,#970,#480,.T.);
#1205=EDGE_CURVE('',#971,#972,#481,.T.);
#1206=EDGE_CURVE('',#973,#971,#482,.T.);
#1207=EDGE_CURVE('',#974,#972,#483,.T.);
#1208=EDGE_CURVE('',#973,#974,#484,.T.);
#1209=EDGE_CURVE('',#903,#973,#485,.T.);
#1210=EDGE_CURVE('',#905,#974,#486,.T.);
#1211=EDGE_CURVE('',#975,#976,#487,.T.);
#1212=EDGE_CURVE('',#977,#976,#488,.T.);
#1213=EDGE_CURVE('',#977,#978,#489,.T.);
#1214=EDGE_CURVE('',#978,#975,#490,.T.);
#1215=EDGE_CURVE('',#976,#979,#491,.T.);
#1216=EDGE_CURVE('',#980,#979,#492,.T.);
#1217=EDGE_CURVE('',#980,#977,#493,.T.);
#1218=EDGE_CURVE('',#979,#981,#494,.T.);
#1219=EDGE_CURVE('',#982,#981,#495,.T.);
#1220=EDGE_CURVE('',#982,#980,#496,.T.);
#1221=EDGE_CURVE('',#981,#983,#29,.T.);
#1222=EDGE_CURVE('',#984,#983,#497,.T.);
#1223=EDGE_CURVE('',#982,#984,#30,.T.);
#1224=EDGE_CURVE('',#983,#985,#498,.T.);
#1225=EDGE_CURVE('',#986,#985,#499,.T.);
#1226=EDGE_CURVE('',#986,#984,#500,.T.);
#1227=EDGE_CURVE('',#985,#975,#501,.T.);
#1228=EDGE_CURVE('',#978,#986,#502,.T.);
#1229=EDGE_CURVE('',#987,#988,#503,.T.);
#1230=EDGE_CURVE('',#989,#988,#504,.T.);
#1231=EDGE_CURVE('',#989,#990,#505,.T.);
#1232=EDGE_CURVE('',#990,#987,#506,.T.);
#1233=EDGE_CURVE('',#988,#991,#507,.T.);
#1234=EDGE_CURVE('',#992,#991,#508,.T.);
#1235=EDGE_CURVE('',#992,#989,#509,.T.);
#1236=EDGE_CURVE('',#991,#993,#510,.T.);
#1237=EDGE_CURVE('',#994,#993,#511,.T.);
#1238=EDGE_CURVE('',#994,#992,#512,.T.);
#1239=EDGE_CURVE('',#995,#995,#31,.T.);
#1240=EDGE_CURVE('',#995,#996,#513,.T.);
#1241=EDGE_CURVE('',#996,#996,#32,.T.);
#1242=EDGE_CURVE('',#993,#997,#514,.T.);
#1243=EDGE_CURVE('',#998,#997,#515,.T.);
#1244=EDGE_CURVE('',#998,#994,#516,.T.);
#1245=EDGE_CURVE('',#997,#999,#33,.T.);
#1246=EDGE_CURVE('',#1000,#999,#517,.T.);
#1247=EDGE_CURVE('',#998,#1000,#34,.T.);
#1248=EDGE_CURVE('',#999,#987,#518,.T.);
#1249=EDGE_CURVE('',#990,#1000,#519,.T.);
#1250=EDGE_CURVE('',#1001,#1002,#520,.T.);
#1251=EDGE_CURVE('',#1003,#1002,#521,.T.);
#1252=EDGE_CURVE('',#1003,#1004,#522,.T.);
#1253=EDGE_CURVE('',#1004,#1001,#523,.T.);
#1254=EDGE_CURVE('',#1002,#1005,#524,.T.);
#1255=EDGE_CURVE('',#1006,#1005,#525,.T.);
#1256=EDGE_CURVE('',#1006,#1003,#526,.T.);
#1257=EDGE_CURVE('',#1005,#1007,#527,.T.);
#1258=EDGE_CURVE('',#1008,#1007,#528,.T.);
#1259=EDGE_CURVE('',#1008,#1006,#529,.T.);
#1260=EDGE_CURVE('',#1009,#1009,#35,.T.);
#1261=EDGE_CURVE('',#1009,#1010,#530,.T.);
#1262=EDGE_CURVE('',#1010,#1010,#36,.T.);
#1263=EDGE_CURVE('',#1007,#1011,#531,.T.);
#1264=EDGE_CURVE('',#1012,#1011,#532,.T.);
#1265=EDGE_CURVE('',#1012,#1008,#533,.T.);
#1266=EDGE_CURVE('',#1011,#1013,#37,.T.);
#1267=EDGE_CURVE('',#1014,#1013,#534,.T.);
#1268=EDGE_CURVE('',#1012,#1014,#38,.T.);
#1269=EDGE_CURVE('',#1013,#1001,#535,.T.);
#1270=EDGE_CURVE('',#1004,#1014,#536,.T.);
#1271=EDGE_CURVE('',#1015,#1016,#537,.T.);
#1272=EDGE_CURVE('',#1017,#1016,#538,.T.);
#1273=EDGE_CURVE('',#1017,#1018,#539,.T.);
#1274=EDGE_CURVE('',#1018,#1015,#540,.T.);
#1275=EDGE_CURVE('',#1016,#1019,#39,.T.);
#1276=EDGE_CURVE('',#1020,#1019,#541,.T.);
#1277=EDGE_CURVE('',#1017,#1020,#40,.T.);
#1278=EDGE_CURVE('',#1019,#1021,#542,.T.);
#1279=EDGE_CURVE('',#1022,#1021,#543,.T.);
#1280=EDGE_CURVE('',#1022,#1020,#544,.T.);
#1281=EDGE_CURVE('',#1021,#1023,#545,.T.);
#1282=EDGE_CURVE('',#1024,#1023,#546,.T.);
#1283=EDGE_CURVE('',#1022,#1024,#547,.T.);
#1284=EDGE_CURVE('',#1023,#1025,#548,.T.);
#1285=EDGE_CURVE('',#1026,#1025,#549,.T.);
#1286=EDGE_CURVE('',#1024,#1026,#550,.T.);
#1287=EDGE_CURVE('',#1025,#1015,#551,.T.);
#1288=EDGE_CURVE('',#1026,#1018,#552,.T.);
#1289=EDGE_CURVE('',#1027,#1028,#553,.T.);
#1290=EDGE_CURVE('',#1029,#1028,#554,.T.);
#1291=EDGE_CURVE('',#1029,#1030,#555,.T.);
#1292=EDGE_CURVE('',#1030,#1027,#556,.T.);
#1293=EDGE_CURVE('',#1028,#1031,#557,.T.);
#1294=EDGE_CURVE('',#1032,#1031,#558,.T.);
#1295=EDGE_CURVE('',#1032,#1029,#559,.T.);
#1296=EDGE_CURVE('',#1031,#1033,#560,.T.);
#1297=EDGE_CURVE('',#1034,#1033,#561,.T.);
#1298=EDGE_CURVE('',#1034,#1032,#562,.T.);
#1299=EDGE_CURVE('',#1035,#1035,#41,.T.);
#1300=EDGE_CURVE('',#1035,#1036,#563,.T.);
#1301=EDGE_CURVE('',#1036,#1036,#42,.T.);
#1302=EDGE_CURVE('',#1033,#1037,#564,.T.);
#1303=EDGE_CURVE('',#1038,#1037,#565,.T.);
#1304=EDGE_CURVE('',#1038,#1034,#566,.T.);
#1305=EDGE_CURVE('',#1037,#1039,#43,.T.);
#1306=EDGE_CURVE('',#1040,#1039,#567,.T.);
#1307=EDGE_CURVE('',#1038,#1040,#44,.T.);
#1308=EDGE_CURVE('',#1039,#1027,#568,.T.);
#1309=EDGE_CURVE('',#1030,#1040,#569,.T.);
#1310=EDGE_CURVE('',#1041,#1042,#570,.T.);
#1311=EDGE_CURVE('',#1043,#1042,#571,.T.);
#1312=EDGE_CURVE('',#1043,#1044,#572,.T.);
#1313=EDGE_CURVE('',#1044,#1041,#573,.T.);
#1314=EDGE_CURVE('',#1042,#1045,#574,.T.);
#1315=EDGE_CURVE('',#1046,#1045,#575,.T.);
#1316=EDGE_CURVE('',#1046,#1043,#576,.T.);
#1317=EDGE_CURVE('',#1045,#1047,#577,.T.);
#1318=EDGE_CURVE('',#1048,#1047,#578,.T.);
#1319=EDGE_CURVE('',#1048,#1046,#579,.T.);
#1320=EDGE_CURVE('',#1049,#1049,#45,.T.);
#1321=EDGE_CURVE('',#1049,#1050,#580,.T.);
#1322=EDGE_CURVE('',#1050,#1050,#46,.T.);
#1323=EDGE_CURVE('',#1047,#1051,#581,.T.);
#1324=EDGE_CURVE('',#1052,#1051,#582,.T.);
#1325=EDGE_CURVE('',#1052,#1048,#583,.T.);
#1326=EDGE_CURVE('',#1051,#1053,#47,.T.);
#1327=EDGE_CURVE('',#1054,#1053,#584,.T.);
#1328=EDGE_CURVE('',#1052,#1054,#48,.T.);
#1329=EDGE_CURVE('',#1053,#1041,#585,.T.);
#1330=EDGE_CURVE('',#1044,#1054,#586,.T.);
#1331=EDGE_CURVE('',#1055,#1056,#587,.T.);
#1332=EDGE_CURVE('',#1057,#1056,#588,.T.);
#1333=EDGE_CURVE('',#1057,#1058,#589,.T.);
#1334=EDGE_CURVE('',#1058,#1055,#590,.T.);
#1335=EDGE_CURVE('',#1056,#1059,#591,.T.);
#1336=EDGE_CURVE('',#1060,#1059,#592,.T.);
#1337=EDGE_CURVE('',#1060,#1057,#593,.T.);
#1338=EDGE_CURVE('',#1059,#1061,#594,.T.);
#1339=EDGE_CURVE('',#1062,#1061,#595,.T.);
#1340=EDGE_CURVE('',#1062,#1060,#596,.T.);
#1341=EDGE_CURVE('',#1063,#1063,#49,.T.);
#1342=EDGE_CURVE('',#1063,#1064,#597,.T.);
#1343=EDGE_CURVE('',#1064,#1064,#50,.T.);
#1344=EDGE_CURVE('',#1061,#1065,#598,.T.);
#1345=EDGE_CURVE('',#1066,#1065,#599,.T.);
#1346=EDGE_CURVE('',#1066,#1062,#600,.T.);
#1347=EDGE_CURVE('',#1065,#1067,#51,.T.);
#1348=EDGE_CURVE('',#1068,#1067,#601,.T.);
#1349=EDGE_CURVE('',#1066,#1068,#52,.T.);
#1350=EDGE_CURVE('',#1067,#1055,#602,.T.);
#1351=EDGE_CURVE('',#1058,#1068,#603,.T.);
#1352=EDGE_CURVE('',#1069,#1070,#604,.T.);
#1353=EDGE_CURVE('',#1071,#1070,#605,.T.);
#1354=EDGE_CURVE('',#1071,#1072,#606,.T.);
#1355=EDGE_CURVE('',#1072,#1069,#607,.T.);
#1356=EDGE_CURVE('',#1070,#1073,#608,.T.);
#1357=EDGE_CURVE('',#1074,#1073,#609,.T.);
#1358=EDGE_CURVE('',#1074,#1071,#610,.T.);
#1359=EDGE_CURVE('',#1073,#1075,#611,.T.);
#1360=EDGE_CURVE('',#1076,#1075,#612,.T.);
#1361=EDGE_CURVE('',#1076,#1074,#613,.T.);
#1362=EDGE_CURVE('',#1077,#1077,#53,.T.);
#1363=EDGE_CURVE('',#1077,#1078,#614,.T.);
#1364=EDGE_CURVE('',#1078,#1078,#54,.T.);
#1365=EDGE_CURVE('',#1075,#1079,#615,.T.);
#1366=EDGE_CURVE('',#1080,#1079,#616,.T.);
#1367=EDGE_CURVE('',#1080,#1076,#617,.T.);
#1368=EDGE_CURVE('',#1079,#1081,#55,.T.);
#1369=EDGE_CURVE('',#1082,#1081,#618,.T.);
#1370=EDGE_CURVE('',#1080,#1082,#56,.T.);
#1371=EDGE_CURVE('',#1081,#1069,#619,.T.);
#1372=EDGE_CURVE('',#1072,#1082,#620,.T.);
#1373=EDGE_CURVE('',#1083,#1084,#57,.F.);
#1374=EDGE_CURVE('',#1085,#1083,#58,.F.);
#1375=EDGE_CURVE('',#1084,#1085,#59,.F.);
#1376=EDGE_CURVE('',#1086,#1087,#60,.T.);
#1377=EDGE_CURVE('',#1087,#1085,#621,.T.);
#1378=EDGE_CURVE('',#1083,#1086,#622,.T.);
#1379=EDGE_CURVE('',#1088,#1089,#61,.F.);
#1380=EDGE_CURVE('',#1090,#1088,#62,.F.);
#1381=EDGE_CURVE('',#1089,#1090,#63,.F.);
#1382=EDGE_CURVE('',#1091,#1092,#64,.T.);
#1383=EDGE_CURVE('',#1092,#1090,#623,.T.);
#1384=EDGE_CURVE('',#1088,#1091,#624,.T.);
#1385=EDGE_CURVE('',#1093,#1094,#65,.F.);
#1386=EDGE_CURVE('',#1095,#1093,#66,.F.);
#1387=EDGE_CURVE('',#1094,#1095,#67,.F.);
#1388=EDGE_CURVE('',#1096,#1097,#68,.T.);
#1389=EDGE_CURVE('',#1097,#1095,#625,.T.);
#1390=EDGE_CURVE('',#1093,#1096,#626,.T.);
#1391=EDGE_CURVE('',#1084,#1094,#627,.T.);
#1392=EDGE_CURVE('',#1095,#1083,#628,.T.);
#1393=EDGE_CURVE('',#1098,#1099,#69,.F.);
#1394=EDGE_CURVE('',#1100,#1098,#70,.F.);
#1395=EDGE_CURVE('',#1099,#1100,#71,.F.);
#1396=EDGE_CURVE('',#1101,#1102,#72,.T.);
#1397=EDGE_CURVE('',#1102,#1100,#629,.T.);
#1398=EDGE_CURVE('',#1098,#1101,#630,.T.);
#1399=EDGE_CURVE('',#1094,#1099,#631,.T.);
#1400=EDGE_CURVE('',#1100,#1093,#632,.T.);
#1401=EDGE_CURVE('',#1099,#1089,#633,.T.);
#1402=EDGE_CURVE('',#1090,#1098,#634,.T.);
#1403=EDGE_CURVE('',#1089,#1084,#635,.T.);
#1404=EDGE_CURVE('',#1085,#1088,#636,.T.);
#1405=EDGE_CURVE('',#1086,#1097,#637,.T.);
#1406=EDGE_CURVE('',#1096,#1102,#638,.T.);
#1407=EDGE_CURVE('',#1091,#1087,#639,.T.);
#1408=EDGE_CURVE('',#1101,#1092,#640,.T.);
#1409=ORIENTED_EDGE('',*,*,#1103,.F.);
#1410=ORIENTED_EDGE('',*,*,#1104,.T.);
#1411=ORIENTED_EDGE('',*,*,#1105,.F.);
#1412=ORIENTED_EDGE('',*,*,#1106,.F.);
#1413=ORIENTED_EDGE('',*,*,#1107,.F.);
#1414=ORIENTED_EDGE('',*,*,#1106,.T.);
#1415=ORIENTED_EDGE('',*,*,#1108,.F.);
#1416=ORIENTED_EDGE('',*,*,#1109,.F.);
#1417=ORIENTED_EDGE('',*,*,#1110,.F.);
#1418=ORIENTED_EDGE('',*,*,#1109,.T.);
#1419=ORIENTED_EDGE('',*,*,#1111,.F.);
#1420=ORIENTED_EDGE('',*,*,#1112,.F.);
#1421=ORIENTED_EDGE('',*,*,#1113,.T.);
#1422=ORIENTED_EDGE('',*,*,#1112,.T.);
#1423=ORIENTED_EDGE('',*,*,#1114,.F.);
#1424=ORIENTED_EDGE('',*,*,#1115,.F.);
#1425=ORIENTED_EDGE('',*,*,#1116,.F.);
#1426=ORIENTED_EDGE('',*,*,#1115,.T.);
#1427=ORIENTED_EDGE('',*,*,#1117,.F.);
#1428=ORIENTED_EDGE('',*,*,#1118,.F.);
#1429=ORIENTED_EDGE('',*,*,#1119,.F.);
#1430=ORIENTED_EDGE('',*,*,#1118,.T.);
#1431=ORIENTED_EDGE('',*,*,#1120,.F.);
#1432=ORIENTED_EDGE('',*,*,#1121,.F.);
#1433=ORIENTED_EDGE('',*,*,#1122,.F.);
#1434=ORIENTED_EDGE('',*,*,#1121,.T.);
#1435=ORIENTED_EDGE('',*,*,#1123,.F.);
#1436=ORIENTED_EDGE('',*,*,#1124,.F.);
#1437=ORIENTED_EDGE('',*,*,#1125,.T.);
#1438=ORIENTED_EDGE('',*,*,#1124,.T.);
#1439=ORIENTED_EDGE('',*,*,#1126,.F.);
#1440=ORIENTED_EDGE('',*,*,#1127,.F.);
#1441=ORIENTED_EDGE('',*,*,#1128,.F.);
#1442=ORIENTED_EDGE('',*,*,#1127,.T.);
#1443=ORIENTED_EDGE('',*,*,#1129,.F.);
#1444=ORIENTED_EDGE('',*,*,#1130,.F.);
#1445=ORIENTED_EDGE('',*,*,#1131,.F.);
#1446=ORIENTED_EDGE('',*,*,#1130,.T.);
#1447=ORIENTED_EDGE('',*,*,#1132,.F.);
#1448=ORIENTED_EDGE('',*,*,#1133,.F.);
#1449=ORIENTED_EDGE('',*,*,#1134,.F.);
#1450=ORIENTED_EDGE('',*,*,#1133,.T.);
#1451=ORIENTED_EDGE('',*,*,#1135,.F.);
#1452=ORIENTED_EDGE('',*,*,#1136,.F.);
#1453=ORIENTED_EDGE('',*,*,#1137,.T.);
#1454=ORIENTED_EDGE('',*,*,#1136,.T.);
#1455=ORIENTED_EDGE('',*,*,#1138,.F.);
#1456=ORIENTED_EDGE('',*,*,#1139,.F.);
#1457=ORIENTED_EDGE('',*,*,#1140,.F.);
#1458=ORIENTED_EDGE('',*,*,#1139,.T.);
#1459=ORIENTED_EDGE('',*,*,#1141,.F.);
#1460=ORIENTED_EDGE('',*,*,#1142,.F.);
#1461=ORIENTED_EDGE('',*,*,#1143,.F.);
#1462=ORIENTED_EDGE('',*,*,#1142,.T.);
#1463=ORIENTED_EDGE('',*,*,#1144,.F.);
#1464=ORIENTED_EDGE('',*,*,#1145,.F.);
#1465=ORIENTED_EDGE('',*,*,#1146,.F.);
#1466=ORIENTED_EDGE('',*,*,#1145,.T.);
#1467=ORIENTED_EDGE('',*,*,#1147,.F.);
#1468=ORIENTED_EDGE('',*,*,#1148,.F.);
#1469=ORIENTED_EDGE('',*,*,#1149,.T.);
#1470=ORIENTED_EDGE('',*,*,#1148,.T.);
#1471=ORIENTED_EDGE('',*,*,#1150,.F.);
#1472=ORIENTED_EDGE('',*,*,#1151,.F.);
#1473=ORIENTED_EDGE('',*,*,#1152,.F.);
#1474=ORIENTED_EDGE('',*,*,#1151,.T.);
#1475=ORIENTED_EDGE('',*,*,#1153,.F.);
#1476=ORIENTED_EDGE('',*,*,#1154,.F.);
#1477=ORIENTED_EDGE('',*,*,#1155,.F.);
#1478=ORIENTED_EDGE('',*,*,#1154,.T.);
#1479=ORIENTED_EDGE('',*,*,#1156,.F.);
#1480=ORIENTED_EDGE('',*,*,#1157,.F.);
#1481=ORIENTED_EDGE('',*,*,#1158,.F.);
#1482=ORIENTED_EDGE('',*,*,#1157,.T.);
#1483=ORIENTED_EDGE('',*,*,#1159,.F.);
#1484=ORIENTED_EDGE('',*,*,#1160,.F.);
#1485=ORIENTED_EDGE('',*,*,#1161,.T.);
#1486=ORIENTED_EDGE('',*,*,#1160,.T.);
#1487=ORIENTED_EDGE('',*,*,#1162,.F.);
#1488=ORIENTED_EDGE('',*,*,#1163,.F.);
#1489=ORIENTED_EDGE('',*,*,#1164,.F.);
#1490=ORIENTED_EDGE('',*,*,#1163,.T.);
#1491=ORIENTED_EDGE('',*,*,#1165,.F.);
#1492=ORIENTED_EDGE('',*,*,#1166,.F.);
#1493=ORIENTED_EDGE('',*,*,#1167,.F.);
#1494=ORIENTED_EDGE('',*,*,#1166,.T.);
#1495=ORIENTED_EDGE('',*,*,#1168,.F.);
#1496=ORIENTED_EDGE('',*,*,#1169,.F.);
#1497=ORIENTED_EDGE('',*,*,#1170,.F.);
#1498=ORIENTED_EDGE('',*,*,#1169,.T.);
#1499=ORIENTED_EDGE('',*,*,#1171,.F.);
#1500=ORIENTED_EDGE('',*,*,#1172,.F.);
#1501=ORIENTED_EDGE('',*,*,#1173,.T.);
#1502=ORIENTED_EDGE('',*,*,#1172,.T.);
#1503=ORIENTED_EDGE('',*,*,#1174,.F.);
#1504=ORIENTED_EDGE('',*,*,#1175,.F.);
#1505=ORIENTED_EDGE('',*,*,#1176,.T.);
#1506=ORIENTED_EDGE('',*,*,#1175,.T.);
#1507=ORIENTED_EDGE('',*,*,#1177,.F.);
#1508=ORIENTED_EDGE('',*,*,#1178,.F.);
#1509=ORIENTED_EDGE('',*,*,#1179,.T.);
#1510=ORIENTED_EDGE('',*,*,#1178,.T.);
#1511=ORIENTED_EDGE('',*,*,#1180,.F.);
#1512=ORIENTED_EDGE('',*,*,#1181,.F.);
#1513=ORIENTED_EDGE('',*,*,#1182,.F.);
#1514=ORIENTED_EDGE('',*,*,#1181,.T.);
#1515=ORIENTED_EDGE('',*,*,#1183,.F.);
#1516=ORIENTED_EDGE('',*,*,#1184,.F.);
#1517=ORIENTED_EDGE('',*,*,#1185,.F.);
#1518=ORIENTED_EDGE('',*,*,#1184,.T.);
#1519=ORIENTED_EDGE('',*,*,#1186,.F.);
#1520=ORIENTED_EDGE('',*,*,#1187,.F.);
#1521=ORIENTED_EDGE('',*,*,#1188,.F.);
#1522=ORIENTED_EDGE('',*,*,#1187,.T.);
#1523=ORIENTED_EDGE('',*,*,#1189,.F.);
#1524=ORIENTED_EDGE('',*,*,#1190,.F.);
#1525=ORIENTED_EDGE('',*,*,#1191,.T.);
#1526=ORIENTED_EDGE('',*,*,#1190,.T.);
#1527=ORIENTED_EDGE('',*,*,#1192,.F.);
#1528=ORIENTED_EDGE('',*,*,#1193,.F.);
#1529=ORIENTED_EDGE('',*,*,#1194,.T.);
#1530=ORIENTED_EDGE('',*,*,#1193,.T.);
#1531=ORIENTED_EDGE('',*,*,#1195,.F.);
#1532=ORIENTED_EDGE('',*,*,#1196,.F.);
#1533=ORIENTED_EDGE('',*,*,#1197,.T.);
#1534=ORIENTED_EDGE('',*,*,#1196,.T.);
#1535=ORIENTED_EDGE('',*,*,#1198,.F.);
#1536=ORIENTED_EDGE('',*,*,#1199,.F.);
#1537=ORIENTED_EDGE('',*,*,#1200,.T.);
#1538=ORIENTED_EDGE('',*,*,#1199,.T.);
#1539=ORIENTED_EDGE('',*,*,#1201,.F.);
#1540=ORIENTED_EDGE('',*,*,#1202,.F.);
#1541=ORIENTED_EDGE('',*,*,#1203,.T.);
#1542=ORIENTED_EDGE('',*,*,#1202,.T.);
#1543=ORIENTED_EDGE('',*,*,#1204,.F.);
#1544=ORIENTED_EDGE('',*,*,#1205,.F.);
#1545=ORIENTED_EDGE('',*,*,#1206,.T.);
#1546=ORIENTED_EDGE('',*,*,#1205,.T.);
#1547=ORIENTED_EDGE('',*,*,#1207,.F.);
#1548=ORIENTED_EDGE('',*,*,#1208,.F.);
#1549=ORIENTED_EDGE('',*,*,#1209,.T.);
#1550=ORIENTED_EDGE('',*,*,#1208,.T.);
#1551=ORIENTED_EDGE('',*,*,#1210,.F.);
#1552=ORIENTED_EDGE('',*,*,#1104,.F.);
#1553=ORIENTED_EDGE('',*,*,#1210,.T.);
#1554=ORIENTED_EDGE('',*,*,#1207,.T.);
#1555=ORIENTED_EDGE('',*,*,#1204,.T.);
#1556=ORIENTED_EDGE('',*,*,#1201,.T.);
#1557=ORIENTED_EDGE('',*,*,#1198,.T.);
#1558=ORIENTED_EDGE('',*,*,#1195,.T.);
#1559=ORIENTED_EDGE('',*,*,#1192,.T.);
#1560=ORIENTED_EDGE('',*,*,#1189,.T.);
#1561=ORIENTED_EDGE('',*,*,#1186,.T.);
#1562=ORIENTED_EDGE('',*,*,#1183,.T.);
#1563=ORIENTED_EDGE('',*,*,#1180,.T.);
#1564=ORIENTED_EDGE('',*,*,#1177,.T.);
#1565=ORIENTED_EDGE('',*,*,#1174,.T.);
#1566=ORIENTED_EDGE('',*,*,#1171,.T.);
#1567=ORIENTED_EDGE('',*,*,#1168,.T.);
#1568=ORIENTED_EDGE('',*,*,#1165,.T.);
#1569=ORIENTED_EDGE('',*,*,#1162,.T.);
#1570=ORIENTED_EDGE('',*,*,#1159,.T.);
#1571=ORIENTED_EDGE('',*,*,#1156,.T.);
#1572=ORIENTED_EDGE('',*,*,#1153,.T.);
#1573=ORIENTED_EDGE('',*,*,#1150,.T.);
#1574=ORIENTED_EDGE('',*,*,#1147,.T.);
#1575=ORIENTED_EDGE('',*,*,#1144,.T.);
#1576=ORIENTED_EDGE('',*,*,#1141,.T.);
#1577=ORIENTED_EDGE('',*,*,#1138,.T.);
#1578=ORIENTED_EDGE('',*,*,#1135,.T.);
#1579=ORIENTED_EDGE('',*,*,#1132,.T.);
#1580=ORIENTED_EDGE('',*,*,#1129,.T.);
#1581=ORIENTED_EDGE('',*,*,#1126,.T.);
#1582=ORIENTED_EDGE('',*,*,#1123,.T.);
#1583=ORIENTED_EDGE('',*,*,#1120,.T.);
#1584=ORIENTED_EDGE('',*,*,#1117,.T.);
#1585=ORIENTED_EDGE('',*,*,#1114,.T.);
#1586=ORIENTED_EDGE('',*,*,#1111,.T.);
#1587=ORIENTED_EDGE('',*,*,#1108,.T.);
#1588=ORIENTED_EDGE('',*,*,#1105,.T.);
#1589=ORIENTED_EDGE('',*,*,#1209,.F.);
#1590=ORIENTED_EDGE('',*,*,#1103,.T.);
#1591=ORIENTED_EDGE('',*,*,#1107,.T.);
#1592=ORIENTED_EDGE('',*,*,#1110,.T.);
#1593=ORIENTED_EDGE('',*,*,#1113,.F.);
#1594=ORIENTED_EDGE('',*,*,#1116,.T.);
#1595=ORIENTED_EDGE('',*,*,#1119,.T.);
#1596=ORIENTED_EDGE('',*,*,#1122,.T.);
#1597=ORIENTED_EDGE('',*,*,#1125,.F.);
#1598=ORIENTED_EDGE('',*,*,#1128,.T.);
#1599=ORIENTED_EDGE('',*,*,#1131,.T.);
#1600=ORIENTED_EDGE('',*,*,#1134,.T.);
#1601=ORIENTED_EDGE('',*,*,#1137,.F.);
#1602=ORIENTED_EDGE('',*,*,#1140,.T.);
#1603=ORIENTED_EDGE('',*,*,#1143,.T.);
#1604=ORIENTED_EDGE('',*,*,#1146,.T.);
#1605=ORIENTED_EDGE('',*,*,#1149,.F.);
#1606=ORIENTED_EDGE('',*,*,#1152,.T.);
#1607=ORIENTED_EDGE('',*,*,#1155,.T.);
#1608=ORIENTED_EDGE('',*,*,#1158,.T.);
#1609=ORIENTED_EDGE('',*,*,#1161,.F.);
#1610=ORIENTED_EDGE('',*,*,#1164,.T.);
#1611=ORIENTED_EDGE('',*,*,#1167,.T.);
#1612=ORIENTED_EDGE('',*,*,#1170,.T.);
#1613=ORIENTED_EDGE('',*,*,#1173,.F.);
#1614=ORIENTED_EDGE('',*,*,#1176,.F.);
#1615=ORIENTED_EDGE('',*,*,#1179,.F.);
#1616=ORIENTED_EDGE('',*,*,#1182,.T.);
#1617=ORIENTED_EDGE('',*,*,#1185,.T.);
#1618=ORIENTED_EDGE('',*,*,#1188,.T.);
#1619=ORIENTED_EDGE('',*,*,#1191,.F.);
#1620=ORIENTED_EDGE('',*,*,#1194,.F.);
#1621=ORIENTED_EDGE('',*,*,#1197,.F.);
#1622=ORIENTED_EDGE('',*,*,#1200,.F.);
#1623=ORIENTED_EDGE('',*,*,#1203,.F.);
#1624=ORIENTED_EDGE('',*,*,#1206,.F.);
#1625=ORIENTED_EDGE('',*,*,#1211,.T.);
#1626=ORIENTED_EDGE('',*,*,#1212,.F.);
#1627=ORIENTED_EDGE('',*,*,#1213,.T.);
#1628=ORIENTED_EDGE('',*,*,#1214,.T.);
#1629=ORIENTED_EDGE('',*,*,#1215,.T.);
#1630=ORIENTED_EDGE('',*,*,#1216,.F.);
#1631=ORIENTED_EDGE('',*,*,#1217,.T.);
#1632=ORIENTED_EDGE('',*,*,#1212,.T.);
#1633=ORIENTED_EDGE('',*,*,#1218,.T.);
#1634=ORIENTED_EDGE('',*,*,#1219,.F.);
#1635=ORIENTED_EDGE('',*,*,#1220,.T.);
#1636=ORIENTED_EDGE('',*,*,#1216,.T.);
#1637=ORIENTED_EDGE('',*,*,#1221,.T.);
#1638=ORIENTED_EDGE('',*,*,#1222,.F.);
#1639=ORIENTED_EDGE('',*,*,#1223,.F.);
#1640=ORIENTED_EDGE('',*,*,#1219,.T.);
#1641=ORIENTED_EDGE('',*,*,#1224,.T.);
#1642=ORIENTED_EDGE('',*,*,#1225,.F.);
#1643=ORIENTED_EDGE('',*,*,#1226,.T.);
#1644=ORIENTED_EDGE('',*,*,#1222,.T.);
#1645=ORIENTED_EDGE('',*,*,#1227,.T.);
#1646=ORIENTED_EDGE('',*,*,#1214,.F.);
#1647=ORIENTED_EDGE('',*,*,#1228,.T.);
#1648=ORIENTED_EDGE('',*,*,#1225,.T.);
#1649=ORIENTED_EDGE('',*,*,#1220,.F.);
#1650=ORIENTED_EDGE('',*,*,#1223,.T.);
#1651=ORIENTED_EDGE('',*,*,#1226,.F.);
#1652=ORIENTED_EDGE('',*,*,#1228,.F.);
#1653=ORIENTED_EDGE('',*,*,#1213,.F.);
#1654=ORIENTED_EDGE('',*,*,#1217,.F.);
#1655=ORIENTED_EDGE('',*,*,#1221,.F.);
#1656=ORIENTED_EDGE('',*,*,#1218,.F.);
#1657=ORIENTED_EDGE('',*,*,#1215,.F.);
#1658=ORIENTED_EDGE('',*,*,#1211,.F.);
#1659=ORIENTED_EDGE('',*,*,#1227,.F.);
#1660=ORIENTED_EDGE('',*,*,#1224,.F.);
#1661=ORIENTED_EDGE('',*,*,#1229,.T.);
#1662=ORIENTED_EDGE('',*,*,#1230,.F.);
#1663=ORIENTED_EDGE('',*,*,#1231,.T.);
#1664=ORIENTED_EDGE('',*,*,#1232,.T.);
#1665=ORIENTED_EDGE('',*,*,#1233,.T.);
#1666=ORIENTED_EDGE('',*,*,#1234,.F.);
#1667=ORIENTED_EDGE('',*,*,#1235,.T.);
#1668=ORIENTED_EDGE('',*,*,#1230,.T.);
#1669=ORIENTED_EDGE('',*,*,#1236,.T.);
#1670=ORIENTED_EDGE('',*,*,#1237,.F.);
#1671=ORIENTED_EDGE('',*,*,#1238,.T.);
#1672=ORIENTED_EDGE('',*,*,#1234,.T.);
#1673=ORIENTED_EDGE('',*,*,#1239,.T.);
#1674=ORIENTED_EDGE('',*,*,#1240,.T.);
#1675=ORIENTED_EDGE('',*,*,#1241,.T.);
#1676=ORIENTED_EDGE('',*,*,#1240,.F.);
#1677=ORIENTED_EDGE('',*,*,#1242,.T.);
#1678=ORIENTED_EDGE('',*,*,#1243,.F.);
#1679=ORIENTED_EDGE('',*,*,#1244,.T.);
#1680=ORIENTED_EDGE('',*,*,#1237,.T.);
#1681=ORIENTED_EDGE('',*,*,#1245,.T.);
#1682=ORIENTED_EDGE('',*,*,#1246,.F.);
#1683=ORIENTED_EDGE('',*,*,#1247,.F.);
#1684=ORIENTED_EDGE('',*,*,#1243,.T.);
#1685=ORIENTED_EDGE('',*,*,#1248,.T.);
#1686=ORIENTED_EDGE('',*,*,#1232,.F.);
#1687=ORIENTED_EDGE('',*,*,#1249,.T.);
#1688=ORIENTED_EDGE('',*,*,#1246,.T.);
#1689=ORIENTED_EDGE('',*,*,#1238,.F.);
#1690=ORIENTED_EDGE('',*,*,#1244,.F.);
#1691=ORIENTED_EDGE('',*,*,#1247,.T.);
#1692=ORIENTED_EDGE('',*,*,#1249,.F.);
#1693=ORIENTED_EDGE('',*,*,#1231,.F.);
#1694=ORIENTED_EDGE('',*,*,#1235,.F.);
#1695=ORIENTED_EDGE('',*,*,#1241,.F.);
#1696=ORIENTED_EDGE('',*,*,#1242,.F.);
#1697=ORIENTED_EDGE('',*,*,#1236,.F.);
#1698=ORIENTED_EDGE('',*,*,#1233,.F.);
#1699=ORIENTED_EDGE('',*,*,#1229,.F.);
#1700=ORIENTED_EDGE('',*,*,#1248,.F.);
#1701=ORIENTED_EDGE('',*,*,#1245,.F.);
#1702=ORIENTED_EDGE('',*,*,#1239,.F.);
#1703=ORIENTED_EDGE('',*,*,#1250,.T.);
#1704=ORIENTED_EDGE('',*,*,#1251,.F.);
#1705=ORIENTED_EDGE('',*,*,#1252,.T.);
#1706=ORIENTED_EDGE('',*,*,#1253,.T.);
#1707=ORIENTED_EDGE('',*,*,#1254,.T.);
#1708=ORIENTED_EDGE('',*,*,#1255,.F.);
#1709=ORIENTED_EDGE('',*,*,#1256,.T.);
#1710=ORIENTED_EDGE('',*,*,#1251,.T.);
#1711=ORIENTED_EDGE('',*,*,#1257,.T.);
#1712=ORIENTED_EDGE('',*,*,#1258,.F.);
#1713=ORIENTED_EDGE('',*,*,#1259,.T.);
#1714=ORIENTED_EDGE('',*,*,#1255,.T.);
#1715=ORIENTED_EDGE('',*,*,#1260,.T.);
#1716=ORIENTED_EDGE('',*,*,#1261,.T.);
#1717=ORIENTED_EDGE('',*,*,#1262,.T.);
#1718=ORIENTED_EDGE('',*,*,#1261,.F.);
#1719=ORIENTED_EDGE('',*,*,#1263,.T.);
#1720=ORIENTED_EDGE('',*,*,#1264,.F.);
#1721=ORIENTED_EDGE('',*,*,#1265,.T.);
#1722=ORIENTED_EDGE('',*,*,#1258,.T.);
#1723=ORIENTED_EDGE('',*,*,#1266,.T.);
#1724=ORIENTED_EDGE('',*,*,#1267,.F.);
#1725=ORIENTED_EDGE('',*,*,#1268,.F.);
#1726=ORIENTED_EDGE('',*,*,#1264,.T.);
#1727=ORIENTED_EDGE('',*,*,#1269,.T.);
#1728=ORIENTED_EDGE('',*,*,#1253,.F.);
#1729=ORIENTED_EDGE('',*,*,#1270,.T.);
#1730=ORIENTED_EDGE('',*,*,#1267,.T.);
#1731=ORIENTED_EDGE('',*,*,#1259,.F.);
#1732=ORIENTED_EDGE('',*,*,#1265,.F.);
#1733=ORIENTED_EDGE('',*,*,#1268,.T.);
#1734=ORIENTED_EDGE('',*,*,#1270,.F.);
#1735=ORIENTED_EDGE('',*,*,#1252,.F.);
#1736=ORIENTED_EDGE('',*,*,#1256,.F.);
#1737=ORIENTED_EDGE('',*,*,#1262,.F.);
#1738=ORIENTED_EDGE('',*,*,#1263,.F.);
#1739=ORIENTED_EDGE('',*,*,#1257,.F.);
#1740=ORIENTED_EDGE('',*,*,#1254,.F.);
#1741=ORIENTED_EDGE('',*,*,#1250,.F.);
#1742=ORIENTED_EDGE('',*,*,#1269,.F.);
#1743=ORIENTED_EDGE('',*,*,#1266,.F.);
#1744=ORIENTED_EDGE('',*,*,#1260,.F.);
#1745=ORIENTED_EDGE('',*,*,#1271,.T.);
#1746=ORIENTED_EDGE('',*,*,#1272,.F.);
#1747=ORIENTED_EDGE('',*,*,#1273,.T.);
#1748=ORIENTED_EDGE('',*,*,#1274,.T.);
#1749=ORIENTED_EDGE('',*,*,#1275,.T.);
#1750=ORIENTED_EDGE('',*,*,#1276,.F.);
#1751=ORIENTED_EDGE('',*,*,#1277,.F.);
#1752=ORIENTED_EDGE('',*,*,#1272,.T.);
#1753=ORIENTED_EDGE('',*,*,#1278,.T.);
#1754=ORIENTED_EDGE('',*,*,#1279,.F.);
#1755=ORIENTED_EDGE('',*,*,#1280,.T.);
#1756=ORIENTED_EDGE('',*,*,#1276,.T.);
#1757=ORIENTED_EDGE('',*,*,#1281,.T.);
#1758=ORIENTED_EDGE('',*,*,#1282,.F.);
#1759=ORIENTED_EDGE('',*,*,#1283,.F.);
#1760=ORIENTED_EDGE('',*,*,#1279,.T.);
#1761=ORIENTED_EDGE('',*,*,#1284,.T.);
#1762=ORIENTED_EDGE('',*,*,#1285,.F.);
#1763=ORIENTED_EDGE('',*,*,#1286,.F.);
#1764=ORIENTED_EDGE('',*,*,#1282,.T.);
#1765=ORIENTED_EDGE('',*,*,#1287,.T.);
#1766=ORIENTED_EDGE('',*,*,#1274,.F.);
#1767=ORIENTED_EDGE('',*,*,#1288,.F.);
#1768=ORIENTED_EDGE('',*,*,#1285,.T.);
#1769=ORIENTED_EDGE('',*,*,#1280,.F.);
#1770=ORIENTED_EDGE('',*,*,#1283,.T.);
#1771=ORIENTED_EDGE('',*,*,#1286,.T.);
#1772=ORIENTED_EDGE('',*,*,#1288,.T.);
#1773=ORIENTED_EDGE('',*,*,#1273,.F.);
#1774=ORIENTED_EDGE('',*,*,#1277,.T.);
#1775=ORIENTED_EDGE('',*,*,#1281,.F.);
#1776=ORIENTED_EDGE('',*,*,#1278,.F.);
#1777=ORIENTED_EDGE('',*,*,#1275,.F.);
#1778=ORIENTED_EDGE('',*,*,#1271,.F.);
#1779=ORIENTED_EDGE('',*,*,#1287,.F.);
#1780=ORIENTED_EDGE('',*,*,#1284,.F.);
#1781=ORIENTED_EDGE('',*,*,#1289,.T.);
#1782=ORIENTED_EDGE('',*,*,#1290,.F.);
#1783=ORIENTED_EDGE('',*,*,#1291,.T.);
#1784=ORIENTED_EDGE('',*,*,#1292,.T.);
#1785=ORIENTED_EDGE('',*,*,#1293,.T.);
#1786=ORIENTED_EDGE('',*,*,#1294,.F.);
#1787=ORIENTED_EDGE('',*,*,#1295,.T.);
#1788=ORIENTED_EDGE('',*,*,#1290,.T.);
#1789=ORIENTED_EDGE('',*,*,#1296,.T.);
#1790=ORIENTED_EDGE('',*,*,#1297,.F.);
#1791=ORIENTED_EDGE('',*,*,#1298,.T.);
#1792=ORIENTED_EDGE('',*,*,#1294,.T.);
#1793=ORIENTED_EDGE('',*,*,#1299,.T.);
#1794=ORIENTED_EDGE('',*,*,#1300,.T.);
#1795=ORIENTED_EDGE('',*,*,#1301,.T.);
#1796=ORIENTED_EDGE('',*,*,#1300,.F.);
#1797=ORIENTED_EDGE('',*,*,#1302,.T.);
#1798=ORIENTED_EDGE('',*,*,#1303,.F.);
#1799=ORIENTED_EDGE('',*,*,#1304,.T.);
#1800=ORIENTED_EDGE('',*,*,#1297,.T.);
#1801=ORIENTED_EDGE('',*,*,#1305,.T.);
#1802=ORIENTED_EDGE('',*,*,#1306,.F.);
#1803=ORIENTED_EDGE('',*,*,#1307,.F.);
#1804=ORIENTED_EDGE('',*,*,#1303,.T.);
#1805=ORIENTED_EDGE('',*,*,#1308,.T.);
#1806=ORIENTED_EDGE('',*,*,#1292,.F.);
#1807=ORIENTED_EDGE('',*,*,#1309,.T.);
#1808=ORIENTED_EDGE('',*,*,#1306,.T.);
#1809=ORIENTED_EDGE('',*,*,#1298,.F.);
#1810=ORIENTED_EDGE('',*,*,#1304,.F.);
#1811=ORIENTED_EDGE('',*,*,#1307,.T.);
#1812=ORIENTED_EDGE('',*,*,#1309,.F.);
#1813=ORIENTED_EDGE('',*,*,#1291,.F.);
#1814=ORIENTED_EDGE('',*,*,#1295,.F.);
#1815=ORIENTED_EDGE('',*,*,#1301,.F.);
#1816=ORIENTED_EDGE('',*,*,#1302,.F.);
#1817=ORIENTED_EDGE('',*,*,#1296,.F.);
#1818=ORIENTED_EDGE('',*,*,#1293,.F.);
#1819=ORIENTED_EDGE('',*,*,#1289,.F.);
#1820=ORIENTED_EDGE('',*,*,#1308,.F.);
#1821=ORIENTED_EDGE('',*,*,#1305,.F.);
#1822=ORIENTED_EDGE('',*,*,#1299,.F.);
#1823=ORIENTED_EDGE('',*,*,#1310,.T.);
#1824=ORIENTED_EDGE('',*,*,#1311,.F.);
#1825=ORIENTED_EDGE('',*,*,#1312,.T.);
#1826=ORIENTED_EDGE('',*,*,#1313,.T.);
#1827=ORIENTED_EDGE('',*,*,#1314,.T.);
#1828=ORIENTED_EDGE('',*,*,#1315,.F.);
#1829=ORIENTED_EDGE('',*,*,#1316,.T.);
#1830=ORIENTED_EDGE('',*,*,#1311,.T.);
#1831=ORIENTED_EDGE('',*,*,#1317,.T.);
#1832=ORIENTED_EDGE('',*,*,#1318,.F.);
#1833=ORIENTED_EDGE('',*,*,#1319,.T.);
#1834=ORIENTED_EDGE('',*,*,#1315,.T.);
#1835=ORIENTED_EDGE('',*,*,#1320,.T.);
#1836=ORIENTED_EDGE('',*,*,#1321,.T.);
#1837=ORIENTED_EDGE('',*,*,#1322,.T.);
#1838=ORIENTED_EDGE('',*,*,#1321,.F.);
#1839=ORIENTED_EDGE('',*,*,#1323,.T.);
#1840=ORIENTED_EDGE('',*,*,#1324,.F.);
#1841=ORIENTED_EDGE('',*,*,#1325,.T.);
#1842=ORIENTED_EDGE('',*,*,#1318,.T.);
#1843=ORIENTED_EDGE('',*,*,#1326,.T.);
#1844=ORIENTED_EDGE('',*,*,#1327,.F.);
#1845=ORIENTED_EDGE('',*,*,#1328,.F.);
#1846=ORIENTED_EDGE('',*,*,#1324,.T.);
#1847=ORIENTED_EDGE('',*,*,#1329,.T.);
#1848=ORIENTED_EDGE('',*,*,#1313,.F.);
#1849=ORIENTED_EDGE('',*,*,#1330,.T.);
#1850=ORIENTED_EDGE('',*,*,#1327,.T.);
#1851=ORIENTED_EDGE('',*,*,#1319,.F.);
#1852=ORIENTED_EDGE('',*,*,#1325,.F.);
#1853=ORIENTED_EDGE('',*,*,#1328,.T.);
#1854=ORIENTED_EDGE('',*,*,#1330,.F.);
#1855=ORIENTED_EDGE('',*,*,#1312,.F.);
#1856=ORIENTED_EDGE('',*,*,#1316,.F.);
#1857=ORIENTED_EDGE('',*,*,#1322,.F.);
#1858=ORIENTED_EDGE('',*,*,#1323,.F.);
#1859=ORIENTED_EDGE('',*,*,#1317,.F.);
#1860=ORIENTED_EDGE('',*,*,#1314,.F.);
#1861=ORIENTED_EDGE('',*,*,#1310,.F.);
#1862=ORIENTED_EDGE('',*,*,#1329,.F.);
#1863=ORIENTED_EDGE('',*,*,#1326,.F.);
#1864=ORIENTED_EDGE('',*,*,#1320,.F.);
#1865=ORIENTED_EDGE('',*,*,#1331,.T.);
#1866=ORIENTED_EDGE('',*,*,#1332,.F.);
#1867=ORIENTED_EDGE('',*,*,#1333,.T.);
#1868=ORIENTED_EDGE('',*,*,#1334,.T.);
#1869=ORIENTED_EDGE('',*,*,#1335,.T.);
#1870=ORIENTED_EDGE('',*,*,#1336,.F.);
#1871=ORIENTED_EDGE('',*,*,#1337,.T.);
#1872=ORIENTED_EDGE('',*,*,#1332,.T.);
#1873=ORIENTED_EDGE('',*,*,#1338,.T.);
#1874=ORIENTED_EDGE('',*,*,#1339,.F.);
#1875=ORIENTED_EDGE('',*,*,#1340,.T.);
#1876=ORIENTED_EDGE('',*,*,#1336,.T.);
#1877=ORIENTED_EDGE('',*,*,#1341,.T.);
#1878=ORIENTED_EDGE('',*,*,#1342,.T.);
#1879=ORIENTED_EDGE('',*,*,#1343,.T.);
#1880=ORIENTED_EDGE('',*,*,#1342,.F.);
#1881=ORIENTED_EDGE('',*,*,#1344,.T.);
#1882=ORIENTED_EDGE('',*,*,#1345,.F.);
#1883=ORIENTED_EDGE('',*,*,#1346,.T.);
#1884=ORIENTED_EDGE('',*,*,#1339,.T.);
#1885=ORIENTED_EDGE('',*,*,#1347,.T.);
#1886=ORIENTED_EDGE('',*,*,#1348,.F.);
#1887=ORIENTED_EDGE('',*,*,#1349,.F.);
#1888=ORIENTED_EDGE('',*,*,#1345,.T.);
#1889=ORIENTED_EDGE('',*,*,#1350,.T.);
#1890=ORIENTED_EDGE('',*,*,#1334,.F.);
#1891=ORIENTED_EDGE('',*,*,#1351,.T.);
#1892=ORIENTED_EDGE('',*,*,#1348,.T.);
#1893=ORIENTED_EDGE('',*,*,#1340,.F.);
#1894=ORIENTED_EDGE('',*,*,#1346,.F.);
#1895=ORIENTED_EDGE('',*,*,#1349,.T.);
#1896=ORIENTED_EDGE('',*,*,#1351,.F.);
#1897=ORIENTED_EDGE('',*,*,#1333,.F.);
#1898=ORIENTED_EDGE('',*,*,#1337,.F.);
#1899=ORIENTED_EDGE('',*,*,#1343,.F.);
#1900=ORIENTED_EDGE('',*,*,#1344,.F.);
#1901=ORIENTED_EDGE('',*,*,#1338,.F.);
#1902=ORIENTED_EDGE('',*,*,#1335,.F.);
#1903=ORIENTED_EDGE('',*,*,#1331,.F.);
#1904=ORIENTED_EDGE('',*,*,#1350,.F.);
#1905=ORIENTED_EDGE('',*,*,#1347,.F.);
#1906=ORIENTED_EDGE('',*,*,#1341,.F.);
#1907=ORIENTED_EDGE('',*,*,#1352,.T.);
#1908=ORIENTED_EDGE('',*,*,#1353,.F.);
#1909=ORIENTED_EDGE('',*,*,#1354,.T.);
#1910=ORIENTED_EDGE('',*,*,#1355,.T.);
#1911=ORIENTED_EDGE('',*,*,#1356,.T.);
#1912=ORIENTED_EDGE('',*,*,#1357,.F.);
#1913=ORIENTED_EDGE('',*,*,#1358,.T.);
#1914=ORIENTED_EDGE('',*,*,#1353,.T.);
#1915=ORIENTED_EDGE('',*,*,#1359,.T.);
#1916=ORIENTED_EDGE('',*,*,#1360,.F.);
#1917=ORIENTED_EDGE('',*,*,#1361,.T.);
#1918=ORIENTED_EDGE('',*,*,#1357,.T.);
#1919=ORIENTED_EDGE('',*,*,#1362,.T.);
#1920=ORIENTED_EDGE('',*,*,#1363,.T.);
#1921=ORIENTED_EDGE('',*,*,#1364,.T.);
#1922=ORIENTED_EDGE('',*,*,#1363,.F.);
#1923=ORIENTED_EDGE('',*,*,#1365,.T.);
#1924=ORIENTED_EDGE('',*,*,#1366,.F.);
#1925=ORIENTED_EDGE('',*,*,#1367,.T.);
#1926=ORIENTED_EDGE('',*,*,#1360,.T.);
#1927=ORIENTED_EDGE('',*,*,#1368,.T.);
#1928=ORIENTED_EDGE('',*,*,#1369,.F.);
#1929=ORIENTED_EDGE('',*,*,#1370,.F.);
#1930=ORIENTED_EDGE('',*,*,#1366,.T.);
#1931=ORIENTED_EDGE('',*,*,#1371,.T.);
#1932=ORIENTED_EDGE('',*,*,#1355,.F.);
#1933=ORIENTED_EDGE('',*,*,#1372,.T.);
#1934=ORIENTED_EDGE('',*,*,#1369,.T.);
#1935=ORIENTED_EDGE('',*,*,#1361,.F.);
#1936=ORIENTED_EDGE('',*,*,#1367,.F.);
#1937=ORIENTED_EDGE('',*,*,#1370,.T.);
#1938=ORIENTED_EDGE('',*,*,#1372,.F.);
#1939=ORIENTED_EDGE('',*,*,#1354,.F.);
#1940=ORIENTED_EDGE('',*,*,#1358,.F.);
#1941=ORIENTED_EDGE('',*,*,#1364,.F.);
#1942=ORIENTED_EDGE('',*,*,#1365,.F.);
#1943=ORIENTED_EDGE('',*,*,#1359,.F.);
#1944=ORIENTED_EDGE('',*,*,#1356,.F.);
#1945=ORIENTED_EDGE('',*,*,#1352,.F.);
#1946=ORIENTED_EDGE('',*,*,#1371,.F.);
#1947=ORIENTED_EDGE('',*,*,#1368,.F.);
#1948=ORIENTED_EDGE('',*,*,#1362,.F.);
#1949=ORIENTED_EDGE('',*,*,#1373,.F.);
#1950=ORIENTED_EDGE('',*,*,#1374,.F.);
#1951=ORIENTED_EDGE('',*,*,#1375,.F.);
#1952=ORIENTED_EDGE('',*,*,#1376,.T.);
#1953=ORIENTED_EDGE('',*,*,#1377,.T.);
#1954=ORIENTED_EDGE('',*,*,#1374,.T.);
#1955=ORIENTED_EDGE('',*,*,#1378,.T.);
#1956=ORIENTED_EDGE('',*,*,#1379,.F.);
#1957=ORIENTED_EDGE('',*,*,#1380,.F.);
#1958=ORIENTED_EDGE('',*,*,#1381,.F.);
#1959=ORIENTED_EDGE('',*,*,#1382,.T.);
#1960=ORIENTED_EDGE('',*,*,#1383,.T.);
#1961=ORIENTED_EDGE('',*,*,#1380,.T.);
#1962=ORIENTED_EDGE('',*,*,#1384,.T.);
#1963=ORIENTED_EDGE('',*,*,#1385,.F.);
#1964=ORIENTED_EDGE('',*,*,#1386,.F.);
#1965=ORIENTED_EDGE('',*,*,#1387,.F.);
#1966=ORIENTED_EDGE('',*,*,#1388,.T.);
#1967=ORIENTED_EDGE('',*,*,#1389,.T.);
#1968=ORIENTED_EDGE('',*,*,#1386,.T.);
#1969=ORIENTED_EDGE('',*,*,#1390,.T.);
#1970=ORIENTED_EDGE('',*,*,#1373,.T.);
#1971=ORIENTED_EDGE('',*,*,#1391,.T.);
#1972=ORIENTED_EDGE('',*,*,#1387,.T.);
#1973=ORIENTED_EDGE('',*,*,#1392,.T.);
#1974=ORIENTED_EDGE('',*,*,#1393,.F.);
#1975=ORIENTED_EDGE('',*,*,#1394,.F.);
#1976=ORIENTED_EDGE('',*,*,#1395,.F.);
#1977=ORIENTED_EDGE('',*,*,#1396,.T.);
#1978=ORIENTED_EDGE('',*,*,#1397,.T.);
#1979=ORIENTED_EDGE('',*,*,#1394,.T.);
#1980=ORIENTED_EDGE('',*,*,#1398,.T.);
#1981=ORIENTED_EDGE('',*,*,#1385,.T.);
#1982=ORIENTED_EDGE('',*,*,#1399,.T.);
#1983=ORIENTED_EDGE('',*,*,#1395,.T.);
#1984=ORIENTED_EDGE('',*,*,#1400,.T.);
#1985=ORIENTED_EDGE('',*,*,#1393,.T.);
#1986=ORIENTED_EDGE('',*,*,#1401,.T.);
#1987=ORIENTED_EDGE('',*,*,#1381,.T.);
#1988=ORIENTED_EDGE('',*,*,#1402,.T.);
#1989=ORIENTED_EDGE('',*,*,#1379,.T.);
#1990=ORIENTED_EDGE('',*,*,#1403,.T.);
#1991=ORIENTED_EDGE('',*,*,#1375,.T.);
#1992=ORIENTED_EDGE('',*,*,#1404,.T.);
#1993=ORIENTED_EDGE('',*,*,#1378,.F.);
#1994=ORIENTED_EDGE('',*,*,#1392,.F.);
#1995=ORIENTED_EDGE('',*,*,#1389,.F.);
#1996=ORIENTED_EDGE('',*,*,#1405,.F.);
#1997=ORIENTED_EDGE('',*,*,#1390,.F.);
#1998=ORIENTED_EDGE('',*,*,#1400,.F.);
#1999=ORIENTED_EDGE('',*,*,#1397,.F.);
#2000=ORIENTED_EDGE('',*,*,#1406,.F.);
#2001=ORIENTED_EDGE('',*,*,#1391,.F.);
#2002=ORIENTED_EDGE('',*,*,#1403,.F.);
#2003=ORIENTED_EDGE('',*,*,#1401,.F.);
#2004=ORIENTED_EDGE('',*,*,#1399,.F.);
#2005=ORIENTED_EDGE('',*,*,#1377,.F.);
#2006=ORIENTED_EDGE('',*,*,#1407,.F.);
#2007=ORIENTED_EDGE('',*,*,#1384,.F.);
#2008=ORIENTED_EDGE('',*,*,#1404,.F.);
#2009=ORIENTED_EDGE('',*,*,#1383,.F.);
#2010=ORIENTED_EDGE('',*,*,#1408,.F.);
#2011=ORIENTED_EDGE('',*,*,#1398,.F.);
#2012=ORIENTED_EDGE('',*,*,#1402,.F.);
#2013=ORIENTED_EDGE('',*,*,#1376,.F.);
#2014=ORIENTED_EDGE('',*,*,#1405,.T.);
#2015=ORIENTED_EDGE('',*,*,#1388,.F.);
#2016=ORIENTED_EDGE('',*,*,#1406,.T.);
#2017=ORIENTED_EDGE('',*,*,#1396,.F.);
#2018=ORIENTED_EDGE('',*,*,#1408,.T.);
#2019=ORIENTED_EDGE('',*,*,#1382,.F.);
#2020=ORIENTED_EDGE('',*,*,#1407,.T.);
#2021=PLANE('',#2270);
#2022=PLANE('',#2271);
#2023=PLANE('',#2272);
#2024=PLANE('',#2273);
#2025=PLANE('',#2274);
#2026=PLANE('',#2275);
#2027=PLANE('',#2276);
#2028=PLANE('',#2277);
#2029=PLANE('',#2278);
#2030=PLANE('',#2279);
#2031=PLANE('',#2280);
#2032=PLANE('',#2281);
#2033=PLANE('',#2282);
#2034=PLANE('',#2283);
#2035=PLANE('',#2284);
#2036=PLANE('',#2285);
#2037=PLANE('',#2286);
#2038=PLANE('',#2287);
#2039=PLANE('',#2288);
#2040=PLANE('',#2289);
#2041=PLANE('',#2290);
#2042=PLANE('',#2291);
#2043=PLANE('',#2292);
#2044=PLANE('',#2293);
#2045=PLANE('',#2294);
#2046=PLANE('',#2295);
#2047=PLANE('',#2296);
#2048=PLANE('',#2297);
#2049=PLANE('',#2298);
#2050=PLANE('',#2299);
#2051=PLANE('',#2300);
#2052=PLANE('',#2301);
#2053=PLANE('',#2302);
#2054=PLANE('',#2303);
#2055=PLANE('',#2304);
#2056=PLANE('',#2305);
#2057=PLANE('',#2306);
#2058=PLANE('',#2307);
#2059=PLANE('',#2308);
#2060=PLANE('',#2309);
#2061=PLANE('',#2310);
#2062=PLANE('',#2314);
#2063=PLANE('',#2315);
#2064=PLANE('',#2316);
#2065=PLANE('',#2317);
#2066=PLANE('',#2318);
#2067=PLANE('',#2319);
#2068=PLANE('',#2320);
#2069=PLANE('',#2324);
#2070=PLANE('',#2328);
#2071=PLANE('',#2329);
#2072=PLANE('',#2330);
#2073=PLANE('',#2331);
#2074=PLANE('',#2332);
#2075=PLANE('',#2333);
#2076=PLANE('',#2337);
#2077=PLANE('',#2341);
#2078=PLANE('',#2342);
#2079=PLANE('',#2343);
#2080=PLANE('',#2344);
#2081=PLANE('',#2348);
#2082=PLANE('',#2349);
#2083=PLANE('',#2350);
#2084=PLANE('',#2351);
#2085=PLANE('',#2352);
#2086=PLANE('',#2353);
#2087=PLANE('',#2354);
#2088=PLANE('',#2355);
#2089=PLANE('',#2356);
#2090=PLANE('',#2360);
#2091=PLANE('',#2364);
#2092=PLANE('',#2365);
#2093=PLANE('',#2366);
#2094=PLANE('',#2367);
#2095=PLANE('',#2368);
#2096=PLANE('',#2369);
#2097=PLANE('',#2373);
#2098=PLANE('',#2377);
#2099=PLANE('',#2378);
#2100=PLANE('',#2379);
#2101=PLANE('',#2380);
#2102=PLANE('',#2381);
#2103=PLANE('',#2382);
#2104=PLANE('',#2386);
#2105=PLANE('',#2390);
#2106=PLANE('',#2391);
#2107=PLANE('',#2392);
#2108=PLANE('',#2393);
#2109=PLANE('',#2394);
#2110=PLANE('',#2395);
#2111=PLANE('',#2399);
#2112=PLANE('',#2403);
#2113=PLANE('',#2404);
#2114=PLANE('',#2405);
#2115=PLANE('',#2434);
#2116=PLANE('',#2435);
#2117=PLANE('',#2436);
#2118=PLANE('',#2437);
#2119=PLANE('',#2438);
#2120=PLANE('',#2439);
#2121=ADVANCED_FACE('',(#115),#2021,.T.);
#2122=ADVANCED_FACE('',(#116),#2022,.T.);
#2123=ADVANCED_FACE('',(#117),#2023,.T.);
#2124=ADVANCED_FACE('',(#118),#2024,.T.);
#2125=ADVANCED_FACE('',(#119),#2025,.T.);
#2126=ADVANCED_FACE('',(#120),#2026,.T.);
#2127=ADVANCED_FACE('',(#121),#2027,.T.);
#2128=ADVANCED_FACE('',(#122),#2028,.T.);
#2129=ADVANCED_FACE('',(#123),#2029,.T.);
#2130=ADVANCED_FACE('',(#124),#2030,.T.);
#2131=ADVANCED_FACE('',(#125),#2031,.T.);
#2132=ADVANCED_FACE('',(#126),#2032,.T.);
#2133=ADVANCED_FACE('',(#127),#2033,.T.);
#2134=ADVANCED_FACE('',(#128),#2034,.T.);
#2135=ADVANCED_FACE('',(#129),#2035,.T.);
#2136=ADVANCED_FACE('',(#130),#2036,.T.);
#2137=ADVANCED_FACE('',(#131),#2037,.T.);
#2138=ADVANCED_FACE('',(#132),#2038,.T.);
#2139=ADVANCED_FACE('',(#133),#2039,.T.);
#2140=ADVANCED_FACE('',(#134),#2040,.T.);
#2141=ADVANCED_FACE('',(#135),#2041,.T.);
#2142=ADVANCED_FACE('',(#136),#2042,.T.);
#2143=ADVANCED_FACE('',(#137),#2043,.T.);
#2144=ADVANCED_FACE('',(#138),#2044,.T.);
#2145=ADVANCED_FACE('',(#139),#2045,.T.);
#2146=ADVANCED_FACE('',(#140),#2046,.T.);
#2147=ADVANCED_FACE('',(#141),#2047,.T.);
#2148=ADVANCED_FACE('',(#142),#2048,.T.);
#2149=ADVANCED_FACE('',(#143),#2049,.T.);
#2150=ADVANCED_FACE('',(#144),#2050,.T.);
#2151=ADVANCED_FACE('',(#145),#2051,.T.);
#2152=ADVANCED_FACE('',(#146),#2052,.T.);
#2153=ADVANCED_FACE('',(#147),#2053,.T.);
#2154=ADVANCED_FACE('',(#148),#2054,.T.);
#2155=ADVANCED_FACE('',(#149),#2055,.T.);
#2156=ADVANCED_FACE('',(#150),#2056,.T.);
#2157=ADVANCED_FACE('',(#151),#2057,.T.);
#2158=ADVANCED_FACE('',(#152),#2058,.F.);
#2159=ADVANCED_FACE('',(#153),#2059,.T.);
#2160=ADVANCED_FACE('',(#154),#2060,.T.);
#2161=ADVANCED_FACE('',(#155),#2061,.T.);
#2162=ADVANCED_FACE('',(#156),#73,.F.);
#2163=ADVANCED_FACE('',(#157),#2062,.T.);
#2164=ADVANCED_FACE('',(#158),#2063,.T.);
#2165=ADVANCED_FACE('',(#159),#2064,.F.);
#2166=ADVANCED_FACE('',(#160),#2065,.T.);
#2167=ADVANCED_FACE('',(#161),#2066,.T.);
#2168=ADVANCED_FACE('',(#162),#2067,.T.);
#2169=ADVANCED_FACE('',(#163),#2068,.T.);
#2170=ADVANCED_FACE('',(#164),#74,.F.);
#2171=ADVANCED_FACE('',(#165),#2069,.T.);
#2172=ADVANCED_FACE('',(#166),#75,.F.);
#2173=ADVANCED_FACE('',(#167),#2070,.T.);
#2174=ADVANCED_FACE('',(#168,#17),#2071,.F.);
#2175=ADVANCED_FACE('',(#169,#18),#2072,.T.);
#2176=ADVANCED_FACE('',(#170),#2073,.T.);
#2177=ADVANCED_FACE('',(#171),#2074,.T.);
#2178=ADVANCED_FACE('',(#172),#2075,.T.);
#2179=ADVANCED_FACE('',(#173),#76,.F.);
#2180=ADVANCED_FACE('',(#174),#2076,.T.);
#2181=ADVANCED_FACE('',(#175),#77,.F.);
#2182=ADVANCED_FACE('',(#176),#2077,.T.);
#2183=ADVANCED_FACE('',(#177,#19),#2078,.F.);
#2184=ADVANCED_FACE('',(#178,#20),#2079,.T.);
#2185=ADVANCED_FACE('',(#179),#2080,.T.);
#2186=ADVANCED_FACE('',(#180),#78,.F.);
#2187=ADVANCED_FACE('',(#181),#2081,.T.);
#2188=ADVANCED_FACE('',(#182),#2082,.T.);
#2189=ADVANCED_FACE('',(#183),#2083,.T.);
#2190=ADVANCED_FACE('',(#184),#2084,.T.);
#2191=ADVANCED_FACE('',(#185),#2085,.F.);
#2192=ADVANCED_FACE('',(#186),#2086,.T.);
#2193=ADVANCED_FACE('',(#187),#2087,.T.);
#2194=ADVANCED_FACE('',(#188),#2088,.T.);
#2195=ADVANCED_FACE('',(#189),#2089,.T.);
#2196=ADVANCED_FACE('',(#190),#79,.F.);
#2197=ADVANCED_FACE('',(#191),#2090,.T.);
#2198=ADVANCED_FACE('',(#192),#80,.F.);
#2199=ADVANCED_FACE('',(#193),#2091,.T.);
#2200=ADVANCED_FACE('',(#194,#21),#2092,.F.);
#2201=ADVANCED_FACE('',(#195,#22),#2093,.T.);
#2202=ADVANCED_FACE('',(#196),#2094,.T.);
#2203=ADVANCED_FACE('',(#197),#2095,.T.);
#2204=ADVANCED_FACE('',(#198),#2096,.T.);
#2205=ADVANCED_FACE('',(#199),#81,.F.);
#2206=ADVANCED_FACE('',(#200),#2097,.T.);
#2207=ADVANCED_FACE('',(#201),#82,.F.);
#2208=ADVANCED_FACE('',(#202),#2098,.T.);
#2209=ADVANCED_FACE('',(#203,#23),#2099,.F.);
#2210=ADVANCED_FACE('',(#204,#24),#2100,.T.);
#2211=ADVANCED_FACE('',(#205),#2101,.T.);
#2212=ADVANCED_FACE('',(#206),#2102,.T.);
#2213=ADVANCED_FACE('',(#207),#2103,.T.);
#2214=ADVANCED_FACE('',(#208),#83,.F.);
#2215=ADVANCED_FACE('',(#209),#2104,.T.);
#2216=ADVANCED_FACE('',(#210),#84,.F.);
#2217=ADVANCED_FACE('',(#211),#2105,.T.);
#2218=ADVANCED_FACE('',(#212,#25),#2106,.F.);
#2219=ADVANCED_FACE('',(#213,#26),#2107,.T.);
#2220=ADVANCED_FACE('',(#214),#2108,.T.);
#2221=ADVANCED_FACE('',(#215),#2109,.T.);
#2222=ADVANCED_FACE('',(#216),#2110,.T.);
#2223=ADVANCED_FACE('',(#217),#85,.F.);
#2224=ADVANCED_FACE('',(#218),#2111,.T.);
#2225=ADVANCED_FACE('',(#219),#86,.F.);
#2226=ADVANCED_FACE('',(#220),#2112,.T.);
#2227=ADVANCED_FACE('',(#221,#27),#2113,.F.);
#2228=ADVANCED_FACE('',(#222,#28),#2114,.T.);
#2229=ADVANCED_FACE('',(#223),#13,.T.);
#2230=ADVANCED_FACE('',(#224),#87,.T.);
#2231=ADVANCED_FACE('',(#225),#14,.T.);
#2232=ADVANCED_FACE('',(#226),#88,.T.);
#2233=ADVANCED_FACE('',(#227),#15,.T.);
#2234=ADVANCED_FACE('',(#228),#89,.T.);
#2235=ADVANCED_FACE('',(#229),#90,.T.);
#2236=ADVANCED_FACE('',(#230),#16,.T.);
#2237=ADVANCED_FACE('',(#231),#91,.T.);
#2238=ADVANCED_FACE('',(#232),#92,.T.);
#2239=ADVANCED_FACE('',(#233),#93,.T.);
#2240=ADVANCED_FACE('',(#234),#94,.T.);
#2241=ADVANCED_FACE('',(#235),#2115,.T.);
#2242=ADVANCED_FACE('',(#236),#2116,.T.);
#2243=ADVANCED_FACE('',(#237),#2117,.T.);
#2244=ADVANCED_FACE('',(#238),#2118,.T.);
#2245=ADVANCED_FACE('',(#239),#2119,.T.);
#2246=ADVANCED_FACE('',(#240),#2120,.F.);
#2247=CLOSED_SHELL('',(#2121,#2122,#2123,#2124,#2125,#2126,#2127,#2128,
#2129,#2130,#2131,#2132,#2133,#2134,#2135,#2136,#2137,#2138,#2139,#2140,
#2141,#2142,#2143,#2144,#2145,#2146,#2147,#2148,#2149,#2150,#2151,#2152,
#2153,#2154,#2155,#2156,#2157,#2158));
#2248=CLOSED_SHELL('',(#2159,#2160,#2161,#2162,#2163,#2164,#2165,#2166));
#2249=CLOSED_SHELL('',(#2167,#2168,#2169,#2170,#2171,#2172,#2173,#2174,
#2175));
#2250=CLOSED_SHELL('',(#2176,#2177,#2178,#2179,#2180,#2181,#2182,#2183,
#2184));
#2251=CLOSED_SHELL('',(#2185,#2186,#2187,#2188,#2189,#2190,#2191,#2192));
#2252=CLOSED_SHELL('',(#2193,#2194,#2195,#2196,#2197,#2198,#2199,#2200,
#2201));
#2253=CLOSED_SHELL('',(#2202,#2203,#2204,#2205,#2206,#2207,#2208,#2209,
#2210));
#2254=CLOSED_SHELL('',(#2211,#2212,#2213,#2214,#2215,#2216,#2217,#2218,
#2219));
#2255=CLOSED_SHELL('',(#2220,#2221,#2222,#2223,#2224,#2225,#2226,#2227,
#2228));
#2256=CLOSED_SHELL('',(#2229,#2230,#2231,#2232,#2233,#2234,#2235,#2236,
#2237,#2238,#2239,#2240,#2241,#2242,#2243,#2244,#2245,#2246));
#2257=DERIVED_UNIT_ELEMENT(#2259,1.);
#2258=DERIVED_UNIT_ELEMENT(#3682,-3.);
#2259=(
MASS_UNIT()
NAMED_UNIT(*)
SI_UNIT(.KILO.,.GRAM.)
);
#2260=DERIVED_UNIT((#2257,#2258));
#2261=MEASURE_REPRESENTATION_ITEM('density measure',
POSITIVE_RATIO_MEASURE(544.),#2260);
#2262=PROPERTY_DEFINITION_REPRESENTATION(#2267,#2264);
#2263=PROPERTY_DEFINITION_REPRESENTATION(#2268,#2265);
#2264=REPRESENTATION('material name',(#2266),#3679);
#2265=REPRESENTATION('density',(#2261),#3679);
#2266=DESCRIPTIVE_REPRESENTATION_ITEM('Cherry','Cherry');
#2267=PROPERTY_DEFINITION('material property','material name',#3689);
#2268=PROPERTY_DEFINITION('material property','density of part',#3689);
#2269=AXIS2_PLACEMENT_3D('',#3044,#2440,#2441);
#2270=AXIS2_PLACEMENT_3D('',#3045,#2442,#2443);
#2271=AXIS2_PLACEMENT_3D('',#3054,#2448,#2449);
#2272=AXIS2_PLACEMENT_3D('',#3060,#2453,#2454);
#2273=AXIS2_PLACEMENT_3D('',#3066,#2458,#2459);
#2274=AXIS2_PLACEMENT_3D('',#3072,#2463,#2464);
#2275=AXIS2_PLACEMENT_3D('',#3078,#2468,#2469);
#2276=AXIS2_PLACEMENT_3D('',#3084,#2473,#2474);
#2277=AXIS2_PLACEMENT_3D('',#3090,#2478,#2479);
#2278=AXIS2_PLACEMENT_3D('',#3096,#2483,#2484);
#2279=AXIS2_PLACEMENT_3D('',#3102,#2488,#2489);
#2280=AXIS2_PLACEMENT_3D('',#3108,#2493,#2494);
#2281=AXIS2_PLACEMENT_3D('',#3114,#2498,#2499);
#2282=AXIS2_PLACEMENT_3D('',#3120,#2503,#2504);
#2283=AXIS2_PLACEMENT_3D('',#3126,#2508,#2509);
#2284=AXIS2_PLACEMENT_3D('',#3132,#2513,#2514);
#2285=AXIS2_PLACEMENT_3D('',#3138,#2518,#2519);
#2286=AXIS2_PLACEMENT_3D('',#3144,#2523,#2524);
#2287=AXIS2_PLACEMENT_3D('',#3150,#2528,#2529);
#2288=AXIS2_PLACEMENT_3D('',#3156,#2533,#2534);
#2289=AXIS2_PLACEMENT_3D('',#3162,#2538,#2539);
#2290=AXIS2_PLACEMENT_3D('',#3168,#2543,#2544);
#2291=AXIS2_PLACEMENT_3D('',#3174,#2548,#2549);
#2292=AXIS2_PLACEMENT_3D('',#3180,#2553,#2554);
#2293=AXIS2_PLACEMENT_3D('',#3186,#2558,#2559);
#2294=AXIS2_PLACEMENT_3D('',#3192,#2563,#2564);
#2295=AXIS2_PLACEMENT_3D('',#3198,#2568,#2569);
#2296=AXIS2_PLACEMENT_3D('',#3204,#2573,#2574);
#2297=AXIS2_PLACEMENT_3D('',#3210,#2578,#2579);
#2298=AXIS2_PLACEMENT_3D('',#3216,#2583,#2584);
#2299=AXIS2_PLACEMENT_3D('',#3222,#2588,#2589);
#2300=AXIS2_PLACEMENT_3D('',#3228,#2593,#2594);
#2301=AXIS2_PLACEMENT_3D('',#3234,#2598,#2599);
#2302=AXIS2_PLACEMENT_3D('',#3240,#2603,#2604);
#2303=AXIS2_PLACEMENT_3D('',#3246,#2608,#2609);
#2304=AXIS2_PLACEMENT_3D('',#3252,#2613,#2614);
#2305=AXIS2_PLACEMENT_3D('',#3258,#2618,#2619);
#2306=AXIS2_PLACEMENT_3D('',#3261,#2622,#2623);
#2307=AXIS2_PLACEMENT_3D('',#3262,#2624,#2625);
#2308=AXIS2_PLACEMENT_3D('',#3263,#2626,#2627);
#2309=AXIS2_PLACEMENT_3D('',#3272,#2632,#2633);
#2310=AXIS2_PLACEMENT_3D('',#3278,#2637,#2638);
#2311=AXIS2_PLACEMENT_3D('',#3284,#2642,#2643);
#2312=AXIS2_PLACEMENT_3D('',#3286,#2644,#2645);
#2313=AXIS2_PLACEMENT_3D('',#3289,#2647,#2648);
#2314=AXIS2_PLACEMENT_3D('',#3290,#2649,#2650);
#2315=AXIS2_PLACEMENT_3D('',#3296,#2654,#2655);
#2316=AXIS2_PLACEMENT_3D('',#3299,#2658,#2659);
#2317=AXIS2_PLACEMENT_3D('',#3300,#2660,#2661);
#2318=AXIS2_PLACEMENT_3D('',#3301,#2662,#2663);
#2319=AXIS2_PLACEMENT_3D('',#3310,#2668,#2669);
#2320=AXIS2_PLACEMENT_3D('',#3316,#2673,#2674);
#2321=AXIS2_PLACEMENT_3D('',#3322,#2678,#2679);
#2322=AXIS2_PLACEMENT_3D('',#3324,#2680,#2681);
#2323=AXIS2_PLACEMENT_3D('',#3327,#2683,#2684);
#2324=AXIS2_PLACEMENT_3D('',#3328,#2685,#2686);
#2325=AXIS2_PLACEMENT_3D('',#3334,#2690,#2691);
#2326=AXIS2_PLACEMENT_3D('',#3336,#2692,#2693);
#2327=AXIS2_PLACEMENT_3D('',#3339,#2695,#2696);
#2328=AXIS2_PLACEMENT_3D('',#3340,#2697,#2698);
#2329=AXIS2_PLACEMENT_3D('',#3343,#2701,#2702);
#2330=AXIS2_PLACEMENT_3D('',#3344,#2703,#2704);
#2331=AXIS2_PLACEMENT_3D('',#3345,#2705,#2706);
#2332=AXIS2_PLACEMENT_3D('',#3354,#2711,#2712);
#2333=AXIS2_PLACEMENT_3D('',#3360,#2716,#2717);
#2334=AXIS2_PLACEMENT_3D('',#3366,#2721,#2722);
#2335=AXIS2_PLACEMENT_3D('',#3368,#2723,#2724);
#2336=AXIS2_PLACEMENT_3D('',#3371,#2726,#2727);
#2337=AXIS2_PLACEMENT_3D('',#3372,#2728,#2729);
#2338=AXIS2_PLACEMENT_3D('',#3378,#2733,#2734);
#2339=AXIS2_PLACEMENT_3D('',#3380,#2735,#2736);
#2340=AXIS2_PLACEMENT_3D('',#3383,#2738,#2739);
#2341=AXIS2_PLACEMENT_3D('',#3384,#2740,#2741);
#2342=AXIS2_PLACEMENT_3D('',#3387,#2744,#2745);
#2343=AXIS2_PLACEMENT_3D('',#3388,#2746,#2747);
#2344=AXIS2_PLACEMENT_3D('',#3389,#2748,#2749);
#2345=AXIS2_PLACEMENT_3D('',#3398,#2754,#2755);
#2346=AXIS2_PLACEMENT_3D('',#3400,#2756,#2757);
#2347=AXIS2_PLACEMENT_3D('',#3403,#2759,#2760);
#2348=AXIS2_PLACEMENT_3D('',#3404,#2761,#2762);
#2349=AXIS2_PLACEMENT_3D('',#3410,#2766,#2767);
#2350=AXIS2_PLACEMENT_3D('',#3416,#2771,#2772);
#2351=AXIS2_PLACEMENT_3D('',#3422,#2776,#2777);
#2352=AXIS2_PLACEMENT_3D('',#3425,#2780,#2781);
#2353=AXIS2_PLACEMENT_3D('',#3426,#2782,#2783);
#2354=AXIS2_PLACEMENT_3D('',#3427,#2784,#2785);
#2355=AXIS2_PLACEMENT_3D('',#3436,#2790,#2791);
#2356=AXIS2_PLACEMENT_3D('',#3442,#2795,#2796);
#2357=AXIS2_PLACEMENT_3D('',#3448,#2800,#2801);
#2358=AXIS2_PLACEMENT_3D('',#3450,#2802,#2803);
#2359=AXIS2_PLACEMENT_3D('',#3453,#2805,#2806);
#2360=AXIS2_PLACEMENT_3D('',#3454,#2807,#2808);
#2361=AXIS2_PLACEMENT_3D('',#3460,#2812,#2813);
#2362=AXIS2_PLACEMENT_3D('',#3462,#2814,#2815);
#2363=AXIS2_PLACEMENT_3D('',#3465,#2817,#2818);
#2364=AXIS2_PLACEMENT_3D('',#3466,#2819,#2820);
#2365=AXIS2_PLACEMENT_3D('',#3469,#2823,#2824);
#2366=AXIS2_PLACEMENT_3D('',#3470,#2825,#2826);
#2367=AXIS2_PLACEMENT_3D('',#3471,#2827,#2828);
#2368=AXIS2_PLACEMENT_3D('',#3480,#2833,#2834);
#2369=AXIS2_PLACEMENT_3D('',#3486,#2838,#2839);
#2370=AXIS2_PLACEMENT_3D('',#3492,#2843,#2844);
#2371=AXIS2_PLACEMENT_3D('',#3494,#2845,#2846);
#2372=AXIS2_PLACEMENT_3D('',#3497,#2848,#2849);
#2373=AXIS2_PLACEMENT_3D('',#3498,#2850,#2851);
#2374=AXIS2_PLACEMENT_3D('',#3504,#2855,#2856);
#2375=AXIS2_PLACEMENT_3D('',#3506,#2857,#2858);
#2376=AXIS2_PLACEMENT_3D('',#3509,#2860,#2861);
#2377=AXIS2_PLACEMENT_3D('',#3510,#2862,#2863);
#2378=AXIS2_PLACEMENT_3D('',#3513,#2866,#2867);
#2379=AXIS2_PLACEMENT_3D('',#3514,#2868,#2869);
#2380=AXIS2_PLACEMENT_3D('',#3515,#2870,#2871);
#2381=AXIS2_PLACEMENT_3D('',#3524,#2876,#2877);
#2382=AXIS2_PLACEMENT_3D('',#3530,#2881,#2882);
#2383=AXIS2_PLACEMENT_3D('',#3536,#2886,#2887);
#2384=AXIS2_PLACEMENT_3D('',#3538,#2888,#2889);
#2385=AXIS2_PLACEMENT_3D('',#3541,#2891,#2892);
#2386=AXIS2_PLACEMENT_3D('',#3542,#2893,#2894);
#2387=AXIS2_PLACEMENT_3D('',#3548,#2898,#2899);
#2388=AXIS2_PLACEMENT_3D('',#3550,#2900,#2901);
#2389=AXIS2_PLACEMENT_3D('',#3553,#2903,#2904);
#2390=AXIS2_PLACEMENT_3D('',#3554,#2905,#2906);
#2391=AXIS2_PLACEMENT_3D('',#3557,#2909,#2910);
#2392=AXIS2_PLACEMENT_3D('',#3558,#2911,#2912);
#2393=AXIS2_PLACEMENT_3D('',#3559,#2913,#2914);
#2394=AXIS2_PLACEMENT_3D('',#3568,#2919,#2920);
#2395=AXIS2_PLACEMENT_3D('',#3574,#2924,#2925);
#2396=AXIS2_PLACEMENT_3D('',#3580,#2929,#2930);
#2397=AXIS2_PLACEMENT_3D('',#3582,#2931,#2932);
#2398=AXIS2_PLACEMENT_3D('',#3585,#2934,#2935);
#2399=AXIS2_PLACEMENT_3D('',#3586,#2936,#2937);
#2400=AXIS2_PLACEMENT_3D('',#3592,#2941,#2942);
#2401=AXIS2_PLACEMENT_3D('',#3594,#2943,#2944);
#2402=AXIS2_PLACEMENT_3D('',#3597,#2946,#2947);
#2403=AXIS2_PLACEMENT_3D('',#3598,#2948,#2949);
#2404=AXIS2_PLACEMENT_3D('',#3601,#2952,#2953);
#2405=AXIS2_PLACEMENT_3D('',#3602,#2954,#2955);
#2406=AXIS2_PLACEMENT_3D('',#3603,#2956,#2957);
#2407=AXIS2_PLACEMENT_3D('',#3606,#2958,#2959);
#2408=AXIS2_PLACEMENT_3D('',#3608,#2960,#2961);
#2409=AXIS2_PLACEMENT_3D('',#3609,#2962,#2963);
#2410=AXIS2_PLACEMENT_3D('',#3610,#2964,#2965);
#2411=AXIS2_PLACEMENT_3D('',#3613,#2966,#2967);
#2412=AXIS2_PLACEMENT_3D('',#3616,#2970,#2971);
#2413=AXIS2_PLACEMENT_3D('',#3619,#2972,#2973);
#2414=AXIS2_PLACEMENT_3D('',#3621,#2974,#2975);
#2415=AXIS2_PLACEMENT_3D('',#3622,#2976,#2977);
#2416=AXIS2_PLACEMENT_3D('',#3623,#2978,#2979);
#2417=AXIS2_PLACEMENT_3D('',#3626,#2980,#2981);
#2418=AXIS2_PLACEMENT_3D('',#3629,#2984,#2985);
#2419=AXIS2_PLACEMENT_3D('',#3632,#2986,#2987);
#2420=AXIS2_PLACEMENT_3D('',#3634,#2988,#2989);
#2421=AXIS2_PLACEMENT_3D('',#3635,#2990,#2991);
#2422=AXIS2_PLACEMENT_3D('',#3636,#2992,#2993);
#2423=AXIS2_PLACEMENT_3D('',#3639,#2994,#2995);
#2424=AXIS2_PLACEMENT_3D('',#3642,#2998,#2999);
#2425=AXIS2_PLACEMENT_3D('',#3645,#3002,#3003);
#2426=AXIS2_PLACEMENT_3D('',#3648,#3004,#3005);
#2427=AXIS2_PLACEMENT_3D('',#3650,#3006,#3007);
#2428=AXIS2_PLACEMENT_3D('',#3651,#3008,#3009);
#2429=AXIS2_PLACEMENT_3D('',#3652,#3010,#3011);
#2430=AXIS2_PLACEMENT_3D('',#3655,#3012,#3013);
#2431=AXIS2_PLACEMENT_3D('',#3658,#3016,#3017);
#2432=AXIS2_PLACEMENT_3D('',#3661,#3020,#3021);
#2433=AXIS2_PLACEMENT_3D('',#3664,#3024,#3025);
#2434=AXIS2_PLACEMENT_3D('',#3667,#3028,#3029);
#2435=AXIS2_PLACEMENT_3D('',#3669,#3031,#3032);
#2436=AXIS2_PLACEMENT_3D('',#3671,#3034,#3035);
#2437=AXIS2_PLACEMENT_3D('',#3672,#3036,#3037);
#2438=AXIS2_PLACEMENT_3D('',#3674,#3039,#3040);
#2439=AXIS2_PLACEMENT_3D('',#3676,#3042,#3043);
#2440=DIRECTION('axis',(0.,0.,1.));
#2441=DIRECTION('refdir',(1.,0.,0.));
#2442=DIRECTION('center_axis',(-1.,0.,0.));
#2443=DIRECTION('ref_axis',(0.,-1.,0.));
#2444=DIRECTION('',(0.,1.,0.));
#2445=DIRECTION('',(0.,0.,1.));
#2446=DIRECTION('',(0.,-1.,0.));
#2447=DIRECTION('',(0.,0.,1.));
#2448=DIRECTION('center_axis',(0.,-1.,0.));
#2449=DIRECTION('ref_axis',(1.,0.,0.));
#2450=DIRECTION('',(-1.,0.,0.));
#2451=DIRECTION('',(1.,0.,0.));
#2452=DIRECTION('',(0.,0.,1.));
#2453=DIRECTION('center_axis',(1.,0.,0.));
#2454=DIRECTION('ref_axis',(0.,1.,0.));
#2455=DIRECTION('',(0.,-1.,0.));
#2456=DIRECTION('',(0.,1.,0.));
#2457=DIRECTION('',(0.,0.,1.));
#2458=DIRECTION('center_axis',(1.65079709518906E-33,-1.,0.));
#2459=DIRECTION('ref_axis',(1.,1.65079709518906E-33,0.));
#2460=DIRECTION('',(1.,1.65079709518906E-33,0.));
#2461=DIRECTION('',(1.,1.65079709518906E-33,0.));
#2462=DIRECTION('',(0.,0.,1.));
#2463=DIRECTION('center_axis',(-1.,0.,0.));
#2464=DIRECTION('ref_axis',(0.,-1.,0.));
#2465=DIRECTION('',(0.,1.,0.));
#2466=DIRECTION('',(0.,-1.,0.));
#2467=DIRECTION('',(0.,0.,1.));
#2468=DIRECTION('center_axis',(0.,-1.,0.));
#2469=DIRECTION('ref_axis',(1.,0.,0.));
#2470=DIRECTION('',(-1.,0.,0.));
#2471=DIRECTION('',(1.,0.,0.));
#2472=DIRECTION('',(0.,0.,1.));
#2473=DIRECTION('center_axis',(1.,0.,0.));
#2474=DIRECTION('ref_axis',(0.,1.,0.));
#2475=DIRECTION('',(0.,-1.,0.));
#2476=DIRECTION('',(0.,1.,0.));
#2477=DIRECTION('',(0.,0.,1.));
#2478=DIRECTION('center_axis',(1.65079709518906E-33,-1.,0.));
#2479=DIRECTION('ref_axis',(1.,1.65079709518906E-33,0.));
#2480=DIRECTION('',(1.,1.65079709518906E-33,0.));
#2481=DIRECTION('',(1.,1.65079709518906E-33,0.));
#2482=DIRECTION('',(0.,0.,1.));
#2483=DIRECTION('center_axis',(-1.,0.,0.));
#2484=DIRECTION('ref_axis',(0.,-1.,0.));
#2485=DIRECTION('',(0.,1.,0.));
#2486=DIRECTION('',(0.,-1.,0.));
#2487=DIRECTION('',(0.,0.,1.));
#2488=DIRECTION('center_axis',(0.,-1.,0.));
#2489=DIRECTION('ref_axis',(1.,0.,0.));
#2490=DIRECTION('',(-1.,0.,0.));
#2491=DIRECTION('',(1.,0.,0.));
#2492=DIRECTION('',(0.,0.,1.));
#2493=DIRECTION('center_axis',(1.,0.,0.));
#2494=DIRECTION('ref_axis',(0.,1.,0.));
#2495=DIRECTION('',(0.,-1.,0.));
#2496=DIRECTION('',(0.,1.,0.));
#2497=DIRECTION('',(0.,0.,1.));
#2498=DIRECTION('center_axis',(1.65079709518906E-33,-1.,0.));
#2499=DIRECTION('ref_axis',(1.,1.65079709518906E-33,0.));
#2500=DIRECTION('',(1.,1.65079709518906E-33,0.));
#2501=DIRECTION('',(1.,1.65079709518906E-33,0.));
#2502=DIRECTION('',(0.,0.,1.));
#2503=DIRECTION('center_axis',(-1.,0.,0.));
#2504=DIRECTION('ref_axis',(0.,-1.,0.));
#2505=DIRECTION('',(0.,1.,0.));
#2506=DIRECTION('',(0.,-1.,0.));
#2507=DIRECTION('',(0.,0.,1.));
#2508=DIRECTION('center_axis',(0.,-1.,0.));
#2509=DIRECTION('ref_axis',(1.,0.,0.));
#2510=DIRECTION('',(-1.,0.,0.));
#2511=DIRECTION('',(1.,0.,0.));
#2512=DIRECTION('',(0.,0.,1.));
#2513=DIRECTION('center_axis',(1.,0.,0.));
#2514=DIRECTION('ref_axis',(0.,1.,0.));
#2515=DIRECTION('',(0.,-1.,0.));
#2516=DIRECTION('',(0.,1.,0.));
#2517=DIRECTION('',(0.,0.,1.));
#2518=DIRECTION('center_axis',(1.65079709518906E-33,-1.,0.));
#2519=DIRECTION('ref_axis',(1.,1.65079709518906E-33,0.));
#2520=DIRECTION('',(1.,1.65079709518906E-33,0.));
#2521=DIRECTION('',(1.,1.65079709518906E-33,0.));
#2522=DIRECTION('',(0.,0.,1.));
#2523=DIRECTION('center_axis',(-1.,0.,0.));
#2524=DIRECTION('ref_axis',(0.,-1.,0.));
#2525=DIRECTION('',(0.,1.,0.));
#2526=DIRECTION('',(0.,-1.,0.));
#2527=DIRECTION('',(0.,0.,1.));
#2528=DIRECTION('center_axis',(0.,-1.,0.));
#2529=DIRECTION('ref_axis',(1.,0.,0.));
#2530=DIRECTION('',(-1.,0.,0.));
#2531=DIRECTION('',(1.,0.,0.));
#2532=DIRECTION('',(0.,0.,1.));
#2533=DIRECTION('center_axis',(1.,0.,0.));
#2534=DIRECTION('ref_axis',(0.,1.,0.));
#2535=DIRECTION('',(0.,-1.,0.));
#2536=DIRECTION('',(0.,1.,0.));
#2537=DIRECTION('',(0.,0.,1.));
#2538=DIRECTION('center_axis',(1.65079709518906E-33,-1.,0.));
#2539=DIRECTION('ref_axis',(1.,1.65079709518906E-33,0.));
#2540=DIRECTION('',(1.,1.65079709518906E-33,0.));
#2541=DIRECTION('',(1.,1.65079709518906E-33,0.));
#2542=DIRECTION('',(0.,0.,1.));
#2543=DIRECTION('center_axis',(-1.,0.,0.));
#2544=DIRECTION('ref_axis',(0.,-1.,0.));
#2545=DIRECTION('',(0.,1.,0.));
#2546=DIRECTION('',(0.,-1.,0.));
#2547=DIRECTION('',(0.,0.,1.));
#2548=DIRECTION('center_axis',(0.,-1.,0.));
#2549=DIRECTION('ref_axis',(1.,0.,0.));
#2550=DIRECTION('',(-1.,0.,0.));
#2551=DIRECTION('',(1.,0.,0.));
#2552=DIRECTION('',(0.,0.,1.));
#2553=DIRECTION('center_axis',(1.,0.,0.));
#2554=DIRECTION('ref_axis',(0.,1.,0.));
#2555=DIRECTION('',(0.,-1.,0.));
#2556=DIRECTION('',(0.,1.,0.));
#2557=DIRECTION('',(0.,0.,1.));
#2558=DIRECTION('center_axis',(1.65079709518906E-33,-1.,0.));
#2559=DIRECTION('ref_axis',(1.,1.65079709518906E-33,0.));
#2560=DIRECTION('',(1.,1.65079709518906E-33,0.));
#2561=DIRECTION('',(1.,1.65079709518906E-33,0.));
#2562=DIRECTION('',(0.,0.,1.));
#2563=DIRECTION('center_axis',(-1.,0.,0.));
#2564=DIRECTION('ref_axis',(0.,-1.,0.));
#2565=DIRECTION('',(0.,-1.,0.));
#2566=DIRECTION('',(0.,-1.,0.));
#2567=DIRECTION('',(0.,0.,1.));
#2568=DIRECTION('center_axis',(0.,1.,0.));
#2569=DIRECTION('ref_axis',(-1.,0.,0.));
#2570=DIRECTION('',(-1.,0.,0.));
#2571=DIRECTION('',(-1.,0.,0.));
#2572=DIRECTION('',(0.,0.,1.));
#2573=DIRECTION('center_axis',(1.,1.38777878078144E-15,0.));
#2574=DIRECTION('ref_axis',(-1.38777878078144E-15,1.,0.));
#2575=DIRECTION('',(1.38777878078144E-15,-1.,0.));
#2576=DIRECTION('',(-1.38777878078144E-15,1.,0.));
#2577=DIRECTION('',(0.,0.,1.));
#2578=DIRECTION('center_axis',(0.,1.,0.));
#2579=DIRECTION('ref_axis',(-1.,0.,0.));
#2580=DIRECTION('',(1.,0.,0.));
#2581=DIRECTION('',(-1.,0.,0.));
#2582=DIRECTION('',(0.,0.,1.));
#2583=DIRECTION('center_axis',(-1.,6.07847105982273E-14,0.));
#2584=DIRECTION('ref_axis',(-6.07847105982273E-14,-1.,0.));
#2585=DIRECTION('',(6.07847105982273E-14,1.,0.));
#2586=DIRECTION('',(-6.07847105982273E-14,-1.,0.));
#2587=DIRECTION('',(0.,0.,1.));
#2588=DIRECTION('center_axis',(0.,1.,0.));
#2589=DIRECTION('ref_axis',(-1.,0.,0.));
#2590=DIRECTION('',(-1.,0.,0.));
#2591=DIRECTION('',(-1.,0.,0.));
#2592=DIRECTION('',(0.,0.,1.));
#2593=DIRECTION('center_axis',(1.,6.10622663543836E-14,0.));
#2594=DIRECTION('ref_axis',(-6.10622663543836E-14,1.,0.));
#2595=DIRECTION('',(-6.10622663543836E-14,1.,0.));
#2596=DIRECTION('',(-6.10622663543836E-14,1.,0.));
#2597=DIRECTION('',(0.,0.,1.));
#2598=DIRECTION('center_axis',(0.,1.,0.));
#2599=DIRECTION('ref_axis',(-1.,0.,0.));
#2600=DIRECTION('',(-1.,0.,0.));
#2601=DIRECTION('',(-1.,0.,0.));
#2602=DIRECTION('',(0.,0.,1.));
#2603=DIRECTION('center_axis',(-1.,3.33066907387547E-15,0.));
#2604=DIRECTION('ref_axis',(-3.33066907387547E-15,-1.,0.));
#2605=DIRECTION('',(-3.33066907387547E-15,-1.,0.));
#2606=DIRECTION('',(-3.33066907387547E-15,-1.,0.));
#2607=DIRECTION('',(0.,0.,1.));
#2608=DIRECTION('center_axis',(0.,1.,0.));
#2609=DIRECTION('ref_axis',(-1.,0.,0.));
#2610=DIRECTION('',(-1.,0.,0.));
#2611=DIRECTION('',(-1.,0.,0.));
#2612=DIRECTION('',(0.,0.,1.));
#2613=DIRECTION('center_axis',(1.,0.,0.));
#2614=DIRECTION('ref_axis',(0.,1.,0.));
#2615=DIRECTION('',(0.,1.,0.));
#2616=DIRECTION('',(0.,1.,0.));
#2617=DIRECTION('',(0.,0.,1.));
#2618=DIRECTION('center_axis',(1.65079709518906E-33,-1.,0.));
#2619=DIRECTION('ref_axis',(1.,1.65079709518906E-33,0.));
#2620=DIRECTION('',(1.,1.65079709518906E-33,0.));
#2621=DIRECTION('',(1.,1.65079709518906E-33,0.));
#2622=DIRECTION('center_axis',(0.,0.,1.));
#2623=DIRECTION('ref_axis',(1.,0.,0.));
#2624=DIRECTION('center_axis',(0.,0.,1.));
#2625=DIRECTION('ref_axis',(1.,0.,0.));
#2626=DIRECTION('center_axis',(0.,-1.,0.));
#2627=DIRECTION('ref_axis',(1.,0.,0.));
#2628=DIRECTION('',(-1.,0.,0.));
#2629=DIRECTION('',(0.,0.,1.));
#2630=DIRECTION('',(1.,0.,0.));
#2631=DIRECTION('',(0.,0.,1.));
#2632=DIRECTION('center_axis',(-1.,-1.38777878078144E-15,0.));
#2633=DIRECTION('ref_axis',(1.38777878078144E-15,-1.,0.));
#2634=DIRECTION('',(-1.38777878078144E-15,1.,0.));
#2635=DIRECTION('',(0.,0.,1.));
#2636=DIRECTION('',(1.38777878078144E-15,-1.,0.));
#2637=DIRECTION('center_axis',(0.,1.,0.));
#2638=DIRECTION('ref_axis',(-1.,0.,0.));
#2639=DIRECTION('',(1.,0.,0.));
#2640=DIRECTION('',(0.,0.,1.));
#2641=DIRECTION('',(-1.,0.,0.));
#2642=DIRECTION('center_axis',(0.,0.,1.));
#2643=DIRECTION('ref_axis',(1.,0.,0.));
#2644=DIRECTION('center_axis',(0.,0.,1.));
#2645=DIRECTION('ref_axis',(1.,0.,0.));
#2646=DIRECTION('',(0.,0.,1.));
#2647=DIRECTION('center_axis',(0.,0.,1.));
#2648=DIRECTION('ref_axis',(1.,0.,0.));
#2649=DIRECTION('center_axis',(0.,1.,0.));
#2650=DIRECTION('ref_axis',(-1.,0.,0.));
#2651=DIRECTION('',(1.,0.,0.));
#2652=DIRECTION('',(0.,0.,1.));
#2653=DIRECTION('',(-1.,0.,0.));
#2654=DIRECTION('center_axis',(1.,-6.07847105982273E-14,0.));
#2655=DIRECTION('ref_axis',(6.07847105982273E-14,1.,0.));
#2656=DIRECTION('',(-6.07847105982273E-14,-1.,0.));
#2657=DIRECTION('',(6.07847105982273E-14,1.,0.));
#2658=DIRECTION('center_axis',(0.,0.,1.));
#2659=DIRECTION('ref_axis',(1.,0.,0.));
#2660=DIRECTION('center_axis',(0.,0.,1.));
#2661=DIRECTION('ref_axis',(1.,0.,0.));
#2662=DIRECTION('center_axis',(-1.,0.,0.));
#2663=DIRECTION('ref_axis',(0.,-1.,0.));
#2664=DIRECTION('',(0.,1.,0.));
#2665=DIRECTION('',(0.,0.,1.));
#2666=DIRECTION('',(0.,-1.,0.));
#2667=DIRECTION('',(0.,0.,1.));
#2668=DIRECTION('center_axis',(0.,1.,0.));
#2669=DIRECTION('ref_axis',(-1.,0.,0.));
#2670=DIRECTION('',(1.,0.,0.));
#2671=DIRECTION('',(0.,0.,1.));
#2672=DIRECTION('',(-1.,0.,0.));
#2673=DIRECTION('center_axis',(1.,0.,0.));
#2674=DIRECTION('ref_axis',(0.,1.,0.));
#2675=DIRECTION('',(0.,-1.,0.));
#2676=DIRECTION('',(0.,0.,1.));
#2677=DIRECTION('',(0.,1.,0.));
#2678=DIRECTION('center_axis',(0.,0.,1.));
#2679=DIRECTION('ref_axis',(1.,0.,0.));
#2680=DIRECTION('center_axis',(0.,0.,1.));
#2681=DIRECTION('ref_axis',(1.,0.,0.));
#2682=DIRECTION('',(0.,0.,-1.));
#2683=DIRECTION('center_axis',(0.,0.,-1.));
#2684=DIRECTION('ref_axis',(1.,0.,0.));
#2685=DIRECTION('center_axis',(-3.00204916001186E-34,-1.,0.));
#2686=DIRECTION('ref_axis',(1.,-3.00204916001186E-34,0.));
#2687=DIRECTION('',(-1.,3.00204916001186E-34,0.));
#2688=DIRECTION('',(0.,0.,1.));
#2689=DIRECTION('',(1.,-3.00204916001186E-34,0.));
#2690=DIRECTION('center_axis',(0.,0.,1.));
#2691=DIRECTION('ref_axis',(1.,0.,0.));
#2692=DIRECTION('center_axis',(0.,0.,1.));
#2693=DIRECTION('ref_axis',(1.,0.,0.));
#2694=DIRECTION('',(0.,0.,1.));
#2695=DIRECTION('center_axis',(0.,0.,1.));
#2696=DIRECTION('ref_axis',(1.,0.,0.));
#2697=DIRECTION('center_axis',(-3.00204916001186E-34,-1.,0.));
#2698=DIRECTION('ref_axis',(1.,-3.00204916001186E-34,0.));
#2699=DIRECTION('',(-1.,3.00204916001186E-34,0.));
#2700=DIRECTION('',(1.,-3.00204916001186E-34,0.));
#2701=DIRECTION('center_axis',(0.,0.,1.));
#2702=DIRECTION('ref_axis',(1.,0.,0.));
#2703=DIRECTION('center_axis',(0.,0.,1.));
#2704=DIRECTION('ref_axis',(1.,0.,0.));
#2705=DIRECTION('center_axis',(-1.,0.,0.));
#2706=DIRECTION('ref_axis',(0.,-1.,0.));
#2707=DIRECTION('',(0.,1.,0.));
#2708=DIRECTION('',(0.,0.,1.));
#2709=DIRECTION('',(0.,-1.,0.));
#2710=DIRECTION('',(0.,0.,1.));
#2711=DIRECTION('center_axis',(0.,1.,0.));
#2712=DIRECTION('ref_axis',(-1.,0.,0.));
#2713=DIRECTION('',(1.,0.,0.));
#2714=DIRECTION('',(0.,0.,1.));
#2715=DIRECTION('',(-1.,0.,0.));
#2716=DIRECTION('center_axis',(1.,0.,0.));
#2717=DIRECTION('ref_axis',(0.,1.,0.));
#2718=DIRECTION('',(0.,-1.,0.));
#2719=DIRECTION('',(0.,0.,1.));
#2720=DIRECTION('',(0.,1.,0.));
#2721=DIRECTION('center_axis',(0.,0.,1.));
#2722=DIRECTION('ref_axis',(1.,0.,0.));
#2723=DIRECTION('center_axis',(0.,0.,1.));
#2724=DIRECTION('ref_axis',(1.,0.,0.));
#2725=DIRECTION('',(0.,0.,-1.));
#2726=DIRECTION('center_axis',(0.,0.,-1.));
#2727=DIRECTION('ref_axis',(1.,0.,0.));
#2728=DIRECTION('center_axis',(-3.00204916001186E-34,-1.,0.));
#2729=DIRECTION('ref_axis',(1.,-3.00204916001186E-34,0.));
#2730=DIRECTION('',(-1.,3.00204916001186E-34,0.));
#2731=DIRECTION('',(0.,0.,1.));
#2732=DIRECTION('',(1.,-3.00204916001186E-34,0.));
#2733=DIRECTION('center_axis',(0.,0.,1.));
#2734=DIRECTION('ref_axis',(1.,0.,0.));
#2735=DIRECTION('center_axis',(0.,0.,1.));
#2736=DIRECTION('ref_axis',(1.,0.,0.));
#2737=DIRECTION('',(0.,0.,1.));
#2738=DIRECTION('center_axis',(0.,0.,1.));
#2739=DIRECTION('ref_axis',(1.,0.,0.));
#2740=DIRECTION('center_axis',(-3.00204916001186E-34,-1.,0.));
#2741=DIRECTION('ref_axis',(1.,-3.00204916001186E-34,0.));
#2742=DIRECTION('',(-1.,3.00204916001186E-34,0.));
#2743=DIRECTION('',(1.,-3.00204916001186E-34,0.));
#2744=DIRECTION('center_axis',(0.,0.,1.));
#2745=DIRECTION('ref_axis',(1.,0.,0.));
#2746=DIRECTION('center_axis',(0.,0.,1.));
#2747=DIRECTION('ref_axis',(1.,0.,0.));
#2748=DIRECTION('center_axis',(0.,1.,0.));
#2749=DIRECTION('ref_axis',(-1.,0.,0.));
#2750=DIRECTION('',(1.,0.,0.));
#2751=DIRECTION('',(0.,0.,1.));
#2752=DIRECTION('',(-1.,0.,0.));
#2753=DIRECTION('',(0.,0.,1.));
#2754=DIRECTION('center_axis',(0.,0.,1.));
#2755=DIRECTION('ref_axis',(1.,0.,0.));
#2756=DIRECTION('center_axis',(0.,0.,1.));
#2757=DIRECTION('ref_axis',(1.,0.,0.));
#2758=DIRECTION('',(0.,0.,1.));
#2759=DIRECTION('center_axis',(0.,0.,1.));
#2760=DIRECTION('ref_axis',(1.,0.,0.));
#2761=DIRECTION('center_axis',(0.,1.,0.));
#2762=DIRECTION('ref_axis',(-1.,0.,0.));
#2763=DIRECTION('',(1.,0.,0.));
#2764=DIRECTION('',(0.,0.,1.));
#2765=DIRECTION('',(-1.,0.,0.));
#2766=DIRECTION('center_axis',(1.,-3.33066907387547E-15,0.));
#2767=DIRECTION('ref_axis',(3.33066907387547E-15,1.,0.));
#2768=DIRECTION('',(-3.33066907387547E-15,-1.,0.));
#2769=DIRECTION('',(0.,0.,1.));
#2770=DIRECTION('',(-3.33066907387547E-15,-1.,0.));
#2771=DIRECTION('center_axis',(0.,-1.,0.));
#2772=DIRECTION('ref_axis',(1.,0.,0.));
#2773=DIRECTION('',(-1.,0.,0.));
#2774=DIRECTION('',(0.,0.,1.));
#2775=DIRECTION('',(-1.,0.,0.));
#2776=DIRECTION('center_axis',(-1.,-6.10622663543836E-14,0.));
#2777=DIRECTION('ref_axis',(6.10622663543836E-14,-1.,0.));
#2778=DIRECTION('',(-6.10622663543836E-14,1.,0.));
#2779=DIRECTION('',(-6.10622663543836E-14,1.,0.));
#2780=DIRECTION('center_axis',(0.,0.,1.));
#2781=DIRECTION('ref_axis',(1.,0.,0.));
#2782=DIRECTION('center_axis',(0.,0.,1.));
#2783=DIRECTION('ref_axis',(1.,0.,0.));
#2784=DIRECTION('center_axis',(-1.,0.,0.));
#2785=DIRECTION('ref_axis',(0.,-1.,0.));
#2786=DIRECTION('',(0.,1.,0.));
#2787=DIRECTION('',(0.,0.,1.));
#2788=DIRECTION('',(0.,-1.,0.));
#2789=DIRECTION('',(0.,0.,1.));
#2790=DIRECTION('center_axis',(0.,1.,0.));
#2791=DIRECTION('ref_axis',(-1.,0.,0.));
#2792=DIRECTION('',(1.,0.,0.));
#2793=DIRECTION('',(0.,0.,1.));
#2794=DIRECTION('',(-1.,0.,0.));
#2795=DIRECTION('center_axis',(1.,0.,0.));
#2796=DIRECTION('ref_axis',(0.,1.,0.));
#2797=DIRECTION('',(0.,-1.,0.));
#2798=DIRECTION('',(0.,0.,1.));
#2799=DIRECTION('',(0.,1.,0.));
#2800=DIRECTION('center_axis',(0.,0.,1.));
#2801=DIRECTION('ref_axis',(1.,0.,0.));
#2802=DIRECTION('center_axis',(0.,0.,1.));
#2803=DIRECTION('ref_axis',(1.,0.,0.));
#2804=DIRECTION('',(0.,0.,-1.));
#2805=DIRECTION('center_axis',(0.,0.,-1.));
#2806=DIRECTION('ref_axis',(1.,0.,0.));
#2807=DIRECTION('center_axis',(-3.00204916001186E-34,-1.,0.));
#2808=DIRECTION('ref_axis',(1.,-3.00204916001186E-34,0.));
#2809=DIRECTION('',(-1.,3.00204916001186E-34,0.));
#2810=DIRECTION('',(0.,0.,1.));
#2811=DIRECTION('',(1.,-3.00204916001186E-34,0.));
#2812=DIRECTION('center_axis',(0.,0.,1.));
#2813=DIRECTION('ref_axis',(1.,0.,0.));
#2814=DIRECTION('center_axis',(0.,0.,1.));
#2815=DIRECTION('ref_axis',(1.,0.,0.));
#2816=DIRECTION('',(0.,0.,1.));
#2817=DIRECTION('center_axis',(0.,0.,1.));
#2818=DIRECTION('ref_axis',(1.,0.,0.));
#2819=DIRECTION('center_axis',(-3.00204916001186E-34,-1.,0.));
#2820=DIRECTION('ref_axis',(1.,-3.00204916001186E-34,0.));
#2821=DIRECTION('',(-1.,3.00204916001186E-34,0.));
#2822=DIRECTION('',(1.,-3.00204916001186E-34,0.));
#2823=DIRECTION('center_axis',(0.,0.,1.));
#2824=DIRECTION('ref_axis',(1.,0.,0.));
#2825=DIRECTION('center_axis',(0.,0.,1.));
#2826=DIRECTION('ref_axis',(1.,0.,0.));
#2827=DIRECTION('center_axis',(-1.,0.,0.));
#2828=DIRECTION('ref_axis',(0.,-1.,0.));
#2829=DIRECTION('',(0.,1.,0.));
#2830=DIRECTION('',(0.,0.,1.));
#2831=DIRECTION('',(0.,-1.,0.));
#2832=DIRECTION('',(0.,0.,1.));
#2833=DIRECTION('center_axis',(0.,1.,0.));
#2834=DIRECTION('ref_axis',(-1.,0.,0.));
#2835=DIRECTION('',(1.,0.,0.));
#2836=DIRECTION('',(0.,0.,1.));
#2837=DIRECTION('',(-1.,0.,0.));
#2838=DIRECTION('center_axis',(1.,0.,0.));
#2839=DIRECTION('ref_axis',(0.,1.,0.));
#2840=DIRECTION('',(0.,-1.,0.));
#2841=DIRECTION('',(0.,0.,1.));
#2842=DIRECTION('',(0.,1.,0.));
#2843=DIRECTION('center_axis',(0.,0.,1.));
#2844=DIRECTION('ref_axis',(1.,0.,0.));
#2845=DIRECTION('center_axis',(0.,0.,1.));
#2846=DIRECTION('ref_axis',(1.,0.,0.));
#2847=DIRECTION('',(0.,0.,-1.));
#2848=DIRECTION('center_axis',(0.,0.,-1.));
#2849=DIRECTION('ref_axis',(1.,0.,0.));
#2850=DIRECTION('center_axis',(-3.00204916001186E-34,-1.,0.));
#2851=DIRECTION('ref_axis',(1.,-3.00204916001186E-34,0.));
#2852=DIRECTION('',(-1.,3.00204916001186E-34,0.));
#2853=DIRECTION('',(0.,0.,1.));
#2854=DIRECTION('',(1.,-3.00204916001186E-34,0.));
#2855=DIRECTION('center_axis',(0.,0.,1.));
#2856=DIRECTION('ref_axis',(1.,0.,0.));
#2857=DIRECTION('center_axis',(0.,0.,1.));
#2858=DIRECTION('ref_axis',(1.,0.,0.));
#2859=DIRECTION('',(0.,0.,1.));
#2860=DIRECTION('center_axis',(0.,0.,1.));
#2861=DIRECTION('ref_axis',(1.,0.,0.));
#2862=DIRECTION('center_axis',(-3.00204916001186E-34,-1.,0.));
#2863=DIRECTION('ref_axis',(1.,-3.00204916001186E-34,0.));
#2864=DIRECTION('',(-1.,3.00204916001186E-34,0.));
#2865=DIRECTION('',(1.,-3.00204916001186E-34,0.));
#2866=DIRECTION('center_axis',(0.,0.,1.));
#2867=DIRECTION('ref_axis',(1.,0.,0.));
#2868=DIRECTION('center_axis',(0.,0.,1.));
#2869=DIRECTION('ref_axis',(1.,0.,0.));
#2870=DIRECTION('center_axis',(-1.,0.,0.));
#2871=DIRECTION('ref_axis',(0.,-1.,0.));
#2872=DIRECTION('',(0.,1.,0.));
#2873=DIRECTION('',(0.,0.,1.));
#2874=DIRECTION('',(0.,-1.,0.));
#2875=DIRECTION('',(0.,0.,1.));
#2876=DIRECTION('center_axis',(0.,1.,0.));
#2877=DIRECTION('ref_axis',(-1.,0.,0.));
#2878=DIRECTION('',(1.,0.,0.));
#2879=DIRECTION('',(0.,0.,1.));
#2880=DIRECTION('',(-1.,0.,0.));
#2881=DIRECTION('center_axis',(1.,0.,0.));
#2882=DIRECTION('ref_axis',(0.,1.,0.));
#2883=DIRECTION('',(0.,-1.,0.));
#2884=DIRECTION('',(0.,0.,1.));
#2885=DIRECTION('',(0.,1.,0.));
#2886=DIRECTION('center_axis',(0.,0.,1.));
#2887=DIRECTION('ref_axis',(1.,0.,0.));
#2888=DIRECTION('center_axis',(0.,0.,1.));
#2889=DIRECTION('ref_axis',(1.,0.,0.));
#2890=DIRECTION('',(0.,0.,-1.));
#2891=DIRECTION('center_axis',(0.,0.,-1.));
#2892=DIRECTION('ref_axis',(1.,0.,0.));
#2893=DIRECTION('center_axis',(-3.00204916001186E-34,-1.,0.));
#2894=DIRECTION('ref_axis',(1.,-3.00204916001186E-34,0.));
#2895=DIRECTION('',(-1.,3.00204916001186E-34,0.));
#2896=DIRECTION('',(0.,0.,1.));
#2897=DIRECTION('',(1.,-3.00204916001186E-34,0.));
#2898=DIRECTION('center_axis',(0.,0.,1.));
#2899=DIRECTION('ref_axis',(1.,0.,0.));
#2900=DIRECTION('center_axis',(0.,0.,1.));
#2901=DIRECTION('ref_axis',(1.,0.,0.));
#2902=DIRECTION('',(0.,0.,1.));
#2903=DIRECTION('center_axis',(0.,0.,1.));
#2904=DIRECTION('ref_axis',(1.,0.,0.));
#2905=DIRECTION('center_axis',(-3.00204916001186E-34,-1.,0.));
#2906=DIRECTION('ref_axis',(1.,-3.00204916001186E-34,0.));
#2907=DIRECTION('',(-1.,3.00204916001186E-34,0.));
#2908=DIRECTION('',(1.,-3.00204916001186E-34,0.));
#2909=DIRECTION('center_axis',(0.,0.,1.));
#2910=DIRECTION('ref_axis',(1.,0.,0.));
#2911=DIRECTION('center_axis',(0.,0.,1.));
#2912=DIRECTION('ref_axis',(1.,0.,0.));
#2913=DIRECTION('center_axis',(-1.,0.,0.));
#2914=DIRECTION('ref_axis',(0.,-1.,0.));
#2915=DIRECTION('',(0.,1.,0.));
#2916=DIRECTION('',(0.,0.,1.));
#2917=DIRECTION('',(0.,-1.,0.));
#2918=DIRECTION('',(0.,0.,1.));
#2919=DIRECTION('center_axis',(0.,1.,0.));
#2920=DIRECTION('ref_axis',(-1.,0.,0.));
#2921=DIRECTION('',(1.,0.,0.));
#2922=DIRECTION('',(0.,0.,1.));
#2923=DIRECTION('',(-1.,0.,0.));
#2924=DIRECTION('center_axis',(1.,0.,0.));
#2925=DIRECTION('ref_axis',(0.,1.,0.));
#2926=DIRECTION('',(0.,-1.,0.));
#2927=DIRECTION('',(0.,0.,1.));
#2928=DIRECTION('',(0.,1.,0.));
#2929=DIRECTION('center_axis',(0.,0.,1.));
#2930=DIRECTION('ref_axis',(1.,0.,0.));
#2931=DIRECTION('center_axis',(0.,0.,1.));
#2932=DIRECTION('ref_axis',(1.,0.,0.));
#2933=DIRECTION('',(0.,0.,-1.));
#2934=DIRECTION('center_axis',(0.,0.,-1.));
#2935=DIRECTION('ref_axis',(1.,0.,0.));
#2936=DIRECTION('center_axis',(-3.00204916001185E-34,-1.,0.));
#2937=DIRECTION('ref_axis',(1.,-3.00204916001185E-34,0.));
#2938=DIRECTION('',(-1.,3.00204916001185E-34,0.));
#2939=DIRECTION('',(0.,0.,1.));
#2940=DIRECTION('',(1.,-3.00204916001185E-34,0.));
#2941=DIRECTION('center_axis',(0.,0.,1.));
#2942=DIRECTION('ref_axis',(1.,0.,0.));
#2943=DIRECTION('center_axis',(0.,0.,1.));
#2944=DIRECTION('ref_axis',(1.,0.,0.));
#2945=DIRECTION('',(0.,0.,1.));
#2946=DIRECTION('center_axis',(0.,0.,1.));
#2947=DIRECTION('ref_axis',(1.,0.,0.));
#2948=DIRECTION('center_axis',(-3.00204916001185E-34,-1.,0.));
#2949=DIRECTION('ref_axis',(1.,-3.00204916001185E-34,0.));
#2950=DIRECTION('',(-1.,3.00204916001185E-34,0.));
#2951=DIRECTION('',(1.,-3.00204916001185E-34,0.));
#2952=DIRECTION('center_axis',(0.,0.,1.));
#2953=DIRECTION('ref_axis',(1.,0.,0.));
#2954=DIRECTION('center_axis',(0.,0.,1.));
#2955=DIRECTION('ref_axis',(1.,0.,0.));
#2956=DIRECTION('center_axis',(0.408248290463862,-0.816496580927725,0.408248290463867));
#2957=DIRECTION('ref_axis',(0.577350269189624,0.577350269189624,0.577350269189629));
#2958=DIRECTION('center_axis',(0.,1.,0.));
#2959=DIRECTION('ref_axis',(1.,0.,0.));
#2960=DIRECTION('center_axis',(0.,0.,1.));
#2961=DIRECTION('ref_axis',(0.,1.,0.));
#2962=DIRECTION('center_axis',(1.,0.,0.));
#2963=DIRECTION('ref_axis',(0.,0.,1.));
#2964=DIRECTION('center_axis',(0.,0.,1.));
#2965=DIRECTION('ref_axis',(0.707106781186532,0.707106781186563,0.));
#2966=DIRECTION('center_axis',(0.,0.,1.));
#2967=DIRECTION('ref_axis',(0.707106781186532,0.707106781186563,0.));
#2968=DIRECTION('',(0.,0.,1.));
#2969=DIRECTION('',(0.,0.,-1.));
#2970=DIRECTION('center_axis',(-0.408248290463852,-0.816496580927738,0.408248290463851));
#2971=DIRECTION('ref_axis',(-0.577350269189635,0.577350269189605,0.577350269189637));
#2972=DIRECTION('center_axis',(-1.,0.,0.));
#2973=DIRECTION('ref_axis',(0.,1.,0.));
#2974=DIRECTION('center_axis',(0.,0.,1.));
#2975=DIRECTION('ref_axis',(-1.,0.,0.));
#2976=DIRECTION('center_axis',(2.22044604925031E-14,1.,0.));
#2977=DIRECTION('ref_axis',(0.,0.,1.));
#2978=DIRECTION('center_axis',(0.,0.,1.));
#2979=DIRECTION('ref_axis',(-0.707106781186555,0.70710678118654,0.));
#2980=DIRECTION('center_axis',(0.,0.,1.));
#2981=DIRECTION('ref_axis',(-0.707106781186555,0.70710678118654,0.));
#2982=DIRECTION('',(0.,0.,1.));
#2983=DIRECTION('',(0.,0.,-1.));
#2984=DIRECTION('center_axis',(-0.408248290463859,-0.816496580927728,-0.408248290463864));
#2985=DIRECTION('ref_axis',(0.577350269189623,-0.577350269189627,0.577350269189627));
#2986=DIRECTION('center_axis',(1.,0.,0.));
#2987=DIRECTION('ref_axis',(0.,-1.,0.));
#2988=DIRECTION('center_axis',(0.,0.,1.));
#2989=DIRECTION('ref_axis',(1.,0.,0.));
#2990=DIRECTION('center_axis',(0.,-1.,0.));
#2991=DIRECTION('ref_axis',(0.,0.,1.));
#2992=DIRECTION('center_axis',(0.,0.,1.));
#2993=DIRECTION('ref_axis',(0.70710678118654,-0.707106781186555,0.));
#2994=DIRECTION('center_axis',(0.,0.,1.));
#2995=DIRECTION('ref_axis',(0.70710678118654,-0.707106781186555,0.));
#2996=DIRECTION('',(0.,0.,1.));
#2997=DIRECTION('',(0.,0.,-1.));
#2998=DIRECTION('center_axis',(0.,1.,0.));
#2999=DIRECTION('ref_axis',(0.70710678118654,0.,0.707106781186555));
#3000=DIRECTION('',(0.,-1.,0.));
#3001=DIRECTION('',(0.,1.,0.));
#3002=DIRECTION('center_axis',(0.408248290463862,-0.816496580927726,-0.408248290463863));
#3003=DIRECTION('ref_axis',(-0.577350269189625,-0.577350269189626,0.577350269189626));
#3004=DIRECTION('center_axis',(0.,-1.,0.));
#3005=DIRECTION('ref_axis',(-1.,0.,0.));
#3006=DIRECTION('center_axis',(0.,0.,1.));
#3007=DIRECTION('ref_axis',(0.,-1.,0.));
#3008=DIRECTION('center_axis',(-1.,0.,0.));
#3009=DIRECTION('ref_axis',(0.,0.,1.));
#3010=DIRECTION('center_axis',(0.,0.,1.));
#3011=DIRECTION('ref_axis',(-0.707106781186548,-0.707106781186548,0.));
#3012=DIRECTION('center_axis',(0.,0.,1.));
#3013=DIRECTION('ref_axis',(-0.707106781186548,-0.707106781186548,0.));
#3014=DIRECTION('',(0.,0.,1.));
#3015=DIRECTION('',(0.,0.,-1.));
#3016=DIRECTION('center_axis',(1.,0.,0.));
#3017=DIRECTION('ref_axis',(0.,-0.707106781186548,0.707106781186548));
#3018=DIRECTION('',(-1.,0.,0.));
#3019=DIRECTION('',(1.,0.,0.));
#3020=DIRECTION('center_axis',(0.,-1.,0.));
#3021=DIRECTION('ref_axis',(-0.707106781186548,0.,0.707106781186548));
#3022=DIRECTION('',(0.,1.,0.));
#3023=DIRECTION('',(0.,-1.,0.));
#3024=DIRECTION('center_axis',(-1.,0.,0.));
#3025=DIRECTION('ref_axis',(0.,0.707106781186555,0.70710678118654));
#3026=DIRECTION('',(1.,0.,0.));
#3027=DIRECTION('',(-1.,0.,0.));
#3028=DIRECTION('center_axis',(1.,0.,0.));
#3029=DIRECTION('ref_axis',(0.,1.,0.));
#3030=DIRECTION('',(0.,-1.,0.));
#3031=DIRECTION('center_axis',(0.,-1.,0.));
#3032=DIRECTION('ref_axis',(1.,0.,0.));
#3033=DIRECTION('',(-1.,0.,0.));
#3034=DIRECTION('center_axis',(0.,0.,1.));
#3035=DIRECTION('ref_axis',(1.,0.,0.));
#3036=DIRECTION('center_axis',(0.,1.,0.));
#3037=DIRECTION('ref_axis',(-1.,0.,0.));
#3038=DIRECTION('',(1.,0.,0.));
#3039=DIRECTION('center_axis',(-1.,0.,0.));
#3040=DIRECTION('ref_axis',(0.,-1.,0.));
#3041=DIRECTION('',(0.,1.,0.));
#3042=DIRECTION('center_axis',(0.,0.,1.));
#3043=DIRECTION('ref_axis',(1.,0.,0.));
#3044=CARTESIAN_POINT('',(0.,0.,0.));
#3045=CARTESIAN_POINT('Origin',(12.72,1.88,0.));
#3046=CARTESIAN_POINT('',(12.72,1.68072520280029E-33,0.));
#3047=CARTESIAN_POINT('',(12.72,1.88,0.));
#3048=CARTESIAN_POINT('',(12.72,1.68072520280029E-33,0.));
#3049=CARTESIAN_POINT('',(12.72,1.68072520280029E-33,1.2));
#3050=CARTESIAN_POINT('',(12.72,1.68072520280029E-33,0.));
#3051=CARTESIAN_POINT('',(12.72,1.88,1.2));
#3052=CARTESIAN_POINT('',(12.72,1.68072520280029E-33,1.2));
#3053=CARTESIAN_POINT('',(12.72,1.88,0.));
#3054=CARTESIAN_POINT('Origin',(11.28,1.88,0.));
#3055=CARTESIAN_POINT('',(11.28,1.88,0.));
#3056=CARTESIAN_POINT('',(12.72,1.88,0.));
#3057=CARTESIAN_POINT('',(11.28,1.88,1.2));
#3058=CARTESIAN_POINT('',(12.72,1.88,1.2));
#3059=CARTESIAN_POINT('',(11.28,1.88,0.));
#3060=CARTESIAN_POINT('Origin',(11.28,0.,0.));
#3061=CARTESIAN_POINT('',(11.28,0.,0.));
#3062=CARTESIAN_POINT('',(11.28,1.88,0.));
#3063=CARTESIAN_POINT('',(11.28,0.,1.2));
#3064=CARTESIAN_POINT('',(11.28,1.88,1.2));
#3065=CARTESIAN_POINT('',(11.28,0.,0.));
#3066=CARTESIAN_POINT('Origin',(10.72,1.76965448604267E-32,0.));
#3067=CARTESIAN_POINT('',(10.72,1.68072520280029E-33,0.));
#3068=CARTESIAN_POINT('',(0.,0.,0.));
#3069=CARTESIAN_POINT('',(10.72,1.68072520280029E-33,1.2));
#3070=CARTESIAN_POINT('',(0.,0.,1.2));
#3071=CARTESIAN_POINT('',(10.72,1.68072520280029E-33,0.));
#3072=CARTESIAN_POINT('Origin',(10.72,1.88,0.));
#3073=CARTESIAN_POINT('',(10.72,1.88,0.));
#3074=CARTESIAN_POINT('',(10.72,1.68072520280029E-33,0.));
#3075=CARTESIAN_POINT('',(10.72,1.88,1.2));
#3076=CARTESIAN_POINT('',(10.72,1.68072520280029E-33,1.2));
#3077=CARTESIAN_POINT('',(10.72,1.88,0.));
#3078=CARTESIAN_POINT('Origin',(9.28,1.88,0.));
#3079=CARTESIAN_POINT('',(9.28,1.88,0.));
#3080=CARTESIAN_POINT('',(10.72,1.88,0.));
#3081=CARTESIAN_POINT('',(9.28,1.88,1.2));
#3082=CARTESIAN_POINT('',(10.72,1.88,1.2));
#3083=CARTESIAN_POINT('',(9.28,1.88,0.));
#3084=CARTESIAN_POINT('Origin',(9.28,0.,0.));
#3085=CARTESIAN_POINT('',(9.28,0.,0.));
#3086=CARTESIAN_POINT('',(9.28,1.88,0.));
#3087=CARTESIAN_POINT('',(9.28,0.,1.2));
#3088=CARTESIAN_POINT('',(9.28,1.88,1.2));
#3089=CARTESIAN_POINT('',(9.28,0.,0.));
#3090=CARTESIAN_POINT('Origin',(8.72,1.43949506700486E-32,0.));
#3091=CARTESIAN_POINT('',(8.72,1.68072520280029E-33,0.));
#3092=CARTESIAN_POINT('',(0.,0.,0.));
#3093=CARTESIAN_POINT('',(8.72,1.68072520280029E-33,1.2));
#3094=CARTESIAN_POINT('',(0.,0.,1.2));
#3095=CARTESIAN_POINT('',(8.72,1.68072520280029E-33,0.));
#3096=CARTESIAN_POINT('Origin',(8.72,1.88,0.));
#3097=CARTESIAN_POINT('',(8.72,1.88,0.));
#3098=CARTESIAN_POINT('',(8.72,1.68072520280029E-33,0.));
#3099=CARTESIAN_POINT('',(8.72,1.88,1.2));
#3100=CARTESIAN_POINT('',(8.72,1.68072520280029E-33,1.2));
#3101=CARTESIAN_POINT('',(8.72,1.88,0.));
#3102=CARTESIAN_POINT('Origin',(7.28,1.88,0.));
#3103=CARTESIAN_POINT('',(7.28,1.88,0.));
#3104=CARTESIAN_POINT('',(8.72,1.88,0.));
#3105=CARTESIAN_POINT('',(7.28,1.88,1.2));
#3106=CARTESIAN_POINT('',(8.72,1.88,1.2));
#3107=CARTESIAN_POINT('',(7.28,1.88,0.));
#3108=CARTESIAN_POINT('Origin',(7.28,0.,0.));
#3109=CARTESIAN_POINT('',(7.28,0.,0.));
#3110=CARTESIAN_POINT('',(7.28,1.88,0.));
#3111=CARTESIAN_POINT('',(7.28,0.,1.2));
#3112=CARTESIAN_POINT('',(7.28,1.88,1.2));
#3113=CARTESIAN_POINT('',(7.28,0.,0.));
#3114=CARTESIAN_POINT('Origin',(6.72,1.10933564796705E-32,0.));
#3115=CARTESIAN_POINT('',(6.72,1.68072520280029E-33,0.));
#3116=CARTESIAN_POINT('',(0.,0.,0.));
#3117=CARTESIAN_POINT('',(6.72,1.68072520280029E-33,1.2));
#3118=CARTESIAN_POINT('',(0.,0.,1.2));
#3119=CARTESIAN_POINT('',(6.72,1.68072520280029E-33,0.));
#3120=CARTESIAN_POINT('Origin',(6.72,1.88,0.));
#3121=CARTESIAN_POINT('',(6.72,1.88,0.));
#3122=CARTESIAN_POINT('',(6.72,1.68072520280029E-33,0.));
#3123=CARTESIAN_POINT('',(6.72,1.88,1.2));
#3124=CARTESIAN_POINT('',(6.72,1.68072520280029E-33,1.2));
#3125=CARTESIAN_POINT('',(6.72,1.88,0.));
#3126=CARTESIAN_POINT('Origin',(5.28,1.88,0.));
#3127=CARTESIAN_POINT('',(5.28,1.88,0.));
#3128=CARTESIAN_POINT('',(6.72,1.88,0.));
#3129=CARTESIAN_POINT('',(5.28,1.88,1.2));
#3130=CARTESIAN_POINT('',(6.72,1.88,1.2));
#3131=CARTESIAN_POINT('',(5.28,1.88,0.));
#3132=CARTESIAN_POINT('Origin',(5.28,0.,0.));
#3133=CARTESIAN_POINT('',(5.28,0.,0.));
#3134=CARTESIAN_POINT('',(5.28,1.88,0.));
#3135=CARTESIAN_POINT('',(5.28,0.,1.2));
#3136=CARTESIAN_POINT('',(5.28,1.88,1.2));
#3137=CARTESIAN_POINT('',(5.28,0.,0.));
#3138=CARTESIAN_POINT('Origin',(4.72,7.79176228929236E-33,0.));
#3139=CARTESIAN_POINT('',(4.72,1.68072520280029E-33,0.));
#3140=CARTESIAN_POINT('',(0.,0.,0.));
#3141=CARTESIAN_POINT('',(4.72,1.68072520280029E-33,1.2));
#3142=CARTESIAN_POINT('',(0.,0.,1.2));
#3143=CARTESIAN_POINT('',(4.72,1.68072520280029E-33,0.));
#3144=CARTESIAN_POINT('Origin',(4.72,1.88,0.));
#3145=CARTESIAN_POINT('',(4.72,1.88,0.));
#3146=CARTESIAN_POINT('',(4.72,1.68072520280029E-33,0.));
#3147=CARTESIAN_POINT('',(4.72,1.88,1.2));
#3148=CARTESIAN_POINT('',(4.72,1.68072520280029E-33,1.2));
#3149=CARTESIAN_POINT('',(4.72,1.88,0.));
#3150=CARTESIAN_POINT('Origin',(3.28,1.88,0.));
#3151=CARTESIAN_POINT('',(3.28,1.88,0.));
#3152=CARTESIAN_POINT('',(4.72,1.88,0.));
#3153=CARTESIAN_POINT('',(3.28,1.88,1.2));
#3154=CARTESIAN_POINT('',(4.72,1.88,1.2));
#3155=CARTESIAN_POINT('',(3.28,1.88,0.));
#3156=CARTESIAN_POINT('Origin',(3.28,0.,0.));
#3157=CARTESIAN_POINT('',(3.28,0.,0.));
#3158=CARTESIAN_POINT('',(3.28,1.88,0.));
#3159=CARTESIAN_POINT('',(3.28,0.,1.2));
#3160=CARTESIAN_POINT('',(3.28,1.88,1.2));
#3161=CARTESIAN_POINT('',(3.28,0.,0.));
#3162=CARTESIAN_POINT('Origin',(2.72,4.49016809891424E-33,0.));
#3163=CARTESIAN_POINT('',(2.72,1.68072520280029E-33,0.));
#3164=CARTESIAN_POINT('',(0.,0.,0.));
#3165=CARTESIAN_POINT('',(2.72,1.68072520280029E-33,1.2));
#3166=CARTESIAN_POINT('',(0.,0.,1.2));
#3167=CARTESIAN_POINT('',(2.72,1.68072520280029E-33,0.));
#3168=CARTESIAN_POINT('Origin',(2.72,1.88,0.));
#3169=CARTESIAN_POINT('',(2.72,1.88,0.));
#3170=CARTESIAN_POINT('',(2.72,1.68072520280029E-33,0.));
#3171=CARTESIAN_POINT('',(2.72,1.88,1.2));
#3172=CARTESIAN_POINT('',(2.72,1.68072520280029E-33,1.2));
#3173=CARTESIAN_POINT('',(2.72,1.88,0.));
#3174=CARTESIAN_POINT('Origin',(1.28,1.88,0.));
#3175=CARTESIAN_POINT('',(1.28,1.88,0.));
#3176=CARTESIAN_POINT('',(2.72,1.88,0.));
#3177=CARTESIAN_POINT('',(1.28,1.88,1.2));
#3178=CARTESIAN_POINT('',(2.72,1.88,1.2));
#3179=CARTESIAN_POINT('',(1.28,1.88,0.));
#3180=CARTESIAN_POINT('Origin',(1.28,0.,0.));
#3181=CARTESIAN_POINT('',(1.28,0.,0.));
#3182=CARTESIAN_POINT('',(1.28,1.88,0.));
#3183=CARTESIAN_POINT('',(1.28,0.,1.2));
#3184=CARTESIAN_POINT('',(1.28,1.88,1.2));
#3185=CARTESIAN_POINT('',(1.28,0.,0.));
#3186=CARTESIAN_POINT('Origin',(0.,0.,0.));
#3187=CARTESIAN_POINT('',(0.,0.,0.));
#3188=CARTESIAN_POINT('',(0.,0.,0.));
#3189=CARTESIAN_POINT('',(0.,0.,1.2));
#3190=CARTESIAN_POINT('',(0.,0.,1.2));
#3191=CARTESIAN_POINT('',(0.,0.,0.));
#3192=CARTESIAN_POINT('Origin',(0.,12.8,0.));
#3193=CARTESIAN_POINT('',(0.,12.8,0.));
#3194=CARTESIAN_POINT('',(0.,12.8,0.));
#3195=CARTESIAN_POINT('',(0.,12.8,1.2));
#3196=CARTESIAN_POINT('',(0.,12.8,1.2));
#3197=CARTESIAN_POINT('',(0.,12.8,0.));
#3198=CARTESIAN_POINT('Origin',(1.5500000000009,12.8,0.));
#3199=CARTESIAN_POINT('',(1.5500000000009,12.8,0.));
#3200=CARTESIAN_POINT('',(14.,12.8,0.));
#3201=CARTESIAN_POINT('',(1.5500000000009,12.8,1.2));
#3202=CARTESIAN_POINT('',(14.,12.8,1.2));
#3203=CARTESIAN_POINT('',(1.5500000000009,12.8,0.));
#3204=CARTESIAN_POINT('Origin',(1.5500000000009,11.8,0.));
#3205=CARTESIAN_POINT('',(1.5500000000009,11.8,0.));
#3206=CARTESIAN_POINT('',(1.5500000000009,13.8,0.));
#3207=CARTESIAN_POINT('',(1.5500000000009,11.8,1.2));
#3208=CARTESIAN_POINT('',(1.5500000000009,13.8,1.2));
#3209=CARTESIAN_POINT('',(1.5500000000009,11.8,0.));
#3210=CARTESIAN_POINT('Origin',(3.15000000000078,11.8,0.));
#3211=CARTESIAN_POINT('',(3.15000000000078,11.8,0.));
#3212=CARTESIAN_POINT('',(1.5500000000009,11.8,0.));
#3213=CARTESIAN_POINT('',(3.15000000000078,11.8,1.2));
#3214=CARTESIAN_POINT('',(1.5500000000009,11.8,1.2));
#3215=CARTESIAN_POINT('',(3.15000000000078,11.8,0.));
#3216=CARTESIAN_POINT('Origin',(3.15000000000084,12.8,0.));
#3217=CARTESIAN_POINT('',(3.15000000000084,12.8,0.));
#3218=CARTESIAN_POINT('',(3.15000000000078,11.8,0.));
#3219=CARTESIAN_POINT('',(3.15000000000084,12.8,1.2));
#3220=CARTESIAN_POINT('',(3.15000000000078,11.8,1.2));
#3221=CARTESIAN_POINT('',(3.15000000000084,12.8,0.));
#3222=CARTESIAN_POINT('Origin',(10.85,12.8,0.));
#3223=CARTESIAN_POINT('',(10.85,12.8,0.));
#3224=CARTESIAN_POINT('',(14.,12.8,0.));
#3225=CARTESIAN_POINT('',(10.85,12.8,1.2));
#3226=CARTESIAN_POINT('',(14.,12.8,1.2));
#3227=CARTESIAN_POINT('',(10.85,12.8,0.));
#3228=CARTESIAN_POINT('Origin',(10.8500000000001,11.8,0.));
#3229=CARTESIAN_POINT('',(10.8500000000001,11.8,0.));
#3230=CARTESIAN_POINT('',(10.8500000000001,11.8,0.));
#3231=CARTESIAN_POINT('',(10.8500000000001,11.8,1.2));
#3232=CARTESIAN_POINT('',(10.8500000000001,11.8,1.2));
#3233=CARTESIAN_POINT('',(10.8500000000001,11.8,0.));
#3234=CARTESIAN_POINT('Origin',(12.45,11.8,0.));
#3235=CARTESIAN_POINT('',(12.45,11.8,0.));
#3236=CARTESIAN_POINT('',(12.45,11.8,0.));
#3237=CARTESIAN_POINT('',(12.45,11.8,1.2));
#3238=CARTESIAN_POINT('',(12.45,11.8,1.2));
#3239=CARTESIAN_POINT('',(12.45,11.8,0.));
#3240=CARTESIAN_POINT('Origin',(12.45,12.8,0.));
#3241=CARTESIAN_POINT('',(12.45,12.8,0.));
#3242=CARTESIAN_POINT('',(12.45,13.8,0.));
#3243=CARTESIAN_POINT('',(12.45,12.8,1.2));
#3244=CARTESIAN_POINT('',(12.45,13.8,1.2));
#3245=CARTESIAN_POINT('',(12.45,12.8,0.));
#3246=CARTESIAN_POINT('Origin',(14.,12.8,0.));
#3247=CARTESIAN_POINT('',(14.,12.8,0.));
#3248=CARTESIAN_POINT('',(14.,12.8,0.));
#3249=CARTESIAN_POINT('',(14.,12.8,1.2));
#3250=CARTESIAN_POINT('',(14.,12.8,1.2));
#3251=CARTESIAN_POINT('',(14.,12.8,0.));
#3252=CARTESIAN_POINT('Origin',(14.,2.31111593326468E-32,0.));
#3253=CARTESIAN_POINT('',(14.,2.31111593326468E-32,0.));
#3254=CARTESIAN_POINT('',(14.,2.31111593326468E-32,0.));
#3255=CARTESIAN_POINT('',(14.,2.31111593326468E-32,1.2));
#3256=CARTESIAN_POINT('',(14.,2.31111593326468E-32,1.2));
#3257=CARTESIAN_POINT('',(14.,2.31111593326468E-32,0.));
#3258=CARTESIAN_POINT('Origin',(12.72,2.09981390508048E-32,0.));
#3259=CARTESIAN_POINT('',(0.,0.,0.));
#3260=CARTESIAN_POINT('',(0.,0.,1.2));
#3261=CARTESIAN_POINT('Origin',(7.,6.4,1.2));
#3262=CARTESIAN_POINT('Origin',(7.,6.4,0.));
#3263=CARTESIAN_POINT('Origin',(1.5500000000009,11.8,0.));
#3264=CARTESIAN_POINT('',(3.15000000000078,11.8,1.2));
#3265=CARTESIAN_POINT('',(1.5500000000009,11.8,1.2));
#3266=CARTESIAN_POINT('',(4.27500000000045,11.8,1.2));
#3267=CARTESIAN_POINT('',(1.5500000000009,11.8,0.));
#3268=CARTESIAN_POINT('',(1.5500000000009,11.8,0.));
#3269=CARTESIAN_POINT('',(3.15000000000078,11.8,0.));
#3270=CARTESIAN_POINT('',(1.5500000000009,11.8,0.));
#3271=CARTESIAN_POINT('',(3.15000000000078,11.8,0.));
#3272=CARTESIAN_POINT('Origin',(1.5500000000009,12.8,0.));
#3273=CARTESIAN_POINT('',(1.5500000000009,12.8,1.2));
#3274=CARTESIAN_POINT('',(1.55000000000091,9.6,1.2));
#3275=CARTESIAN_POINT('',(1.5500000000009,12.8,0.));
#3276=CARTESIAN_POINT('',(1.5500000000009,12.8,0.));
#3277=CARTESIAN_POINT('',(1.5500000000009,13.8,0.));
#3278=CARTESIAN_POINT('Origin',(1.975,12.8,0.));
#3279=CARTESIAN_POINT('',(1.975,12.8,1.2));
#3280=CARTESIAN_POINT('',(4.4875,12.8,1.2));
#3281=CARTESIAN_POINT('',(1.975,12.8,0.));
#3282=CARTESIAN_POINT('',(1.975,12.8,0.));
#3283=CARTESIAN_POINT('',(14.,12.8,0.));
#3284=CARTESIAN_POINT('Origin',(2.35,12.8,0.));
#3285=CARTESIAN_POINT('',(2.725,12.8,1.2));
#3286=CARTESIAN_POINT('Origin',(2.35,12.8,1.2));
#3287=CARTESIAN_POINT('',(2.725,12.8,0.));
#3288=CARTESIAN_POINT('',(2.725,12.8,0.));
#3289=CARTESIAN_POINT('Origin',(2.35,12.8,0.));
#3290=CARTESIAN_POINT('Origin',(3.15000000000084,12.8,0.));
#3291=CARTESIAN_POINT('',(3.15000000000084,12.8,1.2));
#3292=CARTESIAN_POINT('',(5.07500000000042,12.8,1.2));
#3293=CARTESIAN_POINT('',(3.15000000000084,12.8,0.));
#3294=CARTESIAN_POINT('',(3.15000000000084,12.8,0.));
#3295=CARTESIAN_POINT('',(14.,12.8,0.));
#3296=CARTESIAN_POINT('Origin',(3.15000000000078,11.8,0.));
#3297=CARTESIAN_POINT('',(3.15000000000062,9.10000000000012,1.2));
#3298=CARTESIAN_POINT('',(3.15000000000078,11.8,0.));
#3299=CARTESIAN_POINT('Origin',(2.35000000000087,12.3,0.));
#3300=CARTESIAN_POINT('Origin',(7.,6.4,1.2));
#3301=CARTESIAN_POINT('Origin',(3.28,1.88,0.));
#3302=CARTESIAN_POINT('',(3.28,0.,1.2));
#3303=CARTESIAN_POINT('',(3.28,1.88,1.2));
#3304=CARTESIAN_POINT('',(3.28,4.14,1.2));
#3305=CARTESIAN_POINT('',(3.28,1.88,0.));
#3306=CARTESIAN_POINT('',(3.28,1.88,0.));
#3307=CARTESIAN_POINT('',(3.28,0.,0.));
#3308=CARTESIAN_POINT('',(3.28,1.88,0.));
#3309=CARTESIAN_POINT('',(3.28,0.,0.));
#3310=CARTESIAN_POINT('Origin',(4.72,1.88,0.));
#3311=CARTESIAN_POINT('',(4.72,1.88,1.2));
#3312=CARTESIAN_POINT('',(5.86,1.88,1.2));
#3313=CARTESIAN_POINT('',(4.72,1.88,0.));
#3314=CARTESIAN_POINT('',(4.72,1.88,0.));
#3315=CARTESIAN_POINT('',(4.72,1.88,0.));
#3316=CARTESIAN_POINT('Origin',(4.72,1.68072520280029E-33,0.));
#3317=CARTESIAN_POINT('',(4.72,1.68072520280029E-33,1.2));
#3318=CARTESIAN_POINT('',(4.72,3.2,1.2));
#3319=CARTESIAN_POINT('',(4.72,1.68072520280029E-33,0.));
#3320=CARTESIAN_POINT('',(4.72,1.68072520280029E-33,0.));
#3321=CARTESIAN_POINT('',(4.72,1.68072520280029E-33,0.));
#3322=CARTESIAN_POINT('Origin',(4.,0.94,0.));
#3323=CARTESIAN_POINT('',(3.625,0.94,1.2));
#3324=CARTESIAN_POINT('Origin',(4.,0.94,1.2));
#3325=CARTESIAN_POINT('',(3.625,0.94,0.));
#3326=CARTESIAN_POINT('',(3.625,0.94,0.));
#3327=CARTESIAN_POINT('Origin',(4.,0.94,0.));
#3328=CARTESIAN_POINT('Origin',(4.375,1.7842958988207E-33,0.));
#3329=CARTESIAN_POINT('',(4.375,1.89687274232114E-33,1.2));
#3330=CARTESIAN_POINT('',(5.6875,0.,1.2));
#3331=CARTESIAN_POINT('',(4.375,1.89687274232114E-33,0.));
#3332=CARTESIAN_POINT('',(4.375,1.89687274232114E-33,0.));
#3333=CARTESIAN_POINT('',(3.28,2.113020281842E-33,0.));
#3334=CARTESIAN_POINT('Origin',(4.,1.89687274232114E-33,0.));
#3335=CARTESIAN_POINT('',(3.625,4.59242549680257E-17,1.2));
#3336=CARTESIAN_POINT('Origin',(4.,1.89687274232114E-33,1.2));
#3337=CARTESIAN_POINT('',(3.625,4.59242549680257E-17,0.));
#3338=CARTESIAN_POINT('',(3.625,4.59242549680257E-17,0.));
#3339=CARTESIAN_POINT('Origin',(4.,1.89687274232114E-33,0.));
#3340=CARTESIAN_POINT('Origin',(3.28,2.113020281842E-33,0.));
#3341=CARTESIAN_POINT('',(5.14,0.,1.2));
#3342=CARTESIAN_POINT('',(3.28,2.113020281842E-33,0.));
#3343=CARTESIAN_POINT('Origin',(4.,0.94,0.));
#3344=CARTESIAN_POINT('Origin',(7.,6.4,1.2));
#3345=CARTESIAN_POINT('Origin',(5.28,1.88,0.));
#3346=CARTESIAN_POINT('',(5.28,0.,1.2));
#3347=CARTESIAN_POINT('',(5.28,1.88,1.2));
#3348=CARTESIAN_POINT('',(5.28,4.14,1.2));
#3349=CARTESIAN_POINT('',(5.28,1.88,0.));
#3350=CARTESIAN_POINT('',(5.28,1.88,0.));
#3351=CARTESIAN_POINT('',(5.28,0.,0.));
#3352=CARTESIAN_POINT('',(5.28,1.88,0.));
#3353=CARTESIAN_POINT('',(5.28,0.,0.));
#3354=CARTESIAN_POINT('Origin',(6.72,1.88,0.));
#3355=CARTESIAN_POINT('',(6.72,1.88,1.2));
#3356=CARTESIAN_POINT('',(6.86,1.88,1.2));
#3357=CARTESIAN_POINT('',(6.72,1.88,0.));
#3358=CARTESIAN_POINT('',(6.72,1.88,0.));
#3359=CARTESIAN_POINT('',(6.72,1.88,0.));
#3360=CARTESIAN_POINT('Origin',(6.72,1.68072520280029E-33,0.));
#3361=CARTESIAN_POINT('',(6.72,1.68072520280029E-33,1.2));
#3362=CARTESIAN_POINT('',(6.72,3.2,1.2));
#3363=CARTESIAN_POINT('',(6.72,1.68072520280029E-33,0.));
#3364=CARTESIAN_POINT('',(6.72,1.68072520280029E-33,0.));
#3365=CARTESIAN_POINT('',(6.72,1.68072520280029E-33,0.));
#3366=CARTESIAN_POINT('Origin',(6.,0.94,0.));
#3367=CARTESIAN_POINT('',(5.625,0.94,1.2));
#3368=CARTESIAN_POINT('Origin',(6.,0.94,1.2));
#3369=CARTESIAN_POINT('',(5.625,0.94,0.));
#3370=CARTESIAN_POINT('',(5.625,0.94,0.));
#3371=CARTESIAN_POINT('Origin',(6.,0.94,0.));
#3372=CARTESIAN_POINT('Origin',(6.375,1.7842958988207E-33,0.));
#3373=CARTESIAN_POINT('',(6.375,1.89687274232114E-33,1.2));
#3374=CARTESIAN_POINT('',(6.6875,0.,1.2));
#3375=CARTESIAN_POINT('',(6.375,1.89687274232114E-33,0.));
#3376=CARTESIAN_POINT('',(6.375,1.89687274232114E-33,0.));
#3377=CARTESIAN_POINT('',(5.28,2.113020281842E-33,0.));
#3378=CARTESIAN_POINT('Origin',(6.,1.89687274232114E-33,0.));
#3379=CARTESIAN_POINT('',(5.625,4.59242549680257E-17,1.2));
#3380=CARTESIAN_POINT('Origin',(6.,1.89687274232114E-33,1.2));
#3381=CARTESIAN_POINT('',(5.625,4.59242549680257E-17,0.));
#3382=CARTESIAN_POINT('',(5.625,4.59242549680257E-17,0.));
#3383=CARTESIAN_POINT('Origin',(6.,1.89687274232114E-33,0.));
#3384=CARTESIAN_POINT('Origin',(5.28,2.113020281842E-33,0.));
#3385=CARTESIAN_POINT('',(6.14,0.,1.2));
#3386=CARTESIAN_POINT('',(5.28,2.113020281842E-33,0.));
#3387=CARTESIAN_POINT('Origin',(6.,0.94,0.));
#3388=CARTESIAN_POINT('Origin',(7.,6.4,1.2));
#3389=CARTESIAN_POINT('Origin',(11.175,12.8,0.));
#3390=CARTESIAN_POINT('',(10.85,12.8,1.2));
#3391=CARTESIAN_POINT('',(11.175,12.8,1.2));
#3392=CARTESIAN_POINT('',(9.0875,12.8,1.2));
#3393=CARTESIAN_POINT('',(11.175,12.8,0.));
#3394=CARTESIAN_POINT('',(11.175,12.8,0.));
#3395=CARTESIAN_POINT('',(10.85,12.8,0.));
#3396=CARTESIAN_POINT('',(14.,12.8,0.));
#3397=CARTESIAN_POINT('',(10.85,12.8,0.));
#3398=CARTESIAN_POINT('Origin',(11.55,12.8,0.));
#3399=CARTESIAN_POINT('',(11.925,12.8,1.2));
#3400=CARTESIAN_POINT('Origin',(11.55,12.8,1.2));
#3401=CARTESIAN_POINT('',(11.925,12.8,0.));
#3402=CARTESIAN_POINT('',(11.925,12.8,0.));
#3403=CARTESIAN_POINT('Origin',(11.55,12.8,0.));
#3404=CARTESIAN_POINT('Origin',(12.45,12.8,0.));
#3405=CARTESIAN_POINT('',(12.45,12.8,1.2));
#3406=CARTESIAN_POINT('',(9.72499999999999,12.8,1.2));
#3407=CARTESIAN_POINT('',(12.45,12.8,0.));
#3408=CARTESIAN_POINT('',(12.45,12.8,0.));
#3409=CARTESIAN_POINT('',(14.,12.8,0.));
#3410=CARTESIAN_POINT('Origin',(12.45,11.8,0.));
#3411=CARTESIAN_POINT('',(12.45,11.8,1.2));
#3412=CARTESIAN_POINT('',(12.45,9.10000000000001,1.2));
#3413=CARTESIAN_POINT('',(12.45,11.8,0.));
#3414=CARTESIAN_POINT('',(12.45,11.8,0.));
#3415=CARTESIAN_POINT('',(12.45,13.8,0.));
#3416=CARTESIAN_POINT('Origin',(10.8500000000001,11.8,0.));
#3417=CARTESIAN_POINT('',(10.8500000000001,11.8,1.2));
#3418=CARTESIAN_POINT('',(8.92500000000005,11.8,1.2));
#3419=CARTESIAN_POINT('',(10.8500000000001,11.8,0.));
#3420=CARTESIAN_POINT('',(10.8500000000001,11.8,0.));
#3421=CARTESIAN_POINT('',(12.45,11.8,0.));
#3422=CARTESIAN_POINT('Origin',(10.85,12.8,0.));
#3423=CARTESIAN_POINT('',(10.8500000000002,9.60000000000012,1.2));
#3424=CARTESIAN_POINT('',(10.8500000000001,11.8,0.));
#3425=CARTESIAN_POINT('Origin',(11.65,12.3,0.));
#3426=CARTESIAN_POINT('Origin',(7.,6.4,1.2));
#3427=CARTESIAN_POINT('Origin',(9.28,1.88,0.));
#3428=CARTESIAN_POINT('',(9.28,0.,1.2));
#3429=CARTESIAN_POINT('',(9.28,1.88,1.2));
#3430=CARTESIAN_POINT('',(9.28,4.14,1.2));
#3431=CARTESIAN_POINT('',(9.28,1.88,0.));
#3432=CARTESIAN_POINT('',(9.28,1.88,0.));
#3433=CARTESIAN_POINT('',(9.28,0.,0.));
#3434=CARTESIAN_POINT('',(9.28,1.88,0.));
#3435=CARTESIAN_POINT('',(9.28,0.,0.));
#3436=CARTESIAN_POINT('Origin',(10.72,1.88,0.));
#3437=CARTESIAN_POINT('',(10.72,1.88,1.2));
#3438=CARTESIAN_POINT('',(8.86,1.88,1.2));
#3439=CARTESIAN_POINT('',(10.72,1.88,0.));
#3440=CARTESIAN_POINT('',(10.72,1.88,0.));
#3441=CARTESIAN_POINT('',(10.72,1.88,0.));
#3442=CARTESIAN_POINT('Origin',(10.72,1.68072520280029E-33,0.));
#3443=CARTESIAN_POINT('',(10.72,1.68072520280029E-33,1.2));
#3444=CARTESIAN_POINT('',(10.72,3.2,1.2));
#3445=CARTESIAN_POINT('',(10.72,1.68072520280029E-33,0.));
#3446=CARTESIAN_POINT('',(10.72,1.68072520280029E-33,0.));
#3447=CARTESIAN_POINT('',(10.72,1.68072520280029E-33,0.));
#3448=CARTESIAN_POINT('Origin',(10.,0.94,0.));
#3449=CARTESIAN_POINT('',(9.625,0.94,1.2));
#3450=CARTESIAN_POINT('Origin',(10.,0.94,1.2));
#3451=CARTESIAN_POINT('',(9.625,0.94,0.));
#3452=CARTESIAN_POINT('',(9.625,0.94,0.));
#3453=CARTESIAN_POINT('Origin',(10.,0.94,0.));
#3454=CARTESIAN_POINT('Origin',(10.375,1.7842958988207E-33,0.));
#3455=CARTESIAN_POINT('',(10.375,1.89687274232114E-33,1.2));
#3456=CARTESIAN_POINT('',(8.6875,0.,1.2));
#3457=CARTESIAN_POINT('',(10.375,1.89687274232114E-33,0.));
#3458=CARTESIAN_POINT('',(10.375,1.89687274232114E-33,0.));
#3459=CARTESIAN_POINT('',(9.28,2.113020281842E-33,0.));
#3460=CARTESIAN_POINT('Origin',(10.,1.89687274232114E-33,0.));
#3461=CARTESIAN_POINT('',(9.625,4.59242549680259E-17,1.2));
#3462=CARTESIAN_POINT('Origin',(10.,1.89687274232114E-33,1.2));
#3463=CARTESIAN_POINT('',(9.625,4.59242549680259E-17,0.));
#3464=CARTESIAN_POINT('',(9.625,4.59242549680259E-17,0.));
#3465=CARTESIAN_POINT('Origin',(10.,1.89687274232114E-33,0.));
#3466=CARTESIAN_POINT('Origin',(9.28,2.113020281842E-33,0.));
#3467=CARTESIAN_POINT('',(8.14,0.,1.2));
#3468=CARTESIAN_POINT('',(9.28,2.113020281842E-33,0.));
#3469=CARTESIAN_POINT('Origin',(10.,0.94,0.));
#3470=CARTESIAN_POINT('Origin',(7.,6.4,1.2));
#3471=CARTESIAN_POINT('Origin',(1.28,1.88,0.));
#3472=CARTESIAN_POINT('',(1.28,0.,1.2));
#3473=CARTESIAN_POINT('',(1.28,1.88,1.2));
#3474=CARTESIAN_POINT('',(1.28,4.14,1.2));
#3475=CARTESIAN_POINT('',(1.28,1.88,0.));
#3476=CARTESIAN_POINT('',(1.28,1.88,0.));
#3477=CARTESIAN_POINT('',(1.28,0.,0.));
#3478=CARTESIAN_POINT('',(1.28,1.88,0.));
#3479=CARTESIAN_POINT('',(1.28,0.,0.));
#3480=CARTESIAN_POINT('Origin',(2.72,1.88,0.));
#3481=CARTESIAN_POINT('',(2.72,1.88,1.2));
#3482=CARTESIAN_POINT('',(4.86,1.88,1.2));
#3483=CARTESIAN_POINT('',(2.72,1.88,0.));
#3484=CARTESIAN_POINT('',(2.72,1.88,0.));
#3485=CARTESIAN_POINT('',(2.72,1.88,0.));
#3486=CARTESIAN_POINT('Origin',(2.72,1.68072520280029E-33,0.));
#3487=CARTESIAN_POINT('',(2.72,1.68072520280029E-33,1.2));
#3488=CARTESIAN_POINT('',(2.72,3.2,1.2));
#3489=CARTESIAN_POINT('',(2.72,1.68072520280029E-33,0.));
#3490=CARTESIAN_POINT('',(2.72,1.68072520280029E-33,0.));
#3491=CARTESIAN_POINT('',(2.72,1.68072520280029E-33,0.));
#3492=CARTESIAN_POINT('Origin',(2.,0.94,0.));
#3493=CARTESIAN_POINT('',(1.625,0.94,1.2));
#3494=CARTESIAN_POINT('Origin',(2.,0.94,1.2));
#3495=CARTESIAN_POINT('',(1.625,0.94,0.));
#3496=CARTESIAN_POINT('',(1.625,0.94,0.));
#3497=CARTESIAN_POINT('Origin',(2.,0.94,0.));
#3498=CARTESIAN_POINT('Origin',(2.375,1.7842958988207E-33,0.));
#3499=CARTESIAN_POINT('',(2.375,1.89687274232114E-33,1.2));
#3500=CARTESIAN_POINT('',(4.6875,0.,1.2));
#3501=CARTESIAN_POINT('',(2.375,1.89687274232114E-33,0.));
#3502=CARTESIAN_POINT('',(2.375,1.89687274232114E-33,0.));
#3503=CARTESIAN_POINT('',(1.28,2.113020281842E-33,0.));
#3504=CARTESIAN_POINT('Origin',(2.,1.89687274232114E-33,0.));
#3505=CARTESIAN_POINT('',(1.625,4.59242549680258E-17,1.2));
#3506=CARTESIAN_POINT('Origin',(2.,1.89687274232114E-33,1.2));
#3507=CARTESIAN_POINT('',(1.625,4.59242549680258E-17,0.));
#3508=CARTESIAN_POINT('',(1.625,4.59242549680258E-17,0.));
#3509=CARTESIAN_POINT('Origin',(2.,1.89687274232114E-33,0.));
#3510=CARTESIAN_POINT('Origin',(1.28,2.113020281842E-33,0.));
#3511=CARTESIAN_POINT('',(4.14,0.,1.2));
#3512=CARTESIAN_POINT('',(1.28,2.113020281842E-33,0.));
#3513=CARTESIAN_POINT('Origin',(2.,0.94,0.));
#3514=CARTESIAN_POINT('Origin',(7.,6.4,1.2));
#3515=CARTESIAN_POINT('Origin',(7.28,1.88,0.));
#3516=CARTESIAN_POINT('',(7.28,0.,1.2));
#3517=CARTESIAN_POINT('',(7.28,1.88,1.2));
#3518=CARTESIAN_POINT('',(7.28,4.14,1.2));
#3519=CARTESIAN_POINT('',(7.28,1.88,0.));
#3520=CARTESIAN_POINT('',(7.28,1.88,0.));
#3521=CARTESIAN_POINT('',(7.28,0.,0.));
#3522=CARTESIAN_POINT('',(7.28,1.88,0.));
#3523=CARTESIAN_POINT('',(7.28,0.,0.));
#3524=CARTESIAN_POINT('Origin',(8.72,1.88,0.));
#3525=CARTESIAN_POINT('',(8.72,1.88,1.2));
#3526=CARTESIAN_POINT('',(7.86,1.88,1.2));
#3527=CARTESIAN_POINT('',(8.72,1.88,0.));
#3528=CARTESIAN_POINT('',(8.72,1.88,0.));
#3529=CARTESIAN_POINT('',(8.72,1.88,0.));
#3530=CARTESIAN_POINT('Origin',(8.72,1.68072520280029E-33,0.));
#3531=CARTESIAN_POINT('',(8.72,1.68072520280029E-33,1.2));
#3532=CARTESIAN_POINT('',(8.72,3.2,1.2));
#3533=CARTESIAN_POINT('',(8.72,1.68072520280029E-33,0.));
#3534=CARTESIAN_POINT('',(8.72,1.68072520280029E-33,0.));
#3535=CARTESIAN_POINT('',(8.72,1.68072520280029E-33,0.));
#3536=CARTESIAN_POINT('Origin',(8.,0.94,0.));
#3537=CARTESIAN_POINT('',(7.625,0.94,1.2));
#3538=CARTESIAN_POINT('Origin',(8.,0.94,1.2));
#3539=CARTESIAN_POINT('',(7.625,0.94,0.));
#3540=CARTESIAN_POINT('',(7.625,0.94,0.));
#3541=CARTESIAN_POINT('Origin',(8.,0.94,0.));
#3542=CARTESIAN_POINT('Origin',(8.375,1.7842958988207E-33,0.));
#3543=CARTESIAN_POINT('',(8.375,1.89687274232114E-33,1.2));
#3544=CARTESIAN_POINT('',(7.6875,0.,1.2));
#3545=CARTESIAN_POINT('',(8.375,1.89687274232114E-33,0.));
#3546=CARTESIAN_POINT('',(8.375,1.89687274232114E-33,0.));
#3547=CARTESIAN_POINT('',(7.28,2.113020281842E-33,0.));
#3548=CARTESIAN_POINT('Origin',(8.,1.89687274232114E-33,0.));
#3549=CARTESIAN_POINT('',(7.625,4.59242549680257E-17,1.2));
#3550=CARTESIAN_POINT('Origin',(8.,1.89687274232114E-33,1.2));
#3551=CARTESIAN_POINT('',(7.625,4.59242549680257E-17,0.));
#3552=CARTESIAN_POINT('',(7.625,4.59242549680257E-17,0.));
#3553=CARTESIAN_POINT('Origin',(8.,1.89687274232114E-33,0.));
#3554=CARTESIAN_POINT('Origin',(7.28,2.113020281842E-33,0.));
#3555=CARTESIAN_POINT('',(7.14,0.,1.2));
#3556=CARTESIAN_POINT('',(7.28,2.113020281842E-33,0.));
#3557=CARTESIAN_POINT('Origin',(8.,0.94,0.));
#3558=CARTESIAN_POINT('Origin',(7.,6.4,1.2));
#3559=CARTESIAN_POINT('Origin',(11.28,1.88,0.));
#3560=CARTESIAN_POINT('',(11.28,0.,1.2));
#3561=CARTESIAN_POINT('',(11.28,1.88,1.2));
#3562=CARTESIAN_POINT('',(11.28,4.14,1.2));
#3563=CARTESIAN_POINT('',(11.28,1.88,0.));
#3564=CARTESIAN_POINT('',(11.28,1.88,0.));
#3565=CARTESIAN_POINT('',(11.28,0.,0.));
#3566=CARTESIAN_POINT('',(11.28,1.88,0.));
#3567=CARTESIAN_POINT('',(11.28,0.,0.));
#3568=CARTESIAN_POINT('Origin',(12.72,1.88,0.));
#3569=CARTESIAN_POINT('',(12.72,1.88,1.2));
#3570=CARTESIAN_POINT('',(9.86,1.88,1.2));
#3571=CARTESIAN_POINT('',(12.72,1.88,0.));
#3572=CARTESIAN_POINT('',(12.72,1.88,0.));
#3573=CARTESIAN_POINT('',(12.72,1.88,0.));
#3574=CARTESIAN_POINT('Origin',(12.72,1.68072520280029E-33,0.));
#3575=CARTESIAN_POINT('',(12.72,1.68072520280029E-33,1.2));
#3576=CARTESIAN_POINT('',(12.72,3.2,1.2));
#3577=CARTESIAN_POINT('',(12.72,1.68072520280029E-33,0.));
#3578=CARTESIAN_POINT('',(12.72,1.68072520280029E-33,0.));
#3579=CARTESIAN_POINT('',(12.72,1.68072520280029E-33,0.));
#3580=CARTESIAN_POINT('Origin',(12.,0.94,0.));
#3581=CARTESIAN_POINT('',(11.625,0.94,1.2));
#3582=CARTESIAN_POINT('Origin',(12.,0.94,1.2));
#3583=CARTESIAN_POINT('',(11.625,0.94,0.));
#3584=CARTESIAN_POINT('',(11.625,0.94,0.));
#3585=CARTESIAN_POINT('Origin',(12.,0.94,0.));
#3586=CARTESIAN_POINT('Origin',(12.375,1.7842958988207E-33,0.));
#3587=CARTESIAN_POINT('',(12.375,1.89687274232114E-33,1.2));
#3588=CARTESIAN_POINT('',(9.6875,0.,1.2));
#3589=CARTESIAN_POINT('',(12.375,1.89687274232114E-33,0.));
#3590=CARTESIAN_POINT('',(12.375,1.89687274232114E-33,0.));
#3591=CARTESIAN_POINT('',(11.28,2.113020281842E-33,0.));
#3592=CARTESIAN_POINT('Origin',(12.,1.89687274232114E-33,0.));
#3593=CARTESIAN_POINT('',(11.625,4.59242549680259E-17,1.2));
#3594=CARTESIAN_POINT('Origin',(12.,1.89687274232114E-33,1.2));
#3595=CARTESIAN_POINT('',(11.625,4.59242549680259E-17,0.));
#3596=CARTESIAN_POINT('',(11.625,4.59242549680259E-17,0.));
#3597=CARTESIAN_POINT('Origin',(12.,1.89687274232114E-33,0.));
#3598=CARTESIAN_POINT('Origin',(11.28,2.113020281842E-33,0.));
#3599=CARTESIAN_POINT('',(9.14,0.,1.2));
#3600=CARTESIAN_POINT('',(11.28,2.113020281842E-33,0.));
#3601=CARTESIAN_POINT('Origin',(12.,0.94,0.));
#3602=CARTESIAN_POINT('Origin',(7.,6.4,1.2));
#3603=CARTESIAN_POINT('Origin',(13.5,11.3,2.3));
#3604=CARTESIAN_POINT('',(13.6,11.3,2.3));
#3605=CARTESIAN_POINT('',(13.5,11.3,2.4));
#3606=CARTESIAN_POINT('Origin',(13.5,11.3,2.3));
#3607=CARTESIAN_POINT('',(13.5,11.4,2.3));
#3608=CARTESIAN_POINT('Origin',(13.5,11.3,2.3));
#3609=CARTESIAN_POINT('Origin',(13.5,11.3,2.3));
#3610=CARTESIAN_POINT('Origin',(13.5,11.3,1.2));
#3611=CARTESIAN_POINT('',(13.6,11.3,1.2));
#3612=CARTESIAN_POINT('',(13.5,11.4,1.2));
#3613=CARTESIAN_POINT('Origin',(13.5,11.3,1.2));
#3614=CARTESIAN_POINT('',(13.5,11.4,1.2));
#3615=CARTESIAN_POINT('',(13.6,11.3,1.2));
#3616=CARTESIAN_POINT('Origin',(0.5,11.3,2.3));
#3617=CARTESIAN_POINT('',(0.5,11.4,2.3));
#3618=CARTESIAN_POINT('',(0.5,11.3,2.4));
#3619=CARTESIAN_POINT('Origin',(0.5,11.3,2.3));
#3620=CARTESIAN_POINT('',(0.4,11.3,2.3));
#3621=CARTESIAN_POINT('Origin',(0.5,11.3,2.3));
#3622=CARTESIAN_POINT('Origin',(0.5,11.3,2.3));
#3623=CARTESIAN_POINT('Origin',(0.5,11.3,1.2));
#3624=CARTESIAN_POINT('',(0.5,11.4,1.2));
#3625=CARTESIAN_POINT('',(0.4,11.3,1.2));
#3626=CARTESIAN_POINT('Origin',(0.5,11.3,1.2));
#3627=CARTESIAN_POINT('',(0.4,11.3,1.2));
#3628=CARTESIAN_POINT('',(0.5,11.4,1.2));
#3629=CARTESIAN_POINT('Origin',(13.5,2.38,2.3));
#3630=CARTESIAN_POINT('',(13.5,2.28,2.3));
#3631=CARTESIAN_POINT('',(13.5,2.38,2.4));
#3632=CARTESIAN_POINT('Origin',(13.5,2.38,2.3));
#3633=CARTESIAN_POINT('',(13.6,2.38,2.3));
#3634=CARTESIAN_POINT('Origin',(13.5,2.38,2.3));
#3635=CARTESIAN_POINT('Origin',(13.5,2.38,2.3));
#3636=CARTESIAN_POINT('Origin',(13.5,2.38,1.2));
#3637=CARTESIAN_POINT('',(13.5,2.28,1.2));
#3638=CARTESIAN_POINT('',(13.6,2.38,1.2));
#3639=CARTESIAN_POINT('Origin',(13.5,2.38,1.2));
#3640=CARTESIAN_POINT('',(13.6,2.38,1.2));
#3641=CARTESIAN_POINT('',(13.5,2.28,1.2));
#3642=CARTESIAN_POINT('Origin',(13.5,4.56000000000001,2.3));
#3643=CARTESIAN_POINT('',(13.5,4.56000000000001,2.4));
#3644=CARTESIAN_POINT('',(13.6,4.56000000000001,2.3));
#3645=CARTESIAN_POINT('Origin',(0.5,2.38,2.3));
#3646=CARTESIAN_POINT('',(0.4,2.38,2.3));
#3647=CARTESIAN_POINT('',(0.5,2.38,2.4));
#3648=CARTESIAN_POINT('Origin',(0.5,2.38,2.3));
#3649=CARTESIAN_POINT('',(0.5,2.28,2.3));
#3650=CARTESIAN_POINT('Origin',(0.5,2.38,2.3));
#3651=CARTESIAN_POINT('Origin',(0.5,2.38,2.3));
#3652=CARTESIAN_POINT('Origin',(0.5,2.38,1.2));
#3653=CARTESIAN_POINT('',(0.4,2.38,1.2));
#3654=CARTESIAN_POINT('',(0.5,2.28,1.2));
#3655=CARTESIAN_POINT('Origin',(0.5,2.38,1.2));
#3656=CARTESIAN_POINT('',(0.5,2.28,1.2));
#3657=CARTESIAN_POINT('',(0.4,2.38,1.2));
#3658=CARTESIAN_POINT('Origin',(3.7,2.38,2.3));
#3659=CARTESIAN_POINT('',(3.7,2.38,2.4));
#3660=CARTESIAN_POINT('',(3.7,2.28,2.3));
#3661=CARTESIAN_POINT('Origin',(0.5,9.12000000000003,2.3));
#3662=CARTESIAN_POINT('',(0.5,9.12000000000003,2.4));
#3663=CARTESIAN_POINT('',(0.4,9.12000000000003,2.3));
#3664=CARTESIAN_POINT('Origin',(10.3,11.3,2.3));
#3665=CARTESIAN_POINT('',(10.3,11.3,2.4));
#3666=CARTESIAN_POINT('',(10.3,11.4,2.3));
#3667=CARTESIAN_POINT('Origin',(13.6,2.28,1.2));
#3668=CARTESIAN_POINT('',(13.6,4.56000000000001,1.2));
#3669=CARTESIAN_POINT('Origin',(0.4,2.28,1.2));
#3670=CARTESIAN_POINT('',(3.7,2.28,1.2));
#3671=CARTESIAN_POINT('Origin',(7.,6.84000000000002,2.4));
#3672=CARTESIAN_POINT('Origin',(13.6,11.4,1.2));
#3673=CARTESIAN_POINT('',(10.3,11.4,1.2));
#3674=CARTESIAN_POINT('Origin',(0.4,11.4,1.2));
#3675=CARTESIAN_POINT('',(0.4,9.12000000000003,1.2));
#3676=CARTESIAN_POINT('Origin',(7.,6.84000000000002,1.2));
#3677=UNCERTAINTY_MEASURE_WITH_UNIT(LENGTH_MEASURE(0.01),#3681,
'DISTANCE_ACCURACY_VALUE',
'Maximum model space distance between geometric entities at asserted c
onnectivities');
#3678=UNCERTAINTY_MEASURE_WITH_UNIT(LENGTH_MEASURE(0.01),#3681,
'DISTANCE_ACCURACY_VALUE',
'Maximum model space distance between geometric entities at asserted c
onnectivities');
#3679=(
GEOMETRIC_REPRESENTATION_CONTEXT(3)
GLOBAL_UNCERTAINTY_ASSIGNED_CONTEXT((#3677))
GLOBAL_UNIT_ASSIGNED_CONTEXT((#3681,#3683,#3684))
REPRESENTATION_CONTEXT('','3D')
);
#3680=(
GEOMETRIC_REPRESENTATION_CONTEXT(3)
GLOBAL_UNCERTAINTY_ASSIGNED_CONTEXT((#3678))
GLOBAL_UNIT_ASSIGNED_CONTEXT((#3681,#3683,#3684))
REPRESENTATION_CONTEXT('','3D')
);
#3681=(
LENGTH_UNIT()
NAMED_UNIT(*)
SI_UNIT(.MILLI.,.METRE.)
);
#3682=(
LENGTH_UNIT()
NAMED_UNIT(*)
SI_UNIT($,.METRE.)
);
#3683=(
NAMED_UNIT(*)
PLANE_ANGLE_UNIT()
SI_UNIT($,.RADIAN.)
);
#3684=(
NAMED_UNIT(*)
SI_UNIT($,.STERADIAN.)
SOLID_ANGLE_UNIT()
);
#3685=SHAPE_DEFINITION_REPRESENTATION(#3686,#3687);
#3686=PRODUCT_DEFINITION_SHAPE('',$,#3689);
#3687=SHAPE_REPRESENTATION('',(#2269),#3679);
#3688=PRODUCT_DEFINITION_CONTEXT('part definition',#3693,'design');
#3689=PRODUCT_DEFINITION('SRX883Pro','SRX883Pro v2',#3690,#3688);
#3690=PRODUCT_DEFINITION_FORMATION('',$,#3695);
#3691=PRODUCT_RELATED_PRODUCT_CATEGORY('SRX883Pro v2','SRX883Pro v2',(#3695));
#3692=APPLICATION_PROTOCOL_DEFINITION('international standard',
'automotive_design',2009,#3693);
#3693=APPLICATION_CONTEXT(
'Core Data for Automotive Mechanical Design Process');
#3694=PRODUCT_CONTEXT('part definition',#3693,'mechanical');
#3695=PRODUCT('SRX883Pro','SRX883Pro v2',$,(#3694));
#3696=PRESENTATION_STYLE_ASSIGNMENT((#3700));
#3697=PRESENTATION_STYLE_ASSIGNMENT((#3701));
#3698=PRESENTATION_STYLE_ASSIGNMENT((#3702));
#3699=PRESENTATION_STYLE_ASSIGNMENT((#3703));
#3700=SURFACE_STYLE_USAGE(.BOTH.,#3704);
#3701=SURFACE_STYLE_USAGE(.BOTH.,#3705);
#3702=SURFACE_STYLE_USAGE(.BOTH.,#3706);
#3703=SURFACE_STYLE_USAGE(.BOTH.,#3707);
#3704=SURFACE_SIDE_STYLE('',(#3708));
#3705=SURFACE_SIDE_STYLE('',(#3709));
#3706=SURFACE_SIDE_STYLE('',(#3710));
#3707=SURFACE_SIDE_STYLE('',(#3711));
#3708=SURFACE_STYLE_FILL_AREA(#3712);
#3709=SURFACE_STYLE_FILL_AREA(#3713);
#3710=SURFACE_STYLE_FILL_AREA(#3714);
#3711=SURFACE_STYLE_FILL_AREA(#3715);
#3712=FILL_AREA_STYLE('Cherry',(#3716));
#3713=FILL_AREA_STYLE('FR4',(#3717));
#3714=FILL_AREA_STYLE('Gold - Polished',(#3718));
#3715=FILL_AREA_STYLE('Aluminum - Satin',(#3719));
#3716=FILL_AREA_STYLE_COLOUR('Cherry',#3720);
#3717=FILL_AREA_STYLE_COLOUR('FR4',#3721);
#3718=FILL_AREA_STYLE_COLOUR('Gold - Polished',#3722);
#3719=FILL_AREA_STYLE_COLOUR('Aluminum - Satin',#3723);
#3720=COLOUR_RGB('Cherry',0.,0.,0.);
#3721=COLOUR_RGB('FR4',0.266666666666667,0.466666666666667,0.4);
#3722=COLOUR_RGB('Gold - Polished',0.956862745098039,0.898039215686275,
0.654901960784314);
#3723=COLOUR_RGB('Aluminum - Satin',0.96078431372549,0.96078431372549,0.964705882352941);
ENDSEC;
END-ISO-10303-21;
