ISO-10303-21;
HEADER;
/* Generated by software containing ST-Developer
 * from STEP Tools, Inc. (www.steptools.com) 
 */

FILE_DESCRIPTION(
/* description */ ('STEP AP214'),
/* implementation_level */ '2;1');

FILE_NAME(
/* name */ 'STM32C031G4U6.step',
/* time_stamp */ '2026-06-12T19:50:20-04:00',
/* author */ (''),
/* organization */ (''),
/* preprocessor_version */ 'ST-DEVELOPER v20.1',
/* originating_system */ 'Autodesk Translation Framework v15.8.0.0',
/* authorisation */ '');

FILE_SCHEMA (('AUTOMOTIVE_DESIGN { 1 0 10303 214 3 1 1 }'));
ENDSEC;

DATA;
#10=MECHANICAL_DESIGN_GEOMETRIC_PRESENTATION_REPRESENTATION('',(#18,#19,
#20,#21,#22,#23,#24,#25,#26,#27,#28,#29,#30,#31,#32,#33,#34,#35,#36,#37,
#38,#39,#40,#41,#42,#43,#44,#45,#46,#47,#48,#49,#50,#51,#52,#53,#54,#55,
#56,#57,#58,#59,#60,#61,#62,#63,#64,#65,#66,#67,#68,#69,#70,#71,#72,#73,
#74,#75,#76,#77,#78,#79,#80,#81,#82,#83,#84,#85,#86,#87,#88,#89,#90,#91,
#92,#93,#94,#95,#96,#97,#98,#99,#100,#101,#102,#103,#104,#105,#106,#107,
#108,#109,#110,#111,#112,#113,#114,#115,#116,#117,#118,#119,#120,#121,#122,
#123,#124,#125,#126,#127,#128,#129,#130,#131,#132,#133,#134,#135,#136,#137,
#138,#139,#140,#141,#142,#143,#144,#145,#146,#147,#148,#149,#150,#151,#152,
#153,#154,#155,#156,#157,#158,#159,#160,#161,#162,#163,#164,#165,#166,#167,
#168,#169,#170,#171,#172,#173,#174,#175,#176,#177,#178,#179,#180,#181,#182,
#183,#184,#185,#186,#187,#188,#189,#190,#191,#192,#193,#194,#195,#196,#197,
#198,#199,#200,#201,#202,#203,#204,#205,#206,#207,#208,#209,#210,#211,#212,
#213,#214,#215,#216,#217,#218,#219,#220,#221,#222,#223,#224,#225,#226,#227,
#228,#229,#230,#231,#232,#233,#234,#235,#236,#237,#238,#239,#240,#241,#242,
#243,#244,#245,#246,#247,#248,#249,#250,#251,#252,#253,#254,#255,#256,#257,
#258,#259,#260,#261,#262,#263,#264,#265,#266,#267,#268,#269,#270,#271,#272,
#273,#274,#275,#276,#277,#278,#279,#280,#281,#282,#283,#284,#285,#286,#287,
#288,#289,#290,#291),#16271);
#11=SHAPE_REPRESENTATION_RELATIONSHIP('SRR','None',#16278,#12);
#12=ADVANCED_BREP_SHAPE_REPRESENTATION('',(#292,#293,#294,#295,#296,#297,
#298,#299,#300,#301,#302,#303,#304,#305,#306,#307,#308,#309,#310,#311,#312,
#313,#314,#315,#316,#317,#318,#319,#320),#16270);
#13=SPHERICAL_SURFACE('',#10742,0.025);
#14=SPHERICAL_SURFACE('',#10744,0.025);
#15=SPHERICAL_SURFACE('',#10754,0.025);
#16=SPHERICAL_SURFACE('',#10756,0.025);
#17=FACE_BOUND('',#1121,.T.);
#18=STYLED_ITEM('',(#16288),#292);
#19=STYLED_ITEM('',(#16288),#293);
#20=STYLED_ITEM('',(#16288),#294);
#21=STYLED_ITEM('',(#16288),#295);
#22=STYLED_ITEM('',(#16288),#296);
#23=STYLED_ITEM('',(#16288),#297);
#24=STYLED_ITEM('',(#16288),#298);
#25=STYLED_ITEM('',(#16288),#299);
#26=STYLED_ITEM('',(#16288),#300);
#27=STYLED_ITEM('',(#16288),#301);
#28=STYLED_ITEM('',(#16288),#302);
#29=STYLED_ITEM('',(#16288),#303);
#30=STYLED_ITEM('',(#16288),#304);
#31=STYLED_ITEM('',(#16288),#305);
#32=STYLED_ITEM('',(#16288),#306);
#33=STYLED_ITEM('',(#16288),#307);
#34=STYLED_ITEM('',(#16288),#308);
#35=STYLED_ITEM('',(#16288),#309);
#36=STYLED_ITEM('',(#16288),#310);
#37=STYLED_ITEM('',(#16288),#311);
#38=STYLED_ITEM('',(#16290),#9833);
#39=STYLED_ITEM('',(#16291),#9834);
#40=STYLED_ITEM('',(#16291),#9835);
#41=STYLED_ITEM('',(#16291),#9836);
#42=STYLED_ITEM('',(#16291),#9837);
#43=STYLED_ITEM('',(#16291),#9838);
#44=STYLED_ITEM('',(#16291),#9839);
#45=STYLED_ITEM('',(#16291),#9840);
#46=STYLED_ITEM('',(#16291),#9841);
#47=STYLED_ITEM('',(#16291),#9842);
#48=STYLED_ITEM('',(#16291),#9843);
#49=STYLED_ITEM('',(#16291),#9844);
#50=STYLED_ITEM('',(#16291),#9845);
#51=STYLED_ITEM('',(#16291),#9846);
#52=STYLED_ITEM('',(#16291),#9847);
#53=STYLED_ITEM('',(#16291),#9848);
#54=STYLED_ITEM('',(#16291),#9849);
#55=STYLED_ITEM('',(#16291),#9850);
#56=STYLED_ITEM('',(#16291),#9851);
#57=STYLED_ITEM('',(#16291),#9852);
#58=STYLED_ITEM('',(#16291),#9853);
#59=STYLED_ITEM('',(#16291),#9854);
#60=STYLED_ITEM('',(#16291),#9855);
#61=STYLED_ITEM('',(#16291),#9856);
#62=STYLED_ITEM('',(#16291),#9857);
#63=STYLED_ITEM('',(#16291),#9858);
#64=STYLED_ITEM('',(#16291),#9859);
#65=STYLED_ITEM('',(#16291),#9860);
#66=STYLED_ITEM('',(#16291),#9861);
#67=STYLED_ITEM('',(#16291),#9862);
#68=STYLED_ITEM('',(#16291),#9863);
#69=STYLED_ITEM('',(#16291),#9864);
#70=STYLED_ITEM('',(#16291),#9865);
#71=STYLED_ITEM('',(#16291),#9866);
#72=STYLED_ITEM('',(#16291),#9867);
#73=STYLED_ITEM('',(#16291),#9868);
#74=STYLED_ITEM('',(#16291),#9869);
#75=STYLED_ITEM('',(#16291),#9870);
#76=STYLED_ITEM('',(#16291),#9871);
#77=STYLED_ITEM('',(#16291),#9872);
#78=STYLED_ITEM('',(#16291),#9873);
#79=STYLED_ITEM('',(#16291),#9874);
#80=STYLED_ITEM('',(#16291),#9875);
#81=STYLED_ITEM('',(#16291),#9876);
#82=STYLED_ITEM('',(#16291),#9877);
#83=STYLED_ITEM('',(#16291),#9878);
#84=STYLED_ITEM('',(#16291),#9879);
#85=STYLED_ITEM('',(#16291),#9880);
#86=STYLED_ITEM('',(#16291),#9881);
#87=STYLED_ITEM('',(#16291),#9882);
#88=STYLED_ITEM('',(#16291),#9883);
#89=STYLED_ITEM('',(#16291),#9884);
#90=STYLED_ITEM('',(#16291),#9885);
#91=STYLED_ITEM('',(#16291),#9886);
#92=STYLED_ITEM('',(#16291),#9887);
#93=STYLED_ITEM('',(#16291),#9888);
#94=STYLED_ITEM('',(#16291),#9889);
#95=STYLED_ITEM('',(#16291),#9890);
#96=STYLED_ITEM('',(#16291),#9891);
#97=STYLED_ITEM('',(#16291),#9892);
#98=STYLED_ITEM('',(#16291),#9893);
#99=STYLED_ITEM('',(#16291),#9894);
#100=STYLED_ITEM('',(#16291),#9895);
#101=STYLED_ITEM('',(#16291),#9896);
#102=STYLED_ITEM('',(#16291),#9897);
#103=STYLED_ITEM('',(#16291),#9898);
#104=STYLED_ITEM('',(#16291),#9899);
#105=STYLED_ITEM('',(#16291),#9900);
#106=STYLED_ITEM('',(#16291),#9901);
#107=STYLED_ITEM('',(#16291),#9902);
#108=STYLED_ITEM('',(#16291),#9903);
#109=STYLED_ITEM('',(#16291),#9904);
#110=STYLED_ITEM('',(#16291),#9905);
#111=STYLED_ITEM('',(#16291),#9906);
#112=STYLED_ITEM('',(#16291),#9907);
#113=STYLED_ITEM('',(#16291),#9908);
#114=STYLED_ITEM('',(#16291),#9909);
#115=STYLED_ITEM('',(#16291),#9910);
#116=STYLED_ITEM('',(#16291),#9911);
#117=STYLED_ITEM('',(#16291),#9912);
#118=STYLED_ITEM('',(#16291),#9913);
#119=STYLED_ITEM('',(#16291),#9914);
#120=STYLED_ITEM('',(#16291),#9915);
#121=STYLED_ITEM('',(#16291),#9916);
#122=STYLED_ITEM('',(#16291),#9917);
#123=STYLED_ITEM('',(#16291),#9918);
#124=STYLED_ITEM('',(#16291),#9919);
#125=STYLED_ITEM('',(#16291),#9920);
#126=STYLED_ITEM('',(#16291),#9921);
#127=STYLED_ITEM('',(#16291),#9922);
#128=STYLED_ITEM('',(#16291),#9923);
#129=STYLED_ITEM('',(#16291),#9924);
#130=STYLED_ITEM('',(#16291),#9925);
#131=STYLED_ITEM('',(#16291),#9926);
#132=STYLED_ITEM('',(#16291),#9927);
#133=STYLED_ITEM('',(#16291),#9928);
#134=STYLED_ITEM('',(#16291),#9929);
#135=STYLED_ITEM('',(#16291),#9930);
#136=STYLED_ITEM('',(#16291),#9931);
#137=STYLED_ITEM('',(#16291),#9932);
#138=STYLED_ITEM('',(#16291),#9933);
#139=STYLED_ITEM('',(#16291),#9934);
#140=STYLED_ITEM('',(#16291),#9935);
#141=STYLED_ITEM('',(#16291),#9936);
#142=STYLED_ITEM('',(#16291),#9937);
#143=STYLED_ITEM('',(#16291),#9938);
#144=STYLED_ITEM('',(#16291),#9939);
#145=STYLED_ITEM('',(#16291),#9940);
#146=STYLED_ITEM('',(#16291),#9941);
#147=STYLED_ITEM('',(#16291),#9942);
#148=STYLED_ITEM('',(#16291),#9943);
#149=STYLED_ITEM('',(#16291),#9944);
#150=STYLED_ITEM('',(#16291),#9945);
#151=STYLED_ITEM('',(#16291),#9946);
#152=STYLED_ITEM('',(#16291),#9947);
#153=STYLED_ITEM('',(#16291),#9948);
#154=STYLED_ITEM('',(#16291),#9949);
#155=STYLED_ITEM('',(#16291),#9950);
#156=STYLED_ITEM('',(#16291),#9951);
#157=STYLED_ITEM('',(#16291),#9952);
#158=STYLED_ITEM('',(#16291),#9953);
#159=STYLED_ITEM('',(#16291),#9954);
#160=STYLED_ITEM('',(#16291),#9955);
#161=STYLED_ITEM('',(#16291),#9956);
#162=STYLED_ITEM('',(#16291),#9957);
#163=STYLED_ITEM('',(#16291),#9958);
#164=STYLED_ITEM('',(#16291),#9959);
#165=STYLED_ITEM('',(#16291),#9960);
#166=STYLED_ITEM('',(#16291),#9961);
#167=STYLED_ITEM('',(#16291),#9962);
#168=STYLED_ITEM('',(#16291),#9963);
#169=STYLED_ITEM('',(#16291),#9964);
#170=STYLED_ITEM('',(#16291),#9965);
#171=STYLED_ITEM('',(#16291),#9966);
#172=STYLED_ITEM('',(#16291),#9967);
#173=STYLED_ITEM('',(#16291),#9968);
#174=STYLED_ITEM('',(#16291),#9969);
#175=STYLED_ITEM('',(#16291),#9970);
#176=STYLED_ITEM('',(#16291),#9971);
#177=STYLED_ITEM('',(#16291),#9972);
#178=STYLED_ITEM('',(#16291),#9973);
#179=STYLED_ITEM('',(#16291),#9974);
#180=STYLED_ITEM('',(#16291),#9975);
#181=STYLED_ITEM('',(#16291),#9976);
#182=STYLED_ITEM('',(#16291),#9977);
#183=STYLED_ITEM('',(#16291),#9978);
#184=STYLED_ITEM('',(#16291),#9979);
#185=STYLED_ITEM('',(#16291),#9980);
#186=STYLED_ITEM('',(#16291),#9981);
#187=STYLED_ITEM('',(#16291),#9982);
#188=STYLED_ITEM('',(#16291),#9983);
#189=STYLED_ITEM('',(#16291),#9984);
#190=STYLED_ITEM('',(#16291),#9985);
#191=STYLED_ITEM('',(#16291),#9986);
#192=STYLED_ITEM('',(#16291),#9987);
#193=STYLED_ITEM('',(#16291),#9988);
#194=STYLED_ITEM('',(#16291),#9989);
#195=STYLED_ITEM('',(#16291),#9990);
#196=STYLED_ITEM('',(#16291),#9991);
#197=STYLED_ITEM('',(#16291),#9992);
#198=STYLED_ITEM('',(#16291),#9993);
#199=STYLED_ITEM('',(#16291),#9994);
#200=STYLED_ITEM('',(#16291),#9995);
#201=STYLED_ITEM('',(#16291),#9996);
#202=STYLED_ITEM('',(#16291),#9997);
#203=STYLED_ITEM('',(#16291),#9998);
#204=STYLED_ITEM('',(#16291),#9999);
#205=STYLED_ITEM('',(#16291),#10000);
#206=STYLED_ITEM('',(#16291),#10001);
#207=STYLED_ITEM('',(#16291),#10002);
#208=STYLED_ITEM('',(#16291),#10003);
#209=STYLED_ITEM('',(#16291),#10004);
#210=STYLED_ITEM('',(#16291),#10005);
#211=STYLED_ITEM('',(#16291),#10006);
#212=STYLED_ITEM('',(#16291),#10007);
#213=STYLED_ITEM('',(#16291),#10008);
#214=STYLED_ITEM('',(#16291),#10009);
#215=STYLED_ITEM('',(#16291),#10010);
#216=STYLED_ITEM('',(#16291),#10011);
#217=STYLED_ITEM('',(#16291),#10012);
#218=STYLED_ITEM('',(#16291),#10013);
#219=STYLED_ITEM('',(#16291),#10014);
#220=STYLED_ITEM('',(#16291),#10015);
#221=STYLED_ITEM('',(#16291),#10016);
#222=STYLED_ITEM('',(#16291),#10017);
#223=STYLED_ITEM('',(#16291),#10018);
#224=STYLED_ITEM('',(#16291),#10019);
#225=STYLED_ITEM('',(#16291),#10020);
#226=STYLED_ITEM('',(#16291),#10021);
#227=STYLED_ITEM('',(#16291),#10022);
#228=STYLED_ITEM('',(#16291),#10023);
#229=STYLED_ITEM('',(#16291),#10024);
#230=STYLED_ITEM('',(#16291),#10025);
#231=STYLED_ITEM('',(#16291),#10026);
#232=STYLED_ITEM('',(#16291),#10027);
#233=STYLED_ITEM('',(#16291),#10028);
#234=STYLED_ITEM('',(#16291),#10029);
#235=STYLED_ITEM('',(#16291),#10030);
#236=STYLED_ITEM('',(#16291),#10031);
#237=STYLED_ITEM('',(#16291),#10032);
#238=STYLED_ITEM('',(#16291),#10033);
#239=STYLED_ITEM('',(#16291),#10034);
#240=STYLED_ITEM('',(#16291),#10035);
#241=STYLED_ITEM('',(#16291),#10036);
#242=STYLED_ITEM('',(#16291),#10037);
#243=STYLED_ITEM('',(#16291),#10038);
#244=STYLED_ITEM('',(#16291),#10039);
#245=STYLED_ITEM('',(#16291),#10040);
#246=STYLED_ITEM('',(#16291),#10041);
#247=STYLED_ITEM('',(#16291),#10042);
#248=STYLED_ITEM('',(#16291),#10043);
#249=STYLED_ITEM('',(#16291),#10044);
#250=STYLED_ITEM('',(#16291),#10045);
#251=STYLED_ITEM('',(#16291),#10046);
#252=STYLED_ITEM('',(#16291),#10047);
#253=STYLED_ITEM('',(#16291),#10048);
#254=STYLED_ITEM('',(#16291),#10049);
#255=STYLED_ITEM('',(#16291),#10050);
#256=STYLED_ITEM('',(#16291),#10051);
#257=STYLED_ITEM('',(#16291),#10052);
#258=STYLED_ITEM('',(#16291),#10053);
#259=STYLED_ITEM('',(#16291),#10054);
#260=STYLED_ITEM('',(#16291),#10055);
#261=STYLED_ITEM('',(#16291),#10056);
#262=STYLED_ITEM('',(#16291),#10057);
#263=STYLED_ITEM('',(#16291),#10058);
#264=STYLED_ITEM('',(#16291),#10059);
#265=STYLED_ITEM('',(#16291),#10060);
#266=STYLED_ITEM('',(#16291),#10061);
#267=STYLED_ITEM('',(#16291),#10062);
#268=STYLED_ITEM('',(#16291),#10063);
#269=STYLED_ITEM('',(#16291),#10064);
#270=STYLED_ITEM('',(#16291),#10065);
#271=STYLED_ITEM('',(#16291),#10066);
#272=STYLED_ITEM('',(#16291),#10067);
#273=STYLED_ITEM('',(#16291),#10068);
#274=STYLED_ITEM('',(#16291),#10069);
#275=STYLED_ITEM('',(#16291),#10070);
#276=STYLED_ITEM('',(#16291),#10071);
#277=STYLED_ITEM('',(#16291),#10072);
#278=STYLED_ITEM('',(#16291),#10073);
#279=STYLED_ITEM('',(#16291),#10074);
#280=STYLED_ITEM('',(#16291),#10075);
#281=STYLED_ITEM('',(#16291),#10076);
#282=STYLED_ITEM('',(#16290),#10077);
#283=STYLED_ITEM('',(#16289),#312);
#284=STYLED_ITEM('',(#16288),#313);
#285=STYLED_ITEM('',(#16288),#314);
#286=STYLED_ITEM('',(#16288),#315);
#287=STYLED_ITEM('',(#16288),#316);
#288=STYLED_ITEM('',(#16288),#317);
#289=STYLED_ITEM('',(#16288),#318);
#290=STYLED_ITEM('',(#16288),#319);
#291=STYLED_ITEM('',(#16288),#320);
#292=MANIFOLD_SOLID_BREP('Body1',#10159);
#293=MANIFOLD_SOLID_BREP('Body2',#10160);
#294=MANIFOLD_SOLID_BREP('Body3',#10161);
#295=MANIFOLD_SOLID_BREP('Body4',#10162);
#296=MANIFOLD_SOLID_BREP('Body5',#10163);
#297=MANIFOLD_SOLID_BREP('Body6',#10164);
#298=MANIFOLD_SOLID_BREP('Body7',#10165);
#299=MANIFOLD_SOLID_BREP('Body8',#10166);
#300=MANIFOLD_SOLID_BREP('Body9',#10167);
#301=MANIFOLD_SOLID_BREP('Body10',#10168);
#302=MANIFOLD_SOLID_BREP('Body11',#10169);
#303=MANIFOLD_SOLID_BREP('Body12',#10170);
#304=MANIFOLD_SOLID_BREP('Body13',#10171);
#305=MANIFOLD_SOLID_BREP('Body14',#10172);
#306=MANIFOLD_SOLID_BREP('Body15',#10173);
#307=MANIFOLD_SOLID_BREP('Body16',#10174);
#308=MANIFOLD_SOLID_BREP('Body17',#10175);
#309=MANIFOLD_SOLID_BREP('Body18',#10176);
#310=MANIFOLD_SOLID_BREP('Body19',#10177);
#311=MANIFOLD_SOLID_BREP('Body20',#10178);
#312=MANIFOLD_SOLID_BREP('Body21',#10179);
#313=MANIFOLD_SOLID_BREP('Body22',#10180);
#314=MANIFOLD_SOLID_BREP('Body23',#10181);
#315=MANIFOLD_SOLID_BREP('Body24',#10182);
#316=MANIFOLD_SOLID_BREP('Body25',#10183);
#317=MANIFOLD_SOLID_BREP('Body26',#10184);
#318=MANIFOLD_SOLID_BREP('Body27',#10185);
#319=MANIFOLD_SOLID_BREP('Body28',#10186);
#320=MANIFOLD_SOLID_BREP('Body29',#10187);
#321=CYLINDRICAL_SURFACE('',#10210,0.125000000000001);
#322=CYLINDRICAL_SURFACE('',#10221,0.125000000000001);
#323=CYLINDRICAL_SURFACE('',#10234,0.125);
#324=CYLINDRICAL_SURFACE('',#10237,0.125);
#325=CYLINDRICAL_SURFACE('',#10257,0.125000000000001);
#326=CYLINDRICAL_SURFACE('',#10263,0.125000000000001);
#327=CYLINDRICAL_SURFACE('',#10275,0.125);
#328=CYLINDRICAL_SURFACE('',#10285,0.125);
#329=CYLINDRICAL_SURFACE('',#10299,0.125);
#330=CYLINDRICAL_SURFACE('',#10309,0.125);
#331=CYLINDRICAL_SURFACE('',#10323,0.125);
#332=CYLINDRICAL_SURFACE('',#10333,0.125);
#333=CYLINDRICAL_SURFACE('',#10347,0.125);
#334=CYLINDRICAL_SURFACE('',#10357,0.125);
#335=CYLINDRICAL_SURFACE('',#10378,0.125000000000001);
#336=CYLINDRICAL_SURFACE('',#10383,0.125000000000001);
#337=CYLINDRICAL_SURFACE('',#10402,0.125000000000001);
#338=CYLINDRICAL_SURFACE('',#10413,0.125000000000001);
#339=CYLINDRICAL_SURFACE('',#10425,0.125000000000001);
#340=CYLINDRICAL_SURFACE('',#10431,0.125000000000001);
#341=CYLINDRICAL_SURFACE('',#10441,0.1);
#342=CYLINDRICAL_SURFACE('',#10444,0.125);
#343=CYLINDRICAL_SURFACE('',#10447,0.125);
#344=CYLINDRICAL_SURFACE('',#10450,0.125);
#345=CYLINDRICAL_SURFACE('',#10453,0.125);
#346=CYLINDRICAL_SURFACE('',#10456,0.125);
#347=CYLINDRICAL_SURFACE('',#10459,0.125);
#348=CYLINDRICAL_SURFACE('',#10462,0.125);
#349=CYLINDRICAL_SURFACE('',#10604,0.125);
#350=CYLINDRICAL_SURFACE('',#10609,0.125000000000001);
#351=CYLINDRICAL_SURFACE('',#10614,0.125000000000001);
#352=CYLINDRICAL_SURFACE('',#10619,0.125000000000001);
#353=CYLINDRICAL_SURFACE('',#10624,0.125000000000001);
#354=CYLINDRICAL_SURFACE('',#10629,0.125000000000001);
#355=CYLINDRICAL_SURFACE('',#10634,0.125);
#356=CYLINDRICAL_SURFACE('',#10667,0.125);
#357=CYLINDRICAL_SURFACE('',#10672,0.125000000000001);
#358=CYLINDRICAL_SURFACE('',#10677,0.125000000000001);
#359=CYLINDRICAL_SURFACE('',#10682,0.125000000000001);
#360=CYLINDRICAL_SURFACE('',#10687,0.125000000000001);
#361=CYLINDRICAL_SURFACE('',#10692,0.125000000000001);
#362=CYLINDRICAL_SURFACE('',#10697,0.124999999999999);
#363=CYLINDRICAL_SURFACE('',#10703,0.125);
#364=CYLINDRICAL_SURFACE('',#10708,0.125);
#365=CYLINDRICAL_SURFACE('',#10713,0.125);
#366=CYLINDRICAL_SURFACE('',#10718,0.125);
#367=CYLINDRICAL_SURFACE('',#10723,0.125);
#368=CYLINDRICAL_SURFACE('',#10728,0.125);
#369=CYLINDRICAL_SURFACE('',#10733,0.125);
#370=CYLINDRICAL_SURFACE('',#10735,0.0249999999999998);
#371=CYLINDRICAL_SURFACE('',#10737,0.0249999999999998);
#372=CYLINDRICAL_SURFACE('',#10740,0.0249999999999998);
#373=CYLINDRICAL_SURFACE('',#10746,0.0250000000000001);
#374=CYLINDRICAL_SURFACE('',#10748,0.0249999999999998);
#375=CYLINDRICAL_SURFACE('',#10750,0.0249999999999998);
#376=CYLINDRICAL_SURFACE('',#10752,0.0249999999999998);
#377=CYLINDRICAL_SURFACE('',#10758,0.0249999999999998);
#378=CYLINDRICAL_SURFACE('',#10760,0.125);
#379=CYLINDRICAL_SURFACE('',#10772,0.125);
#380=CYLINDRICAL_SURFACE('',#10791,0.125);
#381=CYLINDRICAL_SURFACE('',#10800,0.125);
#382=CYLINDRICAL_SURFACE('',#10812,0.125);
#383=CYLINDRICAL_SURFACE('',#10825,0.125);
#384=CYLINDRICAL_SURFACE('',#10839,0.125);
#385=CYLINDRICAL_SURFACE('',#10849,0.124999999999999);
#386=FACE_OUTER_BOUND('',#912,.T.);
#387=FACE_OUTER_BOUND('',#913,.T.);
#388=FACE_OUTER_BOUND('',#914,.T.);
#389=FACE_OUTER_BOUND('',#915,.T.);
#390=FACE_OUTER_BOUND('',#916,.T.);
#391=FACE_OUTER_BOUND('',#917,.T.);
#392=FACE_OUTER_BOUND('',#918,.T.);
#393=FACE_OUTER_BOUND('',#919,.T.);
#394=FACE_OUTER_BOUND('',#920,.T.);
#395=FACE_OUTER_BOUND('',#921,.T.);
#396=FACE_OUTER_BOUND('',#922,.T.);
#397=FACE_OUTER_BOUND('',#923,.T.);
#398=FACE_OUTER_BOUND('',#924,.T.);
#399=FACE_OUTER_BOUND('',#925,.T.);
#400=FACE_OUTER_BOUND('',#926,.T.);
#401=FACE_OUTER_BOUND('',#927,.T.);
#402=FACE_OUTER_BOUND('',#928,.T.);
#403=FACE_OUTER_BOUND('',#929,.T.);
#404=FACE_OUTER_BOUND('',#930,.T.);
#405=FACE_OUTER_BOUND('',#931,.T.);
#406=FACE_OUTER_BOUND('',#932,.T.);
#407=FACE_OUTER_BOUND('',#933,.T.);
#408=FACE_OUTER_BOUND('',#934,.T.);
#409=FACE_OUTER_BOUND('',#935,.T.);
#410=FACE_OUTER_BOUND('',#936,.T.);
#411=FACE_OUTER_BOUND('',#937,.T.);
#412=FACE_OUTER_BOUND('',#938,.T.);
#413=FACE_OUTER_BOUND('',#939,.T.);
#414=FACE_OUTER_BOUND('',#940,.T.);
#415=FACE_OUTER_BOUND('',#941,.T.);
#416=FACE_OUTER_BOUND('',#942,.T.);
#417=FACE_OUTER_BOUND('',#943,.T.);
#418=FACE_OUTER_BOUND('',#944,.T.);
#419=FACE_OUTER_BOUND('',#945,.T.);
#420=FACE_OUTER_BOUND('',#946,.T.);
#421=FACE_OUTER_BOUND('',#947,.T.);
#422=FACE_OUTER_BOUND('',#948,.T.);
#423=FACE_OUTER_BOUND('',#949,.T.);
#424=FACE_OUTER_BOUND('',#950,.T.);
#425=FACE_OUTER_BOUND('',#951,.T.);
#426=FACE_OUTER_BOUND('',#952,.T.);
#427=FACE_OUTER_BOUND('',#953,.T.);
#428=FACE_OUTER_BOUND('',#954,.T.);
#429=FACE_OUTER_BOUND('',#955,.T.);
#430=FACE_OUTER_BOUND('',#956,.T.);
#431=FACE_OUTER_BOUND('',#957,.T.);
#432=FACE_OUTER_BOUND('',#958,.T.);
#433=FACE_OUTER_BOUND('',#959,.T.);
#434=FACE_OUTER_BOUND('',#960,.T.);
#435=FACE_OUTER_BOUND('',#961,.T.);
#436=FACE_OUTER_BOUND('',#962,.T.);
#437=FACE_OUTER_BOUND('',#963,.T.);
#438=FACE_OUTER_BOUND('',#964,.T.);
#439=FACE_OUTER_BOUND('',#965,.T.);
#440=FACE_OUTER_BOUND('',#966,.T.);
#441=FACE_OUTER_BOUND('',#967,.T.);
#442=FACE_OUTER_BOUND('',#968,.T.);
#443=FACE_OUTER_BOUND('',#969,.T.);
#444=FACE_OUTER_BOUND('',#970,.T.);
#445=FACE_OUTER_BOUND('',#971,.T.);
#446=FACE_OUTER_BOUND('',#972,.T.);
#447=FACE_OUTER_BOUND('',#973,.T.);
#448=FACE_OUTER_BOUND('',#974,.T.);
#449=FACE_OUTER_BOUND('',#975,.T.);
#450=FACE_OUTER_BOUND('',#976,.T.);
#451=FACE_OUTER_BOUND('',#977,.T.);
#452=FACE_OUTER_BOUND('',#978,.T.);
#453=FACE_OUTER_BOUND('',#979,.T.);
#454=FACE_OUTER_BOUND('',#980,.T.);
#455=FACE_OUTER_BOUND('',#981,.T.);
#456=FACE_OUTER_BOUND('',#982,.T.);
#457=FACE_OUTER_BOUND('',#983,.T.);
#458=FACE_OUTER_BOUND('',#984,.T.);
#459=FACE_OUTER_BOUND('',#985,.T.);
#460=FACE_OUTER_BOUND('',#986,.T.);
#461=FACE_OUTER_BOUND('',#987,.T.);
#462=FACE_OUTER_BOUND('',#988,.T.);
#463=FACE_OUTER_BOUND('',#989,.T.);
#464=FACE_OUTER_BOUND('',#990,.T.);
#465=FACE_OUTER_BOUND('',#991,.T.);
#466=FACE_OUTER_BOUND('',#992,.T.);
#467=FACE_OUTER_BOUND('',#993,.T.);
#468=FACE_OUTER_BOUND('',#994,.T.);
#469=FACE_OUTER_BOUND('',#995,.T.);
#470=FACE_OUTER_BOUND('',#996,.T.);
#471=FACE_OUTER_BOUND('',#997,.T.);
#472=FACE_OUTER_BOUND('',#998,.T.);
#473=FACE_OUTER_BOUND('',#999,.T.);
#474=FACE_OUTER_BOUND('',#1000,.T.);
#475=FACE_OUTER_BOUND('',#1001,.T.);
#476=FACE_OUTER_BOUND('',#1002,.T.);
#477=FACE_OUTER_BOUND('',#1003,.T.);
#478=FACE_OUTER_BOUND('',#1004,.T.);
#479=FACE_OUTER_BOUND('',#1005,.T.);
#480=FACE_OUTER_BOUND('',#1006,.T.);
#481=FACE_OUTER_BOUND('',#1007,.T.);
#482=FACE_OUTER_BOUND('',#1008,.T.);
#483=FACE_OUTER_BOUND('',#1009,.T.);
#484=FACE_OUTER_BOUND('',#1010,.T.);
#485=FACE_OUTER_BOUND('',#1011,.T.);
#486=FACE_OUTER_BOUND('',#1012,.T.);
#487=FACE_OUTER_BOUND('',#1013,.T.);
#488=FACE_OUTER_BOUND('',#1014,.T.);
#489=FACE_OUTER_BOUND('',#1015,.T.);
#490=FACE_OUTER_BOUND('',#1016,.T.);
#491=FACE_OUTER_BOUND('',#1017,.T.);
#492=FACE_OUTER_BOUND('',#1018,.T.);
#493=FACE_OUTER_BOUND('',#1019,.T.);
#494=FACE_OUTER_BOUND('',#1020,.T.);
#495=FACE_OUTER_BOUND('',#1021,.T.);
#496=FACE_OUTER_BOUND('',#1022,.T.);
#497=FACE_OUTER_BOUND('',#1023,.T.);
#498=FACE_OUTER_BOUND('',#1024,.T.);
#499=FACE_OUTER_BOUND('',#1025,.T.);
#500=FACE_OUTER_BOUND('',#1026,.T.);
#501=FACE_OUTER_BOUND('',#1027,.T.);
#502=FACE_OUTER_BOUND('',#1028,.T.);
#503=FACE_OUTER_BOUND('',#1029,.T.);
#504=FACE_OUTER_BOUND('',#1030,.T.);
#505=FACE_OUTER_BOUND('',#1031,.T.);
#506=FACE_OUTER_BOUND('',#1032,.T.);
#507=FACE_OUTER_BOUND('',#1033,.T.);
#508=FACE_OUTER_BOUND('',#1034,.T.);
#509=FACE_OUTER_BOUND('',#1035,.T.);
#510=FACE_OUTER_BOUND('',#1036,.T.);
#511=FACE_OUTER_BOUND('',#1037,.T.);
#512=FACE_OUTER_BOUND('',#1038,.T.);
#513=FACE_OUTER_BOUND('',#1039,.T.);
#514=FACE_OUTER_BOUND('',#1040,.T.);
#515=FACE_OUTER_BOUND('',#1041,.T.);
#516=FACE_OUTER_BOUND('',#1042,.T.);
#517=FACE_OUTER_BOUND('',#1043,.T.);
#518=FACE_OUTER_BOUND('',#1044,.T.);
#519=FACE_OUTER_BOUND('',#1045,.T.);
#520=FACE_OUTER_BOUND('',#1046,.T.);
#521=FACE_OUTER_BOUND('',#1047,.T.);
#522=FACE_OUTER_BOUND('',#1048,.T.);
#523=FACE_OUTER_BOUND('',#1049,.T.);
#524=FACE_OUTER_BOUND('',#1050,.T.);
#525=FACE_OUTER_BOUND('',#1051,.T.);
#526=FACE_OUTER_BOUND('',#1052,.T.);
#527=FACE_OUTER_BOUND('',#1053,.T.);
#528=FACE_OUTER_BOUND('',#1054,.T.);
#529=FACE_OUTER_BOUND('',#1055,.T.);
#530=FACE_OUTER_BOUND('',#1056,.T.);
#531=FACE_OUTER_BOUND('',#1057,.T.);
#532=FACE_OUTER_BOUND('',#1058,.T.);
#533=FACE_OUTER_BOUND('',#1059,.T.);
#534=FACE_OUTER_BOUND('',#1060,.T.);
#535=FACE_OUTER_BOUND('',#1061,.T.);
#536=FACE_OUTER_BOUND('',#1062,.T.);
#537=FACE_OUTER_BOUND('',#1063,.T.);
#538=FACE_OUTER_BOUND('',#1064,.T.);
#539=FACE_OUTER_BOUND('',#1065,.T.);
#540=FACE_OUTER_BOUND('',#1066,.T.);
#541=FACE_OUTER_BOUND('',#1067,.T.);
#542=FACE_OUTER_BOUND('',#1068,.T.);
#543=FACE_OUTER_BOUND('',#1069,.T.);
#544=FACE_OUTER_BOUND('',#1070,.T.);
#545=FACE_OUTER_BOUND('',#1071,.T.);
#546=FACE_OUTER_BOUND('',#1072,.T.);
#547=FACE_OUTER_BOUND('',#1073,.T.);
#548=FACE_OUTER_BOUND('',#1074,.T.);
#549=FACE_OUTER_BOUND('',#1075,.T.);
#550=FACE_OUTER_BOUND('',#1076,.T.);
#551=FACE_OUTER_BOUND('',#1077,.T.);
#552=FACE_OUTER_BOUND('',#1078,.T.);
#553=FACE_OUTER_BOUND('',#1079,.T.);
#554=FACE_OUTER_BOUND('',#1080,.T.);
#555=FACE_OUTER_BOUND('',#1081,.T.);
#556=FACE_OUTER_BOUND('',#1082,.T.);
#557=FACE_OUTER_BOUND('',#1083,.T.);
#558=FACE_OUTER_BOUND('',#1084,.T.);
#559=FACE_OUTER_BOUND('',#1085,.T.);
#560=FACE_OUTER_BOUND('',#1086,.T.);
#561=FACE_OUTER_BOUND('',#1087,.T.);
#562=FACE_OUTER_BOUND('',#1088,.T.);
#563=FACE_OUTER_BOUND('',#1089,.T.);
#564=FACE_OUTER_BOUND('',#1090,.T.);
#565=FACE_OUTER_BOUND('',#1091,.T.);
#566=FACE_OUTER_BOUND('',#1092,.T.);
#567=FACE_OUTER_BOUND('',#1093,.T.);
#568=FACE_OUTER_BOUND('',#1094,.T.);
#569=FACE_OUTER_BOUND('',#1095,.T.);
#570=FACE_OUTER_BOUND('',#1096,.T.);
#571=FACE_OUTER_BOUND('',#1097,.T.);
#572=FACE_OUTER_BOUND('',#1098,.T.);
#573=FACE_OUTER_BOUND('',#1099,.T.);
#574=FACE_OUTER_BOUND('',#1100,.T.);
#575=FACE_OUTER_BOUND('',#1101,.T.);
#576=FACE_OUTER_BOUND('',#1102,.T.);
#577=FACE_OUTER_BOUND('',#1103,.T.);
#578=FACE_OUTER_BOUND('',#1104,.T.);
#579=FACE_OUTER_BOUND('',#1105,.T.);
#580=FACE_OUTER_BOUND('',#1106,.T.);
#581=FACE_OUTER_BOUND('',#1107,.T.);
#582=FACE_OUTER_BOUND('',#1108,.T.);
#583=FACE_OUTER_BOUND('',#1109,.T.);
#584=FACE_OUTER_BOUND('',#1110,.T.);
#585=FACE_OUTER_BOUND('',#1111,.T.);
#586=FACE_OUTER_BOUND('',#1112,.T.);
#587=FACE_OUTER_BOUND('',#1113,.T.);
#588=FACE_OUTER_BOUND('',#1114,.T.);
#589=FACE_OUTER_BOUND('',#1115,.T.);
#590=FACE_OUTER_BOUND('',#1116,.T.);
#591=FACE_OUTER_BOUND('',#1117,.T.);
#592=FACE_OUTER_BOUND('',#1118,.T.);
#593=FACE_OUTER_BOUND('',#1119,.T.);
#594=FACE_OUTER_BOUND('',#1120,.T.);
#595=FACE_OUTER_BOUND('',#1122,.T.);
#596=FACE_OUTER_BOUND('',#1123,.T.);
#597=FACE_OUTER_BOUND('',#1124,.T.);
#598=FACE_OUTER_BOUND('',#1125,.T.);
#599=FACE_OUTER_BOUND('',#1126,.T.);
#600=FACE_OUTER_BOUND('',#1127,.T.);
#601=FACE_OUTER_BOUND('',#1128,.T.);
#602=FACE_OUTER_BOUND('',#1129,.T.);
#603=FACE_OUTER_BOUND('',#1130,.T.);
#604=FACE_OUTER_BOUND('',#1131,.T.);
#605=FACE_OUTER_BOUND('',#1132,.T.);
#606=FACE_OUTER_BOUND('',#1133,.T.);
#607=FACE_OUTER_BOUND('',#1134,.T.);
#608=FACE_OUTER_BOUND('',#1135,.T.);
#609=FACE_OUTER_BOUND('',#1136,.T.);
#610=FACE_OUTER_BOUND('',#1137,.T.);
#611=FACE_OUTER_BOUND('',#1138,.T.);
#612=FACE_OUTER_BOUND('',#1139,.T.);
#613=FACE_OUTER_BOUND('',#1140,.T.);
#614=FACE_OUTER_BOUND('',#1141,.T.);
#615=FACE_OUTER_BOUND('',#1142,.T.);
#616=FACE_OUTER_BOUND('',#1143,.T.);
#617=FACE_OUTER_BOUND('',#1144,.T.);
#618=FACE_OUTER_BOUND('',#1145,.T.);
#619=FACE_OUTER_BOUND('',#1146,.T.);
#620=FACE_OUTER_BOUND('',#1147,.T.);
#621=FACE_OUTER_BOUND('',#1148,.T.);
#622=FACE_OUTER_BOUND('',#1149,.T.);
#623=FACE_OUTER_BOUND('',#1150,.T.);
#624=FACE_OUTER_BOUND('',#1151,.T.);
#625=FACE_OUTER_BOUND('',#1152,.T.);
#626=FACE_OUTER_BOUND('',#1153,.T.);
#627=FACE_OUTER_BOUND('',#1154,.T.);
#628=FACE_OUTER_BOUND('',#1155,.T.);
#629=FACE_OUTER_BOUND('',#1156,.T.);
#630=FACE_OUTER_BOUND('',#1157,.T.);
#631=FACE_OUTER_BOUND('',#1158,.T.);
#632=FACE_OUTER_BOUND('',#1159,.T.);
#633=FACE_OUTER_BOUND('',#1160,.T.);
#634=FACE_OUTER_BOUND('',#1161,.T.);
#635=FACE_OUTER_BOUND('',#1162,.T.);
#636=FACE_OUTER_BOUND('',#1163,.T.);
#637=FACE_OUTER_BOUND('',#1164,.T.);
#638=FACE_OUTER_BOUND('',#1165,.T.);
#639=FACE_OUTER_BOUND('',#1166,.T.);
#640=FACE_OUTER_BOUND('',#1167,.T.);
#641=FACE_OUTER_BOUND('',#1168,.T.);
#642=FACE_OUTER_BOUND('',#1169,.T.);
#643=FACE_OUTER_BOUND('',#1170,.T.);
#644=FACE_OUTER_BOUND('',#1171,.T.);
#645=FACE_OUTER_BOUND('',#1172,.T.);
#646=FACE_OUTER_BOUND('',#1173,.T.);
#647=FACE_OUTER_BOUND('',#1174,.T.);
#648=FACE_OUTER_BOUND('',#1175,.T.);
#649=FACE_OUTER_BOUND('',#1176,.T.);
#650=FACE_OUTER_BOUND('',#1177,.T.);
#651=FACE_OUTER_BOUND('',#1178,.T.);
#652=FACE_OUTER_BOUND('',#1179,.T.);
#653=FACE_OUTER_BOUND('',#1180,.T.);
#654=FACE_OUTER_BOUND('',#1181,.T.);
#655=FACE_OUTER_BOUND('',#1182,.T.);
#656=FACE_OUTER_BOUND('',#1183,.T.);
#657=FACE_OUTER_BOUND('',#1184,.T.);
#658=FACE_OUTER_BOUND('',#1185,.T.);
#659=FACE_OUTER_BOUND('',#1186,.T.);
#660=FACE_OUTER_BOUND('',#1187,.T.);
#661=FACE_OUTER_BOUND('',#1188,.T.);
#662=FACE_OUTER_BOUND('',#1189,.T.);
#663=FACE_OUTER_BOUND('',#1190,.T.);
#664=FACE_OUTER_BOUND('',#1191,.T.);
#665=FACE_OUTER_BOUND('',#1192,.T.);
#666=FACE_OUTER_BOUND('',#1193,.T.);
#667=FACE_OUTER_BOUND('',#1194,.T.);
#668=FACE_OUTER_BOUND('',#1195,.T.);
#669=FACE_OUTER_BOUND('',#1196,.T.);
#670=FACE_OUTER_BOUND('',#1197,.T.);
#671=FACE_OUTER_BOUND('',#1198,.T.);
#672=FACE_OUTER_BOUND('',#1199,.T.);
#673=FACE_OUTER_BOUND('',#1200,.T.);
#674=FACE_OUTER_BOUND('',#1201,.T.);
#675=FACE_OUTER_BOUND('',#1202,.T.);
#676=FACE_OUTER_BOUND('',#1203,.T.);
#677=FACE_OUTER_BOUND('',#1204,.T.);
#678=FACE_OUTER_BOUND('',#1205,.T.);
#679=FACE_OUTER_BOUND('',#1206,.T.);
#680=FACE_OUTER_BOUND('',#1207,.T.);
#681=FACE_OUTER_BOUND('',#1208,.T.);
#682=FACE_OUTER_BOUND('',#1209,.T.);
#683=FACE_OUTER_BOUND('',#1210,.T.);
#684=FACE_OUTER_BOUND('',#1211,.T.);
#685=FACE_OUTER_BOUND('',#1212,.T.);
#686=FACE_OUTER_BOUND('',#1213,.T.);
#687=FACE_OUTER_BOUND('',#1214,.T.);
#688=FACE_OUTER_BOUND('',#1215,.T.);
#689=FACE_OUTER_BOUND('',#1216,.T.);
#690=FACE_OUTER_BOUND('',#1217,.T.);
#691=FACE_OUTER_BOUND('',#1218,.T.);
#692=FACE_OUTER_BOUND('',#1219,.T.);
#693=FACE_OUTER_BOUND('',#1220,.T.);
#694=FACE_OUTER_BOUND('',#1221,.T.);
#695=FACE_OUTER_BOUND('',#1222,.T.);
#696=FACE_OUTER_BOUND('',#1223,.T.);
#697=FACE_OUTER_BOUND('',#1224,.T.);
#698=FACE_OUTER_BOUND('',#1225,.T.);
#699=FACE_OUTER_BOUND('',#1226,.T.);
#700=FACE_OUTER_BOUND('',#1227,.T.);
#701=FACE_OUTER_BOUND('',#1228,.T.);
#702=FACE_OUTER_BOUND('',#1229,.T.);
#703=FACE_OUTER_BOUND('',#1230,.T.);
#704=FACE_OUTER_BOUND('',#1231,.T.);
#705=FACE_OUTER_BOUND('',#1232,.T.);
#706=FACE_OUTER_BOUND('',#1233,.T.);
#707=FACE_OUTER_BOUND('',#1234,.T.);
#708=FACE_OUTER_BOUND('',#1235,.T.);
#709=FACE_OUTER_BOUND('',#1236,.T.);
#710=FACE_OUTER_BOUND('',#1237,.T.);
#711=FACE_OUTER_BOUND('',#1238,.T.);
#712=FACE_OUTER_BOUND('',#1239,.T.);
#713=FACE_OUTER_BOUND('',#1240,.T.);
#714=FACE_OUTER_BOUND('',#1241,.T.);
#715=FACE_OUTER_BOUND('',#1242,.T.);
#716=FACE_OUTER_BOUND('',#1243,.T.);
#717=FACE_OUTER_BOUND('',#1244,.T.);
#718=FACE_OUTER_BOUND('',#1245,.T.);
#719=FACE_OUTER_BOUND('',#1246,.T.);
#720=FACE_OUTER_BOUND('',#1247,.T.);
#721=FACE_OUTER_BOUND('',#1248,.T.);
#722=FACE_OUTER_BOUND('',#1249,.T.);
#723=FACE_OUTER_BOUND('',#1250,.T.);
#724=FACE_OUTER_BOUND('',#1251,.T.);
#725=FACE_OUTER_BOUND('',#1252,.T.);
#726=FACE_OUTER_BOUND('',#1253,.T.);
#727=FACE_OUTER_BOUND('',#1254,.T.);
#728=FACE_OUTER_BOUND('',#1255,.T.);
#729=FACE_OUTER_BOUND('',#1256,.T.);
#730=FACE_OUTER_BOUND('',#1257,.T.);
#731=FACE_OUTER_BOUND('',#1258,.T.);
#732=FACE_OUTER_BOUND('',#1259,.T.);
#733=FACE_OUTER_BOUND('',#1260,.T.);
#734=FACE_OUTER_BOUND('',#1261,.T.);
#735=FACE_OUTER_BOUND('',#1262,.T.);
#736=FACE_OUTER_BOUND('',#1263,.T.);
#737=FACE_OUTER_BOUND('',#1264,.T.);
#738=FACE_OUTER_BOUND('',#1265,.T.);
#739=FACE_OUTER_BOUND('',#1266,.T.);
#740=FACE_OUTER_BOUND('',#1267,.T.);
#741=FACE_OUTER_BOUND('',#1268,.T.);
#742=FACE_OUTER_BOUND('',#1269,.T.);
#743=FACE_OUTER_BOUND('',#1270,.T.);
#744=FACE_OUTER_BOUND('',#1271,.T.);
#745=FACE_OUTER_BOUND('',#1272,.T.);
#746=FACE_OUTER_BOUND('',#1273,.T.);
#747=FACE_OUTER_BOUND('',#1274,.T.);
#748=FACE_OUTER_BOUND('',#1275,.T.);
#749=FACE_OUTER_BOUND('',#1276,.T.);
#750=FACE_OUTER_BOUND('',#1277,.T.);
#751=FACE_OUTER_BOUND('',#1278,.T.);
#752=FACE_OUTER_BOUND('',#1279,.T.);
#753=FACE_OUTER_BOUND('',#1280,.T.);
#754=FACE_OUTER_BOUND('',#1281,.T.);
#755=FACE_OUTER_BOUND('',#1282,.T.);
#756=FACE_OUTER_BOUND('',#1283,.T.);
#757=FACE_OUTER_BOUND('',#1284,.T.);
#758=FACE_OUTER_BOUND('',#1285,.T.);
#759=FACE_OUTER_BOUND('',#1286,.T.);
#760=FACE_OUTER_BOUND('',#1287,.T.);
#761=FACE_OUTER_BOUND('',#1288,.T.);
#762=FACE_OUTER_BOUND('',#1289,.T.);
#763=FACE_OUTER_BOUND('',#1290,.T.);
#764=FACE_OUTER_BOUND('',#1291,.T.);
#765=FACE_OUTER_BOUND('',#1292,.T.);
#766=FACE_OUTER_BOUND('',#1293,.T.);
#767=FACE_OUTER_BOUND('',#1294,.T.);
#768=FACE_OUTER_BOUND('',#1295,.T.);
#769=FACE_OUTER_BOUND('',#1296,.T.);
#770=FACE_OUTER_BOUND('',#1297,.T.);
#771=FACE_OUTER_BOUND('',#1298,.T.);
#772=FACE_OUTER_BOUND('',#1299,.T.);
#773=FACE_OUTER_BOUND('',#1300,.T.);
#774=FACE_OUTER_BOUND('',#1301,.T.);
#775=FACE_OUTER_BOUND('',#1302,.T.);
#776=FACE_OUTER_BOUND('',#1303,.T.);
#777=FACE_OUTER_BOUND('',#1304,.T.);
#778=FACE_OUTER_BOUND('',#1305,.T.);
#779=FACE_OUTER_BOUND('',#1306,.T.);
#780=FACE_OUTER_BOUND('',#1307,.T.);
#781=FACE_OUTER_BOUND('',#1308,.T.);
#782=FACE_OUTER_BOUND('',#1309,.T.);
#783=FACE_OUTER_BOUND('',#1310,.T.);
#784=FACE_OUTER_BOUND('',#1311,.T.);
#785=FACE_OUTER_BOUND('',#1312,.T.);
#786=FACE_OUTER_BOUND('',#1313,.T.);
#787=FACE_OUTER_BOUND('',#1314,.T.);
#788=FACE_OUTER_BOUND('',#1315,.T.);
#789=FACE_OUTER_BOUND('',#1316,.T.);
#790=FACE_OUTER_BOUND('',#1317,.T.);
#791=FACE_OUTER_BOUND('',#1318,.T.);
#792=FACE_OUTER_BOUND('',#1319,.T.);
#793=FACE_OUTER_BOUND('',#1320,.T.);
#794=FACE_OUTER_BOUND('',#1321,.T.);
#795=FACE_OUTER_BOUND('',#1322,.T.);
#796=FACE_OUTER_BOUND('',#1323,.T.);
#797=FACE_OUTER_BOUND('',#1324,.T.);
#798=FACE_OUTER_BOUND('',#1325,.T.);
#799=FACE_OUTER_BOUND('',#1326,.T.);
#800=FACE_OUTER_BOUND('',#1327,.T.);
#801=FACE_OUTER_BOUND('',#1328,.T.);
#802=FACE_OUTER_BOUND('',#1329,.T.);
#803=FACE_OUTER_BOUND('',#1330,.T.);
#804=FACE_OUTER_BOUND('',#1331,.T.);
#805=FACE_OUTER_BOUND('',#1332,.T.);
#806=FACE_OUTER_BOUND('',#1333,.T.);
#807=FACE_OUTER_BOUND('',#1334,.T.);
#808=FACE_OUTER_BOUND('',#1335,.T.);
#809=FACE_OUTER_BOUND('',#1336,.T.);
#810=FACE_OUTER_BOUND('',#1337,.T.);
#811=FACE_OUTER_BOUND('',#1338,.T.);
#812=FACE_OUTER_BOUND('',#1339,.T.);
#813=FACE_OUTER_BOUND('',#1340,.T.);
#814=FACE_OUTER_BOUND('',#1341,.T.);
#815=FACE_OUTER_BOUND('',#1342,.T.);
#816=FACE_OUTER_BOUND('',#1343,.T.);
#817=FACE_OUTER_BOUND('',#1344,.T.);
#818=FACE_OUTER_BOUND('',#1345,.T.);
#819=FACE_OUTER_BOUND('',#1346,.T.);
#820=FACE_OUTER_BOUND('',#1347,.T.);
#821=FACE_OUTER_BOUND('',#1348,.T.);
#822=FACE_OUTER_BOUND('',#1349,.T.);
#823=FACE_OUTER_BOUND('',#1350,.T.);
#824=FACE_OUTER_BOUND('',#1351,.T.);
#825=FACE_OUTER_BOUND('',#1352,.T.);
#826=FACE_OUTER_BOUND('',#1353,.T.);
#827=FACE_OUTER_BOUND('',#1354,.T.);
#828=FACE_OUTER_BOUND('',#1355,.T.);
#829=FACE_OUTER_BOUND('',#1356,.T.);
#830=FACE_OUTER_BOUND('',#1357,.T.);
#831=FACE_OUTER_BOUND('',#1358,.T.);
#832=FACE_OUTER_BOUND('',#1359,.T.);
#833=FACE_OUTER_BOUND('',#1360,.T.);
#834=FACE_OUTER_BOUND('',#1361,.T.);
#835=FACE_OUTER_BOUND('',#1362,.T.);
#836=FACE_OUTER_BOUND('',#1363,.T.);
#837=FACE_OUTER_BOUND('',#1364,.T.);
#838=FACE_OUTER_BOUND('',#1365,.T.);
#839=FACE_OUTER_BOUND('',#1366,.T.);
#840=FACE_OUTER_BOUND('',#1367,.T.);
#841=FACE_OUTER_BOUND('',#1368,.T.);
#842=FACE_OUTER_BOUND('',#1369,.T.);
#843=FACE_OUTER_BOUND('',#1370,.T.);
#844=FACE_OUTER_BOUND('',#1371,.T.);
#845=FACE_OUTER_BOUND('',#1372,.T.);
#846=FACE_OUTER_BOUND('',#1373,.T.);
#847=FACE_OUTER_BOUND('',#1374,.T.);
#848=FACE_OUTER_BOUND('',#1375,.T.);
#849=FACE_OUTER_BOUND('',#1376,.T.);
#850=FACE_OUTER_BOUND('',#1377,.T.);
#851=FACE_OUTER_BOUND('',#1378,.T.);
#852=FACE_OUTER_BOUND('',#1379,.T.);
#853=FACE_OUTER_BOUND('',#1380,.T.);
#854=FACE_OUTER_BOUND('',#1381,.T.);
#855=FACE_OUTER_BOUND('',#1382,.T.);
#856=FACE_OUTER_BOUND('',#1383,.T.);
#857=FACE_OUTER_BOUND('',#1384,.T.);
#858=FACE_OUTER_BOUND('',#1385,.T.);
#859=FACE_OUTER_BOUND('',#1386,.T.);
#860=FACE_OUTER_BOUND('',#1387,.T.);
#861=FACE_OUTER_BOUND('',#1388,.T.);
#862=FACE_OUTER_BOUND('',#1389,.T.);
#863=FACE_OUTER_BOUND('',#1390,.T.);
#864=FACE_OUTER_BOUND('',#1391,.T.);
#865=FACE_OUTER_BOUND('',#1392,.T.);
#866=FACE_OUTER_BOUND('',#1393,.T.);
#867=FACE_OUTER_BOUND('',#1394,.T.);
#868=FACE_OUTER_BOUND('',#1395,.T.);
#869=FACE_OUTER_BOUND('',#1396,.T.);
#870=FACE_OUTER_BOUND('',#1397,.T.);
#871=FACE_OUTER_BOUND('',#1398,.T.);
#872=FACE_OUTER_BOUND('',#1399,.T.);
#873=FACE_OUTER_BOUND('',#1400,.T.);
#874=FACE_OUTER_BOUND('',#1401,.T.);
#875=FACE_OUTER_BOUND('',#1402,.T.);
#876=FACE_OUTER_BOUND('',#1403,.T.);
#877=FACE_OUTER_BOUND('',#1404,.T.);
#878=FACE_OUTER_BOUND('',#1405,.T.);
#879=FACE_OUTER_BOUND('',#1406,.T.);
#880=FACE_OUTER_BOUND('',#1407,.T.);
#881=FACE_OUTER_BOUND('',#1408,.T.);
#882=FACE_OUTER_BOUND('',#1409,.T.);
#883=FACE_OUTER_BOUND('',#1410,.T.);
#884=FACE_OUTER_BOUND('',#1411,.T.);
#885=FACE_OUTER_BOUND('',#1412,.T.);
#886=FACE_OUTER_BOUND('',#1413,.T.);
#887=FACE_OUTER_BOUND('',#1414,.T.);
#888=FACE_OUTER_BOUND('',#1415,.T.);
#889=FACE_OUTER_BOUND('',#1416,.T.);
#890=FACE_OUTER_BOUND('',#1417,.T.);
#891=FACE_OUTER_BOUND('',#1418,.T.);
#892=FACE_OUTER_BOUND('',#1419,.T.);
#893=FACE_OUTER_BOUND('',#1420,.T.);
#894=FACE_OUTER_BOUND('',#1421,.T.);
#895=FACE_OUTER_BOUND('',#1422,.T.);
#896=FACE_OUTER_BOUND('',#1423,.T.);
#897=FACE_OUTER_BOUND('',#1424,.T.);
#898=FACE_OUTER_BOUND('',#1425,.T.);
#899=FACE_OUTER_BOUND('',#1426,.T.);
#900=FACE_OUTER_BOUND('',#1427,.T.);
#901=FACE_OUTER_BOUND('',#1428,.T.);
#902=FACE_OUTER_BOUND('',#1429,.T.);
#903=FACE_OUTER_BOUND('',#1430,.T.);
#904=FACE_OUTER_BOUND('',#1431,.T.);
#905=FACE_OUTER_BOUND('',#1432,.T.);
#906=FACE_OUTER_BOUND('',#1433,.T.);
#907=FACE_OUTER_BOUND('',#1434,.T.);
#908=FACE_OUTER_BOUND('',#1435,.T.);
#909=FACE_OUTER_BOUND('',#1436,.T.);
#910=FACE_OUTER_BOUND('',#1437,.T.);
#911=FACE_OUTER_BOUND('',#1438,.T.);
#912=EDGE_LOOP('',(#6398,#6399,#6400,#6401,#6402,#6403,#6404,#6405));
#913=EDGE_LOOP('',(#6406,#6407,#6408,#6409));
#914=EDGE_LOOP('',(#6410,#6411,#6412,#6413));
#915=EDGE_LOOP('',(#6414,#6415,#6416,#6417));
#916=EDGE_LOOP('',(#6418,#6419,#6420,#6421));
#917=EDGE_LOOP('',(#6422,#6423,#6424,#6425));
#918=EDGE_LOOP('',(#6426,#6427,#6428,#6429));
#919=EDGE_LOOP('',(#6430,#6431,#6432,#6433));
#920=EDGE_LOOP('',(#6434,#6435,#6436,#6437));
#921=EDGE_LOOP('',(#6438,#6439,#6440,#6441,#6442,#6443,#6444,#6445));
#922=EDGE_LOOP('',(#6446,#6447,#6448,#6449,#6450,#6451,#6452,#6453));
#923=EDGE_LOOP('',(#6454,#6455,#6456,#6457));
#924=EDGE_LOOP('',(#6458,#6459,#6460,#6461));
#925=EDGE_LOOP('',(#6462,#6463,#6464,#6465));
#926=EDGE_LOOP('',(#6466,#6467,#6468,#6469));
#927=EDGE_LOOP('',(#6470,#6471,#6472,#6473));
#928=EDGE_LOOP('',(#6474,#6475,#6476,#6477));
#929=EDGE_LOOP('',(#6478,#6479,#6480,#6481));
#930=EDGE_LOOP('',(#6482,#6483,#6484,#6485));
#931=EDGE_LOOP('',(#6486,#6487,#6488,#6489,#6490,#6491,#6492,#6493));
#932=EDGE_LOOP('',(#6494,#6495,#6496,#6497,#6498,#6499,#6500,#6501));
#933=EDGE_LOOP('',(#6502,#6503,#6504,#6505));
#934=EDGE_LOOP('',(#6506,#6507,#6508,#6509));
#935=EDGE_LOOP('',(#6510,#6511,#6512,#6513));
#936=EDGE_LOOP('',(#6514,#6515,#6516,#6517));
#937=EDGE_LOOP('',(#6518,#6519,#6520,#6521));
#938=EDGE_LOOP('',(#6522,#6523,#6524,#6525));
#939=EDGE_LOOP('',(#6526,#6527,#6528,#6529));
#940=EDGE_LOOP('',(#6530,#6531,#6532,#6533));
#941=EDGE_LOOP('',(#6534,#6535,#6536,#6537,#6538,#6539,#6540,#6541));
#942=EDGE_LOOP('',(#6542,#6543,#6544,#6545));
#943=EDGE_LOOP('',(#6546,#6547,#6548,#6549,#6550,#6551,#6552,#6553));
#944=EDGE_LOOP('',(#6554,#6555,#6556,#6557));
#945=EDGE_LOOP('',(#6558,#6559,#6560,#6561));
#946=EDGE_LOOP('',(#6562,#6563,#6564,#6565));
#947=EDGE_LOOP('',(#6566,#6567,#6568,#6569));
#948=EDGE_LOOP('',(#6570,#6571,#6572,#6573));
#949=EDGE_LOOP('',(#6574,#6575,#6576,#6577));
#950=EDGE_LOOP('',(#6578,#6579,#6580,#6581));
#951=EDGE_LOOP('',(#6582,#6583,#6584,#6585,#6586,#6587,#6588,#6589));
#952=EDGE_LOOP('',(#6590,#6591,#6592,#6593,#6594,#6595,#6596,#6597));
#953=EDGE_LOOP('',(#6598,#6599,#6600,#6601));
#954=EDGE_LOOP('',(#6602,#6603,#6604,#6605));
#955=EDGE_LOOP('',(#6606,#6607,#6608,#6609));
#956=EDGE_LOOP('',(#6610,#6611,#6612,#6613));
#957=EDGE_LOOP('',(#6614,#6615,#6616,#6617));
#958=EDGE_LOOP('',(#6618,#6619,#6620,#6621));
#959=EDGE_LOOP('',(#6622,#6623,#6624,#6625));
#960=EDGE_LOOP('',(#6626,#6627,#6628,#6629));
#961=EDGE_LOOP('',(#6630,#6631,#6632,#6633,#6634,#6635,#6636,#6637));
#962=EDGE_LOOP('',(#6638,#6639,#6640,#6641,#6642,#6643,#6644,#6645));
#963=EDGE_LOOP('',(#6646,#6647,#6648,#6649));
#964=EDGE_LOOP('',(#6650,#6651,#6652,#6653));
#965=EDGE_LOOP('',(#6654,#6655,#6656,#6657));
#966=EDGE_LOOP('',(#6658,#6659,#6660,#6661));
#967=EDGE_LOOP('',(#6662,#6663,#6664,#6665));
#968=EDGE_LOOP('',(#6666,#6667,#6668,#6669));
#969=EDGE_LOOP('',(#6670,#6671,#6672,#6673));
#970=EDGE_LOOP('',(#6674,#6675,#6676,#6677));
#971=EDGE_LOOP('',(#6678,#6679,#6680,#6681,#6682,#6683,#6684,#6685));
#972=EDGE_LOOP('',(#6686,#6687,#6688,#6689,#6690,#6691,#6692,#6693));
#973=EDGE_LOOP('',(#6694,#6695,#6696,#6697));
#974=EDGE_LOOP('',(#6698,#6699,#6700,#6701));
#975=EDGE_LOOP('',(#6702,#6703,#6704,#6705));
#976=EDGE_LOOP('',(#6706,#6707,#6708,#6709));
#977=EDGE_LOOP('',(#6710,#6711,#6712,#6713));
#978=EDGE_LOOP('',(#6714,#6715,#6716,#6717));
#979=EDGE_LOOP('',(#6718,#6719,#6720,#6721));
#980=EDGE_LOOP('',(#6722,#6723,#6724,#6725));
#981=EDGE_LOOP('',(#6726,#6727,#6728,#6729,#6730,#6731,#6732,#6733));
#982=EDGE_LOOP('',(#6734,#6735,#6736,#6737));
#983=EDGE_LOOP('',(#6738,#6739,#6740,#6741,#6742,#6743,#6744,#6745));
#984=EDGE_LOOP('',(#6746,#6747,#6748,#6749));
#985=EDGE_LOOP('',(#6750,#6751,#6752,#6753));
#986=EDGE_LOOP('',(#6754,#6755,#6756,#6757));
#987=EDGE_LOOP('',(#6758,#6759,#6760,#6761));
#988=EDGE_LOOP('',(#6762,#6763,#6764,#6765));
#989=EDGE_LOOP('',(#6766,#6767,#6768,#6769));
#990=EDGE_LOOP('',(#6770,#6771,#6772,#6773));
#991=EDGE_LOOP('',(#6774,#6775,#6776,#6777,#6778,#6779,#6780,#6781));
#992=EDGE_LOOP('',(#6782,#6783,#6784,#6785,#6786,#6787,#6788,#6789));
#993=EDGE_LOOP('',(#6790,#6791,#6792,#6793));
#994=EDGE_LOOP('',(#6794,#6795,#6796,#6797));
#995=EDGE_LOOP('',(#6798,#6799,#6800,#6801));
#996=EDGE_LOOP('',(#6802,#6803,#6804,#6805));
#997=EDGE_LOOP('',(#6806,#6807,#6808,#6809));
#998=EDGE_LOOP('',(#6810,#6811,#6812,#6813));
#999=EDGE_LOOP('',(#6814,#6815,#6816,#6817));
#1000=EDGE_LOOP('',(#6818,#6819,#6820,#6821));
#1001=EDGE_LOOP('',(#6822,#6823,#6824,#6825,#6826,#6827,#6828,#6829));
#1002=EDGE_LOOP('',(#6830,#6831,#6832,#6833));
#1003=EDGE_LOOP('',(#6834,#6835,#6836,#6837,#6838,#6839,#6840,#6841));
#1004=EDGE_LOOP('',(#6842,#6843,#6844,#6845));
#1005=EDGE_LOOP('',(#6846,#6847,#6848,#6849));
#1006=EDGE_LOOP('',(#6850,#6851,#6852,#6853));
#1007=EDGE_LOOP('',(#6854,#6855,#6856,#6857));
#1008=EDGE_LOOP('',(#6858,#6859,#6860,#6861));
#1009=EDGE_LOOP('',(#6862,#6863,#6864,#6865));
#1010=EDGE_LOOP('',(#6866,#6867,#6868,#6869));
#1011=EDGE_LOOP('',(#6870,#6871,#6872,#6873,#6874,#6875,#6876,#6877));
#1012=EDGE_LOOP('',(#6878,#6879,#6880,#6881,#6882,#6883,#6884,#6885));
#1013=EDGE_LOOP('',(#6886,#6887,#6888,#6889));
#1014=EDGE_LOOP('',(#6890,#6891,#6892,#6893));
#1015=EDGE_LOOP('',(#6894,#6895,#6896,#6897));
#1016=EDGE_LOOP('',(#6898,#6899,#6900,#6901));
#1017=EDGE_LOOP('',(#6902,#6903,#6904,#6905));
#1018=EDGE_LOOP('',(#6906,#6907,#6908,#6909));
#1019=EDGE_LOOP('',(#6910,#6911,#6912,#6913));
#1020=EDGE_LOOP('',(#6914,#6915,#6916,#6917));
#1021=EDGE_LOOP('',(#6918,#6919,#6920,#6921,#6922,#6923,#6924,#6925));
#1022=EDGE_LOOP('',(#6926,#6927,#6928,#6929));
#1023=EDGE_LOOP('',(#6930,#6931,#6932,#6933,#6934,#6935,#6936,#6937));
#1024=EDGE_LOOP('',(#6938,#6939,#6940,#6941));
#1025=EDGE_LOOP('',(#6942,#6943,#6944,#6945));
#1026=EDGE_LOOP('',(#6946,#6947,#6948,#6949));
#1027=EDGE_LOOP('',(#6950,#6951,#6952,#6953));
#1028=EDGE_LOOP('',(#6954,#6955,#6956,#6957));
#1029=EDGE_LOOP('',(#6958,#6959,#6960,#6961));
#1030=EDGE_LOOP('',(#6962,#6963,#6964,#6965));
#1031=EDGE_LOOP('',(#6966,#6967,#6968,#6969,#6970,#6971,#6972,#6973));
#1032=EDGE_LOOP('',(#6974,#6975,#6976,#6977,#6978,#6979,#6980,#6981));
#1033=EDGE_LOOP('',(#6982,#6983,#6984,#6985));
#1034=EDGE_LOOP('',(#6986,#6987,#6988,#6989));
#1035=EDGE_LOOP('',(#6990,#6991,#6992,#6993));
#1036=EDGE_LOOP('',(#6994,#6995,#6996,#6997));
#1037=EDGE_LOOP('',(#6998,#6999,#7000,#7001));
#1038=EDGE_LOOP('',(#7002,#7003,#7004,#7005));
#1039=EDGE_LOOP('',(#7006,#7007,#7008,#7009));
#1040=EDGE_LOOP('',(#7010,#7011,#7012,#7013));
#1041=EDGE_LOOP('',(#7014,#7015,#7016,#7017,#7018,#7019,#7020,#7021));
#1042=EDGE_LOOP('',(#7022,#7023,#7024,#7025));
#1043=EDGE_LOOP('',(#7026,#7027,#7028,#7029,#7030,#7031,#7032,#7033));
#1044=EDGE_LOOP('',(#7034,#7035,#7036,#7037));
#1045=EDGE_LOOP('',(#7038,#7039,#7040,#7041));
#1046=EDGE_LOOP('',(#7042,#7043,#7044,#7045));
#1047=EDGE_LOOP('',(#7046,#7047,#7048,#7049));
#1048=EDGE_LOOP('',(#7050,#7051,#7052,#7053));
#1049=EDGE_LOOP('',(#7054,#7055,#7056,#7057));
#1050=EDGE_LOOP('',(#7058,#7059,#7060,#7061));
#1051=EDGE_LOOP('',(#7062,#7063,#7064,#7065,#7066,#7067,#7068,#7069));
#1052=EDGE_LOOP('',(#7070,#7071,#7072,#7073,#7074,#7075,#7076,#7077));
#1053=EDGE_LOOP('',(#7078,#7079,#7080,#7081));
#1054=EDGE_LOOP('',(#7082,#7083,#7084,#7085));
#1055=EDGE_LOOP('',(#7086,#7087,#7088,#7089));
#1056=EDGE_LOOP('',(#7090,#7091,#7092,#7093));
#1057=EDGE_LOOP('',(#7094,#7095,#7096,#7097));
#1058=EDGE_LOOP('',(#7098,#7099,#7100,#7101));
#1059=EDGE_LOOP('',(#7102,#7103,#7104,#7105));
#1060=EDGE_LOOP('',(#7106,#7107,#7108,#7109));
#1061=EDGE_LOOP('',(#7110,#7111,#7112,#7113,#7114,#7115,#7116,#7117));
#1062=EDGE_LOOP('',(#7118,#7119,#7120,#7121,#7122,#7123,#7124,#7125));
#1063=EDGE_LOOP('',(#7126,#7127,#7128,#7129));
#1064=EDGE_LOOP('',(#7130,#7131,#7132,#7133));
#1065=EDGE_LOOP('',(#7134,#7135,#7136,#7137));
#1066=EDGE_LOOP('',(#7138,#7139,#7140,#7141));
#1067=EDGE_LOOP('',(#7142,#7143,#7144,#7145));
#1068=EDGE_LOOP('',(#7146,#7147,#7148,#7149));
#1069=EDGE_LOOP('',(#7150,#7151,#7152,#7153));
#1070=EDGE_LOOP('',(#7154,#7155,#7156,#7157));
#1071=EDGE_LOOP('',(#7158,#7159,#7160,#7161,#7162,#7163,#7164,#7165));
#1072=EDGE_LOOP('',(#7166,#7167,#7168,#7169,#7170,#7171,#7172,#7173));
#1073=EDGE_LOOP('',(#7174,#7175,#7176,#7177));
#1074=EDGE_LOOP('',(#7178,#7179,#7180,#7181));
#1075=EDGE_LOOP('',(#7182,#7183,#7184,#7185));
#1076=EDGE_LOOP('',(#7186,#7187,#7188,#7189));
#1077=EDGE_LOOP('',(#7190,#7191,#7192,#7193));
#1078=EDGE_LOOP('',(#7194,#7195,#7196,#7197));
#1079=EDGE_LOOP('',(#7198,#7199,#7200,#7201));
#1080=EDGE_LOOP('',(#7202,#7203,#7204,#7205));
#1081=EDGE_LOOP('',(#7206,#7207,#7208,#7209,#7210,#7211,#7212,#7213));
#1082=EDGE_LOOP('',(#7214,#7215,#7216,#7217,#7218,#7219,#7220,#7221));
#1083=EDGE_LOOP('',(#7222,#7223,#7224,#7225));
#1084=EDGE_LOOP('',(#7226,#7227,#7228,#7229));
#1085=EDGE_LOOP('',(#7230,#7231,#7232,#7233));
#1086=EDGE_LOOP('',(#7234,#7235,#7236,#7237));
#1087=EDGE_LOOP('',(#7238,#7239,#7240,#7241));
#1088=EDGE_LOOP('',(#7242,#7243,#7244,#7245));
#1089=EDGE_LOOP('',(#7246,#7247,#7248,#7249));
#1090=EDGE_LOOP('',(#7250,#7251,#7252,#7253));
#1091=EDGE_LOOP('',(#7254,#7255,#7256,#7257,#7258,#7259,#7260,#7261));
#1092=EDGE_LOOP('',(#7262,#7263,#7264,#7265,#7266,#7267,#7268,#7269));
#1093=EDGE_LOOP('',(#7270,#7271,#7272,#7273));
#1094=EDGE_LOOP('',(#7274,#7275,#7276,#7277));
#1095=EDGE_LOOP('',(#7278,#7279,#7280,#7281));
#1096=EDGE_LOOP('',(#7282,#7283,#7284,#7285));
#1097=EDGE_LOOP('',(#7286,#7287,#7288,#7289));
#1098=EDGE_LOOP('',(#7290,#7291,#7292,#7293));
#1099=EDGE_LOOP('',(#7294,#7295,#7296,#7297));
#1100=EDGE_LOOP('',(#7298,#7299,#7300,#7301));
#1101=EDGE_LOOP('',(#7302,#7303,#7304,#7305,#7306,#7307,#7308,#7309));
#1102=EDGE_LOOP('',(#7310,#7311,#7312,#7313,#7314,#7315,#7316,#7317));
#1103=EDGE_LOOP('',(#7318,#7319,#7320,#7321));
#1104=EDGE_LOOP('',(#7322,#7323,#7324,#7325));
#1105=EDGE_LOOP('',(#7326,#7327,#7328,#7329));
#1106=EDGE_LOOP('',(#7330,#7331,#7332,#7333));
#1107=EDGE_LOOP('',(#7334,#7335,#7336,#7337));
#1108=EDGE_LOOP('',(#7338,#7339,#7340,#7341));
#1109=EDGE_LOOP('',(#7342,#7343,#7344,#7345));
#1110=EDGE_LOOP('',(#7346,#7347,#7348,#7349));
#1111=EDGE_LOOP('',(#7350,#7351,#7352,#7353,#7354,#7355,#7356,#7357));
#1112=EDGE_LOOP('',(#7358,#7359,#7360,#7361));
#1113=EDGE_LOOP('',(#7362,#7363,#7364,#7365));
#1114=EDGE_LOOP('',(#7366,#7367,#7368,#7369));
#1115=EDGE_LOOP('',(#7370,#7371,#7372,#7373));
#1116=EDGE_LOOP('',(#7374,#7375,#7376,#7377));
#1117=EDGE_LOOP('',(#7378,#7379,#7380,#7381));
#1118=EDGE_LOOP('',(#7382,#7383,#7384,#7385));
#1119=EDGE_LOOP('',(#7386,#7387,#7388,#7389));
#1120=EDGE_LOOP('',(#7390,#7391,#7392,#7393));
#1121=EDGE_LOOP('',(#7394));
#1122=EDGE_LOOP('',(#7395,#7396,#7397,#7398,#7399,#7400,#7401,#7402,#7403,
#7404,#7405,#7406,#7407,#7408,#7409,#7410,#7411,#7412,#7413,#7414,#7415,
#7416,#7417,#7418,#7419,#7420,#7421,#7422,#7423,#7424,#7425,#7426));
#1123=EDGE_LOOP('',(#7427,#7428,#7429,#7430,#7431,#7432,#7433,#7434,#7435,
#7436,#7437,#7438,#7439,#7440,#7441,#7442,#7443,#7444,#7445,#7446,#7447,
#7448,#7449,#7450,#7451,#7452,#7453,#7454,#7455,#7456,#7457,#7458));
#1124=EDGE_LOOP('',(#7459,#7460,#7461,#7462,#7463,#7464,#7465,#7466,#7467,
#7468,#7469,#7470,#7471,#7472,#7473,#7474,#7475,#7476,#7477,#7478,#7479,
#7480,#7481,#7482,#7483,#7484,#7485,#7486,#7487,#7488,#7489,#7490));
#1125=EDGE_LOOP('',(#7491,#7492,#7493,#7494,#7495,#7496,#7497,#7498,#7499,
#7500,#7501,#7502,#7503,#7504,#7505,#7506,#7507,#7508,#7509,#7510,#7511,
#7512,#7513,#7514,#7515,#7516,#7517,#7518,#7519,#7520,#7521,#7522));
#1126=EDGE_LOOP('',(#7523,#7524,#7525,#7526,#7527,#7528,#7529,#7530,#7531,
#7532,#7533,#7534,#7535,#7536,#7537,#7538,#7539,#7540,#7541,#7542,#7543,
#7544,#7545,#7546,#7547,#7548,#7549,#7550,#7551,#7552,#7553,#7554,#7555,
#7556,#7557,#7558,#7559,#7560,#7561,#7562,#7563,#7564,#7565,#7566,#7567,
#7568,#7569,#7570,#7571,#7572,#7573,#7574,#7575,#7576,#7577,#7578,#7579,
#7580,#7581,#7582,#7583,#7584,#7585,#7586,#7587,#7588,#7589,#7590,#7591,
#7592,#7593,#7594,#7595,#7596,#7597,#7598,#7599,#7600,#7601,#7602,#7603,
#7604,#7605,#7606,#7607,#7608,#7609,#7610,#7611,#7612,#7613,#7614,#7615,
#7616,#7617,#7618,#7619,#7620,#7621,#7622,#7623,#7624,#7625,#7626,#7627,
#7628,#7629,#7630,#7631,#7632,#7633,#7634,#7635,#7636,#7637,#7638,#7639,
#7640,#7641,#7642,#7643,#7644,#7645,#7646,#7647,#7648,#7649,#7650,#7651,
#7652,#7653,#7654,#7655,#7656,#7657,#7658,#7659,#7660,#7661,#7662,#7663,
#7664,#7665,#7666,#7667,#7668,#7669,#7670,#7671,#7672,#7673,#7674,#7675,
#7676,#7677,#7678,#7679,#7680,#7681,#7682,#7683,#7684,#7685,#7686,#7687,
#7688,#7689,#7690,#7691,#7692,#7693,#7694,#7695,#7696,#7697,#7698,#7699,
#7700,#7701,#7702,#7703,#7704,#7705,#7706,#7707,#7708,#7709,#7710,#7711,
#7712,#7713,#7714,#7715,#7716,#7717,#7718,#7719,#7720,#7721,#7722,#7723,
#7724,#7725,#7726,#7727,#7728,#7729,#7730,#7731,#7732,#7733,#7734,#7735,
#7736,#7737,#7738,#7739,#7740,#7741,#7742,#7743,#7744,#7745,#7746,#7747,
#7748,#7749,#7750,#7751,#7752,#7753,#7754,#7755));
#1127=EDGE_LOOP('',(#7756,#7757,#7758,#7759));
#1128=EDGE_LOOP('',(#7760,#7761,#7762,#7763,#7764,#7765,#7766,#7767));
#1129=EDGE_LOOP('',(#7768,#7769,#7770,#7771));
#1130=EDGE_LOOP('',(#7772,#7773,#7774,#7775));
#1131=EDGE_LOOP('',(#7776,#7777,#7778,#7779,#7780,#7781,#7782,#7783));
#1132=EDGE_LOOP('',(#7784,#7785,#7786,#7787));
#1133=EDGE_LOOP('',(#7788,#7789,#7790,#7791));
#1134=EDGE_LOOP('',(#7792,#7793,#7794,#7795,#7796,#7797,#7798,#7799));
#1135=EDGE_LOOP('',(#7800,#7801,#7802,#7803));
#1136=EDGE_LOOP('',(#7804,#7805,#7806,#7807));
#1137=EDGE_LOOP('',(#7808,#7809,#7810,#7811,#7812,#7813,#7814,#7815));
#1138=EDGE_LOOP('',(#7816,#7817,#7818,#7819));
#1139=EDGE_LOOP('',(#7820,#7821,#7822,#7823));
#1140=EDGE_LOOP('',(#7824,#7825,#7826,#7827,#7828,#7829,#7830,#7831));
#1141=EDGE_LOOP('',(#7832,#7833,#7834,#7835));
#1142=EDGE_LOOP('',(#7836,#7837,#7838,#7839));
#1143=EDGE_LOOP('',(#7840,#7841,#7842,#7843,#7844,#7845,#7846,#7847));
#1144=EDGE_LOOP('',(#7848,#7849,#7850,#7851));
#1145=EDGE_LOOP('',(#7852,#7853,#7854,#7855));
#1146=EDGE_LOOP('',(#7856,#7857,#7858,#7859,#7860,#7861,#7862,#7863));
#1147=EDGE_LOOP('',(#7864,#7865,#7866,#7867));
#1148=EDGE_LOOP('',(#7868,#7869,#7870,#7871));
#1149=EDGE_LOOP('',(#7872,#7873,#7874,#7875,#7876,#7877,#7878,#7879));
#1150=EDGE_LOOP('',(#7880,#7881,#7882,#7883));
#1151=EDGE_LOOP('',(#7884,#7885,#7886,#7887));
#1152=EDGE_LOOP('',(#7888,#7889,#7890,#7891,#7892,#7893,#7894,#7895));
#1153=EDGE_LOOP('',(#7896,#7897,#7898,#7899));
#1154=EDGE_LOOP('',(#7900,#7901,#7902,#7903));
#1155=EDGE_LOOP('',(#7904,#7905,#7906,#7907,#7908,#7909,#7910,#7911));
#1156=EDGE_LOOP('',(#7912,#7913,#7914,#7915));
#1157=EDGE_LOOP('',(#7916,#7917,#7918,#7919));
#1158=EDGE_LOOP('',(#7920,#7921,#7922,#7923,#7924,#7925,#7926,#7927));
#1159=EDGE_LOOP('',(#7928,#7929,#7930,#7931));
#1160=EDGE_LOOP('',(#7932,#7933,#7934,#7935));
#1161=EDGE_LOOP('',(#7936,#7937,#7938,#7939,#7940,#7941,#7942,#7943));
#1162=EDGE_LOOP('',(#7944,#7945,#7946,#7947));
#1163=EDGE_LOOP('',(#7948,#7949,#7950,#7951));
#1164=EDGE_LOOP('',(#7952,#7953,#7954,#7955,#7956,#7957,#7958,#7959));
#1165=EDGE_LOOP('',(#7960,#7961,#7962,#7963));
#1166=EDGE_LOOP('',(#7964,#7965,#7966,#7967));
#1167=EDGE_LOOP('',(#7968,#7969,#7970,#7971,#7972,#7973,#7974,#7975));
#1168=EDGE_LOOP('',(#7976,#7977,#7978,#7979));
#1169=EDGE_LOOP('',(#7980,#7981,#7982,#7983));
#1170=EDGE_LOOP('',(#7984,#7985,#7986,#7987,#7988,#7989,#7990,#7991));
#1171=EDGE_LOOP('',(#7992,#7993,#7994,#7995));
#1172=EDGE_LOOP('',(#7996,#7997,#7998,#7999));
#1173=EDGE_LOOP('',(#8000,#8001,#8002,#8003,#8004,#8005,#8006,#8007,#8008));
#1174=EDGE_LOOP('',(#8009,#8010,#8011,#8012));
#1175=EDGE_LOOP('',(#8013,#8014,#8015,#8016));
#1176=EDGE_LOOP('',(#8017,#8018,#8019,#8020,#8021,#8022,#8023,#8024));
#1177=EDGE_LOOP('',(#8025,#8026,#8027,#8028));
#1178=EDGE_LOOP('',(#8029,#8030,#8031,#8032));
#1179=EDGE_LOOP('',(#8033,#8034,#8035,#8036,#8037,#8038,#8039,#8040));
#1180=EDGE_LOOP('',(#8041,#8042,#8043,#8044));
#1181=EDGE_LOOP('',(#8045,#8046,#8047,#8048));
#1182=EDGE_LOOP('',(#8049,#8050,#8051,#8052,#8053,#8054,#8055,#8056));
#1183=EDGE_LOOP('',(#8057,#8058,#8059,#8060));
#1184=EDGE_LOOP('',(#8061,#8062,#8063,#8064));
#1185=EDGE_LOOP('',(#8065,#8066,#8067,#8068,#8069,#8070,#8071,#8072));
#1186=EDGE_LOOP('',(#8073,#8074,#8075,#8076));
#1187=EDGE_LOOP('',(#8077,#8078,#8079,#8080));
#1188=EDGE_LOOP('',(#8081,#8082,#8083,#8084,#8085,#8086,#8087,#8088));
#1189=EDGE_LOOP('',(#8089,#8090,#8091,#8092));
#1190=EDGE_LOOP('',(#8093,#8094,#8095,#8096));
#1191=EDGE_LOOP('',(#8097,#8098,#8099,#8100,#8101,#8102,#8103,#8104));
#1192=EDGE_LOOP('',(#8105,#8106,#8107,#8108));
#1193=EDGE_LOOP('',(#8109,#8110,#8111,#8112));
#1194=EDGE_LOOP('',(#8113,#8114,#8115,#8116,#8117,#8118,#8119,#8120));
#1195=EDGE_LOOP('',(#8121,#8122,#8123,#8124));
#1196=EDGE_LOOP('',(#8125,#8126,#8127,#8128));
#1197=EDGE_LOOP('',(#8129,#8130,#8131,#8132,#8133,#8134,#8135,#8136));
#1198=EDGE_LOOP('',(#8137,#8138,#8139,#8140));
#1199=EDGE_LOOP('',(#8141,#8142,#8143,#8144));
#1200=EDGE_LOOP('',(#8145,#8146,#8147,#8148,#8149,#8150,#8151,#8152));
#1201=EDGE_LOOP('',(#8153,#8154,#8155,#8156));
#1202=EDGE_LOOP('',(#8157,#8158,#8159,#8160));
#1203=EDGE_LOOP('',(#8161,#8162,#8163,#8164,#8165,#8166,#8167,#8168));
#1204=EDGE_LOOP('',(#8169,#8170,#8171,#8172));
#1205=EDGE_LOOP('',(#8173,#8174,#8175,#8176));
#1206=EDGE_LOOP('',(#8177,#8178,#8179,#8180,#8181,#8182,#8183,#8184));
#1207=EDGE_LOOP('',(#8185,#8186,#8187,#8188));
#1208=EDGE_LOOP('',(#8189,#8190,#8191,#8192));
#1209=EDGE_LOOP('',(#8193,#8194,#8195,#8196,#8197,#8198,#8199,#8200));
#1210=EDGE_LOOP('',(#8201,#8202,#8203,#8204));
#1211=EDGE_LOOP('',(#8205,#8206,#8207,#8208));
#1212=EDGE_LOOP('',(#8209,#8210,#8211,#8212));
#1213=EDGE_LOOP('',(#8213,#8214,#8215,#8216));
#1214=EDGE_LOOP('',(#8217,#8218,#8219,#8220));
#1215=EDGE_LOOP('',(#8221,#8222,#8223,#8224));
#1216=EDGE_LOOP('',(#8225,#8226,#8227,#8228));
#1217=EDGE_LOOP('',(#8229,#8230,#8231,#8232));
#1218=EDGE_LOOP('',(#8233,#8234,#8235,#8236));
#1219=EDGE_LOOP('',(#8237,#8238,#8239,#8240));
#1220=EDGE_LOOP('',(#8241,#8242,#8243,#8244));
#1221=EDGE_LOOP('',(#8245,#8246,#8247,#8248));
#1222=EDGE_LOOP('',(#8249,#8250,#8251,#8252));
#1223=EDGE_LOOP('',(#8253,#8254,#8255,#8256));
#1224=EDGE_LOOP('',(#8257,#8258,#8259,#8260));
#1225=EDGE_LOOP('',(#8261,#8262,#8263,#8264));
#1226=EDGE_LOOP('',(#8265,#8266,#8267,#8268));
#1227=EDGE_LOOP('',(#8269,#8270,#8271,#8272));
#1228=EDGE_LOOP('',(#8273,#8274,#8275,#8276));
#1229=EDGE_LOOP('',(#8277,#8278,#8279,#8280));
#1230=EDGE_LOOP('',(#8281,#8282,#8283,#8284));
#1231=EDGE_LOOP('',(#8285,#8286,#8287,#8288));
#1232=EDGE_LOOP('',(#8289,#8290,#8291,#8292));
#1233=EDGE_LOOP('',(#8293,#8294,#8295,#8296));
#1234=EDGE_LOOP('',(#8297,#8298,#8299,#8300));
#1235=EDGE_LOOP('',(#8301,#8302,#8303,#8304));
#1236=EDGE_LOOP('',(#8305,#8306,#8307,#8308));
#1237=EDGE_LOOP('',(#8309,#8310,#8311,#8312));
#1238=EDGE_LOOP('',(#8313,#8314,#8315,#8316));
#1239=EDGE_LOOP('',(#8317,#8318,#8319,#8320));
#1240=EDGE_LOOP('',(#8321,#8322,#8323,#8324));
#1241=EDGE_LOOP('',(#8325,#8326,#8327,#8328));
#1242=EDGE_LOOP('',(#8329,#8330,#8331,#8332));
#1243=EDGE_LOOP('',(#8333,#8334,#8335,#8336));
#1244=EDGE_LOOP('',(#8337,#8338,#8339,#8340));
#1245=EDGE_LOOP('',(#8341,#8342,#8343,#8344));
#1246=EDGE_LOOP('',(#8345,#8346,#8347,#8348));
#1247=EDGE_LOOP('',(#8349,#8350,#8351,#8352));
#1248=EDGE_LOOP('',(#8353,#8354,#8355,#8356));
#1249=EDGE_LOOP('',(#8357,#8358,#8359,#8360));
#1250=EDGE_LOOP('',(#8361,#8362,#8363,#8364));
#1251=EDGE_LOOP('',(#8365,#8366,#8367,#8368));
#1252=EDGE_LOOP('',(#8369,#8370,#8371,#8372));
#1253=EDGE_LOOP('',(#8373,#8374,#8375,#8376));
#1254=EDGE_LOOP('',(#8377,#8378,#8379,#8380));
#1255=EDGE_LOOP('',(#8381,#8382,#8383,#8384));
#1256=EDGE_LOOP('',(#8385,#8386,#8387,#8388));
#1257=EDGE_LOOP('',(#8389,#8390,#8391,#8392));
#1258=EDGE_LOOP('',(#8393,#8394,#8395,#8396));
#1259=EDGE_LOOP('',(#8397,#8398,#8399,#8400));
#1260=EDGE_LOOP('',(#8401,#8402,#8403,#8404));
#1261=EDGE_LOOP('',(#8405,#8406,#8407,#8408));
#1262=EDGE_LOOP('',(#8409,#8410,#8411,#8412));
#1263=EDGE_LOOP('',(#8413,#8414,#8415,#8416));
#1264=EDGE_LOOP('',(#8417,#8418,#8419,#8420));
#1265=EDGE_LOOP('',(#8421,#8422,#8423,#8424));
#1266=EDGE_LOOP('',(#8425,#8426,#8427,#8428));
#1267=EDGE_LOOP('',(#8429,#8430,#8431,#8432));
#1268=EDGE_LOOP('',(#8433,#8434,#8435,#8436));
#1269=EDGE_LOOP('',(#8437,#8438,#8439,#8440));
#1270=EDGE_LOOP('',(#8441,#8442,#8443,#8444));
#1271=EDGE_LOOP('',(#8445,#8446,#8447,#8448));
#1272=EDGE_LOOP('',(#8449,#8450,#8451,#8452));
#1273=EDGE_LOOP('',(#8453,#8454,#8455,#8456));
#1274=EDGE_LOOP('',(#8457,#8458,#8459,#8460));
#1275=EDGE_LOOP('',(#8461,#8462,#8463,#8464));
#1276=EDGE_LOOP('',(#8465,#8466,#8467,#8468));
#1277=EDGE_LOOP('',(#8469,#8470,#8471,#8472));
#1278=EDGE_LOOP('',(#8473,#8474,#8475,#8476));
#1279=EDGE_LOOP('',(#8477,#8478,#8479,#8480));
#1280=EDGE_LOOP('',(#8481,#8482,#8483,#8484));
#1281=EDGE_LOOP('',(#8485,#8486,#8487,#8488));
#1282=EDGE_LOOP('',(#8489,#8490,#8491,#8492));
#1283=EDGE_LOOP('',(#8493,#8494,#8495,#8496));
#1284=EDGE_LOOP('',(#8497,#8498,#8499,#8500));
#1285=EDGE_LOOP('',(#8501,#8502,#8503,#8504));
#1286=EDGE_LOOP('',(#8505,#8506,#8507,#8508));
#1287=EDGE_LOOP('',(#8509,#8510,#8511,#8512));
#1288=EDGE_LOOP('',(#8513,#8514,#8515,#8516));
#1289=EDGE_LOOP('',(#8517,#8518,#8519,#8520));
#1290=EDGE_LOOP('',(#8521,#8522,#8523,#8524));
#1291=EDGE_LOOP('',(#8525,#8526,#8527,#8528));
#1292=EDGE_LOOP('',(#8529,#8530,#8531,#8532));
#1293=EDGE_LOOP('',(#8533,#8534,#8535,#8536));
#1294=EDGE_LOOP('',(#8537,#8538,#8539,#8540));
#1295=EDGE_LOOP('',(#8541,#8542,#8543,#8544));
#1296=EDGE_LOOP('',(#8545,#8546,#8547,#8548));
#1297=EDGE_LOOP('',(#8549,#8550,#8551,#8552));
#1298=EDGE_LOOP('',(#8553,#8554,#8555,#8556));
#1299=EDGE_LOOP('',(#8557,#8558,#8559,#8560));
#1300=EDGE_LOOP('',(#8561,#8562,#8563,#8564));
#1301=EDGE_LOOP('',(#8565,#8566,#8567,#8568));
#1302=EDGE_LOOP('',(#8569,#8570,#8571,#8572));
#1303=EDGE_LOOP('',(#8573,#8574,#8575,#8576));
#1304=EDGE_LOOP('',(#8577,#8578,#8579,#8580));
#1305=EDGE_LOOP('',(#8581,#8582,#8583,#8584));
#1306=EDGE_LOOP('',(#8585,#8586,#8587,#8588));
#1307=EDGE_LOOP('',(#8589,#8590,#8591,#8592));
#1308=EDGE_LOOP('',(#8593,#8594,#8595,#8596));
#1309=EDGE_LOOP('',(#8597,#8598,#8599,#8600));
#1310=EDGE_LOOP('',(#8601,#8602,#8603,#8604));
#1311=EDGE_LOOP('',(#8605,#8606,#8607,#8608));
#1312=EDGE_LOOP('',(#8609,#8610,#8611,#8612));
#1313=EDGE_LOOP('',(#8613,#8614,#8615,#8616));
#1314=EDGE_LOOP('',(#8617,#8618,#8619,#8620));
#1315=EDGE_LOOP('',(#8621,#8622,#8623,#8624));
#1316=EDGE_LOOP('',(#8625,#8626,#8627,#8628));
#1317=EDGE_LOOP('',(#8629,#8630,#8631,#8632));
#1318=EDGE_LOOP('',(#8633,#8634,#8635,#8636));
#1319=EDGE_LOOP('',(#8637,#8638,#8639,#8640));
#1320=EDGE_LOOP('',(#8641,#8642,#8643,#8644));
#1321=EDGE_LOOP('',(#8645,#8646,#8647,#8648));
#1322=EDGE_LOOP('',(#8649,#8650,#8651,#8652));
#1323=EDGE_LOOP('',(#8653,#8654,#8655,#8656));
#1324=EDGE_LOOP('',(#8657,#8658,#8659,#8660));
#1325=EDGE_LOOP('',(#8661,#8662,#8663,#8664));
#1326=EDGE_LOOP('',(#8665,#8666,#8667,#8668));
#1327=EDGE_LOOP('',(#8669,#8670,#8671,#8672));
#1328=EDGE_LOOP('',(#8673,#8674,#8675,#8676));
#1329=EDGE_LOOP('',(#8677,#8678,#8679,#8680));
#1330=EDGE_LOOP('',(#8681,#8682,#8683,#8684));
#1331=EDGE_LOOP('',(#8685,#8686,#8687,#8688));
#1332=EDGE_LOOP('',(#8689,#8690,#8691,#8692));
#1333=EDGE_LOOP('',(#8693,#8694,#8695,#8696));
#1334=EDGE_LOOP('',(#8697,#8698,#8699,#8700));
#1335=EDGE_LOOP('',(#8701,#8702,#8703,#8704));
#1336=EDGE_LOOP('',(#8705,#8706,#8707,#8708));
#1337=EDGE_LOOP('',(#8709,#8710,#8711,#8712));
#1338=EDGE_LOOP('',(#8713,#8714,#8715,#8716));
#1339=EDGE_LOOP('',(#8717,#8718,#8719,#8720));
#1340=EDGE_LOOP('',(#8721,#8722,#8723,#8724));
#1341=EDGE_LOOP('',(#8725,#8726,#8727,#8728));
#1342=EDGE_LOOP('',(#8729,#8730,#8731,#8732));
#1343=EDGE_LOOP('',(#8733,#8734,#8735,#8736));
#1344=EDGE_LOOP('',(#8737,#8738,#8739,#8740));
#1345=EDGE_LOOP('',(#8741,#8742,#8743,#8744));
#1346=EDGE_LOOP('',(#8745,#8746,#8747,#8748));
#1347=EDGE_LOOP('',(#8749,#8750,#8751,#8752));
#1348=EDGE_LOOP('',(#8753,#8754,#8755));
#1349=EDGE_LOOP('',(#8756,#8757,#8758));
#1350=EDGE_LOOP('',(#8759,#8760,#8761,#8762));
#1351=EDGE_LOOP('',(#8763,#8764,#8765,#8766));
#1352=EDGE_LOOP('',(#8767,#8768,#8769,#8770));
#1353=EDGE_LOOP('',(#8771,#8772,#8773,#8774));
#1354=EDGE_LOOP('',(#8775,#8776,#8777));
#1355=EDGE_LOOP('',(#8778,#8779,#8780));
#1356=EDGE_LOOP('',(#8781,#8782,#8783,#8784));
#1357=EDGE_LOOP('',(#8785));
#1358=EDGE_LOOP('',(#8786,#8787,#8788,#8789));
#1359=EDGE_LOOP('',(#8790,#8791,#8792,#8793,#8794,#8795,#8796,#8797));
#1360=EDGE_LOOP('',(#8798,#8799,#8800,#8801));
#1361=EDGE_LOOP('',(#8802,#8803,#8804,#8805));
#1362=EDGE_LOOP('',(#8806,#8807,#8808,#8809));
#1363=EDGE_LOOP('',(#8810,#8811,#8812,#8813));
#1364=EDGE_LOOP('',(#8814,#8815,#8816,#8817));
#1365=EDGE_LOOP('',(#8818,#8819,#8820,#8821));
#1366=EDGE_LOOP('',(#8822,#8823,#8824,#8825));
#1367=EDGE_LOOP('',(#8826,#8827,#8828,#8829,#8830,#8831,#8832,#8833));
#1368=EDGE_LOOP('',(#8834,#8835,#8836,#8837));
#1369=EDGE_LOOP('',(#8838,#8839,#8840,#8841,#8842,#8843,#8844,#8845));
#1370=EDGE_LOOP('',(#8846,#8847,#8848,#8849));
#1371=EDGE_LOOP('',(#8850,#8851,#8852,#8853));
#1372=EDGE_LOOP('',(#8854,#8855,#8856,#8857));
#1373=EDGE_LOOP('',(#8858,#8859,#8860,#8861));
#1374=EDGE_LOOP('',(#8862,#8863,#8864,#8865));
#1375=EDGE_LOOP('',(#8866,#8867,#8868,#8869));
#1376=EDGE_LOOP('',(#8870,#8871,#8872,#8873));
#1377=EDGE_LOOP('',(#8874,#8875,#8876,#8877,#8878,#8879,#8880,#8881));
#1378=EDGE_LOOP('',(#8882,#8883,#8884,#8885,#8886,#8887,#8888,#8889));
#1379=EDGE_LOOP('',(#8890,#8891,#8892,#8893));
#1380=EDGE_LOOP('',(#8894,#8895,#8896,#8897));
#1381=EDGE_LOOP('',(#8898,#8899,#8900,#8901));
#1382=EDGE_LOOP('',(#8902,#8903,#8904,#8905));
#1383=EDGE_LOOP('',(#8906,#8907,#8908,#8909));
#1384=EDGE_LOOP('',(#8910,#8911,#8912,#8913));
#1385=EDGE_LOOP('',(#8914,#8915,#8916,#8917));
#1386=EDGE_LOOP('',(#8918,#8919,#8920,#8921));
#1387=EDGE_LOOP('',(#8922,#8923,#8924,#8925,#8926,#8927,#8928,#8929));
#1388=EDGE_LOOP('',(#8930,#8931,#8932,#8933,#8934,#8935,#8936,#8937));
#1389=EDGE_LOOP('',(#8938,#8939,#8940,#8941));
#1390=EDGE_LOOP('',(#8942,#8943,#8944,#8945));
#1391=EDGE_LOOP('',(#8946,#8947,#8948,#8949));
#1392=EDGE_LOOP('',(#8950,#8951,#8952,#8953));
#1393=EDGE_LOOP('',(#8954,#8955,#8956,#8957));
#1394=EDGE_LOOP('',(#8958,#8959,#8960,#8961));
#1395=EDGE_LOOP('',(#8962,#8963,#8964,#8965));
#1396=EDGE_LOOP('',(#8966,#8967,#8968,#8969));
#1397=EDGE_LOOP('',(#8970,#8971,#8972,#8973,#8974,#8975,#8976,#8977));
#1398=EDGE_LOOP('',(#8978,#8979,#8980,#8981,#8982,#8983,#8984,#8985));
#1399=EDGE_LOOP('',(#8986,#8987,#8988,#8989));
#1400=EDGE_LOOP('',(#8990,#8991,#8992,#8993));
#1401=EDGE_LOOP('',(#8994,#8995,#8996,#8997));
#1402=EDGE_LOOP('',(#8998,#8999,#9000,#9001));
#1403=EDGE_LOOP('',(#9002,#9003,#9004,#9005));
#1404=EDGE_LOOP('',(#9006,#9007,#9008,#9009));
#1405=EDGE_LOOP('',(#9010,#9011,#9012,#9013));
#1406=EDGE_LOOP('',(#9014,#9015,#9016,#9017));
#1407=EDGE_LOOP('',(#9018,#9019,#9020,#9021,#9022,#9023,#9024,#9025));
#1408=EDGE_LOOP('',(#9026,#9027,#9028,#9029,#9030,#9031,#9032,#9033));
#1409=EDGE_LOOP('',(#9034,#9035,#9036,#9037));
#1410=EDGE_LOOP('',(#9038,#9039,#9040,#9041));
#1411=EDGE_LOOP('',(#9042,#9043,#9044,#9045));
#1412=EDGE_LOOP('',(#9046,#9047,#9048,#9049));
#1413=EDGE_LOOP('',(#9050,#9051,#9052,#9053));
#1414=EDGE_LOOP('',(#9054,#9055,#9056,#9057));
#1415=EDGE_LOOP('',(#9058,#9059,#9060,#9061));
#1416=EDGE_LOOP('',(#9062,#9063,#9064,#9065));
#1417=EDGE_LOOP('',(#9066,#9067,#9068,#9069,#9070,#9071,#9072,#9073));
#1418=EDGE_LOOP('',(#9074,#9075,#9076,#9077,#9078,#9079,#9080,#9081));
#1419=EDGE_LOOP('',(#9082,#9083,#9084,#9085));
#1420=EDGE_LOOP('',(#9086,#9087,#9088,#9089));
#1421=EDGE_LOOP('',(#9090,#9091,#9092,#9093));
#1422=EDGE_LOOP('',(#9094,#9095,#9096,#9097));
#1423=EDGE_LOOP('',(#9098,#9099,#9100,#9101));
#1424=EDGE_LOOP('',(#9102,#9103,#9104,#9105));
#1425=EDGE_LOOP('',(#9106,#9107,#9108,#9109));
#1426=EDGE_LOOP('',(#9110,#9111,#9112,#9113));
#1427=EDGE_LOOP('',(#9114,#9115,#9116,#9117,#9118,#9119,#9120,#9121));
#1428=EDGE_LOOP('',(#9122,#9123,#9124,#9125,#9126,#9127,#9128,#9129,#9130));
#1429=EDGE_LOOP('',(#9131,#9132,#9133,#9134));
#1430=EDGE_LOOP('',(#9135,#9136,#9137,#9138));
#1431=EDGE_LOOP('',(#9139,#9140,#9141,#9142));
#1432=EDGE_LOOP('',(#9143,#9144,#9145,#9146));
#1433=EDGE_LOOP('',(#9147,#9148,#9149,#9150));
#1434=EDGE_LOOP('',(#9151,#9152,#9153,#9154));
#1435=EDGE_LOOP('',(#9155,#9156,#9157,#9158));
#1436=EDGE_LOOP('',(#9159,#9160,#9161,#9162));
#1437=EDGE_LOOP('',(#9163,#9164,#9165,#9166));
#1438=EDGE_LOOP('',(#9167,#9168,#9169,#9170,#9171,#9172,#9173,#9174,#9175));
#1439=CIRCLE('',#10202,0.125000000000001);
#1440=CIRCLE('',#10211,0.125000000000001);
#1441=CIRCLE('',#10214,0.125000000000001);
#1442=CIRCLE('',#10222,0.125000000000001);
#1443=CIRCLE('',#10226,0.125);
#1444=CIRCLE('',#10235,0.125);
#1445=CIRCLE('',#10238,0.125);
#1446=CIRCLE('',#10239,0.125);
#1447=CIRCLE('',#10250,0.125000000000001);
#1448=CIRCLE('',#10258,0.125000000000001);
#1449=CIRCLE('',#10262,0.125000000000001);
#1450=CIRCLE('',#10264,0.125000000000001);
#1451=CIRCLE('',#10274,0.125);
#1452=CIRCLE('',#10276,0.125);
#1453=CIRCLE('',#10286,0.125);
#1454=CIRCLE('',#10287,0.125);
#1455=CIRCLE('',#10298,0.125);
#1456=CIRCLE('',#10300,0.125);
#1457=CIRCLE('',#10310,0.125);
#1458=CIRCLE('',#10311,0.125);
#1459=CIRCLE('',#10322,0.125);
#1460=CIRCLE('',#10324,0.125);
#1461=CIRCLE('',#10334,0.125);
#1462=CIRCLE('',#10335,0.125);
#1463=CIRCLE('',#10346,0.125);
#1464=CIRCLE('',#10348,0.125);
#1465=CIRCLE('',#10358,0.125);
#1466=CIRCLE('',#10359,0.125);
#1467=CIRCLE('',#10370,0.125000000000001);
#1468=CIRCLE('',#10379,0.125000000000001);
#1469=CIRCLE('',#10382,0.125000000000001);
#1470=CIRCLE('',#10384,0.125000000000001);
#1471=CIRCLE('',#10394,0.125000000000001);
#1472=CIRCLE('',#10403,0.125000000000001);
#1473=CIRCLE('',#10406,0.125000000000001);
#1474=CIRCLE('',#10414,0.125000000000001);
#1475=CIRCLE('',#10418,0.125000000000001);
#1476=CIRCLE('',#10426,0.125000000000001);
#1477=CIRCLE('',#10430,0.125000000000001);
#1478=CIRCLE('',#10432,0.125000000000001);
#1479=CIRCLE('',#10442,0.1);
#1480=CIRCLE('',#10443,0.1);
#1481=CIRCLE('',#10445,0.125);
#1482=CIRCLE('',#10446,0.125);
#1483=CIRCLE('',#10448,0.125);
#1484=CIRCLE('',#10449,0.125);
#1485=CIRCLE('',#10451,0.125);
#1486=CIRCLE('',#10452,0.125);
#1487=CIRCLE('',#10454,0.125);
#1488=CIRCLE('',#10455,0.125);
#1489=CIRCLE('',#10457,0.125);
#1490=CIRCLE('',#10458,0.125);
#1491=CIRCLE('',#10460,0.125);
#1492=CIRCLE('',#10461,0.125);
#1493=CIRCLE('',#10463,0.125);
#1494=CIRCLE('',#10464,0.125);
#1495=CIRCLE('',#10471,0.0250000000000001);
#1496=CIRCLE('',#10472,0.125);
#1497=CIRCLE('',#10473,0.125);
#1498=CIRCLE('',#10474,0.125);
#1499=CIRCLE('',#10475,0.125);
#1500=CIRCLE('',#10476,0.125);
#1501=CIRCLE('',#10477,0.125);
#1502=CIRCLE('',#10478,0.125);
#1503=CIRCLE('',#10479,0.0250000000000001);
#1504=CIRCLE('',#10480,0.125);
#1505=CIRCLE('',#10481,0.125000000000001);
#1506=CIRCLE('',#10482,0.125000000000001);
#1507=CIRCLE('',#10483,0.125000000000001);
#1508=CIRCLE('',#10484,0.125000000000001);
#1509=CIRCLE('',#10485,0.125000000000001);
#1510=CIRCLE('',#10486,0.125);
#1511=CIRCLE('',#10487,0.0249999999999998);
#1512=CIRCLE('',#10488,0.0249999999999998);
#1513=CIRCLE('',#10489,0.125);
#1514=CIRCLE('',#10490,0.125000000000001);
#1515=CIRCLE('',#10491,0.125000000000001);
#1516=CIRCLE('',#10492,0.125000000000001);
#1517=CIRCLE('',#10493,0.125000000000001);
#1518=CIRCLE('',#10494,0.125000000000001);
#1519=CIRCLE('',#10495,0.124999999999999);
#1520=CIRCLE('',#10498,0.125);
#1521=CIRCLE('',#10502,0.125000000000001);
#1522=CIRCLE('',#10506,0.125000000000001);
#1523=CIRCLE('',#10510,0.125000000000001);
#1524=CIRCLE('',#10514,0.125000000000001);
#1525=CIRCLE('',#10518,0.125000000000001);
#1526=CIRCLE('',#10522,0.125);
#1527=CIRCLE('',#10547,0.125);
#1528=CIRCLE('',#10551,0.124999999999999);
#1529=CIRCLE('',#10555,0.125000000000001);
#1530=CIRCLE('',#10559,0.125000000000001);
#1531=CIRCLE('',#10563,0.125000000000001);
#1532=CIRCLE('',#10567,0.125000000000001);
#1533=CIRCLE('',#10571,0.125000000000001);
#1534=CIRCLE('',#10575,0.125);
#1535=CIRCLE('',#10579,0.125);
#1536=CIRCLE('',#10583,0.125);
#1537=CIRCLE('',#10587,0.125);
#1538=CIRCLE('',#10591,0.125);
#1539=CIRCLE('',#10595,0.125);
#1540=CIRCLE('',#10599,0.125);
#1541=CIRCLE('',#10736,0.0250000000000001);
#1542=CIRCLE('',#10738,0.0249999999999998);
#1543=CIRCLE('',#10739,0.0250000000000001);
#1544=CIRCLE('',#10741,0.0249999999999998);
#1545=CIRCLE('',#10743,0.0249999999999998);
#1546=CIRCLE('',#10745,0.0250000000000001);
#1547=CIRCLE('',#10747,0.0250000000000001);
#1548=CIRCLE('',#10749,0.0250000000000001);
#1549=CIRCLE('',#10751,0.0249999999999998);
#1550=CIRCLE('',#10753,0.0249999999999998);
#1551=CIRCLE('',#10755,0.025);
#1552=CIRCLE('',#10757,0.0250000000000001);
#1553=CIRCLE('',#10761,0.125);
#1554=CIRCLE('',#10762,0.125);
#1555=CIRCLE('',#10773,0.125);
#1556=CIRCLE('',#10774,0.125);
#1557=CIRCLE('',#10785,0.125);
#1558=CIRCLE('',#10792,0.125);
#1559=CIRCLE('',#10797,0.125);
#1560=CIRCLE('',#10801,0.125);
#1561=CIRCLE('',#10809,0.125);
#1562=CIRCLE('',#10813,0.125);
#1563=CIRCLE('',#10821,0.125);
#1564=CIRCLE('',#10826,0.125);
#1565=CIRCLE('',#10833,0.125);
#1566=CIRCLE('',#10840,0.125);
#1567=CIRCLE('',#10845,0.124999999999999);
#1568=CIRCLE('',#10850,0.124999999999999);
#1569=LINE('',#13434,#2828);
#1570=LINE('',#13436,#2829);
#1571=LINE('',#13440,#2830);
#1572=LINE('',#13442,#2831);
#1573=LINE('',#13444,#2832);
#1574=LINE('',#13446,#2833);
#1575=LINE('',#13447,#2834);
#1576=LINE('',#13450,#2835);
#1577=LINE('',#13452,#2836);
#1578=LINE('',#13453,#2837);
#1579=LINE('',#13456,#2838);
#1580=LINE('',#13457,#2839);
#1581=LINE('',#13460,#2840);
#1582=LINE('',#13461,#2841);
#1583=LINE('',#13464,#2842);
#1584=LINE('',#13465,#2843);
#1585=LINE('',#13468,#2844);
#1586=LINE('',#13469,#2845);
#1587=LINE('',#13472,#2846);
#1588=LINE('',#13473,#2847);
#1589=LINE('',#13476,#2848);
#1590=LINE('',#13477,#2849);
#1591=LINE('',#13484,#2850);
#1592=LINE('',#13486,#2851);
#1593=LINE('',#13488,#2852);
#1594=LINE('',#13492,#2853);
#1595=LINE('',#13494,#2854);
#1596=LINE('',#13496,#2855);
#1597=LINE('',#13497,#2856);
#1598=LINE('',#13500,#2857);
#1599=LINE('',#13502,#2858);
#1600=LINE('',#13503,#2859);
#1601=LINE('',#13506,#2860);
#1602=LINE('',#13507,#2861);
#1603=LINE('',#13510,#2862);
#1604=LINE('',#13511,#2863);
#1605=LINE('',#13514,#2864);
#1606=LINE('',#13515,#2865);
#1607=LINE('',#13518,#2866);
#1608=LINE('',#13519,#2867);
#1609=LINE('',#13522,#2868);
#1610=LINE('',#13523,#2869);
#1611=LINE('',#13527,#2870);
#1612=LINE('',#13529,#2871);
#1613=LINE('',#13534,#2872);
#1614=LINE('',#13536,#2873);
#1615=LINE('',#13538,#2874);
#1616=LINE('',#13540,#2875);
#1617=LINE('',#13542,#2876);
#1618=LINE('',#13544,#2877);
#1619=LINE('',#13547,#2878);
#1620=LINE('',#13550,#2879);
#1621=LINE('',#13552,#2880);
#1622=LINE('',#13553,#2881);
#1623=LINE('',#13556,#2882);
#1624=LINE('',#13557,#2883);
#1625=LINE('',#13560,#2884);
#1626=LINE('',#13561,#2885);
#1627=LINE('',#13564,#2886);
#1628=LINE('',#13565,#2887);
#1629=LINE('',#13568,#2888);
#1630=LINE('',#13569,#2889);
#1631=LINE('',#13572,#2890);
#1632=LINE('',#13573,#2891);
#1633=LINE('',#13576,#2892);
#1634=LINE('',#13577,#2893);
#1635=LINE('',#13586,#2894);
#1636=LINE('',#13589,#2895);
#1637=LINE('',#13593,#2896);
#1638=LINE('',#13595,#2897);
#1639=LINE('',#13597,#2898);
#1640=LINE('',#13599,#2899);
#1641=LINE('',#13601,#2900);
#1642=LINE('',#13602,#2901);
#1643=LINE('',#13603,#2902);
#1644=LINE('',#13606,#2903);
#1645=LINE('',#13607,#2904);
#1646=LINE('',#13610,#2905);
#1647=LINE('',#13611,#2906);
#1648=LINE('',#13614,#2907);
#1649=LINE('',#13615,#2908);
#1650=LINE('',#13618,#2909);
#1651=LINE('',#13619,#2910);
#1652=LINE('',#13622,#2911);
#1653=LINE('',#13623,#2912);
#1654=LINE('',#13626,#2913);
#1655=LINE('',#13627,#2914);
#1656=LINE('',#13629,#2915);
#1657=LINE('',#13634,#2916);
#1658=LINE('',#13636,#2917);
#1659=LINE('',#13638,#2918);
#1660=LINE('',#13642,#2919);
#1661=LINE('',#13644,#2920);
#1662=LINE('',#13646,#2921);
#1663=LINE('',#13647,#2922);
#1664=LINE('',#13650,#2923);
#1665=LINE('',#13652,#2924);
#1666=LINE('',#13653,#2925);
#1667=LINE('',#13656,#2926);
#1668=LINE('',#13657,#2927);
#1669=LINE('',#13660,#2928);
#1670=LINE('',#13661,#2929);
#1671=LINE('',#13664,#2930);
#1672=LINE('',#13665,#2931);
#1673=LINE('',#13668,#2932);
#1674=LINE('',#13669,#2933);
#1675=LINE('',#13672,#2934);
#1676=LINE('',#13673,#2935);
#1677=LINE('',#13677,#2936);
#1678=LINE('',#13679,#2937);
#1679=LINE('',#13684,#2938);
#1680=LINE('',#13686,#2939);
#1681=LINE('',#13688,#2940);
#1682=LINE('',#13690,#2941);
#1683=LINE('',#13692,#2942);
#1684=LINE('',#13694,#2943);
#1685=LINE('',#13696,#2944);
#1686=LINE('',#13700,#2945);
#1687=LINE('',#13703,#2946);
#1688=LINE('',#13706,#2947);
#1689=LINE('',#13707,#2948);
#1690=LINE('',#13710,#2949);
#1691=LINE('',#13711,#2950);
#1692=LINE('',#13714,#2951);
#1693=LINE('',#13715,#2952);
#1694=LINE('',#13718,#2953);
#1695=LINE('',#13719,#2954);
#1696=LINE('',#13722,#2955);
#1697=LINE('',#13723,#2956);
#1698=LINE('',#13726,#2957);
#1699=LINE('',#13727,#2958);
#1700=LINE('',#13729,#2959);
#1701=LINE('',#13734,#2960);
#1702=LINE('',#13736,#2961);
#1703=LINE('',#13738,#2962);
#1704=LINE('',#13740,#2963);
#1705=LINE('',#13742,#2964);
#1706=LINE('',#13744,#2965);
#1707=LINE('',#13746,#2966);
#1708=LINE('',#13750,#2967);
#1709=LINE('',#13752,#2968);
#1710=LINE('',#13756,#2969);
#1711=LINE('',#13757,#2970);
#1712=LINE('',#13760,#2971);
#1713=LINE('',#13761,#2972);
#1714=LINE('',#13764,#2973);
#1715=LINE('',#13765,#2974);
#1716=LINE('',#13768,#2975);
#1717=LINE('',#13769,#2976);
#1718=LINE('',#13772,#2977);
#1719=LINE('',#13773,#2978);
#1720=LINE('',#13776,#2979);
#1721=LINE('',#13777,#2980);
#1722=LINE('',#13779,#2981);
#1723=LINE('',#13786,#2982);
#1724=LINE('',#13789,#2983);
#1725=LINE('',#13792,#2984);
#1726=LINE('',#13794,#2985);
#1727=LINE('',#13796,#2986);
#1728=LINE('',#13798,#2987);
#1729=LINE('',#13800,#2988);
#1730=LINE('',#13802,#2989);
#1731=LINE('',#13803,#2990);
#1732=LINE('',#13806,#2991);
#1733=LINE('',#13807,#2992);
#1734=LINE('',#13810,#2993);
#1735=LINE('',#13811,#2994);
#1736=LINE('',#13814,#2995);
#1737=LINE('',#13815,#2996);
#1738=LINE('',#13818,#2997);
#1739=LINE('',#13819,#2998);
#1740=LINE('',#13822,#2999);
#1741=LINE('',#13823,#3000);
#1742=LINE('',#13826,#3001);
#1743=LINE('',#13827,#3002);
#1744=LINE('',#13829,#3003);
#1745=LINE('',#13834,#3004);
#1746=LINE('',#13836,#3005);
#1747=LINE('',#13838,#3006);
#1748=LINE('',#13840,#3007);
#1749=LINE('',#13842,#3008);
#1750=LINE('',#13844,#3009);
#1751=LINE('',#13846,#3010);
#1752=LINE('',#13850,#3011);
#1753=LINE('',#13852,#3012);
#1754=LINE('',#13856,#3013);
#1755=LINE('',#13857,#3014);
#1756=LINE('',#13860,#3015);
#1757=LINE('',#13861,#3016);
#1758=LINE('',#13864,#3017);
#1759=LINE('',#13865,#3018);
#1760=LINE('',#13868,#3019);
#1761=LINE('',#13869,#3020);
#1762=LINE('',#13872,#3021);
#1763=LINE('',#13873,#3022);
#1764=LINE('',#13876,#3023);
#1765=LINE('',#13877,#3024);
#1766=LINE('',#13879,#3025);
#1767=LINE('',#13886,#3026);
#1768=LINE('',#13889,#3027);
#1769=LINE('',#13892,#3028);
#1770=LINE('',#13894,#3029);
#1771=LINE('',#13896,#3030);
#1772=LINE('',#13898,#3031);
#1773=LINE('',#13900,#3032);
#1774=LINE('',#13902,#3033);
#1775=LINE('',#13903,#3034);
#1776=LINE('',#13906,#3035);
#1777=LINE('',#13907,#3036);
#1778=LINE('',#13910,#3037);
#1779=LINE('',#13911,#3038);
#1780=LINE('',#13914,#3039);
#1781=LINE('',#13915,#3040);
#1782=LINE('',#13918,#3041);
#1783=LINE('',#13919,#3042);
#1784=LINE('',#13922,#3043);
#1785=LINE('',#13923,#3044);
#1786=LINE('',#13926,#3045);
#1787=LINE('',#13927,#3046);
#1788=LINE('',#13929,#3047);
#1789=LINE('',#13934,#3048);
#1790=LINE('',#13936,#3049);
#1791=LINE('',#13938,#3050);
#1792=LINE('',#13940,#3051);
#1793=LINE('',#13942,#3052);
#1794=LINE('',#13944,#3053);
#1795=LINE('',#13946,#3054);
#1796=LINE('',#13950,#3055);
#1797=LINE('',#13952,#3056);
#1798=LINE('',#13956,#3057);
#1799=LINE('',#13957,#3058);
#1800=LINE('',#13960,#3059);
#1801=LINE('',#13961,#3060);
#1802=LINE('',#13964,#3061);
#1803=LINE('',#13965,#3062);
#1804=LINE('',#13968,#3063);
#1805=LINE('',#13969,#3064);
#1806=LINE('',#13972,#3065);
#1807=LINE('',#13973,#3066);
#1808=LINE('',#13976,#3067);
#1809=LINE('',#13977,#3068);
#1810=LINE('',#13979,#3069);
#1811=LINE('',#13986,#3070);
#1812=LINE('',#13989,#3071);
#1813=LINE('',#13993,#3072);
#1814=LINE('',#13995,#3073);
#1815=LINE('',#13997,#3074);
#1816=LINE('',#13999,#3075);
#1817=LINE('',#14001,#3076);
#1818=LINE('',#14002,#3077);
#1819=LINE('',#14003,#3078);
#1820=LINE('',#14006,#3079);
#1821=LINE('',#14007,#3080);
#1822=LINE('',#14010,#3081);
#1823=LINE('',#14011,#3082);
#1824=LINE('',#14014,#3083);
#1825=LINE('',#14015,#3084);
#1826=LINE('',#14018,#3085);
#1827=LINE('',#14019,#3086);
#1828=LINE('',#14022,#3087);
#1829=LINE('',#14023,#3088);
#1830=LINE('',#14026,#3089);
#1831=LINE('',#14027,#3090);
#1832=LINE('',#14029,#3091);
#1833=LINE('',#14034,#3092);
#1834=LINE('',#14036,#3093);
#1835=LINE('',#14038,#3094);
#1836=LINE('',#14040,#3095);
#1837=LINE('',#14042,#3096);
#1838=LINE('',#14044,#3097);
#1839=LINE('',#14046,#3098);
#1840=LINE('',#14050,#3099);
#1841=LINE('',#14052,#3100);
#1842=LINE('',#14056,#3101);
#1843=LINE('',#14057,#3102);
#1844=LINE('',#14060,#3103);
#1845=LINE('',#14061,#3104);
#1846=LINE('',#14064,#3105);
#1847=LINE('',#14065,#3106);
#1848=LINE('',#14068,#3107);
#1849=LINE('',#14069,#3108);
#1850=LINE('',#14072,#3109);
#1851=LINE('',#14073,#3110);
#1852=LINE('',#14076,#3111);
#1853=LINE('',#14077,#3112);
#1854=LINE('',#14079,#3113);
#1855=LINE('',#14086,#3114);
#1856=LINE('',#14089,#3115);
#1857=LINE('',#14092,#3116);
#1858=LINE('',#14094,#3117);
#1859=LINE('',#14096,#3118);
#1860=LINE('',#14098,#3119);
#1861=LINE('',#14100,#3120);
#1862=LINE('',#14102,#3121);
#1863=LINE('',#14103,#3122);
#1864=LINE('',#14106,#3123);
#1865=LINE('',#14107,#3124);
#1866=LINE('',#14110,#3125);
#1867=LINE('',#14111,#3126);
#1868=LINE('',#14114,#3127);
#1869=LINE('',#14115,#3128);
#1870=LINE('',#14118,#3129);
#1871=LINE('',#14119,#3130);
#1872=LINE('',#14122,#3131);
#1873=LINE('',#14123,#3132);
#1874=LINE('',#14126,#3133);
#1875=LINE('',#14127,#3134);
#1876=LINE('',#14129,#3135);
#1877=LINE('',#14134,#3136);
#1878=LINE('',#14136,#3137);
#1879=LINE('',#14140,#3138);
#1880=LINE('',#14142,#3139);
#1881=LINE('',#14144,#3140);
#1882=LINE('',#14146,#3141);
#1883=LINE('',#14147,#3142);
#1884=LINE('',#14150,#3143);
#1885=LINE('',#14152,#3144);
#1886=LINE('',#14153,#3145);
#1887=LINE('',#14156,#3146);
#1888=LINE('',#14157,#3147);
#1889=LINE('',#14160,#3148);
#1890=LINE('',#14161,#3149);
#1891=LINE('',#14164,#3150);
#1892=LINE('',#14165,#3151);
#1893=LINE('',#14168,#3152);
#1894=LINE('',#14169,#3153);
#1895=LINE('',#14172,#3154);
#1896=LINE('',#14173,#3155);
#1897=LINE('',#14176,#3156);
#1898=LINE('',#14177,#3157);
#1899=LINE('',#14184,#3158);
#1900=LINE('',#14186,#3159);
#1901=LINE('',#14188,#3160);
#1902=LINE('',#14190,#3161);
#1903=LINE('',#14192,#3162);
#1904=LINE('',#14194,#3163);
#1905=LINE('',#14196,#3164);
#1906=LINE('',#14200,#3165);
#1907=LINE('',#14203,#3166);
#1908=LINE('',#14206,#3167);
#1909=LINE('',#14207,#3168);
#1910=LINE('',#14210,#3169);
#1911=LINE('',#14211,#3170);
#1912=LINE('',#14214,#3171);
#1913=LINE('',#14215,#3172);
#1914=LINE('',#14218,#3173);
#1915=LINE('',#14219,#3174);
#1916=LINE('',#14222,#3175);
#1917=LINE('',#14223,#3176);
#1918=LINE('',#14226,#3177);
#1919=LINE('',#14227,#3178);
#1920=LINE('',#14229,#3179);
#1921=LINE('',#14234,#3180);
#1922=LINE('',#14236,#3181);
#1923=LINE('',#14240,#3182);
#1924=LINE('',#14242,#3183);
#1925=LINE('',#14244,#3184);
#1926=LINE('',#14246,#3185);
#1927=LINE('',#14247,#3186);
#1928=LINE('',#14250,#3187);
#1929=LINE('',#14252,#3188);
#1930=LINE('',#14253,#3189);
#1931=LINE('',#14256,#3190);
#1932=LINE('',#14257,#3191);
#1933=LINE('',#14260,#3192);
#1934=LINE('',#14261,#3193);
#1935=LINE('',#14264,#3194);
#1936=LINE('',#14265,#3195);
#1937=LINE('',#14268,#3196);
#1938=LINE('',#14269,#3197);
#1939=LINE('',#14272,#3198);
#1940=LINE('',#14273,#3199);
#1941=LINE('',#14276,#3200);
#1942=LINE('',#14277,#3201);
#1943=LINE('',#14284,#3202);
#1944=LINE('',#14286,#3203);
#1945=LINE('',#14288,#3204);
#1946=LINE('',#14292,#3205);
#1947=LINE('',#14294,#3206);
#1948=LINE('',#14296,#3207);
#1949=LINE('',#14297,#3208);
#1950=LINE('',#14300,#3209);
#1951=LINE('',#14302,#3210);
#1952=LINE('',#14303,#3211);
#1953=LINE('',#14306,#3212);
#1954=LINE('',#14307,#3213);
#1955=LINE('',#14310,#3214);
#1956=LINE('',#14311,#3215);
#1957=LINE('',#14314,#3216);
#1958=LINE('',#14315,#3217);
#1959=LINE('',#14318,#3218);
#1960=LINE('',#14319,#3219);
#1961=LINE('',#14322,#3220);
#1962=LINE('',#14323,#3221);
#1963=LINE('',#14327,#3222);
#1964=LINE('',#14329,#3223);
#1965=LINE('',#14334,#3224);
#1966=LINE('',#14336,#3225);
#1967=LINE('',#14338,#3226);
#1968=LINE('',#14342,#3227);
#1969=LINE('',#14344,#3228);
#1970=LINE('',#14346,#3229);
#1971=LINE('',#14347,#3230);
#1972=LINE('',#14350,#3231);
#1973=LINE('',#14352,#3232);
#1974=LINE('',#14353,#3233);
#1975=LINE('',#14356,#3234);
#1976=LINE('',#14357,#3235);
#1977=LINE('',#14360,#3236);
#1978=LINE('',#14361,#3237);
#1979=LINE('',#14364,#3238);
#1980=LINE('',#14365,#3239);
#1981=LINE('',#14368,#3240);
#1982=LINE('',#14369,#3241);
#1983=LINE('',#14372,#3242);
#1984=LINE('',#14373,#3243);
#1985=LINE('',#14377,#3244);
#1986=LINE('',#14379,#3245);
#1987=LINE('',#14384,#3246);
#1988=LINE('',#14386,#3247);
#1989=LINE('',#14388,#3248);
#1990=LINE('',#14390,#3249);
#1991=LINE('',#14392,#3250);
#1992=LINE('',#14394,#3251);
#1993=LINE('',#14396,#3252);
#1994=LINE('',#14400,#3253);
#1995=LINE('',#14403,#3254);
#1996=LINE('',#14406,#3255);
#1997=LINE('',#14407,#3256);
#1998=LINE('',#14410,#3257);
#1999=LINE('',#14411,#3258);
#2000=LINE('',#14414,#3259);
#2001=LINE('',#14415,#3260);
#2002=LINE('',#14418,#3261);
#2003=LINE('',#14419,#3262);
#2004=LINE('',#14422,#3263);
#2005=LINE('',#14423,#3264);
#2006=LINE('',#14426,#3265);
#2007=LINE('',#14427,#3266);
#2008=LINE('',#14429,#3267);
#2009=LINE('',#14435,#3268);
#2010=LINE('',#14442,#3269);
#2011=LINE('',#14445,#3270);
#2012=LINE('',#14451,#3271);
#2013=LINE('',#14454,#3272);
#2014=LINE('',#14460,#3273);
#2015=LINE('',#14463,#3274);
#2016=LINE('',#14469,#3275);
#2017=LINE('',#14472,#3276);
#2018=LINE('',#14478,#3277);
#2019=LINE('',#14481,#3278);
#2020=LINE('',#14487,#3279);
#2021=LINE('',#14490,#3280);
#2022=LINE('',#14496,#3281);
#2023=LINE('',#14499,#3282);
#2024=LINE('',#14503,#3283);
#2025=LINE('',#14505,#3284);
#2026=LINE('',#14507,#3285);
#2027=LINE('',#14508,#3286);
#2028=LINE('',#14512,#3287);
#2029=LINE('',#14514,#3288);
#2030=LINE('',#14516,#3289);
#2031=LINE('',#14518,#3290);
#2032=LINE('',#14520,#3291);
#2033=LINE('',#14522,#3292);
#2034=LINE('',#14524,#3293);
#2035=LINE('',#14526,#3294);
#2036=LINE('',#14528,#3295);
#2037=LINE('',#14530,#3296);
#2038=LINE('',#14532,#3297);
#2039=LINE('',#14534,#3298);
#2040=LINE('',#14536,#3299);
#2041=LINE('',#14538,#3300);
#2042=LINE('',#14540,#3301);
#2043=LINE('',#14542,#3302);
#2044=LINE('',#14544,#3303);
#2045=LINE('',#14546,#3304);
#2046=LINE('',#14548,#3305);
#2047=LINE('',#14550,#3306);
#2048=LINE('',#14552,#3307);
#2049=LINE('',#14554,#3308);
#2050=LINE('',#14556,#3309);
#2051=LINE('',#14558,#3310);
#2052=LINE('',#14560,#3311);
#2053=LINE('',#14562,#3312);
#2054=LINE('',#14564,#3313);
#2055=LINE('',#14566,#3314);
#2056=LINE('',#14568,#3315);
#2057=LINE('',#14570,#3316);
#2058=LINE('',#14572,#3317);
#2059=LINE('',#14573,#3318);
#2060=LINE('',#14577,#3319);
#2061=LINE('',#14579,#3320);
#2062=LINE('',#14581,#3321);
#2063=LINE('',#14583,#3322);
#2064=LINE('',#14585,#3323);
#2065=LINE('',#14587,#3324);
#2066=LINE('',#14589,#3325);
#2067=LINE('',#14591,#3326);
#2068=LINE('',#14593,#3327);
#2069=LINE('',#14595,#3328);
#2070=LINE('',#14597,#3329);
#2071=LINE('',#14599,#3330);
#2072=LINE('',#14601,#3331);
#2073=LINE('',#14603,#3332);
#2074=LINE('',#14605,#3333);
#2075=LINE('',#14607,#3334);
#2076=LINE('',#14609,#3335);
#2077=LINE('',#14611,#3336);
#2078=LINE('',#14613,#3337);
#2079=LINE('',#14615,#3338);
#2080=LINE('',#14617,#3339);
#2081=LINE('',#14619,#3340);
#2082=LINE('',#14621,#3341);
#2083=LINE('',#14623,#3342);
#2084=LINE('',#14625,#3343);
#2085=LINE('',#14627,#3344);
#2086=LINE('',#14629,#3345);
#2087=LINE('',#14631,#3346);
#2088=LINE('',#14633,#3347);
#2089=LINE('',#14635,#3348);
#2090=LINE('',#14637,#3349);
#2091=LINE('',#14638,#3350);
#2092=LINE('',#14642,#3351);
#2093=LINE('',#14644,#3352);
#2094=LINE('',#14646,#3353);
#2095=LINE('',#14648,#3354);
#2096=LINE('',#14650,#3355);
#2097=LINE('',#14652,#3356);
#2098=LINE('',#14654,#3357);
#2099=LINE('',#14656,#3358);
#2100=LINE('',#14658,#3359);
#2101=LINE('',#14660,#3360);
#2102=LINE('',#14662,#3361);
#2103=LINE('',#14664,#3362);
#2104=LINE('',#14666,#3363);
#2105=LINE('',#14668,#3364);
#2106=LINE('',#14670,#3365);
#2107=LINE('',#14672,#3366);
#2108=LINE('',#14674,#3367);
#2109=LINE('',#14676,#3368);
#2110=LINE('',#14678,#3369);
#2111=LINE('',#14680,#3370);
#2112=LINE('',#14682,#3371);
#2113=LINE('',#14684,#3372);
#2114=LINE('',#14686,#3373);
#2115=LINE('',#14688,#3374);
#2116=LINE('',#14690,#3375);
#2117=LINE('',#14692,#3376);
#2118=LINE('',#14694,#3377);
#2119=LINE('',#14696,#3378);
#2120=LINE('',#14698,#3379);
#2121=LINE('',#14700,#3380);
#2122=LINE('',#14702,#3381);
#2123=LINE('',#14703,#3382);
#2124=LINE('',#14707,#3383);
#2125=LINE('',#14709,#3384);
#2126=LINE('',#14711,#3385);
#2127=LINE('',#14713,#3386);
#2128=LINE('',#14715,#3387);
#2129=LINE('',#14717,#3388);
#2130=LINE('',#14719,#3389);
#2131=LINE('',#14721,#3390);
#2132=LINE('',#14723,#3391);
#2133=LINE('',#14725,#3392);
#2134=LINE('',#14727,#3393);
#2135=LINE('',#14729,#3394);
#2136=LINE('',#14731,#3395);
#2137=LINE('',#14733,#3396);
#2138=LINE('',#14735,#3397);
#2139=LINE('',#14737,#3398);
#2140=LINE('',#14739,#3399);
#2141=LINE('',#14741,#3400);
#2142=LINE('',#14743,#3401);
#2143=LINE('',#14745,#3402);
#2144=LINE('',#14747,#3403);
#2145=LINE('',#14749,#3404);
#2146=LINE('',#14751,#3405);
#2147=LINE('',#14753,#3406);
#2148=LINE('',#14755,#3407);
#2149=LINE('',#14757,#3408);
#2150=LINE('',#14759,#3409);
#2151=LINE('',#14761,#3410);
#2152=LINE('',#14763,#3411);
#2153=LINE('',#14765,#3412);
#2154=LINE('',#14767,#3413);
#2155=LINE('',#14768,#3414);
#2156=LINE('',#14772,#3415);
#2157=LINE('',#14774,#3416);
#2158=LINE('',#14776,#3417);
#2159=LINE('',#14780,#3418);
#2160=LINE('',#14782,#3419);
#2161=LINE('',#14783,#3420);
#2162=LINE('',#14785,#3421);
#2163=LINE('',#14787,#3422);
#2164=LINE('',#14789,#3423);
#2165=LINE('',#14793,#3424);
#2166=LINE('',#14795,#3425);
#2167=LINE('',#14796,#3426);
#2168=LINE('',#14798,#3427);
#2169=LINE('',#14800,#3428);
#2170=LINE('',#14802,#3429);
#2171=LINE('',#14806,#3430);
#2172=LINE('',#14808,#3431);
#2173=LINE('',#14809,#3432);
#2174=LINE('',#14811,#3433);
#2175=LINE('',#14813,#3434);
#2176=LINE('',#14815,#3435);
#2177=LINE('',#14819,#3436);
#2178=LINE('',#14821,#3437);
#2179=LINE('',#14822,#3438);
#2180=LINE('',#14824,#3439);
#2181=LINE('',#14826,#3440);
#2182=LINE('',#14828,#3441);
#2183=LINE('',#14832,#3442);
#2184=LINE('',#14834,#3443);
#2185=LINE('',#14835,#3444);
#2186=LINE('',#14837,#3445);
#2187=LINE('',#14839,#3446);
#2188=LINE('',#14841,#3447);
#2189=LINE('',#14845,#3448);
#2190=LINE('',#14847,#3449);
#2191=LINE('',#14848,#3450);
#2192=LINE('',#14850,#3451);
#2193=LINE('',#14852,#3452);
#2194=LINE('',#14854,#3453);
#2195=LINE('',#14858,#3454);
#2196=LINE('',#14860,#3455);
#2197=LINE('',#14861,#3456);
#2198=LINE('',#14864,#3457);
#2199=LINE('',#14866,#3458);
#2200=LINE('',#14868,#3459);
#2201=LINE('',#14872,#3460);
#2202=LINE('',#14874,#3461);
#2203=LINE('',#14875,#3462);
#2204=LINE('',#14877,#3463);
#2205=LINE('',#14879,#3464);
#2206=LINE('',#14881,#3465);
#2207=LINE('',#14885,#3466);
#2208=LINE('',#14887,#3467);
#2209=LINE('',#14888,#3468);
#2210=LINE('',#14890,#3469);
#2211=LINE('',#14892,#3470);
#2212=LINE('',#14894,#3471);
#2213=LINE('',#14898,#3472);
#2214=LINE('',#14900,#3473);
#2215=LINE('',#14901,#3474);
#2216=LINE('',#14903,#3475);
#2217=LINE('',#14905,#3476);
#2218=LINE('',#14907,#3477);
#2219=LINE('',#14911,#3478);
#2220=LINE('',#14913,#3479);
#2221=LINE('',#14914,#3480);
#2222=LINE('',#14916,#3481);
#2223=LINE('',#14918,#3482);
#2224=LINE('',#14920,#3483);
#2225=LINE('',#14924,#3484);
#2226=LINE('',#14926,#3485);
#2227=LINE('',#14927,#3486);
#2228=LINE('',#14929,#3487);
#2229=LINE('',#14931,#3488);
#2230=LINE('',#14933,#3489);
#2231=LINE('',#14937,#3490);
#2232=LINE('',#14939,#3491);
#2233=LINE('',#14940,#3492);
#2234=LINE('',#14942,#3493);
#2235=LINE('',#14944,#3494);
#2236=LINE('',#14946,#3495);
#2237=LINE('',#14950,#3496);
#2238=LINE('',#14952,#3497);
#2239=LINE('',#14953,#3498);
#2240=LINE('',#14956,#3499);
#2241=LINE('',#14958,#3500);
#2242=LINE('',#14959,#3501);
#2243=LINE('',#14961,#3502);
#2244=LINE('',#14963,#3503);
#2245=LINE('',#14964,#3504);
#2246=LINE('',#14966,#3505);
#2247=LINE('',#14968,#3506);
#2248=LINE('',#14969,#3507);
#2249=LINE('',#14971,#3508);
#2250=LINE('',#14973,#3509);
#2251=LINE('',#14974,#3510);
#2252=LINE('',#14976,#3511);
#2253=LINE('',#14978,#3512);
#2254=LINE('',#14979,#3513);
#2255=LINE('',#14981,#3514);
#2256=LINE('',#14983,#3515);
#2257=LINE('',#14984,#3516);
#2258=LINE('',#14986,#3517);
#2259=LINE('',#14988,#3518);
#2260=LINE('',#14989,#3519);
#2261=LINE('',#14991,#3520);
#2262=LINE('',#14993,#3521);
#2263=LINE('',#14994,#3522);
#2264=LINE('',#14996,#3523);
#2265=LINE('',#14998,#3524);
#2266=LINE('',#14999,#3525);
#2267=LINE('',#15001,#3526);
#2268=LINE('',#15003,#3527);
#2269=LINE('',#15004,#3528);
#2270=LINE('',#15006,#3529);
#2271=LINE('',#15008,#3530);
#2272=LINE('',#15009,#3531);
#2273=LINE('',#15011,#3532);
#2274=LINE('',#15013,#3533);
#2275=LINE('',#15014,#3534);
#2276=LINE('',#15016,#3535);
#2277=LINE('',#15018,#3536);
#2278=LINE('',#15019,#3537);
#2279=LINE('',#15021,#3538);
#2280=LINE('',#15023,#3539);
#2281=LINE('',#15024,#3540);
#2282=LINE('',#15027,#3541);
#2283=LINE('',#15029,#3542);
#2284=LINE('',#15031,#3543);
#2285=LINE('',#15035,#3544);
#2286=LINE('',#15037,#3545);
#2287=LINE('',#15038,#3546);
#2288=LINE('',#15040,#3547);
#2289=LINE('',#15042,#3548);
#2290=LINE('',#15044,#3549);
#2291=LINE('',#15048,#3550);
#2292=LINE('',#15050,#3551);
#2293=LINE('',#15051,#3552);
#2294=LINE('',#15053,#3553);
#2295=LINE('',#15055,#3554);
#2296=LINE('',#15057,#3555);
#2297=LINE('',#15061,#3556);
#2298=LINE('',#15063,#3557);
#2299=LINE('',#15064,#3558);
#2300=LINE('',#15066,#3559);
#2301=LINE('',#15068,#3560);
#2302=LINE('',#15070,#3561);
#2303=LINE('',#15074,#3562);
#2304=LINE('',#15076,#3563);
#2305=LINE('',#15077,#3564);
#2306=LINE('',#15079,#3565);
#2307=LINE('',#15081,#3566);
#2308=LINE('',#15083,#3567);
#2309=LINE('',#15087,#3568);
#2310=LINE('',#15089,#3569);
#2311=LINE('',#15090,#3570);
#2312=LINE('',#15092,#3571);
#2313=LINE('',#15094,#3572);
#2314=LINE('',#15096,#3573);
#2315=LINE('',#15100,#3574);
#2316=LINE('',#15102,#3575);
#2317=LINE('',#15103,#3576);
#2318=LINE('',#15105,#3577);
#2319=LINE('',#15107,#3578);
#2320=LINE('',#15109,#3579);
#2321=LINE('',#15113,#3580);
#2322=LINE('',#15115,#3581);
#2323=LINE('',#15117,#3582);
#2324=LINE('',#15118,#3583);
#2325=LINE('',#15121,#3584);
#2326=LINE('',#15122,#3585);
#2327=LINE('',#15125,#3586);
#2328=LINE('',#15127,#3587);
#2329=LINE('',#15129,#3588);
#2330=LINE('',#15133,#3589);
#2331=LINE('',#15134,#3590);
#2332=LINE('',#15136,#3591);
#2333=LINE('',#15139,#3592);
#2334=LINE('',#15140,#3593);
#2335=LINE('',#15144,#3594);
#2336=LINE('',#15145,#3595);
#2337=LINE('',#15147,#3596);
#2338=LINE('',#15149,#3597);
#2339=LINE('',#15152,#3598);
#2340=LINE('',#15154,#3599);
#2341=LINE('',#15157,#3600);
#2342=LINE('',#15158,#3601);
#2343=LINE('',#15162,#3602);
#2344=LINE('',#15163,#3603);
#2345=LINE('',#15165,#3604);
#2346=LINE('',#15167,#3605);
#2347=LINE('',#15170,#3606);
#2348=LINE('',#15172,#3607);
#2349=LINE('',#15175,#3608);
#2350=LINE('',#15176,#3609);
#2351=LINE('',#15180,#3610);
#2352=LINE('',#15181,#3611);
#2353=LINE('',#15183,#3612);
#2354=LINE('',#15185,#3613);
#2355=LINE('',#15188,#3614);
#2356=LINE('',#15190,#3615);
#2357=LINE('',#15193,#3616);
#2358=LINE('',#15194,#3617);
#2359=LINE('',#15198,#3618);
#2360=LINE('',#15199,#3619);
#2361=LINE('',#15201,#3620);
#2362=LINE('',#15203,#3621);
#2363=LINE('',#15206,#3622);
#2364=LINE('',#15208,#3623);
#2365=LINE('',#15211,#3624);
#2366=LINE('',#15212,#3625);
#2367=LINE('',#15216,#3626);
#2368=LINE('',#15217,#3627);
#2369=LINE('',#15219,#3628);
#2370=LINE('',#15221,#3629);
#2371=LINE('',#15224,#3630);
#2372=LINE('',#15226,#3631);
#2373=LINE('',#15229,#3632);
#2374=LINE('',#15230,#3633);
#2375=LINE('',#15233,#3634);
#2376=LINE('',#15235,#3635);
#2377=LINE('',#15239,#3636);
#2378=LINE('',#15241,#3637);
#2379=LINE('',#15242,#3638);
#2380=LINE('',#15244,#3639);
#2381=LINE('',#15247,#3640);
#2382=LINE('',#15248,#3641);
#2383=LINE('',#15251,#3642);
#2384=LINE('',#15253,#3643);
#2385=LINE('',#15254,#3644);
#2386=LINE('',#15256,#3645);
#2387=LINE('',#15257,#3646);
#2388=LINE('',#15259,#3647);
#2389=LINE('',#15262,#3648);
#2390=LINE('',#15263,#3649);
#2391=LINE('',#15266,#3650);
#2392=LINE('',#15268,#3651);
#2393=LINE('',#15269,#3652);
#2394=LINE('',#15271,#3653);
#2395=LINE('',#15272,#3654);
#2396=LINE('',#15274,#3655);
#2397=LINE('',#15277,#3656);
#2398=LINE('',#15278,#3657);
#2399=LINE('',#15281,#3658);
#2400=LINE('',#15283,#3659);
#2401=LINE('',#15285,#3660);
#2402=LINE('',#15286,#3661);
#2403=LINE('',#15287,#3662);
#2404=LINE('',#15289,#3663);
#2405=LINE('',#15292,#3664);
#2406=LINE('',#15293,#3665);
#2407=LINE('',#15296,#3666);
#2408=LINE('',#15298,#3667);
#2409=LINE('',#15300,#3668);
#2410=LINE('',#15301,#3669);
#2411=LINE('',#15302,#3670);
#2412=LINE('',#15304,#3671);
#2413=LINE('',#15307,#3672);
#2414=LINE('',#15308,#3673);
#2415=LINE('',#15311,#3674);
#2416=LINE('',#15313,#3675);
#2417=LINE('',#15315,#3676);
#2418=LINE('',#15316,#3677);
#2419=LINE('',#15317,#3678);
#2420=LINE('',#15319,#3679);
#2421=LINE('',#15322,#3680);
#2422=LINE('',#15323,#3681);
#2423=LINE('',#15326,#3682);
#2424=LINE('',#15328,#3683);
#2425=LINE('',#15330,#3684);
#2426=LINE('',#15331,#3685);
#2427=LINE('',#15332,#3686);
#2428=LINE('',#15334,#3687);
#2429=LINE('',#15337,#3688);
#2430=LINE('',#15338,#3689);
#2431=LINE('',#15341,#3690);
#2432=LINE('',#15343,#3691);
#2433=LINE('',#15345,#3692);
#2434=LINE('',#15346,#3693);
#2435=LINE('',#15347,#3694);
#2436=LINE('',#15349,#3695);
#2437=LINE('',#15352,#3696);
#2438=LINE('',#15353,#3697);
#2439=LINE('',#15356,#3698);
#2440=LINE('',#15358,#3699);
#2441=LINE('',#15360,#3700);
#2442=LINE('',#15364,#3701);
#2443=LINE('',#15365,#3702);
#2444=LINE('',#15367,#3703);
#2445=LINE('',#15370,#3704);
#2446=LINE('',#15371,#3705);
#2447=LINE('',#15374,#3706);
#2448=LINE('',#15376,#3707);
#2449=LINE('',#15378,#3708);
#2450=LINE('',#15380,#3709);
#2451=LINE('',#15384,#3710);
#2452=LINE('',#15385,#3711);
#2453=LINE('',#15387,#3712);
#2454=LINE('',#15390,#3713);
#2455=LINE('',#15391,#3714);
#2456=LINE('',#15395,#3715);
#2457=LINE('',#15396,#3716);
#2458=LINE('',#15398,#3717);
#2459=LINE('',#15400,#3718);
#2460=LINE('',#15403,#3719);
#2461=LINE('',#15405,#3720);
#2462=LINE('',#15408,#3721);
#2463=LINE('',#15409,#3722);
#2464=LINE('',#15413,#3723);
#2465=LINE('',#15414,#3724);
#2466=LINE('',#15416,#3725);
#2467=LINE('',#15418,#3726);
#2468=LINE('',#15421,#3727);
#2469=LINE('',#15423,#3728);
#2470=LINE('',#15426,#3729);
#2471=LINE('',#15427,#3730);
#2472=LINE('',#15431,#3731);
#2473=LINE('',#15432,#3732);
#2474=LINE('',#15434,#3733);
#2475=LINE('',#15436,#3734);
#2476=LINE('',#15439,#3735);
#2477=LINE('',#15441,#3736);
#2478=LINE('',#15444,#3737);
#2479=LINE('',#15445,#3738);
#2480=LINE('',#15449,#3739);
#2481=LINE('',#15450,#3740);
#2482=LINE('',#15452,#3741);
#2483=LINE('',#15454,#3742);
#2484=LINE('',#15457,#3743);
#2485=LINE('',#15459,#3744);
#2486=LINE('',#15462,#3745);
#2487=LINE('',#15463,#3746);
#2488=LINE('',#15467,#3747);
#2489=LINE('',#15468,#3748);
#2490=LINE('',#15470,#3749);
#2491=LINE('',#15472,#3750);
#2492=LINE('',#15475,#3751);
#2493=LINE('',#15477,#3752);
#2494=LINE('',#15480,#3753);
#2495=LINE('',#15481,#3754);
#2496=LINE('',#15484,#3755);
#2497=LINE('',#15486,#3756);
#2498=LINE('',#15488,#3757);
#2499=LINE('',#15492,#3758);
#2500=LINE('',#15493,#3759);
#2501=LINE('',#15495,#3760);
#2502=LINE('',#15498,#3761);
#2503=LINE('',#15499,#3762);
#2504=LINE('',#15503,#3763);
#2505=LINE('',#15505,#3764);
#2506=LINE('',#15506,#3765);
#2507=LINE('',#15508,#3766);
#2508=LINE('',#15510,#3767);
#2509=LINE('',#15513,#3768);
#2510=LINE('',#15516,#3769);
#2511=LINE('',#15517,#3770);
#2512=LINE('',#15521,#3771);
#2513=LINE('',#15523,#3772);
#2514=LINE('',#15524,#3773);
#2515=LINE('',#15526,#3774);
#2516=LINE('',#15528,#3775);
#2517=LINE('',#15531,#3776);
#2518=LINE('',#15534,#3777);
#2519=LINE('',#15535,#3778);
#2520=LINE('',#15539,#3779);
#2521=LINE('',#15541,#3780);
#2522=LINE('',#15542,#3781);
#2523=LINE('',#15544,#3782);
#2524=LINE('',#15546,#3783);
#2525=LINE('',#15549,#3784);
#2526=LINE('',#15552,#3785);
#2527=LINE('',#15553,#3786);
#2528=LINE('',#15557,#3787);
#2529=LINE('',#15559,#3788);
#2530=LINE('',#15560,#3789);
#2531=LINE('',#15562,#3790);
#2532=LINE('',#15564,#3791);
#2533=LINE('',#15567,#3792);
#2534=LINE('',#15570,#3793);
#2535=LINE('',#15571,#3794);
#2536=LINE('',#15575,#3795);
#2537=LINE('',#15577,#3796);
#2538=LINE('',#15578,#3797);
#2539=LINE('',#15580,#3798);
#2540=LINE('',#15582,#3799);
#2541=LINE('',#15585,#3800);
#2542=LINE('',#15588,#3801);
#2543=LINE('',#15589,#3802);
#2544=LINE('',#15592,#3803);
#2545=LINE('',#15594,#3804);
#2546=LINE('',#15596,#3805);
#2547=LINE('',#15600,#3806);
#2548=LINE('',#15601,#3807);
#2549=LINE('',#15603,#3808);
#2550=LINE('',#15605,#3809);
#2551=LINE('',#15607,#3810);
#2552=LINE('',#15609,#3811);
#2553=LINE('',#15611,#3812);
#2554=LINE('',#15613,#3813);
#2555=LINE('',#15616,#3814);
#2556=LINE('',#15618,#3815);
#2557=LINE('',#15620,#3816);
#2558=LINE('',#15622,#3817);
#2559=LINE('',#15625,#3818);
#2560=LINE('',#15627,#3819);
#2561=LINE('',#15629,#3820);
#2562=LINE('',#15631,#3821);
#2563=LINE('',#15634,#3822);
#2564=LINE('',#15636,#3823);
#2565=LINE('',#15638,#3824);
#2566=LINE('',#15640,#3825);
#2567=LINE('',#15643,#3826);
#2568=LINE('',#15645,#3827);
#2569=LINE('',#15647,#3828);
#2570=LINE('',#15649,#3829);
#2571=LINE('',#15652,#3830);
#2572=LINE('',#15654,#3831);
#2573=LINE('',#15656,#3832);
#2574=LINE('',#15658,#3833);
#2575=LINE('',#15661,#3834);
#2576=LINE('',#15663,#3835);
#2577=LINE('',#15665,#3836);
#2578=LINE('',#15667,#3837);
#2579=LINE('',#15670,#3838);
#2580=LINE('',#15673,#3839);
#2581=LINE('',#15676,#3840);
#2582=LINE('',#15679,#3841);
#2583=LINE('',#15682,#3842);
#2584=LINE('',#15685,#3843);
#2585=LINE('',#15688,#3844);
#2586=LINE('',#15691,#3845);
#2587=LINE('',#15694,#3846);
#2588=LINE('',#15697,#3847);
#2589=LINE('',#15700,#3848);
#2590=LINE('',#15703,#3849);
#2591=LINE('',#15706,#3850);
#2592=LINE('',#15709,#3851);
#2593=LINE('',#15712,#3852);
#2594=LINE('',#15714,#3853);
#2595=LINE('',#15716,#3854);
#2596=LINE('',#15718,#3855);
#2597=LINE('',#15721,#3856);
#2598=LINE('',#15723,#3857);
#2599=LINE('',#15725,#3858);
#2600=LINE('',#15727,#3859);
#2601=LINE('',#15730,#3860);
#2602=LINE('',#15732,#3861);
#2603=LINE('',#15734,#3862);
#2604=LINE('',#15736,#3863);
#2605=LINE('',#15739,#3864);
#2606=LINE('',#15741,#3865);
#2607=LINE('',#15743,#3866);
#2608=LINE('',#15745,#3867);
#2609=LINE('',#15748,#3868);
#2610=LINE('',#15750,#3869);
#2611=LINE('',#15752,#3870);
#2612=LINE('',#15754,#3871);
#2613=LINE('',#15757,#3872);
#2614=LINE('',#15759,#3873);
#2615=LINE('',#15761,#3874);
#2616=LINE('',#15763,#3875);
#2617=LINE('',#15766,#3876);
#2618=LINE('',#15768,#3877);
#2619=LINE('',#15770,#3878);
#2620=LINE('',#15772,#3879);
#2621=LINE('',#15774,#3880);
#2622=LINE('',#15777,#3881);
#2623=LINE('',#15779,#3882);
#2624=LINE('',#15781,#3883);
#2625=LINE('',#15783,#3884);
#2626=LINE('',#15786,#3885);
#2627=LINE('',#15788,#3886);
#2628=LINE('',#15790,#3887);
#2629=LINE('',#15792,#3888);
#2630=LINE('',#15795,#3889);
#2631=LINE('',#15797,#3890);
#2632=LINE('',#15799,#3891);
#2633=LINE('',#15801,#3892);
#2634=LINE('',#15804,#3893);
#2635=LINE('',#15806,#3894);
#2636=LINE('',#15808,#3895);
#2637=LINE('',#15810,#3896);
#2638=LINE('',#15813,#3897);
#2639=LINE('',#15815,#3898);
#2640=LINE('',#15817,#3899);
#2641=LINE('',#15819,#3900);
#2642=LINE('',#15822,#3901);
#2643=LINE('',#15824,#3902);
#2644=LINE('',#15826,#3903);
#2645=LINE('',#15828,#3904);
#2646=LINE('',#15831,#3905);
#2647=LINE('',#15833,#3906);
#2648=LINE('',#15835,#3907);
#2649=LINE('',#15867,#3908);
#2650=LINE('',#15870,#3909);
#2651=LINE('',#15873,#3910);
#2652=LINE('',#15875,#3911);
#2653=LINE('',#15877,#3912);
#2654=LINE('',#15879,#3913);
#2655=LINE('',#15881,#3914);
#2656=LINE('',#15883,#3915);
#2657=LINE('',#15884,#3916);
#2658=LINE('',#15887,#3917);
#2659=LINE('',#15889,#3918);
#2660=LINE('',#15890,#3919);
#2661=LINE('',#15892,#3920);
#2662=LINE('',#15895,#3921);
#2663=LINE('',#15896,#3922);
#2664=LINE('',#15899,#3923);
#2665=LINE('',#15900,#3924);
#2666=LINE('',#15903,#3925);
#2667=LINE('',#15904,#3926);
#2668=LINE('',#15907,#3927);
#2669=LINE('',#15908,#3928);
#2670=LINE('',#15910,#3929);
#2671=LINE('',#15917,#3930);
#2672=LINE('',#15920,#3931);
#2673=LINE('',#15924,#3932);
#2674=LINE('',#15926,#3933);
#2675=LINE('',#15928,#3934);
#2676=LINE('',#15929,#3935);
#2677=LINE('',#15931,#3936);
#2678=LINE('',#15933,#3937);
#2679=LINE('',#15934,#3938);
#2680=LINE('',#15937,#3939);
#2681=LINE('',#15939,#3940);
#2682=LINE('',#15940,#3941);
#2683=LINE('',#15943,#3942);
#2684=LINE('',#15944,#3943);
#2685=LINE('',#15947,#3944);
#2686=LINE('',#15948,#3945);
#2687=LINE('',#15951,#3946);
#2688=LINE('',#15952,#3947);
#2689=LINE('',#15954,#3948);
#2690=LINE('',#15957,#3949);
#2691=LINE('',#15958,#3950);
#2692=LINE('',#15960,#3951);
#2693=LINE('',#15965,#3952);
#2694=LINE('',#15967,#3953);
#2695=LINE('',#15969,#3954);
#2696=LINE('',#15971,#3955);
#2697=LINE('',#15975,#3956);
#2698=LINE('',#15977,#3957);
#2699=LINE('',#15978,#3958);
#2700=LINE('',#15981,#3959);
#2701=LINE('',#15983,#3960);
#2702=LINE('',#15984,#3961);
#2703=LINE('',#15987,#3962);
#2704=LINE('',#15988,#3963);
#2705=LINE('',#15991,#3964);
#2706=LINE('',#15992,#3965);
#2707=LINE('',#15995,#3966);
#2708=LINE('',#15996,#3967);
#2709=LINE('',#15999,#3968);
#2710=LINE('',#16000,#3969);
#2711=LINE('',#16003,#3970);
#2712=LINE('',#16007,#3971);
#2713=LINE('',#16008,#3972);
#2714=LINE('',#16010,#3973);
#2715=LINE('',#16015,#3974);
#2716=LINE('',#16017,#3975);
#2717=LINE('',#16019,#3976);
#2718=LINE('',#16021,#3977);
#2719=LINE('',#16023,#3978);
#2720=LINE('',#16025,#3979);
#2721=LINE('',#16027,#3980);
#2722=LINE('',#16031,#3981);
#2723=LINE('',#16033,#3982);
#2724=LINE('',#16034,#3983);
#2725=LINE('',#16037,#3984);
#2726=LINE('',#16038,#3985);
#2727=LINE('',#16041,#3986);
#2728=LINE('',#16045,#3987);
#2729=LINE('',#16046,#3988);
#2730=LINE('',#16049,#3989);
#2731=LINE('',#16050,#3990);
#2732=LINE('',#16053,#3991);
#2733=LINE('',#16054,#3992);
#2734=LINE('',#16057,#3993);
#2735=LINE('',#16058,#3994);
#2736=LINE('',#16060,#3995);
#2737=LINE('',#16065,#3996);
#2738=LINE('',#16067,#3997);
#2739=LINE('',#16069,#3998);
#2740=LINE('',#16071,#3999);
#2741=LINE('',#16073,#4000);
#2742=LINE('',#16075,#4001);
#2743=LINE('',#16077,#4002);
#2744=LINE('',#16081,#4003);
#2745=LINE('',#16083,#4004);
#2746=LINE('',#16084,#4005);
#2747=LINE('',#16087,#4006);
#2748=LINE('',#16088,#4007);
#2749=LINE('',#16091,#4008);
#2750=LINE('',#16095,#4009);
#2751=LINE('',#16096,#4010);
#2752=LINE('',#16099,#4011);
#2753=LINE('',#16100,#4012);
#2754=LINE('',#16103,#4013);
#2755=LINE('',#16104,#4014);
#2756=LINE('',#16107,#4015);
#2757=LINE('',#16108,#4016);
#2758=LINE('',#16110,#4017);
#2759=LINE('',#16115,#4018);
#2760=LINE('',#16117,#4019);
#2761=LINE('',#16121,#4020);
#2762=LINE('',#16123,#4021);
#2763=LINE('',#16125,#4022);
#2764=LINE('',#16127,#4023);
#2765=LINE('',#16128,#4024);
#2766=LINE('',#16131,#4025);
#2767=LINE('',#16133,#4026);
#2768=LINE('',#16134,#4027);
#2769=LINE('',#16137,#4028);
#2770=LINE('',#16138,#4029);
#2771=LINE('',#16141,#4030);
#2772=LINE('',#16142,#4031);
#2773=LINE('',#16145,#4032);
#2774=LINE('',#16149,#4033);
#2775=LINE('',#16150,#4034);
#2776=LINE('',#16153,#4035);
#2777=LINE('',#16154,#4036);
#2778=LINE('',#16157,#4037);
#2779=LINE('',#16158,#4038);
#2780=LINE('',#16160,#4039);
#2781=LINE('',#16165,#4040);
#2782=LINE('',#16167,#4041);
#2783=LINE('',#16169,#4042);
#2784=LINE('',#16171,#4043);
#2785=LINE('',#16175,#4044);
#2786=LINE('',#16177,#4045);
#2787=LINE('',#16178,#4046);
#2788=LINE('',#16181,#4047);
#2789=LINE('',#16183,#4048);
#2790=LINE('',#16184,#4049);
#2791=LINE('',#16187,#4050);
#2792=LINE('',#16188,#4051);
#2793=LINE('',#16191,#4052);
#2794=LINE('',#16192,#4053);
#2795=LINE('',#16195,#4054);
#2796=LINE('',#16196,#4055);
#2797=LINE('',#16199,#4056);
#2798=LINE('',#16200,#4057);
#2799=LINE('',#16203,#4058);
#2800=LINE('',#16207,#4059);
#2801=LINE('',#16208,#4060);
#2802=LINE('',#16210,#4061);
#2803=LINE('',#16215,#4062);
#2804=LINE('',#16217,#4063);
#2805=LINE('',#16219,#4064);
#2806=LINE('',#16221,#4065);
#2807=LINE('',#16223,#4066);
#2808=LINE('',#16225,#4067);
#2809=LINE('',#16227,#4068);
#2810=LINE('',#16230,#4069);
#2811=LINE('',#16233,#4070);
#2812=LINE('',#16235,#4071);
#2813=LINE('',#16236,#4072);
#2814=LINE('',#16239,#4073);
#2815=LINE('',#16240,#4074);
#2816=LINE('',#16243,#4075);
#2817=LINE('',#16244,#4076);
#2818=LINE('',#16247,#4077);
#2819=LINE('',#16251,#4078);
#2820=LINE('',#16252,#4079);
#2821=LINE('',#16255,#4080);
#2822=LINE('',#16256,#4081);
#2823=LINE('',#16259,#4082);
#2824=LINE('',#16260,#4083);
#2825=LINE('',#16263,#4084);
#2826=LINE('',#16264,#4085);
#2827=LINE('',#16266,#4086);
#2828=VECTOR('',#10861,1000.);
#2829=VECTOR('',#10862,1000.);
#2830=VECTOR('',#10865,1000.);
#2831=VECTOR('',#10866,1000.);
#2832=VECTOR('',#10867,1000.);
#2833=VECTOR('',#10868,1000.);
#2834=VECTOR('',#10869,1000.);
#2835=VECTOR('',#10872,1000.);
#2836=VECTOR('',#10873,1000.);
#2837=VECTOR('',#10874,1000.);
#2838=VECTOR('',#10877,1000.);
#2839=VECTOR('',#10878,1000.);
#2840=VECTOR('',#10881,1000.);
#2841=VECTOR('',#10882,1000.);
#2842=VECTOR('',#10885,1000.);
#2843=VECTOR('',#10886,1000.);
#2844=VECTOR('',#10889,1000.);
#2845=VECTOR('',#10890,1000.);
#2846=VECTOR('',#10893,1000.);
#2847=VECTOR('',#10894,1000.);
#2848=VECTOR('',#10897,1000.);
#2849=VECTOR('',#10898,1000.);
#2850=VECTOR('',#10907,1000.);
#2851=VECTOR('',#10908,1000.);
#2852=VECTOR('',#10909,1000.);
#2853=VECTOR('',#10912,1000.);
#2854=VECTOR('',#10913,1000.);
#2855=VECTOR('',#10914,1000.);
#2856=VECTOR('',#10915,1000.);
#2857=VECTOR('',#10918,1000.);
#2858=VECTOR('',#10919,1000.);
#2859=VECTOR('',#10920,1000.);
#2860=VECTOR('',#10923,1000.);
#2861=VECTOR('',#10924,1000.);
#2862=VECTOR('',#10927,1000.);
#2863=VECTOR('',#10928,1000.);
#2864=VECTOR('',#10931,1000.);
#2865=VECTOR('',#10932,1000.);
#2866=VECTOR('',#10935,1000.);
#2867=VECTOR('',#10936,1000.);
#2868=VECTOR('',#10939,1000.);
#2869=VECTOR('',#10940,1000.);
#2870=VECTOR('',#10945,1000.);
#2871=VECTOR('',#10948,1000.);
#2872=VECTOR('',#10953,1000.);
#2873=VECTOR('',#10954,1000.);
#2874=VECTOR('',#10955,1000.);
#2875=VECTOR('',#10956,1000.);
#2876=VECTOR('',#10957,1000.);
#2877=VECTOR('',#10958,1000.);
#2878=VECTOR('',#10961,1000.);
#2879=VECTOR('',#10964,1000.);
#2880=VECTOR('',#10965,1000.);
#2881=VECTOR('',#10966,1000.);
#2882=VECTOR('',#10969,1000.);
#2883=VECTOR('',#10970,1000.);
#2884=VECTOR('',#10973,1000.);
#2885=VECTOR('',#10974,1000.);
#2886=VECTOR('',#10977,1000.);
#2887=VECTOR('',#10978,1000.);
#2888=VECTOR('',#10981,1000.);
#2889=VECTOR('',#10982,1000.);
#2890=VECTOR('',#10985,1000.);
#2891=VECTOR('',#10986,1000.);
#2892=VECTOR('',#10989,1000.);
#2893=VECTOR('',#10990,1000.);
#2894=VECTOR('',#11001,1000.);
#2895=VECTOR('',#11004,1000.);
#2896=VECTOR('',#11007,1000.);
#2897=VECTOR('',#11008,1000.);
#2898=VECTOR('',#11009,1000.);
#2899=VECTOR('',#11010,1000.);
#2900=VECTOR('',#11011,1000.);
#2901=VECTOR('',#11012,1000.);
#2902=VECTOR('',#11013,1000.);
#2903=VECTOR('',#11016,1000.);
#2904=VECTOR('',#11017,1000.);
#2905=VECTOR('',#11020,1000.);
#2906=VECTOR('',#11021,1000.);
#2907=VECTOR('',#11024,1000.);
#2908=VECTOR('',#11025,1000.);
#2909=VECTOR('',#11028,1000.);
#2910=VECTOR('',#11029,1000.);
#2911=VECTOR('',#11032,1000.);
#2912=VECTOR('',#11033,1000.);
#2913=VECTOR('',#11036,1000.);
#2914=VECTOR('',#11037,1000.);
#2915=VECTOR('',#11040,1000.);
#2916=VECTOR('',#11045,1000.);
#2917=VECTOR('',#11046,1000.);
#2918=VECTOR('',#11047,1000.);
#2919=VECTOR('',#11050,1000.);
#2920=VECTOR('',#11051,1000.);
#2921=VECTOR('',#11052,1000.);
#2922=VECTOR('',#11053,1000.);
#2923=VECTOR('',#11056,1000.);
#2924=VECTOR('',#11057,1000.);
#2925=VECTOR('',#11058,1000.);
#2926=VECTOR('',#11061,1000.);
#2927=VECTOR('',#11062,1000.);
#2928=VECTOR('',#11065,1000.);
#2929=VECTOR('',#11066,1000.);
#2930=VECTOR('',#11069,1000.);
#2931=VECTOR('',#11070,1000.);
#2932=VECTOR('',#11073,1000.);
#2933=VECTOR('',#11074,1000.);
#2934=VECTOR('',#11077,1000.);
#2935=VECTOR('',#11078,1000.);
#2936=VECTOR('',#11083,1000.);
#2937=VECTOR('',#11086,1000.);
#2938=VECTOR('',#11091,1000.);
#2939=VECTOR('',#11092,1000.);
#2940=VECTOR('',#11093,1000.);
#2941=VECTOR('',#11094,1000.);
#2942=VECTOR('',#11095,1000.);
#2943=VECTOR('',#11096,1000.);
#2944=VECTOR('',#11097,1000.);
#2945=VECTOR('',#11102,1000.);
#2946=VECTOR('',#11105,1000.);
#2947=VECTOR('',#11108,1000.);
#2948=VECTOR('',#11109,1000.);
#2949=VECTOR('',#11112,1000.);
#2950=VECTOR('',#11113,1000.);
#2951=VECTOR('',#11116,1000.);
#2952=VECTOR('',#11117,1000.);
#2953=VECTOR('',#11120,1000.);
#2954=VECTOR('',#11121,1000.);
#2955=VECTOR('',#11124,1000.);
#2956=VECTOR('',#11125,1000.);
#2957=VECTOR('',#11128,1000.);
#2958=VECTOR('',#11129,1000.);
#2959=VECTOR('',#11132,1000.);
#2960=VECTOR('',#11137,1000.);
#2961=VECTOR('',#11138,1000.);
#2962=VECTOR('',#11139,1000.);
#2963=VECTOR('',#11140,1000.);
#2964=VECTOR('',#11141,1000.);
#2965=VECTOR('',#11142,1000.);
#2966=VECTOR('',#11143,1000.);
#2967=VECTOR('',#11148,1000.);
#2968=VECTOR('',#11149,1000.);
#2969=VECTOR('',#11154,1000.);
#2970=VECTOR('',#11155,1000.);
#2971=VECTOR('',#11158,1000.);
#2972=VECTOR('',#11159,1000.);
#2973=VECTOR('',#11162,1000.);
#2974=VECTOR('',#11163,1000.);
#2975=VECTOR('',#11166,1000.);
#2976=VECTOR('',#11167,1000.);
#2977=VECTOR('',#11170,1000.);
#2978=VECTOR('',#11171,1000.);
#2979=VECTOR('',#11174,1000.);
#2980=VECTOR('',#11175,1000.);
#2981=VECTOR('',#11178,1000.);
#2982=VECTOR('',#11185,1000.);
#2983=VECTOR('',#11188,1000.);
#2984=VECTOR('',#11191,1000.);
#2985=VECTOR('',#11192,1000.);
#2986=VECTOR('',#11193,1000.);
#2987=VECTOR('',#11194,1000.);
#2988=VECTOR('',#11195,1000.);
#2989=VECTOR('',#11196,1000.);
#2990=VECTOR('',#11197,1000.);
#2991=VECTOR('',#11200,1000.);
#2992=VECTOR('',#11201,1000.);
#2993=VECTOR('',#11204,1000.);
#2994=VECTOR('',#11205,1000.);
#2995=VECTOR('',#11208,1000.);
#2996=VECTOR('',#11209,1000.);
#2997=VECTOR('',#11212,1000.);
#2998=VECTOR('',#11213,1000.);
#2999=VECTOR('',#11216,1000.);
#3000=VECTOR('',#11217,1000.);
#3001=VECTOR('',#11220,1000.);
#3002=VECTOR('',#11221,1000.);
#3003=VECTOR('',#11224,1000.);
#3004=VECTOR('',#11229,1000.);
#3005=VECTOR('',#11230,1000.);
#3006=VECTOR('',#11231,1000.);
#3007=VECTOR('',#11232,1000.);
#3008=VECTOR('',#11233,1000.);
#3009=VECTOR('',#11234,1000.);
#3010=VECTOR('',#11235,1000.);
#3011=VECTOR('',#11240,1000.);
#3012=VECTOR('',#11241,1000.);
#3013=VECTOR('',#11246,1000.);
#3014=VECTOR('',#11247,1000.);
#3015=VECTOR('',#11250,1000.);
#3016=VECTOR('',#11251,1000.);
#3017=VECTOR('',#11254,1000.);
#3018=VECTOR('',#11255,1000.);
#3019=VECTOR('',#11258,1000.);
#3020=VECTOR('',#11259,1000.);
#3021=VECTOR('',#11262,1000.);
#3022=VECTOR('',#11263,1000.);
#3023=VECTOR('',#11266,1000.);
#3024=VECTOR('',#11267,1000.);
#3025=VECTOR('',#11270,1000.);
#3026=VECTOR('',#11277,1000.);
#3027=VECTOR('',#11280,1000.);
#3028=VECTOR('',#11283,1000.);
#3029=VECTOR('',#11284,1000.);
#3030=VECTOR('',#11285,1000.);
#3031=VECTOR('',#11286,1000.);
#3032=VECTOR('',#11287,1000.);
#3033=VECTOR('',#11288,1000.);
#3034=VECTOR('',#11289,1000.);
#3035=VECTOR('',#11292,1000.);
#3036=VECTOR('',#11293,1000.);
#3037=VECTOR('',#11296,1000.);
#3038=VECTOR('',#11297,1000.);
#3039=VECTOR('',#11300,1000.);
#3040=VECTOR('',#11301,1000.);
#3041=VECTOR('',#11304,1000.);
#3042=VECTOR('',#11305,1000.);
#3043=VECTOR('',#11308,1000.);
#3044=VECTOR('',#11309,1000.);
#3045=VECTOR('',#11312,1000.);
#3046=VECTOR('',#11313,1000.);
#3047=VECTOR('',#11316,1000.);
#3048=VECTOR('',#11321,1000.);
#3049=VECTOR('',#11322,1000.);
#3050=VECTOR('',#11323,1000.);
#3051=VECTOR('',#11324,1000.);
#3052=VECTOR('',#11325,1000.);
#3053=VECTOR('',#11326,1000.);
#3054=VECTOR('',#11327,1000.);
#3055=VECTOR('',#11332,1000.);
#3056=VECTOR('',#11333,1000.);
#3057=VECTOR('',#11338,1000.);
#3058=VECTOR('',#11339,1000.);
#3059=VECTOR('',#11342,1000.);
#3060=VECTOR('',#11343,1000.);
#3061=VECTOR('',#11346,1000.);
#3062=VECTOR('',#11347,1000.);
#3063=VECTOR('',#11350,1000.);
#3064=VECTOR('',#11351,1000.);
#3065=VECTOR('',#11354,1000.);
#3066=VECTOR('',#11355,1000.);
#3067=VECTOR('',#11358,1000.);
#3068=VECTOR('',#11359,1000.);
#3069=VECTOR('',#11362,1000.);
#3070=VECTOR('',#11369,1000.);
#3071=VECTOR('',#11372,1000.);
#3072=VECTOR('',#11375,1000.);
#3073=VECTOR('',#11376,1000.);
#3074=VECTOR('',#11377,1000.);
#3075=VECTOR('',#11378,1000.);
#3076=VECTOR('',#11379,1000.);
#3077=VECTOR('',#11380,1000.);
#3078=VECTOR('',#11381,1000.);
#3079=VECTOR('',#11384,1000.);
#3080=VECTOR('',#11385,1000.);
#3081=VECTOR('',#11388,1000.);
#3082=VECTOR('',#11389,1000.);
#3083=VECTOR('',#11392,1000.);
#3084=VECTOR('',#11393,1000.);
#3085=VECTOR('',#11396,1000.);
#3086=VECTOR('',#11397,1000.);
#3087=VECTOR('',#11400,1000.);
#3088=VECTOR('',#11401,1000.);
#3089=VECTOR('',#11404,1000.);
#3090=VECTOR('',#11405,1000.);
#3091=VECTOR('',#11408,1000.);
#3092=VECTOR('',#11413,1000.);
#3093=VECTOR('',#11414,1000.);
#3094=VECTOR('',#11415,1000.);
#3095=VECTOR('',#11416,1000.);
#3096=VECTOR('',#11417,1000.);
#3097=VECTOR('',#11418,1000.);
#3098=VECTOR('',#11419,1000.);
#3099=VECTOR('',#11424,1000.);
#3100=VECTOR('',#11425,1000.);
#3101=VECTOR('',#11430,1000.);
#3102=VECTOR('',#11431,1000.);
#3103=VECTOR('',#11434,1000.);
#3104=VECTOR('',#11435,1000.);
#3105=VECTOR('',#11438,1000.);
#3106=VECTOR('',#11439,1000.);
#3107=VECTOR('',#11442,1000.);
#3108=VECTOR('',#11443,1000.);
#3109=VECTOR('',#11446,1000.);
#3110=VECTOR('',#11447,1000.);
#3111=VECTOR('',#11450,1000.);
#3112=VECTOR('',#11451,1000.);
#3113=VECTOR('',#11454,1000.);
#3114=VECTOR('',#11461,1000.);
#3115=VECTOR('',#11464,1000.);
#3116=VECTOR('',#11467,1000.);
#3117=VECTOR('',#11468,1000.);
#3118=VECTOR('',#11469,1000.);
#3119=VECTOR('',#11470,1000.);
#3120=VECTOR('',#11471,1000.);
#3121=VECTOR('',#11472,1000.);
#3122=VECTOR('',#11473,1000.);
#3123=VECTOR('',#11476,1000.);
#3124=VECTOR('',#11477,1000.);
#3125=VECTOR('',#11480,1000.);
#3126=VECTOR('',#11481,1000.);
#3127=VECTOR('',#11484,1000.);
#3128=VECTOR('',#11485,1000.);
#3129=VECTOR('',#11488,1000.);
#3130=VECTOR('',#11489,1000.);
#3131=VECTOR('',#11492,1000.);
#3132=VECTOR('',#11493,1000.);
#3133=VECTOR('',#11496,1000.);
#3134=VECTOR('',#11497,1000.);
#3135=VECTOR('',#11500,1000.);
#3136=VECTOR('',#11505,1000.);
#3137=VECTOR('',#11506,1000.);
#3138=VECTOR('',#11509,1000.);
#3139=VECTOR('',#11510,1000.);
#3140=VECTOR('',#11511,1000.);
#3141=VECTOR('',#11512,1000.);
#3142=VECTOR('',#11513,1000.);
#3143=VECTOR('',#11516,1000.);
#3144=VECTOR('',#11517,1000.);
#3145=VECTOR('',#11518,1000.);
#3146=VECTOR('',#11521,1000.);
#3147=VECTOR('',#11522,1000.);
#3148=VECTOR('',#11525,1000.);
#3149=VECTOR('',#11526,1000.);
#3150=VECTOR('',#11529,1000.);
#3151=VECTOR('',#11530,1000.);
#3152=VECTOR('',#11533,1000.);
#3153=VECTOR('',#11534,1000.);
#3154=VECTOR('',#11537,1000.);
#3155=VECTOR('',#11538,1000.);
#3156=VECTOR('',#11541,1000.);
#3157=VECTOR('',#11542,1000.);
#3158=VECTOR('',#11551,1000.);
#3159=VECTOR('',#11552,1000.);
#3160=VECTOR('',#11553,1000.);
#3161=VECTOR('',#11554,1000.);
#3162=VECTOR('',#11555,1000.);
#3163=VECTOR('',#11556,1000.);
#3164=VECTOR('',#11557,1000.);
#3165=VECTOR('',#11562,1000.);
#3166=VECTOR('',#11565,1000.);
#3167=VECTOR('',#11568,1000.);
#3168=VECTOR('',#11569,1000.);
#3169=VECTOR('',#11572,1000.);
#3170=VECTOR('',#11573,1000.);
#3171=VECTOR('',#11576,1000.);
#3172=VECTOR('',#11577,1000.);
#3173=VECTOR('',#11580,1000.);
#3174=VECTOR('',#11581,1000.);
#3175=VECTOR('',#11584,1000.);
#3176=VECTOR('',#11585,1000.);
#3177=VECTOR('',#11588,1000.);
#3178=VECTOR('',#11589,1000.);
#3179=VECTOR('',#11592,1000.);
#3180=VECTOR('',#11597,1000.);
#3181=VECTOR('',#11598,1000.);
#3182=VECTOR('',#11601,1000.);
#3183=VECTOR('',#11602,1000.);
#3184=VECTOR('',#11603,1000.);
#3185=VECTOR('',#11604,1000.);
#3186=VECTOR('',#11605,1000.);
#3187=VECTOR('',#11608,1000.);
#3188=VECTOR('',#11609,1000.);
#3189=VECTOR('',#11610,1000.);
#3190=VECTOR('',#11613,1000.);
#3191=VECTOR('',#11614,1000.);
#3192=VECTOR('',#11617,1000.);
#3193=VECTOR('',#11618,1000.);
#3194=VECTOR('',#11621,1000.);
#3195=VECTOR('',#11622,1000.);
#3196=VECTOR('',#11625,1000.);
#3197=VECTOR('',#11626,1000.);
#3198=VECTOR('',#11629,1000.);
#3199=VECTOR('',#11630,1000.);
#3200=VECTOR('',#11633,1000.);
#3201=VECTOR('',#11634,1000.);
#3202=VECTOR('',#11643,1000.);
#3203=VECTOR('',#11644,1000.);
#3204=VECTOR('',#11645,1000.);
#3205=VECTOR('',#11648,1000.);
#3206=VECTOR('',#11649,1000.);
#3207=VECTOR('',#11650,1000.);
#3208=VECTOR('',#11651,1000.);
#3209=VECTOR('',#11654,1000.);
#3210=VECTOR('',#11655,1000.);
#3211=VECTOR('',#11656,1000.);
#3212=VECTOR('',#11659,1000.);
#3213=VECTOR('',#11660,1000.);
#3214=VECTOR('',#11663,1000.);
#3215=VECTOR('',#11664,1000.);
#3216=VECTOR('',#11667,1000.);
#3217=VECTOR('',#11668,1000.);
#3218=VECTOR('',#11671,1000.);
#3219=VECTOR('',#11672,1000.);
#3220=VECTOR('',#11675,1000.);
#3221=VECTOR('',#11676,1000.);
#3222=VECTOR('',#11681,1000.);
#3223=VECTOR('',#11684,1000.);
#3224=VECTOR('',#11689,1000.);
#3225=VECTOR('',#11690,1000.);
#3226=VECTOR('',#11691,1000.);
#3227=VECTOR('',#11694,1000.);
#3228=VECTOR('',#11695,1000.);
#3229=VECTOR('',#11696,1000.);
#3230=VECTOR('',#11697,1000.);
#3231=VECTOR('',#11700,1000.);
#3232=VECTOR('',#11701,1000.);
#3233=VECTOR('',#11702,1000.);
#3234=VECTOR('',#11705,1000.);
#3235=VECTOR('',#11706,1000.);
#3236=VECTOR('',#11709,1000.);
#3237=VECTOR('',#11710,1000.);
#3238=VECTOR('',#11713,1000.);
#3239=VECTOR('',#11714,1000.);
#3240=VECTOR('',#11717,1000.);
#3241=VECTOR('',#11718,1000.);
#3242=VECTOR('',#11721,1000.);
#3243=VECTOR('',#11722,1000.);
#3244=VECTOR('',#11727,1000.);
#3245=VECTOR('',#11730,1000.);
#3246=VECTOR('',#11735,1000.);
#3247=VECTOR('',#11736,1000.);
#3248=VECTOR('',#11737,1000.);
#3249=VECTOR('',#11738,1000.);
#3250=VECTOR('',#11739,1000.);
#3251=VECTOR('',#11740,1000.);
#3252=VECTOR('',#11741,1000.);
#3253=VECTOR('',#11746,1000.);
#3254=VECTOR('',#11749,1000.);
#3255=VECTOR('',#11752,1000.);
#3256=VECTOR('',#11753,1000.);
#3257=VECTOR('',#11756,1000.);
#3258=VECTOR('',#11757,1000.);
#3259=VECTOR('',#11760,1000.);
#3260=VECTOR('',#11761,1000.);
#3261=VECTOR('',#11764,1000.);
#3262=VECTOR('',#11765,1000.);
#3263=VECTOR('',#11768,1000.);
#3264=VECTOR('',#11769,1000.);
#3265=VECTOR('',#11772,1000.);
#3266=VECTOR('',#11773,1000.);
#3267=VECTOR('',#11776,1000.);
#3268=VECTOR('',#11783,0.1);
#3269=VECTOR('',#11790,1000.);
#3270=VECTOR('',#11793,1000.);
#3271=VECTOR('',#11798,1000.);
#3272=VECTOR('',#11801,1000.);
#3273=VECTOR('',#11806,1000.);
#3274=VECTOR('',#11809,1000.);
#3275=VECTOR('',#11814,1000.);
#3276=VECTOR('',#11817,1000.);
#3277=VECTOR('',#11822,1000.);
#3278=VECTOR('',#11825,1000.);
#3279=VECTOR('',#11830,1000.);
#3280=VECTOR('',#11833,1000.);
#3281=VECTOR('',#11838,1000.);
#3282=VECTOR('',#11841,1000.);
#3283=VECTOR('',#11844,1000.);
#3284=VECTOR('',#11845,1000.);
#3285=VECTOR('',#11846,1000.);
#3286=VECTOR('',#11847,1000.);
#3287=VECTOR('',#11850,1000.);
#3288=VECTOR('',#11851,1000.);
#3289=VECTOR('',#11852,1000.);
#3290=VECTOR('',#11853,1000.);
#3291=VECTOR('',#11854,1000.);
#3292=VECTOR('',#11855,1000.);
#3293=VECTOR('',#11856,1000.);
#3294=VECTOR('',#11857,1000.);
#3295=VECTOR('',#11858,1000.);
#3296=VECTOR('',#11859,1000.);
#3297=VECTOR('',#11860,1000.);
#3298=VECTOR('',#11861,1000.);
#3299=VECTOR('',#11862,1000.);
#3300=VECTOR('',#11863,1000.);
#3301=VECTOR('',#11864,1000.);
#3302=VECTOR('',#11865,1000.);
#3303=VECTOR('',#11866,1000.);
#3304=VECTOR('',#11867,1000.);
#3305=VECTOR('',#11868,1000.);
#3306=VECTOR('',#11869,1000.);
#3307=VECTOR('',#11870,1000.);
#3308=VECTOR('',#11871,1000.);
#3309=VECTOR('',#11872,1000.);
#3310=VECTOR('',#11873,1000.);
#3311=VECTOR('',#11874,1000.);
#3312=VECTOR('',#11875,1000.);
#3313=VECTOR('',#11876,1000.);
#3314=VECTOR('',#11877,1000.);
#3315=VECTOR('',#11878,1000.);
#3316=VECTOR('',#11879,1000.);
#3317=VECTOR('',#11880,1000.);
#3318=VECTOR('',#11881,1000.);
#3319=VECTOR('',#11884,1000.);
#3320=VECTOR('',#11885,1000.);
#3321=VECTOR('',#11886,1000.);
#3322=VECTOR('',#11887,1000.);
#3323=VECTOR('',#11888,1000.);
#3324=VECTOR('',#11889,1000.);
#3325=VECTOR('',#11890,1000.);
#3326=VECTOR('',#11891,1000.);
#3327=VECTOR('',#11892,1000.);
#3328=VECTOR('',#11893,1000.);
#3329=VECTOR('',#11894,1000.);
#3330=VECTOR('',#11895,1000.);
#3331=VECTOR('',#11896,1000.);
#3332=VECTOR('',#11897,1000.);
#3333=VECTOR('',#11898,1000.);
#3334=VECTOR('',#11899,1000.);
#3335=VECTOR('',#11900,1000.);
#3336=VECTOR('',#11901,1000.);
#3337=VECTOR('',#11902,1000.);
#3338=VECTOR('',#11903,1000.);
#3339=VECTOR('',#11904,1000.);
#3340=VECTOR('',#11905,1000.);
#3341=VECTOR('',#11906,1000.);
#3342=VECTOR('',#11907,1000.);
#3343=VECTOR('',#11908,1000.);
#3344=VECTOR('',#11909,1000.);
#3345=VECTOR('',#11910,1000.);
#3346=VECTOR('',#11911,1000.);
#3347=VECTOR('',#11912,1000.);
#3348=VECTOR('',#11913,1000.);
#3349=VECTOR('',#11914,1000.);
#3350=VECTOR('',#11915,1000.);
#3351=VECTOR('',#11918,1000.);
#3352=VECTOR('',#11919,1000.);
#3353=VECTOR('',#11920,1000.);
#3354=VECTOR('',#11921,1000.);
#3355=VECTOR('',#11922,1000.);
#3356=VECTOR('',#11923,1000.);
#3357=VECTOR('',#11924,1000.);
#3358=VECTOR('',#11925,1000.);
#3359=VECTOR('',#11926,1000.);
#3360=VECTOR('',#11927,1000.);
#3361=VECTOR('',#11928,1000.);
#3362=VECTOR('',#11929,1000.);
#3363=VECTOR('',#11930,1000.);
#3364=VECTOR('',#11931,1000.);
#3365=VECTOR('',#11932,1000.);
#3366=VECTOR('',#11933,1000.);
#3367=VECTOR('',#11934,1000.);
#3368=VECTOR('',#11935,1000.);
#3369=VECTOR('',#11936,1000.);
#3370=VECTOR('',#11937,1000.);
#3371=VECTOR('',#11938,1000.);
#3372=VECTOR('',#11939,1000.);
#3373=VECTOR('',#11940,1000.);
#3374=VECTOR('',#11941,1000.);
#3375=VECTOR('',#11942,1000.);
#3376=VECTOR('',#11943,1000.);
#3377=VECTOR('',#11944,1000.);
#3378=VECTOR('',#11945,1000.);
#3379=VECTOR('',#11946,1000.);
#3380=VECTOR('',#11947,1000.);
#3381=VECTOR('',#11948,1000.);
#3382=VECTOR('',#11949,1000.);
#3383=VECTOR('',#11952,1000.);
#3384=VECTOR('',#11953,1000.);
#3385=VECTOR('',#11954,1000.);
#3386=VECTOR('',#11955,1000.);
#3387=VECTOR('',#11956,1000.);
#3388=VECTOR('',#11957,1000.);
#3389=VECTOR('',#11958,1000.);
#3390=VECTOR('',#11959,1000.);
#3391=VECTOR('',#11960,1000.);
#3392=VECTOR('',#11961,1000.);
#3393=VECTOR('',#11962,1000.);
#3394=VECTOR('',#11963,1000.);
#3395=VECTOR('',#11964,1000.);
#3396=VECTOR('',#11965,1000.);
#3397=VECTOR('',#11966,1000.);
#3398=VECTOR('',#11967,1000.);
#3399=VECTOR('',#11968,1000.);
#3400=VECTOR('',#11969,1000.);
#3401=VECTOR('',#11970,1000.);
#3402=VECTOR('',#11971,1000.);
#3403=VECTOR('',#11972,1000.);
#3404=VECTOR('',#11973,1000.);
#3405=VECTOR('',#11974,1000.);
#3406=VECTOR('',#11975,1000.);
#3407=VECTOR('',#11976,1000.);
#3408=VECTOR('',#11977,1000.);
#3409=VECTOR('',#11978,1000.);
#3410=VECTOR('',#11979,1000.);
#3411=VECTOR('',#11980,1000.);
#3412=VECTOR('',#11981,1000.);
#3413=VECTOR('',#11982,1000.);
#3414=VECTOR('',#11983,1000.);
#3415=VECTOR('',#11988,1000.);
#3416=VECTOR('',#11989,1000.);
#3417=VECTOR('',#11990,1000.);
#3418=VECTOR('',#11993,1000.);
#3419=VECTOR('',#11994,1000.);
#3420=VECTOR('',#11995,1000.);
#3421=VECTOR('',#11996,1000.);
#3422=VECTOR('',#11997,1000.);
#3423=VECTOR('',#11998,1000.);
#3424=VECTOR('',#12001,1000.);
#3425=VECTOR('',#12002,1000.);
#3426=VECTOR('',#12003,1000.);
#3427=VECTOR('',#12004,1000.);
#3428=VECTOR('',#12005,1000.);
#3429=VECTOR('',#12006,1000.);
#3430=VECTOR('',#12009,1000.);
#3431=VECTOR('',#12010,1000.);
#3432=VECTOR('',#12011,1000.);
#3433=VECTOR('',#12012,1000.);
#3434=VECTOR('',#12013,1000.);
#3435=VECTOR('',#12014,1000.);
#3436=VECTOR('',#12017,1000.);
#3437=VECTOR('',#12018,1000.);
#3438=VECTOR('',#12019,1000.);
#3439=VECTOR('',#12020,1000.);
#3440=VECTOR('',#12021,1000.);
#3441=VECTOR('',#12022,1000.);
#3442=VECTOR('',#12025,1000.);
#3443=VECTOR('',#12026,1000.);
#3444=VECTOR('',#12027,1000.);
#3445=VECTOR('',#12028,1000.);
#3446=VECTOR('',#12029,1000.);
#3447=VECTOR('',#12030,1000.);
#3448=VECTOR('',#12033,1000.);
#3449=VECTOR('',#12034,1000.);
#3450=VECTOR('',#12035,1000.);
#3451=VECTOR('',#12036,1000.);
#3452=VECTOR('',#12037,1000.);
#3453=VECTOR('',#12038,1000.);
#3454=VECTOR('',#12041,1000.);
#3455=VECTOR('',#12042,1000.);
#3456=VECTOR('',#12043,1000.);
#3457=VECTOR('',#12046,1000.);
#3458=VECTOR('',#12047,1000.);
#3459=VECTOR('',#12048,1000.);
#3460=VECTOR('',#12051,1000.);
#3461=VECTOR('',#12052,1000.);
#3462=VECTOR('',#12053,1000.);
#3463=VECTOR('',#12054,1000.);
#3464=VECTOR('',#12055,1000.);
#3465=VECTOR('',#12056,1000.);
#3466=VECTOR('',#12059,1000.);
#3467=VECTOR('',#12060,1000.);
#3468=VECTOR('',#12061,1000.);
#3469=VECTOR('',#12062,1000.);
#3470=VECTOR('',#12063,1000.);
#3471=VECTOR('',#12064,1000.);
#3472=VECTOR('',#12067,1000.);
#3473=VECTOR('',#12068,1000.);
#3474=VECTOR('',#12069,1000.);
#3475=VECTOR('',#12070,1000.);
#3476=VECTOR('',#12071,1000.);
#3477=VECTOR('',#12072,1000.);
#3478=VECTOR('',#12075,1000.);
#3479=VECTOR('',#12076,1000.);
#3480=VECTOR('',#12077,1000.);
#3481=VECTOR('',#12078,1000.);
#3482=VECTOR('',#12079,1000.);
#3483=VECTOR('',#12080,1000.);
#3484=VECTOR('',#12083,1000.);
#3485=VECTOR('',#12084,1000.);
#3486=VECTOR('',#12085,1000.);
#3487=VECTOR('',#12086,1000.);
#3488=VECTOR('',#12087,1000.);
#3489=VECTOR('',#12088,1000.);
#3490=VECTOR('',#12091,1000.);
#3491=VECTOR('',#12092,1000.);
#3492=VECTOR('',#12093,1000.);
#3493=VECTOR('',#12094,1000.);
#3494=VECTOR('',#12095,1000.);
#3495=VECTOR('',#12096,1000.);
#3496=VECTOR('',#12099,1000.);
#3497=VECTOR('',#12100,1000.);
#3498=VECTOR('',#12101,1000.);
#3499=VECTOR('',#12104,1000.);
#3500=VECTOR('',#12105,1000.);
#3501=VECTOR('',#12106,1000.);
#3502=VECTOR('',#12107,1000.);
#3503=VECTOR('',#12108,1000.);
#3504=VECTOR('',#12109,1000.);
#3505=VECTOR('',#12110,1000.);
#3506=VECTOR('',#12111,1000.);
#3507=VECTOR('',#12112,1000.);
#3508=VECTOR('',#12113,1000.);
#3509=VECTOR('',#12114,1000.);
#3510=VECTOR('',#12115,1000.);
#3511=VECTOR('',#12116,1000.);
#3512=VECTOR('',#12117,1000.);
#3513=VECTOR('',#12118,1000.);
#3514=VECTOR('',#12119,1000.);
#3515=VECTOR('',#12120,1000.);
#3516=VECTOR('',#12121,1000.);
#3517=VECTOR('',#12122,1000.);
#3518=VECTOR('',#12123,1000.);
#3519=VECTOR('',#12124,1000.);
#3520=VECTOR('',#12125,1000.);
#3521=VECTOR('',#12126,1000.);
#3522=VECTOR('',#12127,1000.);
#3523=VECTOR('',#12128,1000.);
#3524=VECTOR('',#12129,1000.);
#3525=VECTOR('',#12130,1000.);
#3526=VECTOR('',#12131,1000.);
#3527=VECTOR('',#12132,1000.);
#3528=VECTOR('',#12133,1000.);
#3529=VECTOR('',#12134,1000.);
#3530=VECTOR('',#12135,1000.);
#3531=VECTOR('',#12136,1000.);
#3532=VECTOR('',#12137,1000.);
#3533=VECTOR('',#12138,1000.);
#3534=VECTOR('',#12139,1000.);
#3535=VECTOR('',#12140,1000.);
#3536=VECTOR('',#12141,1000.);
#3537=VECTOR('',#12142,1000.);
#3538=VECTOR('',#12143,1000.);
#3539=VECTOR('',#12144,1000.);
#3540=VECTOR('',#12145,1000.);
#3541=VECTOR('',#12148,1000.);
#3542=VECTOR('',#12149,1000.);
#3543=VECTOR('',#12150,1000.);
#3544=VECTOR('',#12153,1000.);
#3545=VECTOR('',#12154,1000.);
#3546=VECTOR('',#12155,1000.);
#3547=VECTOR('',#12156,1000.);
#3548=VECTOR('',#12157,1000.);
#3549=VECTOR('',#12158,1000.);
#3550=VECTOR('',#12161,1000.);
#3551=VECTOR('',#12162,1000.);
#3552=VECTOR('',#12163,1000.);
#3553=VECTOR('',#12164,1000.);
#3554=VECTOR('',#12165,1000.);
#3555=VECTOR('',#12166,1000.);
#3556=VECTOR('',#12169,1000.);
#3557=VECTOR('',#12170,1000.);
#3558=VECTOR('',#12171,1000.);
#3559=VECTOR('',#12172,1000.);
#3560=VECTOR('',#12173,1000.);
#3561=VECTOR('',#12174,1000.);
#3562=VECTOR('',#12177,1000.);
#3563=VECTOR('',#12178,1000.);
#3564=VECTOR('',#12179,1000.);
#3565=VECTOR('',#12180,1000.);
#3566=VECTOR('',#12181,1000.);
#3567=VECTOR('',#12182,1000.);
#3568=VECTOR('',#12185,1000.);
#3569=VECTOR('',#12186,1000.);
#3570=VECTOR('',#12187,1000.);
#3571=VECTOR('',#12188,1000.);
#3572=VECTOR('',#12189,1000.);
#3573=VECTOR('',#12190,1000.);
#3574=VECTOR('',#12193,1000.);
#3575=VECTOR('',#12194,1000.);
#3576=VECTOR('',#12195,1000.);
#3577=VECTOR('',#12196,1000.);
#3578=VECTOR('',#12197,1000.);
#3579=VECTOR('',#12198,1000.);
#3580=VECTOR('',#12201,1000.);
#3581=VECTOR('',#12202,1000.);
#3582=VECTOR('',#12203,1000.);
#3583=VECTOR('',#12204,1000.);
#3584=VECTOR('',#12207,1000.);
#3585=VECTOR('',#12208,1000.);
#3586=VECTOR('',#12211,1000.);
#3587=VECTOR('',#12212,1000.);
#3588=VECTOR('',#12213,1000.);
#3589=VECTOR('',#12216,1000.);
#3590=VECTOR('',#12217,1000.);
#3591=VECTOR('',#12220,1000.);
#3592=VECTOR('',#12223,1000.);
#3593=VECTOR('',#12224,1000.);
#3594=VECTOR('',#12227,1000.);
#3595=VECTOR('',#12228,1000.);
#3596=VECTOR('',#12229,1000.);
#3597=VECTOR('',#12230,1000.);
#3598=VECTOR('',#12233,1000.);
#3599=VECTOR('',#12236,1000.);
#3600=VECTOR('',#12239,1000.);
#3601=VECTOR('',#12240,1000.);
#3602=VECTOR('',#12243,1000.);
#3603=VECTOR('',#12244,1000.);
#3604=VECTOR('',#12245,1000.);
#3605=VECTOR('',#12246,1000.);
#3606=VECTOR('',#12249,1000.);
#3607=VECTOR('',#12252,1000.);
#3608=VECTOR('',#12255,1000.);
#3609=VECTOR('',#12256,1000.);
#3610=VECTOR('',#12259,1000.);
#3611=VECTOR('',#12260,1000.);
#3612=VECTOR('',#12261,1000.);
#3613=VECTOR('',#12262,1000.);
#3614=VECTOR('',#12265,1000.);
#3615=VECTOR('',#12268,1000.);
#3616=VECTOR('',#12271,1000.);
#3617=VECTOR('',#12272,1000.);
#3618=VECTOR('',#12275,1000.);
#3619=VECTOR('',#12276,1000.);
#3620=VECTOR('',#12277,1000.);
#3621=VECTOR('',#12278,1000.);
#3622=VECTOR('',#12281,1000.);
#3623=VECTOR('',#12284,1000.);
#3624=VECTOR('',#12287,1000.);
#3625=VECTOR('',#12288,1000.);
#3626=VECTOR('',#12291,1000.);
#3627=VECTOR('',#12292,1000.);
#3628=VECTOR('',#12293,1000.);
#3629=VECTOR('',#12294,1000.);
#3630=VECTOR('',#12297,1000.);
#3631=VECTOR('',#12300,1000.);
#3632=VECTOR('',#12303,1000.);
#3633=VECTOR('',#12304,1000.);
#3634=VECTOR('',#12307,1000.);
#3635=VECTOR('',#12308,1000.);
#3636=VECTOR('',#12311,1000.);
#3637=VECTOR('',#12312,1000.);
#3638=VECTOR('',#12313,1000.);
#3639=VECTOR('',#12316,1000.);
#3640=VECTOR('',#12319,1000.);
#3641=VECTOR('',#12320,1000.);
#3642=VECTOR('',#12323,1000.);
#3643=VECTOR('',#12324,1000.);
#3644=VECTOR('',#12325,1000.);
#3645=VECTOR('',#12326,1000.);
#3646=VECTOR('',#12327,1000.);
#3647=VECTOR('',#12330,1000.);
#3648=VECTOR('',#12333,1000.);
#3649=VECTOR('',#12334,1000.);
#3650=VECTOR('',#12337,1000.);
#3651=VECTOR('',#12338,1000.);
#3652=VECTOR('',#12339,1000.);
#3653=VECTOR('',#12340,1000.);
#3654=VECTOR('',#12341,1000.);
#3655=VECTOR('',#12344,1000.);
#3656=VECTOR('',#12347,1000.);
#3657=VECTOR('',#12348,1000.);
#3658=VECTOR('',#12351,1000.);
#3659=VECTOR('',#12352,1000.);
#3660=VECTOR('',#12353,1000.);
#3661=VECTOR('',#12354,1000.);
#3662=VECTOR('',#12355,1000.);
#3663=VECTOR('',#12358,1000.);
#3664=VECTOR('',#12361,1000.);
#3665=VECTOR('',#12362,1000.);
#3666=VECTOR('',#12365,1000.);
#3667=VECTOR('',#12366,1000.);
#3668=VECTOR('',#12367,1000.);
#3669=VECTOR('',#12368,1000.);
#3670=VECTOR('',#12369,1000.);
#3671=VECTOR('',#12372,1000.);
#3672=VECTOR('',#12375,1000.);
#3673=VECTOR('',#12376,1000.);
#3674=VECTOR('',#12379,1000.);
#3675=VECTOR('',#12380,1000.);
#3676=VECTOR('',#12381,1000.);
#3677=VECTOR('',#12382,1000.);
#3678=VECTOR('',#12383,1000.);
#3679=VECTOR('',#12386,1000.);
#3680=VECTOR('',#12389,1000.);
#3681=VECTOR('',#12390,1000.);
#3682=VECTOR('',#12393,1000.);
#3683=VECTOR('',#12394,1000.);
#3684=VECTOR('',#12395,1000.);
#3685=VECTOR('',#12396,1000.);
#3686=VECTOR('',#12397,1000.);
#3687=VECTOR('',#12400,1000.);
#3688=VECTOR('',#12403,1000.);
#3689=VECTOR('',#12404,1000.);
#3690=VECTOR('',#12407,1000.);
#3691=VECTOR('',#12408,1000.);
#3692=VECTOR('',#12409,1000.);
#3693=VECTOR('',#12410,1000.);
#3694=VECTOR('',#12411,1000.);
#3695=VECTOR('',#12414,1000.);
#3696=VECTOR('',#12417,1000.);
#3697=VECTOR('',#12418,1000.);
#3698=VECTOR('',#12421,1000.);
#3699=VECTOR('',#12422,1000.);
#3700=VECTOR('',#12423,1000.);
#3701=VECTOR('',#12426,1000.);
#3702=VECTOR('',#12427,1000.);
#3703=VECTOR('',#12430,1000.);
#3704=VECTOR('',#12433,1000.);
#3705=VECTOR('',#12434,1000.);
#3706=VECTOR('',#12437,1000.);
#3707=VECTOR('',#12438,1000.);
#3708=VECTOR('',#12439,1000.);
#3709=VECTOR('',#12440,1000.);
#3710=VECTOR('',#12443,1000.);
#3711=VECTOR('',#12444,1000.);
#3712=VECTOR('',#12447,1000.);
#3713=VECTOR('',#12450,1000.);
#3714=VECTOR('',#12451,1000.);
#3715=VECTOR('',#12454,1000.);
#3716=VECTOR('',#12455,1000.);
#3717=VECTOR('',#12456,1000.);
#3718=VECTOR('',#12457,1000.);
#3719=VECTOR('',#12460,1000.);
#3720=VECTOR('',#12463,1000.);
#3721=VECTOR('',#12466,1000.);
#3722=VECTOR('',#12467,1000.);
#3723=VECTOR('',#12470,1000.);
#3724=VECTOR('',#12471,1000.);
#3725=VECTOR('',#12472,1000.);
#3726=VECTOR('',#12473,1000.);
#3727=VECTOR('',#12476,1000.);
#3728=VECTOR('',#12479,1000.);
#3729=VECTOR('',#12482,1000.);
#3730=VECTOR('',#12483,1000.);
#3731=VECTOR('',#12486,1000.);
#3732=VECTOR('',#12487,1000.);
#3733=VECTOR('',#12488,1000.);
#3734=VECTOR('',#12489,1000.);
#3735=VECTOR('',#12492,1000.);
#3736=VECTOR('',#12495,1000.);
#3737=VECTOR('',#12498,1000.);
#3738=VECTOR('',#12499,1000.);
#3739=VECTOR('',#12502,1000.);
#3740=VECTOR('',#12503,1000.);
#3741=VECTOR('',#12504,1000.);
#3742=VECTOR('',#12505,1000.);
#3743=VECTOR('',#12508,1000.);
#3744=VECTOR('',#12511,1000.);
#3745=VECTOR('',#12514,1000.);
#3746=VECTOR('',#12515,1000.);
#3747=VECTOR('',#12518,1000.);
#3748=VECTOR('',#12519,1000.);
#3749=VECTOR('',#12520,1000.);
#3750=VECTOR('',#12521,1000.);
#3751=VECTOR('',#12524,1000.);
#3752=VECTOR('',#12527,1000.);
#3753=VECTOR('',#12530,1000.);
#3754=VECTOR('',#12531,1000.);
#3755=VECTOR('',#12534,1000.);
#3756=VECTOR('',#12535,1000.);
#3757=VECTOR('',#12536,1000.);
#3758=VECTOR('',#12539,1000.);
#3759=VECTOR('',#12540,1000.);
#3760=VECTOR('',#12543,1000.);
#3761=VECTOR('',#12546,1000.);
#3762=VECTOR('',#12547,1000.);
#3763=VECTOR('',#12550,1000.);
#3764=VECTOR('',#12551,1000.);
#3765=VECTOR('',#12552,1000.);
#3766=VECTOR('',#12553,1000.);
#3767=VECTOR('',#12554,1000.);
#3768=VECTOR('',#12559,1000.);
#3769=VECTOR('',#12562,1000.);
#3770=VECTOR('',#12563,1000.);
#3771=VECTOR('',#12566,1000.);
#3772=VECTOR('',#12567,1000.);
#3773=VECTOR('',#12568,1000.);
#3774=VECTOR('',#12569,1000.);
#3775=VECTOR('',#12570,1000.);
#3776=VECTOR('',#12575,1000.);
#3777=VECTOR('',#12578,1000.);
#3778=VECTOR('',#12579,1000.);
#3779=VECTOR('',#12582,1000.);
#3780=VECTOR('',#12583,1000.);
#3781=VECTOR('',#12584,1000.);
#3782=VECTOR('',#12585,1000.);
#3783=VECTOR('',#12586,1000.);
#3784=VECTOR('',#12591,1000.);
#3785=VECTOR('',#12594,1000.);
#3786=VECTOR('',#12595,1000.);
#3787=VECTOR('',#12598,1000.);
#3788=VECTOR('',#12599,1000.);
#3789=VECTOR('',#12600,1000.);
#3790=VECTOR('',#12601,1000.);
#3791=VECTOR('',#12602,1000.);
#3792=VECTOR('',#12607,1000.);
#3793=VECTOR('',#12610,1000.);
#3794=VECTOR('',#12611,1000.);
#3795=VECTOR('',#12614,1000.);
#3796=VECTOR('',#12615,1000.);
#3797=VECTOR('',#12616,1000.);
#3798=VECTOR('',#12617,1000.);
#3799=VECTOR('',#12618,1000.);
#3800=VECTOR('',#12623,1000.);
#3801=VECTOR('',#12626,1000.);
#3802=VECTOR('',#12627,1000.);
#3803=VECTOR('',#12630,1000.);
#3804=VECTOR('',#12631,1000.);
#3805=VECTOR('',#12632,1000.);
#3806=VECTOR('',#12635,1000.);
#3807=VECTOR('',#12636,1000.);
#3808=VECTOR('',#12639,1000.);
#3809=VECTOR('',#12642,1000.);
#3810=VECTOR('',#12645,1000.);
#3811=VECTOR('',#12648,1000.);
#3812=VECTOR('',#12651,1000.);
#3813=VECTOR('',#12654,1000.);
#3814=VECTOR('',#12659,1000.);
#3815=VECTOR('',#12662,1000.);
#3816=VECTOR('',#12665,1000.);
#3817=VECTOR('',#12668,1000.);
#3818=VECTOR('',#12673,1000.);
#3819=VECTOR('',#12676,1000.);
#3820=VECTOR('',#12679,1000.);
#3821=VECTOR('',#12682,1000.);
#3822=VECTOR('',#12687,1000.);
#3823=VECTOR('',#12690,1000.);
#3824=VECTOR('',#12693,1000.);
#3825=VECTOR('',#12696,1000.);
#3826=VECTOR('',#12701,1000.);
#3827=VECTOR('',#12704,1000.);
#3828=VECTOR('',#12707,1000.);
#3829=VECTOR('',#12710,1000.);
#3830=VECTOR('',#12715,1000.);
#3831=VECTOR('',#12718,1000.);
#3832=VECTOR('',#12721,1000.);
#3833=VECTOR('',#12724,1000.);
#3834=VECTOR('',#12729,1000.);
#3835=VECTOR('',#12732,1000.);
#3836=VECTOR('',#12735,1000.);
#3837=VECTOR('',#12738,1000.);
#3838=VECTOR('',#12743,1000.);
#3839=VECTOR('',#12748,1000.);
#3840=VECTOR('',#12753,1000.);
#3841=VECTOR('',#12758,1000.);
#3842=VECTOR('',#12763,1000.);
#3843=VECTOR('',#12768,1000.);
#3844=VECTOR('',#12773,1000.);
#3845=VECTOR('',#12778,1000.);
#3846=VECTOR('',#12783,1000.);
#3847=VECTOR('',#12788,1000.);
#3848=VECTOR('',#12793,1000.);
#3849=VECTOR('',#12798,1000.);
#3850=VECTOR('',#12803,1000.);
#3851=VECTOR('',#12808,1000.);
#3852=VECTOR('',#12813,1000.);
#3853=VECTOR('',#12816,1000.);
#3854=VECTOR('',#12819,1000.);
#3855=VECTOR('',#12822,1000.);
#3856=VECTOR('',#12827,1000.);
#3857=VECTOR('',#12830,1000.);
#3858=VECTOR('',#12833,1000.);
#3859=VECTOR('',#12836,1000.);
#3860=VECTOR('',#12841,1000.);
#3861=VECTOR('',#12844,1000.);
#3862=VECTOR('',#12847,1000.);
#3863=VECTOR('',#12850,1000.);
#3864=VECTOR('',#12855,1000.);
#3865=VECTOR('',#12858,1000.);
#3866=VECTOR('',#12861,1000.);
#3867=VECTOR('',#12864,1000.);
#3868=VECTOR('',#12869,1000.);
#3869=VECTOR('',#12872,1000.);
#3870=VECTOR('',#12875,1000.);
#3871=VECTOR('',#12878,1000.);
#3872=VECTOR('',#12883,1000.);
#3873=VECTOR('',#12886,1000.);
#3874=VECTOR('',#12889,1000.);
#3875=VECTOR('',#12892,1000.);
#3876=VECTOR('',#12897,1000.);
#3877=VECTOR('',#12900,1000.);
#3878=VECTOR('',#12903,1000.);
#3879=VECTOR('',#12906,1000.);
#3880=VECTOR('',#12909,1000.);
#3881=VECTOR('',#12914,1000.);
#3882=VECTOR('',#12917,1000.);
#3883=VECTOR('',#12920,1000.);
#3884=VECTOR('',#12923,1000.);
#3885=VECTOR('',#12928,1000.);
#3886=VECTOR('',#12931,1000.);
#3887=VECTOR('',#12934,1000.);
#3888=VECTOR('',#12937,1000.);
#3889=VECTOR('',#12942,1000.);
#3890=VECTOR('',#12945,1000.);
#3891=VECTOR('',#12948,1000.);
#3892=VECTOR('',#12951,1000.);
#3893=VECTOR('',#12956,1000.);
#3894=VECTOR('',#12959,1000.);
#3895=VECTOR('',#12962,1000.);
#3896=VECTOR('',#12965,1000.);
#3897=VECTOR('',#12970,1000.);
#3898=VECTOR('',#12973,1000.);
#3899=VECTOR('',#12976,1000.);
#3900=VECTOR('',#12979,1000.);
#3901=VECTOR('',#12984,1000.);
#3902=VECTOR('',#12987,1000.);
#3903=VECTOR('',#12990,1000.);
#3904=VECTOR('',#12993,1000.);
#3905=VECTOR('',#12998,1000.);
#3906=VECTOR('',#13001,1000.);
#3907=VECTOR('',#13004,1000.);
#3908=VECTOR('',#13061,1000.);
#3909=VECTOR('',#13064,1000.);
#3910=VECTOR('',#13067,1000.);
#3911=VECTOR('',#13068,1000.);
#3912=VECTOR('',#13069,1000.);
#3913=VECTOR('',#13070,1000.);
#3914=VECTOR('',#13071,1000.);
#3915=VECTOR('',#13072,1000.);
#3916=VECTOR('',#13073,1000.);
#3917=VECTOR('',#13076,1000.);
#3918=VECTOR('',#13077,1000.);
#3919=VECTOR('',#13078,1000.);
#3920=VECTOR('',#13081,1000.);
#3921=VECTOR('',#13084,1000.);
#3922=VECTOR('',#13085,1000.);
#3923=VECTOR('',#13088,1000.);
#3924=VECTOR('',#13089,1000.);
#3925=VECTOR('',#13092,1000.);
#3926=VECTOR('',#13093,1000.);
#3927=VECTOR('',#13096,1000.);
#3928=VECTOR('',#13097,1000.);
#3929=VECTOR('',#13100,1000.);
#3930=VECTOR('',#13107,1000.);
#3931=VECTOR('',#13110,1000.);
#3932=VECTOR('',#13113,1000.);
#3933=VECTOR('',#13114,1000.);
#3934=VECTOR('',#13115,1000.);
#3935=VECTOR('',#13116,1000.);
#3936=VECTOR('',#13117,1000.);
#3937=VECTOR('',#13118,1000.);
#3938=VECTOR('',#13119,1000.);
#3939=VECTOR('',#13122,1000.);
#3940=VECTOR('',#13123,1000.);
#3941=VECTOR('',#13124,1000.);
#3942=VECTOR('',#13127,1000.);
#3943=VECTOR('',#13128,1000.);
#3944=VECTOR('',#13131,1000.);
#3945=VECTOR('',#13132,1000.);
#3946=VECTOR('',#13135,1000.);
#3947=VECTOR('',#13136,1000.);
#3948=VECTOR('',#13139,1000.);
#3949=VECTOR('',#13142,1000.);
#3950=VECTOR('',#13143,1000.);
#3951=VECTOR('',#13146,1000.);
#3952=VECTOR('',#13151,1000.);
#3953=VECTOR('',#13152,1000.);
#3954=VECTOR('',#13153,1000.);
#3955=VECTOR('',#13154,1000.);
#3956=VECTOR('',#13157,1000.);
#3957=VECTOR('',#13158,1000.);
#3958=VECTOR('',#13159,1000.);
#3959=VECTOR('',#13162,1000.);
#3960=VECTOR('',#13163,1000.);
#3961=VECTOR('',#13164,1000.);
#3962=VECTOR('',#13167,1000.);
#3963=VECTOR('',#13168,1000.);
#3964=VECTOR('',#13171,1000.);
#3965=VECTOR('',#13172,1000.);
#3966=VECTOR('',#13175,1000.);
#3967=VECTOR('',#13176,1000.);
#3968=VECTOR('',#13179,1000.);
#3969=VECTOR('',#13180,1000.);
#3970=VECTOR('',#13183,1000.);
#3971=VECTOR('',#13188,1000.);
#3972=VECTOR('',#13189,1000.);
#3973=VECTOR('',#13192,1000.);
#3974=VECTOR('',#13197,1000.);
#3975=VECTOR('',#13198,1000.);
#3976=VECTOR('',#13199,1000.);
#3977=VECTOR('',#13200,1000.);
#3978=VECTOR('',#13201,1000.);
#3979=VECTOR('',#13202,1000.);
#3980=VECTOR('',#13203,1000.);
#3981=VECTOR('',#13208,1000.);
#3982=VECTOR('',#13209,1000.);
#3983=VECTOR('',#13210,1000.);
#3984=VECTOR('',#13213,1000.);
#3985=VECTOR('',#13214,1000.);
#3986=VECTOR('',#13217,1000.);
#3987=VECTOR('',#13222,1000.);
#3988=VECTOR('',#13223,1000.);
#3989=VECTOR('',#13226,1000.);
#3990=VECTOR('',#13227,1000.);
#3991=VECTOR('',#13230,1000.);
#3992=VECTOR('',#13231,1000.);
#3993=VECTOR('',#13234,1000.);
#3994=VECTOR('',#13235,1000.);
#3995=VECTOR('',#13238,1000.);
#3996=VECTOR('',#13243,1000.);
#3997=VECTOR('',#13244,1000.);
#3998=VECTOR('',#13245,1000.);
#3999=VECTOR('',#13246,1000.);
#4000=VECTOR('',#13247,1000.);
#4001=VECTOR('',#13248,1000.);
#4002=VECTOR('',#13249,1000.);
#4003=VECTOR('',#13254,1000.);
#4004=VECTOR('',#13255,1000.);
#4005=VECTOR('',#13256,1000.);
#4006=VECTOR('',#13259,1000.);
#4007=VECTOR('',#13260,1000.);
#4008=VECTOR('',#13263,1000.);
#4009=VECTOR('',#13268,1000.);
#4010=VECTOR('',#13269,1000.);
#4011=VECTOR('',#13272,1000.);
#4012=VECTOR('',#13273,1000.);
#4013=VECTOR('',#13276,1000.);
#4014=VECTOR('',#13277,1000.);
#4015=VECTOR('',#13280,1000.);
#4016=VECTOR('',#13281,1000.);
#4017=VECTOR('',#13284,1000.);
#4018=VECTOR('',#13289,1000.);
#4019=VECTOR('',#13290,1000.);
#4020=VECTOR('',#13293,1000.);
#4021=VECTOR('',#13294,1000.);
#4022=VECTOR('',#13295,1000.);
#4023=VECTOR('',#13296,1000.);
#4024=VECTOR('',#13297,1000.);
#4025=VECTOR('',#13300,1000.);
#4026=VECTOR('',#13301,1000.);
#4027=VECTOR('',#13302,1000.);
#4028=VECTOR('',#13305,1000.);
#4029=VECTOR('',#13306,1000.);
#4030=VECTOR('',#13309,1000.);
#4031=VECTOR('',#13310,1000.);
#4032=VECTOR('',#13313,1000.);
#4033=VECTOR('',#13318,1000.);
#4034=VECTOR('',#13319,1000.);
#4035=VECTOR('',#13322,1000.);
#4036=VECTOR('',#13323,1000.);
#4037=VECTOR('',#13326,1000.);
#4038=VECTOR('',#13327,1000.);
#4039=VECTOR('',#13330,1000.);
#4040=VECTOR('',#13335,1000.);
#4041=VECTOR('',#13336,1000.);
#4042=VECTOR('',#13337,1000.);
#4043=VECTOR('',#13338,1000.);
#4044=VECTOR('',#13341,1000.);
#4045=VECTOR('',#13342,1000.);
#4046=VECTOR('',#13343,1000.);
#4047=VECTOR('',#13346,1000.);
#4048=VECTOR('',#13347,1000.);
#4049=VECTOR('',#13348,1000.);
#4050=VECTOR('',#13351,1000.);
#4051=VECTOR('',#13352,1000.);
#4052=VECTOR('',#13355,1000.);
#4053=VECTOR('',#13356,1000.);
#4054=VECTOR('',#13359,1000.);
#4055=VECTOR('',#13360,1000.);
#4056=VECTOR('',#13363,1000.);
#4057=VECTOR('',#13364,1000.);
#4058=VECTOR('',#13367,1000.);
#4059=VECTOR('',#13372,1000.);
#4060=VECTOR('',#13373,1000.);
#4061=VECTOR('',#13376,1000.);
#4062=VECTOR('',#13381,1000.);
#4063=VECTOR('',#13382,1000.);
#4064=VECTOR('',#13383,1000.);
#4065=VECTOR('',#13384,1000.);
#4066=VECTOR('',#13385,1000.);
#4067=VECTOR('',#13386,1000.);
#4068=VECTOR('',#13387,1000.);
#4069=VECTOR('',#13390,1000.);
#4070=VECTOR('',#13393,1000.);
#4071=VECTOR('',#13394,1000.);
#4072=VECTOR('',#13395,1000.);
#4073=VECTOR('',#13398,1000.);
#4074=VECTOR('',#13399,1000.);
#4075=VECTOR('',#13402,1000.);
#4076=VECTOR('',#13403,1000.);
#4077=VECTOR('',#13406,1000.);
#4078=VECTOR('',#13411,1000.);
#4079=VECTOR('',#13412,1000.);
#4080=VECTOR('',#13415,1000.);
#4081=VECTOR('',#13416,1000.);
#4082=VECTOR('',#13419,1000.);
#4083=VECTOR('',#13420,1000.);
#4084=VECTOR('',#13423,1000.);
#4085=VECTOR('',#13424,1000.);
#4086=VECTOR('',#13427,1000.);
#4087=VERTEX_POINT('',#13432);
#4088=VERTEX_POINT('',#13433);
#4089=VERTEX_POINT('',#13435);
#4090=VERTEX_POINT('',#13437);
#4091=VERTEX_POINT('',#13439);
#4092=VERTEX_POINT('',#13441);
#4093=VERTEX_POINT('',#13443);
#4094=VERTEX_POINT('',#13445);
#4095=VERTEX_POINT('',#13449);
#4096=VERTEX_POINT('',#13451);
#4097=VERTEX_POINT('',#13455);
#4098=VERTEX_POINT('',#13459);
#4099=VERTEX_POINT('',#13463);
#4100=VERTEX_POINT('',#13467);
#4101=VERTEX_POINT('',#13471);
#4102=VERTEX_POINT('',#13475);
#4103=VERTEX_POINT('',#13482);
#4104=VERTEX_POINT('',#13483);
#4105=VERTEX_POINT('',#13485);
#4106=VERTEX_POINT('',#13487);
#4107=VERTEX_POINT('',#13489);
#4108=VERTEX_POINT('',#13491);
#4109=VERTEX_POINT('',#13493);
#4110=VERTEX_POINT('',#13495);
#4111=VERTEX_POINT('',#13499);
#4112=VERTEX_POINT('',#13501);
#4113=VERTEX_POINT('',#13505);
#4114=VERTEX_POINT('',#13509);
#4115=VERTEX_POINT('',#13513);
#4116=VERTEX_POINT('',#13517);
#4117=VERTEX_POINT('',#13521);
#4118=VERTEX_POINT('',#13525);
#4119=VERTEX_POINT('',#13532);
#4120=VERTEX_POINT('',#13533);
#4121=VERTEX_POINT('',#13535);
#4122=VERTEX_POINT('',#13537);
#4123=VERTEX_POINT('',#13539);
#4124=VERTEX_POINT('',#13541);
#4125=VERTEX_POINT('',#13543);
#4126=VERTEX_POINT('',#13545);
#4127=VERTEX_POINT('',#13549);
#4128=VERTEX_POINT('',#13551);
#4129=VERTEX_POINT('',#13555);
#4130=VERTEX_POINT('',#13559);
#4131=VERTEX_POINT('',#13563);
#4132=VERTEX_POINT('',#13567);
#4133=VERTEX_POINT('',#13571);
#4134=VERTEX_POINT('',#13575);
#4135=VERTEX_POINT('',#13582);
#4136=VERTEX_POINT('',#13583);
#4137=VERTEX_POINT('',#13585);
#4138=VERTEX_POINT('',#13587);
#4139=VERTEX_POINT('',#13591);
#4140=VERTEX_POINT('',#13592);
#4141=VERTEX_POINT('',#13594);
#4142=VERTEX_POINT('',#13596);
#4143=VERTEX_POINT('',#13598);
#4144=VERTEX_POINT('',#13600);
#4145=VERTEX_POINT('',#13605);
#4146=VERTEX_POINT('',#13609);
#4147=VERTEX_POINT('',#13613);
#4148=VERTEX_POINT('',#13617);
#4149=VERTEX_POINT('',#13621);
#4150=VERTEX_POINT('',#13625);
#4151=VERTEX_POINT('',#13632);
#4152=VERTEX_POINT('',#13633);
#4153=VERTEX_POINT('',#13635);
#4154=VERTEX_POINT('',#13637);
#4155=VERTEX_POINT('',#13639);
#4156=VERTEX_POINT('',#13641);
#4157=VERTEX_POINT('',#13643);
#4158=VERTEX_POINT('',#13645);
#4159=VERTEX_POINT('',#13649);
#4160=VERTEX_POINT('',#13651);
#4161=VERTEX_POINT('',#13655);
#4162=VERTEX_POINT('',#13659);
#4163=VERTEX_POINT('',#13663);
#4164=VERTEX_POINT('',#13667);
#4165=VERTEX_POINT('',#13671);
#4166=VERTEX_POINT('',#13675);
#4167=VERTEX_POINT('',#13682);
#4168=VERTEX_POINT('',#13683);
#4169=VERTEX_POINT('',#13685);
#4170=VERTEX_POINT('',#13687);
#4171=VERTEX_POINT('',#13689);
#4172=VERTEX_POINT('',#13691);
#4173=VERTEX_POINT('',#13693);
#4174=VERTEX_POINT('',#13695);
#4175=VERTEX_POINT('',#13699);
#4176=VERTEX_POINT('',#13701);
#4177=VERTEX_POINT('',#13705);
#4178=VERTEX_POINT('',#13709);
#4179=VERTEX_POINT('',#13713);
#4180=VERTEX_POINT('',#13717);
#4181=VERTEX_POINT('',#13721);
#4182=VERTEX_POINT('',#13725);
#4183=VERTEX_POINT('',#13732);
#4184=VERTEX_POINT('',#13733);
#4185=VERTEX_POINT('',#13735);
#4186=VERTEX_POINT('',#13737);
#4187=VERTEX_POINT('',#13739);
#4188=VERTEX_POINT('',#13741);
#4189=VERTEX_POINT('',#13743);
#4190=VERTEX_POINT('',#13745);
#4191=VERTEX_POINT('',#13749);
#4192=VERTEX_POINT('',#13751);
#4193=VERTEX_POINT('',#13755);
#4194=VERTEX_POINT('',#13759);
#4195=VERTEX_POINT('',#13763);
#4196=VERTEX_POINT('',#13767);
#4197=VERTEX_POINT('',#13771);
#4198=VERTEX_POINT('',#13775);
#4199=VERTEX_POINT('',#13782);
#4200=VERTEX_POINT('',#13783);
#4201=VERTEX_POINT('',#13785);
#4202=VERTEX_POINT('',#13787);
#4203=VERTEX_POINT('',#13791);
#4204=VERTEX_POINT('',#13793);
#4205=VERTEX_POINT('',#13795);
#4206=VERTEX_POINT('',#13797);
#4207=VERTEX_POINT('',#13799);
#4208=VERTEX_POINT('',#13801);
#4209=VERTEX_POINT('',#13805);
#4210=VERTEX_POINT('',#13809);
#4211=VERTEX_POINT('',#13813);
#4212=VERTEX_POINT('',#13817);
#4213=VERTEX_POINT('',#13821);
#4214=VERTEX_POINT('',#13825);
#4215=VERTEX_POINT('',#13832);
#4216=VERTEX_POINT('',#13833);
#4217=VERTEX_POINT('',#13835);
#4218=VERTEX_POINT('',#13837);
#4219=VERTEX_POINT('',#13839);
#4220=VERTEX_POINT('',#13841);
#4221=VERTEX_POINT('',#13843);
#4222=VERTEX_POINT('',#13845);
#4223=VERTEX_POINT('',#13849);
#4224=VERTEX_POINT('',#13851);
#4225=VERTEX_POINT('',#13855);
#4226=VERTEX_POINT('',#13859);
#4227=VERTEX_POINT('',#13863);
#4228=VERTEX_POINT('',#13867);
#4229=VERTEX_POINT('',#13871);
#4230=VERTEX_POINT('',#13875);
#4231=VERTEX_POINT('',#13882);
#4232=VERTEX_POINT('',#13883);
#4233=VERTEX_POINT('',#13885);
#4234=VERTEX_POINT('',#13887);
#4235=VERTEX_POINT('',#13891);
#4236=VERTEX_POINT('',#13893);
#4237=VERTEX_POINT('',#13895);
#4238=VERTEX_POINT('',#13897);
#4239=VERTEX_POINT('',#13899);
#4240=VERTEX_POINT('',#13901);
#4241=VERTEX_POINT('',#13905);
#4242=VERTEX_POINT('',#13909);
#4243=VERTEX_POINT('',#13913);
#4244=VERTEX_POINT('',#13917);
#4245=VERTEX_POINT('',#13921);
#4246=VERTEX_POINT('',#13925);
#4247=VERTEX_POINT('',#13932);
#4248=VERTEX_POINT('',#13933);
#4249=VERTEX_POINT('',#13935);
#4250=VERTEX_POINT('',#13937);
#4251=VERTEX_POINT('',#13939);
#4252=VERTEX_POINT('',#13941);
#4253=VERTEX_POINT('',#13943);
#4254=VERTEX_POINT('',#13945);
#4255=VERTEX_POINT('',#13949);
#4256=VERTEX_POINT('',#13951);
#4257=VERTEX_POINT('',#13955);
#4258=VERTEX_POINT('',#13959);
#4259=VERTEX_POINT('',#13963);
#4260=VERTEX_POINT('',#13967);
#4261=VERTEX_POINT('',#13971);
#4262=VERTEX_POINT('',#13975);
#4263=VERTEX_POINT('',#13982);
#4264=VERTEX_POINT('',#13983);
#4265=VERTEX_POINT('',#13985);
#4266=VERTEX_POINT('',#13987);
#4267=VERTEX_POINT('',#13991);
#4268=VERTEX_POINT('',#13992);
#4269=VERTEX_POINT('',#13994);
#4270=VERTEX_POINT('',#13996);
#4271=VERTEX_POINT('',#13998);
#4272=VERTEX_POINT('',#14000);
#4273=VERTEX_POINT('',#14005);
#4274=VERTEX_POINT('',#14009);
#4275=VERTEX_POINT('',#14013);
#4276=VERTEX_POINT('',#14017);
#4277=VERTEX_POINT('',#14021);
#4278=VERTEX_POINT('',#14025);
#4279=VERTEX_POINT('',#14032);
#4280=VERTEX_POINT('',#14033);
#4281=VERTEX_POINT('',#14035);
#4282=VERTEX_POINT('',#14037);
#4283=VERTEX_POINT('',#14039);
#4284=VERTEX_POINT('',#14041);
#4285=VERTEX_POINT('',#14043);
#4286=VERTEX_POINT('',#14045);
#4287=VERTEX_POINT('',#14049);
#4288=VERTEX_POINT('',#14051);
#4289=VERTEX_POINT('',#14055);
#4290=VERTEX_POINT('',#14059);
#4291=VERTEX_POINT('',#14063);
#4292=VERTEX_POINT('',#14067);
#4293=VERTEX_POINT('',#14071);
#4294=VERTEX_POINT('',#14075);
#4295=VERTEX_POINT('',#14082);
#4296=VERTEX_POINT('',#14083);
#4297=VERTEX_POINT('',#14085);
#4298=VERTEX_POINT('',#14087);
#4299=VERTEX_POINT('',#14091);
#4300=VERTEX_POINT('',#14093);
#4301=VERTEX_POINT('',#14095);
#4302=VERTEX_POINT('',#14097);
#4303=VERTEX_POINT('',#14099);
#4304=VERTEX_POINT('',#14101);
#4305=VERTEX_POINT('',#14105);
#4306=VERTEX_POINT('',#14109);
#4307=VERTEX_POINT('',#14113);
#4308=VERTEX_POINT('',#14117);
#4309=VERTEX_POINT('',#14121);
#4310=VERTEX_POINT('',#14125);
#4311=VERTEX_POINT('',#14132);
#4312=VERTEX_POINT('',#14133);
#4313=VERTEX_POINT('',#14135);
#4314=VERTEX_POINT('',#14137);
#4315=VERTEX_POINT('',#14139);
#4316=VERTEX_POINT('',#14141);
#4317=VERTEX_POINT('',#14143);
#4318=VERTEX_POINT('',#14145);
#4319=VERTEX_POINT('',#14149);
#4320=VERTEX_POINT('',#14151);
#4321=VERTEX_POINT('',#14155);
#4322=VERTEX_POINT('',#14159);
#4323=VERTEX_POINT('',#14163);
#4324=VERTEX_POINT('',#14167);
#4325=VERTEX_POINT('',#14171);
#4326=VERTEX_POINT('',#14175);
#4327=VERTEX_POINT('',#14182);
#4328=VERTEX_POINT('',#14183);
#4329=VERTEX_POINT('',#14185);
#4330=VERTEX_POINT('',#14187);
#4331=VERTEX_POINT('',#14189);
#4332=VERTEX_POINT('',#14191);
#4333=VERTEX_POINT('',#14193);
#4334=VERTEX_POINT('',#14195);
#4335=VERTEX_POINT('',#14199);
#4336=VERTEX_POINT('',#14201);
#4337=VERTEX_POINT('',#14205);
#4338=VERTEX_POINT('',#14209);
#4339=VERTEX_POINT('',#14213);
#4340=VERTEX_POINT('',#14217);
#4341=VERTEX_POINT('',#14221);
#4342=VERTEX_POINT('',#14225);
#4343=VERTEX_POINT('',#14232);
#4344=VERTEX_POINT('',#14233);
#4345=VERTEX_POINT('',#14235);
#4346=VERTEX_POINT('',#14237);
#4347=VERTEX_POINT('',#14239);
#4348=VERTEX_POINT('',#14241);
#4349=VERTEX_POINT('',#14243);
#4350=VERTEX_POINT('',#14245);
#4351=VERTEX_POINT('',#14249);
#4352=VERTEX_POINT('',#14251);
#4353=VERTEX_POINT('',#14255);
#4354=VERTEX_POINT('',#14259);
#4355=VERTEX_POINT('',#14263);
#4356=VERTEX_POINT('',#14267);
#4357=VERTEX_POINT('',#14271);
#4358=VERTEX_POINT('',#14275);
#4359=VERTEX_POINT('',#14282);
#4360=VERTEX_POINT('',#14283);
#4361=VERTEX_POINT('',#14285);
#4362=VERTEX_POINT('',#14287);
#4363=VERTEX_POINT('',#14289);
#4364=VERTEX_POINT('',#14291);
#4365=VERTEX_POINT('',#14293);
#4366=VERTEX_POINT('',#14295);
#4367=VERTEX_POINT('',#14299);
#4368=VERTEX_POINT('',#14301);
#4369=VERTEX_POINT('',#14305);
#4370=VERTEX_POINT('',#14309);
#4371=VERTEX_POINT('',#14313);
#4372=VERTEX_POINT('',#14317);
#4373=VERTEX_POINT('',#14321);
#4374=VERTEX_POINT('',#14325);
#4375=VERTEX_POINT('',#14332);
#4376=VERTEX_POINT('',#14333);
#4377=VERTEX_POINT('',#14335);
#4378=VERTEX_POINT('',#14337);
#4379=VERTEX_POINT('',#14339);
#4380=VERTEX_POINT('',#14341);
#4381=VERTEX_POINT('',#14343);
#4382=VERTEX_POINT('',#14345);
#4383=VERTEX_POINT('',#14349);
#4384=VERTEX_POINT('',#14351);
#4385=VERTEX_POINT('',#14355);
#4386=VERTEX_POINT('',#14359);
#4387=VERTEX_POINT('',#14363);
#4388=VERTEX_POINT('',#14367);
#4389=VERTEX_POINT('',#14371);
#4390=VERTEX_POINT('',#14375);
#4391=VERTEX_POINT('',#14382);
#4392=VERTEX_POINT('',#14383);
#4393=VERTEX_POINT('',#14385);
#4394=VERTEX_POINT('',#14387);
#4395=VERTEX_POINT('',#14389);
#4396=VERTEX_POINT('',#14391);
#4397=VERTEX_POINT('',#14393);
#4398=VERTEX_POINT('',#14395);
#4399=VERTEX_POINT('',#14399);
#4400=VERTEX_POINT('',#14401);
#4401=VERTEX_POINT('',#14405);
#4402=VERTEX_POINT('',#14409);
#4403=VERTEX_POINT('',#14413);
#4404=VERTEX_POINT('',#14417);
#4405=VERTEX_POINT('',#14421);
#4406=VERTEX_POINT('',#14425);
#4407=VERTEX_POINT('',#14432);
#4408=VERTEX_POINT('',#14434);
#4409=VERTEX_POINT('',#14438);
#4410=VERTEX_POINT('',#14439);
#4411=VERTEX_POINT('',#14441);
#4412=VERTEX_POINT('',#14443);
#4413=VERTEX_POINT('',#14447);
#4414=VERTEX_POINT('',#14448);
#4415=VERTEX_POINT('',#14450);
#4416=VERTEX_POINT('',#14452);
#4417=VERTEX_POINT('',#14456);
#4418=VERTEX_POINT('',#14457);
#4419=VERTEX_POINT('',#14459);
#4420=VERTEX_POINT('',#14461);
#4421=VERTEX_POINT('',#14465);
#4422=VERTEX_POINT('',#14466);
#4423=VERTEX_POINT('',#14468);
#4424=VERTEX_POINT('',#14470);
#4425=VERTEX_POINT('',#14474);
#4426=VERTEX_POINT('',#14475);
#4427=VERTEX_POINT('',#14477);
#4428=VERTEX_POINT('',#14479);
#4429=VERTEX_POINT('',#14483);
#4430=VERTEX_POINT('',#14484);
#4431=VERTEX_POINT('',#14486);
#4432=VERTEX_POINT('',#14488);
#4433=VERTEX_POINT('',#14492);
#4434=VERTEX_POINT('',#14493);
#4435=VERTEX_POINT('',#14495);
#4436=VERTEX_POINT('',#14497);
#4437=VERTEX_POINT('',#14501);
#4438=VERTEX_POINT('',#14502);
#4439=VERTEX_POINT('',#14504);
#4440=VERTEX_POINT('',#14506);
#4441=VERTEX_POINT('',#14510);
#4442=VERTEX_POINT('',#14511);
#4443=VERTEX_POINT('',#14513);
#4444=VERTEX_POINT('',#14515);
#4445=VERTEX_POINT('',#14517);
#4446=VERTEX_POINT('',#14519);
#4447=VERTEX_POINT('',#14521);
#4448=VERTEX_POINT('',#14523);
#4449=VERTEX_POINT('',#14525);
#4450=VERTEX_POINT('',#14527);
#4451=VERTEX_POINT('',#14529);
#4452=VERTEX_POINT('',#14531);
#4453=VERTEX_POINT('',#14533);
#4454=VERTEX_POINT('',#14535);
#4455=VERTEX_POINT('',#14537);
#4456=VERTEX_POINT('',#14539);
#4457=VERTEX_POINT('',#14541);
#4458=VERTEX_POINT('',#14543);
#4459=VERTEX_POINT('',#14545);
#4460=VERTEX_POINT('',#14547);
#4461=VERTEX_POINT('',#14549);
#4462=VERTEX_POINT('',#14551);
#4463=VERTEX_POINT('',#14553);
#4464=VERTEX_POINT('',#14555);
#4465=VERTEX_POINT('',#14557);
#4466=VERTEX_POINT('',#14559);
#4467=VERTEX_POINT('',#14561);
#4468=VERTEX_POINT('',#14563);
#4469=VERTEX_POINT('',#14565);
#4470=VERTEX_POINT('',#14567);
#4471=VERTEX_POINT('',#14569);
#4472=VERTEX_POINT('',#14571);
#4473=VERTEX_POINT('',#14575);
#4474=VERTEX_POINT('',#14576);
#4475=VERTEX_POINT('',#14578);
#4476=VERTEX_POINT('',#14580);
#4477=VERTEX_POINT('',#14582);
#4478=VERTEX_POINT('',#14584);
#4479=VERTEX_POINT('',#14586);
#4480=VERTEX_POINT('',#14588);
#4481=VERTEX_POINT('',#14590);
#4482=VERTEX_POINT('',#14592);
#4483=VERTEX_POINT('',#14594);
#4484=VERTEX_POINT('',#14596);
#4485=VERTEX_POINT('',#14598);
#4486=VERTEX_POINT('',#14600);
#4487=VERTEX_POINT('',#14602);
#4488=VERTEX_POINT('',#14604);
#4489=VERTEX_POINT('',#14606);
#4490=VERTEX_POINT('',#14608);
#4491=VERTEX_POINT('',#14610);
#4492=VERTEX_POINT('',#14612);
#4493=VERTEX_POINT('',#14614);
#4494=VERTEX_POINT('',#14616);
#4495=VERTEX_POINT('',#14618);
#4496=VERTEX_POINT('',#14620);
#4497=VERTEX_POINT('',#14622);
#4498=VERTEX_POINT('',#14624);
#4499=VERTEX_POINT('',#14626);
#4500=VERTEX_POINT('',#14628);
#4501=VERTEX_POINT('',#14630);
#4502=VERTEX_POINT('',#14632);
#4503=VERTEX_POINT('',#14634);
#4504=VERTEX_POINT('',#14636);
#4505=VERTEX_POINT('',#14640);
#4506=VERTEX_POINT('',#14641);
#4507=VERTEX_POINT('',#14643);
#4508=VERTEX_POINT('',#14645);
#4509=VERTEX_POINT('',#14647);
#4510=VERTEX_POINT('',#14649);
#4511=VERTEX_POINT('',#14651);
#4512=VERTEX_POINT('',#14653);
#4513=VERTEX_POINT('',#14655);
#4514=VERTEX_POINT('',#14657);
#4515=VERTEX_POINT('',#14659);
#4516=VERTEX_POINT('',#14661);
#4517=VERTEX_POINT('',#14663);
#4518=VERTEX_POINT('',#14665);
#4519=VERTEX_POINT('',#14667);
#4520=VERTEX_POINT('',#14669);
#4521=VERTEX_POINT('',#14671);
#4522=VERTEX_POINT('',#14673);
#4523=VERTEX_POINT('',#14675);
#4524=VERTEX_POINT('',#14677);
#4525=VERTEX_POINT('',#14679);
#4526=VERTEX_POINT('',#14681);
#4527=VERTEX_POINT('',#14683);
#4528=VERTEX_POINT('',#14685);
#4529=VERTEX_POINT('',#14687);
#4530=VERTEX_POINT('',#14689);
#4531=VERTEX_POINT('',#14691);
#4532=VERTEX_POINT('',#14693);
#4533=VERTEX_POINT('',#14695);
#4534=VERTEX_POINT('',#14697);
#4535=VERTEX_POINT('',#14699);
#4536=VERTEX_POINT('',#14701);
#4537=VERTEX_POINT('',#14705);
#4538=VERTEX_POINT('',#14706);
#4539=VERTEX_POINT('',#14708);
#4540=VERTEX_POINT('',#14710);
#4541=VERTEX_POINT('',#14712);
#4542=VERTEX_POINT('',#14714);
#4543=VERTEX_POINT('',#14716);
#4544=VERTEX_POINT('',#14718);
#4545=VERTEX_POINT('',#14720);
#4546=VERTEX_POINT('',#14722);
#4547=VERTEX_POINT('',#14724);
#4548=VERTEX_POINT('',#14726);
#4549=VERTEX_POINT('',#14728);
#4550=VERTEX_POINT('',#14730);
#4551=VERTEX_POINT('',#14732);
#4552=VERTEX_POINT('',#14734);
#4553=VERTEX_POINT('',#14736);
#4554=VERTEX_POINT('',#14738);
#4555=VERTEX_POINT('',#14740);
#4556=VERTEX_POINT('',#14742);
#4557=VERTEX_POINT('',#14744);
#4558=VERTEX_POINT('',#14746);
#4559=VERTEX_POINT('',#14748);
#4560=VERTEX_POINT('',#14750);
#4561=VERTEX_POINT('',#14752);
#4562=VERTEX_POINT('',#14754);
#4563=VERTEX_POINT('',#14756);
#4564=VERTEX_POINT('',#14758);
#4565=VERTEX_POINT('',#14760);
#4566=VERTEX_POINT('',#14762);
#4567=VERTEX_POINT('',#14764);
#4568=VERTEX_POINT('',#14766);
#4569=VERTEX_POINT('',#14771);
#4570=VERTEX_POINT('',#14773);
#4571=VERTEX_POINT('',#14775);
#4572=VERTEX_POINT('',#14777);
#4573=VERTEX_POINT('',#14779);
#4574=VERTEX_POINT('',#14781);
#4575=VERTEX_POINT('',#14784);
#4576=VERTEX_POINT('',#14786);
#4577=VERTEX_POINT('',#14788);
#4578=VERTEX_POINT('',#14790);
#4579=VERTEX_POINT('',#14792);
#4580=VERTEX_POINT('',#14794);
#4581=VERTEX_POINT('',#14797);
#4582=VERTEX_POINT('',#14799);
#4583=VERTEX_POINT('',#14801);
#4584=VERTEX_POINT('',#14803);
#4585=VERTEX_POINT('',#14805);
#4586=VERTEX_POINT('',#14807);
#4587=VERTEX_POINT('',#14810);
#4588=VERTEX_POINT('',#14812);
#4589=VERTEX_POINT('',#14814);
#4590=VERTEX_POINT('',#14816);
#4591=VERTEX_POINT('',#14818);
#4592=VERTEX_POINT('',#14820);
#4593=VERTEX_POINT('',#14823);
#4594=VERTEX_POINT('',#14825);
#4595=VERTEX_POINT('',#14827);
#4596=VERTEX_POINT('',#14829);
#4597=VERTEX_POINT('',#14831);
#4598=VERTEX_POINT('',#14833);
#4599=VERTEX_POINT('',#14836);
#4600=VERTEX_POINT('',#14838);
#4601=VERTEX_POINT('',#14840);
#4602=VERTEX_POINT('',#14842);
#4603=VERTEX_POINT('',#14844);
#4604=VERTEX_POINT('',#14846);
#4605=VERTEX_POINT('',#14849);
#4606=VERTEX_POINT('',#14851);
#4607=VERTEX_POINT('',#14853);
#4608=VERTEX_POINT('',#14855);
#4609=VERTEX_POINT('',#14857);
#4610=VERTEX_POINT('',#14859);
#4611=VERTEX_POINT('',#14863);
#4612=VERTEX_POINT('',#14865);
#4613=VERTEX_POINT('',#14867);
#4614=VERTEX_POINT('',#14869);
#4615=VERTEX_POINT('',#14871);
#4616=VERTEX_POINT('',#14873);
#4617=VERTEX_POINT('',#14876);
#4618=VERTEX_POINT('',#14878);
#4619=VERTEX_POINT('',#14880);
#4620=VERTEX_POINT('',#14882);
#4621=VERTEX_POINT('',#14884);
#4622=VERTEX_POINT('',#14886);
#4623=VERTEX_POINT('',#14889);
#4624=VERTEX_POINT('',#14891);
#4625=VERTEX_POINT('',#14893);
#4626=VERTEX_POINT('',#14895);
#4627=VERTEX_POINT('',#14897);
#4628=VERTEX_POINT('',#14899);
#4629=VERTEX_POINT('',#14902);
#4630=VERTEX_POINT('',#14904);
#4631=VERTEX_POINT('',#14906);
#4632=VERTEX_POINT('',#14908);
#4633=VERTEX_POINT('',#14910);
#4634=VERTEX_POINT('',#14912);
#4635=VERTEX_POINT('',#14915);
#4636=VERTEX_POINT('',#14917);
#4637=VERTEX_POINT('',#14919);
#4638=VERTEX_POINT('',#14921);
#4639=VERTEX_POINT('',#14923);
#4640=VERTEX_POINT('',#14925);
#4641=VERTEX_POINT('',#14928);
#4642=VERTEX_POINT('',#14930);
#4643=VERTEX_POINT('',#14932);
#4644=VERTEX_POINT('',#14934);
#4645=VERTEX_POINT('',#14936);
#4646=VERTEX_POINT('',#14938);
#4647=VERTEX_POINT('',#14941);
#4648=VERTEX_POINT('',#14943);
#4649=VERTEX_POINT('',#14945);
#4650=VERTEX_POINT('',#14947);
#4651=VERTEX_POINT('',#14949);
#4652=VERTEX_POINT('',#14951);
#4653=VERTEX_POINT('',#14955);
#4654=VERTEX_POINT('',#14957);
#4655=VERTEX_POINT('',#14960);
#4656=VERTEX_POINT('',#14962);
#4657=VERTEX_POINT('',#14965);
#4658=VERTEX_POINT('',#14967);
#4659=VERTEX_POINT('',#14970);
#4660=VERTEX_POINT('',#14972);
#4661=VERTEX_POINT('',#14975);
#4662=VERTEX_POINT('',#14977);
#4663=VERTEX_POINT('',#14980);
#4664=VERTEX_POINT('',#14982);
#4665=VERTEX_POINT('',#14985);
#4666=VERTEX_POINT('',#14987);
#4667=VERTEX_POINT('',#14990);
#4668=VERTEX_POINT('',#14992);
#4669=VERTEX_POINT('',#14995);
#4670=VERTEX_POINT('',#14997);
#4671=VERTEX_POINT('',#15000);
#4672=VERTEX_POINT('',#15002);
#4673=VERTEX_POINT('',#15005);
#4674=VERTEX_POINT('',#15007);
#4675=VERTEX_POINT('',#15010);
#4676=VERTEX_POINT('',#15012);
#4677=VERTEX_POINT('',#15015);
#4678=VERTEX_POINT('',#15017);
#4679=VERTEX_POINT('',#15020);
#4680=VERTEX_POINT('',#15022);
#4681=VERTEX_POINT('',#15026);
#4682=VERTEX_POINT('',#15028);
#4683=VERTEX_POINT('',#15030);
#4684=VERTEX_POINT('',#15032);
#4685=VERTEX_POINT('',#15034);
#4686=VERTEX_POINT('',#15036);
#4687=VERTEX_POINT('',#15039);
#4688=VERTEX_POINT('',#15041);
#4689=VERTEX_POINT('',#15043);
#4690=VERTEX_POINT('',#15045);
#4691=VERTEX_POINT('',#15047);
#4692=VERTEX_POINT('',#15049);
#4693=VERTEX_POINT('',#15052);
#4694=VERTEX_POINT('',#15054);
#4695=VERTEX_POINT('',#15056);
#4696=VERTEX_POINT('',#15058);
#4697=VERTEX_POINT('',#15060);
#4698=VERTEX_POINT('',#15062);
#4699=VERTEX_POINT('',#15065);
#4700=VERTEX_POINT('',#15067);
#4701=VERTEX_POINT('',#15069);
#4702=VERTEX_POINT('',#15071);
#4703=VERTEX_POINT('',#15073);
#4704=VERTEX_POINT('',#15075);
#4705=VERTEX_POINT('',#15078);
#4706=VERTEX_POINT('',#15080);
#4707=VERTEX_POINT('',#15082);
#4708=VERTEX_POINT('',#15084);
#4709=VERTEX_POINT('',#15086);
#4710=VERTEX_POINT('',#15088);
#4711=VERTEX_POINT('',#15091);
#4712=VERTEX_POINT('',#15093);
#4713=VERTEX_POINT('',#15095);
#4714=VERTEX_POINT('',#15097);
#4715=VERTEX_POINT('',#15099);
#4716=VERTEX_POINT('',#15101);
#4717=VERTEX_POINT('',#15104);
#4718=VERTEX_POINT('',#15106);
#4719=VERTEX_POINT('',#15108);
#4720=VERTEX_POINT('',#15110);
#4721=VERTEX_POINT('',#15112);
#4722=VERTEX_POINT('',#15114);
#4723=VERTEX_POINT('',#15116);
#4724=VERTEX_POINT('',#15120);
#4725=VERTEX_POINT('',#15124);
#4726=VERTEX_POINT('',#15126);
#4727=VERTEX_POINT('',#15128);
#4728=VERTEX_POINT('',#15130);
#4729=VERTEX_POINT('',#15132);
#4730=VERTEX_POINT('',#15138);
#4731=VERTEX_POINT('',#15142);
#4732=VERTEX_POINT('',#15143);
#4733=VERTEX_POINT('',#15146);
#4734=VERTEX_POINT('',#15148);
#4735=VERTEX_POINT('',#15150);
#4736=VERTEX_POINT('',#15156);
#4737=VERTEX_POINT('',#15160);
#4738=VERTEX_POINT('',#15161);
#4739=VERTEX_POINT('',#15164);
#4740=VERTEX_POINT('',#15166);
#4741=VERTEX_POINT('',#15168);
#4742=VERTEX_POINT('',#15174);
#4743=VERTEX_POINT('',#15178);
#4744=VERTEX_POINT('',#15179);
#4745=VERTEX_POINT('',#15182);
#4746=VERTEX_POINT('',#15184);
#4747=VERTEX_POINT('',#15186);
#4748=VERTEX_POINT('',#15192);
#4749=VERTEX_POINT('',#15196);
#4750=VERTEX_POINT('',#15197);
#4751=VERTEX_POINT('',#15200);
#4752=VERTEX_POINT('',#15202);
#4753=VERTEX_POINT('',#15204);
#4754=VERTEX_POINT('',#15210);
#4755=VERTEX_POINT('',#15214);
#4756=VERTEX_POINT('',#15215);
#4757=VERTEX_POINT('',#15218);
#4758=VERTEX_POINT('',#15220);
#4759=VERTEX_POINT('',#15222);
#4760=VERTEX_POINT('',#15228);
#4761=VERTEX_POINT('',#15232);
#4762=VERTEX_POINT('',#15234);
#4763=VERTEX_POINT('',#15236);
#4764=VERTEX_POINT('',#15238);
#4765=VERTEX_POINT('',#15240);
#4766=VERTEX_POINT('',#15246);
#4767=VERTEX_POINT('',#15250);
#4768=VERTEX_POINT('',#15252);
#4769=VERTEX_POINT('',#15255);
#4770=VERTEX_POINT('',#15261);
#4771=VERTEX_POINT('',#15265);
#4772=VERTEX_POINT('',#15267);
#4773=VERTEX_POINT('',#15270);
#4774=VERTEX_POINT('',#15276);
#4775=VERTEX_POINT('',#15280);
#4776=VERTEX_POINT('',#15282);
#4777=VERTEX_POINT('',#15284);
#4778=VERTEX_POINT('',#15291);
#4779=VERTEX_POINT('',#15295);
#4780=VERTEX_POINT('',#15297);
#4781=VERTEX_POINT('',#15299);
#4782=VERTEX_POINT('',#15306);
#4783=VERTEX_POINT('',#15310);
#4784=VERTEX_POINT('',#15312);
#4785=VERTEX_POINT('',#15314);
#4786=VERTEX_POINT('',#15321);
#4787=VERTEX_POINT('',#15325);
#4788=VERTEX_POINT('',#15327);
#4789=VERTEX_POINT('',#15329);
#4790=VERTEX_POINT('',#15336);
#4791=VERTEX_POINT('',#15340);
#4792=VERTEX_POINT('',#15342);
#4793=VERTEX_POINT('',#15344);
#4794=VERTEX_POINT('',#15351);
#4795=VERTEX_POINT('',#15355);
#4796=VERTEX_POINT('',#15357);
#4797=VERTEX_POINT('',#15359);
#4798=VERTEX_POINT('',#15361);
#4799=VERTEX_POINT('',#15363);
#4800=VERTEX_POINT('',#15369);
#4801=VERTEX_POINT('',#15373);
#4802=VERTEX_POINT('',#15375);
#4803=VERTEX_POINT('',#15377);
#4804=VERTEX_POINT('',#15379);
#4805=VERTEX_POINT('',#15381);
#4806=VERTEX_POINT('',#15383);
#4807=VERTEX_POINT('',#15389);
#4808=VERTEX_POINT('',#15393);
#4809=VERTEX_POINT('',#15394);
#4810=VERTEX_POINT('',#15397);
#4811=VERTEX_POINT('',#15399);
#4812=VERTEX_POINT('',#15401);
#4813=VERTEX_POINT('',#15407);
#4814=VERTEX_POINT('',#15411);
#4815=VERTEX_POINT('',#15412);
#4816=VERTEX_POINT('',#15415);
#4817=VERTEX_POINT('',#15417);
#4818=VERTEX_POINT('',#15419);
#4819=VERTEX_POINT('',#15425);
#4820=VERTEX_POINT('',#15429);
#4821=VERTEX_POINT('',#15430);
#4822=VERTEX_POINT('',#15433);
#4823=VERTEX_POINT('',#15435);
#4824=VERTEX_POINT('',#15437);
#4825=VERTEX_POINT('',#15443);
#4826=VERTEX_POINT('',#15447);
#4827=VERTEX_POINT('',#15448);
#4828=VERTEX_POINT('',#15451);
#4829=VERTEX_POINT('',#15453);
#4830=VERTEX_POINT('',#15455);
#4831=VERTEX_POINT('',#15461);
#4832=VERTEX_POINT('',#15465);
#4833=VERTEX_POINT('',#15466);
#4834=VERTEX_POINT('',#15469);
#4835=VERTEX_POINT('',#15471);
#4836=VERTEX_POINT('',#15473);
#4837=VERTEX_POINT('',#15479);
#4838=VERTEX_POINT('',#15483);
#4839=VERTEX_POINT('',#15485);
#4840=VERTEX_POINT('',#15487);
#4841=VERTEX_POINT('',#15489);
#4842=VERTEX_POINT('',#15491);
#4843=VERTEX_POINT('',#15497);
#4844=VERTEX_POINT('',#15501);
#4845=VERTEX_POINT('',#15502);
#4846=VERTEX_POINT('',#15504);
#4847=VERTEX_POINT('',#15507);
#4848=VERTEX_POINT('',#15509);
#4849=VERTEX_POINT('',#15515);
#4850=VERTEX_POINT('',#15519);
#4851=VERTEX_POINT('',#15520);
#4852=VERTEX_POINT('',#15522);
#4853=VERTEX_POINT('',#15525);
#4854=VERTEX_POINT('',#15527);
#4855=VERTEX_POINT('',#15533);
#4856=VERTEX_POINT('',#15537);
#4857=VERTEX_POINT('',#15538);
#4858=VERTEX_POINT('',#15540);
#4859=VERTEX_POINT('',#15543);
#4860=VERTEX_POINT('',#15545);
#4861=VERTEX_POINT('',#15551);
#4862=VERTEX_POINT('',#15555);
#4863=VERTEX_POINT('',#15556);
#4864=VERTEX_POINT('',#15558);
#4865=VERTEX_POINT('',#15561);
#4866=VERTEX_POINT('',#15563);
#4867=VERTEX_POINT('',#15569);
#4868=VERTEX_POINT('',#15573);
#4869=VERTEX_POINT('',#15574);
#4870=VERTEX_POINT('',#15576);
#4871=VERTEX_POINT('',#15579);
#4872=VERTEX_POINT('',#15581);
#4873=VERTEX_POINT('',#15587);
#4874=VERTEX_POINT('',#15591);
#4875=VERTEX_POINT('',#15593);
#4876=VERTEX_POINT('',#15595);
#4877=VERTEX_POINT('',#15597);
#4878=VERTEX_POINT('',#15599);
#4879=VERTEX_POINT('',#15863);
#4880=VERTEX_POINT('',#15864);
#4881=VERTEX_POINT('',#15866);
#4882=VERTEX_POINT('',#15868);
#4883=VERTEX_POINT('',#15872);
#4884=VERTEX_POINT('',#15874);
#4885=VERTEX_POINT('',#15876);
#4886=VERTEX_POINT('',#15878);
#4887=VERTEX_POINT('',#15880);
#4888=VERTEX_POINT('',#15882);
#4889=VERTEX_POINT('',#15886);
#4890=VERTEX_POINT('',#15888);
#4891=VERTEX_POINT('',#15894);
#4892=VERTEX_POINT('',#15898);
#4893=VERTEX_POINT('',#15902);
#4894=VERTEX_POINT('',#15906);
#4895=VERTEX_POINT('',#15913);
#4896=VERTEX_POINT('',#15914);
#4897=VERTEX_POINT('',#15916);
#4898=VERTEX_POINT('',#15918);
#4899=VERTEX_POINT('',#15922);
#4900=VERTEX_POINT('',#15923);
#4901=VERTEX_POINT('',#15925);
#4902=VERTEX_POINT('',#15927);
#4903=VERTEX_POINT('',#15930);
#4904=VERTEX_POINT('',#15932);
#4905=VERTEX_POINT('',#15936);
#4906=VERTEX_POINT('',#15938);
#4907=VERTEX_POINT('',#15942);
#4908=VERTEX_POINT('',#15946);
#4909=VERTEX_POINT('',#15950);
#4910=VERTEX_POINT('',#15956);
#4911=VERTEX_POINT('',#15963);
#4912=VERTEX_POINT('',#15964);
#4913=VERTEX_POINT('',#15966);
#4914=VERTEX_POINT('',#15968);
#4915=VERTEX_POINT('',#15970);
#4916=VERTEX_POINT('',#15972);
#4917=VERTEX_POINT('',#15974);
#4918=VERTEX_POINT('',#15976);
#4919=VERTEX_POINT('',#15980);
#4920=VERTEX_POINT('',#15982);
#4921=VERTEX_POINT('',#15986);
#4922=VERTEX_POINT('',#15990);
#4923=VERTEX_POINT('',#15994);
#4924=VERTEX_POINT('',#15998);
#4925=VERTEX_POINT('',#16002);
#4926=VERTEX_POINT('',#16006);
#4927=VERTEX_POINT('',#16013);
#4928=VERTEX_POINT('',#16014);
#4929=VERTEX_POINT('',#16016);
#4930=VERTEX_POINT('',#16018);
#4931=VERTEX_POINT('',#16020);
#4932=VERTEX_POINT('',#16022);
#4933=VERTEX_POINT('',#16024);
#4934=VERTEX_POINT('',#16026);
#4935=VERTEX_POINT('',#16030);
#4936=VERTEX_POINT('',#16032);
#4937=VERTEX_POINT('',#16036);
#4938=VERTEX_POINT('',#16040);
#4939=VERTEX_POINT('',#16044);
#4940=VERTEX_POINT('',#16048);
#4941=VERTEX_POINT('',#16052);
#4942=VERTEX_POINT('',#16056);
#4943=VERTEX_POINT('',#16063);
#4944=VERTEX_POINT('',#16064);
#4945=VERTEX_POINT('',#16066);
#4946=VERTEX_POINT('',#16068);
#4947=VERTEX_POINT('',#16070);
#4948=VERTEX_POINT('',#16072);
#4949=VERTEX_POINT('',#16074);
#4950=VERTEX_POINT('',#16076);
#4951=VERTEX_POINT('',#16080);
#4952=VERTEX_POINT('',#16082);
#4953=VERTEX_POINT('',#16086);
#4954=VERTEX_POINT('',#16090);
#4955=VERTEX_POINT('',#16094);
#4956=VERTEX_POINT('',#16098);
#4957=VERTEX_POINT('',#16102);
#4958=VERTEX_POINT('',#16106);
#4959=VERTEX_POINT('',#16113);
#4960=VERTEX_POINT('',#16114);
#4961=VERTEX_POINT('',#16116);
#4962=VERTEX_POINT('',#16118);
#4963=VERTEX_POINT('',#16120);
#4964=VERTEX_POINT('',#16122);
#4965=VERTEX_POINT('',#16124);
#4966=VERTEX_POINT('',#16126);
#4967=VERTEX_POINT('',#16130);
#4968=VERTEX_POINT('',#16132);
#4969=VERTEX_POINT('',#16136);
#4970=VERTEX_POINT('',#16140);
#4971=VERTEX_POINT('',#16144);
#4972=VERTEX_POINT('',#16148);
#4973=VERTEX_POINT('',#16152);
#4974=VERTEX_POINT('',#16156);
#4975=VERTEX_POINT('',#16163);
#4976=VERTEX_POINT('',#16164);
#4977=VERTEX_POINT('',#16166);
#4978=VERTEX_POINT('',#16168);
#4979=VERTEX_POINT('',#16170);
#4980=VERTEX_POINT('',#16172);
#4981=VERTEX_POINT('',#16174);
#4982=VERTEX_POINT('',#16176);
#4983=VERTEX_POINT('',#16180);
#4984=VERTEX_POINT('',#16182);
#4985=VERTEX_POINT('',#16186);
#4986=VERTEX_POINT('',#16190);
#4987=VERTEX_POINT('',#16194);
#4988=VERTEX_POINT('',#16198);
#4989=VERTEX_POINT('',#16202);
#4990=VERTEX_POINT('',#16206);
#4991=VERTEX_POINT('',#16213);
#4992=VERTEX_POINT('',#16214);
#4993=VERTEX_POINT('',#16216);
#4994=VERTEX_POINT('',#16218);
#4995=VERTEX_POINT('',#16220);
#4996=VERTEX_POINT('',#16222);
#4997=VERTEX_POINT('',#16224);
#4998=VERTEX_POINT('',#16226);
#4999=VERTEX_POINT('',#16228);
#5000=VERTEX_POINT('',#16232);
#5001=VERTEX_POINT('',#16234);
#5002=VERTEX_POINT('',#16238);
#5003=VERTEX_POINT('',#16242);
#5004=VERTEX_POINT('',#16246);
#5005=VERTEX_POINT('',#16250);
#5006=VERTEX_POINT('',#16254);
#5007=VERTEX_POINT('',#16258);
#5008=VERTEX_POINT('',#16262);
#5009=EDGE_CURVE('',#4087,#4088,#1569,.T.);
#5010=EDGE_CURVE('',#4088,#4089,#1570,.T.);
#5011=EDGE_CURVE('',#4089,#4090,#1439,.T.);
#5012=EDGE_CURVE('',#4090,#4091,#1571,.T.);
#5013=EDGE_CURVE('',#4091,#4092,#1572,.T.);
#5014=EDGE_CURVE('',#4092,#4093,#1573,.T.);
#5015=EDGE_CURVE('',#4093,#4094,#1574,.T.);
#5016=EDGE_CURVE('',#4094,#4087,#1575,.T.);
#5017=EDGE_CURVE('',#4089,#4095,#1576,.T.);
#5018=EDGE_CURVE('',#4096,#4088,#1577,.T.);
#5019=EDGE_CURVE('',#4095,#4096,#1578,.T.);
#5020=EDGE_CURVE('',#4097,#4087,#1579,.T.);
#5021=EDGE_CURVE('',#4096,#4097,#1580,.T.);
#5022=EDGE_CURVE('',#4098,#4094,#1581,.T.);
#5023=EDGE_CURVE('',#4097,#4098,#1582,.T.);
#5024=EDGE_CURVE('',#4099,#4093,#1583,.T.);
#5025=EDGE_CURVE('',#4098,#4099,#1584,.T.);
#5026=EDGE_CURVE('',#4100,#4092,#1585,.T.);
#5027=EDGE_CURVE('',#4099,#4100,#1586,.T.);
#5028=EDGE_CURVE('',#4101,#4091,#1587,.T.);
#5029=EDGE_CURVE('',#4100,#4101,#1588,.T.);
#5030=EDGE_CURVE('',#4102,#4090,#1589,.T.);
#5031=EDGE_CURVE('',#4101,#4102,#1590,.T.);
#5032=EDGE_CURVE('',#4095,#4102,#1440,.T.);
#5033=EDGE_CURVE('',#4103,#4104,#1591,.T.);
#5034=EDGE_CURVE('',#4104,#4105,#1592,.T.);
#5035=EDGE_CURVE('',#4105,#4106,#1593,.T.);
#5036=EDGE_CURVE('',#4106,#4107,#1441,.T.);
#5037=EDGE_CURVE('',#4107,#4108,#1594,.T.);
#5038=EDGE_CURVE('',#4108,#4109,#1595,.T.);
#5039=EDGE_CURVE('',#4109,#4110,#1596,.T.);
#5040=EDGE_CURVE('',#4110,#4103,#1597,.T.);
#5041=EDGE_CURVE('',#4111,#4104,#1598,.T.);
#5042=EDGE_CURVE('',#4112,#4111,#1599,.T.);
#5043=EDGE_CURVE('',#4105,#4112,#1600,.T.);
#5044=EDGE_CURVE('',#4113,#4103,#1601,.T.);
#5045=EDGE_CURVE('',#4111,#4113,#1602,.T.);
#5046=EDGE_CURVE('',#4114,#4110,#1603,.T.);
#5047=EDGE_CURVE('',#4113,#4114,#1604,.T.);
#5048=EDGE_CURVE('',#4115,#4109,#1605,.T.);
#5049=EDGE_CURVE('',#4114,#4115,#1606,.T.);
#5050=EDGE_CURVE('',#4116,#4108,#1607,.T.);
#5051=EDGE_CURVE('',#4115,#4116,#1608,.T.);
#5052=EDGE_CURVE('',#4117,#4107,#1609,.T.);
#5053=EDGE_CURVE('',#4116,#4117,#1610,.T.);
#5054=EDGE_CURVE('',#4118,#4117,#1442,.T.);
#5055=EDGE_CURVE('',#4106,#4118,#1611,.T.);
#5056=EDGE_CURVE('',#4118,#4112,#1612,.T.);
#5057=EDGE_CURVE('',#4119,#4120,#1613,.T.);
#5058=EDGE_CURVE('',#4121,#4119,#1614,.T.);
#5059=EDGE_CURVE('',#4122,#4121,#1615,.T.);
#5060=EDGE_CURVE('',#4123,#4122,#1616,.T.);
#5061=EDGE_CURVE('',#4124,#4123,#1617,.T.);
#5062=EDGE_CURVE('',#4125,#4124,#1618,.T.);
#5063=EDGE_CURVE('',#4126,#4125,#1443,.T.);
#5064=EDGE_CURVE('',#4120,#4126,#1619,.T.);
#5065=EDGE_CURVE('',#4127,#4126,#1620,.T.);
#5066=EDGE_CURVE('',#4128,#4127,#1621,.T.);
#5067=EDGE_CURVE('',#4120,#4128,#1622,.T.);
#5068=EDGE_CURVE('',#4129,#4128,#1623,.T.);
#5069=EDGE_CURVE('',#4119,#4129,#1624,.T.);
#5070=EDGE_CURVE('',#4130,#4129,#1625,.T.);
#5071=EDGE_CURVE('',#4121,#4130,#1626,.T.);
#5072=EDGE_CURVE('',#4131,#4130,#1627,.T.);
#5073=EDGE_CURVE('',#4122,#4131,#1628,.T.);
#5074=EDGE_CURVE('',#4132,#4131,#1629,.T.);
#5075=EDGE_CURVE('',#4123,#4132,#1630,.T.);
#5076=EDGE_CURVE('',#4133,#4132,#1631,.T.);
#5077=EDGE_CURVE('',#4124,#4133,#1632,.T.);
#5078=EDGE_CURVE('',#4134,#4133,#1633,.T.);
#5079=EDGE_CURVE('',#4125,#4134,#1634,.T.);
#5080=EDGE_CURVE('',#4134,#4127,#1444,.T.);
#5081=EDGE_CURVE('',#4135,#4136,#1445,.T.);
#5082=EDGE_CURVE('',#4136,#4137,#1635,.T.);
#5083=EDGE_CURVE('',#4137,#4138,#1446,.T.);
#5084=EDGE_CURVE('',#4138,#4135,#1636,.T.);
#5085=EDGE_CURVE('',#4139,#4140,#1637,.T.);
#5086=EDGE_CURVE('',#4141,#4139,#1638,.T.);
#5087=EDGE_CURVE('',#4142,#4141,#1639,.T.);
#5088=EDGE_CURVE('',#4143,#4142,#1640,.T.);
#5089=EDGE_CURVE('',#4144,#4143,#1641,.T.);
#5090=EDGE_CURVE('',#4136,#4144,#1642,.T.);
#5091=EDGE_CURVE('',#4140,#4135,#1643,.T.);
#5092=EDGE_CURVE('',#4145,#4138,#1644,.T.);
#5093=EDGE_CURVE('',#4140,#4145,#1645,.T.);
#5094=EDGE_CURVE('',#4146,#4145,#1646,.T.);
#5095=EDGE_CURVE('',#4139,#4146,#1647,.T.);
#5096=EDGE_CURVE('',#4147,#4146,#1648,.T.);
#5097=EDGE_CURVE('',#4141,#4147,#1649,.T.);
#5098=EDGE_CURVE('',#4148,#4147,#1650,.T.);
#5099=EDGE_CURVE('',#4142,#4148,#1651,.T.);
#5100=EDGE_CURVE('',#4149,#4148,#1652,.T.);
#5101=EDGE_CURVE('',#4143,#4149,#1653,.T.);
#5102=EDGE_CURVE('',#4150,#4149,#1654,.T.);
#5103=EDGE_CURVE('',#4144,#4150,#1655,.T.);
#5104=EDGE_CURVE('',#4137,#4150,#1656,.T.);
#5105=EDGE_CURVE('',#4151,#4152,#1657,.T.);
#5106=EDGE_CURVE('',#4152,#4153,#1658,.T.);
#5107=EDGE_CURVE('',#4153,#4154,#1659,.T.);
#5108=EDGE_CURVE('',#4154,#4155,#1447,.T.);
#5109=EDGE_CURVE('',#4155,#4156,#1660,.T.);
#5110=EDGE_CURVE('',#4156,#4157,#1661,.T.);
#5111=EDGE_CURVE('',#4157,#4158,#1662,.T.);
#5112=EDGE_CURVE('',#4158,#4151,#1663,.T.);
#5113=EDGE_CURVE('',#4159,#4152,#1664,.T.);
#5114=EDGE_CURVE('',#4160,#4159,#1665,.T.);
#5115=EDGE_CURVE('',#4153,#4160,#1666,.T.);
#5116=EDGE_CURVE('',#4161,#4151,#1667,.T.);
#5117=EDGE_CURVE('',#4159,#4161,#1668,.T.);
#5118=EDGE_CURVE('',#4162,#4158,#1669,.T.);
#5119=EDGE_CURVE('',#4161,#4162,#1670,.T.);
#5120=EDGE_CURVE('',#4163,#4157,#1671,.T.);
#5121=EDGE_CURVE('',#4162,#4163,#1672,.T.);
#5122=EDGE_CURVE('',#4164,#4156,#1673,.T.);
#5123=EDGE_CURVE('',#4163,#4164,#1674,.T.);
#5124=EDGE_CURVE('',#4165,#4155,#1675,.T.);
#5125=EDGE_CURVE('',#4164,#4165,#1676,.T.);
#5126=EDGE_CURVE('',#4166,#4165,#1448,.T.);
#5127=EDGE_CURVE('',#4154,#4166,#1677,.T.);
#5128=EDGE_CURVE('',#4166,#4160,#1678,.T.);
#5129=EDGE_CURVE('',#4167,#4168,#1679,.T.);
#5130=EDGE_CURVE('',#4169,#4167,#1680,.T.);
#5131=EDGE_CURVE('',#4170,#4169,#1681,.T.);
#5132=EDGE_CURVE('',#4171,#4170,#1682,.T.);
#5133=EDGE_CURVE('',#4172,#4171,#1683,.T.);
#5134=EDGE_CURVE('',#4173,#4172,#1684,.T.);
#5135=EDGE_CURVE('',#4174,#4173,#1685,.T.);
#5136=EDGE_CURVE('',#4168,#4174,#1449,.T.);
#5137=EDGE_CURVE('',#4174,#4175,#1686,.T.);
#5138=EDGE_CURVE('',#4175,#4176,#1450,.T.);
#5139=EDGE_CURVE('',#4176,#4168,#1687,.T.);
#5140=EDGE_CURVE('',#4167,#4177,#1688,.T.);
#5141=EDGE_CURVE('',#4177,#4176,#1689,.T.);
#5142=EDGE_CURVE('',#4169,#4178,#1690,.T.);
#5143=EDGE_CURVE('',#4178,#4177,#1691,.T.);
#5144=EDGE_CURVE('',#4170,#4179,#1692,.T.);
#5145=EDGE_CURVE('',#4179,#4178,#1693,.T.);
#5146=EDGE_CURVE('',#4171,#4180,#1694,.T.);
#5147=EDGE_CURVE('',#4180,#4179,#1695,.T.);
#5148=EDGE_CURVE('',#4172,#4181,#1696,.T.);
#5149=EDGE_CURVE('',#4181,#4180,#1697,.T.);
#5150=EDGE_CURVE('',#4173,#4182,#1698,.T.);
#5151=EDGE_CURVE('',#4182,#4181,#1699,.T.);
#5152=EDGE_CURVE('',#4175,#4182,#1700,.T.);
#5153=EDGE_CURVE('',#4183,#4184,#1701,.T.);
#5154=EDGE_CURVE('',#4185,#4183,#1702,.T.);
#5155=EDGE_CURVE('',#4186,#4185,#1703,.T.);
#5156=EDGE_CURVE('',#4187,#4186,#1704,.T.);
#5157=EDGE_CURVE('',#4188,#4187,#1705,.T.);
#5158=EDGE_CURVE('',#4189,#4188,#1706,.T.);
#5159=EDGE_CURVE('',#4190,#4189,#1707,.T.);
#5160=EDGE_CURVE('',#4184,#4190,#1451,.T.);
#5161=EDGE_CURVE('',#4191,#4184,#1708,.T.);
#5162=EDGE_CURVE('',#4190,#4192,#1709,.T.);
#5163=EDGE_CURVE('',#4192,#4191,#1452,.T.);
#5164=EDGE_CURVE('',#4193,#4191,#1710,.T.);
#5165=EDGE_CURVE('',#4183,#4193,#1711,.T.);
#5166=EDGE_CURVE('',#4194,#4193,#1712,.T.);
#5167=EDGE_CURVE('',#4185,#4194,#1713,.T.);
#5168=EDGE_CURVE('',#4195,#4194,#1714,.T.);
#5169=EDGE_CURVE('',#4186,#4195,#1715,.T.);
#5170=EDGE_CURVE('',#4196,#4195,#1716,.T.);
#5171=EDGE_CURVE('',#4187,#4196,#1717,.T.);
#5172=EDGE_CURVE('',#4197,#4196,#1718,.T.);
#5173=EDGE_CURVE('',#4188,#4197,#1719,.T.);
#5174=EDGE_CURVE('',#4198,#4197,#1720,.T.);
#5175=EDGE_CURVE('',#4189,#4198,#1721,.T.);
#5176=EDGE_CURVE('',#4192,#4198,#1722,.T.);
#5177=EDGE_CURVE('',#4199,#4200,#1453,.T.);
#5178=EDGE_CURVE('',#4200,#4201,#1723,.T.);
#5179=EDGE_CURVE('',#4202,#4201,#1454,.T.);
#5180=EDGE_CURVE('',#4202,#4199,#1724,.T.);
#5181=EDGE_CURVE('',#4203,#4202,#1725,.T.);
#5182=EDGE_CURVE('',#4201,#4204,#1726,.T.);
#5183=EDGE_CURVE('',#4204,#4205,#1727,.T.);
#5184=EDGE_CURVE('',#4205,#4206,#1728,.T.);
#5185=EDGE_CURVE('',#4206,#4207,#1729,.T.);
#5186=EDGE_CURVE('',#4207,#4208,#1730,.T.);
#5187=EDGE_CURVE('',#4208,#4203,#1731,.T.);
#5188=EDGE_CURVE('',#4199,#4209,#1732,.T.);
#5189=EDGE_CURVE('',#4209,#4203,#1733,.T.);
#5190=EDGE_CURVE('',#4209,#4210,#1734,.T.);
#5191=EDGE_CURVE('',#4210,#4208,#1735,.T.);
#5192=EDGE_CURVE('',#4210,#4211,#1736,.T.);
#5193=EDGE_CURVE('',#4211,#4207,#1737,.T.);
#5194=EDGE_CURVE('',#4211,#4212,#1738,.T.);
#5195=EDGE_CURVE('',#4212,#4206,#1739,.T.);
#5196=EDGE_CURVE('',#4212,#4213,#1740,.T.);
#5197=EDGE_CURVE('',#4213,#4205,#1741,.T.);
#5198=EDGE_CURVE('',#4213,#4214,#1742,.T.);
#5199=EDGE_CURVE('',#4214,#4204,#1743,.T.);
#5200=EDGE_CURVE('',#4214,#4200,#1744,.T.);
#5201=EDGE_CURVE('',#4215,#4216,#1745,.T.);
#5202=EDGE_CURVE('',#4217,#4215,#1746,.T.);
#5203=EDGE_CURVE('',#4218,#4217,#1747,.T.);
#5204=EDGE_CURVE('',#4219,#4218,#1748,.T.);
#5205=EDGE_CURVE('',#4220,#4219,#1749,.T.);
#5206=EDGE_CURVE('',#4221,#4220,#1750,.T.);
#5207=EDGE_CURVE('',#4222,#4221,#1751,.T.);
#5208=EDGE_CURVE('',#4216,#4222,#1455,.T.);
#5209=EDGE_CURVE('',#4223,#4216,#1752,.T.);
#5210=EDGE_CURVE('',#4222,#4224,#1753,.T.);
#5211=EDGE_CURVE('',#4224,#4223,#1456,.T.);
#5212=EDGE_CURVE('',#4225,#4223,#1754,.T.);
#5213=EDGE_CURVE('',#4215,#4225,#1755,.T.);
#5214=EDGE_CURVE('',#4226,#4225,#1756,.T.);
#5215=EDGE_CURVE('',#4217,#4226,#1757,.T.);
#5216=EDGE_CURVE('',#4227,#4226,#1758,.T.);
#5217=EDGE_CURVE('',#4218,#4227,#1759,.T.);
#5218=EDGE_CURVE('',#4228,#4227,#1760,.T.);
#5219=EDGE_CURVE('',#4219,#4228,#1761,.T.);
#5220=EDGE_CURVE('',#4229,#4228,#1762,.T.);
#5221=EDGE_CURVE('',#4220,#4229,#1763,.T.);
#5222=EDGE_CURVE('',#4230,#4229,#1764,.T.);
#5223=EDGE_CURVE('',#4221,#4230,#1765,.T.);
#5224=EDGE_CURVE('',#4224,#4230,#1766,.T.);
#5225=EDGE_CURVE('',#4231,#4232,#1457,.T.);
#5226=EDGE_CURVE('',#4232,#4233,#1767,.T.);
#5227=EDGE_CURVE('',#4234,#4233,#1458,.T.);
#5228=EDGE_CURVE('',#4234,#4231,#1768,.T.);
#5229=EDGE_CURVE('',#4235,#4234,#1769,.T.);
#5230=EDGE_CURVE('',#4233,#4236,#1770,.T.);
#5231=EDGE_CURVE('',#4236,#4237,#1771,.T.);
#5232=EDGE_CURVE('',#4237,#4238,#1772,.T.);
#5233=EDGE_CURVE('',#4238,#4239,#1773,.T.);
#5234=EDGE_CURVE('',#4239,#4240,#1774,.T.);
#5235=EDGE_CURVE('',#4240,#4235,#1775,.T.);
#5236=EDGE_CURVE('',#4231,#4241,#1776,.T.);
#5237=EDGE_CURVE('',#4241,#4235,#1777,.T.);
#5238=EDGE_CURVE('',#4241,#4242,#1778,.T.);
#5239=EDGE_CURVE('',#4242,#4240,#1779,.T.);
#5240=EDGE_CURVE('',#4242,#4243,#1780,.T.);
#5241=EDGE_CURVE('',#4243,#4239,#1781,.T.);
#5242=EDGE_CURVE('',#4243,#4244,#1782,.T.);
#5243=EDGE_CURVE('',#4244,#4238,#1783,.T.);
#5244=EDGE_CURVE('',#4244,#4245,#1784,.T.);
#5245=EDGE_CURVE('',#4245,#4237,#1785,.T.);
#5246=EDGE_CURVE('',#4245,#4246,#1786,.T.);
#5247=EDGE_CURVE('',#4246,#4236,#1787,.T.);
#5248=EDGE_CURVE('',#4246,#4232,#1788,.T.);
#5249=EDGE_CURVE('',#4247,#4248,#1789,.T.);
#5250=EDGE_CURVE('',#4249,#4247,#1790,.T.);
#5251=EDGE_CURVE('',#4250,#4249,#1791,.T.);
#5252=EDGE_CURVE('',#4251,#4250,#1792,.T.);
#5253=EDGE_CURVE('',#4252,#4251,#1793,.T.);
#5254=EDGE_CURVE('',#4253,#4252,#1794,.T.);
#5255=EDGE_CURVE('',#4254,#4253,#1795,.T.);
#5256=EDGE_CURVE('',#4248,#4254,#1459,.T.);
#5257=EDGE_CURVE('',#4255,#4248,#1796,.T.);
#5258=EDGE_CURVE('',#4254,#4256,#1797,.T.);
#5259=EDGE_CURVE('',#4256,#4255,#1460,.T.);
#5260=EDGE_CURVE('',#4257,#4255,#1798,.T.);
#5261=EDGE_CURVE('',#4247,#4257,#1799,.T.);
#5262=EDGE_CURVE('',#4258,#4257,#1800,.T.);
#5263=EDGE_CURVE('',#4249,#4258,#1801,.T.);
#5264=EDGE_CURVE('',#4259,#4258,#1802,.T.);
#5265=EDGE_CURVE('',#4250,#4259,#1803,.T.);
#5266=EDGE_CURVE('',#4260,#4259,#1804,.T.);
#5267=EDGE_CURVE('',#4251,#4260,#1805,.T.);
#5268=EDGE_CURVE('',#4261,#4260,#1806,.T.);
#5269=EDGE_CURVE('',#4252,#4261,#1807,.T.);
#5270=EDGE_CURVE('',#4262,#4261,#1808,.T.);
#5271=EDGE_CURVE('',#4253,#4262,#1809,.T.);
#5272=EDGE_CURVE('',#4256,#4262,#1810,.T.);
#5273=EDGE_CURVE('',#4263,#4264,#1461,.T.);
#5274=EDGE_CURVE('',#4264,#4265,#1811,.T.);
#5275=EDGE_CURVE('',#4265,#4266,#1462,.T.);
#5276=EDGE_CURVE('',#4266,#4263,#1812,.T.);
#5277=EDGE_CURVE('',#4267,#4268,#1813,.T.);
#5278=EDGE_CURVE('',#4269,#4267,#1814,.T.);
#5279=EDGE_CURVE('',#4270,#4269,#1815,.T.);
#5280=EDGE_CURVE('',#4271,#4270,#1816,.T.);
#5281=EDGE_CURVE('',#4272,#4271,#1817,.T.);
#5282=EDGE_CURVE('',#4264,#4272,#1818,.T.);
#5283=EDGE_CURVE('',#4268,#4263,#1819,.T.);
#5284=EDGE_CURVE('',#4273,#4266,#1820,.T.);
#5285=EDGE_CURVE('',#4268,#4273,#1821,.T.);
#5286=EDGE_CURVE('',#4274,#4273,#1822,.T.);
#5287=EDGE_CURVE('',#4267,#4274,#1823,.T.);
#5288=EDGE_CURVE('',#4275,#4274,#1824,.T.);
#5289=EDGE_CURVE('',#4269,#4275,#1825,.T.);
#5290=EDGE_CURVE('',#4276,#4275,#1826,.T.);
#5291=EDGE_CURVE('',#4270,#4276,#1827,.T.);
#5292=EDGE_CURVE('',#4277,#4276,#1828,.T.);
#5293=EDGE_CURVE('',#4271,#4277,#1829,.T.);
#5294=EDGE_CURVE('',#4278,#4277,#1830,.T.);
#5295=EDGE_CURVE('',#4272,#4278,#1831,.T.);
#5296=EDGE_CURVE('',#4265,#4278,#1832,.T.);
#5297=EDGE_CURVE('',#4279,#4280,#1833,.T.);
#5298=EDGE_CURVE('',#4281,#4279,#1834,.T.);
#5299=EDGE_CURVE('',#4282,#4281,#1835,.T.);
#5300=EDGE_CURVE('',#4283,#4282,#1836,.T.);
#5301=EDGE_CURVE('',#4284,#4283,#1837,.T.);
#5302=EDGE_CURVE('',#4285,#4284,#1838,.T.);
#5303=EDGE_CURVE('',#4286,#4285,#1839,.T.);
#5304=EDGE_CURVE('',#4280,#4286,#1463,.T.);
#5305=EDGE_CURVE('',#4287,#4280,#1840,.T.);
#5306=EDGE_CURVE('',#4286,#4288,#1841,.T.);
#5307=EDGE_CURVE('',#4288,#4287,#1464,.T.);
#5308=EDGE_CURVE('',#4289,#4287,#1842,.T.);
#5309=EDGE_CURVE('',#4279,#4289,#1843,.T.);
#5310=EDGE_CURVE('',#4290,#4289,#1844,.T.);
#5311=EDGE_CURVE('',#4281,#4290,#1845,.T.);
#5312=EDGE_CURVE('',#4291,#4290,#1846,.T.);
#5313=EDGE_CURVE('',#4282,#4291,#1847,.T.);
#5314=EDGE_CURVE('',#4292,#4291,#1848,.T.);
#5315=EDGE_CURVE('',#4283,#4292,#1849,.T.);
#5316=EDGE_CURVE('',#4293,#4292,#1850,.T.);
#5317=EDGE_CURVE('',#4284,#4293,#1851,.T.);
#5318=EDGE_CURVE('',#4294,#4293,#1852,.T.);
#5319=EDGE_CURVE('',#4285,#4294,#1853,.T.);
#5320=EDGE_CURVE('',#4288,#4294,#1854,.T.);
#5321=EDGE_CURVE('',#4295,#4296,#1465,.T.);
#5322=EDGE_CURVE('',#4296,#4297,#1855,.T.);
#5323=EDGE_CURVE('',#4298,#4297,#1466,.T.);
#5324=EDGE_CURVE('',#4298,#4295,#1856,.T.);
#5325=EDGE_CURVE('',#4299,#4298,#1857,.T.);
#5326=EDGE_CURVE('',#4297,#4300,#1858,.T.);
#5327=EDGE_CURVE('',#4300,#4301,#1859,.T.);
#5328=EDGE_CURVE('',#4301,#4302,#1860,.T.);
#5329=EDGE_CURVE('',#4302,#4303,#1861,.T.);
#5330=EDGE_CURVE('',#4303,#4304,#1862,.T.);
#5331=EDGE_CURVE('',#4304,#4299,#1863,.T.);
#5332=EDGE_CURVE('',#4295,#4305,#1864,.T.);
#5333=EDGE_CURVE('',#4305,#4299,#1865,.T.);
#5334=EDGE_CURVE('',#4305,#4306,#1866,.T.);
#5335=EDGE_CURVE('',#4306,#4304,#1867,.T.);
#5336=EDGE_CURVE('',#4306,#4307,#1868,.T.);
#5337=EDGE_CURVE('',#4307,#4303,#1869,.T.);
#5338=EDGE_CURVE('',#4307,#4308,#1870,.T.);
#5339=EDGE_CURVE('',#4308,#4302,#1871,.T.);
#5340=EDGE_CURVE('',#4308,#4309,#1872,.T.);
#5341=EDGE_CURVE('',#4309,#4301,#1873,.T.);
#5342=EDGE_CURVE('',#4309,#4310,#1874,.T.);
#5343=EDGE_CURVE('',#4310,#4300,#1875,.T.);
#5344=EDGE_CURVE('',#4310,#4296,#1876,.T.);
#5345=EDGE_CURVE('',#4311,#4312,#1877,.T.);
#5346=EDGE_CURVE('',#4312,#4313,#1878,.T.);
#5347=EDGE_CURVE('',#4313,#4314,#1467,.T.);
#5348=EDGE_CURVE('',#4314,#4315,#1879,.T.);
#5349=EDGE_CURVE('',#4315,#4316,#1880,.T.);
#5350=EDGE_CURVE('',#4316,#4317,#1881,.T.);
#5351=EDGE_CURVE('',#4317,#4318,#1882,.T.);
#5352=EDGE_CURVE('',#4318,#4311,#1883,.T.);
#5353=EDGE_CURVE('',#4313,#4319,#1884,.T.);
#5354=EDGE_CURVE('',#4320,#4312,#1885,.T.);
#5355=EDGE_CURVE('',#4319,#4320,#1886,.T.);
#5356=EDGE_CURVE('',#4321,#4311,#1887,.T.);
#5357=EDGE_CURVE('',#4320,#4321,#1888,.T.);
#5358=EDGE_CURVE('',#4322,#4318,#1889,.T.);
#5359=EDGE_CURVE('',#4321,#4322,#1890,.T.);
#5360=EDGE_CURVE('',#4323,#4317,#1891,.T.);
#5361=EDGE_CURVE('',#4322,#4323,#1892,.T.);
#5362=EDGE_CURVE('',#4324,#4316,#1893,.T.);
#5363=EDGE_CURVE('',#4323,#4324,#1894,.T.);
#5364=EDGE_CURVE('',#4325,#4315,#1895,.T.);
#5365=EDGE_CURVE('',#4324,#4325,#1896,.T.);
#5366=EDGE_CURVE('',#4326,#4314,#1897,.T.);
#5367=EDGE_CURVE('',#4325,#4326,#1898,.T.);
#5368=EDGE_CURVE('',#4319,#4326,#1468,.T.);
#5369=EDGE_CURVE('',#4327,#4328,#1899,.T.);
#5370=EDGE_CURVE('',#4329,#4327,#1900,.T.);
#5371=EDGE_CURVE('',#4330,#4329,#1901,.T.);
#5372=EDGE_CURVE('',#4331,#4330,#1902,.T.);
#5373=EDGE_CURVE('',#4332,#4331,#1903,.T.);
#5374=EDGE_CURVE('',#4333,#4332,#1904,.T.);
#5375=EDGE_CURVE('',#4334,#4333,#1905,.T.);
#5376=EDGE_CURVE('',#4328,#4334,#1469,.T.);
#5377=EDGE_CURVE('',#4334,#4335,#1906,.T.);
#5378=EDGE_CURVE('',#4335,#4336,#1470,.T.);
#5379=EDGE_CURVE('',#4336,#4328,#1907,.T.);
#5380=EDGE_CURVE('',#4327,#4337,#1908,.T.);
#5381=EDGE_CURVE('',#4337,#4336,#1909,.T.);
#5382=EDGE_CURVE('',#4329,#4338,#1910,.T.);
#5383=EDGE_CURVE('',#4338,#4337,#1911,.T.);
#5384=EDGE_CURVE('',#4330,#4339,#1912,.T.);
#5385=EDGE_CURVE('',#4339,#4338,#1913,.T.);
#5386=EDGE_CURVE('',#4331,#4340,#1914,.T.);
#5387=EDGE_CURVE('',#4340,#4339,#1915,.T.);
#5388=EDGE_CURVE('',#4332,#4341,#1916,.T.);
#5389=EDGE_CURVE('',#4341,#4340,#1917,.T.);
#5390=EDGE_CURVE('',#4333,#4342,#1918,.T.);
#5391=EDGE_CURVE('',#4342,#4341,#1919,.T.);
#5392=EDGE_CURVE('',#4335,#4342,#1920,.T.);
#5393=EDGE_CURVE('',#4343,#4344,#1921,.T.);
#5394=EDGE_CURVE('',#4344,#4345,#1922,.T.);
#5395=EDGE_CURVE('',#4345,#4346,#1471,.T.);
#5396=EDGE_CURVE('',#4346,#4347,#1923,.T.);
#5397=EDGE_CURVE('',#4347,#4348,#1924,.T.);
#5398=EDGE_CURVE('',#4348,#4349,#1925,.T.);
#5399=EDGE_CURVE('',#4349,#4350,#1926,.T.);
#5400=EDGE_CURVE('',#4350,#4343,#1927,.T.);
#5401=EDGE_CURVE('',#4345,#4351,#1928,.T.);
#5402=EDGE_CURVE('',#4352,#4344,#1929,.T.);
#5403=EDGE_CURVE('',#4351,#4352,#1930,.T.);
#5404=EDGE_CURVE('',#4353,#4343,#1931,.T.);
#5405=EDGE_CURVE('',#4352,#4353,#1932,.T.);
#5406=EDGE_CURVE('',#4354,#4350,#1933,.T.);
#5407=EDGE_CURVE('',#4353,#4354,#1934,.T.);
#5408=EDGE_CURVE('',#4355,#4349,#1935,.T.);
#5409=EDGE_CURVE('',#4354,#4355,#1936,.T.);
#5410=EDGE_CURVE('',#4356,#4348,#1937,.T.);
#5411=EDGE_CURVE('',#4355,#4356,#1938,.T.);
#5412=EDGE_CURVE('',#4357,#4347,#1939,.T.);
#5413=EDGE_CURVE('',#4356,#4357,#1940,.T.);
#5414=EDGE_CURVE('',#4358,#4346,#1941,.T.);
#5415=EDGE_CURVE('',#4357,#4358,#1942,.T.);
#5416=EDGE_CURVE('',#4351,#4358,#1472,.T.);
#5417=EDGE_CURVE('',#4359,#4360,#1943,.T.);
#5418=EDGE_CURVE('',#4360,#4361,#1944,.T.);
#5419=EDGE_CURVE('',#4361,#4362,#1945,.T.);
#5420=EDGE_CURVE('',#4362,#4363,#1473,.T.);
#5421=EDGE_CURVE('',#4363,#4364,#1946,.T.);
#5422=EDGE_CURVE('',#4364,#4365,#1947,.T.);
#5423=EDGE_CURVE('',#4365,#4366,#1948,.T.);
#5424=EDGE_CURVE('',#4366,#4359,#1949,.T.);
#5425=EDGE_CURVE('',#4367,#4360,#1950,.T.);
#5426=EDGE_CURVE('',#4368,#4367,#1951,.T.);
#5427=EDGE_CURVE('',#4361,#4368,#1952,.T.);
#5428=EDGE_CURVE('',#4369,#4359,#1953,.T.);
#5429=EDGE_CURVE('',#4367,#4369,#1954,.T.);
#5430=EDGE_CURVE('',#4370,#4366,#1955,.T.);
#5431=EDGE_CURVE('',#4369,#4370,#1956,.T.);
#5432=EDGE_CURVE('',#4371,#4365,#1957,.T.);
#5433=EDGE_CURVE('',#4370,#4371,#1958,.T.);
#5434=EDGE_CURVE('',#4372,#4364,#1959,.T.);
#5435=EDGE_CURVE('',#4371,#4372,#1960,.T.);
#5436=EDGE_CURVE('',#4373,#4363,#1961,.T.);
#5437=EDGE_CURVE('',#4372,#4373,#1962,.T.);
#5438=EDGE_CURVE('',#4374,#4373,#1474,.T.);
#5439=EDGE_CURVE('',#4362,#4374,#1963,.T.);
#5440=EDGE_CURVE('',#4374,#4368,#1964,.T.);
#5441=EDGE_CURVE('',#4375,#4376,#1965,.T.);
#5442=EDGE_CURVE('',#4376,#4377,#1966,.T.);
#5443=EDGE_CURVE('',#4377,#4378,#1967,.T.);
#5444=EDGE_CURVE('',#4378,#4379,#1475,.T.);
#5445=EDGE_CURVE('',#4379,#4380,#1968,.T.);
#5446=EDGE_CURVE('',#4380,#4381,#1969,.T.);
#5447=EDGE_CURVE('',#4381,#4382,#1970,.T.);
#5448=EDGE_CURVE('',#4382,#4375,#1971,.T.);
#5449=EDGE_CURVE('',#4383,#4376,#1972,.T.);
#5450=EDGE_CURVE('',#4384,#4383,#1973,.T.);
#5451=EDGE_CURVE('',#4377,#4384,#1974,.T.);
#5452=EDGE_CURVE('',#4385,#4375,#1975,.T.);
#5453=EDGE_CURVE('',#4383,#4385,#1976,.T.);
#5454=EDGE_CURVE('',#4386,#4382,#1977,.T.);
#5455=EDGE_CURVE('',#4385,#4386,#1978,.T.);
#5456=EDGE_CURVE('',#4387,#4381,#1979,.T.);
#5457=EDGE_CURVE('',#4386,#4387,#1980,.T.);
#5458=EDGE_CURVE('',#4388,#4380,#1981,.T.);
#5459=EDGE_CURVE('',#4387,#4388,#1982,.T.);
#5460=EDGE_CURVE('',#4389,#4379,#1983,.T.);
#5461=EDGE_CURVE('',#4388,#4389,#1984,.T.);
#5462=EDGE_CURVE('',#4390,#4389,#1476,.T.);
#5463=EDGE_CURVE('',#4378,#4390,#1985,.T.);
#5464=EDGE_CURVE('',#4390,#4384,#1986,.T.);
#5465=EDGE_CURVE('',#4391,#4392,#1987,.T.);
#5466=EDGE_CURVE('',#4393,#4391,#1988,.T.);
#5467=EDGE_CURVE('',#4394,#4393,#1989,.T.);
#5468=EDGE_CURVE('',#4395,#4394,#1990,.T.);
#5469=EDGE_CURVE('',#4396,#4395,#1991,.T.);
#5470=EDGE_CURVE('',#4397,#4396,#1992,.T.);
#5471=EDGE_CURVE('',#4398,#4397,#1993,.T.);
#5472=EDGE_CURVE('',#4392,#4398,#1477,.T.);
#5473=EDGE_CURVE('',#4398,#4399,#1994,.T.);
#5474=EDGE_CURVE('',#4399,#4400,#1478,.T.);
#5475=EDGE_CURVE('',#4400,#4392,#1995,.T.);
#5476=EDGE_CURVE('',#4391,#4401,#1996,.T.);
#5477=EDGE_CURVE('',#4401,#4400,#1997,.T.);
#5478=EDGE_CURVE('',#4393,#4402,#1998,.T.);
#5479=EDGE_CURVE('',#4402,#4401,#1999,.T.);
#5480=EDGE_CURVE('',#4394,#4403,#2000,.T.);
#5481=EDGE_CURVE('',#4403,#4402,#2001,.T.);
#5482=EDGE_CURVE('',#4395,#4404,#2002,.T.);
#5483=EDGE_CURVE('',#4404,#4403,#2003,.T.);
#5484=EDGE_CURVE('',#4396,#4405,#2004,.T.);
#5485=EDGE_CURVE('',#4405,#4404,#2005,.T.);
#5486=EDGE_CURVE('',#4397,#4406,#2006,.T.);
#5487=EDGE_CURVE('',#4406,#4405,#2007,.T.);
#5488=EDGE_CURVE('',#4399,#4406,#2008,.T.);
#5489=EDGE_CURVE('',#4407,#4407,#1479,.T.);
#5490=EDGE_CURVE('',#4407,#4408,#2009,.T.);
#5491=EDGE_CURVE('',#4408,#4408,#1480,.T.);
#5492=EDGE_CURVE('',#4409,#4410,#1481,.T.);
#5493=EDGE_CURVE('',#4411,#4410,#2010,.T.);
#5494=EDGE_CURVE('',#4411,#4412,#1482,.T.);
#5495=EDGE_CURVE('',#4412,#4409,#2011,.T.);
#5496=EDGE_CURVE('',#4413,#4414,#1483,.T.);
#5497=EDGE_CURVE('',#4415,#4413,#2012,.T.);
#5498=EDGE_CURVE('',#4415,#4416,#1484,.T.);
#5499=EDGE_CURVE('',#4414,#4416,#2013,.T.);
#5500=EDGE_CURVE('',#4417,#4418,#1485,.T.);
#5501=EDGE_CURVE('',#4419,#4417,#2014,.T.);
#5502=EDGE_CURVE('',#4419,#4420,#1486,.T.);
#5503=EDGE_CURVE('',#4418,#4420,#2015,.T.);
#5504=EDGE_CURVE('',#4421,#4422,#1487,.T.);
#5505=EDGE_CURVE('',#4423,#4421,#2016,.T.);
#5506=EDGE_CURVE('',#4423,#4424,#1488,.T.);
#5507=EDGE_CURVE('',#4422,#4424,#2017,.T.);
#5508=EDGE_CURVE('',#4425,#4426,#1489,.T.);
#5509=EDGE_CURVE('',#4427,#4425,#2018,.T.);
#5510=EDGE_CURVE('',#4427,#4428,#1490,.T.);
#5511=EDGE_CURVE('',#4426,#4428,#2019,.T.);
#5512=EDGE_CURVE('',#4429,#4430,#1491,.T.);
#5513=EDGE_CURVE('',#4431,#4429,#2020,.T.);
#5514=EDGE_CURVE('',#4431,#4432,#1492,.T.);
#5515=EDGE_CURVE('',#4430,#4432,#2021,.T.);
#5516=EDGE_CURVE('',#4433,#4434,#1493,.T.);
#5517=EDGE_CURVE('',#4435,#4433,#2022,.T.);
#5518=EDGE_CURVE('',#4435,#4436,#1494,.T.);
#5519=EDGE_CURVE('',#4436,#4434,#2023,.T.);
#5520=EDGE_CURVE('',#4437,#4438,#2024,.T.);
#5521=EDGE_CURVE('',#4438,#4439,#2025,.T.);
#5522=EDGE_CURVE('',#4439,#4440,#2026,.T.);
#5523=EDGE_CURVE('',#4440,#4437,#2027,.T.);
#5524=EDGE_CURVE('',#4441,#4442,#2028,.T.);
#5525=EDGE_CURVE('',#4441,#4443,#2029,.T.);
#5526=EDGE_CURVE('',#4443,#4444,#2030,.T.);
#5527=EDGE_CURVE('',#4444,#4445,#2031,.T.);
#5528=EDGE_CURVE('',#4446,#4445,#2032,.T.);
#5529=EDGE_CURVE('',#4447,#4446,#2033,.T.);
#5530=EDGE_CURVE('',#4448,#4447,#2034,.T.);
#5531=EDGE_CURVE('',#4449,#4448,#2035,.T.);
#5532=EDGE_CURVE('',#4450,#4449,#2036,.T.);
#5533=EDGE_CURVE('',#4451,#4450,#2037,.T.);
#5534=EDGE_CURVE('',#4452,#4451,#2038,.T.);
#5535=EDGE_CURVE('',#4453,#4452,#2039,.T.);
#5536=EDGE_CURVE('',#4454,#4453,#2040,.T.);
#5537=EDGE_CURVE('',#4455,#4454,#2041,.T.);
#5538=EDGE_CURVE('',#4456,#4455,#2042,.T.);
#5539=EDGE_CURVE('',#4457,#4456,#2043,.T.);
#5540=EDGE_CURVE('',#4458,#4457,#2044,.T.);
#5541=EDGE_CURVE('',#4459,#4458,#2045,.T.);
#5542=EDGE_CURVE('',#4460,#4459,#2046,.T.);
#5543=EDGE_CURVE('',#4461,#4460,#2047,.T.);
#5544=EDGE_CURVE('',#4462,#4461,#2048,.T.);
#5545=EDGE_CURVE('',#4463,#4462,#2049,.T.);
#5546=EDGE_CURVE('',#4464,#4463,#2050,.T.);
#5547=EDGE_CURVE('',#4465,#4464,#2051,.T.);
#5548=EDGE_CURVE('',#4466,#4465,#2052,.T.);
#5549=EDGE_CURVE('',#4467,#4466,#2053,.T.);
#5550=EDGE_CURVE('',#4468,#4467,#2054,.T.);
#5551=EDGE_CURVE('',#4469,#4468,#2055,.T.);
#5552=EDGE_CURVE('',#4470,#4469,#2056,.T.);
#5553=EDGE_CURVE('',#4471,#4470,#2057,.T.);
#5554=EDGE_CURVE('',#4472,#4471,#2058,.T.);
#5555=EDGE_CURVE('',#4442,#4472,#2059,.T.);
#5556=EDGE_CURVE('',#4473,#4474,#2060,.T.);
#5557=EDGE_CURVE('',#4473,#4475,#2061,.T.);
#5558=EDGE_CURVE('',#4475,#4476,#2062,.T.);
#5559=EDGE_CURVE('',#4476,#4477,#2063,.T.);
#5560=EDGE_CURVE('',#4478,#4477,#2064,.T.);
#5561=EDGE_CURVE('',#4479,#4478,#2065,.T.);
#5562=EDGE_CURVE('',#4480,#4479,#2066,.T.);
#5563=EDGE_CURVE('',#4481,#4480,#2067,.T.);
#5564=EDGE_CURVE('',#4482,#4481,#2068,.T.);
#5565=EDGE_CURVE('',#4483,#4482,#2069,.T.);
#5566=EDGE_CURVE('',#4484,#4483,#2070,.T.);
#5567=EDGE_CURVE('',#4485,#4484,#2071,.T.);
#5568=EDGE_CURVE('',#4486,#4485,#2072,.T.);
#5569=EDGE_CURVE('',#4487,#4486,#2073,.T.);
#5570=EDGE_CURVE('',#4488,#4487,#2074,.T.);
#5571=EDGE_CURVE('',#4489,#4488,#2075,.T.);
#5572=EDGE_CURVE('',#4490,#4489,#2076,.T.);
#5573=EDGE_CURVE('',#4491,#4490,#2077,.T.);
#5574=EDGE_CURVE('',#4492,#4491,#2078,.T.);
#5575=EDGE_CURVE('',#4493,#4492,#2079,.T.);
#5576=EDGE_CURVE('',#4494,#4493,#2080,.T.);
#5577=EDGE_CURVE('',#4495,#4494,#2081,.T.);
#5578=EDGE_CURVE('',#4496,#4495,#2082,.T.);
#5579=EDGE_CURVE('',#4497,#4496,#2083,.T.);
#5580=EDGE_CURVE('',#4498,#4497,#2084,.T.);
#5581=EDGE_CURVE('',#4499,#4498,#2085,.T.);
#5582=EDGE_CURVE('',#4500,#4499,#2086,.T.);
#5583=EDGE_CURVE('',#4501,#4500,#2087,.T.);
#5584=EDGE_CURVE('',#4502,#4501,#2088,.T.);
#5585=EDGE_CURVE('',#4503,#4502,#2089,.T.);
#5586=EDGE_CURVE('',#4504,#4503,#2090,.T.);
#5587=EDGE_CURVE('',#4474,#4504,#2091,.T.);
#5588=EDGE_CURVE('',#4505,#4506,#2092,.T.);
#5589=EDGE_CURVE('',#4506,#4507,#2093,.T.);
#5590=EDGE_CURVE('',#4508,#4507,#2094,.T.);
#5591=EDGE_CURVE('',#4509,#4508,#2095,.T.);
#5592=EDGE_CURVE('',#4510,#4509,#2096,.T.);
#5593=EDGE_CURVE('',#4511,#4510,#2097,.T.);
#5594=EDGE_CURVE('',#4512,#4511,#2098,.T.);
#5595=EDGE_CURVE('',#4513,#4512,#2099,.T.);
#5596=EDGE_CURVE('',#4514,#4513,#2100,.T.);
#5597=EDGE_CURVE('',#4515,#4514,#2101,.T.);
#5598=EDGE_CURVE('',#4516,#4515,#2102,.T.);
#5599=EDGE_CURVE('',#4517,#4516,#2103,.T.);
#5600=EDGE_CURVE('',#4518,#4517,#2104,.T.);
#5601=EDGE_CURVE('',#4519,#4518,#2105,.T.);
#5602=EDGE_CURVE('',#4520,#4519,#2106,.T.);
#5603=EDGE_CURVE('',#4521,#4520,#2107,.T.);
#5604=EDGE_CURVE('',#4522,#4521,#2108,.T.);
#5605=EDGE_CURVE('',#4523,#4522,#2109,.T.);
#5606=EDGE_CURVE('',#4524,#4523,#2110,.T.);
#5607=EDGE_CURVE('',#4525,#4524,#2111,.T.);
#5608=EDGE_CURVE('',#4526,#4525,#2112,.T.);
#5609=EDGE_CURVE('',#4527,#4526,#2113,.T.);
#5610=EDGE_CURVE('',#4528,#4527,#2114,.T.);
#5611=EDGE_CURVE('',#4529,#4528,#2115,.T.);
#5612=EDGE_CURVE('',#4530,#4529,#2116,.T.);
#5613=EDGE_CURVE('',#4531,#4530,#2117,.T.);
#5614=EDGE_CURVE('',#4532,#4531,#2118,.T.);
#5615=EDGE_CURVE('',#4533,#4532,#2119,.T.);
#5616=EDGE_CURVE('',#4534,#4533,#2120,.T.);
#5617=EDGE_CURVE('',#4535,#4534,#2121,.T.);
#5618=EDGE_CURVE('',#4536,#4535,#2122,.T.);
#5619=EDGE_CURVE('',#4536,#4505,#2123,.T.);
#5620=EDGE_CURVE('',#4537,#4538,#2124,.T.);
#5621=EDGE_CURVE('',#4537,#4539,#2125,.T.);
#5622=EDGE_CURVE('',#4539,#4540,#2126,.T.);
#5623=EDGE_CURVE('',#4540,#4541,#2127,.T.);
#5624=EDGE_CURVE('',#4542,#4541,#2128,.T.);
#5625=EDGE_CURVE('',#4543,#4542,#2129,.T.);
#5626=EDGE_CURVE('',#4544,#4543,#2130,.T.);
#5627=EDGE_CURVE('',#4545,#4544,#2131,.T.);
#5628=EDGE_CURVE('',#4546,#4545,#2132,.T.);
#5629=EDGE_CURVE('',#4547,#4546,#2133,.T.);
#5630=EDGE_CURVE('',#4548,#4547,#2134,.T.);
#5631=EDGE_CURVE('',#4549,#4548,#2135,.T.);
#5632=EDGE_CURVE('',#4550,#4549,#2136,.T.);
#5633=EDGE_CURVE('',#4551,#4550,#2137,.T.);
#5634=EDGE_CURVE('',#4552,#4551,#2138,.T.);
#5635=EDGE_CURVE('',#4553,#4552,#2139,.T.);
#5636=EDGE_CURVE('',#4554,#4553,#2140,.T.);
#5637=EDGE_CURVE('',#4555,#4554,#2141,.T.);
#5638=EDGE_CURVE('',#4556,#4555,#2142,.T.);
#5639=EDGE_CURVE('',#4557,#4556,#2143,.T.);
#5640=EDGE_CURVE('',#4558,#4557,#2144,.T.);
#5641=EDGE_CURVE('',#4559,#4558,#2145,.T.);
#5642=EDGE_CURVE('',#4560,#4559,#2146,.T.);
#5643=EDGE_CURVE('',#4561,#4560,#2147,.T.);
#5644=EDGE_CURVE('',#4562,#4561,#2148,.T.);
#5645=EDGE_CURVE('',#4563,#4562,#2149,.T.);
#5646=EDGE_CURVE('',#4564,#4563,#2150,.T.);
#5647=EDGE_CURVE('',#4565,#4564,#2151,.T.);
#5648=EDGE_CURVE('',#4566,#4565,#2152,.T.);
#5649=EDGE_CURVE('',#4567,#4566,#2153,.T.);
#5650=EDGE_CURVE('',#4568,#4567,#2154,.T.);
#5651=EDGE_CURVE('',#4538,#4568,#2155,.T.);
#5652=EDGE_CURVE('',#4507,#4537,#1495,.T.);
#5653=EDGE_CURVE('',#4569,#4538,#2156,.T.);
#5654=EDGE_CURVE('',#4570,#4569,#2157,.T.);
#5655=EDGE_CURVE('',#4571,#4570,#2158,.T.);
#5656=EDGE_CURVE('',#4572,#4571,#1496,.T.);
#5657=EDGE_CURVE('',#4573,#4572,#2159,.T.);
#5658=EDGE_CURVE('',#4574,#4573,#2160,.T.);
#5659=EDGE_CURVE('',#4566,#4574,#2161,.T.);
#5660=EDGE_CURVE('',#4575,#4565,#2162,.T.);
#5661=EDGE_CURVE('',#4576,#4575,#2163,.T.);
#5662=EDGE_CURVE('',#4577,#4576,#2164,.T.);
#5663=EDGE_CURVE('',#4578,#4577,#1497,.T.);
#5664=EDGE_CURVE('',#4579,#4578,#2165,.T.);
#5665=EDGE_CURVE('',#4580,#4579,#2166,.T.);
#5666=EDGE_CURVE('',#4562,#4580,#2167,.T.);
#5667=EDGE_CURVE('',#4581,#4561,#2168,.T.);
#5668=EDGE_CURVE('',#4582,#4581,#2169,.T.);
#5669=EDGE_CURVE('',#4583,#4582,#2170,.T.);
#5670=EDGE_CURVE('',#4584,#4583,#1498,.T.);
#5671=EDGE_CURVE('',#4585,#4584,#2171,.T.);
#5672=EDGE_CURVE('',#4586,#4585,#2172,.T.);
#5673=EDGE_CURVE('',#4558,#4586,#2173,.T.);
#5674=EDGE_CURVE('',#4587,#4557,#2174,.T.);
#5675=EDGE_CURVE('',#4588,#4587,#2175,.T.);
#5676=EDGE_CURVE('',#4589,#4588,#2176,.T.);
#5677=EDGE_CURVE('',#4590,#4589,#1499,.T.);
#5678=EDGE_CURVE('',#4591,#4590,#2177,.T.);
#5679=EDGE_CURVE('',#4592,#4591,#2178,.T.);
#5680=EDGE_CURVE('',#4554,#4592,#2179,.T.);
#5681=EDGE_CURVE('',#4593,#4553,#2180,.T.);
#5682=EDGE_CURVE('',#4594,#4593,#2181,.T.);
#5683=EDGE_CURVE('',#4595,#4594,#2182,.T.);
#5684=EDGE_CURVE('',#4596,#4595,#1500,.T.);
#5685=EDGE_CURVE('',#4597,#4596,#2183,.T.);
#5686=EDGE_CURVE('',#4598,#4597,#2184,.T.);
#5687=EDGE_CURVE('',#4550,#4598,#2185,.T.);
#5688=EDGE_CURVE('',#4599,#4549,#2186,.T.);
#5689=EDGE_CURVE('',#4600,#4599,#2187,.T.);
#5690=EDGE_CURVE('',#4601,#4600,#2188,.T.);
#5691=EDGE_CURVE('',#4602,#4601,#1501,.T.);
#5692=EDGE_CURVE('',#4603,#4602,#2189,.T.);
#5693=EDGE_CURVE('',#4604,#4603,#2190,.T.);
#5694=EDGE_CURVE('',#4546,#4604,#2191,.T.);
#5695=EDGE_CURVE('',#4605,#4545,#2192,.T.);
#5696=EDGE_CURVE('',#4606,#4605,#2193,.T.);
#5697=EDGE_CURVE('',#4607,#4606,#2194,.T.);
#5698=EDGE_CURVE('',#4608,#4607,#1502,.T.);
#5699=EDGE_CURVE('',#4609,#4608,#2195,.T.);
#5700=EDGE_CURVE('',#4610,#4609,#2196,.T.);
#5701=EDGE_CURVE('',#4542,#4610,#2197,.T.);
#5702=EDGE_CURVE('',#4541,#4441,#1503,.T.);
#5703=EDGE_CURVE('',#4611,#4442,#2198,.T.);
#5704=EDGE_CURVE('',#4612,#4611,#2199,.T.);
#5705=EDGE_CURVE('',#4613,#4612,#2200,.T.);
#5706=EDGE_CURVE('',#4614,#4613,#1504,.T.);
#5707=EDGE_CURVE('',#4615,#4614,#2201,.T.);
#5708=EDGE_CURVE('',#4616,#4615,#2202,.T.);
#5709=EDGE_CURVE('',#4470,#4616,#2203,.T.);
#5710=EDGE_CURVE('',#4617,#4469,#2204,.T.);
#5711=EDGE_CURVE('',#4618,#4617,#2205,.T.);
#5712=EDGE_CURVE('',#4619,#4618,#2206,.T.);
#5713=EDGE_CURVE('',#4620,#4619,#1505,.T.);
#5714=EDGE_CURVE('',#4621,#4620,#2207,.T.);
#5715=EDGE_CURVE('',#4622,#4621,#2208,.T.);
#5716=EDGE_CURVE('',#4466,#4622,#2209,.T.);
#5717=EDGE_CURVE('',#4623,#4465,#2210,.T.);
#5718=EDGE_CURVE('',#4624,#4623,#2211,.T.);
#5719=EDGE_CURVE('',#4625,#4624,#2212,.T.);
#5720=EDGE_CURVE('',#4626,#4625,#1506,.T.);
#5721=EDGE_CURVE('',#4627,#4626,#2213,.T.);
#5722=EDGE_CURVE('',#4628,#4627,#2214,.T.);
#5723=EDGE_CURVE('',#4462,#4628,#2215,.T.);
#5724=EDGE_CURVE('',#4629,#4461,#2216,.T.);
#5725=EDGE_CURVE('',#4630,#4629,#2217,.T.);
#5726=EDGE_CURVE('',#4631,#4630,#2218,.T.);
#5727=EDGE_CURVE('',#4632,#4631,#1507,.T.);
#5728=EDGE_CURVE('',#4633,#4632,#2219,.T.);
#5729=EDGE_CURVE('',#4634,#4633,#2220,.T.);
#5730=EDGE_CURVE('',#4458,#4634,#2221,.T.);
#5731=EDGE_CURVE('',#4635,#4457,#2222,.T.);
#5732=EDGE_CURVE('',#4636,#4635,#2223,.T.);
#5733=EDGE_CURVE('',#4637,#4636,#2224,.T.);
#5734=EDGE_CURVE('',#4638,#4637,#1508,.T.);
#5735=EDGE_CURVE('',#4639,#4638,#2225,.T.);
#5736=EDGE_CURVE('',#4640,#4639,#2226,.T.);
#5737=EDGE_CURVE('',#4454,#4640,#2227,.T.);
#5738=EDGE_CURVE('',#4641,#4453,#2228,.T.);
#5739=EDGE_CURVE('',#4642,#4641,#2229,.T.);
#5740=EDGE_CURVE('',#4643,#4642,#2230,.T.);
#5741=EDGE_CURVE('',#4644,#4643,#1509,.T.);
#5742=EDGE_CURVE('',#4645,#4644,#2231,.T.);
#5743=EDGE_CURVE('',#4646,#4645,#2232,.T.);
#5744=EDGE_CURVE('',#4450,#4646,#2233,.T.);
#5745=EDGE_CURVE('',#4647,#4449,#2234,.T.);
#5746=EDGE_CURVE('',#4648,#4647,#2235,.T.);
#5747=EDGE_CURVE('',#4649,#4648,#2236,.T.);
#5748=EDGE_CURVE('',#4650,#4649,#1510,.T.);
#5749=EDGE_CURVE('',#4651,#4650,#2237,.T.);
#5750=EDGE_CURVE('',#4652,#4651,#2238,.T.);
#5751=EDGE_CURVE('',#4446,#4652,#2239,.T.);
#5752=EDGE_CURVE('',#4445,#4473,#1511,.T.);
#5753=EDGE_CURVE('',#4653,#4474,#2240,.T.);
#5754=EDGE_CURVE('',#4654,#4653,#2241,.T.);
#5755=EDGE_CURVE('',#4412,#4654,#2242,.T.);
#5756=EDGE_CURVE('',#4655,#4411,#2243,.T.);
#5757=EDGE_CURVE('',#4656,#4655,#2244,.T.);
#5758=EDGE_CURVE('',#4502,#4656,#2245,.T.);
#5759=EDGE_CURVE('',#4657,#4501,#2246,.T.);
#5760=EDGE_CURVE('',#4658,#4657,#2247,.T.);
#5761=EDGE_CURVE('',#4416,#4658,#2248,.T.);
#5762=EDGE_CURVE('',#4659,#4415,#2249,.T.);
#5763=EDGE_CURVE('',#4660,#4659,#2250,.T.);
#5764=EDGE_CURVE('',#4498,#4660,#2251,.T.);
#5765=EDGE_CURVE('',#4661,#4497,#2252,.T.);
#5766=EDGE_CURVE('',#4662,#4661,#2253,.T.);
#5767=EDGE_CURVE('',#4420,#4662,#2254,.T.);
#5768=EDGE_CURVE('',#4663,#4419,#2255,.T.);
#5769=EDGE_CURVE('',#4664,#4663,#2256,.T.);
#5770=EDGE_CURVE('',#4494,#4664,#2257,.T.);
#5771=EDGE_CURVE('',#4665,#4493,#2258,.T.);
#5772=EDGE_CURVE('',#4666,#4665,#2259,.T.);
#5773=EDGE_CURVE('',#4424,#4666,#2260,.T.);
#5774=EDGE_CURVE('',#4667,#4423,#2261,.T.);
#5775=EDGE_CURVE('',#4668,#4667,#2262,.T.);
#5776=EDGE_CURVE('',#4490,#4668,#2263,.T.);
#5777=EDGE_CURVE('',#4669,#4489,#2264,.T.);
#5778=EDGE_CURVE('',#4670,#4669,#2265,.T.);
#5779=EDGE_CURVE('',#4428,#4670,#2266,.T.);
#5780=EDGE_CURVE('',#4671,#4427,#2267,.T.);
#5781=EDGE_CURVE('',#4672,#4671,#2268,.T.);
#5782=EDGE_CURVE('',#4486,#4672,#2269,.T.);
#5783=EDGE_CURVE('',#4673,#4485,#2270,.T.);
#5784=EDGE_CURVE('',#4674,#4673,#2271,.T.);
#5785=EDGE_CURVE('',#4432,#4674,#2272,.T.);
#5786=EDGE_CURVE('',#4675,#4431,#2273,.T.);
#5787=EDGE_CURVE('',#4676,#4675,#2274,.T.);
#5788=EDGE_CURVE('',#4482,#4676,#2275,.T.);
#5789=EDGE_CURVE('',#4677,#4481,#2276,.T.);
#5790=EDGE_CURVE('',#4678,#4677,#2277,.T.);
#5791=EDGE_CURVE('',#4436,#4678,#2278,.T.);
#5792=EDGE_CURVE('',#4679,#4435,#2279,.T.);
#5793=EDGE_CURVE('',#4680,#4679,#2280,.T.);
#5794=EDGE_CURVE('',#4478,#4680,#2281,.T.);
#5795=EDGE_CURVE('',#4477,#4536,#1512,.T.);
#5796=EDGE_CURVE('',#4681,#4535,#2282,.T.);
#5797=EDGE_CURVE('',#4682,#4681,#2283,.T.);
#5798=EDGE_CURVE('',#4683,#4682,#2284,.T.);
#5799=EDGE_CURVE('',#4684,#4683,#1513,.T.);
#5800=EDGE_CURVE('',#4685,#4684,#2285,.T.);
#5801=EDGE_CURVE('',#4686,#4685,#2286,.T.);
#5802=EDGE_CURVE('',#4532,#4686,#2287,.T.);
#5803=EDGE_CURVE('',#4687,#4531,#2288,.T.);
#5804=EDGE_CURVE('',#4688,#4687,#2289,.T.);
#5805=EDGE_CURVE('',#4689,#4688,#2290,.T.);
#5806=EDGE_CURVE('',#4690,#4689,#1514,.T.);
#5807=EDGE_CURVE('',#4691,#4690,#2291,.T.);
#5808=EDGE_CURVE('',#4692,#4691,#2292,.T.);
#5809=EDGE_CURVE('',#4528,#4692,#2293,.T.);
#5810=EDGE_CURVE('',#4693,#4527,#2294,.T.);
#5811=EDGE_CURVE('',#4694,#4693,#2295,.T.);
#5812=EDGE_CURVE('',#4695,#4694,#2296,.T.);
#5813=EDGE_CURVE('',#4696,#4695,#1515,.T.);
#5814=EDGE_CURVE('',#4697,#4696,#2297,.T.);
#5815=EDGE_CURVE('',#4698,#4697,#2298,.T.);
#5816=EDGE_CURVE('',#4524,#4698,#2299,.T.);
#5817=EDGE_CURVE('',#4699,#4523,#2300,.T.);
#5818=EDGE_CURVE('',#4700,#4699,#2301,.T.);
#5819=EDGE_CURVE('',#4701,#4700,#2302,.T.);
#5820=EDGE_CURVE('',#4702,#4701,#1516,.T.);
#5821=EDGE_CURVE('',#4703,#4702,#2303,.T.);
#5822=EDGE_CURVE('',#4704,#4703,#2304,.T.);
#5823=EDGE_CURVE('',#4520,#4704,#2305,.T.);
#5824=EDGE_CURVE('',#4705,#4519,#2306,.T.);
#5825=EDGE_CURVE('',#4706,#4705,#2307,.T.);
#5826=EDGE_CURVE('',#4707,#4706,#2308,.T.);
#5827=EDGE_CURVE('',#4708,#4707,#1517,.T.);
#5828=EDGE_CURVE('',#4709,#4708,#2309,.T.);
#5829=EDGE_CURVE('',#4710,#4709,#2310,.T.);
#5830=EDGE_CURVE('',#4516,#4710,#2311,.T.);
#5831=EDGE_CURVE('',#4711,#4515,#2312,.T.);
#5832=EDGE_CURVE('',#4712,#4711,#2313,.T.);
#5833=EDGE_CURVE('',#4713,#4712,#2314,.T.);
#5834=EDGE_CURVE('',#4714,#4713,#1518,.T.);
#5835=EDGE_CURVE('',#4715,#4714,#2315,.T.);
#5836=EDGE_CURVE('',#4716,#4715,#2316,.T.);
#5837=EDGE_CURVE('',#4512,#4716,#2317,.T.);
#5838=EDGE_CURVE('',#4717,#4511,#2318,.T.);
#5839=EDGE_CURVE('',#4718,#4717,#2319,.T.);
#5840=EDGE_CURVE('',#4719,#4718,#2320,.T.);
#5841=EDGE_CURVE('',#4720,#4719,#1519,.T.);
#5842=EDGE_CURVE('',#4721,#4720,#2321,.T.);
#5843=EDGE_CURVE('',#4722,#4721,#2322,.T.);
#5844=EDGE_CURVE('',#4723,#4722,#2323,.T.);
#5845=EDGE_CURVE('',#4508,#4723,#2324,.T.);
#5846=EDGE_CURVE('',#4724,#4652,#2325,.T.);
#5847=EDGE_CURVE('',#4447,#4724,#2326,.T.);
#5848=EDGE_CURVE('',#4725,#4448,#2327,.T.);
#5849=EDGE_CURVE('',#4724,#4726,#2328,.T.);
#5850=EDGE_CURVE('',#4726,#4727,#2329,.T.);
#5851=EDGE_CURVE('',#4727,#4728,#1520,.T.);
#5852=EDGE_CURVE('',#4728,#4729,#2330,.T.);
#5853=EDGE_CURVE('',#4729,#4725,#2331,.T.);
#5854=EDGE_CURVE('',#4647,#4725,#2332,.T.);
#5855=EDGE_CURVE('',#4730,#4451,#2333,.T.);
#5856=EDGE_CURVE('',#4646,#4730,#2334,.T.);
#5857=EDGE_CURVE('',#4731,#4732,#2335,.T.);
#5858=EDGE_CURVE('',#4452,#4731,#2336,.T.);
#5859=EDGE_CURVE('',#4733,#4730,#2337,.T.);
#5860=EDGE_CURVE('',#4734,#4733,#2338,.T.);
#5861=EDGE_CURVE('',#4735,#4734,#1521,.T.);
#5862=EDGE_CURVE('',#4732,#4735,#2339,.T.);
#5863=EDGE_CURVE('',#4731,#4641,#2340,.T.);
#5864=EDGE_CURVE('',#4736,#4455,#2341,.T.);
#5865=EDGE_CURVE('',#4640,#4736,#2342,.T.);
#5866=EDGE_CURVE('',#4737,#4738,#2343,.T.);
#5867=EDGE_CURVE('',#4456,#4737,#2344,.T.);
#5868=EDGE_CURVE('',#4739,#4736,#2345,.T.);
#5869=EDGE_CURVE('',#4740,#4739,#2346,.T.);
#5870=EDGE_CURVE('',#4741,#4740,#1522,.T.);
#5871=EDGE_CURVE('',#4738,#4741,#2347,.T.);
#5872=EDGE_CURVE('',#4737,#4635,#2348,.T.);
#5873=EDGE_CURVE('',#4742,#4459,#2349,.T.);
#5874=EDGE_CURVE('',#4634,#4742,#2350,.T.);
#5875=EDGE_CURVE('',#4743,#4744,#2351,.T.);
#5876=EDGE_CURVE('',#4460,#4743,#2352,.T.);
#5877=EDGE_CURVE('',#4745,#4742,#2353,.T.);
#5878=EDGE_CURVE('',#4746,#4745,#2354,.T.);
#5879=EDGE_CURVE('',#4747,#4746,#1523,.T.);
#5880=EDGE_CURVE('',#4744,#4747,#2355,.T.);
#5881=EDGE_CURVE('',#4743,#4629,#2356,.T.);
#5882=EDGE_CURVE('',#4748,#4463,#2357,.T.);
#5883=EDGE_CURVE('',#4628,#4748,#2358,.T.);
#5884=EDGE_CURVE('',#4749,#4750,#2359,.T.);
#5885=EDGE_CURVE('',#4464,#4749,#2360,.T.);
#5886=EDGE_CURVE('',#4751,#4748,#2361,.T.);
#5887=EDGE_CURVE('',#4752,#4751,#2362,.T.);
#5888=EDGE_CURVE('',#4753,#4752,#1524,.T.);
#5889=EDGE_CURVE('',#4750,#4753,#2363,.T.);
#5890=EDGE_CURVE('',#4749,#4623,#2364,.T.);
#5891=EDGE_CURVE('',#4754,#4467,#2365,.T.);
#5892=EDGE_CURVE('',#4622,#4754,#2366,.T.);
#5893=EDGE_CURVE('',#4755,#4756,#2367,.T.);
#5894=EDGE_CURVE('',#4468,#4755,#2368,.T.);
#5895=EDGE_CURVE('',#4757,#4754,#2369,.T.);
#5896=EDGE_CURVE('',#4758,#4757,#2370,.T.);
#5897=EDGE_CURVE('',#4759,#4758,#1525,.T.);
#5898=EDGE_CURVE('',#4756,#4759,#2371,.T.);
#5899=EDGE_CURVE('',#4755,#4617,#2372,.T.);
#5900=EDGE_CURVE('',#4760,#4616,#2373,.T.);
#5901=EDGE_CURVE('',#4471,#4760,#2374,.T.);
#5902=EDGE_CURVE('',#4761,#4760,#2375,.T.);
#5903=EDGE_CURVE('',#4762,#4761,#2376,.T.);
#5904=EDGE_CURVE('',#4763,#4762,#1526,.T.);
#5905=EDGE_CURVE('',#4764,#4763,#2377,.T.);
#5906=EDGE_CURVE('',#4765,#4764,#2378,.T.);
#5907=EDGE_CURVE('',#4472,#4765,#2379,.T.);
#5908=EDGE_CURVE('',#4611,#4765,#2380,.T.);
#5909=EDGE_CURVE('',#4766,#4656,#2381,.T.);
#5910=EDGE_CURVE('',#4503,#4766,#2382,.T.);
#5911=EDGE_CURVE('',#4504,#4767,#2383,.T.);
#5912=EDGE_CURVE('',#4768,#4766,#2384,.T.);
#5913=EDGE_CURVE('',#4410,#4768,#2385,.T.);
#5914=EDGE_CURVE('',#4769,#4409,#2386,.T.);
#5915=EDGE_CURVE('',#4767,#4769,#2387,.T.);
#5916=EDGE_CURVE('',#4653,#4767,#2388,.T.);
#5917=EDGE_CURVE('',#4770,#4680,#2389,.T.);
#5918=EDGE_CURVE('',#4479,#4770,#2390,.T.);
#5919=EDGE_CURVE('',#4771,#4480,#2391,.T.);
#5920=EDGE_CURVE('',#4770,#4772,#2392,.T.);
#5921=EDGE_CURVE('',#4772,#4433,#2393,.T.);
#5922=EDGE_CURVE('',#4434,#4773,#2394,.T.);
#5923=EDGE_CURVE('',#4773,#4771,#2395,.T.);
#5924=EDGE_CURVE('',#4677,#4771,#2396,.T.);
#5925=EDGE_CURVE('',#4774,#4483,#2397,.T.);
#5926=EDGE_CURVE('',#4676,#4774,#2398,.T.);
#5927=EDGE_CURVE('',#4775,#4429,#2399,.T.);
#5928=EDGE_CURVE('',#4430,#4776,#2400,.T.);
#5929=EDGE_CURVE('',#4776,#4777,#2401,.T.);
#5930=EDGE_CURVE('',#4777,#4484,#2402,.T.);
#5931=EDGE_CURVE('',#4774,#4775,#2403,.T.);
#5932=EDGE_CURVE('',#4777,#4673,#2404,.T.);
#5933=EDGE_CURVE('',#4778,#4487,#2405,.T.);
#5934=EDGE_CURVE('',#4672,#4778,#2406,.T.);
#5935=EDGE_CURVE('',#4779,#4425,#2407,.T.);
#5936=EDGE_CURVE('',#4426,#4780,#2408,.T.);
#5937=EDGE_CURVE('',#4780,#4781,#2409,.T.);
#5938=EDGE_CURVE('',#4781,#4488,#2410,.T.);
#5939=EDGE_CURVE('',#4778,#4779,#2411,.T.);
#5940=EDGE_CURVE('',#4781,#4669,#2412,.T.);
#5941=EDGE_CURVE('',#4782,#4491,#2413,.T.);
#5942=EDGE_CURVE('',#4668,#4782,#2414,.T.);
#5943=EDGE_CURVE('',#4783,#4421,#2415,.T.);
#5944=EDGE_CURVE('',#4422,#4784,#2416,.T.);
#5945=EDGE_CURVE('',#4784,#4785,#2417,.T.);
#5946=EDGE_CURVE('',#4785,#4492,#2418,.T.);
#5947=EDGE_CURVE('',#4782,#4783,#2419,.T.);
#5948=EDGE_CURVE('',#4785,#4665,#2420,.T.);
#5949=EDGE_CURVE('',#4786,#4495,#2421,.T.);
#5950=EDGE_CURVE('',#4664,#4786,#2422,.T.);
#5951=EDGE_CURVE('',#4787,#4417,#2423,.T.);
#5952=EDGE_CURVE('',#4418,#4788,#2424,.T.);
#5953=EDGE_CURVE('',#4788,#4789,#2425,.T.);
#5954=EDGE_CURVE('',#4789,#4496,#2426,.T.);
#5955=EDGE_CURVE('',#4786,#4787,#2427,.T.);
#5956=EDGE_CURVE('',#4789,#4661,#2428,.T.);
#5957=EDGE_CURVE('',#4790,#4499,#2429,.T.);
#5958=EDGE_CURVE('',#4660,#4790,#2430,.T.);
#5959=EDGE_CURVE('',#4791,#4413,#2431,.T.);
#5960=EDGE_CURVE('',#4414,#4792,#2432,.T.);
#5961=EDGE_CURVE('',#4792,#4793,#2433,.T.);
#5962=EDGE_CURVE('',#4793,#4500,#2434,.T.);
#5963=EDGE_CURVE('',#4790,#4791,#2435,.T.);
#5964=EDGE_CURVE('',#4793,#4657,#2436,.T.);
#5965=EDGE_CURVE('',#4794,#4686,#2437,.T.);
#5966=EDGE_CURVE('',#4533,#4794,#2438,.T.);
#5967=EDGE_CURVE('',#4534,#4795,#2439,.T.);
#5968=EDGE_CURVE('',#4796,#4794,#2440,.T.);
#5969=EDGE_CURVE('',#4797,#4796,#2441,.T.);
#5970=EDGE_CURVE('',#4798,#4797,#1527,.T.);
#5971=EDGE_CURVE('',#4799,#4798,#2442,.T.);
#5972=EDGE_CURVE('',#4795,#4799,#2443,.T.);
#5973=EDGE_CURVE('',#4681,#4795,#2444,.T.);
#5974=EDGE_CURVE('',#4800,#4723,#2445,.T.);
#5975=EDGE_CURVE('',#4509,#4800,#2446,.T.);
#5976=EDGE_CURVE('',#4801,#4510,#2447,.T.);
#5977=EDGE_CURVE('',#4800,#4802,#2448,.T.);
#5978=EDGE_CURVE('',#4802,#4803,#2449,.T.);
#5979=EDGE_CURVE('',#4803,#4804,#2450,.T.);
#5980=EDGE_CURVE('',#4804,#4805,#1528,.T.);
#5981=EDGE_CURVE('',#4805,#4806,#2451,.T.);
#5982=EDGE_CURVE('',#4806,#4801,#2452,.T.);
#5983=EDGE_CURVE('',#4717,#4801,#2453,.T.);
#5984=EDGE_CURVE('',#4807,#4513,#2454,.T.);
#5985=EDGE_CURVE('',#4716,#4807,#2455,.T.);
#5986=EDGE_CURVE('',#4808,#4809,#2456,.T.);
#5987=EDGE_CURVE('',#4514,#4808,#2457,.T.);
#5988=EDGE_CURVE('',#4810,#4807,#2458,.T.);
#5989=EDGE_CURVE('',#4811,#4810,#2459,.T.);
#5990=EDGE_CURVE('',#4812,#4811,#1529,.T.);
#5991=EDGE_CURVE('',#4809,#4812,#2460,.T.);
#5992=EDGE_CURVE('',#4808,#4711,#2461,.T.);
#5993=EDGE_CURVE('',#4813,#4517,#2462,.T.);
#5994=EDGE_CURVE('',#4710,#4813,#2463,.T.);
#5995=EDGE_CURVE('',#4814,#4815,#2464,.T.);
#5996=EDGE_CURVE('',#4518,#4814,#2465,.T.);
#5997=EDGE_CURVE('',#4816,#4813,#2466,.T.);
#5998=EDGE_CURVE('',#4817,#4816,#2467,.T.);
#5999=EDGE_CURVE('',#4818,#4817,#1530,.T.);
#6000=EDGE_CURVE('',#4815,#4818,#2468,.T.);
#6001=EDGE_CURVE('',#4814,#4705,#2469,.T.);
#6002=EDGE_CURVE('',#4819,#4521,#2470,.T.);
#6003=EDGE_CURVE('',#4704,#4819,#2471,.T.);
#6004=EDGE_CURVE('',#4820,#4821,#2472,.T.);
#6005=EDGE_CURVE('',#4522,#4820,#2473,.T.);
#6006=EDGE_CURVE('',#4822,#4819,#2474,.T.);
#6007=EDGE_CURVE('',#4823,#4822,#2475,.T.);
#6008=EDGE_CURVE('',#4824,#4823,#1531,.T.);
#6009=EDGE_CURVE('',#4821,#4824,#2476,.T.);
#6010=EDGE_CURVE('',#4820,#4699,#2477,.T.);
#6011=EDGE_CURVE('',#4825,#4525,#2478,.T.);
#6012=EDGE_CURVE('',#4698,#4825,#2479,.T.);
#6013=EDGE_CURVE('',#4826,#4827,#2480,.T.);
#6014=EDGE_CURVE('',#4526,#4826,#2481,.T.);
#6015=EDGE_CURVE('',#4828,#4825,#2482,.T.);
#6016=EDGE_CURVE('',#4829,#4828,#2483,.T.);
#6017=EDGE_CURVE('',#4830,#4829,#1532,.T.);
#6018=EDGE_CURVE('',#4827,#4830,#2484,.T.);
#6019=EDGE_CURVE('',#4826,#4693,#2485,.T.);
#6020=EDGE_CURVE('',#4831,#4529,#2486,.T.);
#6021=EDGE_CURVE('',#4692,#4831,#2487,.T.);
#6022=EDGE_CURVE('',#4832,#4833,#2488,.T.);
#6023=EDGE_CURVE('',#4530,#4832,#2489,.T.);
#6024=EDGE_CURVE('',#4834,#4831,#2490,.T.);
#6025=EDGE_CURVE('',#4835,#4834,#2491,.T.);
#6026=EDGE_CURVE('',#4836,#4835,#1533,.T.);
#6027=EDGE_CURVE('',#4833,#4836,#2492,.T.);
#6028=EDGE_CURVE('',#4832,#4687,#2493,.T.);
#6029=EDGE_CURVE('',#4837,#4610,#2494,.T.);
#6030=EDGE_CURVE('',#4543,#4837,#2495,.T.);
#6031=EDGE_CURVE('',#4838,#4544,#2496,.T.);
#6032=EDGE_CURVE('',#4837,#4839,#2497,.T.);
#6033=EDGE_CURVE('',#4839,#4840,#2498,.T.);
#6034=EDGE_CURVE('',#4840,#4841,#1534,.T.);
#6035=EDGE_CURVE('',#4841,#4842,#2499,.T.);
#6036=EDGE_CURVE('',#4842,#4838,#2500,.T.);
#6037=EDGE_CURVE('',#4605,#4838,#2501,.T.);
#6038=EDGE_CURVE('',#4843,#4547,#2502,.T.);
#6039=EDGE_CURVE('',#4604,#4843,#2503,.T.);
#6040=EDGE_CURVE('',#4844,#4845,#2504,.T.);
#6041=EDGE_CURVE('',#4846,#4844,#2505,.T.);
#6042=EDGE_CURVE('',#4548,#4846,#2506,.T.);
#6043=EDGE_CURVE('',#4847,#4843,#2507,.T.);
#6044=EDGE_CURVE('',#4848,#4847,#2508,.T.);
#6045=EDGE_CURVE('',#4845,#4848,#1535,.T.);
#6046=EDGE_CURVE('',#4846,#4599,#2509,.T.);
#6047=EDGE_CURVE('',#4849,#4551,#2510,.T.);
#6048=EDGE_CURVE('',#4598,#4849,#2511,.T.);
#6049=EDGE_CURVE('',#4850,#4851,#2512,.T.);
#6050=EDGE_CURVE('',#4852,#4850,#2513,.T.);
#6051=EDGE_CURVE('',#4552,#4852,#2514,.T.);
#6052=EDGE_CURVE('',#4853,#4849,#2515,.T.);
#6053=EDGE_CURVE('',#4854,#4853,#2516,.T.);
#6054=EDGE_CURVE('',#4851,#4854,#1536,.T.);
#6055=EDGE_CURVE('',#4852,#4593,#2517,.T.);
#6056=EDGE_CURVE('',#4855,#4555,#2518,.T.);
#6057=EDGE_CURVE('',#4592,#4855,#2519,.T.);
#6058=EDGE_CURVE('',#4856,#4857,#2520,.T.);
#6059=EDGE_CURVE('',#4858,#4856,#2521,.T.);
#6060=EDGE_CURVE('',#4556,#4858,#2522,.T.);
#6061=EDGE_CURVE('',#4859,#4855,#2523,.T.);
#6062=EDGE_CURVE('',#4860,#4859,#2524,.T.);
#6063=EDGE_CURVE('',#4857,#4860,#1537,.T.);
#6064=EDGE_CURVE('',#4858,#4587,#2525,.T.);
#6065=EDGE_CURVE('',#4861,#4559,#2526,.T.);
#6066=EDGE_CURVE('',#4586,#4861,#2527,.T.);
#6067=EDGE_CURVE('',#4862,#4863,#2528,.T.);
#6068=EDGE_CURVE('',#4864,#4862,#2529,.T.);
#6069=EDGE_CURVE('',#4560,#4864,#2530,.T.);
#6070=EDGE_CURVE('',#4865,#4861,#2531,.T.);
#6071=EDGE_CURVE('',#4866,#4865,#2532,.T.);
#6072=EDGE_CURVE('',#4863,#4866,#1538,.T.);
#6073=EDGE_CURVE('',#4864,#4581,#2533,.T.);
#6074=EDGE_CURVE('',#4867,#4563,#2534,.T.);
#6075=EDGE_CURVE('',#4580,#4867,#2535,.T.);
#6076=EDGE_CURVE('',#4868,#4869,#2536,.T.);
#6077=EDGE_CURVE('',#4870,#4868,#2537,.T.);
#6078=EDGE_CURVE('',#4564,#4870,#2538,.T.);
#6079=EDGE_CURVE('',#4871,#4867,#2539,.T.);
#6080=EDGE_CURVE('',#4872,#4871,#2540,.T.);
#6081=EDGE_CURVE('',#4869,#4872,#1539,.T.);
#6082=EDGE_CURVE('',#4870,#4575,#2541,.T.);
#6083=EDGE_CURVE('',#4873,#4574,#2542,.T.);
#6084=EDGE_CURVE('',#4567,#4873,#2543,.T.);
#6085=EDGE_CURVE('',#4568,#4874,#2544,.T.);
#6086=EDGE_CURVE('',#4875,#4873,#2545,.T.);
#6087=EDGE_CURVE('',#4876,#4875,#2546,.T.);
#6088=EDGE_CURVE('',#4877,#4876,#1540,.T.);
#6089=EDGE_CURVE('',#4878,#4877,#2547,.T.);
#6090=EDGE_CURVE('',#4874,#4878,#2548,.T.);
#6091=EDGE_CURVE('',#4569,#4874,#2549,.T.);
#6092=EDGE_CURVE('',#4839,#4609,#2550,.T.);
#6093=EDGE_CURVE('',#4612,#4764,#2551,.T.);
#6094=EDGE_CURVE('',#4613,#4763,#2552,.T.);
#6095=EDGE_CURVE('',#4614,#4762,#2553,.T.);
#6096=EDGE_CURVE('',#4615,#4761,#2554,.T.);
#6097=EDGE_CURVE('',#4756,#4618,#2555,.T.);
#6098=EDGE_CURVE('',#4759,#4619,#2556,.T.);
#6099=EDGE_CURVE('',#4620,#4758,#2557,.T.);
#6100=EDGE_CURVE('',#4757,#4621,#2558,.T.);
#6101=EDGE_CURVE('',#4750,#4624,#2559,.T.);
#6102=EDGE_CURVE('',#4753,#4625,#2560,.T.);
#6103=EDGE_CURVE('',#4626,#4752,#2561,.T.);
#6104=EDGE_CURVE('',#4751,#4627,#2562,.T.);
#6105=EDGE_CURVE('',#4744,#4630,#2563,.T.);
#6106=EDGE_CURVE('',#4747,#4631,#2564,.T.);
#6107=EDGE_CURVE('',#4632,#4746,#2565,.T.);
#6108=EDGE_CURVE('',#4745,#4633,#2566,.T.);
#6109=EDGE_CURVE('',#4738,#4636,#2567,.T.);
#6110=EDGE_CURVE('',#4741,#4637,#2568,.T.);
#6111=EDGE_CURVE('',#4638,#4740,#2569,.T.);
#6112=EDGE_CURVE('',#4739,#4639,#2570,.T.);
#6113=EDGE_CURVE('',#4732,#4642,#2571,.T.);
#6114=EDGE_CURVE('',#4735,#4643,#2572,.T.);
#6115=EDGE_CURVE('',#4644,#4734,#2573,.T.);
#6116=EDGE_CURVE('',#4733,#4645,#2574,.T.);
#6117=EDGE_CURVE('',#4648,#4729,#2575,.T.);
#6118=EDGE_CURVE('',#4649,#4728,#2576,.T.);
#6119=EDGE_CURVE('',#4650,#4727,#2577,.T.);
#6120=EDGE_CURVE('',#4651,#4726,#2578,.T.);
#6121=EDGE_CURVE('',#4654,#4769,#2579,.T.);
#6122=EDGE_CURVE('',#4655,#4768,#2580,.T.);
#6123=EDGE_CURVE('',#4792,#4658,#2581,.T.);
#6124=EDGE_CURVE('',#4791,#4659,#2582,.T.);
#6125=EDGE_CURVE('',#4788,#4662,#2583,.T.);
#6126=EDGE_CURVE('',#4787,#4663,#2584,.T.);
#6127=EDGE_CURVE('',#4784,#4666,#2585,.T.);
#6128=EDGE_CURVE('',#4783,#4667,#2586,.T.);
#6129=EDGE_CURVE('',#4780,#4670,#2587,.T.);
#6130=EDGE_CURVE('',#4779,#4671,#2588,.T.);
#6131=EDGE_CURVE('',#4776,#4674,#2589,.T.);
#6132=EDGE_CURVE('',#4775,#4675,#2590,.T.);
#6133=EDGE_CURVE('',#4678,#4773,#2591,.T.);
#6134=EDGE_CURVE('',#4679,#4772,#2592,.T.);
#6135=EDGE_CURVE('',#4682,#4799,#2593,.T.);
#6136=EDGE_CURVE('',#4683,#4798,#2594,.T.);
#6137=EDGE_CURVE('',#4684,#4797,#2595,.T.);
#6138=EDGE_CURVE('',#4685,#4796,#2596,.T.);
#6139=EDGE_CURVE('',#4833,#4688,#2597,.T.);
#6140=EDGE_CURVE('',#4836,#4689,#2598,.T.);
#6141=EDGE_CURVE('',#4690,#4835,#2599,.T.);
#6142=EDGE_CURVE('',#4834,#4691,#2600,.T.);
#6143=EDGE_CURVE('',#4827,#4694,#2601,.T.);
#6144=EDGE_CURVE('',#4830,#4695,#2602,.T.);
#6145=EDGE_CURVE('',#4696,#4829,#2603,.T.);
#6146=EDGE_CURVE('',#4828,#4697,#2604,.T.);
#6147=EDGE_CURVE('',#4821,#4700,#2605,.T.);
#6148=EDGE_CURVE('',#4824,#4701,#2606,.T.);
#6149=EDGE_CURVE('',#4702,#4823,#2607,.T.);
#6150=EDGE_CURVE('',#4822,#4703,#2608,.T.);
#6151=EDGE_CURVE('',#4815,#4706,#2609,.T.);
#6152=EDGE_CURVE('',#4818,#4707,#2610,.T.);
#6153=EDGE_CURVE('',#4708,#4817,#2611,.T.);
#6154=EDGE_CURVE('',#4816,#4709,#2612,.T.);
#6155=EDGE_CURVE('',#4809,#4712,#2613,.T.);
#6156=EDGE_CURVE('',#4812,#4713,#2614,.T.);
#6157=EDGE_CURVE('',#4714,#4811,#2615,.T.);
#6158=EDGE_CURVE('',#4810,#4715,#2616,.T.);
#6159=EDGE_CURVE('',#4718,#4806,#2617,.T.);
#6160=EDGE_CURVE('',#4719,#4805,#2618,.T.);
#6161=EDGE_CURVE('',#4720,#4804,#2619,.T.);
#6162=EDGE_CURVE('',#4721,#4803,#2620,.T.);
#6163=EDGE_CURVE('',#4722,#4802,#2621,.T.);
#6164=EDGE_CURVE('',#4570,#4878,#2622,.T.);
#6165=EDGE_CURVE('',#4571,#4877,#2623,.T.);
#6166=EDGE_CURVE('',#4572,#4876,#2624,.T.);
#6167=EDGE_CURVE('',#4573,#4875,#2625,.T.);
#6168=EDGE_CURVE('',#4868,#4576,#2626,.T.);
#6169=EDGE_CURVE('',#4869,#4577,#2627,.T.);
#6170=EDGE_CURVE('',#4578,#4872,#2628,.T.);
#6171=EDGE_CURVE('',#4871,#4579,#2629,.T.);
#6172=EDGE_CURVE('',#4862,#4582,#2630,.T.);
#6173=EDGE_CURVE('',#4863,#4583,#2631,.T.);
#6174=EDGE_CURVE('',#4584,#4866,#2632,.T.);
#6175=EDGE_CURVE('',#4865,#4585,#2633,.T.);
#6176=EDGE_CURVE('',#4856,#4588,#2634,.T.);
#6177=EDGE_CURVE('',#4857,#4589,#2635,.T.);
#6178=EDGE_CURVE('',#4590,#4860,#2636,.T.);
#6179=EDGE_CURVE('',#4859,#4591,#2637,.T.);
#6180=EDGE_CURVE('',#4850,#4594,#2638,.T.);
#6181=EDGE_CURVE('',#4851,#4595,#2639,.T.);
#6182=EDGE_CURVE('',#4596,#4854,#2640,.T.);
#6183=EDGE_CURVE('',#4853,#4597,#2641,.T.);
#6184=EDGE_CURVE('',#4844,#4600,#2642,.T.);
#6185=EDGE_CURVE('',#4845,#4601,#2643,.T.);
#6186=EDGE_CURVE('',#4602,#4848,#2644,.T.);
#6187=EDGE_CURVE('',#4847,#4603,#2645,.T.);
#6188=EDGE_CURVE('',#4606,#4842,#2646,.T.);
#6189=EDGE_CURVE('',#4607,#4841,#2647,.T.);
#6190=EDGE_CURVE('',#4608,#4840,#2648,.T.);
#6191=EDGE_CURVE('',#4443,#4540,#1541,.T.);
#6192=EDGE_CURVE('',#4444,#4440,#1542,.T.);
#6193=EDGE_CURVE('',#4437,#4443,#1543,.T.);
#6194=EDGE_CURVE('',#4475,#4444,#1544,.T.);
#6195=EDGE_CURVE('',#4437,#4540,#1545,.T.);
#6196=EDGE_CURVE('',#4475,#4440,#1546,.T.);
#6197=EDGE_CURVE('',#4539,#4506,#1547,.T.);
#6198=EDGE_CURVE('',#4438,#4539,#1548,.T.);
#6199=EDGE_CURVE('',#4476,#4439,#1549,.T.);
#6200=EDGE_CURVE('',#4505,#4476,#1550,.T.);
#6201=EDGE_CURVE('',#4438,#4506,#1551,.T.);
#6202=EDGE_CURVE('',#4505,#4439,#1552,.T.);
#6203=EDGE_CURVE('',#4879,#4880,#1553,.T.);
#6204=EDGE_CURVE('',#4879,#4881,#2649,.T.);
#6205=EDGE_CURVE('',#4881,#4882,#1554,.T.);
#6206=EDGE_CURVE('',#4880,#4882,#2650,.T.);
#6207=EDGE_CURVE('',#4880,#4883,#2651,.T.);
#6208=EDGE_CURVE('',#4883,#4884,#2652,.T.);
#6209=EDGE_CURVE('',#4884,#4885,#2653,.T.);
#6210=EDGE_CURVE('',#4885,#4886,#2654,.T.);
#6211=EDGE_CURVE('',#4886,#4887,#2655,.T.);
#6212=EDGE_CURVE('',#4887,#4888,#2656,.T.);
#6213=EDGE_CURVE('',#4888,#4879,#2657,.T.);
#6214=EDGE_CURVE('',#4883,#4889,#2658,.T.);
#6215=EDGE_CURVE('',#4889,#4890,#2659,.T.);
#6216=EDGE_CURVE('',#4890,#4884,#2660,.T.);
#6217=EDGE_CURVE('',#4882,#4889,#2661,.T.);
#6218=EDGE_CURVE('',#4888,#4891,#2662,.T.);
#6219=EDGE_CURVE('',#4891,#4881,#2663,.T.);
#6220=EDGE_CURVE('',#4887,#4892,#2664,.T.);
#6221=EDGE_CURVE('',#4892,#4891,#2665,.T.);
#6222=EDGE_CURVE('',#4886,#4893,#2666,.T.);
#6223=EDGE_CURVE('',#4893,#4892,#2667,.T.);
#6224=EDGE_CURVE('',#4885,#4894,#2668,.T.);
#6225=EDGE_CURVE('',#4894,#4893,#2669,.T.);
#6226=EDGE_CURVE('',#4890,#4894,#2670,.T.);
#6227=EDGE_CURVE('',#4895,#4896,#1555,.T.);
#6228=EDGE_CURVE('',#4895,#4897,#2671,.T.);
#6229=EDGE_CURVE('',#4897,#4898,#1556,.T.);
#6230=EDGE_CURVE('',#4896,#4898,#2672,.T.);
#6231=EDGE_CURVE('',#4899,#4900,#2673,.T.);
#6232=EDGE_CURVE('',#4900,#4901,#2674,.T.);
#6233=EDGE_CURVE('',#4901,#4902,#2675,.T.);
#6234=EDGE_CURVE('',#4902,#4895,#2676,.T.);
#6235=EDGE_CURVE('',#4896,#4903,#2677,.T.);
#6236=EDGE_CURVE('',#4903,#4904,#2678,.T.);
#6237=EDGE_CURVE('',#4904,#4899,#2679,.T.);
#6238=EDGE_CURVE('',#4900,#4905,#2680,.T.);
#6239=EDGE_CURVE('',#4905,#4906,#2681,.T.);
#6240=EDGE_CURVE('',#4906,#4901,#2682,.T.);
#6241=EDGE_CURVE('',#4899,#4907,#2683,.T.);
#6242=EDGE_CURVE('',#4907,#4905,#2684,.T.);
#6243=EDGE_CURVE('',#4904,#4908,#2685,.T.);
#6244=EDGE_CURVE('',#4908,#4907,#2686,.T.);
#6245=EDGE_CURVE('',#4903,#4909,#2687,.T.);
#6246=EDGE_CURVE('',#4909,#4908,#2688,.T.);
#6247=EDGE_CURVE('',#4898,#4909,#2689,.T.);
#6248=EDGE_CURVE('',#4902,#4910,#2690,.T.);
#6249=EDGE_CURVE('',#4910,#4897,#2691,.T.);
#6250=EDGE_CURVE('',#4906,#4910,#2692,.T.);
#6251=EDGE_CURVE('',#4911,#4912,#2693,.T.);
#6252=EDGE_CURVE('',#4913,#4911,#2694,.T.);
#6253=EDGE_CURVE('',#4914,#4913,#2695,.T.);
#6254=EDGE_CURVE('',#4915,#4914,#2696,.T.);
#6255=EDGE_CURVE('',#4916,#4915,#1557,.T.);
#6256=EDGE_CURVE('',#4917,#4916,#2697,.T.);
#6257=EDGE_CURVE('',#4918,#4917,#2698,.T.);
#6258=EDGE_CURVE('',#4912,#4918,#2699,.T.);
#6259=EDGE_CURVE('',#4919,#4912,#2700,.T.);
#6260=EDGE_CURVE('',#4918,#4920,#2701,.T.);
#6261=EDGE_CURVE('',#4920,#4919,#2702,.T.);
#6262=EDGE_CURVE('',#4921,#4911,#2703,.T.);
#6263=EDGE_CURVE('',#4919,#4921,#2704,.T.);
#6264=EDGE_CURVE('',#4922,#4913,#2705,.T.);
#6265=EDGE_CURVE('',#4921,#4922,#2706,.T.);
#6266=EDGE_CURVE('',#4923,#4914,#2707,.T.);
#6267=EDGE_CURVE('',#4922,#4923,#2708,.T.);
#6268=EDGE_CURVE('',#4924,#4915,#2709,.T.);
#6269=EDGE_CURVE('',#4923,#4924,#2710,.T.);
#6270=EDGE_CURVE('',#4925,#4916,#2711,.T.);
#6271=EDGE_CURVE('',#4924,#4925,#1558,.T.);
#6272=EDGE_CURVE('',#4926,#4917,#2712,.T.);
#6273=EDGE_CURVE('',#4925,#4926,#2713,.T.);
#6274=EDGE_CURVE('',#4926,#4920,#2714,.T.);
#6275=EDGE_CURVE('',#4927,#4928,#2715,.T.);
#6276=EDGE_CURVE('',#4928,#4929,#2716,.T.);
#6277=EDGE_CURVE('',#4929,#4930,#2717,.T.);
#6278=EDGE_CURVE('',#4930,#4931,#2718,.T.);
#6279=EDGE_CURVE('',#4931,#4932,#2719,.T.);
#6280=EDGE_CURVE('',#4932,#4933,#2720,.T.);
#6281=EDGE_CURVE('',#4933,#4934,#2721,.T.);
#6282=EDGE_CURVE('',#4934,#4927,#1559,.T.);
#6283=EDGE_CURVE('',#4928,#4935,#2722,.T.);
#6284=EDGE_CURVE('',#4935,#4936,#2723,.T.);
#6285=EDGE_CURVE('',#4936,#4929,#2724,.T.);
#6286=EDGE_CURVE('',#4927,#4937,#2725,.T.);
#6287=EDGE_CURVE('',#4937,#4935,#2726,.T.);
#6288=EDGE_CURVE('',#4934,#4938,#2727,.T.);
#6289=EDGE_CURVE('',#4938,#4937,#1560,.T.);
#6290=EDGE_CURVE('',#4933,#4939,#2728,.T.);
#6291=EDGE_CURVE('',#4939,#4938,#2729,.T.);
#6292=EDGE_CURVE('',#4932,#4940,#2730,.T.);
#6293=EDGE_CURVE('',#4940,#4939,#2731,.T.);
#6294=EDGE_CURVE('',#4931,#4941,#2732,.T.);
#6295=EDGE_CURVE('',#4941,#4940,#2733,.T.);
#6296=EDGE_CURVE('',#4930,#4942,#2734,.T.);
#6297=EDGE_CURVE('',#4942,#4941,#2735,.T.);
#6298=EDGE_CURVE('',#4936,#4942,#2736,.T.);
#6299=EDGE_CURVE('',#4943,#4944,#2737,.T.);
#6300=EDGE_CURVE('',#4944,#4945,#2738,.T.);
#6301=EDGE_CURVE('',#4945,#4946,#2739,.T.);
#6302=EDGE_CURVE('',#4946,#4947,#2740,.T.);
#6303=EDGE_CURVE('',#4947,#4948,#2741,.T.);
#6304=EDGE_CURVE('',#4948,#4949,#2742,.T.);
#6305=EDGE_CURVE('',#4949,#4950,#2743,.T.);
#6306=EDGE_CURVE('',#4950,#4943,#1561,.T.);
#6307=EDGE_CURVE('',#4944,#4951,#2744,.T.);
#6308=EDGE_CURVE('',#4951,#4952,#2745,.T.);
#6309=EDGE_CURVE('',#4952,#4945,#2746,.T.);
#6310=EDGE_CURVE('',#4943,#4953,#2747,.T.);
#6311=EDGE_CURVE('',#4953,#4951,#2748,.T.);
#6312=EDGE_CURVE('',#4950,#4954,#2749,.T.);
#6313=EDGE_CURVE('',#4954,#4953,#1562,.T.);
#6314=EDGE_CURVE('',#4949,#4955,#2750,.T.);
#6315=EDGE_CURVE('',#4955,#4954,#2751,.T.);
#6316=EDGE_CURVE('',#4948,#4956,#2752,.T.);
#6317=EDGE_CURVE('',#4956,#4955,#2753,.T.);
#6318=EDGE_CURVE('',#4947,#4957,#2754,.T.);
#6319=EDGE_CURVE('',#4957,#4956,#2755,.T.);
#6320=EDGE_CURVE('',#4946,#4958,#2756,.T.);
#6321=EDGE_CURVE('',#4958,#4957,#2757,.T.);
#6322=EDGE_CURVE('',#4952,#4958,#2758,.T.);
#6323=EDGE_CURVE('',#4959,#4960,#2759,.T.);
#6324=EDGE_CURVE('',#4961,#4959,#2760,.T.);
#6325=EDGE_CURVE('',#4962,#4961,#1563,.T.);
#6326=EDGE_CURVE('',#4963,#4962,#2761,.T.);
#6327=EDGE_CURVE('',#4964,#4963,#2762,.T.);
#6328=EDGE_CURVE('',#4965,#4964,#2763,.T.);
#6329=EDGE_CURVE('',#4966,#4965,#2764,.T.);
#6330=EDGE_CURVE('',#4960,#4966,#2765,.T.);
#6331=EDGE_CURVE('',#4967,#4960,#2766,.T.);
#6332=EDGE_CURVE('',#4966,#4968,#2767,.T.);
#6333=EDGE_CURVE('',#4968,#4967,#2768,.T.);
#6334=EDGE_CURVE('',#4969,#4959,#2769,.T.);
#6335=EDGE_CURVE('',#4967,#4969,#2770,.T.);
#6336=EDGE_CURVE('',#4970,#4961,#2771,.T.);
#6337=EDGE_CURVE('',#4969,#4970,#2772,.T.);
#6338=EDGE_CURVE('',#4971,#4962,#2773,.T.);
#6339=EDGE_CURVE('',#4970,#4971,#1564,.T.);
#6340=EDGE_CURVE('',#4972,#4963,#2774,.T.);
#6341=EDGE_CURVE('',#4971,#4972,#2775,.T.);
#6342=EDGE_CURVE('',#4973,#4964,#2776,.T.);
#6343=EDGE_CURVE('',#4972,#4973,#2777,.T.);
#6344=EDGE_CURVE('',#4974,#4965,#2778,.T.);
#6345=EDGE_CURVE('',#4973,#4974,#2779,.T.);
#6346=EDGE_CURVE('',#4974,#4968,#2780,.T.);
#6347=EDGE_CURVE('',#4975,#4976,#2781,.T.);
#6348=EDGE_CURVE('',#4977,#4975,#2782,.T.);
#6349=EDGE_CURVE('',#4978,#4977,#2783,.T.);
#6350=EDGE_CURVE('',#4979,#4978,#2784,.T.);
#6351=EDGE_CURVE('',#4980,#4979,#1565,.T.);
#6352=EDGE_CURVE('',#4981,#4980,#2785,.T.);
#6353=EDGE_CURVE('',#4982,#4981,#2786,.T.);
#6354=EDGE_CURVE('',#4976,#4982,#2787,.T.);
#6355=EDGE_CURVE('',#4983,#4976,#2788,.T.);
#6356=EDGE_CURVE('',#4982,#4984,#2789,.T.);
#6357=EDGE_CURVE('',#4984,#4983,#2790,.T.);
#6358=EDGE_CURVE('',#4985,#4975,#2791,.T.);
#6359=EDGE_CURVE('',#4983,#4985,#2792,.T.);
#6360=EDGE_CURVE('',#4986,#4977,#2793,.T.);
#6361=EDGE_CURVE('',#4985,#4986,#2794,.T.);
#6362=EDGE_CURVE('',#4987,#4978,#2795,.T.);
#6363=EDGE_CURVE('',#4986,#4987,#2796,.T.);
#6364=EDGE_CURVE('',#4988,#4979,#2797,.T.);
#6365=EDGE_CURVE('',#4987,#4988,#2798,.T.);
#6366=EDGE_CURVE('',#4989,#4980,#2799,.T.);
#6367=EDGE_CURVE('',#4988,#4989,#1566,.T.);
#6368=EDGE_CURVE('',#4990,#4981,#2800,.T.);
#6369=EDGE_CURVE('',#4989,#4990,#2801,.T.);
#6370=EDGE_CURVE('',#4990,#4984,#2802,.T.);
#6371=EDGE_CURVE('',#4991,#4992,#2803,.T.);
#6372=EDGE_CURVE('',#4992,#4993,#2804,.T.);
#6373=EDGE_CURVE('',#4993,#4994,#2805,.T.);
#6374=EDGE_CURVE('',#4994,#4995,#2806,.T.);
#6375=EDGE_CURVE('',#4995,#4996,#2807,.T.);
#6376=EDGE_CURVE('',#4996,#4997,#2808,.T.);
#6377=EDGE_CURVE('',#4997,#4998,#2809,.T.);
#6378=EDGE_CURVE('',#4998,#4999,#1567,.T.);
#6379=EDGE_CURVE('',#4999,#4991,#2810,.T.);
#6380=EDGE_CURVE('',#4992,#5000,#2811,.T.);
#6381=EDGE_CURVE('',#5000,#5001,#2812,.T.);
#6382=EDGE_CURVE('',#5001,#4993,#2813,.T.);
#6383=EDGE_CURVE('',#4991,#5002,#2814,.T.);
#6384=EDGE_CURVE('',#5002,#5000,#2815,.T.);
#6385=EDGE_CURVE('',#4999,#5003,#2816,.T.);
#6386=EDGE_CURVE('',#5003,#5002,#2817,.T.);
#6387=EDGE_CURVE('',#4998,#5004,#2818,.T.);
#6388=EDGE_CURVE('',#5004,#5003,#1568,.T.);
#6389=EDGE_CURVE('',#4997,#5005,#2819,.T.);
#6390=EDGE_CURVE('',#5005,#5004,#2820,.T.);
#6391=EDGE_CURVE('',#4996,#5006,#2821,.T.);
#6392=EDGE_CURVE('',#5006,#5005,#2822,.T.);
#6393=EDGE_CURVE('',#4995,#5007,#2823,.T.);
#6394=EDGE_CURVE('',#5007,#5006,#2824,.T.);
#6395=EDGE_CURVE('',#4994,#5008,#2825,.T.);
#6396=EDGE_CURVE('',#5008,#5007,#2826,.T.);
#6397=EDGE_CURVE('',#5001,#5008,#2827,.T.);
#6398=ORIENTED_EDGE('',*,*,#5009,.T.);
#6399=ORIENTED_EDGE('',*,*,#5010,.T.);
#6400=ORIENTED_EDGE('',*,*,#5011,.T.);
#6401=ORIENTED_EDGE('',*,*,#5012,.T.);
#6402=ORIENTED_EDGE('',*,*,#5013,.T.);
#6403=ORIENTED_EDGE('',*,*,#5014,.T.);
#6404=ORIENTED_EDGE('',*,*,#5015,.T.);
#6405=ORIENTED_EDGE('',*,*,#5016,.T.);
#6406=ORIENTED_EDGE('',*,*,#5017,.F.);
#6407=ORIENTED_EDGE('',*,*,#5010,.F.);
#6408=ORIENTED_EDGE('',*,*,#5018,.F.);
#6409=ORIENTED_EDGE('',*,*,#5019,.F.);
#6410=ORIENTED_EDGE('',*,*,#5018,.T.);
#6411=ORIENTED_EDGE('',*,*,#5009,.F.);
#6412=ORIENTED_EDGE('',*,*,#5020,.F.);
#6413=ORIENTED_EDGE('',*,*,#5021,.F.);
#6414=ORIENTED_EDGE('',*,*,#5020,.T.);
#6415=ORIENTED_EDGE('',*,*,#5016,.F.);
#6416=ORIENTED_EDGE('',*,*,#5022,.F.);
#6417=ORIENTED_EDGE('',*,*,#5023,.F.);
#6418=ORIENTED_EDGE('',*,*,#5022,.T.);
#6419=ORIENTED_EDGE('',*,*,#5015,.F.);
#6420=ORIENTED_EDGE('',*,*,#5024,.F.);
#6421=ORIENTED_EDGE('',*,*,#5025,.F.);
#6422=ORIENTED_EDGE('',*,*,#5024,.T.);
#6423=ORIENTED_EDGE('',*,*,#5014,.F.);
#6424=ORIENTED_EDGE('',*,*,#5026,.F.);
#6425=ORIENTED_EDGE('',*,*,#5027,.F.);
#6426=ORIENTED_EDGE('',*,*,#5026,.T.);
#6427=ORIENTED_EDGE('',*,*,#5013,.F.);
#6428=ORIENTED_EDGE('',*,*,#5028,.F.);
#6429=ORIENTED_EDGE('',*,*,#5029,.F.);
#6430=ORIENTED_EDGE('',*,*,#5028,.T.);
#6431=ORIENTED_EDGE('',*,*,#5012,.F.);
#6432=ORIENTED_EDGE('',*,*,#5030,.F.);
#6433=ORIENTED_EDGE('',*,*,#5031,.F.);
#6434=ORIENTED_EDGE('',*,*,#5011,.F.);
#6435=ORIENTED_EDGE('',*,*,#5017,.T.);
#6436=ORIENTED_EDGE('',*,*,#5032,.T.);
#6437=ORIENTED_EDGE('',*,*,#5030,.T.);
#6438=ORIENTED_EDGE('',*,*,#5027,.T.);
#6439=ORIENTED_EDGE('',*,*,#5029,.T.);
#6440=ORIENTED_EDGE('',*,*,#5031,.T.);
#6441=ORIENTED_EDGE('',*,*,#5032,.F.);
#6442=ORIENTED_EDGE('',*,*,#5019,.T.);
#6443=ORIENTED_EDGE('',*,*,#5021,.T.);
#6444=ORIENTED_EDGE('',*,*,#5023,.T.);
#6445=ORIENTED_EDGE('',*,*,#5025,.T.);
#6446=ORIENTED_EDGE('',*,*,#5033,.T.);
#6447=ORIENTED_EDGE('',*,*,#5034,.T.);
#6448=ORIENTED_EDGE('',*,*,#5035,.T.);
#6449=ORIENTED_EDGE('',*,*,#5036,.T.);
#6450=ORIENTED_EDGE('',*,*,#5037,.T.);
#6451=ORIENTED_EDGE('',*,*,#5038,.T.);
#6452=ORIENTED_EDGE('',*,*,#5039,.T.);
#6453=ORIENTED_EDGE('',*,*,#5040,.T.);
#6454=ORIENTED_EDGE('',*,*,#5041,.F.);
#6455=ORIENTED_EDGE('',*,*,#5042,.F.);
#6456=ORIENTED_EDGE('',*,*,#5043,.F.);
#6457=ORIENTED_EDGE('',*,*,#5034,.F.);
#6458=ORIENTED_EDGE('',*,*,#5044,.F.);
#6459=ORIENTED_EDGE('',*,*,#5045,.F.);
#6460=ORIENTED_EDGE('',*,*,#5041,.T.);
#6461=ORIENTED_EDGE('',*,*,#5033,.F.);
#6462=ORIENTED_EDGE('',*,*,#5046,.F.);
#6463=ORIENTED_EDGE('',*,*,#5047,.F.);
#6464=ORIENTED_EDGE('',*,*,#5044,.T.);
#6465=ORIENTED_EDGE('',*,*,#5040,.F.);
#6466=ORIENTED_EDGE('',*,*,#5048,.F.);
#6467=ORIENTED_EDGE('',*,*,#5049,.F.);
#6468=ORIENTED_EDGE('',*,*,#5046,.T.);
#6469=ORIENTED_EDGE('',*,*,#5039,.F.);
#6470=ORIENTED_EDGE('',*,*,#5050,.F.);
#6471=ORIENTED_EDGE('',*,*,#5051,.F.);
#6472=ORIENTED_EDGE('',*,*,#5048,.T.);
#6473=ORIENTED_EDGE('',*,*,#5038,.F.);
#6474=ORIENTED_EDGE('',*,*,#5052,.F.);
#6475=ORIENTED_EDGE('',*,*,#5053,.F.);
#6476=ORIENTED_EDGE('',*,*,#5050,.T.);
#6477=ORIENTED_EDGE('',*,*,#5037,.F.);
#6478=ORIENTED_EDGE('',*,*,#5054,.T.);
#6479=ORIENTED_EDGE('',*,*,#5052,.T.);
#6480=ORIENTED_EDGE('',*,*,#5036,.F.);
#6481=ORIENTED_EDGE('',*,*,#5055,.T.);
#6482=ORIENTED_EDGE('',*,*,#5043,.T.);
#6483=ORIENTED_EDGE('',*,*,#5056,.F.);
#6484=ORIENTED_EDGE('',*,*,#5055,.F.);
#6485=ORIENTED_EDGE('',*,*,#5035,.F.);
#6486=ORIENTED_EDGE('',*,*,#5056,.T.);
#6487=ORIENTED_EDGE('',*,*,#5042,.T.);
#6488=ORIENTED_EDGE('',*,*,#5045,.T.);
#6489=ORIENTED_EDGE('',*,*,#5047,.T.);
#6490=ORIENTED_EDGE('',*,*,#5049,.T.);
#6491=ORIENTED_EDGE('',*,*,#5051,.T.);
#6492=ORIENTED_EDGE('',*,*,#5053,.T.);
#6493=ORIENTED_EDGE('',*,*,#5054,.F.);
#6494=ORIENTED_EDGE('',*,*,#5057,.F.);
#6495=ORIENTED_EDGE('',*,*,#5058,.F.);
#6496=ORIENTED_EDGE('',*,*,#5059,.F.);
#6497=ORIENTED_EDGE('',*,*,#5060,.F.);
#6498=ORIENTED_EDGE('',*,*,#5061,.F.);
#6499=ORIENTED_EDGE('',*,*,#5062,.F.);
#6500=ORIENTED_EDGE('',*,*,#5063,.F.);
#6501=ORIENTED_EDGE('',*,*,#5064,.F.);
#6502=ORIENTED_EDGE('',*,*,#5064,.T.);
#6503=ORIENTED_EDGE('',*,*,#5065,.F.);
#6504=ORIENTED_EDGE('',*,*,#5066,.F.);
#6505=ORIENTED_EDGE('',*,*,#5067,.F.);
#6506=ORIENTED_EDGE('',*,*,#5057,.T.);
#6507=ORIENTED_EDGE('',*,*,#5067,.T.);
#6508=ORIENTED_EDGE('',*,*,#5068,.F.);
#6509=ORIENTED_EDGE('',*,*,#5069,.F.);
#6510=ORIENTED_EDGE('',*,*,#5058,.T.);
#6511=ORIENTED_EDGE('',*,*,#5069,.T.);
#6512=ORIENTED_EDGE('',*,*,#5070,.F.);
#6513=ORIENTED_EDGE('',*,*,#5071,.F.);
#6514=ORIENTED_EDGE('',*,*,#5059,.T.);
#6515=ORIENTED_EDGE('',*,*,#5071,.T.);
#6516=ORIENTED_EDGE('',*,*,#5072,.F.);
#6517=ORIENTED_EDGE('',*,*,#5073,.F.);
#6518=ORIENTED_EDGE('',*,*,#5060,.T.);
#6519=ORIENTED_EDGE('',*,*,#5073,.T.);
#6520=ORIENTED_EDGE('',*,*,#5074,.F.);
#6521=ORIENTED_EDGE('',*,*,#5075,.F.);
#6522=ORIENTED_EDGE('',*,*,#5061,.T.);
#6523=ORIENTED_EDGE('',*,*,#5075,.T.);
#6524=ORIENTED_EDGE('',*,*,#5076,.F.);
#6525=ORIENTED_EDGE('',*,*,#5077,.F.);
#6526=ORIENTED_EDGE('',*,*,#5062,.T.);
#6527=ORIENTED_EDGE('',*,*,#5077,.T.);
#6528=ORIENTED_EDGE('',*,*,#5078,.F.);
#6529=ORIENTED_EDGE('',*,*,#5079,.F.);
#6530=ORIENTED_EDGE('',*,*,#5079,.T.);
#6531=ORIENTED_EDGE('',*,*,#5080,.T.);
#6532=ORIENTED_EDGE('',*,*,#5065,.T.);
#6533=ORIENTED_EDGE('',*,*,#5063,.T.);
#6534=ORIENTED_EDGE('',*,*,#5078,.T.);
#6535=ORIENTED_EDGE('',*,*,#5076,.T.);
#6536=ORIENTED_EDGE('',*,*,#5074,.T.);
#6537=ORIENTED_EDGE('',*,*,#5072,.T.);
#6538=ORIENTED_EDGE('',*,*,#5070,.T.);
#6539=ORIENTED_EDGE('',*,*,#5068,.T.);
#6540=ORIENTED_EDGE('',*,*,#5066,.T.);
#6541=ORIENTED_EDGE('',*,*,#5080,.F.);
#6542=ORIENTED_EDGE('',*,*,#5081,.T.);
#6543=ORIENTED_EDGE('',*,*,#5082,.T.);
#6544=ORIENTED_EDGE('',*,*,#5083,.T.);
#6545=ORIENTED_EDGE('',*,*,#5084,.T.);
#6546=ORIENTED_EDGE('',*,*,#5085,.F.);
#6547=ORIENTED_EDGE('',*,*,#5086,.F.);
#6548=ORIENTED_EDGE('',*,*,#5087,.F.);
#6549=ORIENTED_EDGE('',*,*,#5088,.F.);
#6550=ORIENTED_EDGE('',*,*,#5089,.F.);
#6551=ORIENTED_EDGE('',*,*,#5090,.F.);
#6552=ORIENTED_EDGE('',*,*,#5081,.F.);
#6553=ORIENTED_EDGE('',*,*,#5091,.F.);
#6554=ORIENTED_EDGE('',*,*,#5091,.T.);
#6555=ORIENTED_EDGE('',*,*,#5084,.F.);
#6556=ORIENTED_EDGE('',*,*,#5092,.F.);
#6557=ORIENTED_EDGE('',*,*,#5093,.F.);
#6558=ORIENTED_EDGE('',*,*,#5085,.T.);
#6559=ORIENTED_EDGE('',*,*,#5093,.T.);
#6560=ORIENTED_EDGE('',*,*,#5094,.F.);
#6561=ORIENTED_EDGE('',*,*,#5095,.F.);
#6562=ORIENTED_EDGE('',*,*,#5086,.T.);
#6563=ORIENTED_EDGE('',*,*,#5095,.T.);
#6564=ORIENTED_EDGE('',*,*,#5096,.F.);
#6565=ORIENTED_EDGE('',*,*,#5097,.F.);
#6566=ORIENTED_EDGE('',*,*,#5087,.T.);
#6567=ORIENTED_EDGE('',*,*,#5097,.T.);
#6568=ORIENTED_EDGE('',*,*,#5098,.F.);
#6569=ORIENTED_EDGE('',*,*,#5099,.F.);
#6570=ORIENTED_EDGE('',*,*,#5088,.T.);
#6571=ORIENTED_EDGE('',*,*,#5099,.T.);
#6572=ORIENTED_EDGE('',*,*,#5100,.F.);
#6573=ORIENTED_EDGE('',*,*,#5101,.F.);
#6574=ORIENTED_EDGE('',*,*,#5089,.T.);
#6575=ORIENTED_EDGE('',*,*,#5101,.T.);
#6576=ORIENTED_EDGE('',*,*,#5102,.F.);
#6577=ORIENTED_EDGE('',*,*,#5103,.F.);
#6578=ORIENTED_EDGE('',*,*,#5090,.T.);
#6579=ORIENTED_EDGE('',*,*,#5103,.T.);
#6580=ORIENTED_EDGE('',*,*,#5104,.F.);
#6581=ORIENTED_EDGE('',*,*,#5082,.F.);
#6582=ORIENTED_EDGE('',*,*,#5092,.T.);
#6583=ORIENTED_EDGE('',*,*,#5083,.F.);
#6584=ORIENTED_EDGE('',*,*,#5104,.T.);
#6585=ORIENTED_EDGE('',*,*,#5102,.T.);
#6586=ORIENTED_EDGE('',*,*,#5100,.T.);
#6587=ORIENTED_EDGE('',*,*,#5098,.T.);
#6588=ORIENTED_EDGE('',*,*,#5096,.T.);
#6589=ORIENTED_EDGE('',*,*,#5094,.T.);
#6590=ORIENTED_EDGE('',*,*,#5105,.T.);
#6591=ORIENTED_EDGE('',*,*,#5106,.T.);
#6592=ORIENTED_EDGE('',*,*,#5107,.T.);
#6593=ORIENTED_EDGE('',*,*,#5108,.T.);
#6594=ORIENTED_EDGE('',*,*,#5109,.T.);
#6595=ORIENTED_EDGE('',*,*,#5110,.T.);
#6596=ORIENTED_EDGE('',*,*,#5111,.T.);
#6597=ORIENTED_EDGE('',*,*,#5112,.T.);
#6598=ORIENTED_EDGE('',*,*,#5113,.F.);
#6599=ORIENTED_EDGE('',*,*,#5114,.F.);
#6600=ORIENTED_EDGE('',*,*,#5115,.F.);
#6601=ORIENTED_EDGE('',*,*,#5106,.F.);
#6602=ORIENTED_EDGE('',*,*,#5116,.F.);
#6603=ORIENTED_EDGE('',*,*,#5117,.F.);
#6604=ORIENTED_EDGE('',*,*,#5113,.T.);
#6605=ORIENTED_EDGE('',*,*,#5105,.F.);
#6606=ORIENTED_EDGE('',*,*,#5118,.F.);
#6607=ORIENTED_EDGE('',*,*,#5119,.F.);
#6608=ORIENTED_EDGE('',*,*,#5116,.T.);
#6609=ORIENTED_EDGE('',*,*,#5112,.F.);
#6610=ORIENTED_EDGE('',*,*,#5120,.F.);
#6611=ORIENTED_EDGE('',*,*,#5121,.F.);
#6612=ORIENTED_EDGE('',*,*,#5118,.T.);
#6613=ORIENTED_EDGE('',*,*,#5111,.F.);
#6614=ORIENTED_EDGE('',*,*,#5122,.F.);
#6615=ORIENTED_EDGE('',*,*,#5123,.F.);
#6616=ORIENTED_EDGE('',*,*,#5120,.T.);
#6617=ORIENTED_EDGE('',*,*,#5110,.F.);
#6618=ORIENTED_EDGE('',*,*,#5124,.F.);
#6619=ORIENTED_EDGE('',*,*,#5125,.F.);
#6620=ORIENTED_EDGE('',*,*,#5122,.T.);
#6621=ORIENTED_EDGE('',*,*,#5109,.F.);
#6622=ORIENTED_EDGE('',*,*,#5126,.T.);
#6623=ORIENTED_EDGE('',*,*,#5124,.T.);
#6624=ORIENTED_EDGE('',*,*,#5108,.F.);
#6625=ORIENTED_EDGE('',*,*,#5127,.T.);
#6626=ORIENTED_EDGE('',*,*,#5115,.T.);
#6627=ORIENTED_EDGE('',*,*,#5128,.F.);
#6628=ORIENTED_EDGE('',*,*,#5127,.F.);
#6629=ORIENTED_EDGE('',*,*,#5107,.F.);
#6630=ORIENTED_EDGE('',*,*,#5123,.T.);
#6631=ORIENTED_EDGE('',*,*,#5125,.T.);
#6632=ORIENTED_EDGE('',*,*,#5126,.F.);
#6633=ORIENTED_EDGE('',*,*,#5128,.T.);
#6634=ORIENTED_EDGE('',*,*,#5114,.T.);
#6635=ORIENTED_EDGE('',*,*,#5117,.T.);
#6636=ORIENTED_EDGE('',*,*,#5119,.T.);
#6637=ORIENTED_EDGE('',*,*,#5121,.T.);
#6638=ORIENTED_EDGE('',*,*,#5129,.F.);
#6639=ORIENTED_EDGE('',*,*,#5130,.F.);
#6640=ORIENTED_EDGE('',*,*,#5131,.F.);
#6641=ORIENTED_EDGE('',*,*,#5132,.F.);
#6642=ORIENTED_EDGE('',*,*,#5133,.F.);
#6643=ORIENTED_EDGE('',*,*,#5134,.F.);
#6644=ORIENTED_EDGE('',*,*,#5135,.F.);
#6645=ORIENTED_EDGE('',*,*,#5136,.F.);
#6646=ORIENTED_EDGE('',*,*,#5136,.T.);
#6647=ORIENTED_EDGE('',*,*,#5137,.T.);
#6648=ORIENTED_EDGE('',*,*,#5138,.T.);
#6649=ORIENTED_EDGE('',*,*,#5139,.T.);
#6650=ORIENTED_EDGE('',*,*,#5140,.F.);
#6651=ORIENTED_EDGE('',*,*,#5129,.T.);
#6652=ORIENTED_EDGE('',*,*,#5139,.F.);
#6653=ORIENTED_EDGE('',*,*,#5141,.F.);
#6654=ORIENTED_EDGE('',*,*,#5142,.F.);
#6655=ORIENTED_EDGE('',*,*,#5130,.T.);
#6656=ORIENTED_EDGE('',*,*,#5140,.T.);
#6657=ORIENTED_EDGE('',*,*,#5143,.F.);
#6658=ORIENTED_EDGE('',*,*,#5144,.F.);
#6659=ORIENTED_EDGE('',*,*,#5131,.T.);
#6660=ORIENTED_EDGE('',*,*,#5142,.T.);
#6661=ORIENTED_EDGE('',*,*,#5145,.F.);
#6662=ORIENTED_EDGE('',*,*,#5146,.F.);
#6663=ORIENTED_EDGE('',*,*,#5132,.T.);
#6664=ORIENTED_EDGE('',*,*,#5144,.T.);
#6665=ORIENTED_EDGE('',*,*,#5147,.F.);
#6666=ORIENTED_EDGE('',*,*,#5148,.F.);
#6667=ORIENTED_EDGE('',*,*,#5133,.T.);
#6668=ORIENTED_EDGE('',*,*,#5146,.T.);
#6669=ORIENTED_EDGE('',*,*,#5149,.F.);
#6670=ORIENTED_EDGE('',*,*,#5150,.F.);
#6671=ORIENTED_EDGE('',*,*,#5134,.T.);
#6672=ORIENTED_EDGE('',*,*,#5148,.T.);
#6673=ORIENTED_EDGE('',*,*,#5151,.F.);
#6674=ORIENTED_EDGE('',*,*,#5137,.F.);
#6675=ORIENTED_EDGE('',*,*,#5135,.T.);
#6676=ORIENTED_EDGE('',*,*,#5150,.T.);
#6677=ORIENTED_EDGE('',*,*,#5152,.F.);
#6678=ORIENTED_EDGE('',*,*,#5145,.T.);
#6679=ORIENTED_EDGE('',*,*,#5143,.T.);
#6680=ORIENTED_EDGE('',*,*,#5141,.T.);
#6681=ORIENTED_EDGE('',*,*,#5138,.F.);
#6682=ORIENTED_EDGE('',*,*,#5152,.T.);
#6683=ORIENTED_EDGE('',*,*,#5151,.T.);
#6684=ORIENTED_EDGE('',*,*,#5149,.T.);
#6685=ORIENTED_EDGE('',*,*,#5147,.T.);
#6686=ORIENTED_EDGE('',*,*,#5153,.F.);
#6687=ORIENTED_EDGE('',*,*,#5154,.F.);
#6688=ORIENTED_EDGE('',*,*,#5155,.F.);
#6689=ORIENTED_EDGE('',*,*,#5156,.F.);
#6690=ORIENTED_EDGE('',*,*,#5157,.F.);
#6691=ORIENTED_EDGE('',*,*,#5158,.F.);
#6692=ORIENTED_EDGE('',*,*,#5159,.F.);
#6693=ORIENTED_EDGE('',*,*,#5160,.F.);
#6694=ORIENTED_EDGE('',*,*,#5161,.T.);
#6695=ORIENTED_EDGE('',*,*,#5160,.T.);
#6696=ORIENTED_EDGE('',*,*,#5162,.T.);
#6697=ORIENTED_EDGE('',*,*,#5163,.T.);
#6698=ORIENTED_EDGE('',*,*,#5164,.F.);
#6699=ORIENTED_EDGE('',*,*,#5165,.F.);
#6700=ORIENTED_EDGE('',*,*,#5153,.T.);
#6701=ORIENTED_EDGE('',*,*,#5161,.F.);
#6702=ORIENTED_EDGE('',*,*,#5166,.F.);
#6703=ORIENTED_EDGE('',*,*,#5167,.F.);
#6704=ORIENTED_EDGE('',*,*,#5154,.T.);
#6705=ORIENTED_EDGE('',*,*,#5165,.T.);
#6706=ORIENTED_EDGE('',*,*,#5168,.F.);
#6707=ORIENTED_EDGE('',*,*,#5169,.F.);
#6708=ORIENTED_EDGE('',*,*,#5155,.T.);
#6709=ORIENTED_EDGE('',*,*,#5167,.T.);
#6710=ORIENTED_EDGE('',*,*,#5170,.F.);
#6711=ORIENTED_EDGE('',*,*,#5171,.F.);
#6712=ORIENTED_EDGE('',*,*,#5156,.T.);
#6713=ORIENTED_EDGE('',*,*,#5169,.T.);
#6714=ORIENTED_EDGE('',*,*,#5172,.F.);
#6715=ORIENTED_EDGE('',*,*,#5173,.F.);
#6716=ORIENTED_EDGE('',*,*,#5157,.T.);
#6717=ORIENTED_EDGE('',*,*,#5171,.T.);
#6718=ORIENTED_EDGE('',*,*,#5174,.F.);
#6719=ORIENTED_EDGE('',*,*,#5175,.F.);
#6720=ORIENTED_EDGE('',*,*,#5158,.T.);
#6721=ORIENTED_EDGE('',*,*,#5173,.T.);
#6722=ORIENTED_EDGE('',*,*,#5176,.F.);
#6723=ORIENTED_EDGE('',*,*,#5162,.F.);
#6724=ORIENTED_EDGE('',*,*,#5159,.T.);
#6725=ORIENTED_EDGE('',*,*,#5175,.T.);
#6726=ORIENTED_EDGE('',*,*,#5174,.T.);
#6727=ORIENTED_EDGE('',*,*,#5172,.T.);
#6728=ORIENTED_EDGE('',*,*,#5170,.T.);
#6729=ORIENTED_EDGE('',*,*,#5168,.T.);
#6730=ORIENTED_EDGE('',*,*,#5166,.T.);
#6731=ORIENTED_EDGE('',*,*,#5164,.T.);
#6732=ORIENTED_EDGE('',*,*,#5163,.F.);
#6733=ORIENTED_EDGE('',*,*,#5176,.T.);
#6734=ORIENTED_EDGE('',*,*,#5177,.T.);
#6735=ORIENTED_EDGE('',*,*,#5178,.T.);
#6736=ORIENTED_EDGE('',*,*,#5179,.F.);
#6737=ORIENTED_EDGE('',*,*,#5180,.T.);
#6738=ORIENTED_EDGE('',*,*,#5181,.T.);
#6739=ORIENTED_EDGE('',*,*,#5179,.T.);
#6740=ORIENTED_EDGE('',*,*,#5182,.T.);
#6741=ORIENTED_EDGE('',*,*,#5183,.T.);
#6742=ORIENTED_EDGE('',*,*,#5184,.T.);
#6743=ORIENTED_EDGE('',*,*,#5185,.T.);
#6744=ORIENTED_EDGE('',*,*,#5186,.T.);
#6745=ORIENTED_EDGE('',*,*,#5187,.T.);
#6746=ORIENTED_EDGE('',*,*,#5188,.F.);
#6747=ORIENTED_EDGE('',*,*,#5180,.F.);
#6748=ORIENTED_EDGE('',*,*,#5181,.F.);
#6749=ORIENTED_EDGE('',*,*,#5189,.F.);
#6750=ORIENTED_EDGE('',*,*,#5190,.F.);
#6751=ORIENTED_EDGE('',*,*,#5189,.T.);
#6752=ORIENTED_EDGE('',*,*,#5187,.F.);
#6753=ORIENTED_EDGE('',*,*,#5191,.F.);
#6754=ORIENTED_EDGE('',*,*,#5192,.F.);
#6755=ORIENTED_EDGE('',*,*,#5191,.T.);
#6756=ORIENTED_EDGE('',*,*,#5186,.F.);
#6757=ORIENTED_EDGE('',*,*,#5193,.F.);
#6758=ORIENTED_EDGE('',*,*,#5194,.F.);
#6759=ORIENTED_EDGE('',*,*,#5193,.T.);
#6760=ORIENTED_EDGE('',*,*,#5185,.F.);
#6761=ORIENTED_EDGE('',*,*,#5195,.F.);
#6762=ORIENTED_EDGE('',*,*,#5196,.F.);
#6763=ORIENTED_EDGE('',*,*,#5195,.T.);
#6764=ORIENTED_EDGE('',*,*,#5184,.F.);
#6765=ORIENTED_EDGE('',*,*,#5197,.F.);
#6766=ORIENTED_EDGE('',*,*,#5198,.F.);
#6767=ORIENTED_EDGE('',*,*,#5197,.T.);
#6768=ORIENTED_EDGE('',*,*,#5183,.F.);
#6769=ORIENTED_EDGE('',*,*,#5199,.F.);
#6770=ORIENTED_EDGE('',*,*,#5200,.F.);
#6771=ORIENTED_EDGE('',*,*,#5199,.T.);
#6772=ORIENTED_EDGE('',*,*,#5182,.F.);
#6773=ORIENTED_EDGE('',*,*,#5178,.F.);
#6774=ORIENTED_EDGE('',*,*,#5190,.T.);
#6775=ORIENTED_EDGE('',*,*,#5192,.T.);
#6776=ORIENTED_EDGE('',*,*,#5194,.T.);
#6777=ORIENTED_EDGE('',*,*,#5196,.T.);
#6778=ORIENTED_EDGE('',*,*,#5198,.T.);
#6779=ORIENTED_EDGE('',*,*,#5200,.T.);
#6780=ORIENTED_EDGE('',*,*,#5177,.F.);
#6781=ORIENTED_EDGE('',*,*,#5188,.T.);
#6782=ORIENTED_EDGE('',*,*,#5201,.F.);
#6783=ORIENTED_EDGE('',*,*,#5202,.F.);
#6784=ORIENTED_EDGE('',*,*,#5203,.F.);
#6785=ORIENTED_EDGE('',*,*,#5204,.F.);
#6786=ORIENTED_EDGE('',*,*,#5205,.F.);
#6787=ORIENTED_EDGE('',*,*,#5206,.F.);
#6788=ORIENTED_EDGE('',*,*,#5207,.F.);
#6789=ORIENTED_EDGE('',*,*,#5208,.F.);
#6790=ORIENTED_EDGE('',*,*,#5209,.T.);
#6791=ORIENTED_EDGE('',*,*,#5208,.T.);
#6792=ORIENTED_EDGE('',*,*,#5210,.T.);
#6793=ORIENTED_EDGE('',*,*,#5211,.T.);
#6794=ORIENTED_EDGE('',*,*,#5212,.F.);
#6795=ORIENTED_EDGE('',*,*,#5213,.F.);
#6796=ORIENTED_EDGE('',*,*,#5201,.T.);
#6797=ORIENTED_EDGE('',*,*,#5209,.F.);
#6798=ORIENTED_EDGE('',*,*,#5214,.F.);
#6799=ORIENTED_EDGE('',*,*,#5215,.F.);
#6800=ORIENTED_EDGE('',*,*,#5202,.T.);
#6801=ORIENTED_EDGE('',*,*,#5213,.T.);
#6802=ORIENTED_EDGE('',*,*,#5216,.F.);
#6803=ORIENTED_EDGE('',*,*,#5217,.F.);
#6804=ORIENTED_EDGE('',*,*,#5203,.T.);
#6805=ORIENTED_EDGE('',*,*,#5215,.T.);
#6806=ORIENTED_EDGE('',*,*,#5218,.F.);
#6807=ORIENTED_EDGE('',*,*,#5219,.F.);
#6808=ORIENTED_EDGE('',*,*,#5204,.T.);
#6809=ORIENTED_EDGE('',*,*,#5217,.T.);
#6810=ORIENTED_EDGE('',*,*,#5220,.F.);
#6811=ORIENTED_EDGE('',*,*,#5221,.F.);
#6812=ORIENTED_EDGE('',*,*,#5205,.T.);
#6813=ORIENTED_EDGE('',*,*,#5219,.T.);
#6814=ORIENTED_EDGE('',*,*,#5222,.F.);
#6815=ORIENTED_EDGE('',*,*,#5223,.F.);
#6816=ORIENTED_EDGE('',*,*,#5206,.T.);
#6817=ORIENTED_EDGE('',*,*,#5221,.T.);
#6818=ORIENTED_EDGE('',*,*,#5224,.F.);
#6819=ORIENTED_EDGE('',*,*,#5210,.F.);
#6820=ORIENTED_EDGE('',*,*,#5207,.T.);
#6821=ORIENTED_EDGE('',*,*,#5223,.T.);
#6822=ORIENTED_EDGE('',*,*,#5222,.T.);
#6823=ORIENTED_EDGE('',*,*,#5220,.T.);
#6824=ORIENTED_EDGE('',*,*,#5218,.T.);
#6825=ORIENTED_EDGE('',*,*,#5216,.T.);
#6826=ORIENTED_EDGE('',*,*,#5214,.T.);
#6827=ORIENTED_EDGE('',*,*,#5212,.T.);
#6828=ORIENTED_EDGE('',*,*,#5211,.F.);
#6829=ORIENTED_EDGE('',*,*,#5224,.T.);
#6830=ORIENTED_EDGE('',*,*,#5225,.T.);
#6831=ORIENTED_EDGE('',*,*,#5226,.T.);
#6832=ORIENTED_EDGE('',*,*,#5227,.F.);
#6833=ORIENTED_EDGE('',*,*,#5228,.T.);
#6834=ORIENTED_EDGE('',*,*,#5229,.T.);
#6835=ORIENTED_EDGE('',*,*,#5227,.T.);
#6836=ORIENTED_EDGE('',*,*,#5230,.T.);
#6837=ORIENTED_EDGE('',*,*,#5231,.T.);
#6838=ORIENTED_EDGE('',*,*,#5232,.T.);
#6839=ORIENTED_EDGE('',*,*,#5233,.T.);
#6840=ORIENTED_EDGE('',*,*,#5234,.T.);
#6841=ORIENTED_EDGE('',*,*,#5235,.T.);
#6842=ORIENTED_EDGE('',*,*,#5236,.F.);
#6843=ORIENTED_EDGE('',*,*,#5228,.F.);
#6844=ORIENTED_EDGE('',*,*,#5229,.F.);
#6845=ORIENTED_EDGE('',*,*,#5237,.F.);
#6846=ORIENTED_EDGE('',*,*,#5238,.F.);
#6847=ORIENTED_EDGE('',*,*,#5237,.T.);
#6848=ORIENTED_EDGE('',*,*,#5235,.F.);
#6849=ORIENTED_EDGE('',*,*,#5239,.F.);
#6850=ORIENTED_EDGE('',*,*,#5240,.F.);
#6851=ORIENTED_EDGE('',*,*,#5239,.T.);
#6852=ORIENTED_EDGE('',*,*,#5234,.F.);
#6853=ORIENTED_EDGE('',*,*,#5241,.F.);
#6854=ORIENTED_EDGE('',*,*,#5242,.F.);
#6855=ORIENTED_EDGE('',*,*,#5241,.T.);
#6856=ORIENTED_EDGE('',*,*,#5233,.F.);
#6857=ORIENTED_EDGE('',*,*,#5243,.F.);
#6858=ORIENTED_EDGE('',*,*,#5244,.F.);
#6859=ORIENTED_EDGE('',*,*,#5243,.T.);
#6860=ORIENTED_EDGE('',*,*,#5232,.F.);
#6861=ORIENTED_EDGE('',*,*,#5245,.F.);
#6862=ORIENTED_EDGE('',*,*,#5246,.F.);
#6863=ORIENTED_EDGE('',*,*,#5245,.T.);
#6864=ORIENTED_EDGE('',*,*,#5231,.F.);
#6865=ORIENTED_EDGE('',*,*,#5247,.F.);
#6866=ORIENTED_EDGE('',*,*,#5248,.F.);
#6867=ORIENTED_EDGE('',*,*,#5247,.T.);
#6868=ORIENTED_EDGE('',*,*,#5230,.F.);
#6869=ORIENTED_EDGE('',*,*,#5226,.F.);
#6870=ORIENTED_EDGE('',*,*,#5238,.T.);
#6871=ORIENTED_EDGE('',*,*,#5240,.T.);
#6872=ORIENTED_EDGE('',*,*,#5242,.T.);
#6873=ORIENTED_EDGE('',*,*,#5244,.T.);
#6874=ORIENTED_EDGE('',*,*,#5246,.T.);
#6875=ORIENTED_EDGE('',*,*,#5248,.T.);
#6876=ORIENTED_EDGE('',*,*,#5225,.F.);
#6877=ORIENTED_EDGE('',*,*,#5236,.T.);
#6878=ORIENTED_EDGE('',*,*,#5249,.F.);
#6879=ORIENTED_EDGE('',*,*,#5250,.F.);
#6880=ORIENTED_EDGE('',*,*,#5251,.F.);
#6881=ORIENTED_EDGE('',*,*,#5252,.F.);
#6882=ORIENTED_EDGE('',*,*,#5253,.F.);
#6883=ORIENTED_EDGE('',*,*,#5254,.F.);
#6884=ORIENTED_EDGE('',*,*,#5255,.F.);
#6885=ORIENTED_EDGE('',*,*,#5256,.F.);
#6886=ORIENTED_EDGE('',*,*,#5257,.T.);
#6887=ORIENTED_EDGE('',*,*,#5256,.T.);
#6888=ORIENTED_EDGE('',*,*,#5258,.T.);
#6889=ORIENTED_EDGE('',*,*,#5259,.T.);
#6890=ORIENTED_EDGE('',*,*,#5260,.F.);
#6891=ORIENTED_EDGE('',*,*,#5261,.F.);
#6892=ORIENTED_EDGE('',*,*,#5249,.T.);
#6893=ORIENTED_EDGE('',*,*,#5257,.F.);
#6894=ORIENTED_EDGE('',*,*,#5262,.F.);
#6895=ORIENTED_EDGE('',*,*,#5263,.F.);
#6896=ORIENTED_EDGE('',*,*,#5250,.T.);
#6897=ORIENTED_EDGE('',*,*,#5261,.T.);
#6898=ORIENTED_EDGE('',*,*,#5264,.F.);
#6899=ORIENTED_EDGE('',*,*,#5265,.F.);
#6900=ORIENTED_EDGE('',*,*,#5251,.T.);
#6901=ORIENTED_EDGE('',*,*,#5263,.T.);
#6902=ORIENTED_EDGE('',*,*,#5266,.F.);
#6903=ORIENTED_EDGE('',*,*,#5267,.F.);
#6904=ORIENTED_EDGE('',*,*,#5252,.T.);
#6905=ORIENTED_EDGE('',*,*,#5265,.T.);
#6906=ORIENTED_EDGE('',*,*,#5268,.F.);
#6907=ORIENTED_EDGE('',*,*,#5269,.F.);
#6908=ORIENTED_EDGE('',*,*,#5253,.T.);
#6909=ORIENTED_EDGE('',*,*,#5267,.T.);
#6910=ORIENTED_EDGE('',*,*,#5270,.F.);
#6911=ORIENTED_EDGE('',*,*,#5271,.F.);
#6912=ORIENTED_EDGE('',*,*,#5254,.T.);
#6913=ORIENTED_EDGE('',*,*,#5269,.T.);
#6914=ORIENTED_EDGE('',*,*,#5272,.F.);
#6915=ORIENTED_EDGE('',*,*,#5258,.F.);
#6916=ORIENTED_EDGE('',*,*,#5255,.T.);
#6917=ORIENTED_EDGE('',*,*,#5271,.T.);
#6918=ORIENTED_EDGE('',*,*,#5270,.T.);
#6919=ORIENTED_EDGE('',*,*,#5268,.T.);
#6920=ORIENTED_EDGE('',*,*,#5266,.T.);
#6921=ORIENTED_EDGE('',*,*,#5264,.T.);
#6922=ORIENTED_EDGE('',*,*,#5262,.T.);
#6923=ORIENTED_EDGE('',*,*,#5260,.T.);
#6924=ORIENTED_EDGE('',*,*,#5259,.F.);
#6925=ORIENTED_EDGE('',*,*,#5272,.T.);
#6926=ORIENTED_EDGE('',*,*,#5273,.T.);
#6927=ORIENTED_EDGE('',*,*,#5274,.T.);
#6928=ORIENTED_EDGE('',*,*,#5275,.T.);
#6929=ORIENTED_EDGE('',*,*,#5276,.T.);
#6930=ORIENTED_EDGE('',*,*,#5277,.F.);
#6931=ORIENTED_EDGE('',*,*,#5278,.F.);
#6932=ORIENTED_EDGE('',*,*,#5279,.F.);
#6933=ORIENTED_EDGE('',*,*,#5280,.F.);
#6934=ORIENTED_EDGE('',*,*,#5281,.F.);
#6935=ORIENTED_EDGE('',*,*,#5282,.F.);
#6936=ORIENTED_EDGE('',*,*,#5273,.F.);
#6937=ORIENTED_EDGE('',*,*,#5283,.F.);
#6938=ORIENTED_EDGE('',*,*,#5283,.T.);
#6939=ORIENTED_EDGE('',*,*,#5276,.F.);
#6940=ORIENTED_EDGE('',*,*,#5284,.F.);
#6941=ORIENTED_EDGE('',*,*,#5285,.F.);
#6942=ORIENTED_EDGE('',*,*,#5277,.T.);
#6943=ORIENTED_EDGE('',*,*,#5285,.T.);
#6944=ORIENTED_EDGE('',*,*,#5286,.F.);
#6945=ORIENTED_EDGE('',*,*,#5287,.F.);
#6946=ORIENTED_EDGE('',*,*,#5278,.T.);
#6947=ORIENTED_EDGE('',*,*,#5287,.T.);
#6948=ORIENTED_EDGE('',*,*,#5288,.F.);
#6949=ORIENTED_EDGE('',*,*,#5289,.F.);
#6950=ORIENTED_EDGE('',*,*,#5279,.T.);
#6951=ORIENTED_EDGE('',*,*,#5289,.T.);
#6952=ORIENTED_EDGE('',*,*,#5290,.F.);
#6953=ORIENTED_EDGE('',*,*,#5291,.F.);
#6954=ORIENTED_EDGE('',*,*,#5280,.T.);
#6955=ORIENTED_EDGE('',*,*,#5291,.T.);
#6956=ORIENTED_EDGE('',*,*,#5292,.F.);
#6957=ORIENTED_EDGE('',*,*,#5293,.F.);
#6958=ORIENTED_EDGE('',*,*,#5281,.T.);
#6959=ORIENTED_EDGE('',*,*,#5293,.T.);
#6960=ORIENTED_EDGE('',*,*,#5294,.F.);
#6961=ORIENTED_EDGE('',*,*,#5295,.F.);
#6962=ORIENTED_EDGE('',*,*,#5282,.T.);
#6963=ORIENTED_EDGE('',*,*,#5295,.T.);
#6964=ORIENTED_EDGE('',*,*,#5296,.F.);
#6965=ORIENTED_EDGE('',*,*,#5274,.F.);
#6966=ORIENTED_EDGE('',*,*,#5284,.T.);
#6967=ORIENTED_EDGE('',*,*,#5275,.F.);
#6968=ORIENTED_EDGE('',*,*,#5296,.T.);
#6969=ORIENTED_EDGE('',*,*,#5294,.T.);
#6970=ORIENTED_EDGE('',*,*,#5292,.T.);
#6971=ORIENTED_EDGE('',*,*,#5290,.T.);
#6972=ORIENTED_EDGE('',*,*,#5288,.T.);
#6973=ORIENTED_EDGE('',*,*,#5286,.T.);
#6974=ORIENTED_EDGE('',*,*,#5297,.F.);
#6975=ORIENTED_EDGE('',*,*,#5298,.F.);
#6976=ORIENTED_EDGE('',*,*,#5299,.F.);
#6977=ORIENTED_EDGE('',*,*,#5300,.F.);
#6978=ORIENTED_EDGE('',*,*,#5301,.F.);
#6979=ORIENTED_EDGE('',*,*,#5302,.F.);
#6980=ORIENTED_EDGE('',*,*,#5303,.F.);
#6981=ORIENTED_EDGE('',*,*,#5304,.F.);
#6982=ORIENTED_EDGE('',*,*,#5305,.T.);
#6983=ORIENTED_EDGE('',*,*,#5304,.T.);
#6984=ORIENTED_EDGE('',*,*,#5306,.T.);
#6985=ORIENTED_EDGE('',*,*,#5307,.T.);
#6986=ORIENTED_EDGE('',*,*,#5308,.F.);
#6987=ORIENTED_EDGE('',*,*,#5309,.F.);
#6988=ORIENTED_EDGE('',*,*,#5297,.T.);
#6989=ORIENTED_EDGE('',*,*,#5305,.F.);
#6990=ORIENTED_EDGE('',*,*,#5310,.F.);
#6991=ORIENTED_EDGE('',*,*,#5311,.F.);
#6992=ORIENTED_EDGE('',*,*,#5298,.T.);
#6993=ORIENTED_EDGE('',*,*,#5309,.T.);
#6994=ORIENTED_EDGE('',*,*,#5312,.F.);
#6995=ORIENTED_EDGE('',*,*,#5313,.F.);
#6996=ORIENTED_EDGE('',*,*,#5299,.T.);
#6997=ORIENTED_EDGE('',*,*,#5311,.T.);
#6998=ORIENTED_EDGE('',*,*,#5314,.F.);
#6999=ORIENTED_EDGE('',*,*,#5315,.F.);
#7000=ORIENTED_EDGE('',*,*,#5300,.T.);
#7001=ORIENTED_EDGE('',*,*,#5313,.T.);
#7002=ORIENTED_EDGE('',*,*,#5316,.F.);
#7003=ORIENTED_EDGE('',*,*,#5317,.F.);
#7004=ORIENTED_EDGE('',*,*,#5301,.T.);
#7005=ORIENTED_EDGE('',*,*,#5315,.T.);
#7006=ORIENTED_EDGE('',*,*,#5318,.F.);
#7007=ORIENTED_EDGE('',*,*,#5319,.F.);
#7008=ORIENTED_EDGE('',*,*,#5302,.T.);
#7009=ORIENTED_EDGE('',*,*,#5317,.T.);
#7010=ORIENTED_EDGE('',*,*,#5320,.F.);
#7011=ORIENTED_EDGE('',*,*,#5306,.F.);
#7012=ORIENTED_EDGE('',*,*,#5303,.T.);
#7013=ORIENTED_EDGE('',*,*,#5319,.T.);
#7014=ORIENTED_EDGE('',*,*,#5318,.T.);
#7015=ORIENTED_EDGE('',*,*,#5316,.T.);
#7016=ORIENTED_EDGE('',*,*,#5314,.T.);
#7017=ORIENTED_EDGE('',*,*,#5312,.T.);
#7018=ORIENTED_EDGE('',*,*,#5310,.T.);
#7019=ORIENTED_EDGE('',*,*,#5308,.T.);
#7020=ORIENTED_EDGE('',*,*,#5307,.F.);
#7021=ORIENTED_EDGE('',*,*,#5320,.T.);
#7022=ORIENTED_EDGE('',*,*,#5321,.T.);
#7023=ORIENTED_EDGE('',*,*,#5322,.T.);
#7024=ORIENTED_EDGE('',*,*,#5323,.F.);
#7025=ORIENTED_EDGE('',*,*,#5324,.T.);
#7026=ORIENTED_EDGE('',*,*,#5325,.T.);
#7027=ORIENTED_EDGE('',*,*,#5323,.T.);
#7028=ORIENTED_EDGE('',*,*,#5326,.T.);
#7029=ORIENTED_EDGE('',*,*,#5327,.T.);
#7030=ORIENTED_EDGE('',*,*,#5328,.T.);
#7031=ORIENTED_EDGE('',*,*,#5329,.T.);
#7032=ORIENTED_EDGE('',*,*,#5330,.T.);
#7033=ORIENTED_EDGE('',*,*,#5331,.T.);
#7034=ORIENTED_EDGE('',*,*,#5332,.F.);
#7035=ORIENTED_EDGE('',*,*,#5324,.F.);
#7036=ORIENTED_EDGE('',*,*,#5325,.F.);
#7037=ORIENTED_EDGE('',*,*,#5333,.F.);
#7038=ORIENTED_EDGE('',*,*,#5334,.F.);
#7039=ORIENTED_EDGE('',*,*,#5333,.T.);
#7040=ORIENTED_EDGE('',*,*,#5331,.F.);
#7041=ORIENTED_EDGE('',*,*,#5335,.F.);
#7042=ORIENTED_EDGE('',*,*,#5336,.F.);
#7043=ORIENTED_EDGE('',*,*,#5335,.T.);
#7044=ORIENTED_EDGE('',*,*,#5330,.F.);
#7045=ORIENTED_EDGE('',*,*,#5337,.F.);
#7046=ORIENTED_EDGE('',*,*,#5338,.F.);
#7047=ORIENTED_EDGE('',*,*,#5337,.T.);
#7048=ORIENTED_EDGE('',*,*,#5329,.F.);
#7049=ORIENTED_EDGE('',*,*,#5339,.F.);
#7050=ORIENTED_EDGE('',*,*,#5340,.F.);
#7051=ORIENTED_EDGE('',*,*,#5339,.T.);
#7052=ORIENTED_EDGE('',*,*,#5328,.F.);
#7053=ORIENTED_EDGE('',*,*,#5341,.F.);
#7054=ORIENTED_EDGE('',*,*,#5342,.F.);
#7055=ORIENTED_EDGE('',*,*,#5341,.T.);
#7056=ORIENTED_EDGE('',*,*,#5327,.F.);
#7057=ORIENTED_EDGE('',*,*,#5343,.F.);
#7058=ORIENTED_EDGE('',*,*,#5344,.F.);
#7059=ORIENTED_EDGE('',*,*,#5343,.T.);
#7060=ORIENTED_EDGE('',*,*,#5326,.F.);
#7061=ORIENTED_EDGE('',*,*,#5322,.F.);
#7062=ORIENTED_EDGE('',*,*,#5334,.T.);
#7063=ORIENTED_EDGE('',*,*,#5336,.T.);
#7064=ORIENTED_EDGE('',*,*,#5338,.T.);
#7065=ORIENTED_EDGE('',*,*,#5340,.T.);
#7066=ORIENTED_EDGE('',*,*,#5342,.T.);
#7067=ORIENTED_EDGE('',*,*,#5344,.T.);
#7068=ORIENTED_EDGE('',*,*,#5321,.F.);
#7069=ORIENTED_EDGE('',*,*,#5332,.T.);
#7070=ORIENTED_EDGE('',*,*,#5345,.T.);
#7071=ORIENTED_EDGE('',*,*,#5346,.T.);
#7072=ORIENTED_EDGE('',*,*,#5347,.T.);
#7073=ORIENTED_EDGE('',*,*,#5348,.T.);
#7074=ORIENTED_EDGE('',*,*,#5349,.T.);
#7075=ORIENTED_EDGE('',*,*,#5350,.T.);
#7076=ORIENTED_EDGE('',*,*,#5351,.T.);
#7077=ORIENTED_EDGE('',*,*,#5352,.T.);
#7078=ORIENTED_EDGE('',*,*,#5353,.F.);
#7079=ORIENTED_EDGE('',*,*,#5346,.F.);
#7080=ORIENTED_EDGE('',*,*,#5354,.F.);
#7081=ORIENTED_EDGE('',*,*,#5355,.F.);
#7082=ORIENTED_EDGE('',*,*,#5354,.T.);
#7083=ORIENTED_EDGE('',*,*,#5345,.F.);
#7084=ORIENTED_EDGE('',*,*,#5356,.F.);
#7085=ORIENTED_EDGE('',*,*,#5357,.F.);
#7086=ORIENTED_EDGE('',*,*,#5356,.T.);
#7087=ORIENTED_EDGE('',*,*,#5352,.F.);
#7088=ORIENTED_EDGE('',*,*,#5358,.F.);
#7089=ORIENTED_EDGE('',*,*,#5359,.F.);
#7090=ORIENTED_EDGE('',*,*,#5358,.T.);
#7091=ORIENTED_EDGE('',*,*,#5351,.F.);
#7092=ORIENTED_EDGE('',*,*,#5360,.F.);
#7093=ORIENTED_EDGE('',*,*,#5361,.F.);
#7094=ORIENTED_EDGE('',*,*,#5360,.T.);
#7095=ORIENTED_EDGE('',*,*,#5350,.F.);
#7096=ORIENTED_EDGE('',*,*,#5362,.F.);
#7097=ORIENTED_EDGE('',*,*,#5363,.F.);
#7098=ORIENTED_EDGE('',*,*,#5362,.T.);
#7099=ORIENTED_EDGE('',*,*,#5349,.F.);
#7100=ORIENTED_EDGE('',*,*,#5364,.F.);
#7101=ORIENTED_EDGE('',*,*,#5365,.F.);
#7102=ORIENTED_EDGE('',*,*,#5364,.T.);
#7103=ORIENTED_EDGE('',*,*,#5348,.F.);
#7104=ORIENTED_EDGE('',*,*,#5366,.F.);
#7105=ORIENTED_EDGE('',*,*,#5367,.F.);
#7106=ORIENTED_EDGE('',*,*,#5347,.F.);
#7107=ORIENTED_EDGE('',*,*,#5353,.T.);
#7108=ORIENTED_EDGE('',*,*,#5368,.T.);
#7109=ORIENTED_EDGE('',*,*,#5366,.T.);
#7110=ORIENTED_EDGE('',*,*,#5363,.T.);
#7111=ORIENTED_EDGE('',*,*,#5365,.T.);
#7112=ORIENTED_EDGE('',*,*,#5367,.T.);
#7113=ORIENTED_EDGE('',*,*,#5368,.F.);
#7114=ORIENTED_EDGE('',*,*,#5355,.T.);
#7115=ORIENTED_EDGE('',*,*,#5357,.T.);
#7116=ORIENTED_EDGE('',*,*,#5359,.T.);
#7117=ORIENTED_EDGE('',*,*,#5361,.T.);
#7118=ORIENTED_EDGE('',*,*,#5369,.F.);
#7119=ORIENTED_EDGE('',*,*,#5370,.F.);
#7120=ORIENTED_EDGE('',*,*,#5371,.F.);
#7121=ORIENTED_EDGE('',*,*,#5372,.F.);
#7122=ORIENTED_EDGE('',*,*,#5373,.F.);
#7123=ORIENTED_EDGE('',*,*,#5374,.F.);
#7124=ORIENTED_EDGE('',*,*,#5375,.F.);
#7125=ORIENTED_EDGE('',*,*,#5376,.F.);
#7126=ORIENTED_EDGE('',*,*,#5376,.T.);
#7127=ORIENTED_EDGE('',*,*,#5377,.T.);
#7128=ORIENTED_EDGE('',*,*,#5378,.T.);
#7129=ORIENTED_EDGE('',*,*,#5379,.T.);
#7130=ORIENTED_EDGE('',*,*,#5380,.F.);
#7131=ORIENTED_EDGE('',*,*,#5369,.T.);
#7132=ORIENTED_EDGE('',*,*,#5379,.F.);
#7133=ORIENTED_EDGE('',*,*,#5381,.F.);
#7134=ORIENTED_EDGE('',*,*,#5382,.F.);
#7135=ORIENTED_EDGE('',*,*,#5370,.T.);
#7136=ORIENTED_EDGE('',*,*,#5380,.T.);
#7137=ORIENTED_EDGE('',*,*,#5383,.F.);
#7138=ORIENTED_EDGE('',*,*,#5384,.F.);
#7139=ORIENTED_EDGE('',*,*,#5371,.T.);
#7140=ORIENTED_EDGE('',*,*,#5382,.T.);
#7141=ORIENTED_EDGE('',*,*,#5385,.F.);
#7142=ORIENTED_EDGE('',*,*,#5386,.F.);
#7143=ORIENTED_EDGE('',*,*,#5372,.T.);
#7144=ORIENTED_EDGE('',*,*,#5384,.T.);
#7145=ORIENTED_EDGE('',*,*,#5387,.F.);
#7146=ORIENTED_EDGE('',*,*,#5388,.F.);
#7147=ORIENTED_EDGE('',*,*,#5373,.T.);
#7148=ORIENTED_EDGE('',*,*,#5386,.T.);
#7149=ORIENTED_EDGE('',*,*,#5389,.F.);
#7150=ORIENTED_EDGE('',*,*,#5390,.F.);
#7151=ORIENTED_EDGE('',*,*,#5374,.T.);
#7152=ORIENTED_EDGE('',*,*,#5388,.T.);
#7153=ORIENTED_EDGE('',*,*,#5391,.F.);
#7154=ORIENTED_EDGE('',*,*,#5377,.F.);
#7155=ORIENTED_EDGE('',*,*,#5375,.T.);
#7156=ORIENTED_EDGE('',*,*,#5390,.T.);
#7157=ORIENTED_EDGE('',*,*,#5392,.F.);
#7158=ORIENTED_EDGE('',*,*,#5385,.T.);
#7159=ORIENTED_EDGE('',*,*,#5383,.T.);
#7160=ORIENTED_EDGE('',*,*,#5381,.T.);
#7161=ORIENTED_EDGE('',*,*,#5378,.F.);
#7162=ORIENTED_EDGE('',*,*,#5392,.T.);
#7163=ORIENTED_EDGE('',*,*,#5391,.T.);
#7164=ORIENTED_EDGE('',*,*,#5389,.T.);
#7165=ORIENTED_EDGE('',*,*,#5387,.T.);
#7166=ORIENTED_EDGE('',*,*,#5393,.T.);
#7167=ORIENTED_EDGE('',*,*,#5394,.T.);
#7168=ORIENTED_EDGE('',*,*,#5395,.T.);
#7169=ORIENTED_EDGE('',*,*,#5396,.T.);
#7170=ORIENTED_EDGE('',*,*,#5397,.T.);
#7171=ORIENTED_EDGE('',*,*,#5398,.T.);
#7172=ORIENTED_EDGE('',*,*,#5399,.T.);
#7173=ORIENTED_EDGE('',*,*,#5400,.T.);
#7174=ORIENTED_EDGE('',*,*,#5401,.F.);
#7175=ORIENTED_EDGE('',*,*,#5394,.F.);
#7176=ORIENTED_EDGE('',*,*,#5402,.F.);
#7177=ORIENTED_EDGE('',*,*,#5403,.F.);
#7178=ORIENTED_EDGE('',*,*,#5402,.T.);
#7179=ORIENTED_EDGE('',*,*,#5393,.F.);
#7180=ORIENTED_EDGE('',*,*,#5404,.F.);
#7181=ORIENTED_EDGE('',*,*,#5405,.F.);
#7182=ORIENTED_EDGE('',*,*,#5404,.T.);
#7183=ORIENTED_EDGE('',*,*,#5400,.F.);
#7184=ORIENTED_EDGE('',*,*,#5406,.F.);
#7185=ORIENTED_EDGE('',*,*,#5407,.F.);
#7186=ORIENTED_EDGE('',*,*,#5406,.T.);
#7187=ORIENTED_EDGE('',*,*,#5399,.F.);
#7188=ORIENTED_EDGE('',*,*,#5408,.F.);
#7189=ORIENTED_EDGE('',*,*,#5409,.F.);
#7190=ORIENTED_EDGE('',*,*,#5408,.T.);
#7191=ORIENTED_EDGE('',*,*,#5398,.F.);
#7192=ORIENTED_EDGE('',*,*,#5410,.F.);
#7193=ORIENTED_EDGE('',*,*,#5411,.F.);
#7194=ORIENTED_EDGE('',*,*,#5410,.T.);
#7195=ORIENTED_EDGE('',*,*,#5397,.F.);
#7196=ORIENTED_EDGE('',*,*,#5412,.F.);
#7197=ORIENTED_EDGE('',*,*,#5413,.F.);
#7198=ORIENTED_EDGE('',*,*,#5412,.T.);
#7199=ORIENTED_EDGE('',*,*,#5396,.F.);
#7200=ORIENTED_EDGE('',*,*,#5414,.F.);
#7201=ORIENTED_EDGE('',*,*,#5415,.F.);
#7202=ORIENTED_EDGE('',*,*,#5395,.F.);
#7203=ORIENTED_EDGE('',*,*,#5401,.T.);
#7204=ORIENTED_EDGE('',*,*,#5416,.T.);
#7205=ORIENTED_EDGE('',*,*,#5414,.T.);
#7206=ORIENTED_EDGE('',*,*,#5411,.T.);
#7207=ORIENTED_EDGE('',*,*,#5413,.T.);
#7208=ORIENTED_EDGE('',*,*,#5415,.T.);
#7209=ORIENTED_EDGE('',*,*,#5416,.F.);
#7210=ORIENTED_EDGE('',*,*,#5403,.T.);
#7211=ORIENTED_EDGE('',*,*,#5405,.T.);
#7212=ORIENTED_EDGE('',*,*,#5407,.T.);
#7213=ORIENTED_EDGE('',*,*,#5409,.T.);
#7214=ORIENTED_EDGE('',*,*,#5417,.T.);
#7215=ORIENTED_EDGE('',*,*,#5418,.T.);
#7216=ORIENTED_EDGE('',*,*,#5419,.T.);
#7217=ORIENTED_EDGE('',*,*,#5420,.T.);
#7218=ORIENTED_EDGE('',*,*,#5421,.T.);
#7219=ORIENTED_EDGE('',*,*,#5422,.T.);
#7220=ORIENTED_EDGE('',*,*,#5423,.T.);
#7221=ORIENTED_EDGE('',*,*,#5424,.T.);
#7222=ORIENTED_EDGE('',*,*,#5425,.F.);
#7223=ORIENTED_EDGE('',*,*,#5426,.F.);
#7224=ORIENTED_EDGE('',*,*,#5427,.F.);
#7225=ORIENTED_EDGE('',*,*,#5418,.F.);
#7226=ORIENTED_EDGE('',*,*,#5428,.F.);
#7227=ORIENTED_EDGE('',*,*,#5429,.F.);
#7228=ORIENTED_EDGE('',*,*,#5425,.T.);
#7229=ORIENTED_EDGE('',*,*,#5417,.F.);
#7230=ORIENTED_EDGE('',*,*,#5430,.F.);
#7231=ORIENTED_EDGE('',*,*,#5431,.F.);
#7232=ORIENTED_EDGE('',*,*,#5428,.T.);
#7233=ORIENTED_EDGE('',*,*,#5424,.F.);
#7234=ORIENTED_EDGE('',*,*,#5432,.F.);
#7235=ORIENTED_EDGE('',*,*,#5433,.F.);
#7236=ORIENTED_EDGE('',*,*,#5430,.T.);
#7237=ORIENTED_EDGE('',*,*,#5423,.F.);
#7238=ORIENTED_EDGE('',*,*,#5434,.F.);
#7239=ORIENTED_EDGE('',*,*,#5435,.F.);
#7240=ORIENTED_EDGE('',*,*,#5432,.T.);
#7241=ORIENTED_EDGE('',*,*,#5422,.F.);
#7242=ORIENTED_EDGE('',*,*,#5436,.F.);
#7243=ORIENTED_EDGE('',*,*,#5437,.F.);
#7244=ORIENTED_EDGE('',*,*,#5434,.T.);
#7245=ORIENTED_EDGE('',*,*,#5421,.F.);
#7246=ORIENTED_EDGE('',*,*,#5438,.T.);
#7247=ORIENTED_EDGE('',*,*,#5436,.T.);
#7248=ORIENTED_EDGE('',*,*,#5420,.F.);
#7249=ORIENTED_EDGE('',*,*,#5439,.T.);
#7250=ORIENTED_EDGE('',*,*,#5427,.T.);
#7251=ORIENTED_EDGE('',*,*,#5440,.F.);
#7252=ORIENTED_EDGE('',*,*,#5439,.F.);
#7253=ORIENTED_EDGE('',*,*,#5419,.F.);
#7254=ORIENTED_EDGE('',*,*,#5440,.T.);
#7255=ORIENTED_EDGE('',*,*,#5426,.T.);
#7256=ORIENTED_EDGE('',*,*,#5429,.T.);
#7257=ORIENTED_EDGE('',*,*,#5431,.T.);
#7258=ORIENTED_EDGE('',*,*,#5433,.T.);
#7259=ORIENTED_EDGE('',*,*,#5435,.T.);
#7260=ORIENTED_EDGE('',*,*,#5437,.T.);
#7261=ORIENTED_EDGE('',*,*,#5438,.F.);
#7262=ORIENTED_EDGE('',*,*,#5441,.T.);
#7263=ORIENTED_EDGE('',*,*,#5442,.T.);
#7264=ORIENTED_EDGE('',*,*,#5443,.T.);
#7265=ORIENTED_EDGE('',*,*,#5444,.T.);
#7266=ORIENTED_EDGE('',*,*,#5445,.T.);
#7267=ORIENTED_EDGE('',*,*,#5446,.T.);
#7268=ORIENTED_EDGE('',*,*,#5447,.T.);
#7269=ORIENTED_EDGE('',*,*,#5448,.T.);
#7270=ORIENTED_EDGE('',*,*,#5449,.F.);
#7271=ORIENTED_EDGE('',*,*,#5450,.F.);
#7272=ORIENTED_EDGE('',*,*,#5451,.F.);
#7273=ORIENTED_EDGE('',*,*,#5442,.F.);
#7274=ORIENTED_EDGE('',*,*,#5452,.F.);
#7275=ORIENTED_EDGE('',*,*,#5453,.F.);
#7276=ORIENTED_EDGE('',*,*,#5449,.T.);
#7277=ORIENTED_EDGE('',*,*,#5441,.F.);
#7278=ORIENTED_EDGE('',*,*,#5454,.F.);
#7279=ORIENTED_EDGE('',*,*,#5455,.F.);
#7280=ORIENTED_EDGE('',*,*,#5452,.T.);
#7281=ORIENTED_EDGE('',*,*,#5448,.F.);
#7282=ORIENTED_EDGE('',*,*,#5456,.F.);
#7283=ORIENTED_EDGE('',*,*,#5457,.F.);
#7284=ORIENTED_EDGE('',*,*,#5454,.T.);
#7285=ORIENTED_EDGE('',*,*,#5447,.F.);
#7286=ORIENTED_EDGE('',*,*,#5458,.F.);
#7287=ORIENTED_EDGE('',*,*,#5459,.F.);
#7288=ORIENTED_EDGE('',*,*,#5456,.T.);
#7289=ORIENTED_EDGE('',*,*,#5446,.F.);
#7290=ORIENTED_EDGE('',*,*,#5460,.F.);
#7291=ORIENTED_EDGE('',*,*,#5461,.F.);
#7292=ORIENTED_EDGE('',*,*,#5458,.T.);
#7293=ORIENTED_EDGE('',*,*,#5445,.F.);
#7294=ORIENTED_EDGE('',*,*,#5462,.T.);
#7295=ORIENTED_EDGE('',*,*,#5460,.T.);
#7296=ORIENTED_EDGE('',*,*,#5444,.F.);
#7297=ORIENTED_EDGE('',*,*,#5463,.T.);
#7298=ORIENTED_EDGE('',*,*,#5451,.T.);
#7299=ORIENTED_EDGE('',*,*,#5464,.F.);
#7300=ORIENTED_EDGE('',*,*,#5463,.F.);
#7301=ORIENTED_EDGE('',*,*,#5443,.F.);
#7302=ORIENTED_EDGE('',*,*,#5459,.T.);
#7303=ORIENTED_EDGE('',*,*,#5461,.T.);
#7304=ORIENTED_EDGE('',*,*,#5462,.F.);
#7305=ORIENTED_EDGE('',*,*,#5464,.T.);
#7306=ORIENTED_EDGE('',*,*,#5450,.T.);
#7307=ORIENTED_EDGE('',*,*,#5453,.T.);
#7308=ORIENTED_EDGE('',*,*,#5455,.T.);
#7309=ORIENTED_EDGE('',*,*,#5457,.T.);
#7310=ORIENTED_EDGE('',*,*,#5465,.F.);
#7311=ORIENTED_EDGE('',*,*,#5466,.F.);
#7312=ORIENTED_EDGE('',*,*,#5467,.F.);
#7313=ORIENTED_EDGE('',*,*,#5468,.F.);
#7314=ORIENTED_EDGE('',*,*,#5469,.F.);
#7315=ORIENTED_EDGE('',*,*,#5470,.F.);
#7316=ORIENTED_EDGE('',*,*,#5471,.F.);
#7317=ORIENTED_EDGE('',*,*,#5472,.F.);
#7318=ORIENTED_EDGE('',*,*,#5472,.T.);
#7319=ORIENTED_EDGE('',*,*,#5473,.T.);
#7320=ORIENTED_EDGE('',*,*,#5474,.T.);
#7321=ORIENTED_EDGE('',*,*,#5475,.T.);
#7322=ORIENTED_EDGE('',*,*,#5476,.F.);
#7323=ORIENTED_EDGE('',*,*,#5465,.T.);
#7324=ORIENTED_EDGE('',*,*,#5475,.F.);
#7325=ORIENTED_EDGE('',*,*,#5477,.F.);
#7326=ORIENTED_EDGE('',*,*,#5478,.F.);
#7327=ORIENTED_EDGE('',*,*,#5466,.T.);
#7328=ORIENTED_EDGE('',*,*,#5476,.T.);
#7329=ORIENTED_EDGE('',*,*,#5479,.F.);
#7330=ORIENTED_EDGE('',*,*,#5480,.F.);
#7331=ORIENTED_EDGE('',*,*,#5467,.T.);
#7332=ORIENTED_EDGE('',*,*,#5478,.T.);
#7333=ORIENTED_EDGE('',*,*,#5481,.F.);
#7334=ORIENTED_EDGE('',*,*,#5482,.F.);
#7335=ORIENTED_EDGE('',*,*,#5468,.T.);
#7336=ORIENTED_EDGE('',*,*,#5480,.T.);
#7337=ORIENTED_EDGE('',*,*,#5483,.F.);
#7338=ORIENTED_EDGE('',*,*,#5484,.F.);
#7339=ORIENTED_EDGE('',*,*,#5469,.T.);
#7340=ORIENTED_EDGE('',*,*,#5482,.T.);
#7341=ORIENTED_EDGE('',*,*,#5485,.F.);
#7342=ORIENTED_EDGE('',*,*,#5486,.F.);
#7343=ORIENTED_EDGE('',*,*,#5470,.T.);
#7344=ORIENTED_EDGE('',*,*,#5484,.T.);
#7345=ORIENTED_EDGE('',*,*,#5487,.F.);
#7346=ORIENTED_EDGE('',*,*,#5473,.F.);
#7347=ORIENTED_EDGE('',*,*,#5471,.T.);
#7348=ORIENTED_EDGE('',*,*,#5486,.T.);
#7349=ORIENTED_EDGE('',*,*,#5488,.F.);
#7350=ORIENTED_EDGE('',*,*,#5481,.T.);
#7351=ORIENTED_EDGE('',*,*,#5479,.T.);
#7352=ORIENTED_EDGE('',*,*,#5477,.T.);
#7353=ORIENTED_EDGE('',*,*,#5474,.F.);
#7354=ORIENTED_EDGE('',*,*,#5488,.T.);
#7355=ORIENTED_EDGE('',*,*,#5487,.T.);
#7356=ORIENTED_EDGE('',*,*,#5485,.T.);
#7357=ORIENTED_EDGE('',*,*,#5483,.T.);
#7358=ORIENTED_EDGE('',*,*,#5489,.T.);
#7359=ORIENTED_EDGE('',*,*,#5490,.T.);
#7360=ORIENTED_EDGE('',*,*,#5491,.F.);
#7361=ORIENTED_EDGE('',*,*,#5490,.F.);
#7362=ORIENTED_EDGE('',*,*,#5492,.T.);
#7363=ORIENTED_EDGE('',*,*,#5493,.F.);
#7364=ORIENTED_EDGE('',*,*,#5494,.T.);
#7365=ORIENTED_EDGE('',*,*,#5495,.T.);
#7366=ORIENTED_EDGE('',*,*,#5496,.F.);
#7367=ORIENTED_EDGE('',*,*,#5497,.F.);
#7368=ORIENTED_EDGE('',*,*,#5498,.T.);
#7369=ORIENTED_EDGE('',*,*,#5499,.F.);
#7370=ORIENTED_EDGE('',*,*,#5500,.F.);
#7371=ORIENTED_EDGE('',*,*,#5501,.F.);
#7372=ORIENTED_EDGE('',*,*,#5502,.T.);
#7373=ORIENTED_EDGE('',*,*,#5503,.F.);
#7374=ORIENTED_EDGE('',*,*,#5504,.F.);
#7375=ORIENTED_EDGE('',*,*,#5505,.F.);
#7376=ORIENTED_EDGE('',*,*,#5506,.T.);
#7377=ORIENTED_EDGE('',*,*,#5507,.F.);
#7378=ORIENTED_EDGE('',*,*,#5508,.F.);
#7379=ORIENTED_EDGE('',*,*,#5509,.F.);
#7380=ORIENTED_EDGE('',*,*,#5510,.T.);
#7381=ORIENTED_EDGE('',*,*,#5511,.F.);
#7382=ORIENTED_EDGE('',*,*,#5512,.F.);
#7383=ORIENTED_EDGE('',*,*,#5513,.F.);
#7384=ORIENTED_EDGE('',*,*,#5514,.T.);
#7385=ORIENTED_EDGE('',*,*,#5515,.F.);
#7386=ORIENTED_EDGE('',*,*,#5516,.F.);
#7387=ORIENTED_EDGE('',*,*,#5517,.F.);
#7388=ORIENTED_EDGE('',*,*,#5518,.T.);
#7389=ORIENTED_EDGE('',*,*,#5519,.T.);
#7390=ORIENTED_EDGE('',*,*,#5520,.T.);
#7391=ORIENTED_EDGE('',*,*,#5521,.T.);
#7392=ORIENTED_EDGE('',*,*,#5522,.T.);
#7393=ORIENTED_EDGE('',*,*,#5523,.T.);
#7394=ORIENTED_EDGE('',*,*,#5489,.F.);
#7395=ORIENTED_EDGE('',*,*,#5524,.F.);
#7396=ORIENTED_EDGE('',*,*,#5525,.T.);
#7397=ORIENTED_EDGE('',*,*,#5526,.T.);
#7398=ORIENTED_EDGE('',*,*,#5527,.T.);
#7399=ORIENTED_EDGE('',*,*,#5528,.F.);
#7400=ORIENTED_EDGE('',*,*,#5529,.F.);
#7401=ORIENTED_EDGE('',*,*,#5530,.F.);
#7402=ORIENTED_EDGE('',*,*,#5531,.F.);
#7403=ORIENTED_EDGE('',*,*,#5532,.F.);
#7404=ORIENTED_EDGE('',*,*,#5533,.F.);
#7405=ORIENTED_EDGE('',*,*,#5534,.F.);
#7406=ORIENTED_EDGE('',*,*,#5535,.F.);
#7407=ORIENTED_EDGE('',*,*,#5536,.F.);
#7408=ORIENTED_EDGE('',*,*,#5537,.F.);
#7409=ORIENTED_EDGE('',*,*,#5538,.F.);
#7410=ORIENTED_EDGE('',*,*,#5539,.F.);
#7411=ORIENTED_EDGE('',*,*,#5540,.F.);
#7412=ORIENTED_EDGE('',*,*,#5541,.F.);
#7413=ORIENTED_EDGE('',*,*,#5542,.F.);
#7414=ORIENTED_EDGE('',*,*,#5543,.F.);
#7415=ORIENTED_EDGE('',*,*,#5544,.F.);
#7416=ORIENTED_EDGE('',*,*,#5545,.F.);
#7417=ORIENTED_EDGE('',*,*,#5546,.F.);
#7418=ORIENTED_EDGE('',*,*,#5547,.F.);
#7419=ORIENTED_EDGE('',*,*,#5548,.F.);
#7420=ORIENTED_EDGE('',*,*,#5549,.F.);
#7421=ORIENTED_EDGE('',*,*,#5550,.F.);
#7422=ORIENTED_EDGE('',*,*,#5551,.F.);
#7423=ORIENTED_EDGE('',*,*,#5552,.F.);
#7424=ORIENTED_EDGE('',*,*,#5553,.F.);
#7425=ORIENTED_EDGE('',*,*,#5554,.F.);
#7426=ORIENTED_EDGE('',*,*,#5555,.F.);
#7427=ORIENTED_EDGE('',*,*,#5556,.F.);
#7428=ORIENTED_EDGE('',*,*,#5557,.T.);
#7429=ORIENTED_EDGE('',*,*,#5558,.T.);
#7430=ORIENTED_EDGE('',*,*,#5559,.T.);
#7431=ORIENTED_EDGE('',*,*,#5560,.F.);
#7432=ORIENTED_EDGE('',*,*,#5561,.F.);
#7433=ORIENTED_EDGE('',*,*,#5562,.F.);
#7434=ORIENTED_EDGE('',*,*,#5563,.F.);
#7435=ORIENTED_EDGE('',*,*,#5564,.F.);
#7436=ORIENTED_EDGE('',*,*,#5565,.F.);
#7437=ORIENTED_EDGE('',*,*,#5566,.F.);
#7438=ORIENTED_EDGE('',*,*,#5567,.F.);
#7439=ORIENTED_EDGE('',*,*,#5568,.F.);
#7440=ORIENTED_EDGE('',*,*,#5569,.F.);
#7441=ORIENTED_EDGE('',*,*,#5570,.F.);
#7442=ORIENTED_EDGE('',*,*,#5571,.F.);
#7443=ORIENTED_EDGE('',*,*,#5572,.F.);
#7444=ORIENTED_EDGE('',*,*,#5573,.F.);
#7445=ORIENTED_EDGE('',*,*,#5574,.F.);
#7446=ORIENTED_EDGE('',*,*,#5575,.F.);
#7447=ORIENTED_EDGE('',*,*,#5576,.F.);
#7448=ORIENTED_EDGE('',*,*,#5577,.F.);
#7449=ORIENTED_EDGE('',*,*,#5578,.F.);
#7450=ORIENTED_EDGE('',*,*,#5579,.F.);
#7451=ORIENTED_EDGE('',*,*,#5580,.F.);
#7452=ORIENTED_EDGE('',*,*,#5581,.F.);
#7453=ORIENTED_EDGE('',*,*,#5582,.F.);
#7454=ORIENTED_EDGE('',*,*,#5583,.F.);
#7455=ORIENTED_EDGE('',*,*,#5584,.F.);
#7456=ORIENTED_EDGE('',*,*,#5585,.F.);
#7457=ORIENTED_EDGE('',*,*,#5586,.F.);
#7458=ORIENTED_EDGE('',*,*,#5587,.F.);
#7459=ORIENTED_EDGE('',*,*,#5588,.T.);
#7460=ORIENTED_EDGE('',*,*,#5589,.T.);
#7461=ORIENTED_EDGE('',*,*,#5590,.F.);
#7462=ORIENTED_EDGE('',*,*,#5591,.F.);
#7463=ORIENTED_EDGE('',*,*,#5592,.F.);
#7464=ORIENTED_EDGE('',*,*,#5593,.F.);
#7465=ORIENTED_EDGE('',*,*,#5594,.F.);
#7466=ORIENTED_EDGE('',*,*,#5595,.F.);
#7467=ORIENTED_EDGE('',*,*,#5596,.F.);
#7468=ORIENTED_EDGE('',*,*,#5597,.F.);
#7469=ORIENTED_EDGE('',*,*,#5598,.F.);
#7470=ORIENTED_EDGE('',*,*,#5599,.F.);
#7471=ORIENTED_EDGE('',*,*,#5600,.F.);
#7472=ORIENTED_EDGE('',*,*,#5601,.F.);
#7473=ORIENTED_EDGE('',*,*,#5602,.F.);
#7474=ORIENTED_EDGE('',*,*,#5603,.F.);
#7475=ORIENTED_EDGE('',*,*,#5604,.F.);
#7476=ORIENTED_EDGE('',*,*,#5605,.F.);
#7477=ORIENTED_EDGE('',*,*,#5606,.F.);
#7478=ORIENTED_EDGE('',*,*,#5607,.F.);
#7479=ORIENTED_EDGE('',*,*,#5608,.F.);
#7480=ORIENTED_EDGE('',*,*,#5609,.F.);
#7481=ORIENTED_EDGE('',*,*,#5610,.F.);
#7482=ORIENTED_EDGE('',*,*,#5611,.F.);
#7483=ORIENTED_EDGE('',*,*,#5612,.F.);
#7484=ORIENTED_EDGE('',*,*,#5613,.F.);
#7485=ORIENTED_EDGE('',*,*,#5614,.F.);
#7486=ORIENTED_EDGE('',*,*,#5615,.F.);
#7487=ORIENTED_EDGE('',*,*,#5616,.F.);
#7488=ORIENTED_EDGE('',*,*,#5617,.F.);
#7489=ORIENTED_EDGE('',*,*,#5618,.F.);
#7490=ORIENTED_EDGE('',*,*,#5619,.T.);
#7491=ORIENTED_EDGE('',*,*,#5620,.F.);
#7492=ORIENTED_EDGE('',*,*,#5621,.T.);
#7493=ORIENTED_EDGE('',*,*,#5622,.T.);
#7494=ORIENTED_EDGE('',*,*,#5623,.T.);
#7495=ORIENTED_EDGE('',*,*,#5624,.F.);
#7496=ORIENTED_EDGE('',*,*,#5625,.F.);
#7497=ORIENTED_EDGE('',*,*,#5626,.F.);
#7498=ORIENTED_EDGE('',*,*,#5627,.F.);
#7499=ORIENTED_EDGE('',*,*,#5628,.F.);
#7500=ORIENTED_EDGE('',*,*,#5629,.F.);
#7501=ORIENTED_EDGE('',*,*,#5630,.F.);
#7502=ORIENTED_EDGE('',*,*,#5631,.F.);
#7503=ORIENTED_EDGE('',*,*,#5632,.F.);
#7504=ORIENTED_EDGE('',*,*,#5633,.F.);
#7505=ORIENTED_EDGE('',*,*,#5634,.F.);
#7506=ORIENTED_EDGE('',*,*,#5635,.F.);
#7507=ORIENTED_EDGE('',*,*,#5636,.F.);
#7508=ORIENTED_EDGE('',*,*,#5637,.F.);
#7509=ORIENTED_EDGE('',*,*,#5638,.F.);
#7510=ORIENTED_EDGE('',*,*,#5639,.F.);
#7511=ORIENTED_EDGE('',*,*,#5640,.F.);
#7512=ORIENTED_EDGE('',*,*,#5641,.F.);
#7513=ORIENTED_EDGE('',*,*,#5642,.F.);
#7514=ORIENTED_EDGE('',*,*,#5643,.F.);
#7515=ORIENTED_EDGE('',*,*,#5644,.F.);
#7516=ORIENTED_EDGE('',*,*,#5645,.F.);
#7517=ORIENTED_EDGE('',*,*,#5646,.F.);
#7518=ORIENTED_EDGE('',*,*,#5647,.F.);
#7519=ORIENTED_EDGE('',*,*,#5648,.F.);
#7520=ORIENTED_EDGE('',*,*,#5649,.F.);
#7521=ORIENTED_EDGE('',*,*,#5650,.F.);
#7522=ORIENTED_EDGE('',*,*,#5651,.F.);
#7523=ORIENTED_EDGE('',*,*,#5590,.T.);
#7524=ORIENTED_EDGE('',*,*,#5652,.T.);
#7525=ORIENTED_EDGE('',*,*,#5620,.T.);
#7526=ORIENTED_EDGE('',*,*,#5653,.F.);
#7527=ORIENTED_EDGE('',*,*,#5654,.F.);
#7528=ORIENTED_EDGE('',*,*,#5655,.F.);
#7529=ORIENTED_EDGE('',*,*,#5656,.F.);
#7530=ORIENTED_EDGE('',*,*,#5657,.F.);
#7531=ORIENTED_EDGE('',*,*,#5658,.F.);
#7532=ORIENTED_EDGE('',*,*,#5659,.F.);
#7533=ORIENTED_EDGE('',*,*,#5648,.T.);
#7534=ORIENTED_EDGE('',*,*,#5660,.F.);
#7535=ORIENTED_EDGE('',*,*,#5661,.F.);
#7536=ORIENTED_EDGE('',*,*,#5662,.F.);
#7537=ORIENTED_EDGE('',*,*,#5663,.F.);
#7538=ORIENTED_EDGE('',*,*,#5664,.F.);
#7539=ORIENTED_EDGE('',*,*,#5665,.F.);
#7540=ORIENTED_EDGE('',*,*,#5666,.F.);
#7541=ORIENTED_EDGE('',*,*,#5644,.T.);
#7542=ORIENTED_EDGE('',*,*,#5667,.F.);
#7543=ORIENTED_EDGE('',*,*,#5668,.F.);
#7544=ORIENTED_EDGE('',*,*,#5669,.F.);
#7545=ORIENTED_EDGE('',*,*,#5670,.F.);
#7546=ORIENTED_EDGE('',*,*,#5671,.F.);
#7547=ORIENTED_EDGE('',*,*,#5672,.F.);
#7548=ORIENTED_EDGE('',*,*,#5673,.F.);
#7549=ORIENTED_EDGE('',*,*,#5640,.T.);
#7550=ORIENTED_EDGE('',*,*,#5674,.F.);
#7551=ORIENTED_EDGE('',*,*,#5675,.F.);
#7552=ORIENTED_EDGE('',*,*,#5676,.F.);
#7553=ORIENTED_EDGE('',*,*,#5677,.F.);
#7554=ORIENTED_EDGE('',*,*,#5678,.F.);
#7555=ORIENTED_EDGE('',*,*,#5679,.F.);
#7556=ORIENTED_EDGE('',*,*,#5680,.F.);
#7557=ORIENTED_EDGE('',*,*,#5636,.T.);
#7558=ORIENTED_EDGE('',*,*,#5681,.F.);
#7559=ORIENTED_EDGE('',*,*,#5682,.F.);
#7560=ORIENTED_EDGE('',*,*,#5683,.F.);
#7561=ORIENTED_EDGE('',*,*,#5684,.F.);
#7562=ORIENTED_EDGE('',*,*,#5685,.F.);
#7563=ORIENTED_EDGE('',*,*,#5686,.F.);
#7564=ORIENTED_EDGE('',*,*,#5687,.F.);
#7565=ORIENTED_EDGE('',*,*,#5632,.T.);
#7566=ORIENTED_EDGE('',*,*,#5688,.F.);
#7567=ORIENTED_EDGE('',*,*,#5689,.F.);
#7568=ORIENTED_EDGE('',*,*,#5690,.F.);
#7569=ORIENTED_EDGE('',*,*,#5691,.F.);
#7570=ORIENTED_EDGE('',*,*,#5692,.F.);
#7571=ORIENTED_EDGE('',*,*,#5693,.F.);
#7572=ORIENTED_EDGE('',*,*,#5694,.F.);
#7573=ORIENTED_EDGE('',*,*,#5628,.T.);
#7574=ORIENTED_EDGE('',*,*,#5695,.F.);
#7575=ORIENTED_EDGE('',*,*,#5696,.F.);
#7576=ORIENTED_EDGE('',*,*,#5697,.F.);
#7577=ORIENTED_EDGE('',*,*,#5698,.F.);
#7578=ORIENTED_EDGE('',*,*,#5699,.F.);
#7579=ORIENTED_EDGE('',*,*,#5700,.F.);
#7580=ORIENTED_EDGE('',*,*,#5701,.F.);
#7581=ORIENTED_EDGE('',*,*,#5624,.T.);
#7582=ORIENTED_EDGE('',*,*,#5702,.T.);
#7583=ORIENTED_EDGE('',*,*,#5524,.T.);
#7584=ORIENTED_EDGE('',*,*,#5703,.F.);
#7585=ORIENTED_EDGE('',*,*,#5704,.F.);
#7586=ORIENTED_EDGE('',*,*,#5705,.F.);
#7587=ORIENTED_EDGE('',*,*,#5706,.F.);
#7588=ORIENTED_EDGE('',*,*,#5707,.F.);
#7589=ORIENTED_EDGE('',*,*,#5708,.F.);
#7590=ORIENTED_EDGE('',*,*,#5709,.F.);
#7591=ORIENTED_EDGE('',*,*,#5552,.T.);
#7592=ORIENTED_EDGE('',*,*,#5710,.F.);
#7593=ORIENTED_EDGE('',*,*,#5711,.F.);
#7594=ORIENTED_EDGE('',*,*,#5712,.F.);
#7595=ORIENTED_EDGE('',*,*,#5713,.F.);
#7596=ORIENTED_EDGE('',*,*,#5714,.F.);
#7597=ORIENTED_EDGE('',*,*,#5715,.F.);
#7598=ORIENTED_EDGE('',*,*,#5716,.F.);
#7599=ORIENTED_EDGE('',*,*,#5548,.T.);
#7600=ORIENTED_EDGE('',*,*,#5717,.F.);
#7601=ORIENTED_EDGE('',*,*,#5718,.F.);
#7602=ORIENTED_EDGE('',*,*,#5719,.F.);
#7603=ORIENTED_EDGE('',*,*,#5720,.F.);
#7604=ORIENTED_EDGE('',*,*,#5721,.F.);
#7605=ORIENTED_EDGE('',*,*,#5722,.F.);
#7606=ORIENTED_EDGE('',*,*,#5723,.F.);
#7607=ORIENTED_EDGE('',*,*,#5544,.T.);
#7608=ORIENTED_EDGE('',*,*,#5724,.F.);
#7609=ORIENTED_EDGE('',*,*,#5725,.F.);
#7610=ORIENTED_EDGE('',*,*,#5726,.F.);
#7611=ORIENTED_EDGE('',*,*,#5727,.F.);
#7612=ORIENTED_EDGE('',*,*,#5728,.F.);
#7613=ORIENTED_EDGE('',*,*,#5729,.F.);
#7614=ORIENTED_EDGE('',*,*,#5730,.F.);
#7615=ORIENTED_EDGE('',*,*,#5540,.T.);
#7616=ORIENTED_EDGE('',*,*,#5731,.F.);
#7617=ORIENTED_EDGE('',*,*,#5732,.F.);
#7618=ORIENTED_EDGE('',*,*,#5733,.F.);
#7619=ORIENTED_EDGE('',*,*,#5734,.F.);
#7620=ORIENTED_EDGE('',*,*,#5735,.F.);
#7621=ORIENTED_EDGE('',*,*,#5736,.F.);
#7622=ORIENTED_EDGE('',*,*,#5737,.F.);
#7623=ORIENTED_EDGE('',*,*,#5536,.T.);
#7624=ORIENTED_EDGE('',*,*,#5738,.F.);
#7625=ORIENTED_EDGE('',*,*,#5739,.F.);
#7626=ORIENTED_EDGE('',*,*,#5740,.F.);
#7627=ORIENTED_EDGE('',*,*,#5741,.F.);
#7628=ORIENTED_EDGE('',*,*,#5742,.F.);
#7629=ORIENTED_EDGE('',*,*,#5743,.F.);
#7630=ORIENTED_EDGE('',*,*,#5744,.F.);
#7631=ORIENTED_EDGE('',*,*,#5532,.T.);
#7632=ORIENTED_EDGE('',*,*,#5745,.F.);
#7633=ORIENTED_EDGE('',*,*,#5746,.F.);
#7634=ORIENTED_EDGE('',*,*,#5747,.F.);
#7635=ORIENTED_EDGE('',*,*,#5748,.F.);
#7636=ORIENTED_EDGE('',*,*,#5749,.F.);
#7637=ORIENTED_EDGE('',*,*,#5750,.F.);
#7638=ORIENTED_EDGE('',*,*,#5751,.F.);
#7639=ORIENTED_EDGE('',*,*,#5528,.T.);
#7640=ORIENTED_EDGE('',*,*,#5752,.T.);
#7641=ORIENTED_EDGE('',*,*,#5556,.T.);
#7642=ORIENTED_EDGE('',*,*,#5753,.F.);
#7643=ORIENTED_EDGE('',*,*,#5754,.F.);
#7644=ORIENTED_EDGE('',*,*,#5755,.F.);
#7645=ORIENTED_EDGE('',*,*,#5494,.F.);
#7646=ORIENTED_EDGE('',*,*,#5756,.F.);
#7647=ORIENTED_EDGE('',*,*,#5757,.F.);
#7648=ORIENTED_EDGE('',*,*,#5758,.F.);
#7649=ORIENTED_EDGE('',*,*,#5584,.T.);
#7650=ORIENTED_EDGE('',*,*,#5759,.F.);
#7651=ORIENTED_EDGE('',*,*,#5760,.F.);
#7652=ORIENTED_EDGE('',*,*,#5761,.F.);
#7653=ORIENTED_EDGE('',*,*,#5498,.F.);
#7654=ORIENTED_EDGE('',*,*,#5762,.F.);
#7655=ORIENTED_EDGE('',*,*,#5763,.F.);
#7656=ORIENTED_EDGE('',*,*,#5764,.F.);
#7657=ORIENTED_EDGE('',*,*,#5580,.T.);
#7658=ORIENTED_EDGE('',*,*,#5765,.F.);
#7659=ORIENTED_EDGE('',*,*,#5766,.F.);
#7660=ORIENTED_EDGE('',*,*,#5767,.F.);
#7661=ORIENTED_EDGE('',*,*,#5502,.F.);
#7662=ORIENTED_EDGE('',*,*,#5768,.F.);
#7663=ORIENTED_EDGE('',*,*,#5769,.F.);
#7664=ORIENTED_EDGE('',*,*,#5770,.F.);
#7665=ORIENTED_EDGE('',*,*,#5576,.T.);
#7666=ORIENTED_EDGE('',*,*,#5771,.F.);
#7667=ORIENTED_EDGE('',*,*,#5772,.F.);
#7668=ORIENTED_EDGE('',*,*,#5773,.F.);
#7669=ORIENTED_EDGE('',*,*,#5506,.F.);
#7670=ORIENTED_EDGE('',*,*,#5774,.F.);
#7671=ORIENTED_EDGE('',*,*,#5775,.F.);
#7672=ORIENTED_EDGE('',*,*,#5776,.F.);
#7673=ORIENTED_EDGE('',*,*,#5572,.T.);
#7674=ORIENTED_EDGE('',*,*,#5777,.F.);
#7675=ORIENTED_EDGE('',*,*,#5778,.F.);
#7676=ORIENTED_EDGE('',*,*,#5779,.F.);
#7677=ORIENTED_EDGE('',*,*,#5510,.F.);
#7678=ORIENTED_EDGE('',*,*,#5780,.F.);
#7679=ORIENTED_EDGE('',*,*,#5781,.F.);
#7680=ORIENTED_EDGE('',*,*,#5782,.F.);
#7681=ORIENTED_EDGE('',*,*,#5568,.T.);
#7682=ORIENTED_EDGE('',*,*,#5783,.F.);
#7683=ORIENTED_EDGE('',*,*,#5784,.F.);
#7684=ORIENTED_EDGE('',*,*,#5785,.F.);
#7685=ORIENTED_EDGE('',*,*,#5514,.F.);
#7686=ORIENTED_EDGE('',*,*,#5786,.F.);
#7687=ORIENTED_EDGE('',*,*,#5787,.F.);
#7688=ORIENTED_EDGE('',*,*,#5788,.F.);
#7689=ORIENTED_EDGE('',*,*,#5564,.T.);
#7690=ORIENTED_EDGE('',*,*,#5789,.F.);
#7691=ORIENTED_EDGE('',*,*,#5790,.F.);
#7692=ORIENTED_EDGE('',*,*,#5791,.F.);
#7693=ORIENTED_EDGE('',*,*,#5518,.F.);
#7694=ORIENTED_EDGE('',*,*,#5792,.F.);
#7695=ORIENTED_EDGE('',*,*,#5793,.F.);
#7696=ORIENTED_EDGE('',*,*,#5794,.F.);
#7697=ORIENTED_EDGE('',*,*,#5560,.T.);
#7698=ORIENTED_EDGE('',*,*,#5795,.T.);
#7699=ORIENTED_EDGE('',*,*,#5618,.T.);
#7700=ORIENTED_EDGE('',*,*,#5796,.F.);
#7701=ORIENTED_EDGE('',*,*,#5797,.F.);
#7702=ORIENTED_EDGE('',*,*,#5798,.F.);
#7703=ORIENTED_EDGE('',*,*,#5799,.F.);
#7704=ORIENTED_EDGE('',*,*,#5800,.F.);
#7705=ORIENTED_EDGE('',*,*,#5801,.F.);
#7706=ORIENTED_EDGE('',*,*,#5802,.F.);
#7707=ORIENTED_EDGE('',*,*,#5614,.T.);
#7708=ORIENTED_EDGE('',*,*,#5803,.F.);
#7709=ORIENTED_EDGE('',*,*,#5804,.F.);
#7710=ORIENTED_EDGE('',*,*,#5805,.F.);
#7711=ORIENTED_EDGE('',*,*,#5806,.F.);
#7712=ORIENTED_EDGE('',*,*,#5807,.F.);
#7713=ORIENTED_EDGE('',*,*,#5808,.F.);
#7714=ORIENTED_EDGE('',*,*,#5809,.F.);
#7715=ORIENTED_EDGE('',*,*,#5610,.T.);
#7716=ORIENTED_EDGE('',*,*,#5810,.F.);
#7717=ORIENTED_EDGE('',*,*,#5811,.F.);
#7718=ORIENTED_EDGE('',*,*,#5812,.F.);
#7719=ORIENTED_EDGE('',*,*,#5813,.F.);
#7720=ORIENTED_EDGE('',*,*,#5814,.F.);
#7721=ORIENTED_EDGE('',*,*,#5815,.F.);
#7722=ORIENTED_EDGE('',*,*,#5816,.F.);
#7723=ORIENTED_EDGE('',*,*,#5606,.T.);
#7724=ORIENTED_EDGE('',*,*,#5817,.F.);
#7725=ORIENTED_EDGE('',*,*,#5818,.F.);
#7726=ORIENTED_EDGE('',*,*,#5819,.F.);
#7727=ORIENTED_EDGE('',*,*,#5820,.F.);
#7728=ORIENTED_EDGE('',*,*,#5821,.F.);
#7729=ORIENTED_EDGE('',*,*,#5822,.F.);
#7730=ORIENTED_EDGE('',*,*,#5823,.F.);
#7731=ORIENTED_EDGE('',*,*,#5602,.T.);
#7732=ORIENTED_EDGE('',*,*,#5824,.F.);
#7733=ORIENTED_EDGE('',*,*,#5825,.F.);
#7734=ORIENTED_EDGE('',*,*,#5826,.F.);
#7735=ORIENTED_EDGE('',*,*,#5827,.F.);
#7736=ORIENTED_EDGE('',*,*,#5828,.F.);
#7737=ORIENTED_EDGE('',*,*,#5829,.F.);
#7738=ORIENTED_EDGE('',*,*,#5830,.F.);
#7739=ORIENTED_EDGE('',*,*,#5598,.T.);
#7740=ORIENTED_EDGE('',*,*,#5831,.F.);
#7741=ORIENTED_EDGE('',*,*,#5832,.F.);
#7742=ORIENTED_EDGE('',*,*,#5833,.F.);
#7743=ORIENTED_EDGE('',*,*,#5834,.F.);
#7744=ORIENTED_EDGE('',*,*,#5835,.F.);
#7745=ORIENTED_EDGE('',*,*,#5836,.F.);
#7746=ORIENTED_EDGE('',*,*,#5837,.F.);
#7747=ORIENTED_EDGE('',*,*,#5594,.T.);
#7748=ORIENTED_EDGE('',*,*,#5838,.F.);
#7749=ORIENTED_EDGE('',*,*,#5839,.F.);
#7750=ORIENTED_EDGE('',*,*,#5840,.F.);
#7751=ORIENTED_EDGE('',*,*,#5841,.F.);
#7752=ORIENTED_EDGE('',*,*,#5842,.F.);
#7753=ORIENTED_EDGE('',*,*,#5843,.F.);
#7754=ORIENTED_EDGE('',*,*,#5844,.F.);
#7755=ORIENTED_EDGE('',*,*,#5845,.F.);
#7756=ORIENTED_EDGE('',*,*,#5846,.F.);
#7757=ORIENTED_EDGE('',*,*,#5847,.F.);
#7758=ORIENTED_EDGE('',*,*,#5529,.T.);
#7759=ORIENTED_EDGE('',*,*,#5751,.T.);
#7760=ORIENTED_EDGE('',*,*,#5848,.T.);
#7761=ORIENTED_EDGE('',*,*,#5530,.T.);
#7762=ORIENTED_EDGE('',*,*,#5847,.T.);
#7763=ORIENTED_EDGE('',*,*,#5849,.T.);
#7764=ORIENTED_EDGE('',*,*,#5850,.T.);
#7765=ORIENTED_EDGE('',*,*,#5851,.T.);
#7766=ORIENTED_EDGE('',*,*,#5852,.T.);
#7767=ORIENTED_EDGE('',*,*,#5853,.T.);
#7768=ORIENTED_EDGE('',*,*,#5531,.T.);
#7769=ORIENTED_EDGE('',*,*,#5848,.F.);
#7770=ORIENTED_EDGE('',*,*,#5854,.F.);
#7771=ORIENTED_EDGE('',*,*,#5745,.T.);
#7772=ORIENTED_EDGE('',*,*,#5855,.T.);
#7773=ORIENTED_EDGE('',*,*,#5533,.T.);
#7774=ORIENTED_EDGE('',*,*,#5744,.T.);
#7775=ORIENTED_EDGE('',*,*,#5856,.T.);
#7776=ORIENTED_EDGE('',*,*,#5857,.F.);
#7777=ORIENTED_EDGE('',*,*,#5858,.F.);
#7778=ORIENTED_EDGE('',*,*,#5534,.T.);
#7779=ORIENTED_EDGE('',*,*,#5855,.F.);
#7780=ORIENTED_EDGE('',*,*,#5859,.F.);
#7781=ORIENTED_EDGE('',*,*,#5860,.F.);
#7782=ORIENTED_EDGE('',*,*,#5861,.F.);
#7783=ORIENTED_EDGE('',*,*,#5862,.F.);
#7784=ORIENTED_EDGE('',*,*,#5858,.T.);
#7785=ORIENTED_EDGE('',*,*,#5863,.T.);
#7786=ORIENTED_EDGE('',*,*,#5738,.T.);
#7787=ORIENTED_EDGE('',*,*,#5535,.T.);
#7788=ORIENTED_EDGE('',*,*,#5864,.T.);
#7789=ORIENTED_EDGE('',*,*,#5537,.T.);
#7790=ORIENTED_EDGE('',*,*,#5737,.T.);
#7791=ORIENTED_EDGE('',*,*,#5865,.T.);
#7792=ORIENTED_EDGE('',*,*,#5866,.F.);
#7793=ORIENTED_EDGE('',*,*,#5867,.F.);
#7794=ORIENTED_EDGE('',*,*,#5538,.T.);
#7795=ORIENTED_EDGE('',*,*,#5864,.F.);
#7796=ORIENTED_EDGE('',*,*,#5868,.F.);
#7797=ORIENTED_EDGE('',*,*,#5869,.F.);
#7798=ORIENTED_EDGE('',*,*,#5870,.F.);
#7799=ORIENTED_EDGE('',*,*,#5871,.F.);
#7800=ORIENTED_EDGE('',*,*,#5867,.T.);
#7801=ORIENTED_EDGE('',*,*,#5872,.T.);
#7802=ORIENTED_EDGE('',*,*,#5731,.T.);
#7803=ORIENTED_EDGE('',*,*,#5539,.T.);
#7804=ORIENTED_EDGE('',*,*,#5873,.T.);
#7805=ORIENTED_EDGE('',*,*,#5541,.T.);
#7806=ORIENTED_EDGE('',*,*,#5730,.T.);
#7807=ORIENTED_EDGE('',*,*,#5874,.T.);
#7808=ORIENTED_EDGE('',*,*,#5875,.F.);
#7809=ORIENTED_EDGE('',*,*,#5876,.F.);
#7810=ORIENTED_EDGE('',*,*,#5542,.T.);
#7811=ORIENTED_EDGE('',*,*,#5873,.F.);
#7812=ORIENTED_EDGE('',*,*,#5877,.F.);
#7813=ORIENTED_EDGE('',*,*,#5878,.F.);
#7814=ORIENTED_EDGE('',*,*,#5879,.F.);
#7815=ORIENTED_EDGE('',*,*,#5880,.F.);
#7816=ORIENTED_EDGE('',*,*,#5876,.T.);
#7817=ORIENTED_EDGE('',*,*,#5881,.T.);
#7818=ORIENTED_EDGE('',*,*,#5724,.T.);
#7819=ORIENTED_EDGE('',*,*,#5543,.T.);
#7820=ORIENTED_EDGE('',*,*,#5882,.T.);
#7821=ORIENTED_EDGE('',*,*,#5545,.T.);
#7822=ORIENTED_EDGE('',*,*,#5723,.T.);
#7823=ORIENTED_EDGE('',*,*,#5883,.T.);
#7824=ORIENTED_EDGE('',*,*,#5884,.F.);
#7825=ORIENTED_EDGE('',*,*,#5885,.F.);
#7826=ORIENTED_EDGE('',*,*,#5546,.T.);
#7827=ORIENTED_EDGE('',*,*,#5882,.F.);
#7828=ORIENTED_EDGE('',*,*,#5886,.F.);
#7829=ORIENTED_EDGE('',*,*,#5887,.F.);
#7830=ORIENTED_EDGE('',*,*,#5888,.F.);
#7831=ORIENTED_EDGE('',*,*,#5889,.F.);
#7832=ORIENTED_EDGE('',*,*,#5885,.T.);
#7833=ORIENTED_EDGE('',*,*,#5890,.T.);
#7834=ORIENTED_EDGE('',*,*,#5717,.T.);
#7835=ORIENTED_EDGE('',*,*,#5547,.T.);
#7836=ORIENTED_EDGE('',*,*,#5891,.T.);
#7837=ORIENTED_EDGE('',*,*,#5549,.T.);
#7838=ORIENTED_EDGE('',*,*,#5716,.T.);
#7839=ORIENTED_EDGE('',*,*,#5892,.T.);
#7840=ORIENTED_EDGE('',*,*,#5893,.F.);
#7841=ORIENTED_EDGE('',*,*,#5894,.F.);
#7842=ORIENTED_EDGE('',*,*,#5550,.T.);
#7843=ORIENTED_EDGE('',*,*,#5891,.F.);
#7844=ORIENTED_EDGE('',*,*,#5895,.F.);
#7845=ORIENTED_EDGE('',*,*,#5896,.F.);
#7846=ORIENTED_EDGE('',*,*,#5897,.F.);
#7847=ORIENTED_EDGE('',*,*,#5898,.F.);
#7848=ORIENTED_EDGE('',*,*,#5894,.T.);
#7849=ORIENTED_EDGE('',*,*,#5899,.T.);
#7850=ORIENTED_EDGE('',*,*,#5710,.T.);
#7851=ORIENTED_EDGE('',*,*,#5551,.T.);
#7852=ORIENTED_EDGE('',*,*,#5900,.F.);
#7853=ORIENTED_EDGE('',*,*,#5901,.F.);
#7854=ORIENTED_EDGE('',*,*,#5553,.T.);
#7855=ORIENTED_EDGE('',*,*,#5709,.T.);
#7856=ORIENTED_EDGE('',*,*,#5901,.T.);
#7857=ORIENTED_EDGE('',*,*,#5902,.F.);
#7858=ORIENTED_EDGE('',*,*,#5903,.F.);
#7859=ORIENTED_EDGE('',*,*,#5904,.F.);
#7860=ORIENTED_EDGE('',*,*,#5905,.F.);
#7861=ORIENTED_EDGE('',*,*,#5906,.F.);
#7862=ORIENTED_EDGE('',*,*,#5907,.F.);
#7863=ORIENTED_EDGE('',*,*,#5554,.T.);
#7864=ORIENTED_EDGE('',*,*,#5555,.T.);
#7865=ORIENTED_EDGE('',*,*,#5907,.T.);
#7866=ORIENTED_EDGE('',*,*,#5908,.F.);
#7867=ORIENTED_EDGE('',*,*,#5703,.T.);
#7868=ORIENTED_EDGE('',*,*,#5909,.F.);
#7869=ORIENTED_EDGE('',*,*,#5910,.F.);
#7870=ORIENTED_EDGE('',*,*,#5585,.T.);
#7871=ORIENTED_EDGE('',*,*,#5758,.T.);
#7872=ORIENTED_EDGE('',*,*,#5911,.F.);
#7873=ORIENTED_EDGE('',*,*,#5586,.T.);
#7874=ORIENTED_EDGE('',*,*,#5910,.T.);
#7875=ORIENTED_EDGE('',*,*,#5912,.F.);
#7876=ORIENTED_EDGE('',*,*,#5913,.F.);
#7877=ORIENTED_EDGE('',*,*,#5492,.F.);
#7878=ORIENTED_EDGE('',*,*,#5914,.F.);
#7879=ORIENTED_EDGE('',*,*,#5915,.F.);
#7880=ORIENTED_EDGE('',*,*,#5587,.T.);
#7881=ORIENTED_EDGE('',*,*,#5911,.T.);
#7882=ORIENTED_EDGE('',*,*,#5916,.F.);
#7883=ORIENTED_EDGE('',*,*,#5753,.T.);
#7884=ORIENTED_EDGE('',*,*,#5917,.F.);
#7885=ORIENTED_EDGE('',*,*,#5918,.F.);
#7886=ORIENTED_EDGE('',*,*,#5561,.T.);
#7887=ORIENTED_EDGE('',*,*,#5794,.T.);
#7888=ORIENTED_EDGE('',*,*,#5919,.T.);
#7889=ORIENTED_EDGE('',*,*,#5562,.T.);
#7890=ORIENTED_EDGE('',*,*,#5918,.T.);
#7891=ORIENTED_EDGE('',*,*,#5920,.T.);
#7892=ORIENTED_EDGE('',*,*,#5921,.T.);
#7893=ORIENTED_EDGE('',*,*,#5516,.T.);
#7894=ORIENTED_EDGE('',*,*,#5922,.T.);
#7895=ORIENTED_EDGE('',*,*,#5923,.T.);
#7896=ORIENTED_EDGE('',*,*,#5563,.T.);
#7897=ORIENTED_EDGE('',*,*,#5919,.F.);
#7898=ORIENTED_EDGE('',*,*,#5924,.F.);
#7899=ORIENTED_EDGE('',*,*,#5789,.T.);
#7900=ORIENTED_EDGE('',*,*,#5925,.T.);
#7901=ORIENTED_EDGE('',*,*,#5565,.T.);
#7902=ORIENTED_EDGE('',*,*,#5788,.T.);
#7903=ORIENTED_EDGE('',*,*,#5926,.T.);
#7904=ORIENTED_EDGE('',*,*,#5927,.T.);
#7905=ORIENTED_EDGE('',*,*,#5512,.T.);
#7906=ORIENTED_EDGE('',*,*,#5928,.T.);
#7907=ORIENTED_EDGE('',*,*,#5929,.T.);
#7908=ORIENTED_EDGE('',*,*,#5930,.T.);
#7909=ORIENTED_EDGE('',*,*,#5566,.T.);
#7910=ORIENTED_EDGE('',*,*,#5925,.F.);
#7911=ORIENTED_EDGE('',*,*,#5931,.T.);
#7912=ORIENTED_EDGE('',*,*,#5930,.F.);
#7913=ORIENTED_EDGE('',*,*,#5932,.T.);
#7914=ORIENTED_EDGE('',*,*,#5783,.T.);
#7915=ORIENTED_EDGE('',*,*,#5567,.T.);
#7916=ORIENTED_EDGE('',*,*,#5933,.T.);
#7917=ORIENTED_EDGE('',*,*,#5569,.T.);
#7918=ORIENTED_EDGE('',*,*,#5782,.T.);
#7919=ORIENTED_EDGE('',*,*,#5934,.T.);
#7920=ORIENTED_EDGE('',*,*,#5935,.T.);
#7921=ORIENTED_EDGE('',*,*,#5508,.T.);
#7922=ORIENTED_EDGE('',*,*,#5936,.T.);
#7923=ORIENTED_EDGE('',*,*,#5937,.T.);
#7924=ORIENTED_EDGE('',*,*,#5938,.T.);
#7925=ORIENTED_EDGE('',*,*,#5570,.T.);
#7926=ORIENTED_EDGE('',*,*,#5933,.F.);
#7927=ORIENTED_EDGE('',*,*,#5939,.T.);
#7928=ORIENTED_EDGE('',*,*,#5938,.F.);
#7929=ORIENTED_EDGE('',*,*,#5940,.T.);
#7930=ORIENTED_EDGE('',*,*,#5777,.T.);
#7931=ORIENTED_EDGE('',*,*,#5571,.T.);
#7932=ORIENTED_EDGE('',*,*,#5941,.T.);
#7933=ORIENTED_EDGE('',*,*,#5573,.T.);
#7934=ORIENTED_EDGE('',*,*,#5776,.T.);
#7935=ORIENTED_EDGE('',*,*,#5942,.T.);
#7936=ORIENTED_EDGE('',*,*,#5943,.T.);
#7937=ORIENTED_EDGE('',*,*,#5504,.T.);
#7938=ORIENTED_EDGE('',*,*,#5944,.T.);
#7939=ORIENTED_EDGE('',*,*,#5945,.T.);
#7940=ORIENTED_EDGE('',*,*,#5946,.T.);
#7941=ORIENTED_EDGE('',*,*,#5574,.T.);
#7942=ORIENTED_EDGE('',*,*,#5941,.F.);
#7943=ORIENTED_EDGE('',*,*,#5947,.T.);
#7944=ORIENTED_EDGE('',*,*,#5946,.F.);
#7945=ORIENTED_EDGE('',*,*,#5948,.T.);
#7946=ORIENTED_EDGE('',*,*,#5771,.T.);
#7947=ORIENTED_EDGE('',*,*,#5575,.T.);
#7948=ORIENTED_EDGE('',*,*,#5949,.T.);
#7949=ORIENTED_EDGE('',*,*,#5577,.T.);
#7950=ORIENTED_EDGE('',*,*,#5770,.T.);
#7951=ORIENTED_EDGE('',*,*,#5950,.T.);
#7952=ORIENTED_EDGE('',*,*,#5951,.T.);
#7953=ORIENTED_EDGE('',*,*,#5500,.T.);
#7954=ORIENTED_EDGE('',*,*,#5952,.T.);
#7955=ORIENTED_EDGE('',*,*,#5953,.T.);
#7956=ORIENTED_EDGE('',*,*,#5954,.T.);
#7957=ORIENTED_EDGE('',*,*,#5578,.T.);
#7958=ORIENTED_EDGE('',*,*,#5949,.F.);
#7959=ORIENTED_EDGE('',*,*,#5955,.T.);
#7960=ORIENTED_EDGE('',*,*,#5954,.F.);
#7961=ORIENTED_EDGE('',*,*,#5956,.T.);
#7962=ORIENTED_EDGE('',*,*,#5765,.T.);
#7963=ORIENTED_EDGE('',*,*,#5579,.T.);
#7964=ORIENTED_EDGE('',*,*,#5957,.T.);
#7965=ORIENTED_EDGE('',*,*,#5581,.T.);
#7966=ORIENTED_EDGE('',*,*,#5764,.T.);
#7967=ORIENTED_EDGE('',*,*,#5958,.T.);
#7968=ORIENTED_EDGE('',*,*,#5959,.T.);
#7969=ORIENTED_EDGE('',*,*,#5496,.T.);
#7970=ORIENTED_EDGE('',*,*,#5960,.T.);
#7971=ORIENTED_EDGE('',*,*,#5961,.T.);
#7972=ORIENTED_EDGE('',*,*,#5962,.T.);
#7973=ORIENTED_EDGE('',*,*,#5582,.T.);
#7974=ORIENTED_EDGE('',*,*,#5957,.F.);
#7975=ORIENTED_EDGE('',*,*,#5963,.T.);
#7976=ORIENTED_EDGE('',*,*,#5962,.F.);
#7977=ORIENTED_EDGE('',*,*,#5964,.T.);
#7978=ORIENTED_EDGE('',*,*,#5759,.T.);
#7979=ORIENTED_EDGE('',*,*,#5583,.T.);
#7980=ORIENTED_EDGE('',*,*,#5965,.F.);
#7981=ORIENTED_EDGE('',*,*,#5966,.F.);
#7982=ORIENTED_EDGE('',*,*,#5615,.T.);
#7983=ORIENTED_EDGE('',*,*,#5802,.T.);
#7984=ORIENTED_EDGE('',*,*,#5967,.F.);
#7985=ORIENTED_EDGE('',*,*,#5616,.T.);
#7986=ORIENTED_EDGE('',*,*,#5966,.T.);
#7987=ORIENTED_EDGE('',*,*,#5968,.F.);
#7988=ORIENTED_EDGE('',*,*,#5969,.F.);
#7989=ORIENTED_EDGE('',*,*,#5970,.F.);
#7990=ORIENTED_EDGE('',*,*,#5971,.F.);
#7991=ORIENTED_EDGE('',*,*,#5972,.F.);
#7992=ORIENTED_EDGE('',*,*,#5617,.T.);
#7993=ORIENTED_EDGE('',*,*,#5967,.T.);
#7994=ORIENTED_EDGE('',*,*,#5973,.F.);
#7995=ORIENTED_EDGE('',*,*,#5796,.T.);
#7996=ORIENTED_EDGE('',*,*,#5974,.F.);
#7997=ORIENTED_EDGE('',*,*,#5975,.F.);
#7998=ORIENTED_EDGE('',*,*,#5591,.T.);
#7999=ORIENTED_EDGE('',*,*,#5845,.T.);
#8000=ORIENTED_EDGE('',*,*,#5976,.T.);
#8001=ORIENTED_EDGE('',*,*,#5592,.T.);
#8002=ORIENTED_EDGE('',*,*,#5975,.T.);
#8003=ORIENTED_EDGE('',*,*,#5977,.T.);
#8004=ORIENTED_EDGE('',*,*,#5978,.T.);
#8005=ORIENTED_EDGE('',*,*,#5979,.T.);
#8006=ORIENTED_EDGE('',*,*,#5980,.T.);
#8007=ORIENTED_EDGE('',*,*,#5981,.T.);
#8008=ORIENTED_EDGE('',*,*,#5982,.T.);
#8009=ORIENTED_EDGE('',*,*,#5593,.T.);
#8010=ORIENTED_EDGE('',*,*,#5976,.F.);
#8011=ORIENTED_EDGE('',*,*,#5983,.F.);
#8012=ORIENTED_EDGE('',*,*,#5838,.T.);
#8013=ORIENTED_EDGE('',*,*,#5984,.T.);
#8014=ORIENTED_EDGE('',*,*,#5595,.T.);
#8015=ORIENTED_EDGE('',*,*,#5837,.T.);
#8016=ORIENTED_EDGE('',*,*,#5985,.T.);
#8017=ORIENTED_EDGE('',*,*,#5986,.F.);
#8018=ORIENTED_EDGE('',*,*,#5987,.F.);
#8019=ORIENTED_EDGE('',*,*,#5596,.T.);
#8020=ORIENTED_EDGE('',*,*,#5984,.F.);
#8021=ORIENTED_EDGE('',*,*,#5988,.F.);
#8022=ORIENTED_EDGE('',*,*,#5989,.F.);
#8023=ORIENTED_EDGE('',*,*,#5990,.F.);
#8024=ORIENTED_EDGE('',*,*,#5991,.F.);
#8025=ORIENTED_EDGE('',*,*,#5987,.T.);
#8026=ORIENTED_EDGE('',*,*,#5992,.T.);
#8027=ORIENTED_EDGE('',*,*,#5831,.T.);
#8028=ORIENTED_EDGE('',*,*,#5597,.T.);
#8029=ORIENTED_EDGE('',*,*,#5993,.T.);
#8030=ORIENTED_EDGE('',*,*,#5599,.T.);
#8031=ORIENTED_EDGE('',*,*,#5830,.T.);
#8032=ORIENTED_EDGE('',*,*,#5994,.T.);
#8033=ORIENTED_EDGE('',*,*,#5995,.F.);
#8034=ORIENTED_EDGE('',*,*,#5996,.F.);
#8035=ORIENTED_EDGE('',*,*,#5600,.T.);
#8036=ORIENTED_EDGE('',*,*,#5993,.F.);
#8037=ORIENTED_EDGE('',*,*,#5997,.F.);
#8038=ORIENTED_EDGE('',*,*,#5998,.F.);
#8039=ORIENTED_EDGE('',*,*,#5999,.F.);
#8040=ORIENTED_EDGE('',*,*,#6000,.F.);
#8041=ORIENTED_EDGE('',*,*,#5996,.T.);
#8042=ORIENTED_EDGE('',*,*,#6001,.T.);
#8043=ORIENTED_EDGE('',*,*,#5824,.T.);
#8044=ORIENTED_EDGE('',*,*,#5601,.T.);
#8045=ORIENTED_EDGE('',*,*,#6002,.T.);
#8046=ORIENTED_EDGE('',*,*,#5603,.T.);
#8047=ORIENTED_EDGE('',*,*,#5823,.T.);
#8048=ORIENTED_EDGE('',*,*,#6003,.T.);
#8049=ORIENTED_EDGE('',*,*,#6004,.F.);
#8050=ORIENTED_EDGE('',*,*,#6005,.F.);
#8051=ORIENTED_EDGE('',*,*,#5604,.T.);
#8052=ORIENTED_EDGE('',*,*,#6002,.F.);
#8053=ORIENTED_EDGE('',*,*,#6006,.F.);
#8054=ORIENTED_EDGE('',*,*,#6007,.F.);
#8055=ORIENTED_EDGE('',*,*,#6008,.F.);
#8056=ORIENTED_EDGE('',*,*,#6009,.F.);
#8057=ORIENTED_EDGE('',*,*,#6005,.T.);
#8058=ORIENTED_EDGE('',*,*,#6010,.T.);
#8059=ORIENTED_EDGE('',*,*,#5817,.T.);
#8060=ORIENTED_EDGE('',*,*,#5605,.T.);
#8061=ORIENTED_EDGE('',*,*,#6011,.T.);
#8062=ORIENTED_EDGE('',*,*,#5607,.T.);
#8063=ORIENTED_EDGE('',*,*,#5816,.T.);
#8064=ORIENTED_EDGE('',*,*,#6012,.T.);
#8065=ORIENTED_EDGE('',*,*,#6013,.F.);
#8066=ORIENTED_EDGE('',*,*,#6014,.F.);
#8067=ORIENTED_EDGE('',*,*,#5608,.T.);
#8068=ORIENTED_EDGE('',*,*,#6011,.F.);
#8069=ORIENTED_EDGE('',*,*,#6015,.F.);
#8070=ORIENTED_EDGE('',*,*,#6016,.F.);
#8071=ORIENTED_EDGE('',*,*,#6017,.F.);
#8072=ORIENTED_EDGE('',*,*,#6018,.F.);
#8073=ORIENTED_EDGE('',*,*,#6014,.T.);
#8074=ORIENTED_EDGE('',*,*,#6019,.T.);
#8075=ORIENTED_EDGE('',*,*,#5810,.T.);
#8076=ORIENTED_EDGE('',*,*,#5609,.T.);
#8077=ORIENTED_EDGE('',*,*,#6020,.T.);
#8078=ORIENTED_EDGE('',*,*,#5611,.T.);
#8079=ORIENTED_EDGE('',*,*,#5809,.T.);
#8080=ORIENTED_EDGE('',*,*,#6021,.T.);
#8081=ORIENTED_EDGE('',*,*,#6022,.F.);
#8082=ORIENTED_EDGE('',*,*,#6023,.F.);
#8083=ORIENTED_EDGE('',*,*,#5612,.T.);
#8084=ORIENTED_EDGE('',*,*,#6020,.F.);
#8085=ORIENTED_EDGE('',*,*,#6024,.F.);
#8086=ORIENTED_EDGE('',*,*,#6025,.F.);
#8087=ORIENTED_EDGE('',*,*,#6026,.F.);
#8088=ORIENTED_EDGE('',*,*,#6027,.F.);
#8089=ORIENTED_EDGE('',*,*,#6023,.T.);
#8090=ORIENTED_EDGE('',*,*,#6028,.T.);
#8091=ORIENTED_EDGE('',*,*,#5803,.T.);
#8092=ORIENTED_EDGE('',*,*,#5613,.T.);
#8093=ORIENTED_EDGE('',*,*,#6029,.F.);
#8094=ORIENTED_EDGE('',*,*,#6030,.F.);
#8095=ORIENTED_EDGE('',*,*,#5625,.T.);
#8096=ORIENTED_EDGE('',*,*,#5701,.T.);
#8097=ORIENTED_EDGE('',*,*,#6031,.T.);
#8098=ORIENTED_EDGE('',*,*,#5626,.T.);
#8099=ORIENTED_EDGE('',*,*,#6030,.T.);
#8100=ORIENTED_EDGE('',*,*,#6032,.T.);
#8101=ORIENTED_EDGE('',*,*,#6033,.T.);
#8102=ORIENTED_EDGE('',*,*,#6034,.T.);
#8103=ORIENTED_EDGE('',*,*,#6035,.T.);
#8104=ORIENTED_EDGE('',*,*,#6036,.T.);
#8105=ORIENTED_EDGE('',*,*,#5627,.T.);
#8106=ORIENTED_EDGE('',*,*,#6031,.F.);
#8107=ORIENTED_EDGE('',*,*,#6037,.F.);
#8108=ORIENTED_EDGE('',*,*,#5695,.T.);
#8109=ORIENTED_EDGE('',*,*,#6038,.T.);
#8110=ORIENTED_EDGE('',*,*,#5629,.T.);
#8111=ORIENTED_EDGE('',*,*,#5694,.T.);
#8112=ORIENTED_EDGE('',*,*,#6039,.T.);
#8113=ORIENTED_EDGE('',*,*,#6040,.F.);
#8114=ORIENTED_EDGE('',*,*,#6041,.F.);
#8115=ORIENTED_EDGE('',*,*,#6042,.F.);
#8116=ORIENTED_EDGE('',*,*,#5630,.T.);
#8117=ORIENTED_EDGE('',*,*,#6038,.F.);
#8118=ORIENTED_EDGE('',*,*,#6043,.F.);
#8119=ORIENTED_EDGE('',*,*,#6044,.F.);
#8120=ORIENTED_EDGE('',*,*,#6045,.F.);
#8121=ORIENTED_EDGE('',*,*,#6042,.T.);
#8122=ORIENTED_EDGE('',*,*,#6046,.T.);
#8123=ORIENTED_EDGE('',*,*,#5688,.T.);
#8124=ORIENTED_EDGE('',*,*,#5631,.T.);
#8125=ORIENTED_EDGE('',*,*,#6047,.T.);
#8126=ORIENTED_EDGE('',*,*,#5633,.T.);
#8127=ORIENTED_EDGE('',*,*,#5687,.T.);
#8128=ORIENTED_EDGE('',*,*,#6048,.T.);
#8129=ORIENTED_EDGE('',*,*,#6049,.F.);
#8130=ORIENTED_EDGE('',*,*,#6050,.F.);
#8131=ORIENTED_EDGE('',*,*,#6051,.F.);
#8132=ORIENTED_EDGE('',*,*,#5634,.T.);
#8133=ORIENTED_EDGE('',*,*,#6047,.F.);
#8134=ORIENTED_EDGE('',*,*,#6052,.F.);
#8135=ORIENTED_EDGE('',*,*,#6053,.F.);
#8136=ORIENTED_EDGE('',*,*,#6054,.F.);
#8137=ORIENTED_EDGE('',*,*,#6051,.T.);
#8138=ORIENTED_EDGE('',*,*,#6055,.T.);
#8139=ORIENTED_EDGE('',*,*,#5681,.T.);
#8140=ORIENTED_EDGE('',*,*,#5635,.T.);
#8141=ORIENTED_EDGE('',*,*,#6056,.T.);
#8142=ORIENTED_EDGE('',*,*,#5637,.T.);
#8143=ORIENTED_EDGE('',*,*,#5680,.T.);
#8144=ORIENTED_EDGE('',*,*,#6057,.T.);
#8145=ORIENTED_EDGE('',*,*,#6058,.F.);
#8146=ORIENTED_EDGE('',*,*,#6059,.F.);
#8147=ORIENTED_EDGE('',*,*,#6060,.F.);
#8148=ORIENTED_EDGE('',*,*,#5638,.T.);
#8149=ORIENTED_EDGE('',*,*,#6056,.F.);
#8150=ORIENTED_EDGE('',*,*,#6061,.F.);
#8151=ORIENTED_EDGE('',*,*,#6062,.F.);
#8152=ORIENTED_EDGE('',*,*,#6063,.F.);
#8153=ORIENTED_EDGE('',*,*,#6060,.T.);
#8154=ORIENTED_EDGE('',*,*,#6064,.T.);
#8155=ORIENTED_EDGE('',*,*,#5674,.T.);
#8156=ORIENTED_EDGE('',*,*,#5639,.T.);
#8157=ORIENTED_EDGE('',*,*,#6065,.T.);
#8158=ORIENTED_EDGE('',*,*,#5641,.T.);
#8159=ORIENTED_EDGE('',*,*,#5673,.T.);
#8160=ORIENTED_EDGE('',*,*,#6066,.T.);
#8161=ORIENTED_EDGE('',*,*,#6067,.F.);
#8162=ORIENTED_EDGE('',*,*,#6068,.F.);
#8163=ORIENTED_EDGE('',*,*,#6069,.F.);
#8164=ORIENTED_EDGE('',*,*,#5642,.T.);
#8165=ORIENTED_EDGE('',*,*,#6065,.F.);
#8166=ORIENTED_EDGE('',*,*,#6070,.F.);
#8167=ORIENTED_EDGE('',*,*,#6071,.F.);
#8168=ORIENTED_EDGE('',*,*,#6072,.F.);
#8169=ORIENTED_EDGE('',*,*,#6069,.T.);
#8170=ORIENTED_EDGE('',*,*,#6073,.T.);
#8171=ORIENTED_EDGE('',*,*,#5667,.T.);
#8172=ORIENTED_EDGE('',*,*,#5643,.T.);
#8173=ORIENTED_EDGE('',*,*,#6074,.T.);
#8174=ORIENTED_EDGE('',*,*,#5645,.T.);
#8175=ORIENTED_EDGE('',*,*,#5666,.T.);
#8176=ORIENTED_EDGE('',*,*,#6075,.T.);
#8177=ORIENTED_EDGE('',*,*,#6076,.F.);
#8178=ORIENTED_EDGE('',*,*,#6077,.F.);
#8179=ORIENTED_EDGE('',*,*,#6078,.F.);
#8180=ORIENTED_EDGE('',*,*,#5646,.T.);
#8181=ORIENTED_EDGE('',*,*,#6074,.F.);
#8182=ORIENTED_EDGE('',*,*,#6079,.F.);
#8183=ORIENTED_EDGE('',*,*,#6080,.F.);
#8184=ORIENTED_EDGE('',*,*,#6081,.F.);
#8185=ORIENTED_EDGE('',*,*,#6078,.T.);
#8186=ORIENTED_EDGE('',*,*,#6082,.T.);
#8187=ORIENTED_EDGE('',*,*,#5660,.T.);
#8188=ORIENTED_EDGE('',*,*,#5647,.T.);
#8189=ORIENTED_EDGE('',*,*,#6083,.F.);
#8190=ORIENTED_EDGE('',*,*,#6084,.F.);
#8191=ORIENTED_EDGE('',*,*,#5649,.T.);
#8192=ORIENTED_EDGE('',*,*,#5659,.T.);
#8193=ORIENTED_EDGE('',*,*,#6085,.F.);
#8194=ORIENTED_EDGE('',*,*,#5650,.T.);
#8195=ORIENTED_EDGE('',*,*,#6084,.T.);
#8196=ORIENTED_EDGE('',*,*,#6086,.F.);
#8197=ORIENTED_EDGE('',*,*,#6087,.F.);
#8198=ORIENTED_EDGE('',*,*,#6088,.F.);
#8199=ORIENTED_EDGE('',*,*,#6089,.F.);
#8200=ORIENTED_EDGE('',*,*,#6090,.F.);
#8201=ORIENTED_EDGE('',*,*,#5651,.T.);
#8202=ORIENTED_EDGE('',*,*,#6085,.T.);
#8203=ORIENTED_EDGE('',*,*,#6091,.F.);
#8204=ORIENTED_EDGE('',*,*,#5653,.T.);
#8205=ORIENTED_EDGE('',*,*,#6092,.F.);
#8206=ORIENTED_EDGE('',*,*,#6032,.F.);
#8207=ORIENTED_EDGE('',*,*,#6029,.T.);
#8208=ORIENTED_EDGE('',*,*,#5700,.T.);
#8209=ORIENTED_EDGE('',*,*,#5908,.T.);
#8210=ORIENTED_EDGE('',*,*,#5906,.T.);
#8211=ORIENTED_EDGE('',*,*,#6093,.F.);
#8212=ORIENTED_EDGE('',*,*,#5704,.T.);
#8213=ORIENTED_EDGE('',*,*,#6093,.T.);
#8214=ORIENTED_EDGE('',*,*,#5905,.T.);
#8215=ORIENTED_EDGE('',*,*,#6094,.F.);
#8216=ORIENTED_EDGE('',*,*,#5705,.T.);
#8217=ORIENTED_EDGE('',*,*,#6094,.T.);
#8218=ORIENTED_EDGE('',*,*,#5904,.T.);
#8219=ORIENTED_EDGE('',*,*,#6095,.F.);
#8220=ORIENTED_EDGE('',*,*,#5706,.T.);
#8221=ORIENTED_EDGE('',*,*,#6095,.T.);
#8222=ORIENTED_EDGE('',*,*,#5903,.T.);
#8223=ORIENTED_EDGE('',*,*,#6096,.F.);
#8224=ORIENTED_EDGE('',*,*,#5707,.T.);
#8225=ORIENTED_EDGE('',*,*,#6096,.T.);
#8226=ORIENTED_EDGE('',*,*,#5902,.T.);
#8227=ORIENTED_EDGE('',*,*,#5900,.T.);
#8228=ORIENTED_EDGE('',*,*,#5708,.T.);
#8229=ORIENTED_EDGE('',*,*,#5893,.T.);
#8230=ORIENTED_EDGE('',*,*,#6097,.T.);
#8231=ORIENTED_EDGE('',*,*,#5711,.T.);
#8232=ORIENTED_EDGE('',*,*,#5899,.F.);
#8233=ORIENTED_EDGE('',*,*,#5898,.T.);
#8234=ORIENTED_EDGE('',*,*,#6098,.T.);
#8235=ORIENTED_EDGE('',*,*,#5712,.T.);
#8236=ORIENTED_EDGE('',*,*,#6097,.F.);
#8237=ORIENTED_EDGE('',*,*,#6098,.F.);
#8238=ORIENTED_EDGE('',*,*,#5897,.T.);
#8239=ORIENTED_EDGE('',*,*,#6099,.F.);
#8240=ORIENTED_EDGE('',*,*,#5713,.T.);
#8241=ORIENTED_EDGE('',*,*,#5896,.T.);
#8242=ORIENTED_EDGE('',*,*,#6100,.T.);
#8243=ORIENTED_EDGE('',*,*,#5714,.T.);
#8244=ORIENTED_EDGE('',*,*,#6099,.T.);
#8245=ORIENTED_EDGE('',*,*,#5895,.T.);
#8246=ORIENTED_EDGE('',*,*,#5892,.F.);
#8247=ORIENTED_EDGE('',*,*,#5715,.T.);
#8248=ORIENTED_EDGE('',*,*,#6100,.F.);
#8249=ORIENTED_EDGE('',*,*,#5884,.T.);
#8250=ORIENTED_EDGE('',*,*,#6101,.T.);
#8251=ORIENTED_EDGE('',*,*,#5718,.T.);
#8252=ORIENTED_EDGE('',*,*,#5890,.F.);
#8253=ORIENTED_EDGE('',*,*,#5889,.T.);
#8254=ORIENTED_EDGE('',*,*,#6102,.T.);
#8255=ORIENTED_EDGE('',*,*,#5719,.T.);
#8256=ORIENTED_EDGE('',*,*,#6101,.F.);
#8257=ORIENTED_EDGE('',*,*,#6102,.F.);
#8258=ORIENTED_EDGE('',*,*,#5888,.T.);
#8259=ORIENTED_EDGE('',*,*,#6103,.F.);
#8260=ORIENTED_EDGE('',*,*,#5720,.T.);
#8261=ORIENTED_EDGE('',*,*,#5887,.T.);
#8262=ORIENTED_EDGE('',*,*,#6104,.T.);
#8263=ORIENTED_EDGE('',*,*,#5721,.T.);
#8264=ORIENTED_EDGE('',*,*,#6103,.T.);
#8265=ORIENTED_EDGE('',*,*,#5886,.T.);
#8266=ORIENTED_EDGE('',*,*,#5883,.F.);
#8267=ORIENTED_EDGE('',*,*,#5722,.T.);
#8268=ORIENTED_EDGE('',*,*,#6104,.F.);
#8269=ORIENTED_EDGE('',*,*,#5875,.T.);
#8270=ORIENTED_EDGE('',*,*,#6105,.T.);
#8271=ORIENTED_EDGE('',*,*,#5725,.T.);
#8272=ORIENTED_EDGE('',*,*,#5881,.F.);
#8273=ORIENTED_EDGE('',*,*,#5880,.T.);
#8274=ORIENTED_EDGE('',*,*,#6106,.T.);
#8275=ORIENTED_EDGE('',*,*,#5726,.T.);
#8276=ORIENTED_EDGE('',*,*,#6105,.F.);
#8277=ORIENTED_EDGE('',*,*,#6106,.F.);
#8278=ORIENTED_EDGE('',*,*,#5879,.T.);
#8279=ORIENTED_EDGE('',*,*,#6107,.F.);
#8280=ORIENTED_EDGE('',*,*,#5727,.T.);
#8281=ORIENTED_EDGE('',*,*,#5878,.T.);
#8282=ORIENTED_EDGE('',*,*,#6108,.T.);
#8283=ORIENTED_EDGE('',*,*,#5728,.T.);
#8284=ORIENTED_EDGE('',*,*,#6107,.T.);
#8285=ORIENTED_EDGE('',*,*,#5877,.T.);
#8286=ORIENTED_EDGE('',*,*,#5874,.F.);
#8287=ORIENTED_EDGE('',*,*,#5729,.T.);
#8288=ORIENTED_EDGE('',*,*,#6108,.F.);
#8289=ORIENTED_EDGE('',*,*,#5866,.T.);
#8290=ORIENTED_EDGE('',*,*,#6109,.T.);
#8291=ORIENTED_EDGE('',*,*,#5732,.T.);
#8292=ORIENTED_EDGE('',*,*,#5872,.F.);
#8293=ORIENTED_EDGE('',*,*,#5871,.T.);
#8294=ORIENTED_EDGE('',*,*,#6110,.T.);
#8295=ORIENTED_EDGE('',*,*,#5733,.T.);
#8296=ORIENTED_EDGE('',*,*,#6109,.F.);
#8297=ORIENTED_EDGE('',*,*,#6110,.F.);
#8298=ORIENTED_EDGE('',*,*,#5870,.T.);
#8299=ORIENTED_EDGE('',*,*,#6111,.F.);
#8300=ORIENTED_EDGE('',*,*,#5734,.T.);
#8301=ORIENTED_EDGE('',*,*,#5869,.T.);
#8302=ORIENTED_EDGE('',*,*,#6112,.T.);
#8303=ORIENTED_EDGE('',*,*,#5735,.T.);
#8304=ORIENTED_EDGE('',*,*,#6111,.T.);
#8305=ORIENTED_EDGE('',*,*,#5868,.T.);
#8306=ORIENTED_EDGE('',*,*,#5865,.F.);
#8307=ORIENTED_EDGE('',*,*,#5736,.T.);
#8308=ORIENTED_EDGE('',*,*,#6112,.F.);
#8309=ORIENTED_EDGE('',*,*,#5857,.T.);
#8310=ORIENTED_EDGE('',*,*,#6113,.T.);
#8311=ORIENTED_EDGE('',*,*,#5739,.T.);
#8312=ORIENTED_EDGE('',*,*,#5863,.F.);
#8313=ORIENTED_EDGE('',*,*,#5862,.T.);
#8314=ORIENTED_EDGE('',*,*,#6114,.T.);
#8315=ORIENTED_EDGE('',*,*,#5740,.T.);
#8316=ORIENTED_EDGE('',*,*,#6113,.F.);
#8317=ORIENTED_EDGE('',*,*,#6114,.F.);
#8318=ORIENTED_EDGE('',*,*,#5861,.T.);
#8319=ORIENTED_EDGE('',*,*,#6115,.F.);
#8320=ORIENTED_EDGE('',*,*,#5741,.T.);
#8321=ORIENTED_EDGE('',*,*,#5860,.T.);
#8322=ORIENTED_EDGE('',*,*,#6116,.T.);
#8323=ORIENTED_EDGE('',*,*,#5742,.T.);
#8324=ORIENTED_EDGE('',*,*,#6115,.T.);
#8325=ORIENTED_EDGE('',*,*,#5859,.T.);
#8326=ORIENTED_EDGE('',*,*,#5856,.F.);
#8327=ORIENTED_EDGE('',*,*,#5743,.T.);
#8328=ORIENTED_EDGE('',*,*,#6116,.F.);
#8329=ORIENTED_EDGE('',*,*,#5854,.T.);
#8330=ORIENTED_EDGE('',*,*,#5853,.F.);
#8331=ORIENTED_EDGE('',*,*,#6117,.F.);
#8332=ORIENTED_EDGE('',*,*,#5746,.T.);
#8333=ORIENTED_EDGE('',*,*,#6117,.T.);
#8334=ORIENTED_EDGE('',*,*,#5852,.F.);
#8335=ORIENTED_EDGE('',*,*,#6118,.F.);
#8336=ORIENTED_EDGE('',*,*,#5747,.T.);
#8337=ORIENTED_EDGE('',*,*,#6118,.T.);
#8338=ORIENTED_EDGE('',*,*,#5851,.F.);
#8339=ORIENTED_EDGE('',*,*,#6119,.F.);
#8340=ORIENTED_EDGE('',*,*,#5748,.T.);
#8341=ORIENTED_EDGE('',*,*,#6119,.T.);
#8342=ORIENTED_EDGE('',*,*,#5850,.F.);
#8343=ORIENTED_EDGE('',*,*,#6120,.F.);
#8344=ORIENTED_EDGE('',*,*,#5749,.T.);
#8345=ORIENTED_EDGE('',*,*,#6120,.T.);
#8346=ORIENTED_EDGE('',*,*,#5849,.F.);
#8347=ORIENTED_EDGE('',*,*,#5846,.T.);
#8348=ORIENTED_EDGE('',*,*,#5750,.T.);
#8349=ORIENTED_EDGE('',*,*,#5916,.T.);
#8350=ORIENTED_EDGE('',*,*,#5915,.T.);
#8351=ORIENTED_EDGE('',*,*,#6121,.F.);
#8352=ORIENTED_EDGE('',*,*,#5754,.T.);
#8353=ORIENTED_EDGE('',*,*,#6121,.T.);
#8354=ORIENTED_EDGE('',*,*,#5914,.T.);
#8355=ORIENTED_EDGE('',*,*,#5495,.F.);
#8356=ORIENTED_EDGE('',*,*,#5755,.T.);
#8357=ORIENTED_EDGE('',*,*,#5493,.T.);
#8358=ORIENTED_EDGE('',*,*,#5913,.T.);
#8359=ORIENTED_EDGE('',*,*,#6122,.F.);
#8360=ORIENTED_EDGE('',*,*,#5756,.T.);
#8361=ORIENTED_EDGE('',*,*,#6122,.T.);
#8362=ORIENTED_EDGE('',*,*,#5912,.T.);
#8363=ORIENTED_EDGE('',*,*,#5909,.T.);
#8364=ORIENTED_EDGE('',*,*,#5757,.T.);
#8365=ORIENTED_EDGE('',*,*,#5961,.F.);
#8366=ORIENTED_EDGE('',*,*,#6123,.T.);
#8367=ORIENTED_EDGE('',*,*,#5760,.T.);
#8368=ORIENTED_EDGE('',*,*,#5964,.F.);
#8369=ORIENTED_EDGE('',*,*,#5960,.F.);
#8370=ORIENTED_EDGE('',*,*,#5499,.T.);
#8371=ORIENTED_EDGE('',*,*,#5761,.T.);
#8372=ORIENTED_EDGE('',*,*,#6123,.F.);
#8373=ORIENTED_EDGE('',*,*,#5959,.F.);
#8374=ORIENTED_EDGE('',*,*,#6124,.T.);
#8375=ORIENTED_EDGE('',*,*,#5762,.T.);
#8376=ORIENTED_EDGE('',*,*,#5497,.T.);
#8377=ORIENTED_EDGE('',*,*,#5963,.F.);
#8378=ORIENTED_EDGE('',*,*,#5958,.F.);
#8379=ORIENTED_EDGE('',*,*,#5763,.T.);
#8380=ORIENTED_EDGE('',*,*,#6124,.F.);
#8381=ORIENTED_EDGE('',*,*,#5953,.F.);
#8382=ORIENTED_EDGE('',*,*,#6125,.T.);
#8383=ORIENTED_EDGE('',*,*,#5766,.T.);
#8384=ORIENTED_EDGE('',*,*,#5956,.F.);
#8385=ORIENTED_EDGE('',*,*,#5952,.F.);
#8386=ORIENTED_EDGE('',*,*,#5503,.T.);
#8387=ORIENTED_EDGE('',*,*,#5767,.T.);
#8388=ORIENTED_EDGE('',*,*,#6125,.F.);
#8389=ORIENTED_EDGE('',*,*,#5951,.F.);
#8390=ORIENTED_EDGE('',*,*,#6126,.T.);
#8391=ORIENTED_EDGE('',*,*,#5768,.T.);
#8392=ORIENTED_EDGE('',*,*,#5501,.T.);
#8393=ORIENTED_EDGE('',*,*,#5955,.F.);
#8394=ORIENTED_EDGE('',*,*,#5950,.F.);
#8395=ORIENTED_EDGE('',*,*,#5769,.T.);
#8396=ORIENTED_EDGE('',*,*,#6126,.F.);
#8397=ORIENTED_EDGE('',*,*,#5945,.F.);
#8398=ORIENTED_EDGE('',*,*,#6127,.T.);
#8399=ORIENTED_EDGE('',*,*,#5772,.T.);
#8400=ORIENTED_EDGE('',*,*,#5948,.F.);
#8401=ORIENTED_EDGE('',*,*,#5944,.F.);
#8402=ORIENTED_EDGE('',*,*,#5507,.T.);
#8403=ORIENTED_EDGE('',*,*,#5773,.T.);
#8404=ORIENTED_EDGE('',*,*,#6127,.F.);
#8405=ORIENTED_EDGE('',*,*,#5943,.F.);
#8406=ORIENTED_EDGE('',*,*,#6128,.T.);
#8407=ORIENTED_EDGE('',*,*,#5774,.T.);
#8408=ORIENTED_EDGE('',*,*,#5505,.T.);
#8409=ORIENTED_EDGE('',*,*,#5947,.F.);
#8410=ORIENTED_EDGE('',*,*,#5942,.F.);
#8411=ORIENTED_EDGE('',*,*,#5775,.T.);
#8412=ORIENTED_EDGE('',*,*,#6128,.F.);
#8413=ORIENTED_EDGE('',*,*,#5937,.F.);
#8414=ORIENTED_EDGE('',*,*,#6129,.T.);
#8415=ORIENTED_EDGE('',*,*,#5778,.T.);
#8416=ORIENTED_EDGE('',*,*,#5940,.F.);
#8417=ORIENTED_EDGE('',*,*,#5936,.F.);
#8418=ORIENTED_EDGE('',*,*,#5511,.T.);
#8419=ORIENTED_EDGE('',*,*,#5779,.T.);
#8420=ORIENTED_EDGE('',*,*,#6129,.F.);
#8421=ORIENTED_EDGE('',*,*,#5935,.F.);
#8422=ORIENTED_EDGE('',*,*,#6130,.T.);
#8423=ORIENTED_EDGE('',*,*,#5780,.T.);
#8424=ORIENTED_EDGE('',*,*,#5509,.T.);
#8425=ORIENTED_EDGE('',*,*,#5939,.F.);
#8426=ORIENTED_EDGE('',*,*,#5934,.F.);
#8427=ORIENTED_EDGE('',*,*,#5781,.T.);
#8428=ORIENTED_EDGE('',*,*,#6130,.F.);
#8429=ORIENTED_EDGE('',*,*,#5929,.F.);
#8430=ORIENTED_EDGE('',*,*,#6131,.T.);
#8431=ORIENTED_EDGE('',*,*,#5784,.T.);
#8432=ORIENTED_EDGE('',*,*,#5932,.F.);
#8433=ORIENTED_EDGE('',*,*,#5928,.F.);
#8434=ORIENTED_EDGE('',*,*,#5515,.T.);
#8435=ORIENTED_EDGE('',*,*,#5785,.T.);
#8436=ORIENTED_EDGE('',*,*,#6131,.F.);
#8437=ORIENTED_EDGE('',*,*,#5927,.F.);
#8438=ORIENTED_EDGE('',*,*,#6132,.T.);
#8439=ORIENTED_EDGE('',*,*,#5786,.T.);
#8440=ORIENTED_EDGE('',*,*,#5513,.T.);
#8441=ORIENTED_EDGE('',*,*,#5931,.F.);
#8442=ORIENTED_EDGE('',*,*,#5926,.F.);
#8443=ORIENTED_EDGE('',*,*,#5787,.T.);
#8444=ORIENTED_EDGE('',*,*,#6132,.F.);
#8445=ORIENTED_EDGE('',*,*,#5924,.T.);
#8446=ORIENTED_EDGE('',*,*,#5923,.F.);
#8447=ORIENTED_EDGE('',*,*,#6133,.F.);
#8448=ORIENTED_EDGE('',*,*,#5790,.T.);
#8449=ORIENTED_EDGE('',*,*,#6133,.T.);
#8450=ORIENTED_EDGE('',*,*,#5922,.F.);
#8451=ORIENTED_EDGE('',*,*,#5519,.F.);
#8452=ORIENTED_EDGE('',*,*,#5791,.T.);
#8453=ORIENTED_EDGE('',*,*,#5517,.T.);
#8454=ORIENTED_EDGE('',*,*,#5921,.F.);
#8455=ORIENTED_EDGE('',*,*,#6134,.F.);
#8456=ORIENTED_EDGE('',*,*,#5792,.T.);
#8457=ORIENTED_EDGE('',*,*,#6134,.T.);
#8458=ORIENTED_EDGE('',*,*,#5920,.F.);
#8459=ORIENTED_EDGE('',*,*,#5917,.T.);
#8460=ORIENTED_EDGE('',*,*,#5793,.T.);
#8461=ORIENTED_EDGE('',*,*,#5973,.T.);
#8462=ORIENTED_EDGE('',*,*,#5972,.T.);
#8463=ORIENTED_EDGE('',*,*,#6135,.F.);
#8464=ORIENTED_EDGE('',*,*,#5797,.T.);
#8465=ORIENTED_EDGE('',*,*,#6135,.T.);
#8466=ORIENTED_EDGE('',*,*,#5971,.T.);
#8467=ORIENTED_EDGE('',*,*,#6136,.F.);
#8468=ORIENTED_EDGE('',*,*,#5798,.T.);
#8469=ORIENTED_EDGE('',*,*,#6136,.T.);
#8470=ORIENTED_EDGE('',*,*,#5970,.T.);
#8471=ORIENTED_EDGE('',*,*,#6137,.F.);
#8472=ORIENTED_EDGE('',*,*,#5799,.T.);
#8473=ORIENTED_EDGE('',*,*,#6137,.T.);
#8474=ORIENTED_EDGE('',*,*,#5969,.T.);
#8475=ORIENTED_EDGE('',*,*,#6138,.F.);
#8476=ORIENTED_EDGE('',*,*,#5800,.T.);
#8477=ORIENTED_EDGE('',*,*,#6138,.T.);
#8478=ORIENTED_EDGE('',*,*,#5968,.T.);
#8479=ORIENTED_EDGE('',*,*,#5965,.T.);
#8480=ORIENTED_EDGE('',*,*,#5801,.T.);
#8481=ORIENTED_EDGE('',*,*,#6022,.T.);
#8482=ORIENTED_EDGE('',*,*,#6139,.T.);
#8483=ORIENTED_EDGE('',*,*,#5804,.T.);
#8484=ORIENTED_EDGE('',*,*,#6028,.F.);
#8485=ORIENTED_EDGE('',*,*,#6027,.T.);
#8486=ORIENTED_EDGE('',*,*,#6140,.T.);
#8487=ORIENTED_EDGE('',*,*,#5805,.T.);
#8488=ORIENTED_EDGE('',*,*,#6139,.F.);
#8489=ORIENTED_EDGE('',*,*,#6140,.F.);
#8490=ORIENTED_EDGE('',*,*,#6026,.T.);
#8491=ORIENTED_EDGE('',*,*,#6141,.F.);
#8492=ORIENTED_EDGE('',*,*,#5806,.T.);
#8493=ORIENTED_EDGE('',*,*,#6025,.T.);
#8494=ORIENTED_EDGE('',*,*,#6142,.T.);
#8495=ORIENTED_EDGE('',*,*,#5807,.T.);
#8496=ORIENTED_EDGE('',*,*,#6141,.T.);
#8497=ORIENTED_EDGE('',*,*,#6024,.T.);
#8498=ORIENTED_EDGE('',*,*,#6021,.F.);
#8499=ORIENTED_EDGE('',*,*,#5808,.T.);
#8500=ORIENTED_EDGE('',*,*,#6142,.F.);
#8501=ORIENTED_EDGE('',*,*,#6013,.T.);
#8502=ORIENTED_EDGE('',*,*,#6143,.T.);
#8503=ORIENTED_EDGE('',*,*,#5811,.T.);
#8504=ORIENTED_EDGE('',*,*,#6019,.F.);
#8505=ORIENTED_EDGE('',*,*,#6018,.T.);
#8506=ORIENTED_EDGE('',*,*,#6144,.T.);
#8507=ORIENTED_EDGE('',*,*,#5812,.T.);
#8508=ORIENTED_EDGE('',*,*,#6143,.F.);
#8509=ORIENTED_EDGE('',*,*,#6144,.F.);
#8510=ORIENTED_EDGE('',*,*,#6017,.T.);
#8511=ORIENTED_EDGE('',*,*,#6145,.F.);
#8512=ORIENTED_EDGE('',*,*,#5813,.T.);
#8513=ORIENTED_EDGE('',*,*,#6016,.T.);
#8514=ORIENTED_EDGE('',*,*,#6146,.T.);
#8515=ORIENTED_EDGE('',*,*,#5814,.T.);
#8516=ORIENTED_EDGE('',*,*,#6145,.T.);
#8517=ORIENTED_EDGE('',*,*,#6015,.T.);
#8518=ORIENTED_EDGE('',*,*,#6012,.F.);
#8519=ORIENTED_EDGE('',*,*,#5815,.T.);
#8520=ORIENTED_EDGE('',*,*,#6146,.F.);
#8521=ORIENTED_EDGE('',*,*,#6004,.T.);
#8522=ORIENTED_EDGE('',*,*,#6147,.T.);
#8523=ORIENTED_EDGE('',*,*,#5818,.T.);
#8524=ORIENTED_EDGE('',*,*,#6010,.F.);
#8525=ORIENTED_EDGE('',*,*,#6009,.T.);
#8526=ORIENTED_EDGE('',*,*,#6148,.T.);
#8527=ORIENTED_EDGE('',*,*,#5819,.T.);
#8528=ORIENTED_EDGE('',*,*,#6147,.F.);
#8529=ORIENTED_EDGE('',*,*,#6148,.F.);
#8530=ORIENTED_EDGE('',*,*,#6008,.T.);
#8531=ORIENTED_EDGE('',*,*,#6149,.F.);
#8532=ORIENTED_EDGE('',*,*,#5820,.T.);
#8533=ORIENTED_EDGE('',*,*,#6007,.T.);
#8534=ORIENTED_EDGE('',*,*,#6150,.T.);
#8535=ORIENTED_EDGE('',*,*,#5821,.T.);
#8536=ORIENTED_EDGE('',*,*,#6149,.T.);
#8537=ORIENTED_EDGE('',*,*,#6006,.T.);
#8538=ORIENTED_EDGE('',*,*,#6003,.F.);
#8539=ORIENTED_EDGE('',*,*,#5822,.T.);
#8540=ORIENTED_EDGE('',*,*,#6150,.F.);
#8541=ORIENTED_EDGE('',*,*,#5995,.T.);
#8542=ORIENTED_EDGE('',*,*,#6151,.T.);
#8543=ORIENTED_EDGE('',*,*,#5825,.T.);
#8544=ORIENTED_EDGE('',*,*,#6001,.F.);
#8545=ORIENTED_EDGE('',*,*,#6000,.T.);
#8546=ORIENTED_EDGE('',*,*,#6152,.T.);
#8547=ORIENTED_EDGE('',*,*,#5826,.T.);
#8548=ORIENTED_EDGE('',*,*,#6151,.F.);
#8549=ORIENTED_EDGE('',*,*,#6152,.F.);
#8550=ORIENTED_EDGE('',*,*,#5999,.T.);
#8551=ORIENTED_EDGE('',*,*,#6153,.F.);
#8552=ORIENTED_EDGE('',*,*,#5827,.T.);
#8553=ORIENTED_EDGE('',*,*,#5998,.T.);
#8554=ORIENTED_EDGE('',*,*,#6154,.T.);
#8555=ORIENTED_EDGE('',*,*,#5828,.T.);
#8556=ORIENTED_EDGE('',*,*,#6153,.T.);
#8557=ORIENTED_EDGE('',*,*,#5997,.T.);
#8558=ORIENTED_EDGE('',*,*,#5994,.F.);
#8559=ORIENTED_EDGE('',*,*,#5829,.T.);
#8560=ORIENTED_EDGE('',*,*,#6154,.F.);
#8561=ORIENTED_EDGE('',*,*,#5986,.T.);
#8562=ORIENTED_EDGE('',*,*,#6155,.T.);
#8563=ORIENTED_EDGE('',*,*,#5832,.T.);
#8564=ORIENTED_EDGE('',*,*,#5992,.F.);
#8565=ORIENTED_EDGE('',*,*,#5991,.T.);
#8566=ORIENTED_EDGE('',*,*,#6156,.T.);
#8567=ORIENTED_EDGE('',*,*,#5833,.T.);
#8568=ORIENTED_EDGE('',*,*,#6155,.F.);
#8569=ORIENTED_EDGE('',*,*,#6156,.F.);
#8570=ORIENTED_EDGE('',*,*,#5990,.T.);
#8571=ORIENTED_EDGE('',*,*,#6157,.F.);
#8572=ORIENTED_EDGE('',*,*,#5834,.T.);
#8573=ORIENTED_EDGE('',*,*,#5989,.T.);
#8574=ORIENTED_EDGE('',*,*,#6158,.T.);
#8575=ORIENTED_EDGE('',*,*,#5835,.T.);
#8576=ORIENTED_EDGE('',*,*,#6157,.T.);
#8577=ORIENTED_EDGE('',*,*,#5988,.T.);
#8578=ORIENTED_EDGE('',*,*,#5985,.F.);
#8579=ORIENTED_EDGE('',*,*,#5836,.T.);
#8580=ORIENTED_EDGE('',*,*,#6158,.F.);
#8581=ORIENTED_EDGE('',*,*,#5983,.T.);
#8582=ORIENTED_EDGE('',*,*,#5982,.F.);
#8583=ORIENTED_EDGE('',*,*,#6159,.F.);
#8584=ORIENTED_EDGE('',*,*,#5839,.T.);
#8585=ORIENTED_EDGE('',*,*,#6159,.T.);
#8586=ORIENTED_EDGE('',*,*,#5981,.F.);
#8587=ORIENTED_EDGE('',*,*,#6160,.F.);
#8588=ORIENTED_EDGE('',*,*,#5840,.T.);
#8589=ORIENTED_EDGE('',*,*,#6160,.T.);
#8590=ORIENTED_EDGE('',*,*,#5980,.F.);
#8591=ORIENTED_EDGE('',*,*,#6161,.F.);
#8592=ORIENTED_EDGE('',*,*,#5841,.T.);
#8593=ORIENTED_EDGE('',*,*,#6161,.T.);
#8594=ORIENTED_EDGE('',*,*,#5979,.F.);
#8595=ORIENTED_EDGE('',*,*,#6162,.F.);
#8596=ORIENTED_EDGE('',*,*,#5842,.T.);
#8597=ORIENTED_EDGE('',*,*,#6162,.T.);
#8598=ORIENTED_EDGE('',*,*,#5978,.F.);
#8599=ORIENTED_EDGE('',*,*,#6163,.F.);
#8600=ORIENTED_EDGE('',*,*,#5843,.T.);
#8601=ORIENTED_EDGE('',*,*,#6163,.T.);
#8602=ORIENTED_EDGE('',*,*,#5977,.F.);
#8603=ORIENTED_EDGE('',*,*,#5974,.T.);
#8604=ORIENTED_EDGE('',*,*,#5844,.T.);
#8605=ORIENTED_EDGE('',*,*,#6091,.T.);
#8606=ORIENTED_EDGE('',*,*,#6090,.T.);
#8607=ORIENTED_EDGE('',*,*,#6164,.F.);
#8608=ORIENTED_EDGE('',*,*,#5654,.T.);
#8609=ORIENTED_EDGE('',*,*,#6164,.T.);
#8610=ORIENTED_EDGE('',*,*,#6089,.T.);
#8611=ORIENTED_EDGE('',*,*,#6165,.F.);
#8612=ORIENTED_EDGE('',*,*,#5655,.T.);
#8613=ORIENTED_EDGE('',*,*,#6165,.T.);
#8614=ORIENTED_EDGE('',*,*,#6088,.T.);
#8615=ORIENTED_EDGE('',*,*,#6166,.F.);
#8616=ORIENTED_EDGE('',*,*,#5656,.T.);
#8617=ORIENTED_EDGE('',*,*,#6166,.T.);
#8618=ORIENTED_EDGE('',*,*,#6087,.T.);
#8619=ORIENTED_EDGE('',*,*,#6167,.F.);
#8620=ORIENTED_EDGE('',*,*,#5657,.T.);
#8621=ORIENTED_EDGE('',*,*,#6167,.T.);
#8622=ORIENTED_EDGE('',*,*,#6086,.T.);
#8623=ORIENTED_EDGE('',*,*,#6083,.T.);
#8624=ORIENTED_EDGE('',*,*,#5658,.T.);
#8625=ORIENTED_EDGE('',*,*,#6077,.T.);
#8626=ORIENTED_EDGE('',*,*,#6168,.T.);
#8627=ORIENTED_EDGE('',*,*,#5661,.T.);
#8628=ORIENTED_EDGE('',*,*,#6082,.F.);
#8629=ORIENTED_EDGE('',*,*,#6076,.T.);
#8630=ORIENTED_EDGE('',*,*,#6169,.T.);
#8631=ORIENTED_EDGE('',*,*,#5662,.T.);
#8632=ORIENTED_EDGE('',*,*,#6168,.F.);
#8633=ORIENTED_EDGE('',*,*,#6169,.F.);
#8634=ORIENTED_EDGE('',*,*,#6081,.T.);
#8635=ORIENTED_EDGE('',*,*,#6170,.F.);
#8636=ORIENTED_EDGE('',*,*,#5663,.T.);
#8637=ORIENTED_EDGE('',*,*,#6080,.T.);
#8638=ORIENTED_EDGE('',*,*,#6171,.T.);
#8639=ORIENTED_EDGE('',*,*,#5664,.T.);
#8640=ORIENTED_EDGE('',*,*,#6170,.T.);
#8641=ORIENTED_EDGE('',*,*,#6079,.T.);
#8642=ORIENTED_EDGE('',*,*,#6075,.F.);
#8643=ORIENTED_EDGE('',*,*,#5665,.T.);
#8644=ORIENTED_EDGE('',*,*,#6171,.F.);
#8645=ORIENTED_EDGE('',*,*,#6068,.T.);
#8646=ORIENTED_EDGE('',*,*,#6172,.T.);
#8647=ORIENTED_EDGE('',*,*,#5668,.T.);
#8648=ORIENTED_EDGE('',*,*,#6073,.F.);
#8649=ORIENTED_EDGE('',*,*,#6067,.T.);
#8650=ORIENTED_EDGE('',*,*,#6173,.T.);
#8651=ORIENTED_EDGE('',*,*,#5669,.T.);
#8652=ORIENTED_EDGE('',*,*,#6172,.F.);
#8653=ORIENTED_EDGE('',*,*,#6173,.F.);
#8654=ORIENTED_EDGE('',*,*,#6072,.T.);
#8655=ORIENTED_EDGE('',*,*,#6174,.F.);
#8656=ORIENTED_EDGE('',*,*,#5670,.T.);
#8657=ORIENTED_EDGE('',*,*,#6071,.T.);
#8658=ORIENTED_EDGE('',*,*,#6175,.T.);
#8659=ORIENTED_EDGE('',*,*,#5671,.T.);
#8660=ORIENTED_EDGE('',*,*,#6174,.T.);
#8661=ORIENTED_EDGE('',*,*,#6070,.T.);
#8662=ORIENTED_EDGE('',*,*,#6066,.F.);
#8663=ORIENTED_EDGE('',*,*,#5672,.T.);
#8664=ORIENTED_EDGE('',*,*,#6175,.F.);
#8665=ORIENTED_EDGE('',*,*,#6059,.T.);
#8666=ORIENTED_EDGE('',*,*,#6176,.T.);
#8667=ORIENTED_EDGE('',*,*,#5675,.T.);
#8668=ORIENTED_EDGE('',*,*,#6064,.F.);
#8669=ORIENTED_EDGE('',*,*,#6058,.T.);
#8670=ORIENTED_EDGE('',*,*,#6177,.T.);
#8671=ORIENTED_EDGE('',*,*,#5676,.T.);
#8672=ORIENTED_EDGE('',*,*,#6176,.F.);
#8673=ORIENTED_EDGE('',*,*,#6177,.F.);
#8674=ORIENTED_EDGE('',*,*,#6063,.T.);
#8675=ORIENTED_EDGE('',*,*,#6178,.F.);
#8676=ORIENTED_EDGE('',*,*,#5677,.T.);
#8677=ORIENTED_EDGE('',*,*,#6062,.T.);
#8678=ORIENTED_EDGE('',*,*,#6179,.T.);
#8679=ORIENTED_EDGE('',*,*,#5678,.T.);
#8680=ORIENTED_EDGE('',*,*,#6178,.T.);
#8681=ORIENTED_EDGE('',*,*,#6061,.T.);
#8682=ORIENTED_EDGE('',*,*,#6057,.F.);
#8683=ORIENTED_EDGE('',*,*,#5679,.T.);
#8684=ORIENTED_EDGE('',*,*,#6179,.F.);
#8685=ORIENTED_EDGE('',*,*,#6050,.T.);
#8686=ORIENTED_EDGE('',*,*,#6180,.T.);
#8687=ORIENTED_EDGE('',*,*,#5682,.T.);
#8688=ORIENTED_EDGE('',*,*,#6055,.F.);
#8689=ORIENTED_EDGE('',*,*,#6049,.T.);
#8690=ORIENTED_EDGE('',*,*,#6181,.T.);
#8691=ORIENTED_EDGE('',*,*,#5683,.T.);
#8692=ORIENTED_EDGE('',*,*,#6180,.F.);
#8693=ORIENTED_EDGE('',*,*,#6181,.F.);
#8694=ORIENTED_EDGE('',*,*,#6054,.T.);
#8695=ORIENTED_EDGE('',*,*,#6182,.F.);
#8696=ORIENTED_EDGE('',*,*,#5684,.T.);
#8697=ORIENTED_EDGE('',*,*,#6053,.T.);
#8698=ORIENTED_EDGE('',*,*,#6183,.T.);
#8699=ORIENTED_EDGE('',*,*,#5685,.T.);
#8700=ORIENTED_EDGE('',*,*,#6182,.T.);
#8701=ORIENTED_EDGE('',*,*,#6052,.T.);
#8702=ORIENTED_EDGE('',*,*,#6048,.F.);
#8703=ORIENTED_EDGE('',*,*,#5686,.T.);
#8704=ORIENTED_EDGE('',*,*,#6183,.F.);
#8705=ORIENTED_EDGE('',*,*,#6041,.T.);
#8706=ORIENTED_EDGE('',*,*,#6184,.T.);
#8707=ORIENTED_EDGE('',*,*,#5689,.T.);
#8708=ORIENTED_EDGE('',*,*,#6046,.F.);
#8709=ORIENTED_EDGE('',*,*,#6040,.T.);
#8710=ORIENTED_EDGE('',*,*,#6185,.T.);
#8711=ORIENTED_EDGE('',*,*,#5690,.T.);
#8712=ORIENTED_EDGE('',*,*,#6184,.F.);
#8713=ORIENTED_EDGE('',*,*,#6185,.F.);
#8714=ORIENTED_EDGE('',*,*,#6045,.T.);
#8715=ORIENTED_EDGE('',*,*,#6186,.F.);
#8716=ORIENTED_EDGE('',*,*,#5691,.T.);
#8717=ORIENTED_EDGE('',*,*,#6044,.T.);
#8718=ORIENTED_EDGE('',*,*,#6187,.T.);
#8719=ORIENTED_EDGE('',*,*,#5692,.T.);
#8720=ORIENTED_EDGE('',*,*,#6186,.T.);
#8721=ORIENTED_EDGE('',*,*,#6043,.T.);
#8722=ORIENTED_EDGE('',*,*,#6039,.F.);
#8723=ORIENTED_EDGE('',*,*,#5693,.T.);
#8724=ORIENTED_EDGE('',*,*,#6187,.F.);
#8725=ORIENTED_EDGE('',*,*,#6037,.T.);
#8726=ORIENTED_EDGE('',*,*,#6036,.F.);
#8727=ORIENTED_EDGE('',*,*,#6188,.F.);
#8728=ORIENTED_EDGE('',*,*,#5696,.T.);
#8729=ORIENTED_EDGE('',*,*,#6188,.T.);
#8730=ORIENTED_EDGE('',*,*,#6035,.F.);
#8731=ORIENTED_EDGE('',*,*,#6189,.F.);
#8732=ORIENTED_EDGE('',*,*,#5697,.T.);
#8733=ORIENTED_EDGE('',*,*,#6189,.T.);
#8734=ORIENTED_EDGE('',*,*,#6034,.F.);
#8735=ORIENTED_EDGE('',*,*,#6190,.F.);
#8736=ORIENTED_EDGE('',*,*,#5698,.T.);
#8737=ORIENTED_EDGE('',*,*,#6190,.T.);
#8738=ORIENTED_EDGE('',*,*,#6033,.F.);
#8739=ORIENTED_EDGE('',*,*,#6092,.T.);
#8740=ORIENTED_EDGE('',*,*,#5699,.T.);
#8741=ORIENTED_EDGE('',*,*,#5702,.F.);
#8742=ORIENTED_EDGE('',*,*,#5623,.F.);
#8743=ORIENTED_EDGE('',*,*,#6191,.F.);
#8744=ORIENTED_EDGE('',*,*,#5525,.F.);
#8745=ORIENTED_EDGE('',*,*,#6192,.F.);
#8746=ORIENTED_EDGE('',*,*,#5526,.F.);
#8747=ORIENTED_EDGE('',*,*,#6193,.F.);
#8748=ORIENTED_EDGE('',*,*,#5523,.F.);
#8749=ORIENTED_EDGE('',*,*,#5752,.F.);
#8750=ORIENTED_EDGE('',*,*,#5527,.F.);
#8751=ORIENTED_EDGE('',*,*,#6194,.F.);
#8752=ORIENTED_EDGE('',*,*,#5557,.F.);
#8753=ORIENTED_EDGE('',*,*,#6193,.T.);
#8754=ORIENTED_EDGE('',*,*,#6191,.T.);
#8755=ORIENTED_EDGE('',*,*,#6195,.F.);
#8756=ORIENTED_EDGE('',*,*,#6194,.T.);
#8757=ORIENTED_EDGE('',*,*,#6192,.T.);
#8758=ORIENTED_EDGE('',*,*,#6196,.F.);
#8759=ORIENTED_EDGE('',*,*,#5652,.F.);
#8760=ORIENTED_EDGE('',*,*,#5589,.F.);
#8761=ORIENTED_EDGE('',*,*,#6197,.F.);
#8762=ORIENTED_EDGE('',*,*,#5621,.F.);
#8763=ORIENTED_EDGE('',*,*,#6195,.T.);
#8764=ORIENTED_EDGE('',*,*,#5622,.F.);
#8765=ORIENTED_EDGE('',*,*,#6198,.F.);
#8766=ORIENTED_EDGE('',*,*,#5520,.F.);
#8767=ORIENTED_EDGE('',*,*,#6196,.T.);
#8768=ORIENTED_EDGE('',*,*,#5522,.F.);
#8769=ORIENTED_EDGE('',*,*,#6199,.F.);
#8770=ORIENTED_EDGE('',*,*,#5558,.F.);
#8771=ORIENTED_EDGE('',*,*,#5795,.F.);
#8772=ORIENTED_EDGE('',*,*,#5559,.F.);
#8773=ORIENTED_EDGE('',*,*,#6200,.F.);
#8774=ORIENTED_EDGE('',*,*,#5619,.F.);
#8775=ORIENTED_EDGE('',*,*,#6198,.T.);
#8776=ORIENTED_EDGE('',*,*,#6197,.T.);
#8777=ORIENTED_EDGE('',*,*,#6201,.F.);
#8778=ORIENTED_EDGE('',*,*,#6200,.T.);
#8779=ORIENTED_EDGE('',*,*,#6199,.T.);
#8780=ORIENTED_EDGE('',*,*,#6202,.F.);
#8781=ORIENTED_EDGE('',*,*,#6201,.T.);
#8782=ORIENTED_EDGE('',*,*,#5588,.F.);
#8783=ORIENTED_EDGE('',*,*,#6202,.T.);
#8784=ORIENTED_EDGE('',*,*,#5521,.F.);
#8785=ORIENTED_EDGE('',*,*,#5491,.T.);
#8786=ORIENTED_EDGE('',*,*,#6203,.F.);
#8787=ORIENTED_EDGE('',*,*,#6204,.T.);
#8788=ORIENTED_EDGE('',*,*,#6205,.T.);
#8789=ORIENTED_EDGE('',*,*,#6206,.F.);
#8790=ORIENTED_EDGE('',*,*,#6207,.T.);
#8791=ORIENTED_EDGE('',*,*,#6208,.T.);
#8792=ORIENTED_EDGE('',*,*,#6209,.T.);
#8793=ORIENTED_EDGE('',*,*,#6210,.T.);
#8794=ORIENTED_EDGE('',*,*,#6211,.T.);
#8795=ORIENTED_EDGE('',*,*,#6212,.T.);
#8796=ORIENTED_EDGE('',*,*,#6213,.T.);
#8797=ORIENTED_EDGE('',*,*,#6203,.T.);
#8798=ORIENTED_EDGE('',*,*,#6214,.T.);
#8799=ORIENTED_EDGE('',*,*,#6215,.T.);
#8800=ORIENTED_EDGE('',*,*,#6216,.T.);
#8801=ORIENTED_EDGE('',*,*,#6208,.F.);
#8802=ORIENTED_EDGE('',*,*,#6206,.T.);
#8803=ORIENTED_EDGE('',*,*,#6217,.T.);
#8804=ORIENTED_EDGE('',*,*,#6214,.F.);
#8805=ORIENTED_EDGE('',*,*,#6207,.F.);
#8806=ORIENTED_EDGE('',*,*,#6218,.T.);
#8807=ORIENTED_EDGE('',*,*,#6219,.T.);
#8808=ORIENTED_EDGE('',*,*,#6204,.F.);
#8809=ORIENTED_EDGE('',*,*,#6213,.F.);
#8810=ORIENTED_EDGE('',*,*,#6220,.T.);
#8811=ORIENTED_EDGE('',*,*,#6221,.T.);
#8812=ORIENTED_EDGE('',*,*,#6218,.F.);
#8813=ORIENTED_EDGE('',*,*,#6212,.F.);
#8814=ORIENTED_EDGE('',*,*,#6222,.T.);
#8815=ORIENTED_EDGE('',*,*,#6223,.T.);
#8816=ORIENTED_EDGE('',*,*,#6220,.F.);
#8817=ORIENTED_EDGE('',*,*,#6211,.F.);
#8818=ORIENTED_EDGE('',*,*,#6224,.T.);
#8819=ORIENTED_EDGE('',*,*,#6225,.T.);
#8820=ORIENTED_EDGE('',*,*,#6222,.F.);
#8821=ORIENTED_EDGE('',*,*,#6210,.F.);
#8822=ORIENTED_EDGE('',*,*,#6216,.F.);
#8823=ORIENTED_EDGE('',*,*,#6226,.T.);
#8824=ORIENTED_EDGE('',*,*,#6224,.F.);
#8825=ORIENTED_EDGE('',*,*,#6209,.F.);
#8826=ORIENTED_EDGE('',*,*,#6217,.F.);
#8827=ORIENTED_EDGE('',*,*,#6205,.F.);
#8828=ORIENTED_EDGE('',*,*,#6219,.F.);
#8829=ORIENTED_EDGE('',*,*,#6221,.F.);
#8830=ORIENTED_EDGE('',*,*,#6223,.F.);
#8831=ORIENTED_EDGE('',*,*,#6225,.F.);
#8832=ORIENTED_EDGE('',*,*,#6226,.F.);
#8833=ORIENTED_EDGE('',*,*,#6215,.F.);
#8834=ORIENTED_EDGE('',*,*,#6227,.F.);
#8835=ORIENTED_EDGE('',*,*,#6228,.T.);
#8836=ORIENTED_EDGE('',*,*,#6229,.T.);
#8837=ORIENTED_EDGE('',*,*,#6230,.F.);
#8838=ORIENTED_EDGE('',*,*,#6231,.T.);
#8839=ORIENTED_EDGE('',*,*,#6232,.T.);
#8840=ORIENTED_EDGE('',*,*,#6233,.T.);
#8841=ORIENTED_EDGE('',*,*,#6234,.T.);
#8842=ORIENTED_EDGE('',*,*,#6227,.T.);
#8843=ORIENTED_EDGE('',*,*,#6235,.T.);
#8844=ORIENTED_EDGE('',*,*,#6236,.T.);
#8845=ORIENTED_EDGE('',*,*,#6237,.T.);
#8846=ORIENTED_EDGE('',*,*,#6238,.T.);
#8847=ORIENTED_EDGE('',*,*,#6239,.T.);
#8848=ORIENTED_EDGE('',*,*,#6240,.T.);
#8849=ORIENTED_EDGE('',*,*,#6232,.F.);
#8850=ORIENTED_EDGE('',*,*,#6241,.T.);
#8851=ORIENTED_EDGE('',*,*,#6242,.T.);
#8852=ORIENTED_EDGE('',*,*,#6238,.F.);
#8853=ORIENTED_EDGE('',*,*,#6231,.F.);
#8854=ORIENTED_EDGE('',*,*,#6243,.T.);
#8855=ORIENTED_EDGE('',*,*,#6244,.T.);
#8856=ORIENTED_EDGE('',*,*,#6241,.F.);
#8857=ORIENTED_EDGE('',*,*,#6237,.F.);
#8858=ORIENTED_EDGE('',*,*,#6245,.T.);
#8859=ORIENTED_EDGE('',*,*,#6246,.T.);
#8860=ORIENTED_EDGE('',*,*,#6243,.F.);
#8861=ORIENTED_EDGE('',*,*,#6236,.F.);
#8862=ORIENTED_EDGE('',*,*,#6230,.T.);
#8863=ORIENTED_EDGE('',*,*,#6247,.T.);
#8864=ORIENTED_EDGE('',*,*,#6245,.F.);
#8865=ORIENTED_EDGE('',*,*,#6235,.F.);
#8866=ORIENTED_EDGE('',*,*,#6248,.T.);
#8867=ORIENTED_EDGE('',*,*,#6249,.T.);
#8868=ORIENTED_EDGE('',*,*,#6228,.F.);
#8869=ORIENTED_EDGE('',*,*,#6234,.F.);
#8870=ORIENTED_EDGE('',*,*,#6240,.F.);
#8871=ORIENTED_EDGE('',*,*,#6250,.T.);
#8872=ORIENTED_EDGE('',*,*,#6248,.F.);
#8873=ORIENTED_EDGE('',*,*,#6233,.F.);
#8874=ORIENTED_EDGE('',*,*,#6242,.F.);
#8875=ORIENTED_EDGE('',*,*,#6244,.F.);
#8876=ORIENTED_EDGE('',*,*,#6246,.F.);
#8877=ORIENTED_EDGE('',*,*,#6247,.F.);
#8878=ORIENTED_EDGE('',*,*,#6229,.F.);
#8879=ORIENTED_EDGE('',*,*,#6249,.F.);
#8880=ORIENTED_EDGE('',*,*,#6250,.F.);
#8881=ORIENTED_EDGE('',*,*,#6239,.F.);
#8882=ORIENTED_EDGE('',*,*,#6251,.F.);
#8883=ORIENTED_EDGE('',*,*,#6252,.F.);
#8884=ORIENTED_EDGE('',*,*,#6253,.F.);
#8885=ORIENTED_EDGE('',*,*,#6254,.F.);
#8886=ORIENTED_EDGE('',*,*,#6255,.F.);
#8887=ORIENTED_EDGE('',*,*,#6256,.F.);
#8888=ORIENTED_EDGE('',*,*,#6257,.F.);
#8889=ORIENTED_EDGE('',*,*,#6258,.F.);
#8890=ORIENTED_EDGE('',*,*,#6259,.T.);
#8891=ORIENTED_EDGE('',*,*,#6258,.T.);
#8892=ORIENTED_EDGE('',*,*,#6260,.T.);
#8893=ORIENTED_EDGE('',*,*,#6261,.T.);
#8894=ORIENTED_EDGE('',*,*,#6262,.T.);
#8895=ORIENTED_EDGE('',*,*,#6251,.T.);
#8896=ORIENTED_EDGE('',*,*,#6259,.F.);
#8897=ORIENTED_EDGE('',*,*,#6263,.T.);
#8898=ORIENTED_EDGE('',*,*,#6264,.T.);
#8899=ORIENTED_EDGE('',*,*,#6252,.T.);
#8900=ORIENTED_EDGE('',*,*,#6262,.F.);
#8901=ORIENTED_EDGE('',*,*,#6265,.T.);
#8902=ORIENTED_EDGE('',*,*,#6266,.T.);
#8903=ORIENTED_EDGE('',*,*,#6253,.T.);
#8904=ORIENTED_EDGE('',*,*,#6264,.F.);
#8905=ORIENTED_EDGE('',*,*,#6267,.T.);
#8906=ORIENTED_EDGE('',*,*,#6268,.T.);
#8907=ORIENTED_EDGE('',*,*,#6254,.T.);
#8908=ORIENTED_EDGE('',*,*,#6266,.F.);
#8909=ORIENTED_EDGE('',*,*,#6269,.T.);
#8910=ORIENTED_EDGE('',*,*,#6270,.T.);
#8911=ORIENTED_EDGE('',*,*,#6255,.T.);
#8912=ORIENTED_EDGE('',*,*,#6268,.F.);
#8913=ORIENTED_EDGE('',*,*,#6271,.T.);
#8914=ORIENTED_EDGE('',*,*,#6272,.T.);
#8915=ORIENTED_EDGE('',*,*,#6256,.T.);
#8916=ORIENTED_EDGE('',*,*,#6270,.F.);
#8917=ORIENTED_EDGE('',*,*,#6273,.T.);
#8918=ORIENTED_EDGE('',*,*,#6260,.F.);
#8919=ORIENTED_EDGE('',*,*,#6257,.T.);
#8920=ORIENTED_EDGE('',*,*,#6272,.F.);
#8921=ORIENTED_EDGE('',*,*,#6274,.T.);
#8922=ORIENTED_EDGE('',*,*,#6263,.F.);
#8923=ORIENTED_EDGE('',*,*,#6261,.F.);
#8924=ORIENTED_EDGE('',*,*,#6274,.F.);
#8925=ORIENTED_EDGE('',*,*,#6273,.F.);
#8926=ORIENTED_EDGE('',*,*,#6271,.F.);
#8927=ORIENTED_EDGE('',*,*,#6269,.F.);
#8928=ORIENTED_EDGE('',*,*,#6267,.F.);
#8929=ORIENTED_EDGE('',*,*,#6265,.F.);
#8930=ORIENTED_EDGE('',*,*,#6275,.T.);
#8931=ORIENTED_EDGE('',*,*,#6276,.T.);
#8932=ORIENTED_EDGE('',*,*,#6277,.T.);
#8933=ORIENTED_EDGE('',*,*,#6278,.T.);
#8934=ORIENTED_EDGE('',*,*,#6279,.T.);
#8935=ORIENTED_EDGE('',*,*,#6280,.T.);
#8936=ORIENTED_EDGE('',*,*,#6281,.T.);
#8937=ORIENTED_EDGE('',*,*,#6282,.T.);
#8938=ORIENTED_EDGE('',*,*,#6283,.T.);
#8939=ORIENTED_EDGE('',*,*,#6284,.T.);
#8940=ORIENTED_EDGE('',*,*,#6285,.T.);
#8941=ORIENTED_EDGE('',*,*,#6276,.F.);
#8942=ORIENTED_EDGE('',*,*,#6286,.T.);
#8943=ORIENTED_EDGE('',*,*,#6287,.T.);
#8944=ORIENTED_EDGE('',*,*,#6283,.F.);
#8945=ORIENTED_EDGE('',*,*,#6275,.F.);
#8946=ORIENTED_EDGE('',*,*,#6288,.T.);
#8947=ORIENTED_EDGE('',*,*,#6289,.T.);
#8948=ORIENTED_EDGE('',*,*,#6286,.F.);
#8949=ORIENTED_EDGE('',*,*,#6282,.F.);
#8950=ORIENTED_EDGE('',*,*,#6290,.T.);
#8951=ORIENTED_EDGE('',*,*,#6291,.T.);
#8952=ORIENTED_EDGE('',*,*,#6288,.F.);
#8953=ORIENTED_EDGE('',*,*,#6281,.F.);
#8954=ORIENTED_EDGE('',*,*,#6292,.T.);
#8955=ORIENTED_EDGE('',*,*,#6293,.T.);
#8956=ORIENTED_EDGE('',*,*,#6290,.F.);
#8957=ORIENTED_EDGE('',*,*,#6280,.F.);
#8958=ORIENTED_EDGE('',*,*,#6294,.T.);
#8959=ORIENTED_EDGE('',*,*,#6295,.T.);
#8960=ORIENTED_EDGE('',*,*,#6292,.F.);
#8961=ORIENTED_EDGE('',*,*,#6279,.F.);
#8962=ORIENTED_EDGE('',*,*,#6296,.T.);
#8963=ORIENTED_EDGE('',*,*,#6297,.T.);
#8964=ORIENTED_EDGE('',*,*,#6294,.F.);
#8965=ORIENTED_EDGE('',*,*,#6278,.F.);
#8966=ORIENTED_EDGE('',*,*,#6285,.F.);
#8967=ORIENTED_EDGE('',*,*,#6298,.T.);
#8968=ORIENTED_EDGE('',*,*,#6296,.F.);
#8969=ORIENTED_EDGE('',*,*,#6277,.F.);
#8970=ORIENTED_EDGE('',*,*,#6287,.F.);
#8971=ORIENTED_EDGE('',*,*,#6289,.F.);
#8972=ORIENTED_EDGE('',*,*,#6291,.F.);
#8973=ORIENTED_EDGE('',*,*,#6293,.F.);
#8974=ORIENTED_EDGE('',*,*,#6295,.F.);
#8975=ORIENTED_EDGE('',*,*,#6297,.F.);
#8976=ORIENTED_EDGE('',*,*,#6298,.F.);
#8977=ORIENTED_EDGE('',*,*,#6284,.F.);
#8978=ORIENTED_EDGE('',*,*,#6299,.T.);
#8979=ORIENTED_EDGE('',*,*,#6300,.T.);
#8980=ORIENTED_EDGE('',*,*,#6301,.T.);
#8981=ORIENTED_EDGE('',*,*,#6302,.T.);
#8982=ORIENTED_EDGE('',*,*,#6303,.T.);
#8983=ORIENTED_EDGE('',*,*,#6304,.T.);
#8984=ORIENTED_EDGE('',*,*,#6305,.T.);
#8985=ORIENTED_EDGE('',*,*,#6306,.T.);
#8986=ORIENTED_EDGE('',*,*,#6307,.T.);
#8987=ORIENTED_EDGE('',*,*,#6308,.T.);
#8988=ORIENTED_EDGE('',*,*,#6309,.T.);
#8989=ORIENTED_EDGE('',*,*,#6300,.F.);
#8990=ORIENTED_EDGE('',*,*,#6310,.T.);
#8991=ORIENTED_EDGE('',*,*,#6311,.T.);
#8992=ORIENTED_EDGE('',*,*,#6307,.F.);
#8993=ORIENTED_EDGE('',*,*,#6299,.F.);
#8994=ORIENTED_EDGE('',*,*,#6312,.T.);
#8995=ORIENTED_EDGE('',*,*,#6313,.T.);
#8996=ORIENTED_EDGE('',*,*,#6310,.F.);
#8997=ORIENTED_EDGE('',*,*,#6306,.F.);
#8998=ORIENTED_EDGE('',*,*,#6314,.T.);
#8999=ORIENTED_EDGE('',*,*,#6315,.T.);
#9000=ORIENTED_EDGE('',*,*,#6312,.F.);
#9001=ORIENTED_EDGE('',*,*,#6305,.F.);
#9002=ORIENTED_EDGE('',*,*,#6316,.T.);
#9003=ORIENTED_EDGE('',*,*,#6317,.T.);
#9004=ORIENTED_EDGE('',*,*,#6314,.F.);
#9005=ORIENTED_EDGE('',*,*,#6304,.F.);
#9006=ORIENTED_EDGE('',*,*,#6318,.T.);
#9007=ORIENTED_EDGE('',*,*,#6319,.T.);
#9008=ORIENTED_EDGE('',*,*,#6316,.F.);
#9009=ORIENTED_EDGE('',*,*,#6303,.F.);
#9010=ORIENTED_EDGE('',*,*,#6320,.T.);
#9011=ORIENTED_EDGE('',*,*,#6321,.T.);
#9012=ORIENTED_EDGE('',*,*,#6318,.F.);
#9013=ORIENTED_EDGE('',*,*,#6302,.F.);
#9014=ORIENTED_EDGE('',*,*,#6309,.F.);
#9015=ORIENTED_EDGE('',*,*,#6322,.T.);
#9016=ORIENTED_EDGE('',*,*,#6320,.F.);
#9017=ORIENTED_EDGE('',*,*,#6301,.F.);
#9018=ORIENTED_EDGE('',*,*,#6311,.F.);
#9019=ORIENTED_EDGE('',*,*,#6313,.F.);
#9020=ORIENTED_EDGE('',*,*,#6315,.F.);
#9021=ORIENTED_EDGE('',*,*,#6317,.F.);
#9022=ORIENTED_EDGE('',*,*,#6319,.F.);
#9023=ORIENTED_EDGE('',*,*,#6321,.F.);
#9024=ORIENTED_EDGE('',*,*,#6322,.F.);
#9025=ORIENTED_EDGE('',*,*,#6308,.F.);
#9026=ORIENTED_EDGE('',*,*,#6323,.F.);
#9027=ORIENTED_EDGE('',*,*,#6324,.F.);
#9028=ORIENTED_EDGE('',*,*,#6325,.F.);
#9029=ORIENTED_EDGE('',*,*,#6326,.F.);
#9030=ORIENTED_EDGE('',*,*,#6327,.F.);
#9031=ORIENTED_EDGE('',*,*,#6328,.F.);
#9032=ORIENTED_EDGE('',*,*,#6329,.F.);
#9033=ORIENTED_EDGE('',*,*,#6330,.F.);
#9034=ORIENTED_EDGE('',*,*,#6331,.T.);
#9035=ORIENTED_EDGE('',*,*,#6330,.T.);
#9036=ORIENTED_EDGE('',*,*,#6332,.T.);
#9037=ORIENTED_EDGE('',*,*,#6333,.T.);
#9038=ORIENTED_EDGE('',*,*,#6334,.T.);
#9039=ORIENTED_EDGE('',*,*,#6323,.T.);
#9040=ORIENTED_EDGE('',*,*,#6331,.F.);
#9041=ORIENTED_EDGE('',*,*,#6335,.T.);
#9042=ORIENTED_EDGE('',*,*,#6336,.T.);
#9043=ORIENTED_EDGE('',*,*,#6324,.T.);
#9044=ORIENTED_EDGE('',*,*,#6334,.F.);
#9045=ORIENTED_EDGE('',*,*,#6337,.T.);
#9046=ORIENTED_EDGE('',*,*,#6338,.T.);
#9047=ORIENTED_EDGE('',*,*,#6325,.T.);
#9048=ORIENTED_EDGE('',*,*,#6336,.F.);
#9049=ORIENTED_EDGE('',*,*,#6339,.T.);
#9050=ORIENTED_EDGE('',*,*,#6340,.T.);
#9051=ORIENTED_EDGE('',*,*,#6326,.T.);
#9052=ORIENTED_EDGE('',*,*,#6338,.F.);
#9053=ORIENTED_EDGE('',*,*,#6341,.T.);
#9054=ORIENTED_EDGE('',*,*,#6342,.T.);
#9055=ORIENTED_EDGE('',*,*,#6327,.T.);
#9056=ORIENTED_EDGE('',*,*,#6340,.F.);
#9057=ORIENTED_EDGE('',*,*,#6343,.T.);
#9058=ORIENTED_EDGE('',*,*,#6344,.T.);
#9059=ORIENTED_EDGE('',*,*,#6328,.T.);
#9060=ORIENTED_EDGE('',*,*,#6342,.F.);
#9061=ORIENTED_EDGE('',*,*,#6345,.T.);
#9062=ORIENTED_EDGE('',*,*,#6332,.F.);
#9063=ORIENTED_EDGE('',*,*,#6329,.T.);
#9064=ORIENTED_EDGE('',*,*,#6344,.F.);
#9065=ORIENTED_EDGE('',*,*,#6346,.T.);
#9066=ORIENTED_EDGE('',*,*,#6335,.F.);
#9067=ORIENTED_EDGE('',*,*,#6333,.F.);
#9068=ORIENTED_EDGE('',*,*,#6346,.F.);
#9069=ORIENTED_EDGE('',*,*,#6345,.F.);
#9070=ORIENTED_EDGE('',*,*,#6343,.F.);
#9071=ORIENTED_EDGE('',*,*,#6341,.F.);
#9072=ORIENTED_EDGE('',*,*,#6339,.F.);
#9073=ORIENTED_EDGE('',*,*,#6337,.F.);
#9074=ORIENTED_EDGE('',*,*,#6347,.F.);
#9075=ORIENTED_EDGE('',*,*,#6348,.F.);
#9076=ORIENTED_EDGE('',*,*,#6349,.F.);
#9077=ORIENTED_EDGE('',*,*,#6350,.F.);
#9078=ORIENTED_EDGE('',*,*,#6351,.F.);
#9079=ORIENTED_EDGE('',*,*,#6352,.F.);
#9080=ORIENTED_EDGE('',*,*,#6353,.F.);
#9081=ORIENTED_EDGE('',*,*,#6354,.F.);
#9082=ORIENTED_EDGE('',*,*,#6355,.T.);
#9083=ORIENTED_EDGE('',*,*,#6354,.T.);
#9084=ORIENTED_EDGE('',*,*,#6356,.T.);
#9085=ORIENTED_EDGE('',*,*,#6357,.T.);
#9086=ORIENTED_EDGE('',*,*,#6358,.T.);
#9087=ORIENTED_EDGE('',*,*,#6347,.T.);
#9088=ORIENTED_EDGE('',*,*,#6355,.F.);
#9089=ORIENTED_EDGE('',*,*,#6359,.T.);
#9090=ORIENTED_EDGE('',*,*,#6360,.T.);
#9091=ORIENTED_EDGE('',*,*,#6348,.T.);
#9092=ORIENTED_EDGE('',*,*,#6358,.F.);
#9093=ORIENTED_EDGE('',*,*,#6361,.T.);
#9094=ORIENTED_EDGE('',*,*,#6362,.T.);
#9095=ORIENTED_EDGE('',*,*,#6349,.T.);
#9096=ORIENTED_EDGE('',*,*,#6360,.F.);
#9097=ORIENTED_EDGE('',*,*,#6363,.T.);
#9098=ORIENTED_EDGE('',*,*,#6364,.T.);
#9099=ORIENTED_EDGE('',*,*,#6350,.T.);
#9100=ORIENTED_EDGE('',*,*,#6362,.F.);
#9101=ORIENTED_EDGE('',*,*,#6365,.T.);
#9102=ORIENTED_EDGE('',*,*,#6366,.T.);
#9103=ORIENTED_EDGE('',*,*,#6351,.T.);
#9104=ORIENTED_EDGE('',*,*,#6364,.F.);
#9105=ORIENTED_EDGE('',*,*,#6367,.T.);
#9106=ORIENTED_EDGE('',*,*,#6368,.T.);
#9107=ORIENTED_EDGE('',*,*,#6352,.T.);
#9108=ORIENTED_EDGE('',*,*,#6366,.F.);
#9109=ORIENTED_EDGE('',*,*,#6369,.T.);
#9110=ORIENTED_EDGE('',*,*,#6356,.F.);
#9111=ORIENTED_EDGE('',*,*,#6353,.T.);
#9112=ORIENTED_EDGE('',*,*,#6368,.F.);
#9113=ORIENTED_EDGE('',*,*,#6370,.T.);
#9114=ORIENTED_EDGE('',*,*,#6359,.F.);
#9115=ORIENTED_EDGE('',*,*,#6357,.F.);
#9116=ORIENTED_EDGE('',*,*,#6370,.F.);
#9117=ORIENTED_EDGE('',*,*,#6369,.F.);
#9118=ORIENTED_EDGE('',*,*,#6367,.F.);
#9119=ORIENTED_EDGE('',*,*,#6365,.F.);
#9120=ORIENTED_EDGE('',*,*,#6363,.F.);
#9121=ORIENTED_EDGE('',*,*,#6361,.F.);
#9122=ORIENTED_EDGE('',*,*,#6371,.T.);
#9123=ORIENTED_EDGE('',*,*,#6372,.T.);
#9124=ORIENTED_EDGE('',*,*,#6373,.T.);
#9125=ORIENTED_EDGE('',*,*,#6374,.T.);
#9126=ORIENTED_EDGE('',*,*,#6375,.T.);
#9127=ORIENTED_EDGE('',*,*,#6376,.T.);
#9128=ORIENTED_EDGE('',*,*,#6377,.T.);
#9129=ORIENTED_EDGE('',*,*,#6378,.T.);
#9130=ORIENTED_EDGE('',*,*,#6379,.T.);
#9131=ORIENTED_EDGE('',*,*,#6380,.T.);
#9132=ORIENTED_EDGE('',*,*,#6381,.T.);
#9133=ORIENTED_EDGE('',*,*,#6382,.T.);
#9134=ORIENTED_EDGE('',*,*,#6372,.F.);
#9135=ORIENTED_EDGE('',*,*,#6383,.T.);
#9136=ORIENTED_EDGE('',*,*,#6384,.T.);
#9137=ORIENTED_EDGE('',*,*,#6380,.F.);
#9138=ORIENTED_EDGE('',*,*,#6371,.F.);
#9139=ORIENTED_EDGE('',*,*,#6385,.T.);
#9140=ORIENTED_EDGE('',*,*,#6386,.T.);
#9141=ORIENTED_EDGE('',*,*,#6383,.F.);
#9142=ORIENTED_EDGE('',*,*,#6379,.F.);
#9143=ORIENTED_EDGE('',*,*,#6387,.T.);
#9144=ORIENTED_EDGE('',*,*,#6388,.T.);
#9145=ORIENTED_EDGE('',*,*,#6385,.F.);
#9146=ORIENTED_EDGE('',*,*,#6378,.F.);
#9147=ORIENTED_EDGE('',*,*,#6389,.T.);
#9148=ORIENTED_EDGE('',*,*,#6390,.T.);
#9149=ORIENTED_EDGE('',*,*,#6387,.F.);
#9150=ORIENTED_EDGE('',*,*,#6377,.F.);
#9151=ORIENTED_EDGE('',*,*,#6391,.T.);
#9152=ORIENTED_EDGE('',*,*,#6392,.T.);
#9153=ORIENTED_EDGE('',*,*,#6389,.F.);
#9154=ORIENTED_EDGE('',*,*,#6376,.F.);
#9155=ORIENTED_EDGE('',*,*,#6393,.T.);
#9156=ORIENTED_EDGE('',*,*,#6394,.T.);
#9157=ORIENTED_EDGE('',*,*,#6391,.F.);
#9158=ORIENTED_EDGE('',*,*,#6375,.F.);
#9159=ORIENTED_EDGE('',*,*,#6395,.T.);
#9160=ORIENTED_EDGE('',*,*,#6396,.T.);
#9161=ORIENTED_EDGE('',*,*,#6393,.F.);
#9162=ORIENTED_EDGE('',*,*,#6374,.F.);
#9163=ORIENTED_EDGE('',*,*,#6382,.F.);
#9164=ORIENTED_EDGE('',*,*,#6397,.T.);
#9165=ORIENTED_EDGE('',*,*,#6395,.F.);
#9166=ORIENTED_EDGE('',*,*,#6373,.F.);
#9167=ORIENTED_EDGE('',*,*,#6384,.F.);
#9168=ORIENTED_EDGE('',*,*,#6386,.F.);
#9169=ORIENTED_EDGE('',*,*,#6388,.F.);
#9170=ORIENTED_EDGE('',*,*,#6390,.F.);
#9171=ORIENTED_EDGE('',*,*,#6392,.F.);
#9172=ORIENTED_EDGE('',*,*,#6394,.F.);
#9173=ORIENTED_EDGE('',*,*,#6396,.F.);
#9174=ORIENTED_EDGE('',*,*,#6397,.F.);
#9175=ORIENTED_EDGE('',*,*,#6381,.F.);
#9176=PLANE('',#10201);
#9177=PLANE('',#10203);
#9178=PLANE('',#10204);
#9179=PLANE('',#10205);
#9180=PLANE('',#10206);
#9181=PLANE('',#10207);
#9182=PLANE('',#10208);
#9183=PLANE('',#10209);
#9184=PLANE('',#10212);
#9185=PLANE('',#10213);
#9186=PLANE('',#10215);
#9187=PLANE('',#10216);
#9188=PLANE('',#10217);
#9189=PLANE('',#10218);
#9190=PLANE('',#10219);
#9191=PLANE('',#10220);
#9192=PLANE('',#10223);
#9193=PLANE('',#10224);
#9194=PLANE('',#10225);
#9195=PLANE('',#10227);
#9196=PLANE('',#10228);
#9197=PLANE('',#10229);
#9198=PLANE('',#10230);
#9199=PLANE('',#10231);
#9200=PLANE('',#10232);
#9201=PLANE('',#10233);
#9202=PLANE('',#10236);
#9203=PLANE('',#10240);
#9204=PLANE('',#10241);
#9205=PLANE('',#10242);
#9206=PLANE('',#10243);
#9207=PLANE('',#10244);
#9208=PLANE('',#10245);
#9209=PLANE('',#10246);
#9210=PLANE('',#10247);
#9211=PLANE('',#10248);
#9212=PLANE('',#10249);
#9213=PLANE('',#10251);
#9214=PLANE('',#10252);
#9215=PLANE('',#10253);
#9216=PLANE('',#10254);
#9217=PLANE('',#10255);
#9218=PLANE('',#10256);
#9219=PLANE('',#10259);
#9220=PLANE('',#10260);
#9221=PLANE('',#10261);
#9222=PLANE('',#10265);
#9223=PLANE('',#10266);
#9224=PLANE('',#10267);
#9225=PLANE('',#10268);
#9226=PLANE('',#10269);
#9227=PLANE('',#10270);
#9228=PLANE('',#10271);
#9229=PLANE('',#10272);
#9230=PLANE('',#10273);
#9231=PLANE('',#10277);
#9232=PLANE('',#10278);
#9233=PLANE('',#10279);
#9234=PLANE('',#10280);
#9235=PLANE('',#10281);
#9236=PLANE('',#10282);
#9237=PLANE('',#10283);
#9238=PLANE('',#10284);
#9239=PLANE('',#10288);
#9240=PLANE('',#10289);
#9241=PLANE('',#10290);
#9242=PLANE('',#10291);
#9243=PLANE('',#10292);
#9244=PLANE('',#10293);
#9245=PLANE('',#10294);
#9246=PLANE('',#10295);
#9247=PLANE('',#10296);
#9248=PLANE('',#10297);
#9249=PLANE('',#10301);
#9250=PLANE('',#10302);
#9251=PLANE('',#10303);
#9252=PLANE('',#10304);
#9253=PLANE('',#10305);
#9254=PLANE('',#10306);
#9255=PLANE('',#10307);
#9256=PLANE('',#10308);
#9257=PLANE('',#10312);
#9258=PLANE('',#10313);
#9259=PLANE('',#10314);
#9260=PLANE('',#10315);
#9261=PLANE('',#10316);
#9262=PLANE('',#10317);
#9263=PLANE('',#10318);
#9264=PLANE('',#10319);
#9265=PLANE('',#10320);
#9266=PLANE('',#10321);
#9267=PLANE('',#10325);
#9268=PLANE('',#10326);
#9269=PLANE('',#10327);
#9270=PLANE('',#10328);
#9271=PLANE('',#10329);
#9272=PLANE('',#10330);
#9273=PLANE('',#10331);
#9274=PLANE('',#10332);
#9275=PLANE('',#10336);
#9276=PLANE('',#10337);
#9277=PLANE('',#10338);
#9278=PLANE('',#10339);
#9279=PLANE('',#10340);
#9280=PLANE('',#10341);
#9281=PLANE('',#10342);
#9282=PLANE('',#10343);
#9283=PLANE('',#10344);
#9284=PLANE('',#10345);
#9285=PLANE('',#10349);
#9286=PLANE('',#10350);
#9287=PLANE('',#10351);
#9288=PLANE('',#10352);
#9289=PLANE('',#10353);
#9290=PLANE('',#10354);
#9291=PLANE('',#10355);
#9292=PLANE('',#10356);
#9293=PLANE('',#10360);
#9294=PLANE('',#10361);
#9295=PLANE('',#10362);
#9296=PLANE('',#10363);
#9297=PLANE('',#10364);
#9298=PLANE('',#10365);
#9299=PLANE('',#10366);
#9300=PLANE('',#10367);
#9301=PLANE('',#10368);
#9302=PLANE('',#10369);
#9303=PLANE('',#10371);
#9304=PLANE('',#10372);
#9305=PLANE('',#10373);
#9306=PLANE('',#10374);
#9307=PLANE('',#10375);
#9308=PLANE('',#10376);
#9309=PLANE('',#10377);
#9310=PLANE('',#10380);
#9311=PLANE('',#10381);
#9312=PLANE('',#10385);
#9313=PLANE('',#10386);
#9314=PLANE('',#10387);
#9315=PLANE('',#10388);
#9316=PLANE('',#10389);
#9317=PLANE('',#10390);
#9318=PLANE('',#10391);
#9319=PLANE('',#10392);
#9320=PLANE('',#10393);
#9321=PLANE('',#10395);
#9322=PLANE('',#10396);
#9323=PLANE('',#10397);
#9324=PLANE('',#10398);
#9325=PLANE('',#10399);
#9326=PLANE('',#10400);
#9327=PLANE('',#10401);
#9328=PLANE('',#10404);
#9329=PLANE('',#10405);
#9330=PLANE('',#10407);
#9331=PLANE('',#10408);
#9332=PLANE('',#10409);
#9333=PLANE('',#10410);
#9334=PLANE('',#10411);
#9335=PLANE('',#10412);
#9336=PLANE('',#10415);
#9337=PLANE('',#10416);
#9338=PLANE('',#10417);
#9339=PLANE('',#10419);
#9340=PLANE('',#10420);
#9341=PLANE('',#10421);
#9342=PLANE('',#10422);
#9343=PLANE('',#10423);
#9344=PLANE('',#10424);
#9345=PLANE('',#10427);
#9346=PLANE('',#10428);
#9347=PLANE('',#10429);
#9348=PLANE('',#10433);
#9349=PLANE('',#10434);
#9350=PLANE('',#10435);
#9351=PLANE('',#10436);
#9352=PLANE('',#10437);
#9353=PLANE('',#10438);
#9354=PLANE('',#10439);
#9355=PLANE('',#10440);
#9356=PLANE('',#10465);
#9357=PLANE('',#10466);
#9358=PLANE('',#10467);
#9359=PLANE('',#10468);
#9360=PLANE('',#10469);
#9361=PLANE('',#10470);
#9362=PLANE('',#10496);
#9363=PLANE('',#10497);
#9364=PLANE('',#10499);
#9365=PLANE('',#10500);
#9366=PLANE('',#10501);
#9367=PLANE('',#10503);
#9368=PLANE('',#10504);
#9369=PLANE('',#10505);
#9370=PLANE('',#10507);
#9371=PLANE('',#10508);
#9372=PLANE('',#10509);
#9373=PLANE('',#10511);
#9374=PLANE('',#10512);
#9375=PLANE('',#10513);
#9376=PLANE('',#10515);
#9377=PLANE('',#10516);
#9378=PLANE('',#10517);
#9379=PLANE('',#10519);
#9380=PLANE('',#10520);
#9381=PLANE('',#10521);
#9382=PLANE('',#10523);
#9383=PLANE('',#10524);
#9384=PLANE('',#10525);
#9385=PLANE('',#10526);
#9386=PLANE('',#10527);
#9387=PLANE('',#10528);
#9388=PLANE('',#10529);
#9389=PLANE('',#10530);
#9390=PLANE('',#10531);
#9391=PLANE('',#10532);
#9392=PLANE('',#10533);
#9393=PLANE('',#10534);
#9394=PLANE('',#10535);
#9395=PLANE('',#10536);
#9396=PLANE('',#10537);
#9397=PLANE('',#10538);
#9398=PLANE('',#10539);
#9399=PLANE('',#10540);
#9400=PLANE('',#10541);
#9401=PLANE('',#10542);
#9402=PLANE('',#10543);
#9403=PLANE('',#10544);
#9404=PLANE('',#10545);
#9405=PLANE('',#10546);
#9406=PLANE('',#10548);
#9407=PLANE('',#10549);
#9408=PLANE('',#10550);
#9409=PLANE('',#10552);
#9410=PLANE('',#10553);
#9411=PLANE('',#10554);
#9412=PLANE('',#10556);
#9413=PLANE('',#10557);
#9414=PLANE('',#10558);
#9415=PLANE('',#10560);
#9416=PLANE('',#10561);
#9417=PLANE('',#10562);
#9418=PLANE('',#10564);
#9419=PLANE('',#10565);
#9420=PLANE('',#10566);
#9421=PLANE('',#10568);
#9422=PLANE('',#10569);
#9423=PLANE('',#10570);
#9424=PLANE('',#10572);
#9425=PLANE('',#10573);
#9426=PLANE('',#10574);
#9427=PLANE('',#10576);
#9428=PLANE('',#10577);
#9429=PLANE('',#10578);
#9430=PLANE('',#10580);
#9431=PLANE('',#10581);
#9432=PLANE('',#10582);
#9433=PLANE('',#10584);
#9434=PLANE('',#10585);
#9435=PLANE('',#10586);
#9436=PLANE('',#10588);
#9437=PLANE('',#10589);
#9438=PLANE('',#10590);
#9439=PLANE('',#10592);
#9440=PLANE('',#10593);
#9441=PLANE('',#10594);
#9442=PLANE('',#10596);
#9443=PLANE('',#10597);
#9444=PLANE('',#10598);
#9445=PLANE('',#10600);
#9446=PLANE('',#10601);
#9447=PLANE('',#10602);
#9448=PLANE('',#10603);
#9449=PLANE('',#10605);
#9450=PLANE('',#10606);
#9451=PLANE('',#10607);
#9452=PLANE('',#10608);
#9453=PLANE('',#10610);
#9454=PLANE('',#10611);
#9455=PLANE('',#10612);
#9456=PLANE('',#10613);
#9457=PLANE('',#10615);
#9458=PLANE('',#10616);
#9459=PLANE('',#10617);
#9460=PLANE('',#10618);
#9461=PLANE('',#10620);
#9462=PLANE('',#10621);
#9463=PLANE('',#10622);
#9464=PLANE('',#10623);
#9465=PLANE('',#10625);
#9466=PLANE('',#10626);
#9467=PLANE('',#10627);
#9468=PLANE('',#10628);
#9469=PLANE('',#10630);
#9470=PLANE('',#10631);
#9471=PLANE('',#10632);
#9472=PLANE('',#10633);
#9473=PLANE('',#10635);
#9474=PLANE('',#10636);
#9475=PLANE('',#10637);
#9476=PLANE('',#10638);
#9477=PLANE('',#10639);
#9478=PLANE('',#10640);
#9479=PLANE('',#10641);
#9480=PLANE('',#10642);
#9481=PLANE('',#10643);
#9482=PLANE('',#10644);
#9483=PLANE('',#10645);
#9484=PLANE('',#10646);
#9485=PLANE('',#10647);
#9486=PLANE('',#10648);
#9487=PLANE('',#10649);
#9488=PLANE('',#10650);
#9489=PLANE('',#10651);
#9490=PLANE('',#10652);
#9491=PLANE('',#10653);
#9492=PLANE('',#10654);
#9493=PLANE('',#10655);
#9494=PLANE('',#10656);
#9495=PLANE('',#10657);
#9496=PLANE('',#10658);
#9497=PLANE('',#10659);
#9498=PLANE('',#10660);
#9499=PLANE('',#10661);
#9500=PLANE('',#10662);
#9501=PLANE('',#10663);
#9502=PLANE('',#10664);
#9503=PLANE('',#10665);
#9504=PLANE('',#10666);
#9505=PLANE('',#10668);
#9506=PLANE('',#10669);
#9507=PLANE('',#10670);
#9508=PLANE('',#10671);
#9509=PLANE('',#10673);
#9510=PLANE('',#10674);
#9511=PLANE('',#10675);
#9512=PLANE('',#10676);
#9513=PLANE('',#10678);
#9514=PLANE('',#10679);
#9515=PLANE('',#10680);
#9516=PLANE('',#10681);
#9517=PLANE('',#10683);
#9518=PLANE('',#10684);
#9519=PLANE('',#10685);
#9520=PLANE('',#10686);
#9521=PLANE('',#10688);
#9522=PLANE('',#10689);
#9523=PLANE('',#10690);
#9524=PLANE('',#10691);
#9525=PLANE('',#10693);
#9526=PLANE('',#10694);
#9527=PLANE('',#10695);
#9528=PLANE('',#10696);
#9529=PLANE('',#10698);
#9530=PLANE('',#10699);
#9531=PLANE('',#10700);
#9532=PLANE('',#10701);
#9533=PLANE('',#10702);
#9534=PLANE('',#10704);
#9535=PLANE('',#10705);
#9536=PLANE('',#10706);
#9537=PLANE('',#10707);
#9538=PLANE('',#10709);
#9539=PLANE('',#10710);
#9540=PLANE('',#10711);
#9541=PLANE('',#10712);
#9542=PLANE('',#10714);
#9543=PLANE('',#10715);
#9544=PLANE('',#10716);
#9545=PLANE('',#10717);
#9546=PLANE('',#10719);
#9547=PLANE('',#10720);
#9548=PLANE('',#10721);
#9549=PLANE('',#10722);
#9550=PLANE('',#10724);
#9551=PLANE('',#10725);
#9552=PLANE('',#10726);
#9553=PLANE('',#10727);
#9554=PLANE('',#10729);
#9555=PLANE('',#10730);
#9556=PLANE('',#10731);
#9557=PLANE('',#10732);
#9558=PLANE('',#10734);
#9559=PLANE('',#10759);
#9560=PLANE('',#10763);
#9561=PLANE('',#10764);
#9562=PLANE('',#10765);
#9563=PLANE('',#10766);
#9564=PLANE('',#10767);
#9565=PLANE('',#10768);
#9566=PLANE('',#10769);
#9567=PLANE('',#10770);
#9568=PLANE('',#10771);
#9569=PLANE('',#10775);
#9570=PLANE('',#10776);
#9571=PLANE('',#10777);
#9572=PLANE('',#10778);
#9573=PLANE('',#10779);
#9574=PLANE('',#10780);
#9575=PLANE('',#10781);
#9576=PLANE('',#10782);
#9577=PLANE('',#10783);
#9578=PLANE('',#10784);
#9579=PLANE('',#10786);
#9580=PLANE('',#10787);
#9581=PLANE('',#10788);
#9582=PLANE('',#10789);
#9583=PLANE('',#10790);
#9584=PLANE('',#10793);
#9585=PLANE('',#10794);
#9586=PLANE('',#10795);
#9587=PLANE('',#10796);
#9588=PLANE('',#10798);
#9589=PLANE('',#10799);
#9590=PLANE('',#10802);
#9591=PLANE('',#10803);
#9592=PLANE('',#10804);
#9593=PLANE('',#10805);
#9594=PLANE('',#10806);
#9595=PLANE('',#10807);
#9596=PLANE('',#10808);
#9597=PLANE('',#10810);
#9598=PLANE('',#10811);
#9599=PLANE('',#10814);
#9600=PLANE('',#10815);
#9601=PLANE('',#10816);
#9602=PLANE('',#10817);
#9603=PLANE('',#10818);
#9604=PLANE('',#10819);
#9605=PLANE('',#10820);
#9606=PLANE('',#10822);
#9607=PLANE('',#10823);
#9608=PLANE('',#10824);
#9609=PLANE('',#10827);
#9610=PLANE('',#10828);
#9611=PLANE('',#10829);
#9612=PLANE('',#10830);
#9613=PLANE('',#10831);
#9614=PLANE('',#10832);
#9615=PLANE('',#10834);
#9616=PLANE('',#10835);
#9617=PLANE('',#10836);
#9618=PLANE('',#10837);
#9619=PLANE('',#10838);
#9620=PLANE('',#10841);
#9621=PLANE('',#10842);
#9622=PLANE('',#10843);
#9623=PLANE('',#10844);
#9624=PLANE('',#10846);
#9625=PLANE('',#10847);
#9626=PLANE('',#10848);
#9627=PLANE('',#10851);
#9628=PLANE('',#10852);
#9629=PLANE('',#10853);
#9630=PLANE('',#10854);
#9631=PLANE('',#10855);
#9632=PLANE('',#10856);
#9633=ADVANCED_FACE('',(#386),#9176,.T.);
#9634=ADVANCED_FACE('',(#387),#9177,.F.);
#9635=ADVANCED_FACE('',(#388),#9178,.F.);
#9636=ADVANCED_FACE('',(#389),#9179,.F.);
#9637=ADVANCED_FACE('',(#390),#9180,.F.);
#9638=ADVANCED_FACE('',(#391),#9181,.F.);
#9639=ADVANCED_FACE('',(#392),#9182,.F.);
#9640=ADVANCED_FACE('',(#393),#9183,.F.);
#9641=ADVANCED_FACE('',(#394),#321,.T.);
#9642=ADVANCED_FACE('',(#395),#9184,.T.);
#9643=ADVANCED_FACE('',(#396),#9185,.T.);
#9644=ADVANCED_FACE('',(#397),#9186,.F.);
#9645=ADVANCED_FACE('',(#398),#9187,.F.);
#9646=ADVANCED_FACE('',(#399),#9188,.F.);
#9647=ADVANCED_FACE('',(#400),#9189,.F.);
#9648=ADVANCED_FACE('',(#401),#9190,.F.);
#9649=ADVANCED_FACE('',(#402),#9191,.F.);
#9650=ADVANCED_FACE('',(#403),#322,.T.);
#9651=ADVANCED_FACE('',(#404),#9192,.F.);
#9652=ADVANCED_FACE('',(#405),#9193,.F.);
#9653=ADVANCED_FACE('',(#406),#9194,.F.);
#9654=ADVANCED_FACE('',(#407),#9195,.F.);
#9655=ADVANCED_FACE('',(#408),#9196,.F.);
#9656=ADVANCED_FACE('',(#409),#9197,.F.);
#9657=ADVANCED_FACE('',(#410),#9198,.F.);
#9658=ADVANCED_FACE('',(#411),#9199,.F.);
#9659=ADVANCED_FACE('',(#412),#9200,.F.);
#9660=ADVANCED_FACE('',(#413),#9201,.F.);
#9661=ADVANCED_FACE('',(#414),#323,.T.);
#9662=ADVANCED_FACE('',(#415),#9202,.F.);
#9663=ADVANCED_FACE('',(#416),#324,.T.);
#9664=ADVANCED_FACE('',(#417),#9203,.F.);
#9665=ADVANCED_FACE('',(#418),#9204,.F.);
#9666=ADVANCED_FACE('',(#419),#9205,.F.);
#9667=ADVANCED_FACE('',(#420),#9206,.F.);
#9668=ADVANCED_FACE('',(#421),#9207,.F.);
#9669=ADVANCED_FACE('',(#422),#9208,.F.);
#9670=ADVANCED_FACE('',(#423),#9209,.F.);
#9671=ADVANCED_FACE('',(#424),#9210,.F.);
#9672=ADVANCED_FACE('',(#425),#9211,.T.);
#9673=ADVANCED_FACE('',(#426),#9212,.T.);
#9674=ADVANCED_FACE('',(#427),#9213,.F.);
#9675=ADVANCED_FACE('',(#428),#9214,.F.);
#9676=ADVANCED_FACE('',(#429),#9215,.F.);
#9677=ADVANCED_FACE('',(#430),#9216,.F.);
#9678=ADVANCED_FACE('',(#431),#9217,.F.);
#9679=ADVANCED_FACE('',(#432),#9218,.F.);
#9680=ADVANCED_FACE('',(#433),#325,.T.);
#9681=ADVANCED_FACE('',(#434),#9219,.F.);
#9682=ADVANCED_FACE('',(#435),#9220,.T.);
#9683=ADVANCED_FACE('',(#436),#9221,.F.);
#9684=ADVANCED_FACE('',(#437),#326,.T.);
#9685=ADVANCED_FACE('',(#438),#9222,.F.);
#9686=ADVANCED_FACE('',(#439),#9223,.F.);
#9687=ADVANCED_FACE('',(#440),#9224,.F.);
#9688=ADVANCED_FACE('',(#441),#9225,.F.);
#9689=ADVANCED_FACE('',(#442),#9226,.F.);
#9690=ADVANCED_FACE('',(#443),#9227,.F.);
#9691=ADVANCED_FACE('',(#444),#9228,.F.);
#9692=ADVANCED_FACE('',(#445),#9229,.T.);
#9693=ADVANCED_FACE('',(#446),#9230,.F.);
#9694=ADVANCED_FACE('',(#447),#327,.T.);
#9695=ADVANCED_FACE('',(#448),#9231,.F.);
#9696=ADVANCED_FACE('',(#449),#9232,.F.);
#9697=ADVANCED_FACE('',(#450),#9233,.F.);
#9698=ADVANCED_FACE('',(#451),#9234,.F.);
#9699=ADVANCED_FACE('',(#452),#9235,.F.);
#9700=ADVANCED_FACE('',(#453),#9236,.F.);
#9701=ADVANCED_FACE('',(#454),#9237,.F.);
#9702=ADVANCED_FACE('',(#455),#9238,.F.);
#9703=ADVANCED_FACE('',(#456),#328,.T.);
#9704=ADVANCED_FACE('',(#457),#9239,.T.);
#9705=ADVANCED_FACE('',(#458),#9240,.F.);
#9706=ADVANCED_FACE('',(#459),#9241,.F.);
#9707=ADVANCED_FACE('',(#460),#9242,.F.);
#9708=ADVANCED_FACE('',(#461),#9243,.F.);
#9709=ADVANCED_FACE('',(#462),#9244,.F.);
#9710=ADVANCED_FACE('',(#463),#9245,.F.);
#9711=ADVANCED_FACE('',(#464),#9246,.F.);
#9712=ADVANCED_FACE('',(#465),#9247,.F.);
#9713=ADVANCED_FACE('',(#466),#9248,.F.);
#9714=ADVANCED_FACE('',(#467),#329,.T.);
#9715=ADVANCED_FACE('',(#468),#9249,.F.);
#9716=ADVANCED_FACE('',(#469),#9250,.F.);
#9717=ADVANCED_FACE('',(#470),#9251,.F.);
#9718=ADVANCED_FACE('',(#471),#9252,.F.);
#9719=ADVANCED_FACE('',(#472),#9253,.F.);
#9720=ADVANCED_FACE('',(#473),#9254,.F.);
#9721=ADVANCED_FACE('',(#474),#9255,.F.);
#9722=ADVANCED_FACE('',(#475),#9256,.F.);
#9723=ADVANCED_FACE('',(#476),#330,.T.);
#9724=ADVANCED_FACE('',(#477),#9257,.T.);
#9725=ADVANCED_FACE('',(#478),#9258,.F.);
#9726=ADVANCED_FACE('',(#479),#9259,.F.);
#9727=ADVANCED_FACE('',(#480),#9260,.F.);
#9728=ADVANCED_FACE('',(#481),#9261,.F.);
#9729=ADVANCED_FACE('',(#482),#9262,.F.);
#9730=ADVANCED_FACE('',(#483),#9263,.F.);
#9731=ADVANCED_FACE('',(#484),#9264,.F.);
#9732=ADVANCED_FACE('',(#485),#9265,.F.);
#9733=ADVANCED_FACE('',(#486),#9266,.F.);
#9734=ADVANCED_FACE('',(#487),#331,.T.);
#9735=ADVANCED_FACE('',(#488),#9267,.F.);
#9736=ADVANCED_FACE('',(#489),#9268,.F.);
#9737=ADVANCED_FACE('',(#490),#9269,.F.);
#9738=ADVANCED_FACE('',(#491),#9270,.F.);
#9739=ADVANCED_FACE('',(#492),#9271,.F.);
#9740=ADVANCED_FACE('',(#493),#9272,.F.);
#9741=ADVANCED_FACE('',(#494),#9273,.F.);
#9742=ADVANCED_FACE('',(#495),#9274,.F.);
#9743=ADVANCED_FACE('',(#496),#332,.T.);
#9744=ADVANCED_FACE('',(#497),#9275,.F.);
#9745=ADVANCED_FACE('',(#498),#9276,.F.);
#9746=ADVANCED_FACE('',(#499),#9277,.F.);
#9747=ADVANCED_FACE('',(#500),#9278,.F.);
#9748=ADVANCED_FACE('',(#501),#9279,.F.);
#9749=ADVANCED_FACE('',(#502),#9280,.F.);
#9750=ADVANCED_FACE('',(#503),#9281,.F.);
#9751=ADVANCED_FACE('',(#504),#9282,.F.);
#9752=ADVANCED_FACE('',(#505),#9283,.T.);
#9753=ADVANCED_FACE('',(#506),#9284,.F.);
#9754=ADVANCED_FACE('',(#507),#333,.T.);
#9755=ADVANCED_FACE('',(#508),#9285,.F.);
#9756=ADVANCED_FACE('',(#509),#9286,.F.);
#9757=ADVANCED_FACE('',(#510),#9287,.F.);
#9758=ADVANCED_FACE('',(#511),#9288,.F.);
#9759=ADVANCED_FACE('',(#512),#9289,.F.);
#9760=ADVANCED_FACE('',(#513),#9290,.F.);
#9761=ADVANCED_FACE('',(#514),#9291,.F.);
#9762=ADVANCED_FACE('',(#515),#9292,.F.);
#9763=ADVANCED_FACE('',(#516),#334,.T.);
#9764=ADVANCED_FACE('',(#517),#9293,.T.);
#9765=ADVANCED_FACE('',(#518),#9294,.F.);
#9766=ADVANCED_FACE('',(#519),#9295,.F.);
#9767=ADVANCED_FACE('',(#520),#9296,.F.);
#9768=ADVANCED_FACE('',(#521),#9297,.F.);
#9769=ADVANCED_FACE('',(#522),#9298,.F.);
#9770=ADVANCED_FACE('',(#523),#9299,.F.);
#9771=ADVANCED_FACE('',(#524),#9300,.F.);
#9772=ADVANCED_FACE('',(#525),#9301,.F.);
#9773=ADVANCED_FACE('',(#526),#9302,.T.);
#9774=ADVANCED_FACE('',(#527),#9303,.F.);
#9775=ADVANCED_FACE('',(#528),#9304,.F.);
#9776=ADVANCED_FACE('',(#529),#9305,.F.);
#9777=ADVANCED_FACE('',(#530),#9306,.F.);
#9778=ADVANCED_FACE('',(#531),#9307,.F.);
#9779=ADVANCED_FACE('',(#532),#9308,.F.);
#9780=ADVANCED_FACE('',(#533),#9309,.F.);
#9781=ADVANCED_FACE('',(#534),#335,.T.);
#9782=ADVANCED_FACE('',(#535),#9310,.T.);
#9783=ADVANCED_FACE('',(#536),#9311,.F.);
#9784=ADVANCED_FACE('',(#537),#336,.T.);
#9785=ADVANCED_FACE('',(#538),#9312,.F.);
#9786=ADVANCED_FACE('',(#539),#9313,.F.);
#9787=ADVANCED_FACE('',(#540),#9314,.F.);
#9788=ADVANCED_FACE('',(#541),#9315,.F.);
#9789=ADVANCED_FACE('',(#542),#9316,.F.);
#9790=ADVANCED_FACE('',(#543),#9317,.F.);
#9791=ADVANCED_FACE('',(#544),#9318,.F.);
#9792=ADVANCED_FACE('',(#545),#9319,.T.);
#9793=ADVANCED_FACE('',(#546),#9320,.T.);
#9794=ADVANCED_FACE('',(#547),#9321,.F.);
#9795=ADVANCED_FACE('',(#548),#9322,.F.);
#9796=ADVANCED_FACE('',(#549),#9323,.F.);
#9797=ADVANCED_FACE('',(#550),#9324,.F.);
#9798=ADVANCED_FACE('',(#551),#9325,.F.);
#9799=ADVANCED_FACE('',(#552),#9326,.F.);
#9800=ADVANCED_FACE('',(#553),#9327,.F.);
#9801=ADVANCED_FACE('',(#554),#337,.T.);
#9802=ADVANCED_FACE('',(#555),#9328,.T.);
#9803=ADVANCED_FACE('',(#556),#9329,.T.);
#9804=ADVANCED_FACE('',(#557),#9330,.F.);
#9805=ADVANCED_FACE('',(#558),#9331,.F.);
#9806=ADVANCED_FACE('',(#559),#9332,.F.);
#9807=ADVANCED_FACE('',(#560),#9333,.F.);
#9808=ADVANCED_FACE('',(#561),#9334,.F.);
#9809=ADVANCED_FACE('',(#562),#9335,.F.);
#9810=ADVANCED_FACE('',(#563),#338,.T.);
#9811=ADVANCED_FACE('',(#564),#9336,.F.);
#9812=ADVANCED_FACE('',(#565),#9337,.F.);
#9813=ADVANCED_FACE('',(#566),#9338,.T.);
#9814=ADVANCED_FACE('',(#567),#9339,.F.);
#9815=ADVANCED_FACE('',(#568),#9340,.F.);
#9816=ADVANCED_FACE('',(#569),#9341,.F.);
#9817=ADVANCED_FACE('',(#570),#9342,.F.);
#9818=ADVANCED_FACE('',(#571),#9343,.F.);
#9819=ADVANCED_FACE('',(#572),#9344,.F.);
#9820=ADVANCED_FACE('',(#573),#339,.T.);
#9821=ADVANCED_FACE('',(#574),#9345,.F.);
#9822=ADVANCED_FACE('',(#575),#9346,.T.);
#9823=ADVANCED_FACE('',(#576),#9347,.F.);
#9824=ADVANCED_FACE('',(#577),#340,.T.);
#9825=ADVANCED_FACE('',(#578),#9348,.F.);
#9826=ADVANCED_FACE('',(#579),#9349,.F.);
#9827=ADVANCED_FACE('',(#580),#9350,.F.);
#9828=ADVANCED_FACE('',(#581),#9351,.F.);
#9829=ADVANCED_FACE('',(#582),#9352,.F.);
#9830=ADVANCED_FACE('',(#583),#9353,.F.);
#9831=ADVANCED_FACE('',(#584),#9354,.F.);
#9832=ADVANCED_FACE('',(#585),#9355,.T.);
#9833=ADVANCED_FACE('',(#586),#341,.T.);
#9834=ADVANCED_FACE('',(#587),#342,.F.);
#9835=ADVANCED_FACE('',(#588),#343,.F.);
#9836=ADVANCED_FACE('',(#589),#344,.F.);
#9837=ADVANCED_FACE('',(#590),#345,.F.);
#9838=ADVANCED_FACE('',(#591),#346,.F.);
#9839=ADVANCED_FACE('',(#592),#347,.F.);
#9840=ADVANCED_FACE('',(#593),#348,.F.);
#9841=ADVANCED_FACE('',(#594,#17),#9356,.T.);
#9842=ADVANCED_FACE('',(#595),#9357,.F.);
#9843=ADVANCED_FACE('',(#596),#9358,.F.);
#9844=ADVANCED_FACE('',(#597),#9359,.F.);
#9845=ADVANCED_FACE('',(#598),#9360,.F.);
#9846=ADVANCED_FACE('',(#599),#9361,.F.);
#9847=ADVANCED_FACE('',(#600),#9362,.F.);
#9848=ADVANCED_FACE('',(#601),#9363,.T.);
#9849=ADVANCED_FACE('',(#602),#9364,.F.);
#9850=ADVANCED_FACE('',(#603),#9365,.T.);
#9851=ADVANCED_FACE('',(#604),#9366,.F.);
#9852=ADVANCED_FACE('',(#605),#9367,.T.);
#9853=ADVANCED_FACE('',(#606),#9368,.T.);
#9854=ADVANCED_FACE('',(#607),#9369,.F.);
#9855=ADVANCED_FACE('',(#608),#9370,.T.);
#9856=ADVANCED_FACE('',(#609),#9371,.T.);
#9857=ADVANCED_FACE('',(#610),#9372,.F.);
#9858=ADVANCED_FACE('',(#611),#9373,.T.);
#9859=ADVANCED_FACE('',(#612),#9374,.T.);
#9860=ADVANCED_FACE('',(#613),#9375,.F.);
#9861=ADVANCED_FACE('',(#614),#9376,.T.);
#9862=ADVANCED_FACE('',(#615),#9377,.T.);
#9863=ADVANCED_FACE('',(#616),#9378,.F.);
#9864=ADVANCED_FACE('',(#617),#9379,.T.);
#9865=ADVANCED_FACE('',(#618),#9380,.F.);
#9866=ADVANCED_FACE('',(#619),#9381,.F.);
#9867=ADVANCED_FACE('',(#620),#9382,.F.);
#9868=ADVANCED_FACE('',(#621),#9383,.F.);
#9869=ADVANCED_FACE('',(#622),#9384,.F.);
#9870=ADVANCED_FACE('',(#623),#9385,.F.);
#9871=ADVANCED_FACE('',(#624),#9386,.F.);
#9872=ADVANCED_FACE('',(#625),#9387,.T.);
#9873=ADVANCED_FACE('',(#626),#9388,.F.);
#9874=ADVANCED_FACE('',(#627),#9389,.T.);
#9875=ADVANCED_FACE('',(#628),#9390,.T.);
#9876=ADVANCED_FACE('',(#629),#9391,.T.);
#9877=ADVANCED_FACE('',(#630),#9392,.T.);
#9878=ADVANCED_FACE('',(#631),#9393,.T.);
#9879=ADVANCED_FACE('',(#632),#9394,.T.);
#9880=ADVANCED_FACE('',(#633),#9395,.T.);
#9881=ADVANCED_FACE('',(#634),#9396,.T.);
#9882=ADVANCED_FACE('',(#635),#9397,.T.);
#9883=ADVANCED_FACE('',(#636),#9398,.T.);
#9884=ADVANCED_FACE('',(#637),#9399,.T.);
#9885=ADVANCED_FACE('',(#638),#9400,.T.);
#9886=ADVANCED_FACE('',(#639),#9401,.T.);
#9887=ADVANCED_FACE('',(#640),#9402,.T.);
#9888=ADVANCED_FACE('',(#641),#9403,.T.);
#9889=ADVANCED_FACE('',(#642),#9404,.F.);
#9890=ADVANCED_FACE('',(#643),#9405,.F.);
#9891=ADVANCED_FACE('',(#644),#9406,.F.);
#9892=ADVANCED_FACE('',(#645),#9407,.F.);
#9893=ADVANCED_FACE('',(#646),#9408,.T.);
#9894=ADVANCED_FACE('',(#647),#9409,.F.);
#9895=ADVANCED_FACE('',(#648),#9410,.T.);
#9896=ADVANCED_FACE('',(#649),#9411,.F.);
#9897=ADVANCED_FACE('',(#650),#9412,.T.);
#9898=ADVANCED_FACE('',(#651),#9413,.T.);
#9899=ADVANCED_FACE('',(#652),#9414,.F.);
#9900=ADVANCED_FACE('',(#653),#9415,.T.);
#9901=ADVANCED_FACE('',(#654),#9416,.T.);
#9902=ADVANCED_FACE('',(#655),#9417,.F.);
#9903=ADVANCED_FACE('',(#656),#9418,.T.);
#9904=ADVANCED_FACE('',(#657),#9419,.T.);
#9905=ADVANCED_FACE('',(#658),#9420,.F.);
#9906=ADVANCED_FACE('',(#659),#9421,.T.);
#9907=ADVANCED_FACE('',(#660),#9422,.T.);
#9908=ADVANCED_FACE('',(#661),#9423,.F.);
#9909=ADVANCED_FACE('',(#662),#9424,.T.);
#9910=ADVANCED_FACE('',(#663),#9425,.F.);
#9911=ADVANCED_FACE('',(#664),#9426,.T.);
#9912=ADVANCED_FACE('',(#665),#9427,.F.);
#9913=ADVANCED_FACE('',(#666),#9428,.T.);
#9914=ADVANCED_FACE('',(#667),#9429,.F.);
#9915=ADVANCED_FACE('',(#668),#9430,.T.);
#9916=ADVANCED_FACE('',(#669),#9431,.T.);
#9917=ADVANCED_FACE('',(#670),#9432,.F.);
#9918=ADVANCED_FACE('',(#671),#9433,.T.);
#9919=ADVANCED_FACE('',(#672),#9434,.T.);
#9920=ADVANCED_FACE('',(#673),#9435,.F.);
#9921=ADVANCED_FACE('',(#674),#9436,.T.);
#9922=ADVANCED_FACE('',(#675),#9437,.T.);
#9923=ADVANCED_FACE('',(#676),#9438,.F.);
#9924=ADVANCED_FACE('',(#677),#9439,.T.);
#9925=ADVANCED_FACE('',(#678),#9440,.T.);
#9926=ADVANCED_FACE('',(#679),#9441,.F.);
#9927=ADVANCED_FACE('',(#680),#9442,.T.);
#9928=ADVANCED_FACE('',(#681),#9443,.F.);
#9929=ADVANCED_FACE('',(#682),#9444,.F.);
#9930=ADVANCED_FACE('',(#683),#9445,.F.);
#9931=ADVANCED_FACE('',(#684),#9446,.F.);
#9932=ADVANCED_FACE('',(#685),#9447,.F.);
#9933=ADVANCED_FACE('',(#686),#9448,.F.);
#9934=ADVANCED_FACE('',(#687),#349,.F.);
#9935=ADVANCED_FACE('',(#688),#9449,.F.);
#9936=ADVANCED_FACE('',(#689),#9450,.F.);
#9937=ADVANCED_FACE('',(#690),#9451,.T.);
#9938=ADVANCED_FACE('',(#691),#9452,.T.);
#9939=ADVANCED_FACE('',(#692),#350,.F.);
#9940=ADVANCED_FACE('',(#693),#9453,.T.);
#9941=ADVANCED_FACE('',(#694),#9454,.T.);
#9942=ADVANCED_FACE('',(#695),#9455,.T.);
#9943=ADVANCED_FACE('',(#696),#9456,.T.);
#9944=ADVANCED_FACE('',(#697),#351,.F.);
#9945=ADVANCED_FACE('',(#698),#9457,.T.);
#9946=ADVANCED_FACE('',(#699),#9458,.T.);
#9947=ADVANCED_FACE('',(#700),#9459,.T.);
#9948=ADVANCED_FACE('',(#701),#9460,.T.);
#9949=ADVANCED_FACE('',(#702),#352,.F.);
#9950=ADVANCED_FACE('',(#703),#9461,.T.);
#9951=ADVANCED_FACE('',(#704),#9462,.T.);
#9952=ADVANCED_FACE('',(#705),#9463,.T.);
#9953=ADVANCED_FACE('',(#706),#9464,.T.);
#9954=ADVANCED_FACE('',(#707),#353,.F.);
#9955=ADVANCED_FACE('',(#708),#9465,.T.);
#9956=ADVANCED_FACE('',(#709),#9466,.T.);
#9957=ADVANCED_FACE('',(#710),#9467,.T.);
#9958=ADVANCED_FACE('',(#711),#9468,.T.);
#9959=ADVANCED_FACE('',(#712),#354,.F.);
#9960=ADVANCED_FACE('',(#713),#9469,.T.);
#9961=ADVANCED_FACE('',(#714),#9470,.T.);
#9962=ADVANCED_FACE('',(#715),#9471,.F.);
#9963=ADVANCED_FACE('',(#716),#9472,.F.);
#9964=ADVANCED_FACE('',(#717),#355,.F.);
#9965=ADVANCED_FACE('',(#718),#9473,.F.);
#9966=ADVANCED_FACE('',(#719),#9474,.F.);
#9967=ADVANCED_FACE('',(#720),#9475,.F.);
#9968=ADVANCED_FACE('',(#721),#9476,.F.);
#9969=ADVANCED_FACE('',(#722),#9477,.F.);
#9970=ADVANCED_FACE('',(#723),#9478,.F.);
#9971=ADVANCED_FACE('',(#724),#9479,.T.);
#9972=ADVANCED_FACE('',(#725),#9480,.T.);
#9973=ADVANCED_FACE('',(#726),#9481,.T.);
#9974=ADVANCED_FACE('',(#727),#9482,.T.);
#9975=ADVANCED_FACE('',(#728),#9483,.T.);
#9976=ADVANCED_FACE('',(#729),#9484,.T.);
#9977=ADVANCED_FACE('',(#730),#9485,.T.);
#9978=ADVANCED_FACE('',(#731),#9486,.T.);
#9979=ADVANCED_FACE('',(#732),#9487,.T.);
#9980=ADVANCED_FACE('',(#733),#9488,.T.);
#9981=ADVANCED_FACE('',(#734),#9489,.T.);
#9982=ADVANCED_FACE('',(#735),#9490,.T.);
#9983=ADVANCED_FACE('',(#736),#9491,.T.);
#9984=ADVANCED_FACE('',(#737),#9492,.T.);
#9985=ADVANCED_FACE('',(#738),#9493,.T.);
#9986=ADVANCED_FACE('',(#739),#9494,.T.);
#9987=ADVANCED_FACE('',(#740),#9495,.T.);
#9988=ADVANCED_FACE('',(#741),#9496,.T.);
#9989=ADVANCED_FACE('',(#742),#9497,.T.);
#9990=ADVANCED_FACE('',(#743),#9498,.T.);
#9991=ADVANCED_FACE('',(#744),#9499,.F.);
#9992=ADVANCED_FACE('',(#745),#9500,.F.);
#9993=ADVANCED_FACE('',(#746),#9501,.F.);
#9994=ADVANCED_FACE('',(#747),#9502,.F.);
#9995=ADVANCED_FACE('',(#748),#9503,.F.);
#9996=ADVANCED_FACE('',(#749),#9504,.F.);
#9997=ADVANCED_FACE('',(#750),#356,.F.);
#9998=ADVANCED_FACE('',(#751),#9505,.F.);
#9999=ADVANCED_FACE('',(#752),#9506,.F.);
#10000=ADVANCED_FACE('',(#753),#9507,.T.);
#10001=ADVANCED_FACE('',(#754),#9508,.T.);
#10002=ADVANCED_FACE('',(#755),#357,.F.);
#10003=ADVANCED_FACE('',(#756),#9509,.T.);
#10004=ADVANCED_FACE('',(#757),#9510,.T.);
#10005=ADVANCED_FACE('',(#758),#9511,.T.);
#10006=ADVANCED_FACE('',(#759),#9512,.T.);
#10007=ADVANCED_FACE('',(#760),#358,.F.);
#10008=ADVANCED_FACE('',(#761),#9513,.T.);
#10009=ADVANCED_FACE('',(#762),#9514,.T.);
#10010=ADVANCED_FACE('',(#763),#9515,.T.);
#10011=ADVANCED_FACE('',(#764),#9516,.T.);
#10012=ADVANCED_FACE('',(#765),#359,.F.);
#10013=ADVANCED_FACE('',(#766),#9517,.T.);
#10014=ADVANCED_FACE('',(#767),#9518,.T.);
#10015=ADVANCED_FACE('',(#768),#9519,.T.);
#10016=ADVANCED_FACE('',(#769),#9520,.T.);
#10017=ADVANCED_FACE('',(#770),#360,.F.);
#10018=ADVANCED_FACE('',(#771),#9521,.T.);
#10019=ADVANCED_FACE('',(#772),#9522,.T.);
#10020=ADVANCED_FACE('',(#773),#9523,.T.);
#10021=ADVANCED_FACE('',(#774),#9524,.T.);
#10022=ADVANCED_FACE('',(#775),#361,.F.);
#10023=ADVANCED_FACE('',(#776),#9525,.T.);
#10024=ADVANCED_FACE('',(#777),#9526,.T.);
#10025=ADVANCED_FACE('',(#778),#9527,.F.);
#10026=ADVANCED_FACE('',(#779),#9528,.F.);
#10027=ADVANCED_FACE('',(#780),#362,.F.);
#10028=ADVANCED_FACE('',(#781),#9529,.F.);
#10029=ADVANCED_FACE('',(#782),#9530,.F.);
#10030=ADVANCED_FACE('',(#783),#9531,.F.);
#10031=ADVANCED_FACE('',(#784),#9532,.F.);
#10032=ADVANCED_FACE('',(#785),#9533,.F.);
#10033=ADVANCED_FACE('',(#786),#363,.F.);
#10034=ADVANCED_FACE('',(#787),#9534,.F.);
#10035=ADVANCED_FACE('',(#788),#9535,.F.);
#10036=ADVANCED_FACE('',(#789),#9536,.T.);
#10037=ADVANCED_FACE('',(#790),#9537,.T.);
#10038=ADVANCED_FACE('',(#791),#364,.F.);
#10039=ADVANCED_FACE('',(#792),#9538,.T.);
#10040=ADVANCED_FACE('',(#793),#9539,.T.);
#10041=ADVANCED_FACE('',(#794),#9540,.T.);
#10042=ADVANCED_FACE('',(#795),#9541,.T.);
#10043=ADVANCED_FACE('',(#796),#365,.F.);
#10044=ADVANCED_FACE('',(#797),#9542,.T.);
#10045=ADVANCED_FACE('',(#798),#9543,.T.);
#10046=ADVANCED_FACE('',(#799),#9544,.T.);
#10047=ADVANCED_FACE('',(#800),#9545,.T.);
#10048=ADVANCED_FACE('',(#801),#366,.F.);
#10049=ADVANCED_FACE('',(#802),#9546,.T.);
#10050=ADVANCED_FACE('',(#803),#9547,.T.);
#10051=ADVANCED_FACE('',(#804),#9548,.T.);
#10052=ADVANCED_FACE('',(#805),#9549,.T.);
#10053=ADVANCED_FACE('',(#806),#367,.F.);
#10054=ADVANCED_FACE('',(#807),#9550,.T.);
#10055=ADVANCED_FACE('',(#808),#9551,.T.);
#10056=ADVANCED_FACE('',(#809),#9552,.T.);
#10057=ADVANCED_FACE('',(#810),#9553,.T.);
#10058=ADVANCED_FACE('',(#811),#368,.F.);
#10059=ADVANCED_FACE('',(#812),#9554,.T.);
#10060=ADVANCED_FACE('',(#813),#9555,.T.);
#10061=ADVANCED_FACE('',(#814),#9556,.F.);
#10062=ADVANCED_FACE('',(#815),#9557,.F.);
#10063=ADVANCED_FACE('',(#816),#369,.F.);
#10064=ADVANCED_FACE('',(#817),#9558,.F.);
#10065=ADVANCED_FACE('',(#818),#370,.T.);
#10066=ADVANCED_FACE('',(#819),#371,.T.);
#10067=ADVANCED_FACE('',(#820),#372,.T.);
#10068=ADVANCED_FACE('',(#821),#13,.T.);
#10069=ADVANCED_FACE('',(#822),#14,.T.);
#10070=ADVANCED_FACE('',(#823),#373,.T.);
#10071=ADVANCED_FACE('',(#824),#374,.T.);
#10072=ADVANCED_FACE('',(#825),#375,.T.);
#10073=ADVANCED_FACE('',(#826),#376,.T.);
#10074=ADVANCED_FACE('',(#827),#15,.T.);
#10075=ADVANCED_FACE('',(#828),#16,.T.);
#10076=ADVANCED_FACE('',(#829),#377,.T.);
#10077=ADVANCED_FACE('',(#830),#9559,.T.);
#10078=ADVANCED_FACE('',(#831),#378,.T.);
#10079=ADVANCED_FACE('',(#832),#9560,.T.);
#10080=ADVANCED_FACE('',(#833),#9561,.T.);
#10081=ADVANCED_FACE('',(#834),#9562,.T.);
#10082=ADVANCED_FACE('',(#835),#9563,.T.);
#10083=ADVANCED_FACE('',(#836),#9564,.T.);
#10084=ADVANCED_FACE('',(#837),#9565,.T.);
#10085=ADVANCED_FACE('',(#838),#9566,.T.);
#10086=ADVANCED_FACE('',(#839),#9567,.T.);
#10087=ADVANCED_FACE('',(#840),#9568,.F.);
#10088=ADVANCED_FACE('',(#841),#379,.T.);
#10089=ADVANCED_FACE('',(#842),#9569,.T.);
#10090=ADVANCED_FACE('',(#843),#9570,.T.);
#10091=ADVANCED_FACE('',(#844),#9571,.T.);
#10092=ADVANCED_FACE('',(#845),#9572,.T.);
#10093=ADVANCED_FACE('',(#846),#9573,.T.);
#10094=ADVANCED_FACE('',(#847),#9574,.T.);
#10095=ADVANCED_FACE('',(#848),#9575,.T.);
#10096=ADVANCED_FACE('',(#849),#9576,.T.);
#10097=ADVANCED_FACE('',(#850),#9577,.F.);
#10098=ADVANCED_FACE('',(#851),#9578,.F.);
#10099=ADVANCED_FACE('',(#852),#9579,.T.);
#10100=ADVANCED_FACE('',(#853),#9580,.T.);
#10101=ADVANCED_FACE('',(#854),#9581,.T.);
#10102=ADVANCED_FACE('',(#855),#9582,.T.);
#10103=ADVANCED_FACE('',(#856),#9583,.T.);
#10104=ADVANCED_FACE('',(#857),#380,.T.);
#10105=ADVANCED_FACE('',(#858),#9584,.T.);
#10106=ADVANCED_FACE('',(#859),#9585,.T.);
#10107=ADVANCED_FACE('',(#860),#9586,.T.);
#10108=ADVANCED_FACE('',(#861),#9587,.T.);
#10109=ADVANCED_FACE('',(#862),#9588,.T.);
#10110=ADVANCED_FACE('',(#863),#9589,.T.);
#10111=ADVANCED_FACE('',(#864),#381,.T.);
#10112=ADVANCED_FACE('',(#865),#9590,.T.);
#10113=ADVANCED_FACE('',(#866),#9591,.T.);
#10114=ADVANCED_FACE('',(#867),#9592,.T.);
#10115=ADVANCED_FACE('',(#868),#9593,.T.);
#10116=ADVANCED_FACE('',(#869),#9594,.T.);
#10117=ADVANCED_FACE('',(#870),#9595,.F.);
#10118=ADVANCED_FACE('',(#871),#9596,.T.);
#10119=ADVANCED_FACE('',(#872),#9597,.T.);
#10120=ADVANCED_FACE('',(#873),#9598,.T.);
#10121=ADVANCED_FACE('',(#874),#382,.T.);
#10122=ADVANCED_FACE('',(#875),#9599,.T.);
#10123=ADVANCED_FACE('',(#876),#9600,.T.);
#10124=ADVANCED_FACE('',(#877),#9601,.T.);
#10125=ADVANCED_FACE('',(#878),#9602,.T.);
#10126=ADVANCED_FACE('',(#879),#9603,.T.);
#10127=ADVANCED_FACE('',(#880),#9604,.F.);
#10128=ADVANCED_FACE('',(#881),#9605,.F.);
#10129=ADVANCED_FACE('',(#882),#9606,.T.);
#10130=ADVANCED_FACE('',(#883),#9607,.T.);
#10131=ADVANCED_FACE('',(#884),#9608,.T.);
#10132=ADVANCED_FACE('',(#885),#383,.T.);
#10133=ADVANCED_FACE('',(#886),#9609,.T.);
#10134=ADVANCED_FACE('',(#887),#9610,.T.);
#10135=ADVANCED_FACE('',(#888),#9611,.T.);
#10136=ADVANCED_FACE('',(#889),#9612,.T.);
#10137=ADVANCED_FACE('',(#890),#9613,.T.);
#10138=ADVANCED_FACE('',(#891),#9614,.F.);
#10139=ADVANCED_FACE('',(#892),#9615,.T.);
#10140=ADVANCED_FACE('',(#893),#9616,.T.);
#10141=ADVANCED_FACE('',(#894),#9617,.T.);
#10142=ADVANCED_FACE('',(#895),#9618,.T.);
#10143=ADVANCED_FACE('',(#896),#9619,.T.);
#10144=ADVANCED_FACE('',(#897),#384,.T.);
#10145=ADVANCED_FACE('',(#898),#9620,.T.);
#10146=ADVANCED_FACE('',(#899),#9621,.T.);
#10147=ADVANCED_FACE('',(#900),#9622,.T.);
#10148=ADVANCED_FACE('',(#901),#9623,.T.);
#10149=ADVANCED_FACE('',(#902),#9624,.T.);
#10150=ADVANCED_FACE('',(#903),#9625,.T.);
#10151=ADVANCED_FACE('',(#904),#9626,.T.);
#10152=ADVANCED_FACE('',(#905),#385,.T.);
#10153=ADVANCED_FACE('',(#906),#9627,.T.);
#10154=ADVANCED_FACE('',(#907),#9628,.T.);
#10155=ADVANCED_FACE('',(#908),#9629,.T.);
#10156=ADVANCED_FACE('',(#909),#9630,.T.);
#10157=ADVANCED_FACE('',(#910),#9631,.T.);
#10158=ADVANCED_FACE('',(#911),#9632,.F.);
#10159=CLOSED_SHELL('',(#9633,#9634,#9635,#9636,#9637,#9638,#9639,#9640,
#9641,#9642));
#10160=CLOSED_SHELL('',(#9643,#9644,#9645,#9646,#9647,#9648,#9649,#9650,
#9651,#9652));
#10161=CLOSED_SHELL('',(#9653,#9654,#9655,#9656,#9657,#9658,#9659,#9660,
#9661,#9662));
#10162=CLOSED_SHELL('',(#9663,#9664,#9665,#9666,#9667,#9668,#9669,#9670,
#9671,#9672));
#10163=CLOSED_SHELL('',(#9673,#9674,#9675,#9676,#9677,#9678,#9679,#9680,
#9681,#9682));
#10164=CLOSED_SHELL('',(#9683,#9684,#9685,#9686,#9687,#9688,#9689,#9690,
#9691,#9692));
#10165=CLOSED_SHELL('',(#9693,#9694,#9695,#9696,#9697,#9698,#9699,#9700,
#9701,#9702));
#10166=CLOSED_SHELL('',(#9703,#9704,#9705,#9706,#9707,#9708,#9709,#9710,
#9711,#9712));
#10167=CLOSED_SHELL('',(#9713,#9714,#9715,#9716,#9717,#9718,#9719,#9720,
#9721,#9722));
#10168=CLOSED_SHELL('',(#9723,#9724,#9725,#9726,#9727,#9728,#9729,#9730,
#9731,#9732));
#10169=CLOSED_SHELL('',(#9733,#9734,#9735,#9736,#9737,#9738,#9739,#9740,
#9741,#9742));
#10170=CLOSED_SHELL('',(#9743,#9744,#9745,#9746,#9747,#9748,#9749,#9750,
#9751,#9752));
#10171=CLOSED_SHELL('',(#9753,#9754,#9755,#9756,#9757,#9758,#9759,#9760,
#9761,#9762));
#10172=CLOSED_SHELL('',(#9763,#9764,#9765,#9766,#9767,#9768,#9769,#9770,
#9771,#9772));
#10173=CLOSED_SHELL('',(#9773,#9774,#9775,#9776,#9777,#9778,#9779,#9780,
#9781,#9782));
#10174=CLOSED_SHELL('',(#9783,#9784,#9785,#9786,#9787,#9788,#9789,#9790,
#9791,#9792));
#10175=CLOSED_SHELL('',(#9793,#9794,#9795,#9796,#9797,#9798,#9799,#9800,
#9801,#9802));
#10176=CLOSED_SHELL('',(#9803,#9804,#9805,#9806,#9807,#9808,#9809,#9810,
#9811,#9812));
#10177=CLOSED_SHELL('',(#9813,#9814,#9815,#9816,#9817,#9818,#9819,#9820,
#9821,#9822));
#10178=CLOSED_SHELL('',(#9823,#9824,#9825,#9826,#9827,#9828,#9829,#9830,
#9831,#9832));
#10179=CLOSED_SHELL('',(#9833,#9834,#9835,#9836,#9837,#9838,#9839,#9840,
#9841,#9842,#9843,#9844,#9845,#9846,#9847,#9848,#9849,#9850,#9851,#9852,
#9853,#9854,#9855,#9856,#9857,#9858,#9859,#9860,#9861,#9862,#9863,#9864,
#9865,#9866,#9867,#9868,#9869,#9870,#9871,#9872,#9873,#9874,#9875,#9876,
#9877,#9878,#9879,#9880,#9881,#9882,#9883,#9884,#9885,#9886,#9887,#9888,
#9889,#9890,#9891,#9892,#9893,#9894,#9895,#9896,#9897,#9898,#9899,#9900,
#9901,#9902,#9903,#9904,#9905,#9906,#9907,#9908,#9909,#9910,#9911,#9912,
#9913,#9914,#9915,#9916,#9917,#9918,#9919,#9920,#9921,#9922,#9923,#9924,
#9925,#9926,#9927,#9928,#9929,#9930,#9931,#9932,#9933,#9934,#9935,#9936,
#9937,#9938,#9939,#9940,#9941,#9942,#9943,#9944,#9945,#9946,#9947,#9948,
#9949,#9950,#9951,#9952,#9953,#9954,#9955,#9956,#9957,#9958,#9959,#9960,
#9961,#9962,#9963,#9964,#9965,#9966,#9967,#9968,#9969,#9970,#9971,#9972,
#9973,#9974,#9975,#9976,#9977,#9978,#9979,#9980,#9981,#9982,#9983,#9984,
#9985,#9986,#9987,#9988,#9989,#9990,#9991,#9992,#9993,#9994,#9995,#9996,
#9997,#9998,#9999,#10000,#10001,#10002,#10003,#10004,#10005,#10006,#10007,
#10008,#10009,#10010,#10011,#10012,#10013,#10014,#10015,#10016,#10017,#10018,
#10019,#10020,#10021,#10022,#10023,#10024,#10025,#10026,#10027,#10028,#10029,
#10030,#10031,#10032,#10033,#10034,#10035,#10036,#10037,#10038,#10039,#10040,
#10041,#10042,#10043,#10044,#10045,#10046,#10047,#10048,#10049,#10050,#10051,
#10052,#10053,#10054,#10055,#10056,#10057,#10058,#10059,#10060,#10061,#10062,
#10063,#10064,#10065,#10066,#10067,#10068,#10069,#10070,#10071,#10072,#10073,
#10074,#10075,#10076,#10077));
#10180=CLOSED_SHELL('',(#10078,#10079,#10080,#10081,#10082,#10083,#10084,
#10085,#10086,#10087));
#10181=CLOSED_SHELL('',(#10088,#10089,#10090,#10091,#10092,#10093,#10094,
#10095,#10096,#10097));
#10182=CLOSED_SHELL('',(#10098,#10099,#10100,#10101,#10102,#10103,#10104,
#10105,#10106,#10107));
#10183=CLOSED_SHELL('',(#10108,#10109,#10110,#10111,#10112,#10113,#10114,
#10115,#10116,#10117));
#10184=CLOSED_SHELL('',(#10118,#10119,#10120,#10121,#10122,#10123,#10124,
#10125,#10126,#10127));
#10185=CLOSED_SHELL('',(#10128,#10129,#10130,#10131,#10132,#10133,#10134,
#10135,#10136,#10137));
#10186=CLOSED_SHELL('',(#10138,#10139,#10140,#10141,#10142,#10143,#10144,
#10145,#10146,#10147));
#10187=CLOSED_SHELL('',(#10148,#10149,#10150,#10151,#10152,#10153,#10154,
#10155,#10156,#10157,#10158));
#10188=DERIVED_UNIT_ELEMENT(#10190,1.);
#10189=DERIVED_UNIT_ELEMENT(#16273,-3.);
#10190=(
MASS_UNIT()
NAMED_UNIT(*)
SI_UNIT(.KILO.,.GRAM.)
);
#10191=DERIVED_UNIT((#10188,#10189));
#10192=MEASURE_REPRESENTATION_ITEM('density measure',
POSITIVE_RATIO_MEASURE(7850.),#10191);
#10193=PROPERTY_DEFINITION_REPRESENTATION(#10198,#10195);
#10194=PROPERTY_DEFINITION_REPRESENTATION(#10199,#10196);
#10195=REPRESENTATION('material name',(#10197),#16270);
#10196=REPRESENTATION('density',(#10192),#16270);
#10197=DESCRIPTIVE_REPRESENTATION_ITEM('Steel','Steel');
#10198=PROPERTY_DEFINITION('material property','material name',#16280);
#10199=PROPERTY_DEFINITION('material property','density of part',#16280);
#10200=AXIS2_PLACEMENT_3D('',#13430,#10857,#10858);
#10201=AXIS2_PLACEMENT_3D('',#13431,#10859,#10860);
#10202=AXIS2_PLACEMENT_3D('',#13438,#10863,#10864);
#10203=AXIS2_PLACEMENT_3D('',#13448,#10870,#10871);
#10204=AXIS2_PLACEMENT_3D('',#13454,#10875,#10876);
#10205=AXIS2_PLACEMENT_3D('',#13458,#10879,#10880);
#10206=AXIS2_PLACEMENT_3D('',#13462,#10883,#10884);
#10207=AXIS2_PLACEMENT_3D('',#13466,#10887,#10888);
#10208=AXIS2_PLACEMENT_3D('',#13470,#10891,#10892);
#10209=AXIS2_PLACEMENT_3D('',#13474,#10895,#10896);
#10210=AXIS2_PLACEMENT_3D('',#13478,#10899,#10900);
#10211=AXIS2_PLACEMENT_3D('',#13479,#10901,#10902);
#10212=AXIS2_PLACEMENT_3D('',#13480,#10903,#10904);
#10213=AXIS2_PLACEMENT_3D('',#13481,#10905,#10906);
#10214=AXIS2_PLACEMENT_3D('',#13490,#10910,#10911);
#10215=AXIS2_PLACEMENT_3D('',#13498,#10916,#10917);
#10216=AXIS2_PLACEMENT_3D('',#13504,#10921,#10922);
#10217=AXIS2_PLACEMENT_3D('',#13508,#10925,#10926);
#10218=AXIS2_PLACEMENT_3D('',#13512,#10929,#10930);
#10219=AXIS2_PLACEMENT_3D('',#13516,#10933,#10934);
#10220=AXIS2_PLACEMENT_3D('',#13520,#10937,#10938);
#10221=AXIS2_PLACEMENT_3D('',#13524,#10941,#10942);
#10222=AXIS2_PLACEMENT_3D('',#13526,#10943,#10944);
#10223=AXIS2_PLACEMENT_3D('',#13528,#10946,#10947);
#10224=AXIS2_PLACEMENT_3D('',#13530,#10949,#10950);
#10225=AXIS2_PLACEMENT_3D('',#13531,#10951,#10952);
#10226=AXIS2_PLACEMENT_3D('',#13546,#10959,#10960);
#10227=AXIS2_PLACEMENT_3D('',#13548,#10962,#10963);
#10228=AXIS2_PLACEMENT_3D('',#13554,#10967,#10968);
#10229=AXIS2_PLACEMENT_3D('',#13558,#10971,#10972);
#10230=AXIS2_PLACEMENT_3D('',#13562,#10975,#10976);
#10231=AXIS2_PLACEMENT_3D('',#13566,#10979,#10980);
#10232=AXIS2_PLACEMENT_3D('',#13570,#10983,#10984);
#10233=AXIS2_PLACEMENT_3D('',#13574,#10987,#10988);
#10234=AXIS2_PLACEMENT_3D('',#13578,#10991,#10992);
#10235=AXIS2_PLACEMENT_3D('',#13579,#10993,#10994);
#10236=AXIS2_PLACEMENT_3D('',#13580,#10995,#10996);
#10237=AXIS2_PLACEMENT_3D('',#13581,#10997,#10998);
#10238=AXIS2_PLACEMENT_3D('',#13584,#10999,#11000);
#10239=AXIS2_PLACEMENT_3D('',#13588,#11002,#11003);
#10240=AXIS2_PLACEMENT_3D('',#13590,#11005,#11006);
#10241=AXIS2_PLACEMENT_3D('',#13604,#11014,#11015);
#10242=AXIS2_PLACEMENT_3D('',#13608,#11018,#11019);
#10243=AXIS2_PLACEMENT_3D('',#13612,#11022,#11023);
#10244=AXIS2_PLACEMENT_3D('',#13616,#11026,#11027);
#10245=AXIS2_PLACEMENT_3D('',#13620,#11030,#11031);
#10246=AXIS2_PLACEMENT_3D('',#13624,#11034,#11035);
#10247=AXIS2_PLACEMENT_3D('',#13628,#11038,#11039);
#10248=AXIS2_PLACEMENT_3D('',#13630,#11041,#11042);
#10249=AXIS2_PLACEMENT_3D('',#13631,#11043,#11044);
#10250=AXIS2_PLACEMENT_3D('',#13640,#11048,#11049);
#10251=AXIS2_PLACEMENT_3D('',#13648,#11054,#11055);
#10252=AXIS2_PLACEMENT_3D('',#13654,#11059,#11060);
#10253=AXIS2_PLACEMENT_3D('',#13658,#11063,#11064);
#10254=AXIS2_PLACEMENT_3D('',#13662,#11067,#11068);
#10255=AXIS2_PLACEMENT_3D('',#13666,#11071,#11072);
#10256=AXIS2_PLACEMENT_3D('',#13670,#11075,#11076);
#10257=AXIS2_PLACEMENT_3D('',#13674,#11079,#11080);
#10258=AXIS2_PLACEMENT_3D('',#13676,#11081,#11082);
#10259=AXIS2_PLACEMENT_3D('',#13678,#11084,#11085);
#10260=AXIS2_PLACEMENT_3D('',#13680,#11087,#11088);
#10261=AXIS2_PLACEMENT_3D('',#13681,#11089,#11090);
#10262=AXIS2_PLACEMENT_3D('',#13697,#11098,#11099);
#10263=AXIS2_PLACEMENT_3D('',#13698,#11100,#11101);
#10264=AXIS2_PLACEMENT_3D('',#13702,#11103,#11104);
#10265=AXIS2_PLACEMENT_3D('',#13704,#11106,#11107);
#10266=AXIS2_PLACEMENT_3D('',#13708,#11110,#11111);
#10267=AXIS2_PLACEMENT_3D('',#13712,#11114,#11115);
#10268=AXIS2_PLACEMENT_3D('',#13716,#11118,#11119);
#10269=AXIS2_PLACEMENT_3D('',#13720,#11122,#11123);
#10270=AXIS2_PLACEMENT_3D('',#13724,#11126,#11127);
#10271=AXIS2_PLACEMENT_3D('',#13728,#11130,#11131);
#10272=AXIS2_PLACEMENT_3D('',#13730,#11133,#11134);
#10273=AXIS2_PLACEMENT_3D('',#13731,#11135,#11136);
#10274=AXIS2_PLACEMENT_3D('',#13747,#11144,#11145);
#10275=AXIS2_PLACEMENT_3D('',#13748,#11146,#11147);
#10276=AXIS2_PLACEMENT_3D('',#13753,#11150,#11151);
#10277=AXIS2_PLACEMENT_3D('',#13754,#11152,#11153);
#10278=AXIS2_PLACEMENT_3D('',#13758,#11156,#11157);
#10279=AXIS2_PLACEMENT_3D('',#13762,#11160,#11161);
#10280=AXIS2_PLACEMENT_3D('',#13766,#11164,#11165);
#10281=AXIS2_PLACEMENT_3D('',#13770,#11168,#11169);
#10282=AXIS2_PLACEMENT_3D('',#13774,#11172,#11173);
#10283=AXIS2_PLACEMENT_3D('',#13778,#11176,#11177);
#10284=AXIS2_PLACEMENT_3D('',#13780,#11179,#11180);
#10285=AXIS2_PLACEMENT_3D('',#13781,#11181,#11182);
#10286=AXIS2_PLACEMENT_3D('',#13784,#11183,#11184);
#10287=AXIS2_PLACEMENT_3D('',#13788,#11186,#11187);
#10288=AXIS2_PLACEMENT_3D('',#13790,#11189,#11190);
#10289=AXIS2_PLACEMENT_3D('',#13804,#11198,#11199);
#10290=AXIS2_PLACEMENT_3D('',#13808,#11202,#11203);
#10291=AXIS2_PLACEMENT_3D('',#13812,#11206,#11207);
#10292=AXIS2_PLACEMENT_3D('',#13816,#11210,#11211);
#10293=AXIS2_PLACEMENT_3D('',#13820,#11214,#11215);
#10294=AXIS2_PLACEMENT_3D('',#13824,#11218,#11219);
#10295=AXIS2_PLACEMENT_3D('',#13828,#11222,#11223);
#10296=AXIS2_PLACEMENT_3D('',#13830,#11225,#11226);
#10297=AXIS2_PLACEMENT_3D('',#13831,#11227,#11228);
#10298=AXIS2_PLACEMENT_3D('',#13847,#11236,#11237);
#10299=AXIS2_PLACEMENT_3D('',#13848,#11238,#11239);
#10300=AXIS2_PLACEMENT_3D('',#13853,#11242,#11243);
#10301=AXIS2_PLACEMENT_3D('',#13854,#11244,#11245);
#10302=AXIS2_PLACEMENT_3D('',#13858,#11248,#11249);
#10303=AXIS2_PLACEMENT_3D('',#13862,#11252,#11253);
#10304=AXIS2_PLACEMENT_3D('',#13866,#11256,#11257);
#10305=AXIS2_PLACEMENT_3D('',#13870,#11260,#11261);
#10306=AXIS2_PLACEMENT_3D('',#13874,#11264,#11265);
#10307=AXIS2_PLACEMENT_3D('',#13878,#11268,#11269);
#10308=AXIS2_PLACEMENT_3D('',#13880,#11271,#11272);
#10309=AXIS2_PLACEMENT_3D('',#13881,#11273,#11274);
#10310=AXIS2_PLACEMENT_3D('',#13884,#11275,#11276);
#10311=AXIS2_PLACEMENT_3D('',#13888,#11278,#11279);
#10312=AXIS2_PLACEMENT_3D('',#13890,#11281,#11282);
#10313=AXIS2_PLACEMENT_3D('',#13904,#11290,#11291);
#10314=AXIS2_PLACEMENT_3D('',#13908,#11294,#11295);
#10315=AXIS2_PLACEMENT_3D('',#13912,#11298,#11299);
#10316=AXIS2_PLACEMENT_3D('',#13916,#11302,#11303);
#10317=AXIS2_PLACEMENT_3D('',#13920,#11306,#11307);
#10318=AXIS2_PLACEMENT_3D('',#13924,#11310,#11311);
#10319=AXIS2_PLACEMENT_3D('',#13928,#11314,#11315);
#10320=AXIS2_PLACEMENT_3D('',#13930,#11317,#11318);
#10321=AXIS2_PLACEMENT_3D('',#13931,#11319,#11320);
#10322=AXIS2_PLACEMENT_3D('',#13947,#11328,#11329);
#10323=AXIS2_PLACEMENT_3D('',#13948,#11330,#11331);
#10324=AXIS2_PLACEMENT_3D('',#13953,#11334,#11335);
#10325=AXIS2_PLACEMENT_3D('',#13954,#11336,#11337);
#10326=AXIS2_PLACEMENT_3D('',#13958,#11340,#11341);
#10327=AXIS2_PLACEMENT_3D('',#13962,#11344,#11345);
#10328=AXIS2_PLACEMENT_3D('',#13966,#11348,#11349);
#10329=AXIS2_PLACEMENT_3D('',#13970,#11352,#11353);
#10330=AXIS2_PLACEMENT_3D('',#13974,#11356,#11357);
#10331=AXIS2_PLACEMENT_3D('',#13978,#11360,#11361);
#10332=AXIS2_PLACEMENT_3D('',#13980,#11363,#11364);
#10333=AXIS2_PLACEMENT_3D('',#13981,#11365,#11366);
#10334=AXIS2_PLACEMENT_3D('',#13984,#11367,#11368);
#10335=AXIS2_PLACEMENT_3D('',#13988,#11370,#11371);
#10336=AXIS2_PLACEMENT_3D('',#13990,#11373,#11374);
#10337=AXIS2_PLACEMENT_3D('',#14004,#11382,#11383);
#10338=AXIS2_PLACEMENT_3D('',#14008,#11386,#11387);
#10339=AXIS2_PLACEMENT_3D('',#14012,#11390,#11391);
#10340=AXIS2_PLACEMENT_3D('',#14016,#11394,#11395);
#10341=AXIS2_PLACEMENT_3D('',#14020,#11398,#11399);
#10342=AXIS2_PLACEMENT_3D('',#14024,#11402,#11403);
#10343=AXIS2_PLACEMENT_3D('',#14028,#11406,#11407);
#10344=AXIS2_PLACEMENT_3D('',#14030,#11409,#11410);
#10345=AXIS2_PLACEMENT_3D('',#14031,#11411,#11412);
#10346=AXIS2_PLACEMENT_3D('',#14047,#11420,#11421);
#10347=AXIS2_PLACEMENT_3D('',#14048,#11422,#11423);
#10348=AXIS2_PLACEMENT_3D('',#14053,#11426,#11427);
#10349=AXIS2_PLACEMENT_3D('',#14054,#11428,#11429);
#10350=AXIS2_PLACEMENT_3D('',#14058,#11432,#11433);
#10351=AXIS2_PLACEMENT_3D('',#14062,#11436,#11437);
#10352=AXIS2_PLACEMENT_3D('',#14066,#11440,#11441);
#10353=AXIS2_PLACEMENT_3D('',#14070,#11444,#11445);
#10354=AXIS2_PLACEMENT_3D('',#14074,#11448,#11449);
#10355=AXIS2_PLACEMENT_3D('',#14078,#11452,#11453);
#10356=AXIS2_PLACEMENT_3D('',#14080,#11455,#11456);
#10357=AXIS2_PLACEMENT_3D('',#14081,#11457,#11458);
#10358=AXIS2_PLACEMENT_3D('',#14084,#11459,#11460);
#10359=AXIS2_PLACEMENT_3D('',#14088,#11462,#11463);
#10360=AXIS2_PLACEMENT_3D('',#14090,#11465,#11466);
#10361=AXIS2_PLACEMENT_3D('',#14104,#11474,#11475);
#10362=AXIS2_PLACEMENT_3D('',#14108,#11478,#11479);
#10363=AXIS2_PLACEMENT_3D('',#14112,#11482,#11483);
#10364=AXIS2_PLACEMENT_3D('',#14116,#11486,#11487);
#10365=AXIS2_PLACEMENT_3D('',#14120,#11490,#11491);
#10366=AXIS2_PLACEMENT_3D('',#14124,#11494,#11495);
#10367=AXIS2_PLACEMENT_3D('',#14128,#11498,#11499);
#10368=AXIS2_PLACEMENT_3D('',#14130,#11501,#11502);
#10369=AXIS2_PLACEMENT_3D('',#14131,#11503,#11504);
#10370=AXIS2_PLACEMENT_3D('',#14138,#11507,#11508);
#10371=AXIS2_PLACEMENT_3D('',#14148,#11514,#11515);
#10372=AXIS2_PLACEMENT_3D('',#14154,#11519,#11520);
#10373=AXIS2_PLACEMENT_3D('',#14158,#11523,#11524);
#10374=AXIS2_PLACEMENT_3D('',#14162,#11527,#11528);
#10375=AXIS2_PLACEMENT_3D('',#14166,#11531,#11532);
#10376=AXIS2_PLACEMENT_3D('',#14170,#11535,#11536);
#10377=AXIS2_PLACEMENT_3D('',#14174,#11539,#11540);
#10378=AXIS2_PLACEMENT_3D('',#14178,#11543,#11544);
#10379=AXIS2_PLACEMENT_3D('',#14179,#11545,#11546);
#10380=AXIS2_PLACEMENT_3D('',#14180,#11547,#11548);
#10381=AXIS2_PLACEMENT_3D('',#14181,#11549,#11550);
#10382=AXIS2_PLACEMENT_3D('',#14197,#11558,#11559);
#10383=AXIS2_PLACEMENT_3D('',#14198,#11560,#11561);
#10384=AXIS2_PLACEMENT_3D('',#14202,#11563,#11564);
#10385=AXIS2_PLACEMENT_3D('',#14204,#11566,#11567);
#10386=AXIS2_PLACEMENT_3D('',#14208,#11570,#11571);
#10387=AXIS2_PLACEMENT_3D('',#14212,#11574,#11575);
#10388=AXIS2_PLACEMENT_3D('',#14216,#11578,#11579);
#10389=AXIS2_PLACEMENT_3D('',#14220,#11582,#11583);
#10390=AXIS2_PLACEMENT_3D('',#14224,#11586,#11587);
#10391=AXIS2_PLACEMENT_3D('',#14228,#11590,#11591);
#10392=AXIS2_PLACEMENT_3D('',#14230,#11593,#11594);
#10393=AXIS2_PLACEMENT_3D('',#14231,#11595,#11596);
#10394=AXIS2_PLACEMENT_3D('',#14238,#11599,#11600);
#10395=AXIS2_PLACEMENT_3D('',#14248,#11606,#11607);
#10396=AXIS2_PLACEMENT_3D('',#14254,#11611,#11612);
#10397=AXIS2_PLACEMENT_3D('',#14258,#11615,#11616);
#10398=AXIS2_PLACEMENT_3D('',#14262,#11619,#11620);
#10399=AXIS2_PLACEMENT_3D('',#14266,#11623,#11624);
#10400=AXIS2_PLACEMENT_3D('',#14270,#11627,#11628);
#10401=AXIS2_PLACEMENT_3D('',#14274,#11631,#11632);
#10402=AXIS2_PLACEMENT_3D('',#14278,#11635,#11636);
#10403=AXIS2_PLACEMENT_3D('',#14279,#11637,#11638);
#10404=AXIS2_PLACEMENT_3D('',#14280,#11639,#11640);
#10405=AXIS2_PLACEMENT_3D('',#14281,#11641,#11642);
#10406=AXIS2_PLACEMENT_3D('',#14290,#11646,#11647);
#10407=AXIS2_PLACEMENT_3D('',#14298,#11652,#11653);
#10408=AXIS2_PLACEMENT_3D('',#14304,#11657,#11658);
#10409=AXIS2_PLACEMENT_3D('',#14308,#11661,#11662);
#10410=AXIS2_PLACEMENT_3D('',#14312,#11665,#11666);
#10411=AXIS2_PLACEMENT_3D('',#14316,#11669,#11670);
#10412=AXIS2_PLACEMENT_3D('',#14320,#11673,#11674);
#10413=AXIS2_PLACEMENT_3D('',#14324,#11677,#11678);
#10414=AXIS2_PLACEMENT_3D('',#14326,#11679,#11680);
#10415=AXIS2_PLACEMENT_3D('',#14328,#11682,#11683);
#10416=AXIS2_PLACEMENT_3D('',#14330,#11685,#11686);
#10417=AXIS2_PLACEMENT_3D('',#14331,#11687,#11688);
#10418=AXIS2_PLACEMENT_3D('',#14340,#11692,#11693);
#10419=AXIS2_PLACEMENT_3D('',#14348,#11698,#11699);
#10420=AXIS2_PLACEMENT_3D('',#14354,#11703,#11704);
#10421=AXIS2_PLACEMENT_3D('',#14358,#11707,#11708);
#10422=AXIS2_PLACEMENT_3D('',#14362,#11711,#11712);
#10423=AXIS2_PLACEMENT_3D('',#14366,#11715,#11716);
#10424=AXIS2_PLACEMENT_3D('',#14370,#11719,#11720);
#10425=AXIS2_PLACEMENT_3D('',#14374,#11723,#11724);
#10426=AXIS2_PLACEMENT_3D('',#14376,#11725,#11726);
#10427=AXIS2_PLACEMENT_3D('',#14378,#11728,#11729);
#10428=AXIS2_PLACEMENT_3D('',#14380,#11731,#11732);
#10429=AXIS2_PLACEMENT_3D('',#14381,#11733,#11734);
#10430=AXIS2_PLACEMENT_3D('',#14397,#11742,#11743);
#10431=AXIS2_PLACEMENT_3D('',#14398,#11744,#11745);
#10432=AXIS2_PLACEMENT_3D('',#14402,#11747,#11748);
#10433=AXIS2_PLACEMENT_3D('',#14404,#11750,#11751);
#10434=AXIS2_PLACEMENT_3D('',#14408,#11754,#11755);
#10435=AXIS2_PLACEMENT_3D('',#14412,#11758,#11759);
#10436=AXIS2_PLACEMENT_3D('',#14416,#11762,#11763);
#10437=AXIS2_PLACEMENT_3D('',#14420,#11766,#11767);
#10438=AXIS2_PLACEMENT_3D('',#14424,#11770,#11771);
#10439=AXIS2_PLACEMENT_3D('',#14428,#11774,#11775);
#10440=AXIS2_PLACEMENT_3D('',#14430,#11777,#11778);
#10441=AXIS2_PLACEMENT_3D('',#14431,#11779,#11780);
#10442=AXIS2_PLACEMENT_3D('',#14433,#11781,#11782);
#10443=AXIS2_PLACEMENT_3D('',#14436,#11784,#11785);
#10444=AXIS2_PLACEMENT_3D('',#14437,#11786,#11787);
#10445=AXIS2_PLACEMENT_3D('',#14440,#11788,#11789);
#10446=AXIS2_PLACEMENT_3D('',#14444,#11791,#11792);
#10447=AXIS2_PLACEMENT_3D('',#14446,#11794,#11795);
#10448=AXIS2_PLACEMENT_3D('',#14449,#11796,#11797);
#10449=AXIS2_PLACEMENT_3D('',#14453,#11799,#11800);
#10450=AXIS2_PLACEMENT_3D('',#14455,#11802,#11803);
#10451=AXIS2_PLACEMENT_3D('',#14458,#11804,#11805);
#10452=AXIS2_PLACEMENT_3D('',#14462,#11807,#11808);
#10453=AXIS2_PLACEMENT_3D('',#14464,#11810,#11811);
#10454=AXIS2_PLACEMENT_3D('',#14467,#11812,#11813);
#10455=AXIS2_PLACEMENT_3D('',#14471,#11815,#11816);
#10456=AXIS2_PLACEMENT_3D('',#14473,#11818,#11819);
#10457=AXIS2_PLACEMENT_3D('',#14476,#11820,#11821);
#10458=AXIS2_PLACEMENT_3D('',#14480,#11823,#11824);
#10459=AXIS2_PLACEMENT_3D('',#14482,#11826,#11827);
#10460=AXIS2_PLACEMENT_3D('',#14485,#11828,#11829);
#10461=AXIS2_PLACEMENT_3D('',#14489,#11831,#11832);
#10462=AXIS2_PLACEMENT_3D('',#14491,#11834,#11835);
#10463=AXIS2_PLACEMENT_3D('',#14494,#11836,#11837);
#10464=AXIS2_PLACEMENT_3D('',#14498,#11839,#11840);
#10465=AXIS2_PLACEMENT_3D('',#14500,#11842,#11843);
#10466=AXIS2_PLACEMENT_3D('',#14509,#11848,#11849);
#10467=AXIS2_PLACEMENT_3D('',#14574,#11882,#11883);
#10468=AXIS2_PLACEMENT_3D('',#14639,#11916,#11917);
#10469=AXIS2_PLACEMENT_3D('',#14704,#11950,#11951);
#10470=AXIS2_PLACEMENT_3D('',#14769,#11984,#11985);
#10471=AXIS2_PLACEMENT_3D('',#14770,#11986,#11987);
#10472=AXIS2_PLACEMENT_3D('',#14778,#11991,#11992);
#10473=AXIS2_PLACEMENT_3D('',#14791,#11999,#12000);
#10474=AXIS2_PLACEMENT_3D('',#14804,#12007,#12008);
#10475=AXIS2_PLACEMENT_3D('',#14817,#12015,#12016);
#10476=AXIS2_PLACEMENT_3D('',#14830,#12023,#12024);
#10477=AXIS2_PLACEMENT_3D('',#14843,#12031,#12032);
#10478=AXIS2_PLACEMENT_3D('',#14856,#12039,#12040);
#10479=AXIS2_PLACEMENT_3D('',#14862,#12044,#12045);
#10480=AXIS2_PLACEMENT_3D('',#14870,#12049,#12050);
#10481=AXIS2_PLACEMENT_3D('',#14883,#12057,#12058);
#10482=AXIS2_PLACEMENT_3D('',#14896,#12065,#12066);
#10483=AXIS2_PLACEMENT_3D('',#14909,#12073,#12074);
#10484=AXIS2_PLACEMENT_3D('',#14922,#12081,#12082);
#10485=AXIS2_PLACEMENT_3D('',#14935,#12089,#12090);
#10486=AXIS2_PLACEMENT_3D('',#14948,#12097,#12098);
#10487=AXIS2_PLACEMENT_3D('',#14954,#12102,#12103);
#10488=AXIS2_PLACEMENT_3D('',#15025,#12146,#12147);
#10489=AXIS2_PLACEMENT_3D('',#15033,#12151,#12152);
#10490=AXIS2_PLACEMENT_3D('',#15046,#12159,#12160);
#10491=AXIS2_PLACEMENT_3D('',#15059,#12167,#12168);
#10492=AXIS2_PLACEMENT_3D('',#15072,#12175,#12176);
#10493=AXIS2_PLACEMENT_3D('',#15085,#12183,#12184);
#10494=AXIS2_PLACEMENT_3D('',#15098,#12191,#12192);
#10495=AXIS2_PLACEMENT_3D('',#15111,#12199,#12200);
#10496=AXIS2_PLACEMENT_3D('',#15119,#12205,#12206);
#10497=AXIS2_PLACEMENT_3D('',#15123,#12209,#12210);
#10498=AXIS2_PLACEMENT_3D('',#15131,#12214,#12215);
#10499=AXIS2_PLACEMENT_3D('',#15135,#12218,#12219);
#10500=AXIS2_PLACEMENT_3D('',#15137,#12221,#12222);
#10501=AXIS2_PLACEMENT_3D('',#15141,#12225,#12226);
#10502=AXIS2_PLACEMENT_3D('',#15151,#12231,#12232);
#10503=AXIS2_PLACEMENT_3D('',#15153,#12234,#12235);
#10504=AXIS2_PLACEMENT_3D('',#15155,#12237,#12238);
#10505=AXIS2_PLACEMENT_3D('',#15159,#12241,#12242);
#10506=AXIS2_PLACEMENT_3D('',#15169,#12247,#12248);
#10507=AXIS2_PLACEMENT_3D('',#15171,#12250,#12251);
#10508=AXIS2_PLACEMENT_3D('',#15173,#12253,#12254);
#10509=AXIS2_PLACEMENT_3D('',#15177,#12257,#12258);
#10510=AXIS2_PLACEMENT_3D('',#15187,#12263,#12264);
#10511=AXIS2_PLACEMENT_3D('',#15189,#12266,#12267);
#10512=AXIS2_PLACEMENT_3D('',#15191,#12269,#12270);
#10513=AXIS2_PLACEMENT_3D('',#15195,#12273,#12274);
#10514=AXIS2_PLACEMENT_3D('',#15205,#12279,#12280);
#10515=AXIS2_PLACEMENT_3D('',#15207,#12282,#12283);
#10516=AXIS2_PLACEMENT_3D('',#15209,#12285,#12286);
#10517=AXIS2_PLACEMENT_3D('',#15213,#12289,#12290);
#10518=AXIS2_PLACEMENT_3D('',#15223,#12295,#12296);
#10519=AXIS2_PLACEMENT_3D('',#15225,#12298,#12299);
#10520=AXIS2_PLACEMENT_3D('',#15227,#12301,#12302);
#10521=AXIS2_PLACEMENT_3D('',#15231,#12305,#12306);
#10522=AXIS2_PLACEMENT_3D('',#15237,#12309,#12310);
#10523=AXIS2_PLACEMENT_3D('',#15243,#12314,#12315);
#10524=AXIS2_PLACEMENT_3D('',#15245,#12317,#12318);
#10525=AXIS2_PLACEMENT_3D('',#15249,#12321,#12322);
#10526=AXIS2_PLACEMENT_3D('',#15258,#12328,#12329);
#10527=AXIS2_PLACEMENT_3D('',#15260,#12331,#12332);
#10528=AXIS2_PLACEMENT_3D('',#15264,#12335,#12336);
#10529=AXIS2_PLACEMENT_3D('',#15273,#12342,#12343);
#10530=AXIS2_PLACEMENT_3D('',#15275,#12345,#12346);
#10531=AXIS2_PLACEMENT_3D('',#15279,#12349,#12350);
#10532=AXIS2_PLACEMENT_3D('',#15288,#12356,#12357);
#10533=AXIS2_PLACEMENT_3D('',#15290,#12359,#12360);
#10534=AXIS2_PLACEMENT_3D('',#15294,#12363,#12364);
#10535=AXIS2_PLACEMENT_3D('',#15303,#12370,#12371);
#10536=AXIS2_PLACEMENT_3D('',#15305,#12373,#12374);
#10537=AXIS2_PLACEMENT_3D('',#15309,#12377,#12378);
#10538=AXIS2_PLACEMENT_3D('',#15318,#12384,#12385);
#10539=AXIS2_PLACEMENT_3D('',#15320,#12387,#12388);
#10540=AXIS2_PLACEMENT_3D('',#15324,#12391,#12392);
#10541=AXIS2_PLACEMENT_3D('',#15333,#12398,#12399);
#10542=AXIS2_PLACEMENT_3D('',#15335,#12401,#12402);
#10543=AXIS2_PLACEMENT_3D('',#15339,#12405,#12406);
#10544=AXIS2_PLACEMENT_3D('',#15348,#12412,#12413);
#10545=AXIS2_PLACEMENT_3D('',#15350,#12415,#12416);
#10546=AXIS2_PLACEMENT_3D('',#15354,#12419,#12420);
#10547=AXIS2_PLACEMENT_3D('',#15362,#12424,#12425);
#10548=AXIS2_PLACEMENT_3D('',#15366,#12428,#12429);
#10549=AXIS2_PLACEMENT_3D('',#15368,#12431,#12432);
#10550=AXIS2_PLACEMENT_3D('',#15372,#12435,#12436);
#10551=AXIS2_PLACEMENT_3D('',#15382,#12441,#12442);
#10552=AXIS2_PLACEMENT_3D('',#15386,#12445,#12446);
#10553=AXIS2_PLACEMENT_3D('',#15388,#12448,#12449);
#10554=AXIS2_PLACEMENT_3D('',#15392,#12452,#12453);
#10555=AXIS2_PLACEMENT_3D('',#15402,#12458,#12459);
#10556=AXIS2_PLACEMENT_3D('',#15404,#12461,#12462);
#10557=AXIS2_PLACEMENT_3D('',#15406,#12464,#12465);
#10558=AXIS2_PLACEMENT_3D('',#15410,#12468,#12469);
#10559=AXIS2_PLACEMENT_3D('',#15420,#12474,#12475);
#10560=AXIS2_PLACEMENT_3D('',#15422,#12477,#12478);
#10561=AXIS2_PLACEMENT_3D('',#15424,#12480,#12481);
#10562=AXIS2_PLACEMENT_3D('',#15428,#12484,#12485);
#10563=AXIS2_PLACEMENT_3D('',#15438,#12490,#12491);
#10564=AXIS2_PLACEMENT_3D('',#15440,#12493,#12494);
#10565=AXIS2_PLACEMENT_3D('',#15442,#12496,#12497);
#10566=AXIS2_PLACEMENT_3D('',#15446,#12500,#12501);
#10567=AXIS2_PLACEMENT_3D('',#15456,#12506,#12507);
#10568=AXIS2_PLACEMENT_3D('',#15458,#12509,#12510);
#10569=AXIS2_PLACEMENT_3D('',#15460,#12512,#12513);
#10570=AXIS2_PLACEMENT_3D('',#15464,#12516,#12517);
#10571=AXIS2_PLACEMENT_3D('',#15474,#12522,#12523);
#10572=AXIS2_PLACEMENT_3D('',#15476,#12525,#12526);
#10573=AXIS2_PLACEMENT_3D('',#15478,#12528,#12529);
#10574=AXIS2_PLACEMENT_3D('',#15482,#12532,#12533);
#10575=AXIS2_PLACEMENT_3D('',#15490,#12537,#12538);
#10576=AXIS2_PLACEMENT_3D('',#15494,#12541,#12542);
#10577=AXIS2_PLACEMENT_3D('',#15496,#12544,#12545);
#10578=AXIS2_PLACEMENT_3D('',#15500,#12548,#12549);
#10579=AXIS2_PLACEMENT_3D('',#15511,#12555,#12556);
#10580=AXIS2_PLACEMENT_3D('',#15512,#12557,#12558);
#10581=AXIS2_PLACEMENT_3D('',#15514,#12560,#12561);
#10582=AXIS2_PLACEMENT_3D('',#15518,#12564,#12565);
#10583=AXIS2_PLACEMENT_3D('',#15529,#12571,#12572);
#10584=AXIS2_PLACEMENT_3D('',#15530,#12573,#12574);
#10585=AXIS2_PLACEMENT_3D('',#15532,#12576,#12577);
#10586=AXIS2_PLACEMENT_3D('',#15536,#12580,#12581);
#10587=AXIS2_PLACEMENT_3D('',#15547,#12587,#12588);
#10588=AXIS2_PLACEMENT_3D('',#15548,#12589,#12590);
#10589=AXIS2_PLACEMENT_3D('',#15550,#12592,#12593);
#10590=AXIS2_PLACEMENT_3D('',#15554,#12596,#12597);
#10591=AXIS2_PLACEMENT_3D('',#15565,#12603,#12604);
#10592=AXIS2_PLACEMENT_3D('',#15566,#12605,#12606);
#10593=AXIS2_PLACEMENT_3D('',#15568,#12608,#12609);
#10594=AXIS2_PLACEMENT_3D('',#15572,#12612,#12613);
#10595=AXIS2_PLACEMENT_3D('',#15583,#12619,#12620);
#10596=AXIS2_PLACEMENT_3D('',#15584,#12621,#12622);
#10597=AXIS2_PLACEMENT_3D('',#15586,#12624,#12625);
#10598=AXIS2_PLACEMENT_3D('',#15590,#12628,#12629);
#10599=AXIS2_PLACEMENT_3D('',#15598,#12633,#12634);
#10600=AXIS2_PLACEMENT_3D('',#15602,#12637,#12638);
#10601=AXIS2_PLACEMENT_3D('',#15604,#12640,#12641);
#10602=AXIS2_PLACEMENT_3D('',#15606,#12643,#12644);
#10603=AXIS2_PLACEMENT_3D('',#15608,#12646,#12647);
#10604=AXIS2_PLACEMENT_3D('',#15610,#12649,#12650);
#10605=AXIS2_PLACEMENT_3D('',#15612,#12652,#12653);
#10606=AXIS2_PLACEMENT_3D('',#15614,#12655,#12656);
#10607=AXIS2_PLACEMENT_3D('',#15615,#12657,#12658);
#10608=AXIS2_PLACEMENT_3D('',#15617,#12660,#12661);
#10609=AXIS2_PLACEMENT_3D('',#15619,#12663,#12664);
#10610=AXIS2_PLACEMENT_3D('',#15621,#12666,#12667);
#10611=AXIS2_PLACEMENT_3D('',#15623,#12669,#12670);
#10612=AXIS2_PLACEMENT_3D('',#15624,#12671,#12672);
#10613=AXIS2_PLACEMENT_3D('',#15626,#12674,#12675);
#10614=AXIS2_PLACEMENT_3D('',#15628,#12677,#12678);
#10615=AXIS2_PLACEMENT_3D('',#15630,#12680,#12681);
#10616=AXIS2_PLACEMENT_3D('',#15632,#12683,#12684);
#10617=AXIS2_PLACEMENT_3D('',#15633,#12685,#12686);
#10618=AXIS2_PLACEMENT_3D('',#15635,#12688,#12689);
#10619=AXIS2_PLACEMENT_3D('',#15637,#12691,#12692);
#10620=AXIS2_PLACEMENT_3D('',#15639,#12694,#12695);
#10621=AXIS2_PLACEMENT_3D('',#15641,#12697,#12698);
#10622=AXIS2_PLACEMENT_3D('',#15642,#12699,#12700);
#10623=AXIS2_PLACEMENT_3D('',#15644,#12702,#12703);
#10624=AXIS2_PLACEMENT_3D('',#15646,#12705,#12706);
#10625=AXIS2_PLACEMENT_3D('',#15648,#12708,#12709);
#10626=AXIS2_PLACEMENT_3D('',#15650,#12711,#12712);
#10627=AXIS2_PLACEMENT_3D('',#15651,#12713,#12714);
#10628=AXIS2_PLACEMENT_3D('',#15653,#12716,#12717);
#10629=AXIS2_PLACEMENT_3D('',#15655,#12719,#12720);
#10630=AXIS2_PLACEMENT_3D('',#15657,#12722,#12723);
#10631=AXIS2_PLACEMENT_3D('',#15659,#12725,#12726);
#10632=AXIS2_PLACEMENT_3D('',#15660,#12727,#12728);
#10633=AXIS2_PLACEMENT_3D('',#15662,#12730,#12731);
#10634=AXIS2_PLACEMENT_3D('',#15664,#12733,#12734);
#10635=AXIS2_PLACEMENT_3D('',#15666,#12736,#12737);
#10636=AXIS2_PLACEMENT_3D('',#15668,#12739,#12740);
#10637=AXIS2_PLACEMENT_3D('',#15669,#12741,#12742);
#10638=AXIS2_PLACEMENT_3D('',#15671,#12744,#12745);
#10639=AXIS2_PLACEMENT_3D('',#15672,#12746,#12747);
#10640=AXIS2_PLACEMENT_3D('',#15674,#12749,#12750);
#10641=AXIS2_PLACEMENT_3D('',#15675,#12751,#12752);
#10642=AXIS2_PLACEMENT_3D('',#15677,#12754,#12755);
#10643=AXIS2_PLACEMENT_3D('',#15678,#12756,#12757);
#10644=AXIS2_PLACEMENT_3D('',#15680,#12759,#12760);
#10645=AXIS2_PLACEMENT_3D('',#15681,#12761,#12762);
#10646=AXIS2_PLACEMENT_3D('',#15683,#12764,#12765);
#10647=AXIS2_PLACEMENT_3D('',#15684,#12766,#12767);
#10648=AXIS2_PLACEMENT_3D('',#15686,#12769,#12770);
#10649=AXIS2_PLACEMENT_3D('',#15687,#12771,#12772);
#10650=AXIS2_PLACEMENT_3D('',#15689,#12774,#12775);
#10651=AXIS2_PLACEMENT_3D('',#15690,#12776,#12777);
#10652=AXIS2_PLACEMENT_3D('',#15692,#12779,#12780);
#10653=AXIS2_PLACEMENT_3D('',#15693,#12781,#12782);
#10654=AXIS2_PLACEMENT_3D('',#15695,#12784,#12785);
#10655=AXIS2_PLACEMENT_3D('',#15696,#12786,#12787);
#10656=AXIS2_PLACEMENT_3D('',#15698,#12789,#12790);
#10657=AXIS2_PLACEMENT_3D('',#15699,#12791,#12792);
#10658=AXIS2_PLACEMENT_3D('',#15701,#12794,#12795);
#10659=AXIS2_PLACEMENT_3D('',#15702,#12796,#12797);
#10660=AXIS2_PLACEMENT_3D('',#15704,#12799,#12800);
#10661=AXIS2_PLACEMENT_3D('',#15705,#12801,#12802);
#10662=AXIS2_PLACEMENT_3D('',#15707,#12804,#12805);
#10663=AXIS2_PLACEMENT_3D('',#15708,#12806,#12807);
#10664=AXIS2_PLACEMENT_3D('',#15710,#12809,#12810);
#10665=AXIS2_PLACEMENT_3D('',#15711,#12811,#12812);
#10666=AXIS2_PLACEMENT_3D('',#15713,#12814,#12815);
#10667=AXIS2_PLACEMENT_3D('',#15715,#12817,#12818);
#10668=AXIS2_PLACEMENT_3D('',#15717,#12820,#12821);
#10669=AXIS2_PLACEMENT_3D('',#15719,#12823,#12824);
#10670=AXIS2_PLACEMENT_3D('',#15720,#12825,#12826);
#10671=AXIS2_PLACEMENT_3D('',#15722,#12828,#12829);
#10672=AXIS2_PLACEMENT_3D('',#15724,#12831,#12832);
#10673=AXIS2_PLACEMENT_3D('',#15726,#12834,#12835);
#10674=AXIS2_PLACEMENT_3D('',#15728,#12837,#12838);
#10675=AXIS2_PLACEMENT_3D('',#15729,#12839,#12840);
#10676=AXIS2_PLACEMENT_3D('',#15731,#12842,#12843);
#10677=AXIS2_PLACEMENT_3D('',#15733,#12845,#12846);
#10678=AXIS2_PLACEMENT_3D('',#15735,#12848,#12849);
#10679=AXIS2_PLACEMENT_3D('',#15737,#12851,#12852);
#10680=AXIS2_PLACEMENT_3D('',#15738,#12853,#12854);
#10681=AXIS2_PLACEMENT_3D('',#15740,#12856,#12857);
#10682=AXIS2_PLACEMENT_3D('',#15742,#12859,#12860);
#10683=AXIS2_PLACEMENT_3D('',#15744,#12862,#12863);
#10684=AXIS2_PLACEMENT_3D('',#15746,#12865,#12866);
#10685=AXIS2_PLACEMENT_3D('',#15747,#12867,#12868);
#10686=AXIS2_PLACEMENT_3D('',#15749,#12870,#12871);
#10687=AXIS2_PLACEMENT_3D('',#15751,#12873,#12874);
#10688=AXIS2_PLACEMENT_3D('',#15753,#12876,#12877);
#10689=AXIS2_PLACEMENT_3D('',#15755,#12879,#12880);
#10690=AXIS2_PLACEMENT_3D('',#15756,#12881,#12882);
#10691=AXIS2_PLACEMENT_3D('',#15758,#12884,#12885);
#10692=AXIS2_PLACEMENT_3D('',#15760,#12887,#12888);
#10693=AXIS2_PLACEMENT_3D('',#15762,#12890,#12891);
#10694=AXIS2_PLACEMENT_3D('',#15764,#12893,#12894);
#10695=AXIS2_PLACEMENT_3D('',#15765,#12895,#12896);
#10696=AXIS2_PLACEMENT_3D('',#15767,#12898,#12899);
#10697=AXIS2_PLACEMENT_3D('',#15769,#12901,#12902);
#10698=AXIS2_PLACEMENT_3D('',#15771,#12904,#12905);
#10699=AXIS2_PLACEMENT_3D('',#15773,#12907,#12908);
#10700=AXIS2_PLACEMENT_3D('',#15775,#12910,#12911);
#10701=AXIS2_PLACEMENT_3D('',#15776,#12912,#12913);
#10702=AXIS2_PLACEMENT_3D('',#15778,#12915,#12916);
#10703=AXIS2_PLACEMENT_3D('',#15780,#12918,#12919);
#10704=AXIS2_PLACEMENT_3D('',#15782,#12921,#12922);
#10705=AXIS2_PLACEMENT_3D('',#15784,#12924,#12925);
#10706=AXIS2_PLACEMENT_3D('',#15785,#12926,#12927);
#10707=AXIS2_PLACEMENT_3D('',#15787,#12929,#12930);
#10708=AXIS2_PLACEMENT_3D('',#15789,#12932,#12933);
#10709=AXIS2_PLACEMENT_3D('',#15791,#12935,#12936);
#10710=AXIS2_PLACEMENT_3D('',#15793,#12938,#12939);
#10711=AXIS2_PLACEMENT_3D('',#15794,#12940,#12941);
#10712=AXIS2_PLACEMENT_3D('',#15796,#12943,#12944);
#10713=AXIS2_PLACEMENT_3D('',#15798,#12946,#12947);
#10714=AXIS2_PLACEMENT_3D('',#15800,#12949,#12950);
#10715=AXIS2_PLACEMENT_3D('',#15802,#12952,#12953);
#10716=AXIS2_PLACEMENT_3D('',#15803,#12954,#12955);
#10717=AXIS2_PLACEMENT_3D('',#15805,#12957,#12958);
#10718=AXIS2_PLACEMENT_3D('',#15807,#12960,#12961);
#10719=AXIS2_PLACEMENT_3D('',#15809,#12963,#12964);
#10720=AXIS2_PLACEMENT_3D('',#15811,#12966,#12967);
#10721=AXIS2_PLACEMENT_3D('',#15812,#12968,#12969);
#10722=AXIS2_PLACEMENT_3D('',#15814,#12971,#12972);
#10723=AXIS2_PLACEMENT_3D('',#15816,#12974,#12975);
#10724=AXIS2_PLACEMENT_3D('',#15818,#12977,#12978);
#10725=AXIS2_PLACEMENT_3D('',#15820,#12980,#12981);
#10726=AXIS2_PLACEMENT_3D('',#15821,#12982,#12983);
#10727=AXIS2_PLACEMENT_3D('',#15823,#12985,#12986);
#10728=AXIS2_PLACEMENT_3D('',#15825,#12988,#12989);
#10729=AXIS2_PLACEMENT_3D('',#15827,#12991,#12992);
#10730=AXIS2_PLACEMENT_3D('',#15829,#12994,#12995);
#10731=AXIS2_PLACEMENT_3D('',#15830,#12996,#12997);
#10732=AXIS2_PLACEMENT_3D('',#15832,#12999,#13000);
#10733=AXIS2_PLACEMENT_3D('',#15834,#13002,#13003);
#10734=AXIS2_PLACEMENT_3D('',#15836,#13005,#13006);
#10735=AXIS2_PLACEMENT_3D('',#15837,#13007,#13008);
#10736=AXIS2_PLACEMENT_3D('',#15838,#13009,#13010);
#10737=AXIS2_PLACEMENT_3D('',#15839,#13011,#13012);
#10738=AXIS2_PLACEMENT_3D('',#15840,#13013,#13014);
#10739=AXIS2_PLACEMENT_3D('',#15841,#13015,#13016);
#10740=AXIS2_PLACEMENT_3D('',#15842,#13017,#13018);
#10741=AXIS2_PLACEMENT_3D('',#15843,#13019,#13020);
#10742=AXIS2_PLACEMENT_3D('',#15844,#13021,#13022);
#10743=AXIS2_PLACEMENT_3D('',#15845,#13023,#13024);
#10744=AXIS2_PLACEMENT_3D('',#15846,#13025,#13026);
#10745=AXIS2_PLACEMENT_3D('',#15847,#13027,#13028);
#10746=AXIS2_PLACEMENT_3D('',#15848,#13029,#13030);
#10747=AXIS2_PLACEMENT_3D('',#15849,#13031,#13032);
#10748=AXIS2_PLACEMENT_3D('',#15850,#13033,#13034);
#10749=AXIS2_PLACEMENT_3D('',#15851,#13035,#13036);
#10750=AXIS2_PLACEMENT_3D('',#15852,#13037,#13038);
#10751=AXIS2_PLACEMENT_3D('',#15853,#13039,#13040);
#10752=AXIS2_PLACEMENT_3D('',#15854,#13041,#13042);
#10753=AXIS2_PLACEMENT_3D('',#15855,#13043,#13044);
#10754=AXIS2_PLACEMENT_3D('',#15856,#13045,#13046);
#10755=AXIS2_PLACEMENT_3D('',#15857,#13047,#13048);
#10756=AXIS2_PLACEMENT_3D('',#15858,#13049,#13050);
#10757=AXIS2_PLACEMENT_3D('',#15859,#13051,#13052);
#10758=AXIS2_PLACEMENT_3D('',#15860,#13053,#13054);
#10759=AXIS2_PLACEMENT_3D('',#15861,#13055,#13056);
#10760=AXIS2_PLACEMENT_3D('',#15862,#13057,#13058);
#10761=AXIS2_PLACEMENT_3D('',#15865,#13059,#13060);
#10762=AXIS2_PLACEMENT_3D('',#15869,#13062,#13063);
#10763=AXIS2_PLACEMENT_3D('',#15871,#13065,#13066);
#10764=AXIS2_PLACEMENT_3D('',#15885,#13074,#13075);
#10765=AXIS2_PLACEMENT_3D('',#15891,#13079,#13080);
#10766=AXIS2_PLACEMENT_3D('',#15893,#13082,#13083);
#10767=AXIS2_PLACEMENT_3D('',#15897,#13086,#13087);
#10768=AXIS2_PLACEMENT_3D('',#15901,#13090,#13091);
#10769=AXIS2_PLACEMENT_3D('',#15905,#13094,#13095);
#10770=AXIS2_PLACEMENT_3D('',#15909,#13098,#13099);
#10771=AXIS2_PLACEMENT_3D('',#15911,#13101,#13102);
#10772=AXIS2_PLACEMENT_3D('',#15912,#13103,#13104);
#10773=AXIS2_PLACEMENT_3D('',#15915,#13105,#13106);
#10774=AXIS2_PLACEMENT_3D('',#15919,#13108,#13109);
#10775=AXIS2_PLACEMENT_3D('',#15921,#13111,#13112);
#10776=AXIS2_PLACEMENT_3D('',#15935,#13120,#13121);
#10777=AXIS2_PLACEMENT_3D('',#15941,#13125,#13126);
#10778=AXIS2_PLACEMENT_3D('',#15945,#13129,#13130);
#10779=AXIS2_PLACEMENT_3D('',#15949,#13133,#13134);
#10780=AXIS2_PLACEMENT_3D('',#15953,#13137,#13138);
#10781=AXIS2_PLACEMENT_3D('',#15955,#13140,#13141);
#10782=AXIS2_PLACEMENT_3D('',#15959,#13144,#13145);
#10783=AXIS2_PLACEMENT_3D('',#15961,#13147,#13148);
#10784=AXIS2_PLACEMENT_3D('',#15962,#13149,#13150);
#10785=AXIS2_PLACEMENT_3D('',#15973,#13155,#13156);
#10786=AXIS2_PLACEMENT_3D('',#15979,#13160,#13161);
#10787=AXIS2_PLACEMENT_3D('',#15985,#13165,#13166);
#10788=AXIS2_PLACEMENT_3D('',#15989,#13169,#13170);
#10789=AXIS2_PLACEMENT_3D('',#15993,#13173,#13174);
#10790=AXIS2_PLACEMENT_3D('',#15997,#13177,#13178);
#10791=AXIS2_PLACEMENT_3D('',#16001,#13181,#13182);
#10792=AXIS2_PLACEMENT_3D('',#16004,#13184,#13185);
#10793=AXIS2_PLACEMENT_3D('',#16005,#13186,#13187);
#10794=AXIS2_PLACEMENT_3D('',#16009,#13190,#13191);
#10795=AXIS2_PLACEMENT_3D('',#16011,#13193,#13194);
#10796=AXIS2_PLACEMENT_3D('',#16012,#13195,#13196);
#10797=AXIS2_PLACEMENT_3D('',#16028,#13204,#13205);
#10798=AXIS2_PLACEMENT_3D('',#16029,#13206,#13207);
#10799=AXIS2_PLACEMENT_3D('',#16035,#13211,#13212);
#10800=AXIS2_PLACEMENT_3D('',#16039,#13215,#13216);
#10801=AXIS2_PLACEMENT_3D('',#16042,#13218,#13219);
#10802=AXIS2_PLACEMENT_3D('',#16043,#13220,#13221);
#10803=AXIS2_PLACEMENT_3D('',#16047,#13224,#13225);
#10804=AXIS2_PLACEMENT_3D('',#16051,#13228,#13229);
#10805=AXIS2_PLACEMENT_3D('',#16055,#13232,#13233);
#10806=AXIS2_PLACEMENT_3D('',#16059,#13236,#13237);
#10807=AXIS2_PLACEMENT_3D('',#16061,#13239,#13240);
#10808=AXIS2_PLACEMENT_3D('',#16062,#13241,#13242);
#10809=AXIS2_PLACEMENT_3D('',#16078,#13250,#13251);
#10810=AXIS2_PLACEMENT_3D('',#16079,#13252,#13253);
#10811=AXIS2_PLACEMENT_3D('',#16085,#13257,#13258);
#10812=AXIS2_PLACEMENT_3D('',#16089,#13261,#13262);
#10813=AXIS2_PLACEMENT_3D('',#16092,#13264,#13265);
#10814=AXIS2_PLACEMENT_3D('',#16093,#13266,#13267);
#10815=AXIS2_PLACEMENT_3D('',#16097,#13270,#13271);
#10816=AXIS2_PLACEMENT_3D('',#16101,#13274,#13275);
#10817=AXIS2_PLACEMENT_3D('',#16105,#13278,#13279);
#10818=AXIS2_PLACEMENT_3D('',#16109,#13282,#13283);
#10819=AXIS2_PLACEMENT_3D('',#16111,#13285,#13286);
#10820=AXIS2_PLACEMENT_3D('',#16112,#13287,#13288);
#10821=AXIS2_PLACEMENT_3D('',#16119,#13291,#13292);
#10822=AXIS2_PLACEMENT_3D('',#16129,#13298,#13299);
#10823=AXIS2_PLACEMENT_3D('',#16135,#13303,#13304);
#10824=AXIS2_PLACEMENT_3D('',#16139,#13307,#13308);
#10825=AXIS2_PLACEMENT_3D('',#16143,#13311,#13312);
#10826=AXIS2_PLACEMENT_3D('',#16146,#13314,#13315);
#10827=AXIS2_PLACEMENT_3D('',#16147,#13316,#13317);
#10828=AXIS2_PLACEMENT_3D('',#16151,#13320,#13321);
#10829=AXIS2_PLACEMENT_3D('',#16155,#13324,#13325);
#10830=AXIS2_PLACEMENT_3D('',#16159,#13328,#13329);
#10831=AXIS2_PLACEMENT_3D('',#16161,#13331,#13332);
#10832=AXIS2_PLACEMENT_3D('',#16162,#13333,#13334);
#10833=AXIS2_PLACEMENT_3D('',#16173,#13339,#13340);
#10834=AXIS2_PLACEMENT_3D('',#16179,#13344,#13345);
#10835=AXIS2_PLACEMENT_3D('',#16185,#13349,#13350);
#10836=AXIS2_PLACEMENT_3D('',#16189,#13353,#13354);
#10837=AXIS2_PLACEMENT_3D('',#16193,#13357,#13358);
#10838=AXIS2_PLACEMENT_3D('',#16197,#13361,#13362);
#10839=AXIS2_PLACEMENT_3D('',#16201,#13365,#13366);
#10840=AXIS2_PLACEMENT_3D('',#16204,#13368,#13369);
#10841=AXIS2_PLACEMENT_3D('',#16205,#13370,#13371);
#10842=AXIS2_PLACEMENT_3D('',#16209,#13374,#13375);
#10843=AXIS2_PLACEMENT_3D('',#16211,#13377,#13378);
#10844=AXIS2_PLACEMENT_3D('',#16212,#13379,#13380);
#10845=AXIS2_PLACEMENT_3D('',#16229,#13388,#13389);
#10846=AXIS2_PLACEMENT_3D('',#16231,#13391,#13392);
#10847=AXIS2_PLACEMENT_3D('',#16237,#13396,#13397);
#10848=AXIS2_PLACEMENT_3D('',#16241,#13400,#13401);
#10849=AXIS2_PLACEMENT_3D('',#16245,#13404,#13405);
#10850=AXIS2_PLACEMENT_3D('',#16248,#13407,#13408);
#10851=AXIS2_PLACEMENT_3D('',#16249,#13409,#13410);
#10852=AXIS2_PLACEMENT_3D('',#16253,#13413,#13414);
#10853=AXIS2_PLACEMENT_3D('',#16257,#13417,#13418);
#10854=AXIS2_PLACEMENT_3D('',#16261,#13421,#13422);
#10855=AXIS2_PLACEMENT_3D('',#16265,#13425,#13426);
#10856=AXIS2_PLACEMENT_3D('',#16267,#13428,#13429);
#10857=DIRECTION('axis',(0.,0.,1.));
#10858=DIRECTION('refdir',(1.,0.,0.));
#10859=DIRECTION('center_axis',(0.,-2.22044604925031E-16,-1.));
#10860=DIRECTION('ref_axis',(0.,1.,-2.22044604925031E-16));
#10861=DIRECTION('',(0.707106781186531,0.707106781186564,-1.57009245868381E-16));
#10862=DIRECTION('',(1.,0.,0.));
#10863=DIRECTION('center_axis',(0.,-2.22044604925031E-16,-1.));
#10864=DIRECTION('ref_axis',(0.,1.,-2.22044604925031E-16));
#10865=DIRECTION('',(-1.,0.,0.));
#10866=DIRECTION('',(-0.707106781186531,0.707106781186564,-1.57009245868381E-16));
#10867=DIRECTION('',(-1.,0.,0.));
#10868=DIRECTION('',(0.,1.,-2.22044604925031E-16));
#10869=DIRECTION('',(1.,0.,0.));
#10870=DIRECTION('center_axis',(-1.23908819712633E-15,-1.,2.22044604925031E-16));
#10871=DIRECTION('ref_axis',(1.,-1.23908819712633E-15,2.75132849198184E-31));
#10872=DIRECTION('',(0.,2.22044604925031E-16,1.));
#10873=DIRECTION('',(0.,-2.22044604925031E-16,-1.));
#10874=DIRECTION('',(-1.,1.23908819712633E-15,-2.75132849198184E-31));
#10875=DIRECTION('center_axis',(0.707106781186564,-0.707106781186531,1.57009245868374E-16));
#10876=DIRECTION('ref_axis',(0.707106781186531,0.707106781186564,-1.57009245868381E-16));
#10877=DIRECTION('',(0.,-2.22044604925031E-16,-1.));
#10878=DIRECTION('',(-0.707106781186531,-0.707106781186564,1.57009245868381E-16));
#10879=DIRECTION('center_axis',(0.,-1.,2.22044604925031E-16));
#10880=DIRECTION('ref_axis',(1.,0.,0.));
#10881=DIRECTION('',(0.,-2.22044604925031E-16,-1.));
#10882=DIRECTION('',(-1.,0.,0.));
#10883=DIRECTION('center_axis',(1.,0.,0.));
#10884=DIRECTION('ref_axis',(0.,1.,-2.22044604925031E-16));
#10885=DIRECTION('',(0.,-2.22044604925031E-16,-1.));
#10886=DIRECTION('',(0.,-1.,2.22044604925031E-16));
#10887=DIRECTION('center_axis',(0.,1.,-2.22044604925031E-16));
#10888=DIRECTION('ref_axis',(-1.,0.,0.));
#10889=DIRECTION('',(0.,-2.22044604925031E-16,-1.));
#10890=DIRECTION('',(1.,0.,0.));
#10891=DIRECTION('center_axis',(0.707106781186564,0.707106781186531,-1.57009245868374E-16));
#10892=DIRECTION('ref_axis',(-0.707106781186531,0.707106781186564,-1.57009245868381E-16));
#10893=DIRECTION('',(0.,-2.22044604925031E-16,-1.));
#10894=DIRECTION('',(0.707106781186531,-0.707106781186564,1.57009245868381E-16));
#10895=DIRECTION('center_axis',(-1.23908819712633E-15,1.,-2.22044604925031E-16));
#10896=DIRECTION('ref_axis',(-1.,-1.23908819712633E-15,2.75132849198184E-31));
#10897=DIRECTION('',(0.,-2.22044604925031E-16,-1.));
#10898=DIRECTION('',(1.,1.23908819712633E-15,-2.75132849198184E-31));
#10899=DIRECTION('center_axis',(0.,-2.22044604925031E-16,-1.));
#10900=DIRECTION('ref_axis',(0.,1.,-2.22044604925031E-16));
#10901=DIRECTION('center_axis',(0.,-2.22044604925031E-16,-1.));
#10902=DIRECTION('ref_axis',(0.,1.,-2.22044604925031E-16));
#10903=DIRECTION('center_axis',(0.,2.22044604925031E-16,1.));
#10904=DIRECTION('ref_axis',(0.,-1.,2.22044604925031E-16));
#10905=DIRECTION('center_axis',(0.,2.22044604925031E-16,1.));
#10906=DIRECTION('ref_axis',(0.,-1.,2.22044604925031E-16));
#10907=DIRECTION('',(-1.,0.,0.));
#10908=DIRECTION('',(-0.707106781186529,0.707106781186566,-1.57009245868382E-16));
#10909=DIRECTION('',(-1.,0.,0.));
#10910=DIRECTION('center_axis',(0.,2.22044604925031E-16,1.));
#10911=DIRECTION('ref_axis',(0.,1.,-2.22044604925031E-16));
#10912=DIRECTION('',(1.,0.,0.));
#10913=DIRECTION('',(0.707106781186529,0.707106781186566,-1.57009245868382E-16));
#10914=DIRECTION('',(1.,0.,0.));
#10915=DIRECTION('',(0.,1.,-2.22044604925031E-16));
#10916=DIRECTION('center_axis',(-0.707106781186564,-0.707106781186531,1.57009245868374E-16));
#10917=DIRECTION('ref_axis',(0.707106781186531,-0.707106781186564,1.57009245868381E-16));
#10918=DIRECTION('',(0.,2.22044604925031E-16,1.));
#10919=DIRECTION('',(0.707106781186531,-0.707106781186564,1.57009245868381E-16));
#10920=DIRECTION('',(0.,-2.22044604925031E-16,-1.));
#10921=DIRECTION('center_axis',(0.,-1.,2.22044604925031E-16));
#10922=DIRECTION('ref_axis',(1.,0.,0.));
#10923=DIRECTION('',(0.,2.22044604925031E-16,1.));
#10924=DIRECTION('',(1.,0.,0.));
#10925=DIRECTION('center_axis',(-1.,0.,0.));
#10926=DIRECTION('ref_axis',(0.,-1.,2.22044604925031E-16));
#10927=DIRECTION('',(0.,2.22044604925031E-16,1.));
#10928=DIRECTION('',(0.,-1.,2.22044604925031E-16));
#10929=DIRECTION('center_axis',(0.,1.,-2.22044604925031E-16));
#10930=DIRECTION('ref_axis',(-1.,0.,0.));
#10931=DIRECTION('',(0.,2.22044604925031E-16,1.));
#10932=DIRECTION('',(-1.,0.,0.));
#10933=DIRECTION('center_axis',(-0.707106781186564,0.707106781186531,-1.57009245868374E-16));
#10934=DIRECTION('ref_axis',(-0.707106781186531,-0.707106781186564,1.57009245868381E-16));
#10935=DIRECTION('',(0.,2.22044604925031E-16,1.));
#10936=DIRECTION('',(-0.707106781186531,-0.707106781186564,1.57009245868381E-16));
#10937=DIRECTION('center_axis',(1.23908819712633E-15,1.,-2.22044604925031E-16));
#10938=DIRECTION('ref_axis',(-1.,1.23908819712633E-15,-2.75132849198184E-31));
#10939=DIRECTION('',(0.,2.22044604925031E-16,1.));
#10940=DIRECTION('',(-1.,1.23908819712633E-15,-2.75132849198184E-31));
#10941=DIRECTION('center_axis',(0.,-2.22044604925031E-16,-1.));
#10942=DIRECTION('ref_axis',(0.,1.,-2.22044604925031E-16));
#10943=DIRECTION('center_axis',(0.,2.22044604925031E-16,1.));
#10944=DIRECTION('ref_axis',(0.,1.,-2.22044604925031E-16));
#10945=DIRECTION('',(0.,-2.22044604925031E-16,-1.));
#10946=DIRECTION('center_axis',(1.23908819712633E-15,-1.,2.22044604925031E-16));
#10947=DIRECTION('ref_axis',(1.,1.23908819712633E-15,-2.75132849198184E-31));
#10948=DIRECTION('',(1.,1.23908819712633E-15,-2.75132849198184E-31));
#10949=DIRECTION('center_axis',(0.,2.22044604925031E-16,1.));
#10950=DIRECTION('ref_axis',(0.,-1.,2.22044604925031E-16));
#10951=DIRECTION('center_axis',(0.,-2.22044604925031E-16,-1.));
#10952=DIRECTION('ref_axis',(0.,1.,-2.22044604925031E-16));
#10953=DIRECTION('',(0.707106781186544,-0.707106781186551,1.57009245868378E-16));
#10954=DIRECTION('',(0.,-1.,2.22044604925031E-16));
#10955=DIRECTION('',(1.,0.,0.));
#10956=DIRECTION('',(0.,1.,-2.22044604925031E-16));
#10957=DIRECTION('',(0.707106781186544,0.707106781186551,-1.57009245868378E-16));
#10958=DIRECTION('',(0.,1.,-2.22044604925031E-16));
#10959=DIRECTION('center_axis',(0.,-2.22044604925031E-16,-1.));
#10960=DIRECTION('ref_axis',(0.,1.,-2.22044604925031E-16));
#10961=DIRECTION('',(0.,-1.,2.22044604925031E-16));
#10962=DIRECTION('center_axis',(-1.,0.,0.));
#10963=DIRECTION('ref_axis',(0.,-1.,2.22044604925031E-16));
#10964=DIRECTION('',(0.,2.22044604925031E-16,1.));
#10965=DIRECTION('',(0.,-1.,2.22044604925031E-16));
#10966=DIRECTION('',(0.,-2.22044604925031E-16,-1.));
#10967=DIRECTION('center_axis',(-0.707106781186551,-0.707106781186544,1.57009245868377E-16));
#10968=DIRECTION('ref_axis',(0.707106781186544,-0.707106781186551,1.57009245868378E-16));
#10969=DIRECTION('',(0.707106781186544,-0.707106781186551,1.57009245868378E-16));
#10970=DIRECTION('',(0.,-2.22044604925031E-16,-1.));
#10971=DIRECTION('center_axis',(-1.,8.67361737988401E-15,-1.92592994438723E-30));
#10972=DIRECTION('ref_axis',(-8.67361737988401E-15,-1.,2.22044604925031E-16));
#10973=DIRECTION('',(-8.67361737988401E-15,-1.,2.22044604925031E-16));
#10974=DIRECTION('',(0.,-2.22044604925031E-16,-1.));
#10975=DIRECTION('center_axis',(0.,-1.,2.22044604925031E-16));
#10976=DIRECTION('ref_axis',(1.,0.,0.));
#10977=DIRECTION('',(1.,0.,0.));
#10978=DIRECTION('',(0.,-2.22044604925031E-16,-1.));
#10979=DIRECTION('center_axis',(1.,8.67361737988401E-15,-1.92592994438723E-30));
#10980=DIRECTION('ref_axis',(-8.67361737988401E-15,1.,-2.22044604925031E-16));
#10981=DIRECTION('',(-8.67361737988401E-15,1.,-2.22044604925031E-16));
#10982=DIRECTION('',(0.,-2.22044604925031E-16,-1.));
#10983=DIRECTION('center_axis',(0.707106781186551,-0.707106781186544,1.57009245868377E-16));
#10984=DIRECTION('ref_axis',(0.707106781186544,0.707106781186551,-1.57009245868378E-16));
#10985=DIRECTION('',(0.707106781186544,0.707106781186551,-1.57009245868378E-16));
#10986=DIRECTION('',(0.,-2.22044604925031E-16,-1.));
#10987=DIRECTION('center_axis',(1.,0.,0.));
#10988=DIRECTION('ref_axis',(0.,1.,-2.22044604925031E-16));
#10989=DIRECTION('',(0.,1.,-2.22044604925031E-16));
#10990=DIRECTION('',(0.,-2.22044604925031E-16,-1.));
#10991=DIRECTION('center_axis',(0.,-2.22044604925031E-16,-1.));
#10992=DIRECTION('ref_axis',(-1.22464679914735E-16,-1.,2.22044604925031E-16));
#10993=DIRECTION('center_axis',(0.,2.22044604925031E-16,1.));
#10994=DIRECTION('ref_axis',(0.,1.,-2.22044604925031E-16));
#10995=DIRECTION('center_axis',(0.,2.22044604925031E-16,1.));
#10996=DIRECTION('ref_axis',(0.,-1.,2.22044604925031E-16));
#10997=DIRECTION('center_axis',(0.,-2.22044604925031E-16,-1.));
#10998=DIRECTION('ref_axis',(0.,1.,-2.22044604925031E-16));
#10999=DIRECTION('center_axis',(0.,-2.22044604925031E-16,-1.));
#11000=DIRECTION('ref_axis',(0.,1.,-2.22044604925031E-16));
#11001=DIRECTION('',(0.,-2.22044604925031E-16,-1.));
#11002=DIRECTION('center_axis',(0.,2.22044604925031E-16,1.));
#11003=DIRECTION('ref_axis',(0.,1.,-2.22044604925031E-16));
#11004=DIRECTION('',(0.,2.22044604925031E-16,1.));
#11005=DIRECTION('center_axis',(0.,-2.22044604925031E-16,-1.));
#11006=DIRECTION('ref_axis',(0.,1.,-2.22044604925031E-16));
#11007=DIRECTION('',(-0.707106781186544,0.707106781186551,-1.57009245868378E-16));
#11008=DIRECTION('',(0.,1.,-2.22044604925031E-16));
#11009=DIRECTION('',(-1.,0.,0.));
#11010=DIRECTION('',(0.,-1.,2.22044604925031E-16));
#11011=DIRECTION('',(-0.707106781186544,-0.707106781186551,1.57009245868378E-16));
#11012=DIRECTION('',(0.,-1.,2.22044604925031E-16));
#11013=DIRECTION('',(0.,1.,-2.22044604925031E-16));
#11014=DIRECTION('center_axis',(1.,0.,0.));
#11015=DIRECTION('ref_axis',(0.,1.,-2.22044604925031E-16));
#11016=DIRECTION('',(0.,1.,-2.22044604925031E-16));
#11017=DIRECTION('',(0.,-2.22044604925031E-16,-1.));
#11018=DIRECTION('center_axis',(0.707106781186551,0.707106781186544,-1.57009245868377E-16));
#11019=DIRECTION('ref_axis',(-0.707106781186544,0.707106781186551,-1.57009245868378E-16));
#11020=DIRECTION('',(-0.707106781186544,0.707106781186551,-1.57009245868378E-16));
#11021=DIRECTION('',(0.,-2.22044604925031E-16,-1.));
#11022=DIRECTION('center_axis',(1.,-8.67361737988401E-15,1.92592994438723E-30));
#11023=DIRECTION('ref_axis',(8.67361737988401E-15,1.,-2.22044604925031E-16));
#11024=DIRECTION('',(8.67361737988401E-15,1.,-2.22044604925031E-16));
#11025=DIRECTION('',(0.,-2.22044604925031E-16,-1.));
#11026=DIRECTION('center_axis',(0.,1.,-2.22044604925031E-16));
#11027=DIRECTION('ref_axis',(-1.,0.,0.));
#11028=DIRECTION('',(-1.,0.,0.));
#11029=DIRECTION('',(0.,-2.22044604925031E-16,-1.));
#11030=DIRECTION('center_axis',(-1.,-8.67361737988401E-15,1.92592994438723E-30));
#11031=DIRECTION('ref_axis',(8.67361737988401E-15,-1.,2.22044604925031E-16));
#11032=DIRECTION('',(8.67361737988401E-15,-1.,2.22044604925031E-16));
#11033=DIRECTION('',(0.,-2.22044604925031E-16,-1.));
#11034=DIRECTION('center_axis',(-0.707106781186551,0.707106781186544,-1.57009245868377E-16));
#11035=DIRECTION('ref_axis',(-0.707106781186544,-0.707106781186551,1.57009245868378E-16));
#11036=DIRECTION('',(-0.707106781186544,-0.707106781186551,1.57009245868378E-16));
#11037=DIRECTION('',(0.,-2.22044604925031E-16,-1.));
#11038=DIRECTION('center_axis',(-1.,0.,0.));
#11039=DIRECTION('ref_axis',(0.,-1.,2.22044604925031E-16));
#11040=DIRECTION('',(0.,-1.,2.22044604925031E-16));
#11041=DIRECTION('center_axis',(0.,-2.22044604925031E-16,-1.));
#11042=DIRECTION('ref_axis',(0.,1.,-2.22044604925031E-16));
#11043=DIRECTION('center_axis',(0.,2.22044604925031E-16,1.));
#11044=DIRECTION('ref_axis',(0.,-1.,2.22044604925031E-16));
#11045=DIRECTION('',(1.,0.,0.));
#11046=DIRECTION('',(0.707106781186531,-0.707106781186564,1.57009245868381E-16));
#11047=DIRECTION('',(1.,0.,0.));
#11048=DIRECTION('center_axis',(0.,2.22044604925031E-16,1.));
#11049=DIRECTION('ref_axis',(0.,1.,-2.22044604925031E-16));
#11050=DIRECTION('',(-1.,0.,0.));
#11051=DIRECTION('',(-0.707106781186531,-0.707106781186564,1.57009245868381E-16));
#11052=DIRECTION('',(-1.,0.,0.));
#11053=DIRECTION('',(0.,-1.,2.22044604925031E-16));
#11054=DIRECTION('center_axis',(0.707106781186564,0.707106781186531,-1.57009245868374E-16));
#11055=DIRECTION('ref_axis',(-0.707106781186531,0.707106781186564,-1.57009245868381E-16));
#11056=DIRECTION('',(0.,2.22044604925031E-16,1.));
#11057=DIRECTION('',(-0.707106781186531,0.707106781186564,-1.57009245868381E-16));
#11058=DIRECTION('',(0.,-2.22044604925031E-16,-1.));
#11059=DIRECTION('center_axis',(0.,1.,-2.22044604925031E-16));
#11060=DIRECTION('ref_axis',(-1.,0.,0.));
#11061=DIRECTION('',(0.,2.22044604925031E-16,1.));
#11062=DIRECTION('',(-1.,0.,0.));
#11063=DIRECTION('center_axis',(1.,0.,0.));
#11064=DIRECTION('ref_axis',(0.,1.,-2.22044604925031E-16));
#11065=DIRECTION('',(0.,2.22044604925031E-16,1.));
#11066=DIRECTION('',(0.,1.,-2.22044604925031E-16));
#11067=DIRECTION('center_axis',(0.,-1.,2.22044604925031E-16));
#11068=DIRECTION('ref_axis',(1.,0.,0.));
#11069=DIRECTION('',(0.,2.22044604925031E-16,1.));
#11070=DIRECTION('',(1.,0.,0.));
#11071=DIRECTION('center_axis',(0.707106781186564,-0.707106781186531,1.57009245868374E-16));
#11072=DIRECTION('ref_axis',(0.707106781186531,0.707106781186564,-1.57009245868381E-16));
#11073=DIRECTION('',(0.,2.22044604925031E-16,1.));
#11074=DIRECTION('',(0.707106781186531,0.707106781186564,-1.57009245868381E-16));
#11075=DIRECTION('center_axis',(-1.23908819712633E-15,-1.,2.22044604925031E-16));
#11076=DIRECTION('ref_axis',(1.,-1.23908819712633E-15,2.75132849198184E-31));
#11077=DIRECTION('',(0.,2.22044604925031E-16,1.));
#11078=DIRECTION('',(1.,-1.23908819712633E-15,2.75132849198184E-31));
#11079=DIRECTION('center_axis',(0.,-2.22044604925031E-16,-1.));
#11080=DIRECTION('ref_axis',(0.,1.,-2.22044604925031E-16));
#11081=DIRECTION('center_axis',(0.,2.22044604925031E-16,1.));
#11082=DIRECTION('ref_axis',(0.,1.,-2.22044604925031E-16));
#11083=DIRECTION('',(0.,-2.22044604925031E-16,-1.));
#11084=DIRECTION('center_axis',(-1.23908819712633E-15,1.,-2.22044604925031E-16));
#11085=DIRECTION('ref_axis',(-1.,-1.23908819712633E-15,2.75132849198184E-31));
#11086=DIRECTION('',(-1.,-1.23908819712633E-15,2.75132849198184E-31));
#11087=DIRECTION('center_axis',(0.,-2.22044604925031E-16,-1.));
#11088=DIRECTION('ref_axis',(0.,1.,-2.22044604925031E-16));
#11089=DIRECTION('center_axis',(0.,2.22044604925031E-16,1.));
#11090=DIRECTION('ref_axis',(0.,-1.,2.22044604925031E-16));
#11091=DIRECTION('',(-1.,0.,0.));
#11092=DIRECTION('',(-0.707106781186531,0.707106781186564,-1.57009245868381E-16));
#11093=DIRECTION('',(-1.,0.,0.));
#11094=DIRECTION('',(0.,1.,-2.22044604925031E-16));
#11095=DIRECTION('',(1.,0.,0.));
#11096=DIRECTION('',(0.707106781186531,0.707106781186563,-1.57009245868381E-16));
#11097=DIRECTION('',(1.,0.,0.));
#11098=DIRECTION('center_axis',(0.,2.22044604925031E-16,1.));
#11099=DIRECTION('ref_axis',(0.,1.,-2.22044604925031E-16));
#11100=DIRECTION('center_axis',(0.,-2.22044604925031E-16,-1.));
#11101=DIRECTION('ref_axis',(0.,1.,-2.22044604925031E-16));
#11102=DIRECTION('',(0.,2.22044604925031E-16,1.));
#11103=DIRECTION('center_axis',(0.,-2.22044604925031E-16,-1.));
#11104=DIRECTION('ref_axis',(0.,1.,-2.22044604925031E-16));
#11105=DIRECTION('',(0.,-2.22044604925031E-16,-1.));
#11106=DIRECTION('center_axis',(1.23908819712633E-15,-1.,2.22044604925031E-16));
#11107=DIRECTION('ref_axis',(1.,1.23908819712633E-15,-2.75132849198184E-31));
#11108=DIRECTION('',(0.,2.22044604925031E-16,1.));
#11109=DIRECTION('',(-1.,-1.23908819712633E-15,2.75132849198184E-31));
#11110=DIRECTION('center_axis',(-0.707106781186564,-0.707106781186531,1.57009245868374E-16));
#11111=DIRECTION('ref_axis',(0.707106781186531,-0.707106781186564,1.57009245868381E-16));
#11112=DIRECTION('',(0.,2.22044604925031E-16,1.));
#11113=DIRECTION('',(-0.707106781186531,0.707106781186564,-1.57009245868381E-16));
#11114=DIRECTION('center_axis',(0.,-1.,2.22044604925031E-16));
#11115=DIRECTION('ref_axis',(1.,0.,0.));
#11116=DIRECTION('',(0.,2.22044604925031E-16,1.));
#11117=DIRECTION('',(-1.,0.,0.));
#11118=DIRECTION('center_axis',(-1.,0.,0.));
#11119=DIRECTION('ref_axis',(0.,-1.,2.22044604925031E-16));
#11120=DIRECTION('',(0.,2.22044604925031E-16,1.));
#11121=DIRECTION('',(0.,1.,-2.22044604925031E-16));
#11122=DIRECTION('center_axis',(0.,1.,-2.22044604925031E-16));
#11123=DIRECTION('ref_axis',(-1.,0.,0.));
#11124=DIRECTION('',(0.,2.22044604925031E-16,1.));
#11125=DIRECTION('',(1.,0.,0.));
#11126=DIRECTION('center_axis',(-0.707106781186564,0.707106781186531,-1.57009245868374E-16));
#11127=DIRECTION('ref_axis',(-0.707106781186531,-0.707106781186564,1.57009245868381E-16));
#11128=DIRECTION('',(0.,2.22044604925031E-16,1.));
#11129=DIRECTION('',(0.707106781186531,0.707106781186564,-1.57009245868381E-16));
#11130=DIRECTION('center_axis',(1.23908819712633E-15,1.,-2.22044604925031E-16));
#11131=DIRECTION('ref_axis',(-1.,1.23908819712633E-15,-2.75132849198184E-31));
#11132=DIRECTION('',(1.,-1.23908819712633E-15,2.75132849198184E-31));
#11133=DIRECTION('center_axis',(0.,2.22044604925031E-16,1.));
#11134=DIRECTION('ref_axis',(0.,-1.,2.22044604925031E-16));
#11135=DIRECTION('center_axis',(0.,2.22044604925031E-16,1.));
#11136=DIRECTION('ref_axis',(0.,-1.,2.22044604925031E-16));
#11137=DIRECTION('',(0.,-1.,2.22044604925031E-16));
#11138=DIRECTION('',(-0.707106781186544,-0.707106781186551,1.57009245868378E-16));
#11139=DIRECTION('',(0.,-1.,2.22044604925031E-16));
#11140=DIRECTION('',(-1.,0.,0.));
#11141=DIRECTION('',(0.,1.,-2.22044604925031E-16));
#11142=DIRECTION('',(-0.707106781186544,0.707106781186551,-1.57009245868378E-16));
#11143=DIRECTION('',(0.,1.,-2.22044604925031E-16));
#11144=DIRECTION('center_axis',(0.,2.22044604925031E-16,1.));
#11145=DIRECTION('ref_axis',(0.,1.,-2.22044604925031E-16));
#11146=DIRECTION('center_axis',(0.,-2.22044604925031E-16,-1.));
#11147=DIRECTION('ref_axis',(-1.22464679914735E-16,-1.,2.22044604925031E-16));
#11148=DIRECTION('',(0.,-2.22044604925031E-16,-1.));
#11149=DIRECTION('',(0.,2.22044604925031E-16,1.));
#11150=DIRECTION('center_axis',(0.,-2.22044604925031E-16,-1.));
#11151=DIRECTION('ref_axis',(0.,1.,-2.22044604925031E-16));
#11152=DIRECTION('center_axis',(1.,0.,0.));
#11153=DIRECTION('ref_axis',(0.,1.,-2.22044604925031E-16));
#11154=DIRECTION('',(0.,-1.,2.22044604925031E-16));
#11155=DIRECTION('',(0.,2.22044604925031E-16,1.));
#11156=DIRECTION('center_axis',(0.707106781186551,-0.707106781186544,1.57009245868377E-16));
#11157=DIRECTION('ref_axis',(0.707106781186544,0.707106781186551,-1.57009245868378E-16));
#11158=DIRECTION('',(-0.707106781186544,-0.707106781186551,1.57009245868378E-16));
#11159=DIRECTION('',(0.,2.22044604925031E-16,1.));
#11160=DIRECTION('center_axis',(1.,8.67361737988401E-15,-1.92592994438723E-30));
#11161=DIRECTION('ref_axis',(-8.67361737988401E-15,1.,-2.22044604925031E-16));
#11162=DIRECTION('',(8.67361737988401E-15,-1.,2.22044604925031E-16));
#11163=DIRECTION('',(0.,2.22044604925031E-16,1.));
#11164=DIRECTION('center_axis',(0.,-1.,2.22044604925031E-16));
#11165=DIRECTION('ref_axis',(1.,0.,0.));
#11166=DIRECTION('',(-1.,0.,0.));
#11167=DIRECTION('',(0.,2.22044604925031E-16,1.));
#11168=DIRECTION('center_axis',(-1.,8.67361737988401E-15,-1.92592994438723E-30));
#11169=DIRECTION('ref_axis',(-8.67361737988401E-15,-1.,2.22044604925031E-16));
#11170=DIRECTION('',(8.67361737988401E-15,1.,-2.22044604925031E-16));
#11171=DIRECTION('',(0.,2.22044604925031E-16,1.));
#11172=DIRECTION('center_axis',(-0.707106781186551,-0.707106781186544,1.57009245868377E-16));
#11173=DIRECTION('ref_axis',(0.707106781186544,-0.707106781186551,1.57009245868378E-16));
#11174=DIRECTION('',(-0.707106781186544,0.707106781186551,-1.57009245868378E-16));
#11175=DIRECTION('',(0.,2.22044604925031E-16,1.));
#11176=DIRECTION('center_axis',(-1.,0.,0.));
#11177=DIRECTION('ref_axis',(0.,-1.,2.22044604925031E-16));
#11178=DIRECTION('',(0.,1.,-2.22044604925031E-16));
#11179=DIRECTION('center_axis',(0.,-2.22044604925031E-16,-1.));
#11180=DIRECTION('ref_axis',(0.,1.,-2.22044604925031E-16));
#11181=DIRECTION('center_axis',(0.,-2.22044604925031E-16,-1.));
#11182=DIRECTION('ref_axis',(0.,1.,-2.22044604925031E-16));
#11183=DIRECTION('center_axis',(0.,-2.22044604925031E-16,-1.));
#11184=DIRECTION('ref_axis',(0.,1.,-2.22044604925031E-16));
#11185=DIRECTION('',(0.,-2.22044604925031E-16,-1.));
#11186=DIRECTION('center_axis',(0.,-2.22044604925031E-16,-1.));
#11187=DIRECTION('ref_axis',(0.,1.,-2.22044604925031E-16));
#11188=DIRECTION('',(0.,2.22044604925031E-16,1.));
#11189=DIRECTION('center_axis',(0.,-2.22044604925031E-16,-1.));
#11190=DIRECTION('ref_axis',(0.,1.,-2.22044604925031E-16));
#11191=DIRECTION('',(0.,1.,-2.22044604925031E-16));
#11192=DIRECTION('',(0.,-1.,2.22044604925031E-16));
#11193=DIRECTION('',(-0.707106781186544,-0.707106781186551,1.57009245868378E-16));
#11194=DIRECTION('',(0.,-1.,2.22044604925031E-16));
#11195=DIRECTION('',(-1.,0.,0.));
#11196=DIRECTION('',(0.,1.,-2.22044604925031E-16));
#11197=DIRECTION('',(-0.707106781186544,0.707106781186551,-1.57009245868378E-16));
#11198=DIRECTION('center_axis',(1.,0.,0.));
#11199=DIRECTION('ref_axis',(0.,1.,-2.22044604925031E-16));
#11200=DIRECTION('',(0.,-1.,2.22044604925031E-16));
#11201=DIRECTION('',(0.,-2.22044604925031E-16,-1.));
#11202=DIRECTION('center_axis',(0.707106781186551,0.707106781186544,-1.57009245868377E-16));
#11203=DIRECTION('ref_axis',(-0.707106781186544,0.707106781186551,-1.57009245868378E-16));
#11204=DIRECTION('',(0.707106781186544,-0.707106781186551,1.57009245868378E-16));
#11205=DIRECTION('',(0.,-2.22044604925031E-16,-1.));
#11206=DIRECTION('center_axis',(1.,-8.67361737988401E-15,1.92592994438723E-30));
#11207=DIRECTION('ref_axis',(8.67361737988401E-15,1.,-2.22044604925031E-16));
#11208=DIRECTION('',(-8.67361737988401E-15,-1.,2.22044604925031E-16));
#11209=DIRECTION('',(0.,-2.22044604925031E-16,-1.));
#11210=DIRECTION('center_axis',(0.,1.,-2.22044604925031E-16));
#11211=DIRECTION('ref_axis',(-1.,0.,0.));
#11212=DIRECTION('',(1.,0.,0.));
#11213=DIRECTION('',(0.,-2.22044604925031E-16,-1.));
#11214=DIRECTION('center_axis',(-1.,-8.67361737988401E-15,1.92592994438723E-30));
#11215=DIRECTION('ref_axis',(8.67361737988401E-15,-1.,2.22044604925031E-16));
#11216=DIRECTION('',(-8.67361737988401E-15,1.,-2.22044604925031E-16));
#11217=DIRECTION('',(0.,-2.22044604925031E-16,-1.));
#11218=DIRECTION('center_axis',(-0.707106781186551,0.707106781186544,-1.57009245868377E-16));
#11219=DIRECTION('ref_axis',(-0.707106781186544,-0.707106781186551,1.57009245868378E-16));
#11220=DIRECTION('',(0.707106781186544,0.707106781186551,-1.57009245868378E-16));
#11221=DIRECTION('',(0.,-2.22044604925031E-16,-1.));
#11222=DIRECTION('center_axis',(-1.,0.,0.));
#11223=DIRECTION('ref_axis',(0.,-1.,2.22044604925031E-16));
#11224=DIRECTION('',(0.,1.,-2.22044604925031E-16));
#11225=DIRECTION('center_axis',(0.,-2.22044604925031E-16,-1.));
#11226=DIRECTION('ref_axis',(0.,1.,-2.22044604925031E-16));
#11227=DIRECTION('center_axis',(0.,2.22044604925031E-16,1.));
#11228=DIRECTION('ref_axis',(0.,-1.,2.22044604925031E-16));
#11229=DIRECTION('',(0.,-1.,2.22044604925031E-16));
#11230=DIRECTION('',(-0.707106781186544,-0.707106781186551,1.57009245868378E-16));
#11231=DIRECTION('',(0.,-1.,2.22044604925031E-16));
#11232=DIRECTION('',(-1.,0.,0.));
#11233=DIRECTION('',(0.,1.,-2.22044604925031E-16));
#11234=DIRECTION('',(-0.707106781186544,0.707106781186551,-1.57009245868378E-16));
#11235=DIRECTION('',(0.,1.,-2.22044604925031E-16));
#11236=DIRECTION('center_axis',(0.,2.22044604925031E-16,1.));
#11237=DIRECTION('ref_axis',(0.,1.,-2.22044604925031E-16));
#11238=DIRECTION('center_axis',(0.,-2.22044604925031E-16,-1.));
#11239=DIRECTION('ref_axis',(-1.22464679914735E-16,-1.,2.22044604925031E-16));
#11240=DIRECTION('',(0.,-2.22044604925031E-16,-1.));
#11241=DIRECTION('',(0.,2.22044604925031E-16,1.));
#11242=DIRECTION('center_axis',(0.,-2.22044604925031E-16,-1.));
#11243=DIRECTION('ref_axis',(0.,1.,-2.22044604925031E-16));
#11244=DIRECTION('center_axis',(1.,0.,0.));
#11245=DIRECTION('ref_axis',(0.,1.,-2.22044604925031E-16));
#11246=DIRECTION('',(0.,-1.,2.22044604925031E-16));
#11247=DIRECTION('',(0.,2.22044604925031E-16,1.));
#11248=DIRECTION('center_axis',(0.707106781186551,-0.707106781186544,1.57009245868377E-16));
#11249=DIRECTION('ref_axis',(0.707106781186544,0.707106781186551,-1.57009245868378E-16));
#11250=DIRECTION('',(-0.707106781186544,-0.707106781186551,1.57009245868378E-16));
#11251=DIRECTION('',(0.,2.22044604925031E-16,1.));
#11252=DIRECTION('center_axis',(1.,8.67361737988401E-15,-1.92592994438723E-30));
#11253=DIRECTION('ref_axis',(-8.67361737988401E-15,1.,-2.22044604925031E-16));
#11254=DIRECTION('',(8.67361737988401E-15,-1.,2.22044604925031E-16));
#11255=DIRECTION('',(0.,2.22044604925031E-16,1.));
#11256=DIRECTION('center_axis',(0.,-1.,2.22044604925031E-16));
#11257=DIRECTION('ref_axis',(1.,0.,0.));
#11258=DIRECTION('',(-1.,0.,0.));
#11259=DIRECTION('',(0.,2.22044604925031E-16,1.));
#11260=DIRECTION('center_axis',(-1.,8.67361737988401E-15,-1.92592994438723E-30));
#11261=DIRECTION('ref_axis',(-8.67361737988401E-15,-1.,2.22044604925031E-16));
#11262=DIRECTION('',(8.67361737988401E-15,1.,-2.22044604925031E-16));
#11263=DIRECTION('',(0.,2.22044604925031E-16,1.));
#11264=DIRECTION('center_axis',(-0.707106781186551,-0.707106781186544,1.57009245868377E-16));
#11265=DIRECTION('ref_axis',(0.707106781186544,-0.707106781186551,1.57009245868378E-16));
#11266=DIRECTION('',(-0.707106781186544,0.707106781186551,-1.57009245868378E-16));
#11267=DIRECTION('',(0.,2.22044604925031E-16,1.));
#11268=DIRECTION('center_axis',(-1.,0.,0.));
#11269=DIRECTION('ref_axis',(0.,-1.,2.22044604925031E-16));
#11270=DIRECTION('',(0.,1.,-2.22044604925031E-16));
#11271=DIRECTION('center_axis',(0.,-2.22044604925031E-16,-1.));
#11272=DIRECTION('ref_axis',(0.,1.,-2.22044604925031E-16));
#11273=DIRECTION('center_axis',(0.,-2.22044604925031E-16,-1.));
#11274=DIRECTION('ref_axis',(0.,1.,-2.22044604925031E-16));
#11275=DIRECTION('center_axis',(0.,-2.22044604925031E-16,-1.));
#11276=DIRECTION('ref_axis',(0.,1.,-2.22044604925031E-16));
#11277=DIRECTION('',(0.,-2.22044604925031E-16,-1.));
#11278=DIRECTION('center_axis',(0.,-2.22044604925031E-16,-1.));
#11279=DIRECTION('ref_axis',(0.,1.,-2.22044604925031E-16));
#11280=DIRECTION('',(0.,2.22044604925031E-16,1.));
#11281=DIRECTION('center_axis',(0.,-2.22044604925031E-16,-1.));
#11282=DIRECTION('ref_axis',(0.,1.,-2.22044604925031E-16));
#11283=DIRECTION('',(0.,1.,-2.22044604925031E-16));
#11284=DIRECTION('',(0.,-1.,2.22044604925031E-16));
#11285=DIRECTION('',(-0.707106781186544,-0.707106781186551,1.57009245868378E-16));
#11286=DIRECTION('',(0.,-1.,2.22044604925031E-16));
#11287=DIRECTION('',(-1.,0.,0.));
#11288=DIRECTION('',(0.,1.,-2.22044604925031E-16));
#11289=DIRECTION('',(-0.707106781186544,0.707106781186551,-1.57009245868378E-16));
#11290=DIRECTION('center_axis',(1.,0.,0.));
#11291=DIRECTION('ref_axis',(0.,1.,-2.22044604925031E-16));
#11292=DIRECTION('',(0.,-1.,2.22044604925031E-16));
#11293=DIRECTION('',(0.,-2.22044604925031E-16,-1.));
#11294=DIRECTION('center_axis',(0.707106781186551,0.707106781186544,-1.57009245868377E-16));
#11295=DIRECTION('ref_axis',(-0.707106781186544,0.707106781186551,-1.57009245868378E-16));
#11296=DIRECTION('',(0.707106781186544,-0.707106781186551,1.57009245868378E-16));
#11297=DIRECTION('',(0.,-2.22044604925031E-16,-1.));
#11298=DIRECTION('center_axis',(1.,-8.67361737988401E-15,1.92592994438723E-30));
#11299=DIRECTION('ref_axis',(8.67361737988401E-15,1.,-2.22044604925031E-16));
#11300=DIRECTION('',(-8.67361737988401E-15,-1.,2.22044604925031E-16));
#11301=DIRECTION('',(0.,-2.22044604925031E-16,-1.));
#11302=DIRECTION('center_axis',(0.,1.,-2.22044604925031E-16));
#11303=DIRECTION('ref_axis',(-1.,0.,0.));
#11304=DIRECTION('',(1.,0.,0.));
#11305=DIRECTION('',(0.,-2.22044604925031E-16,-1.));
#11306=DIRECTION('center_axis',(-1.,-8.67361737988401E-15,1.92592994438723E-30));
#11307=DIRECTION('ref_axis',(8.67361737988401E-15,-1.,2.22044604925031E-16));
#11308=DIRECTION('',(-8.67361737988401E-15,1.,-2.22044604925031E-16));
#11309=DIRECTION('',(0.,-2.22044604925031E-16,-1.));
#11310=DIRECTION('center_axis',(-0.707106781186551,0.707106781186544,-1.57009245868377E-16));
#11311=DIRECTION('ref_axis',(-0.707106781186544,-0.707106781186551,1.57009245868378E-16));
#11312=DIRECTION('',(0.707106781186544,0.707106781186551,-1.57009245868378E-16));
#11313=DIRECTION('',(0.,-2.22044604925031E-16,-1.));
#11314=DIRECTION('center_axis',(-1.,0.,0.));
#11315=DIRECTION('ref_axis',(0.,-1.,2.22044604925031E-16));
#11316=DIRECTION('',(0.,1.,-2.22044604925031E-16));
#11317=DIRECTION('center_axis',(0.,-2.22044604925031E-16,-1.));
#11318=DIRECTION('ref_axis',(0.,1.,-2.22044604925031E-16));
#11319=DIRECTION('center_axis',(0.,2.22044604925031E-16,1.));
#11320=DIRECTION('ref_axis',(0.,-1.,2.22044604925031E-16));
#11321=DIRECTION('',(0.,-1.,2.22044604925031E-16));
#11322=DIRECTION('',(-0.707106781186544,-0.707106781186551,1.57009245868378E-16));
#11323=DIRECTION('',(0.,-1.,2.22044604925031E-16));
#11324=DIRECTION('',(-1.,0.,0.));
#11325=DIRECTION('',(0.,1.,-2.22044604925031E-16));
#11326=DIRECTION('',(-0.707106781186544,0.707106781186551,-1.57009245868378E-16));
#11327=DIRECTION('',(0.,1.,-2.22044604925031E-16));
#11328=DIRECTION('center_axis',(0.,2.22044604925031E-16,1.));
#11329=DIRECTION('ref_axis',(0.,1.,-2.22044604925031E-16));
#11330=DIRECTION('center_axis',(0.,-2.22044604925031E-16,-1.));
#11331=DIRECTION('ref_axis',(-1.22464679914735E-16,-1.,2.22044604925031E-16));
#11332=DIRECTION('',(0.,-2.22044604925031E-16,-1.));
#11333=DIRECTION('',(0.,2.22044604925031E-16,1.));
#11334=DIRECTION('center_axis',(0.,-2.22044604925031E-16,-1.));
#11335=DIRECTION('ref_axis',(0.,1.,-2.22044604925031E-16));
#11336=DIRECTION('center_axis',(1.,0.,0.));
#11337=DIRECTION('ref_axis',(0.,1.,-2.22044604925031E-16));
#11338=DIRECTION('',(0.,-1.,2.22044604925031E-16));
#11339=DIRECTION('',(0.,2.22044604925031E-16,1.));
#11340=DIRECTION('center_axis',(0.707106781186551,-0.707106781186544,1.57009245868377E-16));
#11341=DIRECTION('ref_axis',(0.707106781186544,0.707106781186551,-1.57009245868378E-16));
#11342=DIRECTION('',(-0.707106781186544,-0.707106781186551,1.57009245868378E-16));
#11343=DIRECTION('',(0.,2.22044604925031E-16,1.));
#11344=DIRECTION('center_axis',(1.,8.67361737988401E-15,-1.92592994438723E-30));
#11345=DIRECTION('ref_axis',(-8.67361737988401E-15,1.,-2.22044604925031E-16));
#11346=DIRECTION('',(8.67361737988401E-15,-1.,2.22044604925031E-16));
#11347=DIRECTION('',(0.,2.22044604925031E-16,1.));
#11348=DIRECTION('center_axis',(0.,-1.,2.22044604925031E-16));
#11349=DIRECTION('ref_axis',(1.,0.,0.));
#11350=DIRECTION('',(-1.,0.,0.));
#11351=DIRECTION('',(0.,2.22044604925031E-16,1.));
#11352=DIRECTION('center_axis',(-1.,8.67361737988401E-15,-1.92592994438723E-30));
#11353=DIRECTION('ref_axis',(-8.67361737988401E-15,-1.,2.22044604925031E-16));
#11354=DIRECTION('',(8.67361737988401E-15,1.,-2.22044604925031E-16));
#11355=DIRECTION('',(0.,2.22044604925031E-16,1.));
#11356=DIRECTION('center_axis',(-0.707106781186551,-0.707106781186544,1.57009245868377E-16));
#11357=DIRECTION('ref_axis',(0.707106781186544,-0.707106781186551,1.57009245868378E-16));
#11358=DIRECTION('',(-0.707106781186544,0.707106781186551,-1.57009245868378E-16));
#11359=DIRECTION('',(0.,2.22044604925031E-16,1.));
#11360=DIRECTION('center_axis',(-1.,0.,0.));
#11361=DIRECTION('ref_axis',(0.,-1.,2.22044604925031E-16));
#11362=DIRECTION('',(0.,1.,-2.22044604925031E-16));
#11363=DIRECTION('center_axis',(0.,-2.22044604925031E-16,-1.));
#11364=DIRECTION('ref_axis',(0.,1.,-2.22044604925031E-16));
#11365=DIRECTION('center_axis',(0.,-2.22044604925031E-16,-1.));
#11366=DIRECTION('ref_axis',(0.,1.,-2.22044604925031E-16));
#11367=DIRECTION('center_axis',(0.,-2.22044604925031E-16,-1.));
#11368=DIRECTION('ref_axis',(0.,1.,-2.22044604925031E-16));
#11369=DIRECTION('',(0.,-2.22044604925031E-16,-1.));
#11370=DIRECTION('center_axis',(0.,2.22044604925031E-16,1.));
#11371=DIRECTION('ref_axis',(0.,1.,-2.22044604925031E-16));
#11372=DIRECTION('',(0.,2.22044604925031E-16,1.));
#11373=DIRECTION('center_axis',(0.,-2.22044604925031E-16,-1.));
#11374=DIRECTION('ref_axis',(0.,1.,-2.22044604925031E-16));
#11375=DIRECTION('',(-0.707106781186543,0.707106781186552,-1.57009245868379E-16));
#11376=DIRECTION('',(0.,1.,-2.22044604925031E-16));
#11377=DIRECTION('',(-1.,0.,0.));
#11378=DIRECTION('',(0.,-1.,2.22044604925031E-16));
#11379=DIRECTION('',(-0.707106781186544,-0.707106781186551,1.57009245868378E-16));
#11380=DIRECTION('',(0.,-1.,2.22044604925031E-16));
#11381=DIRECTION('',(0.,1.,-2.22044604925031E-16));
#11382=DIRECTION('center_axis',(1.,0.,0.));
#11383=DIRECTION('ref_axis',(0.,1.,-2.22044604925031E-16));
#11384=DIRECTION('',(0.,1.,-2.22044604925031E-16));
#11385=DIRECTION('',(0.,-2.22044604925031E-16,-1.));
#11386=DIRECTION('center_axis',(0.707106781186551,0.707106781186544,-1.57009245868377E-16));
#11387=DIRECTION('ref_axis',(-0.707106781186544,0.707106781186551,-1.57009245868378E-16));
#11388=DIRECTION('',(-0.707106781186544,0.707106781186551,-1.57009245868378E-16));
#11389=DIRECTION('',(0.,-2.22044604925031E-16,-1.));
#11390=DIRECTION('center_axis',(1.,-8.67361737988401E-15,1.92592994438723E-30));
#11391=DIRECTION('ref_axis',(8.67361737988401E-15,1.,-2.22044604925031E-16));
#11392=DIRECTION('',(8.67361737988401E-15,1.,-2.22044604925031E-16));
#11393=DIRECTION('',(0.,-2.22044604925031E-16,-1.));
#11394=DIRECTION('center_axis',(0.,1.,-2.22044604925031E-16));
#11395=DIRECTION('ref_axis',(-1.,0.,0.));
#11396=DIRECTION('',(-1.,0.,0.));
#11397=DIRECTION('',(0.,-2.22044604925031E-16,-1.));
#11398=DIRECTION('center_axis',(-1.,-8.67361737988401E-15,1.92592994438723E-30));
#11399=DIRECTION('ref_axis',(8.67361737988401E-15,-1.,2.22044604925031E-16));
#11400=DIRECTION('',(8.67361737988401E-15,-1.,2.22044604925031E-16));
#11401=DIRECTION('',(0.,-2.22044604925031E-16,-1.));
#11402=DIRECTION('center_axis',(-0.707106781186551,0.707106781186544,-1.57009245868377E-16));
#11403=DIRECTION('ref_axis',(-0.707106781186544,-0.707106781186551,1.57009245868378E-16));
#11404=DIRECTION('',(-0.707106781186544,-0.707106781186551,1.57009245868378E-16));
#11405=DIRECTION('',(0.,-2.22044604925031E-16,-1.));
#11406=DIRECTION('center_axis',(-1.,0.,0.));
#11407=DIRECTION('ref_axis',(0.,-1.,2.22044604925031E-16));
#11408=DIRECTION('',(0.,-1.,2.22044604925031E-16));
#11409=DIRECTION('center_axis',(0.,-2.22044604925031E-16,-1.));
#11410=DIRECTION('ref_axis',(0.,1.,-2.22044604925031E-16));
#11411=DIRECTION('center_axis',(0.,2.22044604925031E-16,1.));
#11412=DIRECTION('ref_axis',(0.,-1.,2.22044604925031E-16));
#11413=DIRECTION('',(0.,-1.,2.22044604925031E-16));
#11414=DIRECTION('',(-0.707106781186544,-0.707106781186551,1.57009245868378E-16));
#11415=DIRECTION('',(0.,-1.,2.22044604925031E-16));
#11416=DIRECTION('',(-1.,0.,0.));
#11417=DIRECTION('',(0.,1.,-2.22044604925031E-16));
#11418=DIRECTION('',(-0.707106781186546,0.707106781186549,-1.57009245868378E-16));
#11419=DIRECTION('',(0.,1.,-2.22044604925031E-16));
#11420=DIRECTION('center_axis',(0.,2.22044604925031E-16,1.));
#11421=DIRECTION('ref_axis',(0.,1.,-2.22044604925031E-16));
#11422=DIRECTION('center_axis',(0.,-2.22044604925031E-16,-1.));
#11423=DIRECTION('ref_axis',(-1.22464679914735E-16,-1.,2.22044604925031E-16));
#11424=DIRECTION('',(0.,-2.22044604925031E-16,-1.));
#11425=DIRECTION('',(0.,2.22044604925031E-16,1.));
#11426=DIRECTION('center_axis',(0.,-2.22044604925031E-16,-1.));
#11427=DIRECTION('ref_axis',(0.,1.,-2.22044604925031E-16));
#11428=DIRECTION('center_axis',(1.,0.,0.));
#11429=DIRECTION('ref_axis',(0.,1.,-2.22044604925031E-16));
#11430=DIRECTION('',(0.,-1.,2.22044604925031E-16));
#11431=DIRECTION('',(0.,2.22044604925031E-16,1.));
#11432=DIRECTION('center_axis',(0.707106781186551,-0.707106781186544,1.57009245868377E-16));
#11433=DIRECTION('ref_axis',(0.707106781186544,0.707106781186551,-1.57009245868378E-16));
#11434=DIRECTION('',(-0.707106781186544,-0.707106781186551,1.57009245868378E-16));
#11435=DIRECTION('',(0.,2.22044604925031E-16,1.));
#11436=DIRECTION('center_axis',(1.,8.67361737988401E-15,-1.92592994438723E-30));
#11437=DIRECTION('ref_axis',(-8.67361737988401E-15,1.,-2.22044604925031E-16));
#11438=DIRECTION('',(8.67361737988401E-15,-1.,2.22044604925031E-16));
#11439=DIRECTION('',(0.,2.22044604925031E-16,1.));
#11440=DIRECTION('center_axis',(0.,-1.,2.22044604925031E-16));
#11441=DIRECTION('ref_axis',(1.,0.,0.));
#11442=DIRECTION('',(-1.,0.,0.));
#11443=DIRECTION('',(0.,2.22044604925031E-16,1.));
#11444=DIRECTION('center_axis',(-1.,8.67361737988401E-15,-1.92592994438723E-30));
#11445=DIRECTION('ref_axis',(-8.67361737988401E-15,-1.,2.22044604925031E-16));
#11446=DIRECTION('',(8.67361737988401E-15,1.,-2.22044604925031E-16));
#11447=DIRECTION('',(0.,2.22044604925031E-16,1.));
#11448=DIRECTION('center_axis',(-0.707106781186551,-0.707106781186544,1.57009245868377E-16));
#11449=DIRECTION('ref_axis',(0.707106781186544,-0.707106781186551,1.57009245868378E-16));
#11450=DIRECTION('',(-0.707106781186544,0.707106781186551,-1.57009245868378E-16));
#11451=DIRECTION('',(0.,2.22044604925031E-16,1.));
#11452=DIRECTION('center_axis',(-1.,0.,0.));
#11453=DIRECTION('ref_axis',(0.,-1.,2.22044604925031E-16));
#11454=DIRECTION('',(0.,1.,-2.22044604925031E-16));
#11455=DIRECTION('center_axis',(0.,-2.22044604925031E-16,-1.));
#11456=DIRECTION('ref_axis',(0.,1.,-2.22044604925031E-16));
#11457=DIRECTION('center_axis',(0.,-2.22044604925031E-16,-1.));
#11458=DIRECTION('ref_axis',(0.,1.,-2.22044604925031E-16));
#11459=DIRECTION('center_axis',(0.,-2.22044604925031E-16,-1.));
#11460=DIRECTION('ref_axis',(0.,1.,-2.22044604925031E-16));
#11461=DIRECTION('',(0.,-2.22044604925031E-16,-1.));
#11462=DIRECTION('center_axis',(0.,-2.22044604925031E-16,-1.));
#11463=DIRECTION('ref_axis',(0.,1.,-2.22044604925031E-16));
#11464=DIRECTION('',(0.,2.22044604925031E-16,1.));
#11465=DIRECTION('center_axis',(0.,-2.22044604925031E-16,-1.));
#11466=DIRECTION('ref_axis',(0.,1.,-2.22044604925031E-16));
#11467=DIRECTION('',(0.,1.,-2.22044604925031E-16));
#11468=DIRECTION('',(0.,-1.,2.22044604925031E-16));
#11469=DIRECTION('',(-0.707106781186546,-0.707106781186549,1.57009245868378E-16));
#11470=DIRECTION('',(0.,-1.,2.22044604925031E-16));
#11471=DIRECTION('',(-1.,0.,0.));
#11472=DIRECTION('',(0.,1.,-2.22044604925031E-16));
#11473=DIRECTION('',(-0.707106781186544,0.707106781186551,-1.57009245868378E-16));
#11474=DIRECTION('center_axis',(1.,0.,0.));
#11475=DIRECTION('ref_axis',(0.,1.,-2.22044604925031E-16));
#11476=DIRECTION('',(0.,-1.,2.22044604925031E-16));
#11477=DIRECTION('',(0.,-2.22044604925031E-16,-1.));
#11478=DIRECTION('center_axis',(0.707106781186551,0.707106781186544,-1.57009245868377E-16));
#11479=DIRECTION('ref_axis',(-0.707106781186544,0.707106781186551,-1.57009245868378E-16));
#11480=DIRECTION('',(0.707106781186544,-0.707106781186551,1.57009245868378E-16));
#11481=DIRECTION('',(0.,-2.22044604925031E-16,-1.));
#11482=DIRECTION('center_axis',(1.,-8.67361737988401E-15,1.92592994438723E-30));
#11483=DIRECTION('ref_axis',(8.67361737988401E-15,1.,-2.22044604925031E-16));
#11484=DIRECTION('',(-8.67361737988401E-15,-1.,2.22044604925031E-16));
#11485=DIRECTION('',(0.,-2.22044604925031E-16,-1.));
#11486=DIRECTION('center_axis',(0.,1.,-2.22044604925031E-16));
#11487=DIRECTION('ref_axis',(-1.,0.,0.));
#11488=DIRECTION('',(1.,0.,0.));
#11489=DIRECTION('',(0.,-2.22044604925031E-16,-1.));
#11490=DIRECTION('center_axis',(-1.,-8.67361737988401E-15,1.92592994438723E-30));
#11491=DIRECTION('ref_axis',(8.67361737988401E-15,-1.,2.22044604925031E-16));
#11492=DIRECTION('',(-8.67361737988401E-15,1.,-2.22044604925031E-16));
#11493=DIRECTION('',(0.,-2.22044604925031E-16,-1.));
#11494=DIRECTION('center_axis',(-0.707106781186551,0.707106781186544,-1.57009245868377E-16));
#11495=DIRECTION('ref_axis',(-0.707106781186544,-0.707106781186551,1.57009245868378E-16));
#11496=DIRECTION('',(0.707106781186544,0.707106781186551,-1.57009245868378E-16));
#11497=DIRECTION('',(0.,-2.22044604925031E-16,-1.));
#11498=DIRECTION('center_axis',(-1.,0.,0.));
#11499=DIRECTION('ref_axis',(0.,-1.,2.22044604925031E-16));
#11500=DIRECTION('',(0.,1.,-2.22044604925031E-16));
#11501=DIRECTION('center_axis',(0.,-2.22044604925031E-16,-1.));
#11502=DIRECTION('ref_axis',(0.,1.,-2.22044604925031E-16));
#11503=DIRECTION('center_axis',(0.,-2.22044604925031E-16,-1.));
#11504=DIRECTION('ref_axis',(0.,1.,-2.22044604925031E-16));
#11505=DIRECTION('',(0.707106781186531,0.707106781186564,-1.57009245868381E-16));
#11506=DIRECTION('',(1.,0.,0.));
#11507=DIRECTION('center_axis',(0.,-2.22044604925031E-16,-1.));
#11508=DIRECTION('ref_axis',(0.,1.,-2.22044604925031E-16));
#11509=DIRECTION('',(-1.,0.,0.));
#11510=DIRECTION('',(-0.707106781186531,0.707106781186564,-1.57009245868381E-16));
#11511=DIRECTION('',(-1.,0.,0.));
#11512=DIRECTION('',(0.,1.,-2.22044604925031E-16));
#11513=DIRECTION('',(1.,0.,0.));
#11514=DIRECTION('center_axis',(-1.23908819712633E-15,-1.,2.22044604925031E-16));
#11515=DIRECTION('ref_axis',(1.,-1.23908819712633E-15,2.75132849198184E-31));
#11516=DIRECTION('',(0.,2.22044604925031E-16,1.));
#11517=DIRECTION('',(0.,-2.22044604925031E-16,-1.));
#11518=DIRECTION('',(-1.,1.23908819712633E-15,-2.75132849198184E-31));
#11519=DIRECTION('center_axis',(0.707106781186564,-0.707106781186531,1.57009245868374E-16));
#11520=DIRECTION('ref_axis',(0.707106781186531,0.707106781186564,-1.57009245868381E-16));
#11521=DIRECTION('',(0.,-2.22044604925031E-16,-1.));
#11522=DIRECTION('',(-0.707106781186531,-0.707106781186564,1.57009245868381E-16));
#11523=DIRECTION('center_axis',(0.,-1.,2.22044604925031E-16));
#11524=DIRECTION('ref_axis',(1.,0.,0.));
#11525=DIRECTION('',(0.,-2.22044604925031E-16,-1.));
#11526=DIRECTION('',(-1.,0.,0.));
#11527=DIRECTION('center_axis',(1.,0.,0.));
#11528=DIRECTION('ref_axis',(0.,1.,-2.22044604925031E-16));
#11529=DIRECTION('',(0.,-2.22044604925031E-16,-1.));
#11530=DIRECTION('',(0.,-1.,2.22044604925031E-16));
#11531=DIRECTION('center_axis',(0.,1.,-2.22044604925031E-16));
#11532=DIRECTION('ref_axis',(-1.,0.,0.));
#11533=DIRECTION('',(0.,-2.22044604925031E-16,-1.));
#11534=DIRECTION('',(1.,0.,0.));
#11535=DIRECTION('center_axis',(0.707106781186564,0.707106781186531,-1.57009245868374E-16));
#11536=DIRECTION('ref_axis',(-0.707106781186531,0.707106781186564,-1.57009245868381E-16));
#11537=DIRECTION('',(0.,-2.22044604925031E-16,-1.));
#11538=DIRECTION('',(0.707106781186531,-0.707106781186564,1.57009245868381E-16));
#11539=DIRECTION('center_axis',(-1.23908819712633E-15,1.,-2.22044604925031E-16));
#11540=DIRECTION('ref_axis',(-1.,-1.23908819712633E-15,2.75132849198184E-31));
#11541=DIRECTION('',(0.,-2.22044604925031E-16,-1.));
#11542=DIRECTION('',(1.,1.23908819712633E-15,-2.75132849198184E-31));
#11543=DIRECTION('center_axis',(0.,-2.22044604925031E-16,-1.));
#11544=DIRECTION('ref_axis',(0.,1.,-2.22044604925031E-16));
#11545=DIRECTION('center_axis',(0.,-2.22044604925031E-16,-1.));
#11546=DIRECTION('ref_axis',(0.,1.,-2.22044604925031E-16));
#11547=DIRECTION('center_axis',(0.,2.22044604925031E-16,1.));
#11548=DIRECTION('ref_axis',(0.,-1.,2.22044604925031E-16));
#11549=DIRECTION('center_axis',(0.,2.22044604925031E-16,1.));
#11550=DIRECTION('ref_axis',(0.,-1.,2.22044604925031E-16));
#11551=DIRECTION('',(-1.,0.,0.));
#11552=DIRECTION('',(-0.707106781186531,0.707106781186564,-1.57009245868381E-16));
#11553=DIRECTION('',(-1.,0.,0.));
#11554=DIRECTION('',(0.,1.,-2.22044604925031E-16));
#11555=DIRECTION('',(1.,0.,0.));
#11556=DIRECTION('',(0.707106781186531,0.707106781186564,-1.57009245868381E-16));
#11557=DIRECTION('',(1.,0.,0.));
#11558=DIRECTION('center_axis',(0.,2.22044604925031E-16,1.));
#11559=DIRECTION('ref_axis',(0.,1.,-2.22044604925031E-16));
#11560=DIRECTION('center_axis',(0.,-2.22044604925031E-16,-1.));
#11561=DIRECTION('ref_axis',(0.,1.,-2.22044604925031E-16));
#11562=DIRECTION('',(0.,2.22044604925031E-16,1.));
#11563=DIRECTION('center_axis',(0.,-2.22044604925031E-16,-1.));
#11564=DIRECTION('ref_axis',(0.,1.,-2.22044604925031E-16));
#11565=DIRECTION('',(0.,-2.22044604925031E-16,-1.));
#11566=DIRECTION('center_axis',(1.23908819712633E-15,-1.,2.22044604925031E-16));
#11567=DIRECTION('ref_axis',(1.,1.23908819712633E-15,-2.75132849198184E-31));
#11568=DIRECTION('',(0.,2.22044604925031E-16,1.));
#11569=DIRECTION('',(-1.,-1.23908819712633E-15,2.75132849198184E-31));
#11570=DIRECTION('center_axis',(-0.707106781186564,-0.707106781186531,1.57009245868374E-16));
#11571=DIRECTION('ref_axis',(0.707106781186531,-0.707106781186564,1.57009245868381E-16));
#11572=DIRECTION('',(0.,2.22044604925031E-16,1.));
#11573=DIRECTION('',(-0.707106781186531,0.707106781186564,-1.57009245868381E-16));
#11574=DIRECTION('center_axis',(0.,-1.,2.22044604925031E-16));
#11575=DIRECTION('ref_axis',(1.,0.,0.));
#11576=DIRECTION('',(0.,2.22044604925031E-16,1.));
#11577=DIRECTION('',(-1.,0.,0.));
#11578=DIRECTION('center_axis',(-1.,0.,0.));
#11579=DIRECTION('ref_axis',(0.,-1.,2.22044604925031E-16));
#11580=DIRECTION('',(0.,2.22044604925031E-16,1.));
#11581=DIRECTION('',(0.,1.,-2.22044604925031E-16));
#11582=DIRECTION('center_axis',(0.,1.,-2.22044604925031E-16));
#11583=DIRECTION('ref_axis',(-1.,0.,0.));
#11584=DIRECTION('',(0.,2.22044604925031E-16,1.));
#11585=DIRECTION('',(1.,0.,0.));
#11586=DIRECTION('center_axis',(-0.707106781186564,0.707106781186531,-1.57009245868374E-16));
#11587=DIRECTION('ref_axis',(-0.707106781186531,-0.707106781186564,1.57009245868381E-16));
#11588=DIRECTION('',(0.,2.22044604925031E-16,1.));
#11589=DIRECTION('',(0.707106781186531,0.707106781186564,-1.57009245868381E-16));
#11590=DIRECTION('center_axis',(1.23908819712633E-15,1.,-2.22044604925031E-16));
#11591=DIRECTION('ref_axis',(-1.,1.23908819712633E-15,-2.75132849198184E-31));
#11592=DIRECTION('',(1.,-1.23908819712633E-15,2.75132849198184E-31));
#11593=DIRECTION('center_axis',(0.,2.22044604925031E-16,1.));
#11594=DIRECTION('ref_axis',(0.,-1.,2.22044604925031E-16));
#11595=DIRECTION('center_axis',(0.,-2.22044604925031E-16,-1.));
#11596=DIRECTION('ref_axis',(0.,1.,-2.22044604925031E-16));
#11597=DIRECTION('',(0.707106781186531,0.707106781186564,-1.57009245868381E-16));
#11598=DIRECTION('',(1.,0.,0.));
#11599=DIRECTION('center_axis',(0.,-2.22044604925031E-16,-1.));
#11600=DIRECTION('ref_axis',(0.,1.,-2.22044604925031E-16));
#11601=DIRECTION('',(-1.,0.,0.));
#11602=DIRECTION('',(-0.707106781186531,0.707106781186564,-1.57009245868381E-16));
#11603=DIRECTION('',(-1.,0.,0.));
#11604=DIRECTION('',(0.,1.,-2.22044604925031E-16));
#11605=DIRECTION('',(1.,0.,0.));
#11606=DIRECTION('center_axis',(-1.23908819712633E-15,-1.,2.22044604925031E-16));
#11607=DIRECTION('ref_axis',(1.,-1.23908819712633E-15,2.75132849198184E-31));
#11608=DIRECTION('',(0.,2.22044604925031E-16,1.));
#11609=DIRECTION('',(0.,-2.22044604925031E-16,-1.));
#11610=DIRECTION('',(-1.,1.23908819712633E-15,-2.75132849198184E-31));
#11611=DIRECTION('center_axis',(0.707106781186564,-0.707106781186531,1.57009245868374E-16));
#11612=DIRECTION('ref_axis',(0.707106781186531,0.707106781186564,-1.57009245868381E-16));
#11613=DIRECTION('',(0.,-2.22044604925031E-16,-1.));
#11614=DIRECTION('',(-0.707106781186531,-0.707106781186564,1.57009245868381E-16));
#11615=DIRECTION('center_axis',(0.,-1.,2.22044604925031E-16));
#11616=DIRECTION('ref_axis',(1.,0.,0.));
#11617=DIRECTION('',(0.,-2.22044604925031E-16,-1.));
#11618=DIRECTION('',(-1.,0.,0.));
#11619=DIRECTION('center_axis',(1.,0.,0.));
#11620=DIRECTION('ref_axis',(0.,1.,-2.22044604925031E-16));
#11621=DIRECTION('',(0.,-2.22044604925031E-16,-1.));
#11622=DIRECTION('',(0.,-1.,2.22044604925031E-16));
#11623=DIRECTION('center_axis',(0.,1.,-2.22044604925031E-16));
#11624=DIRECTION('ref_axis',(-1.,0.,0.));
#11625=DIRECTION('',(0.,-2.22044604925031E-16,-1.));
#11626=DIRECTION('',(1.,0.,0.));
#11627=DIRECTION('center_axis',(0.707106781186564,0.707106781186531,-1.57009245868374E-16));
#11628=DIRECTION('ref_axis',(-0.707106781186531,0.707106781186564,-1.57009245868381E-16));
#11629=DIRECTION('',(0.,-2.22044604925031E-16,-1.));
#11630=DIRECTION('',(0.707106781186531,-0.707106781186564,1.57009245868381E-16));
#11631=DIRECTION('center_axis',(-1.23908819712633E-15,1.,-2.22044604925031E-16));
#11632=DIRECTION('ref_axis',(-1.,-1.23908819712633E-15,2.75132849198184E-31));
#11633=DIRECTION('',(0.,-2.22044604925031E-16,-1.));
#11634=DIRECTION('',(1.,1.23908819712633E-15,-2.75132849198184E-31));
#11635=DIRECTION('center_axis',(0.,-2.22044604925031E-16,-1.));
#11636=DIRECTION('ref_axis',(0.,1.,-2.22044604925031E-16));
#11637=DIRECTION('center_axis',(0.,-2.22044604925031E-16,-1.));
#11638=DIRECTION('ref_axis',(0.,1.,-2.22044604925031E-16));
#11639=DIRECTION('center_axis',(0.,2.22044604925031E-16,1.));
#11640=DIRECTION('ref_axis',(0.,-1.,2.22044604925031E-16));
#11641=DIRECTION('center_axis',(0.,2.22044604925031E-16,1.));
#11642=DIRECTION('ref_axis',(0.,-1.,2.22044604925031E-16));
#11643=DIRECTION('',(-1.,0.,0.));
#11644=DIRECTION('',(-0.707106781186531,0.707106781186564,-1.57009245868381E-16));
#11645=DIRECTION('',(-1.,0.,0.));
#11646=DIRECTION('center_axis',(0.,2.22044604925031E-16,1.));
#11647=DIRECTION('ref_axis',(0.,1.,-2.22044604925031E-16));
#11648=DIRECTION('',(1.,0.,0.));
#11649=DIRECTION('',(0.707106781186531,0.707106781186564,-1.57009245868381E-16));
#11650=DIRECTION('',(1.,0.,0.));
#11651=DIRECTION('',(0.,1.,-2.22044604925031E-16));
#11652=DIRECTION('center_axis',(-0.707106781186564,-0.707106781186531,1.57009245868374E-16));
#11653=DIRECTION('ref_axis',(0.707106781186531,-0.707106781186564,1.57009245868381E-16));
#11654=DIRECTION('',(0.,2.22044604925031E-16,1.));
#11655=DIRECTION('',(0.707106781186531,-0.707106781186564,1.57009245868381E-16));
#11656=DIRECTION('',(0.,-2.22044604925031E-16,-1.));
#11657=DIRECTION('center_axis',(0.,-1.,2.22044604925031E-16));
#11658=DIRECTION('ref_axis',(1.,0.,0.));
#11659=DIRECTION('',(0.,2.22044604925031E-16,1.));
#11660=DIRECTION('',(1.,0.,0.));
#11661=DIRECTION('center_axis',(-1.,0.,0.));
#11662=DIRECTION('ref_axis',(0.,-1.,2.22044604925031E-16));
#11663=DIRECTION('',(0.,2.22044604925031E-16,1.));
#11664=DIRECTION('',(0.,-1.,2.22044604925031E-16));
#11665=DIRECTION('center_axis',(0.,1.,-2.22044604925031E-16));
#11666=DIRECTION('ref_axis',(-1.,0.,0.));
#11667=DIRECTION('',(0.,2.22044604925031E-16,1.));
#11668=DIRECTION('',(-1.,0.,0.));
#11669=DIRECTION('center_axis',(-0.707106781186564,0.707106781186531,-1.57009245868374E-16));
#11670=DIRECTION('ref_axis',(-0.707106781186531,-0.707106781186564,1.57009245868381E-16));
#11671=DIRECTION('',(0.,2.22044604925031E-16,1.));
#11672=DIRECTION('',(-0.707106781186531,-0.707106781186564,1.57009245868381E-16));
#11673=DIRECTION('center_axis',(1.23908819712633E-15,1.,-2.22044604925031E-16));
#11674=DIRECTION('ref_axis',(-1.,1.23908819712633E-15,-2.75132849198184E-31));
#11675=DIRECTION('',(0.,2.22044604925031E-16,1.));
#11676=DIRECTION('',(-1.,1.23908819712633E-15,-2.75132849198184E-31));
#11677=DIRECTION('center_axis',(0.,-2.22044604925031E-16,-1.));
#11678=DIRECTION('ref_axis',(0.,1.,-2.22044604925031E-16));
#11679=DIRECTION('center_axis',(0.,2.22044604925031E-16,1.));
#11680=DIRECTION('ref_axis',(0.,1.,-2.22044604925031E-16));
#11681=DIRECTION('',(0.,-2.22044604925031E-16,-1.));
#11682=DIRECTION('center_axis',(1.23908819712633E-15,-1.,2.22044604925031E-16));
#11683=DIRECTION('ref_axis',(1.,1.23908819712633E-15,-2.75132849198184E-31));
#11684=DIRECTION('',(1.,1.23908819712633E-15,-2.75132849198184E-31));
#11685=DIRECTION('center_axis',(0.,2.22044604925031E-16,1.));
#11686=DIRECTION('ref_axis',(0.,-1.,2.22044604925031E-16));
#11687=DIRECTION('center_axis',(0.,2.22044604925031E-16,1.));
#11688=DIRECTION('ref_axis',(0.,-1.,2.22044604925031E-16));
#11689=DIRECTION('',(1.,0.,0.));
#11690=DIRECTION('',(0.707106781186532,-0.707106781186563,1.57009245868381E-16));
#11691=DIRECTION('',(1.,0.,0.));
#11692=DIRECTION('center_axis',(0.,2.22044604925031E-16,1.));
#11693=DIRECTION('ref_axis',(0.,1.,-2.22044604925031E-16));
#11694=DIRECTION('',(-1.,0.,0.));
#11695=DIRECTION('',(-0.707106781186532,-0.707106781186563,1.57009245868381E-16));
#11696=DIRECTION('',(-1.,0.,0.));
#11697=DIRECTION('',(0.,-1.,2.22044604925031E-16));
#11698=DIRECTION('center_axis',(0.707106781186564,0.707106781186531,-1.57009245868374E-16));
#11699=DIRECTION('ref_axis',(-0.707106781186531,0.707106781186564,-1.57009245868381E-16));
#11700=DIRECTION('',(0.,2.22044604925031E-16,1.));
#11701=DIRECTION('',(-0.707106781186531,0.707106781186564,-1.57009245868381E-16));
#11702=DIRECTION('',(0.,-2.22044604925031E-16,-1.));
#11703=DIRECTION('center_axis',(0.,1.,-2.22044604925031E-16));
#11704=DIRECTION('ref_axis',(-1.,0.,0.));
#11705=DIRECTION('',(0.,2.22044604925031E-16,1.));
#11706=DIRECTION('',(-1.,0.,0.));
#11707=DIRECTION('center_axis',(1.,0.,0.));
#11708=DIRECTION('ref_axis',(0.,1.,-2.22044604925031E-16));
#11709=DIRECTION('',(0.,2.22044604925031E-16,1.));
#11710=DIRECTION('',(0.,1.,-2.22044604925031E-16));
#11711=DIRECTION('center_axis',(0.,-1.,2.22044604925031E-16));
#11712=DIRECTION('ref_axis',(1.,0.,0.));
#11713=DIRECTION('',(0.,2.22044604925031E-16,1.));
#11714=DIRECTION('',(1.,0.,0.));
#11715=DIRECTION('center_axis',(0.707106781186564,-0.707106781186531,1.57009245868374E-16));
#11716=DIRECTION('ref_axis',(0.707106781186531,0.707106781186564,-1.57009245868381E-16));
#11717=DIRECTION('',(0.,2.22044604925031E-16,1.));
#11718=DIRECTION('',(0.707106781186531,0.707106781186564,-1.57009245868381E-16));
#11719=DIRECTION('center_axis',(-1.23908819712633E-15,-1.,2.22044604925031E-16));
#11720=DIRECTION('ref_axis',(1.,-1.23908819712633E-15,2.75132849198184E-31));
#11721=DIRECTION('',(0.,2.22044604925031E-16,1.));
#11722=DIRECTION('',(1.,-1.23908819712633E-15,2.75132849198184E-31));
#11723=DIRECTION('center_axis',(0.,-2.22044604925031E-16,-1.));
#11724=DIRECTION('ref_axis',(0.,1.,-2.22044604925031E-16));
#11725=DIRECTION('center_axis',(0.,2.22044604925031E-16,1.));
#11726=DIRECTION('ref_axis',(0.,1.,-2.22044604925031E-16));
#11727=DIRECTION('',(0.,-2.22044604925031E-16,-1.));
#11728=DIRECTION('center_axis',(-1.23908819712633E-15,1.,-2.22044604925031E-16));
#11729=DIRECTION('ref_axis',(-1.,-1.23908819712633E-15,2.75132849198184E-31));
#11730=DIRECTION('',(-1.,-1.23908819712633E-15,2.75132849198184E-31));
#11731=DIRECTION('center_axis',(0.,-2.22044604925031E-16,-1.));
#11732=DIRECTION('ref_axis',(0.,1.,-2.22044604925031E-16));
#11733=DIRECTION('center_axis',(0.,2.22044604925031E-16,1.));
#11734=DIRECTION('ref_axis',(0.,-1.,2.22044604925031E-16));
#11735=DIRECTION('',(-1.,0.,0.));
#11736=DIRECTION('',(-0.70710678118653,0.707106781186565,-1.57009245868381E-16));
#11737=DIRECTION('',(-1.,0.,0.));
#11738=DIRECTION('',(0.,1.,-2.22044604925031E-16));
#11739=DIRECTION('',(1.,0.,0.));
#11740=DIRECTION('',(0.707106781186531,0.707106781186564,-1.57009245868381E-16));
#11741=DIRECTION('',(1.,0.,0.));
#11742=DIRECTION('center_axis',(0.,2.22044604925031E-16,1.));
#11743=DIRECTION('ref_axis',(0.,1.,-2.22044604925031E-16));
#11744=DIRECTION('center_axis',(0.,-2.22044604925031E-16,-1.));
#11745=DIRECTION('ref_axis',(0.,1.,-2.22044604925031E-16));
#11746=DIRECTION('',(0.,2.22044604925031E-16,1.));
#11747=DIRECTION('center_axis',(0.,-2.22044604925031E-16,-1.));
#11748=DIRECTION('ref_axis',(0.,1.,-2.22044604925031E-16));
#11749=DIRECTION('',(0.,-2.22044604925031E-16,-1.));
#11750=DIRECTION('center_axis',(1.23908819712633E-15,-1.,2.22044604925031E-16));
#11751=DIRECTION('ref_axis',(1.,1.23908819712633E-15,-2.75132849198184E-31));
#11752=DIRECTION('',(0.,2.22044604925031E-16,1.));
#11753=DIRECTION('',(-1.,-1.23908819712633E-15,2.75132849198184E-31));
#11754=DIRECTION('center_axis',(-0.707106781186564,-0.707106781186531,1.57009245868374E-16));
#11755=DIRECTION('ref_axis',(0.707106781186531,-0.707106781186564,1.57009245868381E-16));
#11756=DIRECTION('',(0.,2.22044604925031E-16,1.));
#11757=DIRECTION('',(-0.707106781186531,0.707106781186564,-1.57009245868381E-16));
#11758=DIRECTION('center_axis',(0.,-1.,2.22044604925031E-16));
#11759=DIRECTION('ref_axis',(1.,0.,0.));
#11760=DIRECTION('',(0.,2.22044604925031E-16,1.));
#11761=DIRECTION('',(-1.,0.,0.));
#11762=DIRECTION('center_axis',(-1.,0.,0.));
#11763=DIRECTION('ref_axis',(0.,-1.,2.22044604925031E-16));
#11764=DIRECTION('',(0.,2.22044604925031E-16,1.));
#11765=DIRECTION('',(0.,1.,-2.22044604925031E-16));
#11766=DIRECTION('center_axis',(0.,1.,-2.22044604925031E-16));
#11767=DIRECTION('ref_axis',(-1.,0.,0.));
#11768=DIRECTION('',(0.,2.22044604925031E-16,1.));
#11769=DIRECTION('',(1.,0.,0.));
#11770=DIRECTION('center_axis',(-0.707106781186564,0.707106781186531,-1.57009245868374E-16));
#11771=DIRECTION('ref_axis',(-0.707106781186531,-0.707106781186564,1.57009245868381E-16));
#11772=DIRECTION('',(0.,2.22044604925031E-16,1.));
#11773=DIRECTION('',(0.707106781186531,0.707106781186564,-1.57009245868381E-16));
#11774=DIRECTION('center_axis',(1.23908819712633E-15,1.,-2.22044604925031E-16));
#11775=DIRECTION('ref_axis',(-1.,1.23908819712633E-15,-2.75132849198184E-31));
#11776=DIRECTION('',(1.,-1.23908819712633E-15,2.75132849198184E-31));
#11777=DIRECTION('center_axis',(0.,2.22044604925031E-16,1.));
#11778=DIRECTION('ref_axis',(0.,-1.,2.22044604925031E-16));
#11779=DIRECTION('center_axis',(0.,-2.22044604925031E-16,-1.));
#11780=DIRECTION('ref_axis',(0.,1.,-2.22044604925031E-16));
#11781=DIRECTION('center_axis',(0.,2.22044604925031E-16,1.));
#11782=DIRECTION('ref_axis',(0.,-1.,2.22044604925031E-16));
#11783=DIRECTION('',(0.,2.22044604925031E-16,1.));
#11784=DIRECTION('center_axis',(0.,2.22044604925031E-16,1.));
#11785=DIRECTION('ref_axis',(0.,-1.,2.22044604925031E-16));
#11786=DIRECTION('center_axis',(0.,-2.22044604925031E-16,-1.));
#11787=DIRECTION('ref_axis',(0.,1.,-2.22044604925031E-16));
#11788=DIRECTION('center_axis',(0.,2.22044604925031E-16,1.));
#11789=DIRECTION('ref_axis',(0.,1.,-2.22044604925031E-16));
#11790=DIRECTION('',(0.,2.22044604925031E-16,1.));
#11791=DIRECTION('center_axis',(0.,-2.22044604925031E-16,-1.));
#11792=DIRECTION('ref_axis',(0.,1.,-2.22044604925031E-16));
#11793=DIRECTION('',(0.,2.22044604925031E-16,1.));
#11794=DIRECTION('center_axis',(0.,-2.22044604925031E-16,-1.));
#11795=DIRECTION('ref_axis',(0.,1.,-2.22044604925031E-16));
#11796=DIRECTION('center_axis',(0.,-2.22044604925031E-16,-1.));
#11797=DIRECTION('ref_axis',(0.,1.,-2.22044604925031E-16));
#11798=DIRECTION('',(0.,2.22044604925031E-16,1.));
#11799=DIRECTION('center_axis',(0.,-2.22044604925031E-16,-1.));
#11800=DIRECTION('ref_axis',(0.,1.,-2.22044604925031E-16));
#11801=DIRECTION('',(0.,-2.22044604925031E-16,-1.));
#11802=DIRECTION('center_axis',(0.,-2.22044604925031E-16,-1.));
#11803=DIRECTION('ref_axis',(0.,1.,-2.22044604925031E-16));
#11804=DIRECTION('center_axis',(0.,-2.22044604925031E-16,-1.));
#11805=DIRECTION('ref_axis',(0.,1.,-2.22044604925031E-16));
#11806=DIRECTION('',(0.,2.22044604925031E-16,1.));
#11807=DIRECTION('center_axis',(0.,-2.22044604925031E-16,-1.));
#11808=DIRECTION('ref_axis',(0.,1.,-2.22044604925031E-16));
#11809=DIRECTION('',(0.,-2.22044604925031E-16,-1.));
#11810=DIRECTION('center_axis',(0.,-2.22044604925031E-16,-1.));
#11811=DIRECTION('ref_axis',(0.,1.,-2.22044604925031E-16));
#11812=DIRECTION('center_axis',(0.,-2.22044604925031E-16,-1.));
#11813=DIRECTION('ref_axis',(0.,1.,-2.22044604925031E-16));
#11814=DIRECTION('',(0.,2.22044604925031E-16,1.));
#11815=DIRECTION('center_axis',(0.,-2.22044604925031E-16,-1.));
#11816=DIRECTION('ref_axis',(0.,1.,-2.22044604925031E-16));
#11817=DIRECTION('',(0.,-2.22044604925031E-16,-1.));
#11818=DIRECTION('center_axis',(0.,-2.22044604925031E-16,-1.));
#11819=DIRECTION('ref_axis',(0.,1.,-2.22044604925031E-16));
#11820=DIRECTION('center_axis',(0.,-2.22044604925031E-16,-1.));
#11821=DIRECTION('ref_axis',(0.,1.,-2.22044604925031E-16));
#11822=DIRECTION('',(0.,2.22044604925031E-16,1.));
#11823=DIRECTION('center_axis',(0.,-2.22044604925031E-16,-1.));
#11824=DIRECTION('ref_axis',(0.,1.,-2.22044604925031E-16));
#11825=DIRECTION('',(0.,-2.22044604925031E-16,-1.));
#11826=DIRECTION('center_axis',(0.,-2.22044604925031E-16,-1.));
#11827=DIRECTION('ref_axis',(0.,1.,-2.22044604925031E-16));
#11828=DIRECTION('center_axis',(0.,-2.22044604925031E-16,-1.));
#11829=DIRECTION('ref_axis',(0.,1.,-2.22044604925031E-16));
#11830=DIRECTION('',(0.,2.22044604925031E-16,1.));
#11831=DIRECTION('center_axis',(0.,-2.22044604925031E-16,-1.));
#11832=DIRECTION('ref_axis',(0.,1.,-2.22044604925031E-16));
#11833=DIRECTION('',(0.,-2.22044604925031E-16,-1.));
#11834=DIRECTION('center_axis',(0.,-2.22044604925031E-16,-1.));
#11835=DIRECTION('ref_axis',(0.,1.,-2.22044604925031E-16));
#11836=DIRECTION('center_axis',(0.,-2.22044604925031E-16,-1.));
#11837=DIRECTION('ref_axis',(0.,1.,-2.22044604925031E-16));
#11838=DIRECTION('',(0.,2.22044604925031E-16,1.));
#11839=DIRECTION('center_axis',(0.,-2.22044604925031E-16,-1.));
#11840=DIRECTION('ref_axis',(0.,1.,-2.22044604925031E-16));
#11841=DIRECTION('',(0.,2.22044604925031E-16,1.));
#11842=DIRECTION('center_axis',(0.,2.22044604925031E-16,1.));
#11843=DIRECTION('ref_axis',(0.,-1.,2.22044604925031E-16));
#11844=DIRECTION('',(-1.,-1.0842021724855E-16,2.40741243048405E-32));
#11845=DIRECTION('',(0.,-1.,2.22044604925031E-16));
#11846=DIRECTION('',(1.,1.0842021724855E-16,-2.40741243048405E-32));
#11847=DIRECTION('',(0.,1.,-2.22044604925031E-16));
#11848=DIRECTION('center_axis',(-1.,0.,0.));
#11849=DIRECTION('ref_axis',(0.,-1.,2.22044604925031E-16));
#11850=DIRECTION('',(0.,-1.,2.22044604925031E-16));
#11851=DIRECTION('',(0.,2.22044604925031E-16,1.));
#11852=DIRECTION('',(0.,-1.,2.22044604925031E-16));
#11853=DIRECTION('',(0.,-2.22044604925031E-16,-1.));
#11854=DIRECTION('',(0.,-1.,2.22044604925031E-16));
#11855=DIRECTION('',(0.,-2.22044604925031E-16,-1.));
#11856=DIRECTION('',(0.,-1.,2.22044604925031E-16));
#11857=DIRECTION('',(0.,2.22044604925031E-16,1.));
#11858=DIRECTION('',(0.,-1.,2.22044604925031E-16));
#11859=DIRECTION('',(0.,-2.22044604925031E-16,-1.));
#11860=DIRECTION('',(0.,-1.,2.22044604925031E-16));
#11861=DIRECTION('',(0.,2.22044604925031E-16,1.));
#11862=DIRECTION('',(0.,-1.,2.22044604925031E-16));
#11863=DIRECTION('',(0.,-2.22044604925031E-16,-1.));
#11864=DIRECTION('',(0.,-1.,2.22044604925031E-16));
#11865=DIRECTION('',(0.,2.22044604925031E-16,1.));
#11866=DIRECTION('',(0.,-1.,2.22044604925031E-16));
#11867=DIRECTION('',(0.,-2.22044604925031E-16,-1.));
#11868=DIRECTION('',(0.,-1.,2.22044604925031E-16));
#11869=DIRECTION('',(0.,2.22044604925031E-16,1.));
#11870=DIRECTION('',(0.,-1.,2.22044604925031E-16));
#11871=DIRECTION('',(0.,-2.22044604925031E-16,-1.));
#11872=DIRECTION('',(0.,-1.,2.22044604925031E-16));
#11873=DIRECTION('',(0.,2.22044604925031E-16,1.));
#11874=DIRECTION('',(0.,-1.,2.22044604925031E-16));
#11875=DIRECTION('',(0.,-2.22044604925031E-16,-1.));
#11876=DIRECTION('',(0.,-1.,2.22044604925031E-16));
#11877=DIRECTION('',(0.,2.22044604925031E-16,1.));
#11878=DIRECTION('',(0.,-1.,2.22044604925031E-16));
#11879=DIRECTION('',(0.,-2.22044604925031E-16,-1.));
#11880=DIRECTION('',(0.,-1.,2.22044604925031E-16));
#11881=DIRECTION('',(0.,2.22044604925031E-16,1.));
#11882=DIRECTION('center_axis',(-1.0842021724855E-16,1.,-2.22044604925031E-16));
#11883=DIRECTION('ref_axis',(-1.,-1.0842021724855E-16,2.40741243048405E-32));
#11884=DIRECTION('',(-1.,0.,0.));
#11885=DIRECTION('',(0.,2.22044604925031E-16,1.));
#11886=DIRECTION('',(-1.,-1.0842021724855E-16,2.40741243048405E-32));
#11887=DIRECTION('',(0.,-2.22044604925031E-16,-1.));
#11888=DIRECTION('',(-1.,0.,0.));
#11889=DIRECTION('',(0.,-2.22044604925031E-16,-1.));
#11890=DIRECTION('',(-1.,-1.0842021724855E-16,2.40741243048405E-32));
#11891=DIRECTION('',(0.,2.22044604925031E-16,1.));
#11892=DIRECTION('',(-1.,0.,0.));
#11893=DIRECTION('',(0.,-2.22044604925031E-16,-1.));
#11894=DIRECTION('',(-1.,-1.0842021724855E-16,2.40741243048405E-32));
#11895=DIRECTION('',(0.,2.22044604925031E-16,1.));
#11896=DIRECTION('',(-1.,0.,0.));
#11897=DIRECTION('',(0.,-2.22044604925031E-16,-1.));
#11898=DIRECTION('',(-1.,-1.0842021724855E-16,2.40741243048405E-32));
#11899=DIRECTION('',(0.,2.22044604925031E-16,1.));
#11900=DIRECTION('',(-1.,0.,0.));
#11901=DIRECTION('',(0.,-2.22044604925031E-16,-1.));
#11902=DIRECTION('',(-1.,-1.0842021724855E-16,2.40741243048405E-32));
#11903=DIRECTION('',(0.,2.22044604925031E-16,1.));
#11904=DIRECTION('',(-1.,0.,0.));
#11905=DIRECTION('',(0.,-2.22044604925031E-16,-1.));
#11906=DIRECTION('',(-1.,-1.0842021724855E-16,2.40741243048405E-32));
#11907=DIRECTION('',(0.,2.22044604925031E-16,1.));
#11908=DIRECTION('',(-1.,0.,0.));
#11909=DIRECTION('',(0.,-2.22044604925031E-16,-1.));
#11910=DIRECTION('',(-1.,-1.0842021724855E-16,2.40741243048405E-32));
#11911=DIRECTION('',(0.,2.22044604925031E-16,1.));
#11912=DIRECTION('',(-1.,0.,0.));
#11913=DIRECTION('',(0.,-2.22044604925031E-16,-1.));
#11914=DIRECTION('',(-1.,-1.0842021724855E-16,2.40741243048405E-32));
#11915=DIRECTION('',(0.,2.22044604925031E-16,1.));
#11916=DIRECTION('center_axis',(1.,0.,0.));
#11917=DIRECTION('ref_axis',(0.,1.,-2.22044604925031E-16));
#11918=DIRECTION('',(0.,1.,-2.22044604925031E-16));
#11919=DIRECTION('',(0.,-2.22044604925031E-16,-1.));
#11920=DIRECTION('',(0.,1.,-2.22044604925031E-16));
#11921=DIRECTION('',(0.,-2.22044604925031E-16,-1.));
#11922=DIRECTION('',(0.,1.,-2.22044604925031E-16));
#11923=DIRECTION('',(0.,2.22044604925031E-16,1.));
#11924=DIRECTION('',(0.,1.,-2.22044604925031E-16));
#11925=DIRECTION('',(0.,-2.22044604925031E-16,-1.));
#11926=DIRECTION('',(0.,1.,-2.22044604925031E-16));
#11927=DIRECTION('',(0.,2.22044604925031E-16,1.));
#11928=DIRECTION('',(0.,1.,-2.22044604925031E-16));
#11929=DIRECTION('',(0.,-2.22044604925031E-16,-1.));
#11930=DIRECTION('',(0.,1.,-2.22044604925031E-16));
#11931=DIRECTION('',(0.,2.22044604925031E-16,1.));
#11932=DIRECTION('',(0.,1.,-2.22044604925031E-16));
#11933=DIRECTION('',(0.,-2.22044604925031E-16,-1.));
#11934=DIRECTION('',(0.,1.,-2.22044604925031E-16));
#11935=DIRECTION('',(0.,2.22044604925031E-16,1.));
#11936=DIRECTION('',(0.,1.,-2.22044604925031E-16));
#11937=DIRECTION('',(0.,-2.22044604925031E-16,-1.));
#11938=DIRECTION('',(0.,1.,-2.22044604925031E-16));
#11939=DIRECTION('',(0.,2.22044604925031E-16,1.));
#11940=DIRECTION('',(0.,1.,-2.22044604925031E-16));
#11941=DIRECTION('',(0.,-2.22044604925031E-16,-1.));
#11942=DIRECTION('',(0.,1.,-2.22044604925031E-16));
#11943=DIRECTION('',(0.,2.22044604925031E-16,1.));
#11944=DIRECTION('',(0.,1.,-2.22044604925031E-16));
#11945=DIRECTION('',(0.,-2.22044604925031E-16,-1.));
#11946=DIRECTION('',(0.,1.,-2.22044604925031E-16));
#11947=DIRECTION('',(0.,2.22044604925031E-16,1.));
#11948=DIRECTION('',(0.,1.,-2.22044604925031E-16));
#11949=DIRECTION('',(0.,2.22044604925031E-16,1.));
#11950=DIRECTION('center_axis',(1.0842021724855E-16,-1.,2.22044604925031E-16));
#11951=DIRECTION('ref_axis',(1.,1.0842021724855E-16,-2.40741243048405E-32));
#11952=DIRECTION('',(1.,0.,0.));
#11953=DIRECTION('',(0.,2.22044604925031E-16,1.));
#11954=DIRECTION('',(1.,1.0842021724855E-16,-2.40741243048405E-32));
#11955=DIRECTION('',(0.,-2.22044604925031E-16,-1.));
#11956=DIRECTION('',(1.,0.,0.));
#11957=DIRECTION('',(0.,-2.22044604925031E-16,-1.));
#11958=DIRECTION('',(1.,1.0842021724855E-16,-2.40741243048405E-32));
#11959=DIRECTION('',(0.,2.22044604925031E-16,1.));
#11960=DIRECTION('',(1.,0.,0.));
#11961=DIRECTION('',(0.,-2.22044604925031E-16,-1.));
#11962=DIRECTION('',(1.,1.0842021724855E-16,-2.40741243048405E-32));
#11963=DIRECTION('',(0.,2.22044604925031E-16,1.));
#11964=DIRECTION('',(1.,0.,0.));
#11965=DIRECTION('',(0.,-2.22044604925031E-16,-1.));
#11966=DIRECTION('',(1.,1.0842021724855E-16,-2.40741243048405E-32));
#11967=DIRECTION('',(0.,2.22044604925031E-16,1.));
#11968=DIRECTION('',(1.,0.,0.));
#11969=DIRECTION('',(0.,-2.22044604925031E-16,-1.));
#11970=DIRECTION('',(1.,1.0842021724855E-16,-2.40741243048405E-32));
#11971=DIRECTION('',(0.,2.22044604925031E-16,1.));
#11972=DIRECTION('',(1.,0.,0.));
#11973=DIRECTION('',(0.,-2.22044604925031E-16,-1.));
#11974=DIRECTION('',(1.,1.0842021724855E-16,-2.40741243048405E-32));
#11975=DIRECTION('',(0.,2.22044604925031E-16,1.));
#11976=DIRECTION('',(1.,0.,0.));
#11977=DIRECTION('',(0.,-2.22044604925031E-16,-1.));
#11978=DIRECTION('',(1.,1.0842021724855E-16,-2.40741243048405E-32));
#11979=DIRECTION('',(0.,2.22044604925031E-16,1.));
#11980=DIRECTION('',(1.,0.,0.));
#11981=DIRECTION('',(0.,-2.22044604925031E-16,-1.));
#11982=DIRECTION('',(1.,1.0842021724855E-16,-2.40741243048405E-32));
#11983=DIRECTION('',(0.,2.22044604925031E-16,1.));
#11984=DIRECTION('center_axis',(0.,2.22044604925031E-16,1.));
#11985=DIRECTION('ref_axis',(0.,-1.,2.22044604925031E-16));
#11986=DIRECTION('center_axis',(0.,-2.22044604925031E-16,-1.));
#11987=DIRECTION('ref_axis',(0.,-1.,2.22044604925031E-16));
#11988=DIRECTION('',(0.,1.,-2.22044604925031E-16));
#11989=DIRECTION('',(0.707106781186538,0.707106781186557,-1.5700924586838E-16));
#11990=DIRECTION('',(0.,1.,-2.22044604925031E-16));
#11991=DIRECTION('center_axis',(0.,-2.22044604925031E-16,-1.));
#11992=DIRECTION('ref_axis',(0.,1.,-2.22044604925031E-16));
#11993=DIRECTION('',(0.,-1.,2.22044604925031E-16));
#11994=DIRECTION('',(0.707106781186538,-0.707106781186557,1.5700924586838E-16));
#11995=DIRECTION('',(0.,-1.,2.22044604925031E-16));
#11996=DIRECTION('',(-8.67361737988401E-15,1.,-2.22044604925031E-16));
#11997=DIRECTION('',(0.707106781186544,0.707106781186551,-1.57009245868378E-16));
#11998=DIRECTION('',(0.,1.,-2.22044604925031E-16));
#11999=DIRECTION('center_axis',(0.,-2.22044604925031E-16,-1.));
#12000=DIRECTION('ref_axis',(0.,1.,-2.22044604925031E-16));
#12001=DIRECTION('',(0.,-1.,2.22044604925031E-16));
#12002=DIRECTION('',(0.707106781186544,-0.707106781186551,1.57009245868378E-16));
#12003=DIRECTION('',(-8.67361737988401E-15,-1.,2.22044604925031E-16));
#12004=DIRECTION('',(-8.67361737988401E-15,1.,-2.22044604925031E-16));
#12005=DIRECTION('',(0.707106781186544,0.707106781186551,-1.57009245868378E-16));
#12006=DIRECTION('',(0.,1.,-2.22044604925031E-16));
#12007=DIRECTION('center_axis',(0.,-2.22044604925031E-16,-1.));
#12008=DIRECTION('ref_axis',(0.,1.,-2.22044604925031E-16));
#12009=DIRECTION('',(0.,-1.,2.22044604925031E-16));
#12010=DIRECTION('',(0.707106781186544,-0.707106781186551,1.57009245868378E-16));
#12011=DIRECTION('',(-8.67361737988401E-15,-1.,2.22044604925031E-16));
#12012=DIRECTION('',(-8.67361737988401E-15,1.,-2.22044604925031E-16));
#12013=DIRECTION('',(0.707106781186544,0.707106781186551,-1.57009245868378E-16));
#12014=DIRECTION('',(0.,1.,-2.22044604925031E-16));
#12015=DIRECTION('center_axis',(0.,-2.22044604925031E-16,-1.));
#12016=DIRECTION('ref_axis',(0.,1.,-2.22044604925031E-16));
#12017=DIRECTION('',(0.,-1.,2.22044604925031E-16));
#12018=DIRECTION('',(0.707106781186544,-0.707106781186551,1.57009245868378E-16));
#12019=DIRECTION('',(-8.67361737988401E-15,-1.,2.22044604925031E-16));
#12020=DIRECTION('',(-8.67361737988401E-15,1.,-2.22044604925031E-16));
#12021=DIRECTION('',(0.707106781186544,0.707106781186551,-1.57009245868378E-16));
#12022=DIRECTION('',(0.,1.,-2.22044604925031E-16));
#12023=DIRECTION('center_axis',(0.,-2.22044604925031E-16,-1.));
#12024=DIRECTION('ref_axis',(0.,1.,-2.22044604925031E-16));
#12025=DIRECTION('',(0.,-1.,2.22044604925031E-16));
#12026=DIRECTION('',(0.707106781186544,-0.707106781186551,1.57009245868378E-16));
#12027=DIRECTION('',(-8.67361737988401E-15,-1.,2.22044604925031E-16));
#12028=DIRECTION('',(-8.67361737988401E-15,1.,-2.22044604925031E-16));
#12029=DIRECTION('',(0.707106781186544,0.707106781186551,-1.57009245868378E-16));
#12030=DIRECTION('',(0.,1.,-2.22044604925031E-16));
#12031=DIRECTION('center_axis',(0.,-2.22044604925031E-16,-1.));
#12032=DIRECTION('ref_axis',(0.,1.,-2.22044604925031E-16));
#12033=DIRECTION('',(0.,-1.,2.22044604925031E-16));
#12034=DIRECTION('',(0.707106781186544,-0.707106781186551,1.57009245868378E-16));
#12035=DIRECTION('',(-8.67361737988401E-15,-1.,2.22044604925031E-16));
#12036=DIRECTION('',(0.,1.,-2.22044604925031E-16));
#12037=DIRECTION('',(0.707106781186538,0.707106781186557,-1.5700924586838E-16));
#12038=DIRECTION('',(0.,1.,-2.22044604925031E-16));
#12039=DIRECTION('center_axis',(0.,-2.22044604925031E-16,-1.));
#12040=DIRECTION('ref_axis',(0.,1.,-2.22044604925031E-16));
#12041=DIRECTION('',(0.,-1.,2.22044604925031E-16));
#12042=DIRECTION('',(0.707106781186538,-0.707106781186557,1.5700924586838E-16));
#12043=DIRECTION('',(0.,-1.,2.22044604925031E-16));
#12044=DIRECTION('center_axis',(0.,-2.22044604925031E-16,-1.));
#12045=DIRECTION('ref_axis',(0.,-1.,2.22044604925031E-16));
#12046=DIRECTION('',(1.,4.33680868994201E-15,-9.62964972193615E-31));
#12047=DIRECTION('',(0.707106781186558,-0.707106781186537,1.57009245868375E-16));
#12048=DIRECTION('',(1.,3.46944695195364E-15,-7.70371977754899E-31));
#12049=DIRECTION('center_axis',(0.,-2.22044604925031E-16,-1.));
#12050=DIRECTION('ref_axis',(0.,1.,-2.22044604925031E-16));
#12051=DIRECTION('',(-1.,-1.73472347597682E-15,3.85185988877449E-31));
#12052=DIRECTION('',(-0.707106781186555,-0.70710678118654,1.57009245868376E-16));
#12053=DIRECTION('',(-1.,-4.33680868994201E-15,9.62964972193615E-31));
#12054=DIRECTION('',(1.,0.,0.));
#12055=DIRECTION('',(0.707106781186531,-0.707106781186564,1.57009245868381E-16));
#12056=DIRECTION('',(1.,1.23908819712633E-15,-2.75132849198184E-31));
#12057=DIRECTION('center_axis',(0.,-2.22044604925031E-16,-1.));
#12058=DIRECTION('ref_axis',(0.,1.,-2.22044604925031E-16));
#12059=DIRECTION('',(-1.,1.23908819712633E-15,-2.75132849198184E-31));
#12060=DIRECTION('',(-0.707106781186531,-0.707106781186564,1.57009245868381E-16));
#12061=DIRECTION('',(-1.,0.,0.));
#12062=DIRECTION('',(1.,0.,0.));
#12063=DIRECTION('',(0.707106781186531,-0.707106781186564,1.57009245868381E-16));
#12064=DIRECTION('',(1.,1.23908819712633E-15,-2.75132849198184E-31));
#12065=DIRECTION('center_axis',(0.,-2.22044604925031E-16,-1.));
#12066=DIRECTION('ref_axis',(0.,1.,-2.22044604925031E-16));
#12067=DIRECTION('',(-1.,1.23908819712633E-15,-2.75132849198184E-31));
#12068=DIRECTION('',(-0.707106781186531,-0.707106781186564,1.57009245868381E-16));
#12069=DIRECTION('',(-1.,0.,0.));
#12070=DIRECTION('',(1.,0.,0.));
#12071=DIRECTION('',(0.707106781186531,-0.707106781186564,1.57009245868381E-16));
#12072=DIRECTION('',(1.,1.23908819712633E-15,-2.75132849198184E-31));
#12073=DIRECTION('center_axis',(0.,-2.22044604925031E-16,-1.));
#12074=DIRECTION('ref_axis',(0.,1.,-2.22044604925031E-16));
#12075=DIRECTION('',(-1.,1.23908819712633E-15,-2.75132849198184E-31));
#12076=DIRECTION('',(-0.707106781186531,-0.707106781186564,1.57009245868381E-16));
#12077=DIRECTION('',(-1.,0.,0.));
#12078=DIRECTION('',(1.,0.,0.));
#12079=DIRECTION('',(0.707106781186531,-0.707106781186564,1.57009245868381E-16));
#12080=DIRECTION('',(1.,1.23908819712633E-15,-2.75132849198184E-31));
#12081=DIRECTION('center_axis',(0.,-2.22044604925031E-16,-1.));
#12082=DIRECTION('ref_axis',(0.,1.,-2.22044604925031E-16));
#12083=DIRECTION('',(-1.,1.23908819712633E-15,-2.75132849198184E-31));
#12084=DIRECTION('',(-0.707106781186531,-0.707106781186564,1.57009245868381E-16));
#12085=DIRECTION('',(-1.,0.,0.));
#12086=DIRECTION('',(1.,0.,0.));
#12087=DIRECTION('',(0.707106781186531,-0.707106781186564,1.57009245868381E-16));
#12088=DIRECTION('',(1.,1.23908819712633E-15,-2.75132849198184E-31));
#12089=DIRECTION('center_axis',(0.,-2.22044604925031E-16,-1.));
#12090=DIRECTION('ref_axis',(0.,1.,-2.22044604925031E-16));
#12091=DIRECTION('',(-1.,1.23908819712633E-15,-2.75132849198184E-31));
#12092=DIRECTION('',(-0.707106781186531,-0.707106781186564,1.57009245868381E-16));
#12093=DIRECTION('',(-1.,0.,0.));
#12094=DIRECTION('',(1.,-4.33680868994201E-15,9.62964972193615E-31));
#12095=DIRECTION('',(0.707106781186555,-0.70710678118654,1.57009245868376E-16));
#12096=DIRECTION('',(1.,-1.73472347597682E-15,3.85185988877449E-31));
#12097=DIRECTION('center_axis',(0.,-2.22044604925031E-16,-1.));
#12098=DIRECTION('ref_axis',(0.,1.,-2.22044604925031E-16));
#12099=DIRECTION('',(-1.,3.46944695195364E-15,-7.70371977754899E-31));
#12100=DIRECTION('',(-0.707106781186558,-0.707106781186537,1.57009245868375E-16));
#12101=DIRECTION('',(-1.,4.33680868994201E-15,-9.62964972193615E-31));
#12102=DIRECTION('center_axis',(0.,-2.22044604925031E-16,-1.));
#12103=DIRECTION('ref_axis',(0.,-1.,2.22044604925031E-16));
#12104=DIRECTION('',(0.,-1.,2.22044604925031E-16));
#12105=DIRECTION('',(-0.707106781186538,-0.707106781186557,1.5700924586838E-16));
#12106=DIRECTION('',(0.,-1.,2.22044604925031E-16));
#12107=DIRECTION('',(0.,1.,-2.22044604925031E-16));
#12108=DIRECTION('',(-0.707106781186538,0.707106781186557,-1.5700924586838E-16));
#12109=DIRECTION('',(0.,1.,-2.22044604925031E-16));
#12110=DIRECTION('',(8.67361737988401E-15,-1.,2.22044604925031E-16));
#12111=DIRECTION('',(-0.707106781186544,-0.707106781186551,1.57009245868378E-16));
#12112=DIRECTION('',(0.,-1.,2.22044604925031E-16));
#12113=DIRECTION('',(0.,1.,-2.22044604925031E-16));
#12114=DIRECTION('',(-0.707106781186544,0.707106781186551,-1.57009245868378E-16));
#12115=DIRECTION('',(8.67361737988401E-15,1.,-2.22044604925031E-16));
#12116=DIRECTION('',(8.67361737988401E-15,-1.,2.22044604925031E-16));
#12117=DIRECTION('',(-0.707106781186544,-0.707106781186551,1.57009245868378E-16));
#12118=DIRECTION('',(0.,-1.,2.22044604925031E-16));
#12119=DIRECTION('',(0.,1.,-2.22044604925031E-16));
#12120=DIRECTION('',(-0.707106781186544,0.707106781186551,-1.57009245868378E-16));
#12121=DIRECTION('',(8.67361737988401E-15,1.,-2.22044604925031E-16));
#12122=DIRECTION('',(8.67361737988401E-15,-1.,2.22044604925031E-16));
#12123=DIRECTION('',(-0.707106781186544,-0.707106781186551,1.57009245868378E-16));
#12124=DIRECTION('',(0.,-1.,2.22044604925031E-16));
#12125=DIRECTION('',(0.,1.,-2.22044604925031E-16));
#12126=DIRECTION('',(-0.707106781186544,0.707106781186551,-1.57009245868378E-16));
#12127=DIRECTION('',(8.67361737988401E-15,1.,-2.22044604925031E-16));
#12128=DIRECTION('',(8.67361737988401E-15,-1.,2.22044604925031E-16));
#12129=DIRECTION('',(-0.707106781186544,-0.707106781186551,1.57009245868378E-16));
#12130=DIRECTION('',(0.,-1.,2.22044604925031E-16));
#12131=DIRECTION('',(0.,1.,-2.22044604925031E-16));
#12132=DIRECTION('',(-0.707106781186544,0.707106781186551,-1.57009245868378E-16));
#12133=DIRECTION('',(8.67361737988401E-15,1.,-2.22044604925031E-16));
#12134=DIRECTION('',(8.67361737988401E-15,-1.,2.22044604925031E-16));
#12135=DIRECTION('',(-0.707106781186544,-0.707106781186551,1.57009245868378E-16));
#12136=DIRECTION('',(0.,-1.,2.22044604925031E-16));
#12137=DIRECTION('',(0.,1.,-2.22044604925031E-16));
#12138=DIRECTION('',(-0.707106781186544,0.707106781186551,-1.57009245868378E-16));
#12139=DIRECTION('',(8.67361737988401E-15,1.,-2.22044604925031E-16));
#12140=DIRECTION('',(0.,-1.,2.22044604925031E-16));
#12141=DIRECTION('',(-0.707106781186538,-0.707106781186557,1.5700924586838E-16));
#12142=DIRECTION('',(0.,-1.,2.22044604925031E-16));
#12143=DIRECTION('',(0.,1.,-2.22044604925031E-16));
#12144=DIRECTION('',(-0.707106781186538,0.707106781186557,-1.5700924586838E-16));
#12145=DIRECTION('',(0.,1.,-2.22044604925031E-16));
#12146=DIRECTION('center_axis',(0.,-2.22044604925031E-16,-1.));
#12147=DIRECTION('ref_axis',(0.,-1.,2.22044604925031E-16));
#12148=DIRECTION('',(-1.,-4.33680868994201E-15,9.62964972193615E-31));
#12149=DIRECTION('',(-0.707106781186558,0.707106781186537,-1.57009245868375E-16));
#12150=DIRECTION('',(-1.,-3.46944695195364E-15,7.70371977754899E-31));
#12151=DIRECTION('center_axis',(0.,-2.22044604925031E-16,-1.));
#12152=DIRECTION('ref_axis',(0.,1.,-2.22044604925031E-16));
#12153=DIRECTION('',(1.,1.73472347597682E-15,-3.85185988877449E-31));
#12154=DIRECTION('',(0.707106781186555,0.70710678118654,-1.57009245868376E-16));
#12155=DIRECTION('',(1.,4.33680868994201E-15,-9.62964972193615E-31));
#12156=DIRECTION('',(-1.,0.,0.));
#12157=DIRECTION('',(-0.707106781186531,0.707106781186564,-1.57009245868381E-16));
#12158=DIRECTION('',(-1.,-1.23908819712633E-15,2.75132849198184E-31));
#12159=DIRECTION('center_axis',(0.,-2.22044604925031E-16,-1.));
#12160=DIRECTION('ref_axis',(0.,1.,-2.22044604925031E-16));
#12161=DIRECTION('',(1.,-1.23908819712633E-15,2.75132849198184E-31));
#12162=DIRECTION('',(0.707106781186531,0.707106781186564,-1.57009245868381E-16));
#12163=DIRECTION('',(1.,0.,0.));
#12164=DIRECTION('',(-1.,0.,0.));
#12165=DIRECTION('',(-0.707106781186531,0.707106781186564,-1.57009245868381E-16));
#12166=DIRECTION('',(-1.,-1.23908819712633E-15,2.75132849198184E-31));
#12167=DIRECTION('center_axis',(0.,-2.22044604925031E-16,-1.));
#12168=DIRECTION('ref_axis',(0.,1.,-2.22044604925031E-16));
#12169=DIRECTION('',(1.,-1.23908819712633E-15,2.75132849198184E-31));
#12170=DIRECTION('',(0.707106781186531,0.707106781186564,-1.57009245868381E-16));
#12171=DIRECTION('',(1.,0.,0.));
#12172=DIRECTION('',(-1.,0.,0.));
#12173=DIRECTION('',(-0.707106781186531,0.707106781186564,-1.57009245868381E-16));
#12174=DIRECTION('',(-1.,-1.23908819712633E-15,2.75132849198184E-31));
#12175=DIRECTION('center_axis',(0.,-2.22044604925031E-16,-1.));
#12176=DIRECTION('ref_axis',(0.,1.,-2.22044604925031E-16));
#12177=DIRECTION('',(1.,-1.23908819712633E-15,2.75132849198184E-31));
#12178=DIRECTION('',(0.707106781186531,0.707106781186564,-1.57009245868381E-16));
#12179=DIRECTION('',(1.,0.,0.));
#12180=DIRECTION('',(-1.,0.,0.));
#12181=DIRECTION('',(-0.707106781186531,0.707106781186564,-1.57009245868381E-16));
#12182=DIRECTION('',(-1.,-1.23908819712633E-15,2.75132849198184E-31));
#12183=DIRECTION('center_axis',(0.,-2.22044604925031E-16,-1.));
#12184=DIRECTION('ref_axis',(0.,1.,-2.22044604925031E-16));
#12185=DIRECTION('',(1.,-1.23908819712633E-15,2.75132849198184E-31));
#12186=DIRECTION('',(0.707106781186531,0.707106781186564,-1.57009245868381E-16));
#12187=DIRECTION('',(1.,0.,0.));
#12188=DIRECTION('',(-1.,0.,0.));
#12189=DIRECTION('',(-0.707106781186531,0.707106781186564,-1.57009245868381E-16));
#12190=DIRECTION('',(-1.,-1.23908819712633E-15,2.75132849198184E-31));
#12191=DIRECTION('center_axis',(0.,-2.22044604925031E-16,-1.));
#12192=DIRECTION('ref_axis',(0.,1.,-2.22044604925031E-16));
#12193=DIRECTION('',(1.,-1.23908819712633E-15,2.75132849198184E-31));
#12194=DIRECTION('',(0.707106781186531,0.707106781186564,-1.57009245868381E-16));
#12195=DIRECTION('',(1.,0.,0.));
#12196=DIRECTION('',(-1.,4.33680868994201E-15,-9.62964972193615E-31));
#12197=DIRECTION('',(-0.707106781186555,0.70710678118654,-1.57009245868376E-16));
#12198=DIRECTION('',(-1.,1.73472347597682E-15,-3.85185988877449E-31));
#12199=DIRECTION('center_axis',(0.,-2.22044604925031E-16,-1.));
#12200=DIRECTION('ref_axis',(0.,1.,-2.22044604925031E-16));
#12201=DIRECTION('',(0.707106781186544,-0.707106781186551,1.57009245868378E-16));
#12202=DIRECTION('',(1.,-1.08510679013588E-14,2.4094210851719E-30));
#12203=DIRECTION('',(0.707106781186558,0.707106781186537,-1.57009245868375E-16));
#12204=DIRECTION('',(1.,-4.33680868994201E-15,9.62964972193615E-31));
#12205=DIRECTION('center_axis',(-4.33680868994201E-15,-1.,2.22044604925031E-16));
#12206=DIRECTION('ref_axis',(1.,-4.33680868994201E-15,9.62964972193615E-31));
#12207=DIRECTION('',(0.,-2.22044604925031E-16,-1.));
#12208=DIRECTION('',(-1.,4.33680868994201E-15,-9.62964972193615E-31));
#12209=DIRECTION('center_axis',(0.,-2.22044604925031E-16,-1.));
#12210=DIRECTION('ref_axis',(0.,1.,-2.22044604925031E-16));
#12211=DIRECTION('',(1.,0.,0.));
#12212=DIRECTION('',(-0.70710678118656,-0.707106781186535,1.57009245868375E-16));
#12213=DIRECTION('',(-1.,0.,0.));
#12214=DIRECTION('center_axis',(0.,-2.22044604925031E-16,-1.));
#12215=DIRECTION('ref_axis',(0.,1.,-2.22044604925031E-16));
#12216=DIRECTION('',(1.,0.,0.));
#12217=DIRECTION('',(0.707106781186557,-0.707106781186538,1.57009245868375E-16));
#12218=DIRECTION('center_axis',(4.33680868994201E-15,1.,-2.22044604925031E-16));
#12219=DIRECTION('ref_axis',(-1.,4.33680868994201E-15,-9.62964972193615E-31));
#12220=DIRECTION('',(0.,2.22044604925031E-16,1.));
#12221=DIRECTION('center_axis',(0.,1.,-2.22044604925031E-16));
#12222=DIRECTION('ref_axis',(-1.,0.,0.));
#12223=DIRECTION('',(1.,0.,0.));
#12224=DIRECTION('',(0.,2.22044604925031E-16,1.));
#12225=DIRECTION('center_axis',(0.,2.22044604925031E-16,1.));
#12226=DIRECTION('ref_axis',(0.,-1.,2.22044604925031E-16));
#12227=DIRECTION('',(-0.707106781186529,0.707106781186566,-1.57009245868382E-16));
#12228=DIRECTION('',(-1.,0.,0.));
#12229=DIRECTION('',(0.707106781186529,0.707106781186566,-1.57009245868382E-16));
#12230=DIRECTION('',(1.,0.,0.));
#12231=DIRECTION('center_axis',(0.,2.22044604925031E-16,1.));
#12232=DIRECTION('ref_axis',(0.,1.,-2.22044604925031E-16));
#12233=DIRECTION('',(-1.,0.,0.));
#12234=DIRECTION('center_axis',(0.,-1.,2.22044604925031E-16));
#12235=DIRECTION('ref_axis',(1.,0.,0.));
#12236=DIRECTION('',(0.,-2.22044604925031E-16,-1.));
#12237=DIRECTION('center_axis',(0.,1.,-2.22044604925031E-16));
#12238=DIRECTION('ref_axis',(-1.,0.,0.));
#12239=DIRECTION('',(1.,0.,0.));
#12240=DIRECTION('',(0.,2.22044604925031E-16,1.));
#12241=DIRECTION('center_axis',(0.,2.22044604925031E-16,1.));
#12242=DIRECTION('ref_axis',(0.,-1.,2.22044604925031E-16));
#12243=DIRECTION('',(-0.707106781186532,0.707106781186563,-1.57009245868381E-16));
#12244=DIRECTION('',(-1.,0.,0.));
#12245=DIRECTION('',(0.707106781186532,0.707106781186563,-1.57009245868381E-16));
#12246=DIRECTION('',(1.,0.,0.));
#12247=DIRECTION('center_axis',(0.,2.22044604925031E-16,1.));
#12248=DIRECTION('ref_axis',(0.,1.,-2.22044604925031E-16));
#12249=DIRECTION('',(-1.,0.,0.));
#12250=DIRECTION('center_axis',(0.,-1.,2.22044604925031E-16));
#12251=DIRECTION('ref_axis',(1.,0.,0.));
#12252=DIRECTION('',(0.,-2.22044604925031E-16,-1.));
#12253=DIRECTION('center_axis',(0.,1.,-2.22044604925031E-16));
#12254=DIRECTION('ref_axis',(-1.,0.,0.));
#12255=DIRECTION('',(1.,0.,0.));
#12256=DIRECTION('',(0.,2.22044604925031E-16,1.));
#12257=DIRECTION('center_axis',(0.,2.22044604925031E-16,1.));
#12258=DIRECTION('ref_axis',(0.,-1.,2.22044604925031E-16));
#12259=DIRECTION('',(-0.707106781186531,0.707106781186564,-1.57009245868381E-16));
#12260=DIRECTION('',(-1.,0.,0.));
#12261=DIRECTION('',(0.707106781186531,0.707106781186564,-1.57009245868381E-16));
#12262=DIRECTION('',(1.,0.,0.));
#12263=DIRECTION('center_axis',(0.,2.22044604925031E-16,1.));
#12264=DIRECTION('ref_axis',(0.,1.,-2.22044604925031E-16));
#12265=DIRECTION('',(-1.,0.,0.));
#12266=DIRECTION('center_axis',(0.,-1.,2.22044604925031E-16));
#12267=DIRECTION('ref_axis',(1.,0.,0.));
#12268=DIRECTION('',(0.,-2.22044604925031E-16,-1.));
#12269=DIRECTION('center_axis',(0.,1.,-2.22044604925031E-16));
#12270=DIRECTION('ref_axis',(-1.,0.,0.));
#12271=DIRECTION('',(1.,0.,0.));
#12272=DIRECTION('',(0.,2.22044604925031E-16,1.));
#12273=DIRECTION('center_axis',(0.,2.22044604925031E-16,1.));
#12274=DIRECTION('ref_axis',(0.,-1.,2.22044604925031E-16));
#12275=DIRECTION('',(-0.707106781186531,0.707106781186564,-1.57009245868381E-16));
#12276=DIRECTION('',(-1.,0.,0.));
#12277=DIRECTION('',(0.707106781186531,0.707106781186564,-1.57009245868381E-16));
#12278=DIRECTION('',(1.,0.,0.));
#12279=DIRECTION('center_axis',(0.,2.22044604925031E-16,1.));
#12280=DIRECTION('ref_axis',(0.,1.,-2.22044604925031E-16));
#12281=DIRECTION('',(-1.,0.,0.));
#12282=DIRECTION('center_axis',(0.,-1.,2.22044604925031E-16));
#12283=DIRECTION('ref_axis',(1.,0.,0.));
#12284=DIRECTION('',(0.,-2.22044604925031E-16,-1.));
#12285=DIRECTION('center_axis',(0.,1.,-2.22044604925031E-16));
#12286=DIRECTION('ref_axis',(-1.,0.,0.));
#12287=DIRECTION('',(1.,0.,0.));
#12288=DIRECTION('',(0.,2.22044604925031E-16,1.));
#12289=DIRECTION('center_axis',(0.,2.22044604925031E-16,1.));
#12290=DIRECTION('ref_axis',(0.,-1.,2.22044604925031E-16));
#12291=DIRECTION('',(-0.707106781186531,0.707106781186564,-1.57009245868381E-16));
#12292=DIRECTION('',(-1.,0.,0.));
#12293=DIRECTION('',(0.707106781186531,0.707106781186564,-1.57009245868381E-16));
#12294=DIRECTION('',(1.,0.,0.));
#12295=DIRECTION('center_axis',(0.,2.22044604925031E-16,1.));
#12296=DIRECTION('ref_axis',(0.,1.,-2.22044604925031E-16));
#12297=DIRECTION('',(-1.,0.,0.));
#12298=DIRECTION('center_axis',(0.,-1.,2.22044604925031E-16));
#12299=DIRECTION('ref_axis',(1.,0.,0.));
#12300=DIRECTION('',(0.,-2.22044604925031E-16,-1.));
#12301=DIRECTION('center_axis',(4.33680868994201E-15,-1.,2.22044604925031E-16));
#12302=DIRECTION('ref_axis',(1.,4.33680868994201E-15,-9.62964972193615E-31));
#12303=DIRECTION('',(0.,-2.22044604925031E-16,-1.));
#12304=DIRECTION('',(-1.,-4.33680868994201E-15,9.62964972193615E-31));
#12305=DIRECTION('center_axis',(0.,2.22044604925031E-16,1.));
#12306=DIRECTION('ref_axis',(0.,-1.,2.22044604925031E-16));
#12307=DIRECTION('',(0.707106781186557,0.707106781186538,-1.57009245868375E-16));
#12308=DIRECTION('',(1.,0.,0.));
#12309=DIRECTION('center_axis',(0.,2.22044604925031E-16,1.));
#12310=DIRECTION('ref_axis',(0.,1.,-2.22044604925031E-16));
#12311=DIRECTION('',(-1.,0.,0.));
#12312=DIRECTION('',(-0.70710678118656,0.707106781186535,-1.57009245868375E-16));
#12313=DIRECTION('',(-1.,0.,0.));
#12314=DIRECTION('center_axis',(-4.33680868994201E-15,1.,-2.22044604925031E-16));
#12315=DIRECTION('ref_axis',(-1.,-4.33680868994201E-15,9.62964972193615E-31));
#12316=DIRECTION('',(0.,2.22044604925031E-16,1.));
#12317=DIRECTION('center_axis',(-1.,0.,0.));
#12318=DIRECTION('ref_axis',(0.,-1.,2.22044604925031E-16));
#12319=DIRECTION('',(0.,-2.22044604925031E-16,-1.));
#12320=DIRECTION('',(0.,1.,-2.22044604925031E-16));
#12321=DIRECTION('center_axis',(0.,2.22044604925031E-16,1.));
#12322=DIRECTION('ref_axis',(0.,-1.,2.22044604925031E-16));
#12323=DIRECTION('',(0.,1.,-2.22044604925031E-16));
#12324=DIRECTION('',(0.707106781186538,-0.707106781186557,1.5700924586838E-16));
#12325=DIRECTION('',(0.,-1.,2.22044604925031E-16));
#12326=DIRECTION('',(0.,1.,-2.22044604925031E-16));
#12327=DIRECTION('',(0.707106781186538,0.707106781186557,-1.5700924586838E-16));
#12328=DIRECTION('center_axis',(1.,0.,0.));
#12329=DIRECTION('ref_axis',(0.,1.,-2.22044604925031E-16));
#12330=DIRECTION('',(0.,2.22044604925031E-16,1.));
#12331=DIRECTION('center_axis',(-1.,0.,0.));
#12332=DIRECTION('ref_axis',(0.,-1.,2.22044604925031E-16));
#12333=DIRECTION('',(0.,-2.22044604925031E-16,-1.));
#12334=DIRECTION('',(0.,1.,-2.22044604925031E-16));
#12335=DIRECTION('center_axis',(0.,-2.22044604925031E-16,-1.));
#12336=DIRECTION('ref_axis',(0.,1.,-2.22044604925031E-16));
#12337=DIRECTION('',(0.,-1.,2.22044604925031E-16));
#12338=DIRECTION('',(-0.707106781186538,0.707106781186557,-1.5700924586838E-16));
#12339=DIRECTION('',(0.,1.,-2.22044604925031E-16));
#12340=DIRECTION('',(0.,-1.,2.22044604925031E-16));
#12341=DIRECTION('',(-0.707106781186538,-0.707106781186557,1.5700924586838E-16));
#12342=DIRECTION('center_axis',(1.,0.,0.));
#12343=DIRECTION('ref_axis',(0.,1.,-2.22044604925031E-16));
#12344=DIRECTION('',(0.,2.22044604925031E-16,1.));
#12345=DIRECTION('center_axis',(1.,-8.67361737988401E-15,1.92592994438723E-30));
#12346=DIRECTION('ref_axis',(8.67361737988401E-15,1.,-2.22044604925031E-16));
#12347=DIRECTION('',(-8.67361737988401E-15,-1.,2.22044604925031E-16));
#12348=DIRECTION('',(0.,2.22044604925031E-16,1.));
#12349=DIRECTION('center_axis',(0.,-2.22044604925031E-16,-1.));
#12350=DIRECTION('ref_axis',(0.,1.,-2.22044604925031E-16));
#12351=DIRECTION('',(0.,1.,-2.22044604925031E-16));
#12352=DIRECTION('',(0.,-1.,2.22044604925031E-16));
#12353=DIRECTION('',(-0.707106781186544,-0.707106781186551,1.57009245868378E-16));
#12354=DIRECTION('',(0.,-1.,2.22044604925031E-16));
#12355=DIRECTION('',(-0.707106781186544,0.707106781186551,-1.57009245868378E-16));
#12356=DIRECTION('center_axis',(-1.,-8.67361737988401E-15,1.92592994438723E-30));
#12357=DIRECTION('ref_axis',(8.67361737988401E-15,-1.,2.22044604925031E-16));
#12358=DIRECTION('',(0.,-2.22044604925031E-16,-1.));
#12359=DIRECTION('center_axis',(1.,-8.67361737988401E-15,1.92592994438723E-30));
#12360=DIRECTION('ref_axis',(8.67361737988401E-15,1.,-2.22044604925031E-16));
#12361=DIRECTION('',(-8.67361737988401E-15,-1.,2.22044604925031E-16));
#12362=DIRECTION('',(0.,2.22044604925031E-16,1.));
#12363=DIRECTION('center_axis',(0.,-2.22044604925031E-16,-1.));
#12364=DIRECTION('ref_axis',(0.,1.,-2.22044604925031E-16));
#12365=DIRECTION('',(0.,1.,-2.22044604925031E-16));
#12366=DIRECTION('',(0.,-1.,2.22044604925031E-16));
#12367=DIRECTION('',(-0.707106781186544,-0.707106781186551,1.57009245868378E-16));
#12368=DIRECTION('',(0.,-1.,2.22044604925031E-16));
#12369=DIRECTION('',(-0.707106781186544,0.707106781186551,-1.57009245868378E-16));
#12370=DIRECTION('center_axis',(-1.,-8.67361737988401E-15,1.92592994438723E-30));
#12371=DIRECTION('ref_axis',(8.67361737988401E-15,-1.,2.22044604925031E-16));
#12372=DIRECTION('',(0.,-2.22044604925031E-16,-1.));
#12373=DIRECTION('center_axis',(1.,-8.67361737988401E-15,1.92592994438723E-30));
#12374=DIRECTION('ref_axis',(8.67361737988401E-15,1.,-2.22044604925031E-16));
#12375=DIRECTION('',(-8.67361737988401E-15,-1.,2.22044604925031E-16));
#12376=DIRECTION('',(0.,2.22044604925031E-16,1.));
#12377=DIRECTION('center_axis',(0.,-2.22044604925031E-16,-1.));
#12378=DIRECTION('ref_axis',(0.,1.,-2.22044604925031E-16));
#12379=DIRECTION('',(0.,1.,-2.22044604925031E-16));
#12380=DIRECTION('',(0.,-1.,2.22044604925031E-16));
#12381=DIRECTION('',(-0.707106781186544,-0.707106781186551,1.57009245868378E-16));
#12382=DIRECTION('',(0.,-1.,2.22044604925031E-16));
#12383=DIRECTION('',(-0.707106781186544,0.707106781186551,-1.57009245868378E-16));
#12384=DIRECTION('center_axis',(-1.,-8.67361737988401E-15,1.92592994438723E-30));
#12385=DIRECTION('ref_axis',(8.67361737988401E-15,-1.,2.22044604925031E-16));
#12386=DIRECTION('',(0.,-2.22044604925031E-16,-1.));
#12387=DIRECTION('center_axis',(1.,-8.67361737988401E-15,1.92592994438723E-30));
#12388=DIRECTION('ref_axis',(8.67361737988401E-15,1.,-2.22044604925031E-16));
#12389=DIRECTION('',(-8.67361737988401E-15,-1.,2.22044604925031E-16));
#12390=DIRECTION('',(0.,2.22044604925031E-16,1.));
#12391=DIRECTION('center_axis',(0.,-2.22044604925031E-16,-1.));
#12392=DIRECTION('ref_axis',(0.,1.,-2.22044604925031E-16));
#12393=DIRECTION('',(0.,1.,-2.22044604925031E-16));
#12394=DIRECTION('',(0.,-1.,2.22044604925031E-16));
#12395=DIRECTION('',(-0.707106781186544,-0.707106781186551,1.57009245868378E-16));
#12396=DIRECTION('',(0.,-1.,2.22044604925031E-16));
#12397=DIRECTION('',(-0.707106781186544,0.707106781186551,-1.57009245868378E-16));
#12398=DIRECTION('center_axis',(-1.,-8.67361737988401E-15,1.92592994438723E-30));
#12399=DIRECTION('ref_axis',(8.67361737988401E-15,-1.,2.22044604925031E-16));
#12400=DIRECTION('',(0.,-2.22044604925031E-16,-1.));
#12401=DIRECTION('center_axis',(1.,-8.67361737988401E-15,1.92592994438723E-30));
#12402=DIRECTION('ref_axis',(8.67361737988401E-15,1.,-2.22044604925031E-16));
#12403=DIRECTION('',(-8.67361737988401E-15,-1.,2.22044604925031E-16));
#12404=DIRECTION('',(0.,2.22044604925031E-16,1.));
#12405=DIRECTION('center_axis',(0.,-2.22044604925031E-16,-1.));
#12406=DIRECTION('ref_axis',(0.,1.,-2.22044604925031E-16));
#12407=DIRECTION('',(0.,1.,-2.22044604925031E-16));
#12408=DIRECTION('',(0.,-1.,2.22044604925031E-16));
#12409=DIRECTION('',(-0.707106781186546,-0.707106781186549,1.57009245868378E-16));
#12410=DIRECTION('',(0.,-1.,2.22044604925031E-16));
#12411=DIRECTION('',(-0.707106781186544,0.707106781186551,-1.57009245868378E-16));
#12412=DIRECTION('center_axis',(-1.,-8.67361737988401E-15,1.92592994438723E-30));
#12413=DIRECTION('ref_axis',(8.67361737988401E-15,-1.,2.22044604925031E-16));
#12414=DIRECTION('',(0.,-2.22044604925031E-16,-1.));
#12415=DIRECTION('center_axis',(-4.33680868994201E-15,1.,-2.22044604925031E-16));
#12416=DIRECTION('ref_axis',(-1.,-4.33680868994201E-15,9.62964972193615E-31));
#12417=DIRECTION('',(0.,-2.22044604925031E-16,-1.));
#12418=DIRECTION('',(1.,4.33680868994201E-15,-9.62964972193615E-31));
#12419=DIRECTION('center_axis',(0.,2.22044604925031E-16,1.));
#12420=DIRECTION('ref_axis',(0.,-1.,2.22044604925031E-16));
#12421=DIRECTION('',(1.,0.,0.));
#12422=DIRECTION('',(-0.707106781186557,-0.707106781186538,1.57009245868375E-16));
#12423=DIRECTION('',(-1.,0.,0.));
#12424=DIRECTION('center_axis',(0.,2.22044604925031E-16,1.));
#12425=DIRECTION('ref_axis',(0.,1.,-2.22044604925031E-16));
#12426=DIRECTION('',(1.,0.,0.));
#12427=DIRECTION('',(0.70710678118656,-0.707106781186535,1.57009245868375E-16));
#12428=DIRECTION('center_axis',(4.33680868994201E-15,-1.,2.22044604925031E-16));
#12429=DIRECTION('ref_axis',(1.,4.33680868994201E-15,-9.62964972193615E-31));
#12430=DIRECTION('',(0.,2.22044604925031E-16,1.));
#12431=DIRECTION('center_axis',(4.33680868994201E-15,1.,-2.22044604925031E-16));
#12432=DIRECTION('ref_axis',(-1.,4.33680868994201E-15,-9.62964972193615E-31));
#12433=DIRECTION('',(0.,-2.22044604925031E-16,-1.));
#12434=DIRECTION('',(1.,-4.33680868994201E-15,9.62964972193615E-31));
#12435=DIRECTION('center_axis',(0.,-2.22044604925031E-16,-1.));
#12436=DIRECTION('ref_axis',(0.,1.,-2.22044604925031E-16));
#12437=DIRECTION('',(-1.,0.,0.));
#12438=DIRECTION('',(0.70710678118656,0.707106781186535,-1.57009245868375E-16));
#12439=DIRECTION('',(1.,0.,0.));
#12440=DIRECTION('',(0.707106781186543,-0.707106781186552,1.57009245868378E-16));
#12441=DIRECTION('center_axis',(0.,-2.22044604925031E-16,-1.));
#12442=DIRECTION('ref_axis',(0.,1.,-2.22044604925031E-16));
#12443=DIRECTION('',(-1.,0.,0.));
#12444=DIRECTION('',(-0.707106781186557,0.707106781186538,-1.57009245868375E-16));
#12445=DIRECTION('center_axis',(-4.33680868994201E-15,-1.,2.22044604925031E-16));
#12446=DIRECTION('ref_axis',(1.,-4.33680868994201E-15,9.62964972193615E-31));
#12447=DIRECTION('',(0.,2.22044604925031E-16,1.));
#12448=DIRECTION('center_axis',(0.,-1.,2.22044604925031E-16));
#12449=DIRECTION('ref_axis',(1.,0.,0.));
#12450=DIRECTION('',(-1.,0.,0.));
#12451=DIRECTION('',(0.,2.22044604925031E-16,1.));
#12452=DIRECTION('center_axis',(0.,2.22044604925031E-16,1.));
#12453=DIRECTION('ref_axis',(0.,-1.,2.22044604925031E-16));
#12454=DIRECTION('',(0.707106781186531,-0.707106781186564,1.57009245868381E-16));
#12455=DIRECTION('',(1.,0.,0.));
#12456=DIRECTION('',(-0.707106781186531,-0.707106781186564,1.57009245868381E-16));
#12457=DIRECTION('',(-1.,0.,0.));
#12458=DIRECTION('center_axis',(0.,2.22044604925031E-16,1.));
#12459=DIRECTION('ref_axis',(0.,1.,-2.22044604925031E-16));
#12460=DIRECTION('',(1.,0.,0.));
#12461=DIRECTION('center_axis',(0.,1.,-2.22044604925031E-16));
#12462=DIRECTION('ref_axis',(-1.,0.,0.));
#12463=DIRECTION('',(0.,-2.22044604925031E-16,-1.));
#12464=DIRECTION('center_axis',(0.,-1.,2.22044604925031E-16));
#12465=DIRECTION('ref_axis',(1.,0.,0.));
#12466=DIRECTION('',(-1.,0.,0.));
#12467=DIRECTION('',(0.,2.22044604925031E-16,1.));
#12468=DIRECTION('center_axis',(0.,2.22044604925031E-16,1.));
#12469=DIRECTION('ref_axis',(0.,-1.,2.22044604925031E-16));
#12470=DIRECTION('',(0.707106781186531,-0.707106781186564,1.57009245868381E-16));
#12471=DIRECTION('',(1.,0.,0.));
#12472=DIRECTION('',(-0.707106781186531,-0.707106781186564,1.57009245868381E-16));
#12473=DIRECTION('',(-1.,0.,0.));
#12474=DIRECTION('center_axis',(0.,2.22044604925031E-16,1.));
#12475=DIRECTION('ref_axis',(0.,1.,-2.22044604925031E-16));
#12476=DIRECTION('',(1.,0.,0.));
#12477=DIRECTION('center_axis',(0.,1.,-2.22044604925031E-16));
#12478=DIRECTION('ref_axis',(-1.,0.,0.));
#12479=DIRECTION('',(0.,-2.22044604925031E-16,-1.));
#12480=DIRECTION('center_axis',(0.,-1.,2.22044604925031E-16));
#12481=DIRECTION('ref_axis',(1.,0.,0.));
#12482=DIRECTION('',(-1.,0.,0.));
#12483=DIRECTION('',(0.,2.22044604925031E-16,1.));
#12484=DIRECTION('center_axis',(0.,2.22044604925031E-16,1.));
#12485=DIRECTION('ref_axis',(0.,-1.,2.22044604925031E-16));
#12486=DIRECTION('',(0.707106781186531,-0.707106781186564,1.57009245868381E-16));
#12487=DIRECTION('',(1.,0.,0.));
#12488=DIRECTION('',(-0.707106781186531,-0.707106781186564,1.57009245868381E-16));
#12489=DIRECTION('',(-1.,0.,0.));
#12490=DIRECTION('center_axis',(0.,2.22044604925031E-16,1.));
#12491=DIRECTION('ref_axis',(0.,1.,-2.22044604925031E-16));
#12492=DIRECTION('',(1.,0.,0.));
#12493=DIRECTION('center_axis',(0.,1.,-2.22044604925031E-16));
#12494=DIRECTION('ref_axis',(-1.,0.,0.));
#12495=DIRECTION('',(0.,-2.22044604925031E-16,-1.));
#12496=DIRECTION('center_axis',(0.,-1.,2.22044604925031E-16));
#12497=DIRECTION('ref_axis',(1.,0.,0.));
#12498=DIRECTION('',(-1.,0.,0.));
#12499=DIRECTION('',(0.,2.22044604925031E-16,1.));
#12500=DIRECTION('center_axis',(0.,2.22044604925031E-16,1.));
#12501=DIRECTION('ref_axis',(0.,-1.,2.22044604925031E-16));
#12502=DIRECTION('',(0.707106781186532,-0.707106781186563,1.57009245868381E-16));
#12503=DIRECTION('',(1.,0.,0.));
#12504=DIRECTION('',(-0.707106781186532,-0.707106781186563,1.57009245868381E-16));
#12505=DIRECTION('',(-1.,0.,0.));
#12506=DIRECTION('center_axis',(0.,2.22044604925031E-16,1.));
#12507=DIRECTION('ref_axis',(0.,1.,-2.22044604925031E-16));
#12508=DIRECTION('',(1.,0.,0.));
#12509=DIRECTION('center_axis',(0.,1.,-2.22044604925031E-16));
#12510=DIRECTION('ref_axis',(-1.,0.,0.));
#12511=DIRECTION('',(0.,-2.22044604925031E-16,-1.));
#12512=DIRECTION('center_axis',(0.,-1.,2.22044604925031E-16));
#12513=DIRECTION('ref_axis',(1.,0.,0.));
#12514=DIRECTION('',(-1.,0.,0.));
#12515=DIRECTION('',(0.,2.22044604925031E-16,1.));
#12516=DIRECTION('center_axis',(0.,2.22044604925031E-16,1.));
#12517=DIRECTION('ref_axis',(0.,-1.,2.22044604925031E-16));
#12518=DIRECTION('',(0.707106781186529,-0.707106781186566,1.57009245868382E-16));
#12519=DIRECTION('',(1.,0.,0.));
#12520=DIRECTION('',(-0.707106781186529,-0.707106781186566,1.57009245868382E-16));
#12521=DIRECTION('',(-1.,0.,0.));
#12522=DIRECTION('center_axis',(0.,2.22044604925031E-16,1.));
#12523=DIRECTION('ref_axis',(0.,1.,-2.22044604925031E-16));
#12524=DIRECTION('',(1.,0.,0.));
#12525=DIRECTION('center_axis',(0.,1.,-2.22044604925031E-16));
#12526=DIRECTION('ref_axis',(-1.,0.,0.));
#12527=DIRECTION('',(0.,-2.22044604925031E-16,-1.));
#12528=DIRECTION('center_axis',(1.,0.,0.));
#12529=DIRECTION('ref_axis',(0.,1.,-2.22044604925031E-16));
#12530=DIRECTION('',(0.,-2.22044604925031E-16,-1.));
#12531=DIRECTION('',(0.,-1.,2.22044604925031E-16));
#12532=DIRECTION('center_axis',(0.,-2.22044604925031E-16,-1.));
#12533=DIRECTION('ref_axis',(0.,1.,-2.22044604925031E-16));
#12534=DIRECTION('',(0.,1.,-2.22044604925031E-16));
#12535=DIRECTION('',(0.707106781186538,-0.707106781186557,1.5700924586838E-16));
#12536=DIRECTION('',(0.,-1.,2.22044604925031E-16));
#12537=DIRECTION('center_axis',(0.,-2.22044604925031E-16,-1.));
#12538=DIRECTION('ref_axis',(0.,1.,-2.22044604925031E-16));
#12539=DIRECTION('',(0.,1.,-2.22044604925031E-16));
#12540=DIRECTION('',(0.707106781186538,0.707106781186557,-1.5700924586838E-16));
#12541=DIRECTION('center_axis',(-1.,0.,0.));
#12542=DIRECTION('ref_axis',(0.,-1.,2.22044604925031E-16));
#12543=DIRECTION('',(0.,2.22044604925031E-16,1.));
#12544=DIRECTION('center_axis',(-1.,8.67361737988401E-15,-1.92592994438723E-30));
#12545=DIRECTION('ref_axis',(-8.67361737988401E-15,-1.,2.22044604925031E-16));
#12546=DIRECTION('',(8.67361737988401E-15,1.,-2.22044604925031E-16));
#12547=DIRECTION('',(0.,2.22044604925031E-16,1.));
#12548=DIRECTION('center_axis',(0.,2.22044604925031E-16,1.));
#12549=DIRECTION('ref_axis',(0.,-1.,2.22044604925031E-16));
#12550=DIRECTION('',(0.,-1.,2.22044604925031E-16));
#12551=DIRECTION('',(-0.707106781186544,-0.707106781186551,1.57009245868378E-16));
#12552=DIRECTION('',(0.,-1.,2.22044604925031E-16));
#12553=DIRECTION('',(-0.707106781186546,0.707106781186549,-1.57009245868378E-16));
#12554=DIRECTION('',(0.,1.,-2.22044604925031E-16));
#12555=DIRECTION('center_axis',(0.,2.22044604925031E-16,1.));
#12556=DIRECTION('ref_axis',(0.,1.,-2.22044604925031E-16));
#12557=DIRECTION('center_axis',(1.,8.67361737988401E-15,-1.92592994438723E-30));
#12558=DIRECTION('ref_axis',(-8.67361737988401E-15,1.,-2.22044604925031E-16));
#12559=DIRECTION('',(0.,-2.22044604925031E-16,-1.));
#12560=DIRECTION('center_axis',(-1.,8.67361737988401E-15,-1.92592994438723E-30));
#12561=DIRECTION('ref_axis',(-8.67361737988401E-15,-1.,2.22044604925031E-16));
#12562=DIRECTION('',(8.67361737988401E-15,1.,-2.22044604925031E-16));
#12563=DIRECTION('',(0.,2.22044604925031E-16,1.));
#12564=DIRECTION('center_axis',(0.,2.22044604925031E-16,1.));
#12565=DIRECTION('ref_axis',(0.,-1.,2.22044604925031E-16));
#12566=DIRECTION('',(0.,-1.,2.22044604925031E-16));
#12567=DIRECTION('',(-0.707106781186544,-0.707106781186551,1.57009245868378E-16));
#12568=DIRECTION('',(0.,-1.,2.22044604925031E-16));
#12569=DIRECTION('',(-0.707106781186544,0.707106781186551,-1.57009245868378E-16));
#12570=DIRECTION('',(0.,1.,-2.22044604925031E-16));
#12571=DIRECTION('center_axis',(0.,2.22044604925031E-16,1.));
#12572=DIRECTION('ref_axis',(0.,1.,-2.22044604925031E-16));
#12573=DIRECTION('center_axis',(1.,8.67361737988401E-15,-1.92592994438723E-30));
#12574=DIRECTION('ref_axis',(-8.67361737988401E-15,1.,-2.22044604925031E-16));
#12575=DIRECTION('',(0.,-2.22044604925031E-16,-1.));
#12576=DIRECTION('center_axis',(-1.,8.67361737988401E-15,-1.92592994438723E-30));
#12577=DIRECTION('ref_axis',(-8.67361737988401E-15,-1.,2.22044604925031E-16));
#12578=DIRECTION('',(8.67361737988401E-15,1.,-2.22044604925031E-16));
#12579=DIRECTION('',(0.,2.22044604925031E-16,1.));
#12580=DIRECTION('center_axis',(0.,2.22044604925031E-16,1.));
#12581=DIRECTION('ref_axis',(0.,-1.,2.22044604925031E-16));
#12582=DIRECTION('',(0.,-1.,2.22044604925031E-16));
#12583=DIRECTION('',(-0.707106781186544,-0.707106781186551,1.57009245868378E-16));
#12584=DIRECTION('',(0.,-1.,2.22044604925031E-16));
#12585=DIRECTION('',(-0.707106781186544,0.707106781186551,-1.57009245868378E-16));
#12586=DIRECTION('',(0.,1.,-2.22044604925031E-16));
#12587=DIRECTION('center_axis',(0.,2.22044604925031E-16,1.));
#12588=DIRECTION('ref_axis',(0.,1.,-2.22044604925031E-16));
#12589=DIRECTION('center_axis',(1.,8.67361737988401E-15,-1.92592994438723E-30));
#12590=DIRECTION('ref_axis',(-8.67361737988401E-15,1.,-2.22044604925031E-16));
#12591=DIRECTION('',(0.,-2.22044604925031E-16,-1.));
#12592=DIRECTION('center_axis',(-1.,8.67361737988401E-15,-1.92592994438723E-30));
#12593=DIRECTION('ref_axis',(-8.67361737988401E-15,-1.,2.22044604925031E-16));
#12594=DIRECTION('',(8.67361737988401E-15,1.,-2.22044604925031E-16));
#12595=DIRECTION('',(0.,2.22044604925031E-16,1.));
#12596=DIRECTION('center_axis',(0.,2.22044604925031E-16,1.));
#12597=DIRECTION('ref_axis',(0.,-1.,2.22044604925031E-16));
#12598=DIRECTION('',(0.,-1.,2.22044604925031E-16));
#12599=DIRECTION('',(-0.707106781186544,-0.707106781186551,1.57009245868378E-16));
#12600=DIRECTION('',(0.,-1.,2.22044604925031E-16));
#12601=DIRECTION('',(-0.707106781186544,0.707106781186551,-1.57009245868378E-16));
#12602=DIRECTION('',(0.,1.,-2.22044604925031E-16));
#12603=DIRECTION('center_axis',(0.,2.22044604925031E-16,1.));
#12604=DIRECTION('ref_axis',(0.,1.,-2.22044604925031E-16));
#12605=DIRECTION('center_axis',(1.,8.67361737988401E-15,-1.92592994438723E-30));
#12606=DIRECTION('ref_axis',(-8.67361737988401E-15,1.,-2.22044604925031E-16));
#12607=DIRECTION('',(0.,-2.22044604925031E-16,-1.));
#12608=DIRECTION('center_axis',(-1.,8.67361737988401E-15,-1.92592994438723E-30));
#12609=DIRECTION('ref_axis',(-8.67361737988401E-15,-1.,2.22044604925031E-16));
#12610=DIRECTION('',(8.67361737988401E-15,1.,-2.22044604925031E-16));
#12611=DIRECTION('',(0.,2.22044604925031E-16,1.));
#12612=DIRECTION('center_axis',(0.,2.22044604925031E-16,1.));
#12613=DIRECTION('ref_axis',(0.,-1.,2.22044604925031E-16));
#12614=DIRECTION('',(0.,-1.,2.22044604925031E-16));
#12615=DIRECTION('',(-0.707106781186544,-0.707106781186551,1.57009245868378E-16));
#12616=DIRECTION('',(0.,-1.,2.22044604925031E-16));
#12617=DIRECTION('',(-0.707106781186544,0.707106781186551,-1.57009245868378E-16));
#12618=DIRECTION('',(0.,1.,-2.22044604925031E-16));
#12619=DIRECTION('center_axis',(0.,2.22044604925031E-16,1.));
#12620=DIRECTION('ref_axis',(0.,1.,-2.22044604925031E-16));
#12621=DIRECTION('center_axis',(1.,8.67361737988401E-15,-1.92592994438723E-30));
#12622=DIRECTION('ref_axis',(-8.67361737988401E-15,1.,-2.22044604925031E-16));
#12623=DIRECTION('',(0.,-2.22044604925031E-16,-1.));
#12624=DIRECTION('center_axis',(1.,0.,0.));
#12625=DIRECTION('ref_axis',(0.,1.,-2.22044604925031E-16));
#12626=DIRECTION('',(0.,-2.22044604925031E-16,-1.));
#12627=DIRECTION('',(0.,-1.,2.22044604925031E-16));
#12628=DIRECTION('center_axis',(0.,2.22044604925031E-16,1.));
#12629=DIRECTION('ref_axis',(0.,-1.,2.22044604925031E-16));
#12630=DIRECTION('',(0.,-1.,2.22044604925031E-16));
#12631=DIRECTION('',(-0.707106781186538,0.707106781186557,-1.5700924586838E-16));
#12632=DIRECTION('',(0.,1.,-2.22044604925031E-16));
#12633=DIRECTION('center_axis',(0.,2.22044604925031E-16,1.));
#12634=DIRECTION('ref_axis',(0.,1.,-2.22044604925031E-16));
#12635=DIRECTION('',(0.,-1.,2.22044604925031E-16));
#12636=DIRECTION('',(-0.707106781186538,-0.707106781186557,1.5700924586838E-16));
#12637=DIRECTION('center_axis',(-1.,0.,0.));
#12638=DIRECTION('ref_axis',(0.,-1.,2.22044604925031E-16));
#12639=DIRECTION('',(0.,2.22044604925031E-16,1.));
#12640=DIRECTION('center_axis',(0.707106781186557,0.707106781186538,-1.57009245868375E-16));
#12641=DIRECTION('ref_axis',(-0.707106781186538,0.707106781186557,-1.5700924586838E-16));
#12642=DIRECTION('',(0.,-2.22044604925031E-16,-1.));
#12643=DIRECTION('center_axis',(0.707106781186537,0.707106781186558,-1.5700924586838E-16));
#12644=DIRECTION('ref_axis',(-0.707106781186558,0.707106781186537,-1.57009245868375E-16));
#12645=DIRECTION('',(0.,2.22044604925031E-16,1.));
#12646=DIRECTION('center_axis',(-3.46944695195364E-15,1.,-2.22044604925031E-16));
#12647=DIRECTION('ref_axis',(-1.,-3.46944695195364E-15,7.70371977754899E-31));
#12648=DIRECTION('',(0.,2.22044604925031E-16,1.));
#12649=DIRECTION('center_axis',(0.,-2.22044604925031E-16,-1.));
#12650=DIRECTION('ref_axis',(0.,1.,-2.22044604925031E-16));
#12651=DIRECTION('',(0.,2.22044604925031E-16,1.));
#12652=DIRECTION('center_axis',(1.73472347597682E-15,-1.,2.22044604925031E-16));
#12653=DIRECTION('ref_axis',(1.,1.73472347597682E-15,-3.8518598887745E-31));
#12654=DIRECTION('',(0.,2.22044604925031E-16,1.));
#12655=DIRECTION('center_axis',(0.70710678118654,-0.707106781186555,1.57009245868379E-16));
#12656=DIRECTION('ref_axis',(0.707106781186555,0.70710678118654,-1.57009245868376E-16));
#12657=DIRECTION('center_axis',(-0.707106781186564,-0.707106781186531,1.57009245868374E-16));
#12658=DIRECTION('ref_axis',(0.707106781186531,-0.707106781186564,1.57009245868381E-16));
#12659=DIRECTION('',(0.,-2.22044604925031E-16,-1.));
#12660=DIRECTION('center_axis',(1.23908819712633E-15,-1.,2.22044604925031E-16));
#12661=DIRECTION('ref_axis',(1.,1.23908819712633E-15,-2.75132849198184E-31));
#12662=DIRECTION('',(0.,-2.22044604925031E-16,-1.));
#12663=DIRECTION('center_axis',(0.,-2.22044604925031E-16,-1.));
#12664=DIRECTION('ref_axis',(0.,1.,-2.22044604925031E-16));
#12665=DIRECTION('',(0.,2.22044604925031E-16,1.));
#12666=DIRECTION('center_axis',(1.23908819712633E-15,1.,-2.22044604925031E-16));
#12667=DIRECTION('ref_axis',(-1.,1.23908819712633E-15,-2.75132849198184E-31));
#12668=DIRECTION('',(0.,-2.22044604925031E-16,-1.));
#12669=DIRECTION('center_axis',(-0.707106781186564,0.707106781186531,-1.57009245868374E-16));
#12670=DIRECTION('ref_axis',(-0.707106781186531,-0.707106781186564,1.57009245868381E-16));
#12671=DIRECTION('center_axis',(-0.707106781186564,-0.707106781186531,1.57009245868374E-16));
#12672=DIRECTION('ref_axis',(0.707106781186531,-0.707106781186564,1.57009245868381E-16));
#12673=DIRECTION('',(0.,-2.22044604925031E-16,-1.));
#12674=DIRECTION('center_axis',(1.23908819712633E-15,-1.,2.22044604925031E-16));
#12675=DIRECTION('ref_axis',(1.,1.23908819712633E-15,-2.75132849198184E-31));
#12676=DIRECTION('',(0.,-2.22044604925031E-16,-1.));
#12677=DIRECTION('center_axis',(0.,-2.22044604925031E-16,-1.));
#12678=DIRECTION('ref_axis',(0.,1.,-2.22044604925031E-16));
#12679=DIRECTION('',(0.,2.22044604925031E-16,1.));
#12680=DIRECTION('center_axis',(1.23908819712633E-15,1.,-2.22044604925031E-16));
#12681=DIRECTION('ref_axis',(-1.,1.23908819712633E-15,-2.75132849198184E-31));
#12682=DIRECTION('',(0.,-2.22044604925031E-16,-1.));
#12683=DIRECTION('center_axis',(-0.707106781186564,0.707106781186531,-1.57009245868374E-16));
#12684=DIRECTION('ref_axis',(-0.707106781186531,-0.707106781186564,1.57009245868381E-16));
#12685=DIRECTION('center_axis',(-0.707106781186564,-0.707106781186531,1.57009245868374E-16));
#12686=DIRECTION('ref_axis',(0.707106781186531,-0.707106781186564,1.57009245868381E-16));
#12687=DIRECTION('',(0.,-2.22044604925031E-16,-1.));
#12688=DIRECTION('center_axis',(1.23908819712633E-15,-1.,2.22044604925031E-16));
#12689=DIRECTION('ref_axis',(1.,1.23908819712633E-15,-2.75132849198184E-31));
#12690=DIRECTION('',(0.,-2.22044604925031E-16,-1.));
#12691=DIRECTION('center_axis',(0.,-2.22044604925031E-16,-1.));
#12692=DIRECTION('ref_axis',(0.,1.,-2.22044604925031E-16));
#12693=DIRECTION('',(0.,2.22044604925031E-16,1.));
#12694=DIRECTION('center_axis',(1.23908819712633E-15,1.,-2.22044604925031E-16));
#12695=DIRECTION('ref_axis',(-1.,1.23908819712633E-15,-2.75132849198184E-31));
#12696=DIRECTION('',(0.,-2.22044604925031E-16,-1.));
#12697=DIRECTION('center_axis',(-0.707106781186564,0.707106781186531,-1.57009245868374E-16));
#12698=DIRECTION('ref_axis',(-0.707106781186531,-0.707106781186564,1.57009245868381E-16));
#12699=DIRECTION('center_axis',(-0.707106781186564,-0.707106781186531,1.57009245868374E-16));
#12700=DIRECTION('ref_axis',(0.707106781186531,-0.707106781186564,1.57009245868381E-16));
#12701=DIRECTION('',(0.,-2.22044604925031E-16,-1.));
#12702=DIRECTION('center_axis',(1.23908819712633E-15,-1.,2.22044604925031E-16));
#12703=DIRECTION('ref_axis',(1.,1.23908819712633E-15,-2.75132849198184E-31));
#12704=DIRECTION('',(0.,-2.22044604925031E-16,-1.));
#12705=DIRECTION('center_axis',(0.,-2.22044604925031E-16,-1.));
#12706=DIRECTION('ref_axis',(0.,1.,-2.22044604925031E-16));
#12707=DIRECTION('',(0.,2.22044604925031E-16,1.));
#12708=DIRECTION('center_axis',(1.23908819712633E-15,1.,-2.22044604925031E-16));
#12709=DIRECTION('ref_axis',(-1.,1.23908819712633E-15,-2.75132849198184E-31));
#12710=DIRECTION('',(0.,-2.22044604925031E-16,-1.));
#12711=DIRECTION('center_axis',(-0.707106781186564,0.707106781186531,-1.57009245868374E-16));
#12712=DIRECTION('ref_axis',(-0.707106781186531,-0.707106781186564,1.57009245868381E-16));
#12713=DIRECTION('center_axis',(-0.707106781186564,-0.707106781186531,1.57009245868374E-16));
#12714=DIRECTION('ref_axis',(0.707106781186531,-0.707106781186564,1.57009245868381E-16));
#12715=DIRECTION('',(0.,-2.22044604925031E-16,-1.));
#12716=DIRECTION('center_axis',(1.23908819712633E-15,-1.,2.22044604925031E-16));
#12717=DIRECTION('ref_axis',(1.,1.23908819712633E-15,-2.75132849198184E-31));
#12718=DIRECTION('',(0.,-2.22044604925031E-16,-1.));
#12719=DIRECTION('center_axis',(0.,-2.22044604925031E-16,-1.));
#12720=DIRECTION('ref_axis',(0.,1.,-2.22044604925031E-16));
#12721=DIRECTION('',(0.,2.22044604925031E-16,1.));
#12722=DIRECTION('center_axis',(1.23908819712633E-15,1.,-2.22044604925031E-16));
#12723=DIRECTION('ref_axis',(-1.,1.23908819712633E-15,-2.75132849198184E-31));
#12724=DIRECTION('',(0.,-2.22044604925031E-16,-1.));
#12725=DIRECTION('center_axis',(-0.707106781186564,0.707106781186531,-1.57009245868374E-16));
#12726=DIRECTION('ref_axis',(-0.707106781186531,-0.707106781186564,1.57009245868381E-16));
#12727=DIRECTION('center_axis',(0.70710678118654,0.707106781186555,-1.57009245868379E-16));
#12728=DIRECTION('ref_axis',(-0.707106781186555,0.70710678118654,-1.57009245868376E-16));
#12729=DIRECTION('',(0.,2.22044604925031E-16,1.));
#12730=DIRECTION('center_axis',(1.73472347597682E-15,1.,-2.22044604925031E-16));
#12731=DIRECTION('ref_axis',(-1.,1.73472347597682E-15,-3.8518598887745E-31));
#12732=DIRECTION('',(0.,2.22044604925031E-16,1.));
#12733=DIRECTION('center_axis',(0.,-2.22044604925031E-16,-1.));
#12734=DIRECTION('ref_axis',(0.,1.,-2.22044604925031E-16));
#12735=DIRECTION('',(0.,2.22044604925031E-16,1.));
#12736=DIRECTION('center_axis',(-3.46944695195364E-15,-1.,2.22044604925031E-16));
#12737=DIRECTION('ref_axis',(1.,-3.46944695195364E-15,7.70371977754899E-31));
#12738=DIRECTION('',(0.,2.22044604925031E-16,1.));
#12739=DIRECTION('center_axis',(0.707106781186537,-0.707106781186558,1.5700924586838E-16));
#12740=DIRECTION('ref_axis',(0.707106781186558,0.707106781186537,-1.57009245868375E-16));
#12741=DIRECTION('center_axis',(0.707106781186557,-0.707106781186538,1.57009245868375E-16));
#12742=DIRECTION('ref_axis',(0.707106781186538,0.707106781186557,-1.5700924586838E-16));
#12743=DIRECTION('',(0.,2.22044604925031E-16,1.));
#12744=DIRECTION('center_axis',(1.,0.,0.));
#12745=DIRECTION('ref_axis',(0.,1.,-2.22044604925031E-16));
#12746=DIRECTION('center_axis',(-1.,0.,0.));
#12747=DIRECTION('ref_axis',(0.,-1.,2.22044604925031E-16));
#12748=DIRECTION('',(0.,2.22044604925031E-16,1.));
#12749=DIRECTION('center_axis',(-0.707106781186557,-0.707106781186538,1.57009245868375E-16));
#12750=DIRECTION('ref_axis',(0.707106781186538,-0.707106781186557,1.5700924586838E-16));
#12751=DIRECTION('center_axis',(-0.707106781186551,0.707106781186544,-1.57009245868377E-16));
#12752=DIRECTION('ref_axis',(-0.707106781186544,-0.707106781186551,1.57009245868378E-16));
#12753=DIRECTION('',(0.,-2.22044604925031E-16,-1.));
#12754=DIRECTION('center_axis',(-1.,0.,0.));
#12755=DIRECTION('ref_axis',(0.,-1.,2.22044604925031E-16));
#12756=DIRECTION('center_axis',(1.,0.,0.));
#12757=DIRECTION('ref_axis',(0.,1.,-2.22044604925031E-16));
#12758=DIRECTION('',(0.,-2.22044604925031E-16,-1.));
#12759=DIRECTION('center_axis',(0.707106781186551,0.707106781186544,-1.57009245868377E-16));
#12760=DIRECTION('ref_axis',(-0.707106781186544,0.707106781186551,-1.57009245868378E-16));
#12761=DIRECTION('center_axis',(-0.707106781186551,0.707106781186544,-1.57009245868377E-16));
#12762=DIRECTION('ref_axis',(-0.707106781186544,-0.707106781186551,1.57009245868378E-16));
#12763=DIRECTION('',(0.,-2.22044604925031E-16,-1.));
#12764=DIRECTION('center_axis',(-1.,0.,0.));
#12765=DIRECTION('ref_axis',(0.,-1.,2.22044604925031E-16));
#12766=DIRECTION('center_axis',(1.,0.,0.));
#12767=DIRECTION('ref_axis',(0.,1.,-2.22044604925031E-16));
#12768=DIRECTION('',(0.,-2.22044604925031E-16,-1.));
#12769=DIRECTION('center_axis',(0.707106781186551,0.707106781186544,-1.57009245868377E-16));
#12770=DIRECTION('ref_axis',(-0.707106781186544,0.707106781186551,-1.57009245868378E-16));
#12771=DIRECTION('center_axis',(-0.707106781186551,0.707106781186544,-1.57009245868377E-16));
#12772=DIRECTION('ref_axis',(-0.707106781186544,-0.707106781186551,1.57009245868378E-16));
#12773=DIRECTION('',(0.,-2.22044604925031E-16,-1.));
#12774=DIRECTION('center_axis',(-1.,0.,0.));
#12775=DIRECTION('ref_axis',(0.,-1.,2.22044604925031E-16));
#12776=DIRECTION('center_axis',(1.,0.,0.));
#12777=DIRECTION('ref_axis',(0.,1.,-2.22044604925031E-16));
#12778=DIRECTION('',(0.,-2.22044604925031E-16,-1.));
#12779=DIRECTION('center_axis',(0.707106781186551,0.707106781186544,-1.57009245868377E-16));
#12780=DIRECTION('ref_axis',(-0.707106781186544,0.707106781186551,-1.57009245868378E-16));
#12781=DIRECTION('center_axis',(-0.707106781186551,0.707106781186544,-1.57009245868377E-16));
#12782=DIRECTION('ref_axis',(-0.707106781186544,-0.707106781186551,1.57009245868378E-16));
#12783=DIRECTION('',(0.,-2.22044604925031E-16,-1.));
#12784=DIRECTION('center_axis',(-1.,0.,0.));
#12785=DIRECTION('ref_axis',(0.,-1.,2.22044604925031E-16));
#12786=DIRECTION('center_axis',(1.,0.,0.));
#12787=DIRECTION('ref_axis',(0.,1.,-2.22044604925031E-16));
#12788=DIRECTION('',(0.,-2.22044604925031E-16,-1.));
#12789=DIRECTION('center_axis',(0.707106781186551,0.707106781186544,-1.57009245868377E-16));
#12790=DIRECTION('ref_axis',(-0.707106781186544,0.707106781186551,-1.57009245868378E-16));
#12791=DIRECTION('center_axis',(-0.707106781186551,0.707106781186544,-1.57009245868377E-16));
#12792=DIRECTION('ref_axis',(-0.707106781186544,-0.707106781186551,1.57009245868378E-16));
#12793=DIRECTION('',(0.,-2.22044604925031E-16,-1.));
#12794=DIRECTION('center_axis',(-1.,0.,0.));
#12795=DIRECTION('ref_axis',(0.,-1.,2.22044604925031E-16));
#12796=DIRECTION('center_axis',(1.,0.,0.));
#12797=DIRECTION('ref_axis',(0.,1.,-2.22044604925031E-16));
#12798=DIRECTION('',(0.,-2.22044604925031E-16,-1.));
#12799=DIRECTION('center_axis',(0.707106781186551,0.707106781186544,-1.57009245868377E-16));
#12800=DIRECTION('ref_axis',(-0.707106781186544,0.707106781186551,-1.57009245868378E-16));
#12801=DIRECTION('center_axis',(0.707106781186557,-0.707106781186538,1.57009245868375E-16));
#12802=DIRECTION('ref_axis',(0.707106781186538,0.707106781186557,-1.5700924586838E-16));
#12803=DIRECTION('',(0.,2.22044604925031E-16,1.));
#12804=DIRECTION('center_axis',(1.,0.,0.));
#12805=DIRECTION('ref_axis',(0.,1.,-2.22044604925031E-16));
#12806=DIRECTION('center_axis',(-1.,0.,0.));
#12807=DIRECTION('ref_axis',(0.,-1.,2.22044604925031E-16));
#12808=DIRECTION('',(0.,2.22044604925031E-16,1.));
#12809=DIRECTION('center_axis',(-0.707106781186557,-0.707106781186538,1.57009245868375E-16));
#12810=DIRECTION('ref_axis',(0.707106781186538,-0.707106781186557,1.5700924586838E-16));
#12811=DIRECTION('center_axis',(-0.707106781186537,-0.707106781186558,1.5700924586838E-16));
#12812=DIRECTION('ref_axis',(0.707106781186558,-0.707106781186537,1.57009245868375E-16));
#12813=DIRECTION('',(0.,2.22044604925031E-16,1.));
#12814=DIRECTION('center_axis',(3.46944695195364E-15,-1.,2.22044604925031E-16));
#12815=DIRECTION('ref_axis',(1.,3.46944695195364E-15,-7.70371977754899E-31));
#12816=DIRECTION('',(0.,2.22044604925031E-16,1.));
#12817=DIRECTION('center_axis',(0.,-2.22044604925031E-16,-1.));
#12818=DIRECTION('ref_axis',(0.,1.,-2.22044604925031E-16));
#12819=DIRECTION('',(0.,2.22044604925031E-16,1.));
#12820=DIRECTION('center_axis',(-1.73472347597682E-15,1.,-2.22044604925031E-16));
#12821=DIRECTION('ref_axis',(-1.,-1.73472347597682E-15,3.8518598887745E-31));
#12822=DIRECTION('',(0.,2.22044604925031E-16,1.));
#12823=DIRECTION('center_axis',(-0.70710678118654,0.707106781186555,-1.57009245868379E-16));
#12824=DIRECTION('ref_axis',(-0.707106781186555,-0.70710678118654,1.57009245868376E-16));
#12825=DIRECTION('center_axis',(0.707106781186564,0.707106781186531,-1.57009245868374E-16));
#12826=DIRECTION('ref_axis',(-0.707106781186531,0.707106781186564,-1.57009245868381E-16));
#12827=DIRECTION('',(0.,-2.22044604925031E-16,-1.));
#12828=DIRECTION('center_axis',(-1.23908819712633E-15,1.,-2.22044604925031E-16));
#12829=DIRECTION('ref_axis',(-1.,-1.23908819712633E-15,2.75132849198184E-31));
#12830=DIRECTION('',(0.,-2.22044604925031E-16,-1.));
#12831=DIRECTION('center_axis',(0.,-2.22044604925031E-16,-1.));
#12832=DIRECTION('ref_axis',(0.,1.,-2.22044604925031E-16));
#12833=DIRECTION('',(0.,2.22044604925031E-16,1.));
#12834=DIRECTION('center_axis',(-1.23908819712633E-15,-1.,2.22044604925031E-16));
#12835=DIRECTION('ref_axis',(1.,-1.23908819712633E-15,2.75132849198184E-31));
#12836=DIRECTION('',(0.,-2.22044604925031E-16,-1.));
#12837=DIRECTION('center_axis',(0.707106781186564,-0.707106781186531,1.57009245868374E-16));
#12838=DIRECTION('ref_axis',(0.707106781186531,0.707106781186564,-1.57009245868381E-16));
#12839=DIRECTION('center_axis',(0.707106781186564,0.707106781186531,-1.57009245868374E-16));
#12840=DIRECTION('ref_axis',(-0.707106781186531,0.707106781186564,-1.57009245868381E-16));
#12841=DIRECTION('',(0.,-2.22044604925031E-16,-1.));
#12842=DIRECTION('center_axis',(-1.23908819712633E-15,1.,-2.22044604925031E-16));
#12843=DIRECTION('ref_axis',(-1.,-1.23908819712633E-15,2.75132849198184E-31));
#12844=DIRECTION('',(0.,-2.22044604925031E-16,-1.));
#12845=DIRECTION('center_axis',(0.,-2.22044604925031E-16,-1.));
#12846=DIRECTION('ref_axis',(0.,1.,-2.22044604925031E-16));
#12847=DIRECTION('',(0.,2.22044604925031E-16,1.));
#12848=DIRECTION('center_axis',(-1.23908819712633E-15,-1.,2.22044604925031E-16));
#12849=DIRECTION('ref_axis',(1.,-1.23908819712633E-15,2.75132849198184E-31));
#12850=DIRECTION('',(0.,-2.22044604925031E-16,-1.));
#12851=DIRECTION('center_axis',(0.707106781186564,-0.707106781186531,1.57009245868374E-16));
#12852=DIRECTION('ref_axis',(0.707106781186531,0.707106781186564,-1.57009245868381E-16));
#12853=DIRECTION('center_axis',(0.707106781186564,0.707106781186531,-1.57009245868374E-16));
#12854=DIRECTION('ref_axis',(-0.707106781186531,0.707106781186564,-1.57009245868381E-16));
#12855=DIRECTION('',(0.,-2.22044604925031E-16,-1.));
#12856=DIRECTION('center_axis',(-1.23908819712633E-15,1.,-2.22044604925031E-16));
#12857=DIRECTION('ref_axis',(-1.,-1.23908819712633E-15,2.75132849198184E-31));
#12858=DIRECTION('',(0.,-2.22044604925031E-16,-1.));
#12859=DIRECTION('center_axis',(0.,-2.22044604925031E-16,-1.));
#12860=DIRECTION('ref_axis',(0.,1.,-2.22044604925031E-16));
#12861=DIRECTION('',(0.,2.22044604925031E-16,1.));
#12862=DIRECTION('center_axis',(-1.23908819712633E-15,-1.,2.22044604925031E-16));
#12863=DIRECTION('ref_axis',(1.,-1.23908819712633E-15,2.75132849198184E-31));
#12864=DIRECTION('',(0.,-2.22044604925031E-16,-1.));
#12865=DIRECTION('center_axis',(0.707106781186564,-0.707106781186531,1.57009245868374E-16));
#12866=DIRECTION('ref_axis',(0.707106781186531,0.707106781186564,-1.57009245868381E-16));
#12867=DIRECTION('center_axis',(0.707106781186564,0.707106781186531,-1.57009245868374E-16));
#12868=DIRECTION('ref_axis',(-0.707106781186531,0.707106781186564,-1.57009245868381E-16));
#12869=DIRECTION('',(0.,-2.22044604925031E-16,-1.));
#12870=DIRECTION('center_axis',(-1.23908819712633E-15,1.,-2.22044604925031E-16));
#12871=DIRECTION('ref_axis',(-1.,-1.23908819712633E-15,2.75132849198184E-31));
#12872=DIRECTION('',(0.,-2.22044604925031E-16,-1.));
#12873=DIRECTION('center_axis',(0.,-2.22044604925031E-16,-1.));
#12874=DIRECTION('ref_axis',(0.,1.,-2.22044604925031E-16));
#12875=DIRECTION('',(0.,2.22044604925031E-16,1.));
#12876=DIRECTION('center_axis',(-1.23908819712633E-15,-1.,2.22044604925031E-16));
#12877=DIRECTION('ref_axis',(1.,-1.23908819712633E-15,2.75132849198184E-31));
#12878=DIRECTION('',(0.,-2.22044604925031E-16,-1.));
#12879=DIRECTION('center_axis',(0.707106781186564,-0.707106781186531,1.57009245868374E-16));
#12880=DIRECTION('ref_axis',(0.707106781186531,0.707106781186564,-1.57009245868381E-16));
#12881=DIRECTION('center_axis',(0.707106781186564,0.707106781186531,-1.57009245868374E-16));
#12882=DIRECTION('ref_axis',(-0.707106781186531,0.707106781186564,-1.57009245868381E-16));
#12883=DIRECTION('',(0.,-2.22044604925031E-16,-1.));
#12884=DIRECTION('center_axis',(-1.23908819712633E-15,1.,-2.22044604925031E-16));
#12885=DIRECTION('ref_axis',(-1.,-1.23908819712633E-15,2.75132849198184E-31));
#12886=DIRECTION('',(0.,-2.22044604925031E-16,-1.));
#12887=DIRECTION('center_axis',(0.,-2.22044604925031E-16,-1.));
#12888=DIRECTION('ref_axis',(0.,1.,-2.22044604925031E-16));
#12889=DIRECTION('',(0.,2.22044604925031E-16,1.));
#12890=DIRECTION('center_axis',(-1.23908819712633E-15,-1.,2.22044604925031E-16));
#12891=DIRECTION('ref_axis',(1.,-1.23908819712633E-15,2.75132849198184E-31));
#12892=DIRECTION('',(0.,-2.22044604925031E-16,-1.));
#12893=DIRECTION('center_axis',(0.707106781186564,-0.707106781186531,1.57009245868374E-16));
#12894=DIRECTION('ref_axis',(0.707106781186531,0.707106781186564,-1.57009245868381E-16));
#12895=DIRECTION('center_axis',(-0.70710678118654,-0.707106781186555,1.57009245868379E-16));
#12896=DIRECTION('ref_axis',(0.707106781186555,-0.70710678118654,1.57009245868376E-16));
#12897=DIRECTION('',(0.,2.22044604925031E-16,1.));
#12898=DIRECTION('center_axis',(-1.73472347597682E-15,-1.,2.22044604925031E-16));
#12899=DIRECTION('ref_axis',(1.,-1.73472347597682E-15,3.8518598887745E-31));
#12900=DIRECTION('',(0.,2.22044604925031E-16,1.));
#12901=DIRECTION('center_axis',(0.,-2.22044604925031E-16,-1.));
#12902=DIRECTION('ref_axis',(0.,1.,-2.22044604925031E-16));
#12903=DIRECTION('',(0.,2.22044604925031E-16,1.));
#12904=DIRECTION('center_axis',(0.707106781186551,0.707106781186544,-1.57009245868377E-16));
#12905=DIRECTION('ref_axis',(-0.707106781186544,0.707106781186551,-1.57009245868378E-16));
#12906=DIRECTION('',(0.,2.22044604925031E-16,1.));
#12907=DIRECTION('center_axis',(1.08510679013588E-14,1.,-2.22044604925031E-16));
#12908=DIRECTION('ref_axis',(-1.,1.08510679013588E-14,-2.4094210851719E-30));
#12909=DIRECTION('',(0.,2.22044604925031E-16,1.));
#12910=DIRECTION('center_axis',(-0.707106781186537,0.707106781186558,-1.5700924586838E-16));
#12911=DIRECTION('ref_axis',(-0.707106781186558,-0.707106781186537,1.57009245868375E-16));
#12912=DIRECTION('center_axis',(-0.707106781186557,0.707106781186538,-1.57009245868375E-16));
#12913=DIRECTION('ref_axis',(-0.707106781186538,-0.707106781186557,1.5700924586838E-16));
#12914=DIRECTION('',(0.,2.22044604925031E-16,1.));
#12915=DIRECTION('center_axis',(-1.,0.,0.));
#12916=DIRECTION('ref_axis',(0.,-1.,2.22044604925031E-16));
#12917=DIRECTION('',(0.,2.22044604925031E-16,1.));
#12918=DIRECTION('center_axis',(0.,-2.22044604925031E-16,-1.));
#12919=DIRECTION('ref_axis',(-1.22464679914735E-16,-1.,2.22044604925031E-16));
#12920=DIRECTION('',(0.,2.22044604925031E-16,1.));
#12921=DIRECTION('center_axis',(1.,0.,0.));
#12922=DIRECTION('ref_axis',(0.,1.,-2.22044604925031E-16));
#12923=DIRECTION('',(0.,2.22044604925031E-16,1.));
#12924=DIRECTION('center_axis',(0.707106781186557,0.707106781186538,-1.57009245868375E-16));
#12925=DIRECTION('ref_axis',(-0.707106781186538,0.707106781186557,-1.5700924586838E-16));
#12926=DIRECTION('center_axis',(0.707106781186551,-0.707106781186544,1.57009245868377E-16));
#12927=DIRECTION('ref_axis',(0.707106781186544,0.707106781186551,-1.57009245868378E-16));
#12928=DIRECTION('',(0.,-2.22044604925031E-16,-1.));
#12929=DIRECTION('center_axis',(1.,0.,0.));
#12930=DIRECTION('ref_axis',(0.,1.,-2.22044604925031E-16));
#12931=DIRECTION('',(0.,-2.22044604925031E-16,-1.));
#12932=DIRECTION('center_axis',(0.,-2.22044604925031E-16,-1.));
#12933=DIRECTION('ref_axis',(-1.22464679914735E-16,-1.,2.22044604925031E-16));
#12934=DIRECTION('',(0.,2.22044604925031E-16,1.));
#12935=DIRECTION('center_axis',(-1.,0.,0.));
#12936=DIRECTION('ref_axis',(0.,-1.,2.22044604925031E-16));
#12937=DIRECTION('',(0.,-2.22044604925031E-16,-1.));
#12938=DIRECTION('center_axis',(-0.707106781186551,-0.707106781186544,1.57009245868377E-16));
#12939=DIRECTION('ref_axis',(0.707106781186544,-0.707106781186551,1.57009245868378E-16));
#12940=DIRECTION('center_axis',(0.707106781186551,-0.707106781186544,1.57009245868377E-16));
#12941=DIRECTION('ref_axis',(0.707106781186544,0.707106781186551,-1.57009245868378E-16));
#12942=DIRECTION('',(0.,-2.22044604925031E-16,-1.));
#12943=DIRECTION('center_axis',(1.,0.,0.));
#12944=DIRECTION('ref_axis',(0.,1.,-2.22044604925031E-16));
#12945=DIRECTION('',(0.,-2.22044604925031E-16,-1.));
#12946=DIRECTION('center_axis',(0.,-2.22044604925031E-16,-1.));
#12947=DIRECTION('ref_axis',(-1.22464679914735E-16,-1.,2.22044604925031E-16));
#12948=DIRECTION('',(0.,2.22044604925031E-16,1.));
#12949=DIRECTION('center_axis',(-1.,0.,0.));
#12950=DIRECTION('ref_axis',(0.,-1.,2.22044604925031E-16));
#12951=DIRECTION('',(0.,-2.22044604925031E-16,-1.));
#12952=DIRECTION('center_axis',(-0.707106781186551,-0.707106781186544,1.57009245868377E-16));
#12953=DIRECTION('ref_axis',(0.707106781186544,-0.707106781186551,1.57009245868378E-16));
#12954=DIRECTION('center_axis',(0.707106781186551,-0.707106781186544,1.57009245868377E-16));
#12955=DIRECTION('ref_axis',(0.707106781186544,0.707106781186551,-1.57009245868378E-16));
#12956=DIRECTION('',(0.,-2.22044604925031E-16,-1.));
#12957=DIRECTION('center_axis',(1.,0.,0.));
#12958=DIRECTION('ref_axis',(0.,1.,-2.22044604925031E-16));
#12959=DIRECTION('',(0.,-2.22044604925031E-16,-1.));
#12960=DIRECTION('center_axis',(0.,-2.22044604925031E-16,-1.));
#12961=DIRECTION('ref_axis',(-1.22464679914735E-16,-1.,2.22044604925031E-16));
#12962=DIRECTION('',(0.,2.22044604925031E-16,1.));
#12963=DIRECTION('center_axis',(-1.,0.,0.));
#12964=DIRECTION('ref_axis',(0.,-1.,2.22044604925031E-16));
#12965=DIRECTION('',(0.,-2.22044604925031E-16,-1.));
#12966=DIRECTION('center_axis',(-0.707106781186551,-0.707106781186544,1.57009245868377E-16));
#12967=DIRECTION('ref_axis',(0.707106781186544,-0.707106781186551,1.57009245868378E-16));
#12968=DIRECTION('center_axis',(0.707106781186551,-0.707106781186544,1.57009245868377E-16));
#12969=DIRECTION('ref_axis',(0.707106781186544,0.707106781186551,-1.57009245868378E-16));
#12970=DIRECTION('',(0.,-2.22044604925031E-16,-1.));
#12971=DIRECTION('center_axis',(1.,0.,0.));
#12972=DIRECTION('ref_axis',(0.,1.,-2.22044604925031E-16));
#12973=DIRECTION('',(0.,-2.22044604925031E-16,-1.));
#12974=DIRECTION('center_axis',(0.,-2.22044604925031E-16,-1.));
#12975=DIRECTION('ref_axis',(-1.22464679914735E-16,-1.,2.22044604925031E-16));
#12976=DIRECTION('',(0.,2.22044604925031E-16,1.));
#12977=DIRECTION('center_axis',(-1.,0.,0.));
#12978=DIRECTION('ref_axis',(0.,-1.,2.22044604925031E-16));
#12979=DIRECTION('',(0.,-2.22044604925031E-16,-1.));
#12980=DIRECTION('center_axis',(-0.707106781186551,-0.707106781186544,1.57009245868377E-16));
#12981=DIRECTION('ref_axis',(0.707106781186544,-0.707106781186551,1.57009245868378E-16));
#12982=DIRECTION('center_axis',(0.707106781186551,-0.707106781186544,1.57009245868377E-16));
#12983=DIRECTION('ref_axis',(0.707106781186544,0.707106781186551,-1.57009245868378E-16));
#12984=DIRECTION('',(0.,-2.22044604925031E-16,-1.));
#12985=DIRECTION('center_axis',(1.,0.,0.));
#12986=DIRECTION('ref_axis',(0.,1.,-2.22044604925031E-16));
#12987=DIRECTION('',(0.,-2.22044604925031E-16,-1.));
#12988=DIRECTION('center_axis',(0.,-2.22044604925031E-16,-1.));
#12989=DIRECTION('ref_axis',(-1.22464679914735E-16,-1.,2.22044604925031E-16));
#12990=DIRECTION('',(0.,2.22044604925031E-16,1.));
#12991=DIRECTION('center_axis',(-1.,0.,0.));
#12992=DIRECTION('ref_axis',(0.,-1.,2.22044604925031E-16));
#12993=DIRECTION('',(0.,-2.22044604925031E-16,-1.));
#12994=DIRECTION('center_axis',(-0.707106781186551,-0.707106781186544,1.57009245868377E-16));
#12995=DIRECTION('ref_axis',(0.707106781186544,-0.707106781186551,1.57009245868378E-16));
#12996=DIRECTION('center_axis',(-0.707106781186557,0.707106781186538,-1.57009245868375E-16));
#12997=DIRECTION('ref_axis',(-0.707106781186538,-0.707106781186557,1.5700924586838E-16));
#12998=DIRECTION('',(0.,2.22044604925031E-16,1.));
#12999=DIRECTION('center_axis',(-1.,0.,0.));
#13000=DIRECTION('ref_axis',(0.,-1.,2.22044604925031E-16));
#13001=DIRECTION('',(0.,2.22044604925031E-16,1.));
#13002=DIRECTION('center_axis',(0.,-2.22044604925031E-16,-1.));
#13003=DIRECTION('ref_axis',(-1.22464679914735E-16,-1.,2.22044604925031E-16));
#13004=DIRECTION('',(0.,2.22044604925031E-16,1.));
#13005=DIRECTION('center_axis',(1.,0.,0.));
#13006=DIRECTION('ref_axis',(0.,1.,-2.22044604925031E-16));
#13007=DIRECTION('center_axis',(0.,-2.22044604925031E-16,-1.));
#13008=DIRECTION('ref_axis',(0.,1.,-2.22044604925031E-16));
#13009=DIRECTION('center_axis',(0.,2.22044604925031E-16,1.));
#13010=DIRECTION('ref_axis',(0.,-1.,2.22044604925031E-16));
#13011=DIRECTION('center_axis',(0.,-1.,2.22044604925031E-16));
#13012=DIRECTION('ref_axis',(1.,0.,0.));
#13013=DIRECTION('center_axis',(0.,-1.,2.22044604925031E-16));
#13014=DIRECTION('ref_axis',(1.,0.,0.));
#13015=DIRECTION('center_axis',(-1.73472347597682E-14,1.,-2.22044604925031E-16));
#13016=DIRECTION('ref_axis',(-1.,-1.73472347597682E-14,3.85185988877449E-30));
#13017=DIRECTION('center_axis',(0.,2.22044604925031E-16,1.));
#13018=DIRECTION('ref_axis',(0.,-1.,2.22044604925031E-16));
#13019=DIRECTION('center_axis',(0.,2.22044604925031E-16,1.));
#13020=DIRECTION('ref_axis',(0.,-1.,2.22044604925031E-16));
#13021=DIRECTION('center_axis',(0.,0.,1.));
#13022=DIRECTION('ref_axis',(0.,1.,0.));
#13023=DIRECTION('center_axis',(-1.,0.,0.));
#13024=DIRECTION('ref_axis',(0.,1.,-2.22044604925031E-16));
#13025=DIRECTION('center_axis',(0.,0.,1.));
#13026=DIRECTION('ref_axis',(0.,1.,0.));
#13027=DIRECTION('center_axis',(-1.,0.,0.));
#13028=DIRECTION('ref_axis',(0.,1.,-2.22044604925031E-16));
#13029=DIRECTION('center_axis',(0.,2.22044604925031E-16,1.));
#13030=DIRECTION('ref_axis',(0.,-1.,2.22044604925031E-16));
#13031=DIRECTION('center_axis',(0.,2.22044604925031E-16,1.));
#13032=DIRECTION('ref_axis',(0.,-1.,2.22044604925031E-16));
#13033=DIRECTION('center_axis',(1.,1.0842021724855E-16,-2.40741243048405E-32));
#13034=DIRECTION('ref_axis',(-1.0842021724855E-16,1.,-2.22044604925031E-16));
#13035=DIRECTION('center_axis',(-1.,0.,0.));
#13036=DIRECTION('ref_axis',(0.,-1.,2.22044604925031E-16));
#13037=DIRECTION('center_axis',(-1.,-1.0842021724855E-16,2.40741243048405E-32));
#13038=DIRECTION('ref_axis',(1.0842021724855E-16,-1.,2.22044604925031E-16));
#13039=DIRECTION('center_axis',(-1.,0.,0.));
#13040=DIRECTION('ref_axis',(0.,-1.,2.22044604925031E-16));
#13041=DIRECTION('center_axis',(0.,2.22044604925031E-16,1.));
#13042=DIRECTION('ref_axis',(0.,-1.,2.22044604925031E-16));
#13043=DIRECTION('center_axis',(0.,2.22044604925031E-16,1.));
#13044=DIRECTION('ref_axis',(0.,-1.,2.22044604925031E-16));
#13045=DIRECTION('center_axis',(0.,0.,1.));
#13046=DIRECTION('ref_axis',(-1.,0.,0.));
#13047=DIRECTION('center_axis',(0.,-1.,-1.71251901548431E-14));
#13048=DIRECTION('ref_axis',(0.,-1.71251901548431E-14,1.));
#13049=DIRECTION('center_axis',(0.,0.,1.));
#13050=DIRECTION('ref_axis',(1.,0.,0.));
#13051=DIRECTION('center_axis',(0.,1.,-2.22044604925031E-16));
#13052=DIRECTION('ref_axis',(1.,0.,0.));
#13053=DIRECTION('center_axis',(0.,1.,-2.22044604925031E-16));
#13054=DIRECTION('ref_axis',(-1.,0.,0.));
#13055=DIRECTION('center_axis',(0.,2.22044604925031E-16,1.));
#13056=DIRECTION('ref_axis',(0.,-1.,2.22044604925031E-16));
#13057=DIRECTION('center_axis',(0.,-2.22044604925031E-16,-1.));
#13058=DIRECTION('ref_axis',(0.,1.,-2.22044604925031E-16));
#13059=DIRECTION('center_axis',(0.,2.22044604925031E-16,1.));
#13060=DIRECTION('ref_axis',(0.,1.,-2.22044604925031E-16));
#13061=DIRECTION('',(0.,-2.22044604925031E-16,-1.));
#13062=DIRECTION('center_axis',(0.,2.22044604925031E-16,1.));
#13063=DIRECTION('ref_axis',(0.,1.,-2.22044604925031E-16));
#13064=DIRECTION('',(0.,-2.22044604925031E-16,-1.));
#13065=DIRECTION('center_axis',(0.,2.22044604925031E-16,1.));
#13066=DIRECTION('ref_axis',(0.,-1.,2.22044604925031E-16));
#13067=DIRECTION('',(0.,-1.,2.22044604925031E-16));
#13068=DIRECTION('',(0.707106781186538,-0.707106781186557,1.5700924586838E-16));
#13069=DIRECTION('',(0.,-1.,2.22044604925031E-16));
#13070=DIRECTION('',(1.,0.,0.));
#13071=DIRECTION('',(0.,1.,-2.22044604925031E-16));
#13072=DIRECTION('',(0.707106781186538,0.707106781186557,-1.5700924586838E-16));
#13073=DIRECTION('',(0.,1.,-2.22044604925031E-16));
#13074=DIRECTION('center_axis',(-0.707106781186557,-0.707106781186538,1.57009245868375E-16));
#13075=DIRECTION('ref_axis',(0.707106781186538,-0.707106781186557,1.5700924586838E-16));
#13076=DIRECTION('',(0.,-2.22044604925031E-16,-1.));
#13077=DIRECTION('',(0.707106781186538,-0.707106781186557,1.5700924586838E-16));
#13078=DIRECTION('',(0.,2.22044604925031E-16,1.));
#13079=DIRECTION('center_axis',(-1.,0.,0.));
#13080=DIRECTION('ref_axis',(0.,-1.,2.22044604925031E-16));
#13081=DIRECTION('',(0.,-1.,2.22044604925031E-16));
#13082=DIRECTION('center_axis',(1.,0.,0.));
#13083=DIRECTION('ref_axis',(0.,1.,-2.22044604925031E-16));
#13084=DIRECTION('',(0.,-2.22044604925031E-16,-1.));
#13085=DIRECTION('',(0.,1.,-2.22044604925031E-16));
#13086=DIRECTION('center_axis',(0.707106781186557,-0.707106781186538,1.57009245868375E-16));
#13087=DIRECTION('ref_axis',(0.707106781186538,0.707106781186557,-1.5700924586838E-16));
#13088=DIRECTION('',(0.,-2.22044604925031E-16,-1.));
#13089=DIRECTION('',(0.707106781186538,0.707106781186557,-1.5700924586838E-16));
#13090=DIRECTION('center_axis',(1.,0.,0.));
#13091=DIRECTION('ref_axis',(0.,1.,-2.22044604925031E-16));
#13092=DIRECTION('',(0.,-2.22044604925031E-16,-1.));
#13093=DIRECTION('',(0.,1.,-2.22044604925031E-16));
#13094=DIRECTION('center_axis',(0.,-1.,2.22044604925031E-16));
#13095=DIRECTION('ref_axis',(1.,0.,0.));
#13096=DIRECTION('',(0.,-2.22044604925031E-16,-1.));
#13097=DIRECTION('',(1.,0.,0.));
#13098=DIRECTION('center_axis',(-1.,0.,0.));
#13099=DIRECTION('ref_axis',(0.,-1.,2.22044604925031E-16));
#13100=DIRECTION('',(0.,-1.,2.22044604925031E-16));
#13101=DIRECTION('center_axis',(0.,2.22044604925031E-16,1.));
#13102=DIRECTION('ref_axis',(0.,-1.,2.22044604925031E-16));
#13103=DIRECTION('center_axis',(0.,-2.22044604925031E-16,-1.));
#13104=DIRECTION('ref_axis',(0.,1.,-2.22044604925031E-16));
#13105=DIRECTION('center_axis',(0.,2.22044604925031E-16,1.));
#13106=DIRECTION('ref_axis',(0.,1.,-2.22044604925031E-16));
#13107=DIRECTION('',(0.,-2.22044604925031E-16,-1.));
#13108=DIRECTION('center_axis',(0.,2.22044604925031E-16,1.));
#13109=DIRECTION('ref_axis',(0.,1.,-2.22044604925031E-16));
#13110=DIRECTION('',(0.,-2.22044604925031E-16,-1.));
#13111=DIRECTION('center_axis',(0.,2.22044604925031E-16,1.));
#13112=DIRECTION('ref_axis',(0.,-1.,2.22044604925031E-16));
#13113=DIRECTION('',(1.,0.,0.));
#13114=DIRECTION('',(0.,1.,-2.22044604925031E-16));
#13115=DIRECTION('',(0.707106781186538,0.707106781186557,-1.5700924586838E-16));
#13116=DIRECTION('',(0.,1.,-2.22044604925031E-16));
#13117=DIRECTION('',(0.,-1.,2.22044604925031E-16));
#13118=DIRECTION('',(0.707106781186538,-0.707106781186557,1.5700924586838E-16));
#13119=DIRECTION('',(0.,-1.,2.22044604925031E-16));
#13120=DIRECTION('center_axis',(1.,0.,0.));
#13121=DIRECTION('ref_axis',(0.,1.,-2.22044604925031E-16));
#13122=DIRECTION('',(0.,-2.22044604925031E-16,-1.));
#13123=DIRECTION('',(0.,1.,-2.22044604925031E-16));
#13124=DIRECTION('',(0.,2.22044604925031E-16,1.));
#13125=DIRECTION('center_axis',(0.,-1.,2.22044604925031E-16));
#13126=DIRECTION('ref_axis',(1.,0.,0.));
#13127=DIRECTION('',(0.,-2.22044604925031E-16,-1.));
#13128=DIRECTION('',(1.,0.,0.));
#13129=DIRECTION('center_axis',(-1.,0.,0.));
#13130=DIRECTION('ref_axis',(0.,-1.,2.22044604925031E-16));
#13131=DIRECTION('',(0.,-2.22044604925031E-16,-1.));
#13132=DIRECTION('',(0.,-1.,2.22044604925031E-16));
#13133=DIRECTION('center_axis',(-0.707106781186557,-0.707106781186538,1.57009245868375E-16));
#13134=DIRECTION('ref_axis',(0.707106781186538,-0.707106781186557,1.5700924586838E-16));
#13135=DIRECTION('',(0.,-2.22044604925031E-16,-1.));
#13136=DIRECTION('',(0.707106781186538,-0.707106781186557,1.5700924586838E-16));
#13137=DIRECTION('center_axis',(-1.,0.,0.));
#13138=DIRECTION('ref_axis',(0.,-1.,2.22044604925031E-16));
#13139=DIRECTION('',(0.,-1.,2.22044604925031E-16));
#13140=DIRECTION('center_axis',(1.,0.,0.));
#13141=DIRECTION('ref_axis',(0.,1.,-2.22044604925031E-16));
#13142=DIRECTION('',(0.,-2.22044604925031E-16,-1.));
#13143=DIRECTION('',(0.,1.,-2.22044604925031E-16));
#13144=DIRECTION('center_axis',(0.707106781186557,-0.707106781186538,1.57009245868375E-16));
#13145=DIRECTION('ref_axis',(0.707106781186538,0.707106781186557,-1.5700924586838E-16));
#13146=DIRECTION('',(0.707106781186538,0.707106781186557,-1.5700924586838E-16));
#13147=DIRECTION('center_axis',(0.,2.22044604925031E-16,1.));
#13148=DIRECTION('ref_axis',(0.,-1.,2.22044604925031E-16));
#13149=DIRECTION('center_axis',(0.,2.22044604925031E-16,1.));
#13150=DIRECTION('ref_axis',(0.,-1.,2.22044604925031E-16));
#13151=DIRECTION('',(0.,-1.,2.22044604925031E-16));
#13152=DIRECTION('',(-1.,0.,0.));
#13153=DIRECTION('',(-0.707106781186555,-0.70710678118654,1.57009245868376E-16));
#13154=DIRECTION('',(-1.,0.,0.));
#13155=DIRECTION('center_axis',(0.,2.22044604925031E-16,1.));
#13156=DIRECTION('ref_axis',(1.73472347597681E-15,1.,-2.22044604925031E-16));
#13157=DIRECTION('',(1.,0.,0.));
#13158=DIRECTION('',(0.70710678118656,-0.707106781186535,1.57009245868375E-16));
#13159=DIRECTION('',(1.,0.,0.));
#13160=DIRECTION('center_axis',(4.33680868994201E-15,-1.,2.22044604925031E-16));
#13161=DIRECTION('ref_axis',(1.,4.33680868994201E-15,-9.62964972193615E-31));
#13162=DIRECTION('',(0.,-2.22044604925031E-16,-1.));
#13163=DIRECTION('',(0.,2.22044604925031E-16,1.));
#13164=DIRECTION('',(-1.,-4.33680868994201E-15,9.62964972193615E-31));
#13165=DIRECTION('center_axis',(-1.,-2.89120579329468E-15,6.41976648129079E-31));
#13166=DIRECTION('ref_axis',(2.89120579329468E-15,-1.,2.22044604925031E-16));
#13167=DIRECTION('',(0.,-2.22044604925031E-16,-1.));
#13168=DIRECTION('',(-2.89120579329468E-15,1.,-2.22044604925031E-16));
#13169=DIRECTION('center_axis',(-4.33680868994201E-15,1.,-2.22044604925031E-16));
#13170=DIRECTION('ref_axis',(-1.,-4.33680868994201E-15,9.62964972193615E-31));
#13171=DIRECTION('',(0.,-2.22044604925031E-16,-1.));
#13172=DIRECTION('',(1.,4.33680868994201E-15,-9.62964972193615E-31));
#13173=DIRECTION('center_axis',(-0.70710678118654,0.707106781186555,-1.57009245868379E-16));
#13174=DIRECTION('ref_axis',(-0.707106781186555,-0.70710678118654,1.57009245868376E-16));
#13175=DIRECTION('',(0.,-2.22044604925031E-16,-1.));
#13176=DIRECTION('',(0.707106781186555,0.70710678118654,-1.57009245868376E-16));
#13177=DIRECTION('center_axis',(-1.73472347597682E-15,1.,-2.22044604925031E-16));
#13178=DIRECTION('ref_axis',(-1.,-1.73472347597682E-15,3.8518598887745E-31));
#13179=DIRECTION('',(0.,-2.22044604925031E-16,-1.));
#13180=DIRECTION('',(1.,1.73472347597682E-15,-3.85185988877449E-31));
#13181=DIRECTION('center_axis',(0.,-2.22044604925031E-16,-1.));
#13182=DIRECTION('ref_axis',(0.,1.,-2.22044604925031E-16));
#13183=DIRECTION('',(0.,-2.22044604925031E-16,-1.));
#13184=DIRECTION('center_axis',(0.,-2.22044604925031E-16,-1.));
#13185=DIRECTION('ref_axis',(0.,1.,-2.22044604925031E-16));
#13186=DIRECTION('center_axis',(3.46944695195364E-15,-1.,2.22044604925031E-16));
#13187=DIRECTION('ref_axis',(1.,3.46944695195364E-15,-7.70371977754899E-31));
#13188=DIRECTION('',(0.,-2.22044604925031E-16,-1.));
#13189=DIRECTION('',(-1.,-3.46944695195364E-15,7.70371977754899E-31));
#13190=DIRECTION('center_axis',(-0.707106781186537,-0.707106781186558,1.5700924586838E-16));
#13191=DIRECTION('ref_axis',(0.707106781186558,-0.707106781186537,1.57009245868375E-16));
#13192=DIRECTION('',(-0.707106781186558,0.707106781186537,-1.57009245868375E-16));
#13193=DIRECTION('center_axis',(0.,2.22044604925031E-16,1.));
#13194=DIRECTION('ref_axis',(0.,-1.,2.22044604925031E-16));
#13195=DIRECTION('center_axis',(0.,2.22044604925031E-16,1.));
#13196=DIRECTION('ref_axis',(0.,-1.,2.22044604925031E-16));
#13197=DIRECTION('',(1.,0.,0.));
#13198=DIRECTION('',(0.70710678118656,0.707106781186535,-1.57009245868375E-16));
#13199=DIRECTION('',(1.,0.,0.));
#13200=DIRECTION('',(0.,1.,-2.22044604925031E-16));
#13201=DIRECTION('',(-1.,0.,0.));
#13202=DIRECTION('',(-0.707106781186554,0.707106781186541,-1.57009245868376E-16));
#13203=DIRECTION('',(-1.,0.,0.));
#13204=DIRECTION('center_axis',(0.,2.22044604925031E-16,1.));
#13205=DIRECTION('ref_axis',(0.,1.,-2.22044604925031E-16));
#13206=DIRECTION('center_axis',(0.707106781186537,-0.707106781186558,1.5700924586838E-16));
#13207=DIRECTION('ref_axis',(0.707106781186558,0.707106781186537,-1.57009245868375E-16));
#13208=DIRECTION('',(0.,-2.22044604925031E-16,-1.));
#13209=DIRECTION('',(0.707106781186558,0.707106781186537,-1.57009245868375E-16));
#13210=DIRECTION('',(0.,2.22044604925031E-16,1.));
#13211=DIRECTION('center_axis',(-3.46944695195364E-15,-1.,2.22044604925031E-16));
#13212=DIRECTION('ref_axis',(1.,-3.46944695195364E-15,7.70371977754899E-31));
#13213=DIRECTION('',(0.,-2.22044604925031E-16,-1.));
#13214=DIRECTION('',(1.,-3.46944695195364E-15,7.70371977754899E-31));
#13215=DIRECTION('center_axis',(0.,-2.22044604925031E-16,-1.));
#13216=DIRECTION('ref_axis',(0.,1.,-2.22044604925031E-16));
#13217=DIRECTION('',(0.,-2.22044604925031E-16,-1.));
#13218=DIRECTION('center_axis',(0.,2.22044604925031E-16,1.));
#13219=DIRECTION('ref_axis',(0.,1.,-2.22044604925031E-16));
#13220=DIRECTION('center_axis',(1.73472347597682E-15,1.,-2.22044604925031E-16));
#13221=DIRECTION('ref_axis',(-1.,1.73472347597682E-15,-3.8518598887745E-31));
#13222=DIRECTION('',(0.,-2.22044604925031E-16,-1.));
#13223=DIRECTION('',(-1.,1.73472347597682E-15,-3.85185988877449E-31));
#13224=DIRECTION('center_axis',(0.70710678118654,0.707106781186555,-1.57009245868379E-16));
#13225=DIRECTION('ref_axis',(-0.707106781186555,0.70710678118654,-1.57009245868376E-16));
#13226=DIRECTION('',(0.,-2.22044604925031E-16,-1.));
#13227=DIRECTION('',(-0.707106781186555,0.70710678118654,-1.57009245868376E-16));
#13228=DIRECTION('center_axis',(4.33680868994201E-15,1.,-2.22044604925031E-16));
#13229=DIRECTION('ref_axis',(-1.,4.33680868994201E-15,-9.62964972193615E-31));
#13230=DIRECTION('',(0.,-2.22044604925031E-16,-1.));
#13231=DIRECTION('',(-1.,4.33680868994201E-15,-9.62964972193615E-31));
#13232=DIRECTION('center_axis',(1.,-2.89120579329468E-15,6.41976648129079E-31));
#13233=DIRECTION('ref_axis',(2.89120579329468E-15,1.,-2.22044604925031E-16));
#13234=DIRECTION('',(0.,-2.22044604925031E-16,-1.));
#13235=DIRECTION('',(2.89120579329468E-15,1.,-2.22044604925031E-16));
#13236=DIRECTION('center_axis',(-4.33680868994201E-15,-1.,2.22044604925031E-16));
#13237=DIRECTION('ref_axis',(1.,-4.33680868994201E-15,9.62964972193615E-31));
#13238=DIRECTION('',(1.,-4.33680868994201E-15,9.62964972193615E-31));
#13239=DIRECTION('center_axis',(0.,2.22044604925031E-16,1.));
#13240=DIRECTION('ref_axis',(0.,-1.,2.22044604925031E-16));
#13241=DIRECTION('center_axis',(0.,2.22044604925031E-16,1.));
#13242=DIRECTION('ref_axis',(0.,-1.,2.22044604925031E-16));
#13243=DIRECTION('',(0.,1.,-2.22044604925031E-16));
#13244=DIRECTION('',(-0.707106781186538,0.707106781186557,-1.5700924586838E-16));
#13245=DIRECTION('',(0.,1.,-2.22044604925031E-16));
#13246=DIRECTION('',(-1.,0.,0.));
#13247=DIRECTION('',(0.,-1.,2.22044604925031E-16));
#13248=DIRECTION('',(-0.707106781186538,-0.707106781186557,1.5700924586838E-16));
#13249=DIRECTION('',(0.,-1.,2.22044604925031E-16));
#13250=DIRECTION('center_axis',(0.,2.22044604925031E-16,1.));
#13251=DIRECTION('ref_axis',(0.,1.,-2.22044604925031E-16));
#13252=DIRECTION('center_axis',(0.707106781186557,0.707106781186538,-1.57009245868375E-16));
#13253=DIRECTION('ref_axis',(-0.707106781186538,0.707106781186557,-1.5700924586838E-16));
#13254=DIRECTION('',(0.,-2.22044604925031E-16,-1.));
#13255=DIRECTION('',(-0.707106781186538,0.707106781186557,-1.5700924586838E-16));
#13256=DIRECTION('',(0.,2.22044604925031E-16,1.));
#13257=DIRECTION('center_axis',(1.,0.,0.));
#13258=DIRECTION('ref_axis',(0.,1.,-2.22044604925031E-16));
#13259=DIRECTION('',(0.,-2.22044604925031E-16,-1.));
#13260=DIRECTION('',(0.,1.,-2.22044604925031E-16));
#13261=DIRECTION('center_axis',(0.,-2.22044604925031E-16,-1.));
#13262=DIRECTION('ref_axis',(-1.22464679914735E-16,-1.,2.22044604925031E-16));
#13263=DIRECTION('',(0.,-2.22044604925031E-16,-1.));
#13264=DIRECTION('center_axis',(0.,2.22044604925031E-16,1.));
#13265=DIRECTION('ref_axis',(0.,1.,-2.22044604925031E-16));
#13266=DIRECTION('center_axis',(-1.,0.,0.));
#13267=DIRECTION('ref_axis',(0.,-1.,2.22044604925031E-16));
#13268=DIRECTION('',(0.,-2.22044604925031E-16,-1.));
#13269=DIRECTION('',(0.,-1.,2.22044604925031E-16));
#13270=DIRECTION('center_axis',(-0.707106781186557,0.707106781186538,-1.57009245868375E-16));
#13271=DIRECTION('ref_axis',(-0.707106781186538,-0.707106781186557,1.5700924586838E-16));
#13272=DIRECTION('',(0.,-2.22044604925031E-16,-1.));
#13273=DIRECTION('',(-0.707106781186538,-0.707106781186557,1.5700924586838E-16));
#13274=DIRECTION('center_axis',(-1.,0.,0.));
#13275=DIRECTION('ref_axis',(0.,-1.,2.22044604925031E-16));
#13276=DIRECTION('',(0.,-2.22044604925031E-16,-1.));
#13277=DIRECTION('',(0.,-1.,2.22044604925031E-16));
#13278=DIRECTION('center_axis',(0.,1.,-2.22044604925031E-16));
#13279=DIRECTION('ref_axis',(-1.,0.,0.));
#13280=DIRECTION('',(0.,-2.22044604925031E-16,-1.));
#13281=DIRECTION('',(-1.,0.,0.));
#13282=DIRECTION('center_axis',(1.,0.,0.));
#13283=DIRECTION('ref_axis',(0.,1.,-2.22044604925031E-16));
#13284=DIRECTION('',(0.,1.,-2.22044604925031E-16));
#13285=DIRECTION('center_axis',(0.,2.22044604925031E-16,1.));
#13286=DIRECTION('ref_axis',(0.,-1.,2.22044604925031E-16));
#13287=DIRECTION('center_axis',(0.,2.22044604925031E-16,1.));
#13288=DIRECTION('ref_axis',(0.,-1.,2.22044604925031E-16));
#13289=DIRECTION('',(0.707106781186558,0.707106781186537,-1.57009245868375E-16));
#13290=DIRECTION('',(1.,0.,0.));
#13291=DIRECTION('center_axis',(0.,2.22044604925031E-16,1.));
#13292=DIRECTION('ref_axis',(0.,1.,-2.22044604925031E-16));
#13293=DIRECTION('',(-1.,0.,0.));
#13294=DIRECTION('',(-0.70710678118656,0.707106781186535,-1.57009245868375E-16));
#13295=DIRECTION('',(-1.,0.,0.));
#13296=DIRECTION('',(0.,1.,-2.22044604925031E-16));
#13297=DIRECTION('',(1.,0.,0.));
#13298=DIRECTION('center_axis',(4.33680868994201E-15,-1.,2.22044604925031E-16));
#13299=DIRECTION('ref_axis',(1.,4.33680868994201E-15,-9.62964972193615E-31));
#13300=DIRECTION('',(0.,-2.22044604925031E-16,-1.));
#13301=DIRECTION('',(0.,2.22044604925031E-16,1.));
#13302=DIRECTION('',(-1.,-4.33680868994201E-15,9.62964972193615E-31));
#13303=DIRECTION('center_axis',(0.70710678118654,-0.707106781186555,1.57009245868379E-16));
#13304=DIRECTION('ref_axis',(0.707106781186555,0.70710678118654,-1.57009245868376E-16));
#13305=DIRECTION('',(0.,-2.22044604925031E-16,-1.));
#13306=DIRECTION('',(-0.707106781186555,-0.70710678118654,1.57009245868376E-16));
#13307=DIRECTION('center_axis',(1.73472347597682E-15,-1.,2.22044604925031E-16));
#13308=DIRECTION('ref_axis',(1.,1.73472347597682E-15,-3.8518598887745E-31));
#13309=DIRECTION('',(0.,-2.22044604925031E-16,-1.));
#13310=DIRECTION('',(-1.,-1.73472347597682E-15,3.85185988877449E-31));
#13311=DIRECTION('center_axis',(0.,-2.22044604925031E-16,-1.));
#13312=DIRECTION('ref_axis',(0.,1.,-2.22044604925031E-16));
#13313=DIRECTION('',(0.,-2.22044604925031E-16,-1.));
#13314=DIRECTION('center_axis',(0.,-2.22044604925031E-16,-1.));
#13315=DIRECTION('ref_axis',(0.,1.,-2.22044604925031E-16));
#13316=DIRECTION('center_axis',(-3.46944695195364E-15,1.,-2.22044604925031E-16));
#13317=DIRECTION('ref_axis',(-1.,-3.46944695195364E-15,7.70371977754899E-31));
#13318=DIRECTION('',(0.,-2.22044604925031E-16,-1.));
#13319=DIRECTION('',(1.,3.46944695195364E-15,-7.70371977754899E-31));
#13320=DIRECTION('center_axis',(0.707106781186537,0.707106781186558,-1.5700924586838E-16));
#13321=DIRECTION('ref_axis',(-0.707106781186558,0.707106781186537,-1.57009245868375E-16));
#13322=DIRECTION('',(0.,-2.22044604925031E-16,-1.));
#13323=DIRECTION('',(0.707106781186558,-0.707106781186537,1.57009245868375E-16));
#13324=DIRECTION('center_axis',(-4.33680868994201E-15,1.,-2.22044604925031E-16));
#13325=DIRECTION('ref_axis',(-1.,-4.33680868994201E-15,9.62964972193615E-31));
#13326=DIRECTION('',(0.,-2.22044604925031E-16,-1.));
#13327=DIRECTION('',(1.,4.33680868994201E-15,-9.62964972193615E-31));
#13328=DIRECTION('center_axis',(1.,2.89120579329468E-15,-6.41976648129079E-31));
#13329=DIRECTION('ref_axis',(-2.89120579329468E-15,1.,-2.22044604925031E-16));
#13330=DIRECTION('',(2.89120579329468E-15,-1.,2.22044604925031E-16));
#13331=DIRECTION('center_axis',(0.,2.22044604925031E-16,1.));
#13332=DIRECTION('ref_axis',(0.,-1.,2.22044604925031E-16));
#13333=DIRECTION('center_axis',(0.,2.22044604925031E-16,1.));
#13334=DIRECTION('ref_axis',(0.,-1.,2.22044604925031E-16));
#13335=DIRECTION('',(-1.,0.,0.));
#13336=DIRECTION('',(0.,1.,-2.22044604925031E-16));
#13337=DIRECTION('',(-0.707106781186538,0.707106781186557,-1.5700924586838E-16));
#13338=DIRECTION('',(0.,1.,-2.22044604925031E-16));
#13339=DIRECTION('center_axis',(0.,2.22044604925031E-16,1.));
#13340=DIRECTION('ref_axis',(0.,1.,-2.22044604925031E-16));
#13341=DIRECTION('',(0.,-1.,2.22044604925031E-16));
#13342=DIRECTION('',(-0.707106781186538,-0.707106781186557,1.5700924586838E-16));
#13343=DIRECTION('',(0.,-1.,2.22044604925031E-16));
#13344=DIRECTION('center_axis',(-1.,0.,0.));
#13345=DIRECTION('ref_axis',(0.,-1.,2.22044604925031E-16));
#13346=DIRECTION('',(0.,-2.22044604925031E-16,-1.));
#13347=DIRECTION('',(0.,2.22044604925031E-16,1.));
#13348=DIRECTION('',(0.,1.,-2.22044604925031E-16));
#13349=DIRECTION('center_axis',(0.,1.,-2.22044604925031E-16));
#13350=DIRECTION('ref_axis',(-1.,0.,0.));
#13351=DIRECTION('',(0.,-2.22044604925031E-16,-1.));
#13352=DIRECTION('',(1.,0.,0.));
#13353=DIRECTION('center_axis',(1.,0.,0.));
#13354=DIRECTION('ref_axis',(0.,1.,-2.22044604925031E-16));
#13355=DIRECTION('',(0.,-2.22044604925031E-16,-1.));
#13356=DIRECTION('',(0.,-1.,2.22044604925031E-16));
#13357=DIRECTION('center_axis',(0.707106781186557,0.707106781186538,-1.57009245868375E-16));
#13358=DIRECTION('ref_axis',(-0.707106781186538,0.707106781186557,-1.5700924586838E-16));
#13359=DIRECTION('',(0.,-2.22044604925031E-16,-1.));
#13360=DIRECTION('',(0.707106781186538,-0.707106781186557,1.5700924586838E-16));
#13361=DIRECTION('center_axis',(1.,0.,0.));
#13362=DIRECTION('ref_axis',(0.,1.,-2.22044604925031E-16));
#13363=DIRECTION('',(0.,-2.22044604925031E-16,-1.));
#13364=DIRECTION('',(0.,-1.,2.22044604925031E-16));
#13365=DIRECTION('center_axis',(0.,-2.22044604925031E-16,-1.));
#13366=DIRECTION('ref_axis',(-1.22464679914735E-16,-1.,2.22044604925031E-16));
#13367=DIRECTION('',(0.,-2.22044604925031E-16,-1.));
#13368=DIRECTION('center_axis',(0.,-2.22044604925031E-16,-1.));
#13369=DIRECTION('ref_axis',(0.,1.,-2.22044604925031E-16));
#13370=DIRECTION('center_axis',(-1.,0.,0.));
#13371=DIRECTION('ref_axis',(0.,-1.,2.22044604925031E-16));
#13372=DIRECTION('',(0.,-2.22044604925031E-16,-1.));
#13373=DIRECTION('',(0.,1.,-2.22044604925031E-16));
#13374=DIRECTION('center_axis',(-0.707106781186557,0.707106781186538,-1.57009245868375E-16));
#13375=DIRECTION('ref_axis',(-0.707106781186538,-0.707106781186557,1.5700924586838E-16));
#13376=DIRECTION('',(0.707106781186538,0.707106781186557,-1.5700924586838E-16));
#13377=DIRECTION('center_axis',(0.,2.22044604925031E-16,1.));
#13378=DIRECTION('ref_axis',(0.,-1.,2.22044604925031E-16));
#13379=DIRECTION('center_axis',(0.,2.22044604925031E-16,1.));
#13380=DIRECTION('ref_axis',(0.,-1.,2.22044604925031E-16));
#13381=DIRECTION('',(-1.,0.,0.));
#13382=DIRECTION('',(-0.70710678118656,-0.707106781186535,1.57009245868375E-16));
#13383=DIRECTION('',(-1.,0.,0.));
#13384=DIRECTION('',(0.,-1.,2.22044604925031E-16));
#13385=DIRECTION('',(1.,0.,0.));
#13386=DIRECTION('',(0.707106781186557,-0.707106781186538,1.57009245868375E-16));
#13387=DIRECTION('',(1.,0.,0.));
#13388=DIRECTION('center_axis',(0.,2.22044604925031E-16,1.));
#13389=DIRECTION('ref_axis',(-1.73472347597681E-15,1.,-2.22044604925031E-16));
#13390=DIRECTION('',(-0.707106781186543,0.707106781186552,-1.57009245868379E-16));
#13391=DIRECTION('center_axis',(-0.707106781186537,0.707106781186558,-1.5700924586838E-16));
#13392=DIRECTION('ref_axis',(-0.707106781186558,-0.707106781186537,1.57009245868375E-16));
#13393=DIRECTION('',(0.,-2.22044604925031E-16,-1.));
#13394=DIRECTION('',(-0.707106781186558,-0.707106781186537,1.57009245868375E-16));
#13395=DIRECTION('',(0.,2.22044604925031E-16,1.));
#13396=DIRECTION('center_axis',(1.08510679013588E-14,1.,-2.22044604925031E-16));
#13397=DIRECTION('ref_axis',(-1.,1.08510679013588E-14,-2.4094210851719E-30));
#13398=DIRECTION('',(0.,-2.22044604925031E-16,-1.));
#13399=DIRECTION('',(-1.,1.08510679013588E-14,-2.4094210851719E-30));
#13400=DIRECTION('center_axis',(0.707106781186551,0.707106781186544,-1.57009245868377E-16));
#13401=DIRECTION('ref_axis',(-0.707106781186544,0.707106781186551,-1.57009245868378E-16));
#13402=DIRECTION('',(0.,-2.22044604925031E-16,-1.));
#13403=DIRECTION('',(-0.707106781186544,0.707106781186551,-1.57009245868378E-16));
#13404=DIRECTION('center_axis',(0.,-2.22044604925031E-16,-1.));
#13405=DIRECTION('ref_axis',(0.,1.,-2.22044604925031E-16));
#13406=DIRECTION('',(0.,-2.22044604925031E-16,-1.));
#13407=DIRECTION('center_axis',(0.,2.22044604925031E-16,1.));
#13408=DIRECTION('ref_axis',(-1.73472347597681E-15,1.,-2.22044604925031E-16));
#13409=DIRECTION('center_axis',(-1.73472347597682E-15,-1.,2.22044604925031E-16));
#13410=DIRECTION('ref_axis',(1.,-1.73472347597682E-15,3.8518598887745E-31));
#13411=DIRECTION('',(0.,-2.22044604925031E-16,-1.));
#13412=DIRECTION('',(1.,-1.73472347597682E-15,3.85185988877449E-31));
#13413=DIRECTION('center_axis',(-0.70710678118654,-0.707106781186555,1.57009245868379E-16));
#13414=DIRECTION('ref_axis',(0.707106781186555,-0.70710678118654,1.57009245868376E-16));
#13415=DIRECTION('',(0.,-2.22044604925031E-16,-1.));
#13416=DIRECTION('',(0.707106781186555,-0.70710678118654,1.57009245868376E-16));
#13417=DIRECTION('center_axis',(-4.33680868994201E-15,-1.,2.22044604925031E-16));
#13418=DIRECTION('ref_axis',(1.,-4.33680868994201E-15,9.62964972193615E-31));
#13419=DIRECTION('',(0.,-2.22044604925031E-16,-1.));
#13420=DIRECTION('',(1.,-4.33680868994201E-15,9.62964972193615E-31));
#13421=DIRECTION('center_axis',(-1.,2.89120579329468E-15,-6.41976648129079E-31));
#13422=DIRECTION('ref_axis',(-2.89120579329468E-15,-1.,2.22044604925031E-16));
#13423=DIRECTION('',(0.,-2.22044604925031E-16,-1.));
#13424=DIRECTION('',(-2.89120579329468E-15,-1.,2.22044604925031E-16));
#13425=DIRECTION('center_axis',(4.33680868994201E-15,1.,-2.22044604925031E-16));
#13426=DIRECTION('ref_axis',(-1.,4.33680868994201E-15,-9.62964972193615E-31));
#13427=DIRECTION('',(-1.,4.33680868994201E-15,-9.62964972193615E-31));
#13428=DIRECTION('center_axis',(0.,2.22044604925031E-16,1.));
#13429=DIRECTION('ref_axis',(0.,-1.,2.22044604925031E-16));
#13430=CARTESIAN_POINT('',(0.,0.,0.));
#13431=CARTESIAN_POINT('Origin',(-1.72500000000001,-1.,4.38885039422133E-16));
#13432=CARTESIAN_POINT('',(-1.95,-0.925,3.49951549220388E-16));
#13433=CARTESIAN_POINT('',(-1.9,-0.874999999999998,4.11129463806503E-16));
#13434=CARTESIAN_POINT('',(-1.95,-0.925,4.22231694052755E-16));
#13435=CARTESIAN_POINT('',(-1.72500000000001,-0.874999999999998,4.11129463806503E-16));
#13436=CARTESIAN_POINT('',(-1.72500000000001,-0.874999999999998,4.11129463806503E-16));
#13437=CARTESIAN_POINT('',(-1.72500000000001,-1.125,4.66640615037761E-16));
#13438=CARTESIAN_POINT('Origin',(-1.72500000000001,-1.,4.38885039422133E-16));
#13439=CARTESIAN_POINT('',(-1.9,-1.125,3.94360470205394E-16));
#13440=CARTESIAN_POINT('',(-1.72500000000001,-1.125,4.66640615037761E-16));
#13441=CARTESIAN_POINT('',(-1.95,-1.075,4.55538384791509E-16));
#13442=CARTESIAN_POINT('',(-1.9,-1.125,4.66640615037762E-16));
#13443=CARTESIAN_POINT('',(-2.,-1.075,4.55538384791509E-16));
#13444=CARTESIAN_POINT('',(-1.72500000000001,-1.075,4.55538384791509E-16));
#13445=CARTESIAN_POINT('',(-2.,-0.925,4.22231694052755E-16));
#13446=CARTESIAN_POINT('',(-2.,-1.,4.38885039422133E-16));
#13447=CARTESIAN_POINT('',(-1.72500000000001,-0.925,4.22231694052755E-16));
#13448=CARTESIAN_POINT('Origin',(-1.9,-0.874999999999998,0.62369905660283));
#13449=CARTESIAN_POINT('',(-1.72500000000001,-0.874999999999999,0.152));
#13450=CARTESIAN_POINT('',(-1.72500000000001,-0.874999999999998,0.62369905660283));
#13451=CARTESIAN_POINT('',(-1.9,-0.874999999999998,0.152));
#13452=CARTESIAN_POINT('',(-1.9,-0.874999999999998,0.62369905660283));
#13453=CARTESIAN_POINT('',(-1.9,-0.874999999999998,0.152));
#13454=CARTESIAN_POINT('Origin',(-1.95,-0.925,0.62369905660283));
#13455=CARTESIAN_POINT('',(-1.95,-0.925,0.152));
#13456=CARTESIAN_POINT('',(-1.95,-0.925,0.62369905660283));
#13457=CARTESIAN_POINT('',(-1.95,-0.925,0.152));
#13458=CARTESIAN_POINT('Origin',(-2.,-0.925,0.62369905660283));
#13459=CARTESIAN_POINT('',(-2.,-0.925,0.152));
#13460=CARTESIAN_POINT('',(-2.,-0.925,0.62369905660283));
#13461=CARTESIAN_POINT('',(-2.,-0.925,0.152));
#13462=CARTESIAN_POINT('Origin',(-2.,-1.075,0.62369905660283));
#13463=CARTESIAN_POINT('',(-2.,-1.075,0.152));
#13464=CARTESIAN_POINT('',(-2.,-1.075,0.62369905660283));
#13465=CARTESIAN_POINT('',(-2.,-1.075,0.152));
#13466=CARTESIAN_POINT('Origin',(-2.,-1.075,0.62369905660283));
#13467=CARTESIAN_POINT('',(-1.95,-1.075,0.152));
#13468=CARTESIAN_POINT('',(-1.95,-1.075,0.62369905660283));
#13469=CARTESIAN_POINT('',(-2.,-1.075,0.152));
#13470=CARTESIAN_POINT('Origin',(-1.95,-1.075,0.62369905660283));
#13471=CARTESIAN_POINT('',(-1.9,-1.125,0.152));
#13472=CARTESIAN_POINT('',(-1.9,-1.125,0.62369905660283));
#13473=CARTESIAN_POINT('',(-1.95,-1.075,0.152));
#13474=CARTESIAN_POINT('Origin',(-1.9,-1.125,0.62369905660283));
#13475=CARTESIAN_POINT('',(-1.72500000000001,-1.125,0.152));
#13476=CARTESIAN_POINT('',(-1.72500000000001,-1.125,0.62369905660283));
#13477=CARTESIAN_POINT('',(-1.9,-1.125,0.152));
#13478=CARTESIAN_POINT('Origin',(-1.72500000000001,-1.,0.62369905660283));
#13479=CARTESIAN_POINT('Origin',(-1.72500000000001,-1.,0.152));
#13480=CARTESIAN_POINT('Origin',(-0.999999999999999,1.725,0.152));
#13481=CARTESIAN_POINT('Origin',(-0.999999999999999,1.725,0.152));
#13482=CARTESIAN_POINT('',(2.,-0.925,0.152));
#13483=CARTESIAN_POINT('',(1.95,-0.925,0.152));
#13484=CARTESIAN_POINT('',(-0.999999999999999,-0.925,0.152));
#13485=CARTESIAN_POINT('',(1.9,-0.874999999999998,0.152));
#13486=CARTESIAN_POINT('',(1.95,-0.925,0.152));
#13487=CARTESIAN_POINT('',(1.72500000000001,-0.875,0.152));
#13488=CARTESIAN_POINT('',(-0.999999999999999,-0.874999999999998,0.152));
#13489=CARTESIAN_POINT('',(1.72500000000001,-1.125,0.152));
#13490=CARTESIAN_POINT('Origin',(1.72500000000001,-1.,0.152));
#13491=CARTESIAN_POINT('',(1.9,-1.125,0.152));
#13492=CARTESIAN_POINT('',(-0.999999999999999,-1.125,0.152));
#13493=CARTESIAN_POINT('',(1.95,-1.075,0.152));
#13494=CARTESIAN_POINT('',(1.9,-1.125,0.152));
#13495=CARTESIAN_POINT('',(2.,-1.075,0.152));
#13496=CARTESIAN_POINT('',(-0.999999999999999,-1.075,0.152));
#13497=CARTESIAN_POINT('',(2.,1.725,0.152));
#13498=CARTESIAN_POINT('Origin',(1.95,-0.925,0.62369905660283));
#13499=CARTESIAN_POINT('',(1.95,-0.925,3.40916531116342E-16));
#13500=CARTESIAN_POINT('',(1.95,-0.925,0.62369905660283));
#13501=CARTESIAN_POINT('',(1.9,-0.874999999999998,1.94289029309402E-16));
#13502=CARTESIAN_POINT('',(1.95,-0.925,2.05391259555654E-16));
#13503=CARTESIAN_POINT('',(1.9,-0.874999999999998,0.62369905660283));
#13504=CARTESIAN_POINT('Origin',(2.,-0.925,0.62369905660283));
#13505=CARTESIAN_POINT('',(2.,-0.925,4.22231694052755E-16));
#13506=CARTESIAN_POINT('',(2.,-0.925,0.62369905660283));
#13507=CARTESIAN_POINT('',(2.,-0.925,4.22231694052755E-16));
#13508=CARTESIAN_POINT('Origin',(2.,-1.075,0.62369905660283));
#13509=CARTESIAN_POINT('',(2.,-1.075,4.55538384791509E-16));
#13510=CARTESIAN_POINT('',(2.,-1.075,0.62369905660283));
#13511=CARTESIAN_POINT('',(2.,-1.075,4.55538384791509E-16));
#13512=CARTESIAN_POINT('Origin',(2.,-1.075,0.62369905660283));
#13513=CARTESIAN_POINT('',(1.95,-1.075,2.38697950294409E-16));
#13514=CARTESIAN_POINT('',(1.95,-1.075,0.62369905660283));
#13515=CARTESIAN_POINT('',(2.,-1.075,4.55538384791509E-16));
#13516=CARTESIAN_POINT('Origin',(1.95,-1.075,0.62369905660283));
#13517=CARTESIAN_POINT('',(1.9,-1.125,2.13660108124477E-16));
#13518=CARTESIAN_POINT('',(1.9,-1.125,0.62369905660283));
#13519=CARTESIAN_POINT('',(1.95,-1.075,2.38697950294409E-16));
#13520=CARTESIAN_POINT('Origin',(1.9,-1.125,0.62369905660283));
#13521=CARTESIAN_POINT('',(1.72500000000001,-1.125,4.66640615037761E-16));
#13522=CARTESIAN_POINT('',(1.72500000000001,-1.125,0.62369905660283));
#13523=CARTESIAN_POINT('',(1.9,-1.125,4.66640615037762E-16));
#13524=CARTESIAN_POINT('Origin',(1.72500000000001,-1.,0.62369905660283));
#13525=CARTESIAN_POINT('',(1.72500000000001,-0.875,4.11129463806503E-16));
#13526=CARTESIAN_POINT('Origin',(1.72500000000001,-1.,4.38885039422133E-16));
#13527=CARTESIAN_POINT('',(1.72500000000001,-0.875000000000001,0.62369905660283));
#13528=CARTESIAN_POINT('Origin',(1.9,-0.874999999999998,0.62369905660283));
#13529=CARTESIAN_POINT('',(1.9,-0.874999999999998,4.11129463806503E-16));
#13530=CARTESIAN_POINT('Origin',(1.72500000000001,-1.,4.38885039422133E-16));
#13531=CARTESIAN_POINT('Origin',(-0.999999999999999,-1.725,0.152000000000001));
#13532=CARTESIAN_POINT('',(-0.924999999999999,1.95,0.152));
#13533=CARTESIAN_POINT('',(-0.875,1.9,0.152));
#13534=CARTESIAN_POINT('',(-0.925,1.95,0.152));
#13535=CARTESIAN_POINT('',(-0.924999999999999,2.,0.152));
#13536=CARTESIAN_POINT('',(-0.924999999999999,-1.725,0.152000000000001));
#13537=CARTESIAN_POINT('',(-1.075,2.,0.152));
#13538=CARTESIAN_POINT('',(-0.999999999999999,2.,0.152));
#13539=CARTESIAN_POINT('',(-1.075,1.95,0.152));
#13540=CARTESIAN_POINT('',(-1.075,-1.725,0.152000000000001));
#13541=CARTESIAN_POINT('',(-1.125,1.9,0.152));
#13542=CARTESIAN_POINT('',(-1.125,1.9,0.152));
#13543=CARTESIAN_POINT('',(-1.125,1.725,0.152));
#13544=CARTESIAN_POINT('',(-1.125,-1.725,0.152000000000001));
#13545=CARTESIAN_POINT('',(-0.875,1.725,0.152));
#13546=CARTESIAN_POINT('Origin',(-0.999999999999999,1.725,0.152));
#13547=CARTESIAN_POINT('',(-0.875,-1.725,0.152000000000001));
#13548=CARTESIAN_POINT('Origin',(-0.875,1.9,0.62369905660283));
#13549=CARTESIAN_POINT('',(-0.875,1.725,-1.66186508998578E-16));
#13550=CARTESIAN_POINT('',(-0.875,1.725,0.62369905660283));
#13551=CARTESIAN_POINT('',(-0.875,1.9,-2.05044314860459E-16));
#13552=CARTESIAN_POINT('',(-0.875,1.9,-2.05044314860459E-16));
#13553=CARTESIAN_POINT('',(-0.875,1.9,0.62369905660283));
#13554=CARTESIAN_POINT('Origin',(-0.925,1.95,0.62369905660283));
#13555=CARTESIAN_POINT('',(-0.925,1.95,-2.1614654510671E-16));
#13556=CARTESIAN_POINT('',(-0.925,1.95,-2.1614654510671E-16));
#13557=CARTESIAN_POINT('',(-0.925,1.95,0.62369905660283));
#13558=CARTESIAN_POINT('Origin',(-0.924999999999999,2.,0.62369905660283));
#13559=CARTESIAN_POINT('',(-0.924999999999999,2.,-2.27248775352962E-16));
#13560=CARTESIAN_POINT('',(-0.924999999999999,2.,-2.27248775352962E-16));
#13561=CARTESIAN_POINT('',(-0.924999999999999,2.,0.62369905660283));
#13562=CARTESIAN_POINT('Origin',(-0.924999999999999,2.,0.62369905660283));
#13563=CARTESIAN_POINT('',(-1.075,2.,-2.27248775352962E-16));
#13564=CARTESIAN_POINT('',(-0.924999999999999,2.,-2.27248775352962E-16));
#13565=CARTESIAN_POINT('',(-1.075,2.,0.62369905660283));
#13566=CARTESIAN_POINT('Origin',(-1.075,2.,0.62369905660283));
#13567=CARTESIAN_POINT('',(-1.075,1.95,-2.1614654510671E-16));
#13568=CARTESIAN_POINT('',(-1.075,2.,-2.27248775352962E-16));
#13569=CARTESIAN_POINT('',(-1.075,1.95,0.62369905660283));
#13570=CARTESIAN_POINT('Origin',(-1.075,1.95,0.62369905660283));
#13571=CARTESIAN_POINT('',(-1.125,1.9,-2.05044314860459E-16));
#13572=CARTESIAN_POINT('',(-1.075,1.95,-2.1614654510671E-16));
#13573=CARTESIAN_POINT('',(-1.125,1.9,0.62369905660283));
#13574=CARTESIAN_POINT('Origin',(-1.125,1.9,0.62369905660283));
#13575=CARTESIAN_POINT('',(-1.125,1.725,-1.66186508998578E-16));
#13576=CARTESIAN_POINT('',(-1.125,1.9,-2.05044314860459E-16));
#13577=CARTESIAN_POINT('',(-1.125,1.725,0.62369905660283));
#13578=CARTESIAN_POINT('Origin',(-0.999999999999999,1.725,0.62369905660283));
#13579=CARTESIAN_POINT('Origin',(-0.999999999999999,1.725,-1.66186508998578E-16));
#13580=CARTESIAN_POINT('Origin',(-0.999999999999999,1.725,-1.66186508998578E-16));
#13581=CARTESIAN_POINT('Origin',(-0.999999999999999,-1.725,0.623699056602831));
#13582=CARTESIAN_POINT('',(-1.125,-1.725,0.152000000000001));
#13583=CARTESIAN_POINT('',(-0.875,-1.725,0.152000000000001));
#13584=CARTESIAN_POINT('Origin',(-0.999999999999999,-1.725,0.152000000000001));
#13585=CARTESIAN_POINT('',(-0.875,-1.725,5.9986737799278E-16));
#13586=CARTESIAN_POINT('',(-0.875,-1.725,0.623699056602831));
#13587=CARTESIAN_POINT('',(-1.125,-1.725,5.9986737799278E-16));
#13588=CARTESIAN_POINT('Origin',(-0.999999999999999,-1.725,5.9986737799278E-16));
#13589=CARTESIAN_POINT('',(-1.125,-1.725,0.623699056602831));
#13590=CARTESIAN_POINT('Origin',(-0.999999999999999,-1.725,0.152000000000001));
#13591=CARTESIAN_POINT('',(-1.075,-1.95,0.152000000000001));
#13592=CARTESIAN_POINT('',(-1.125,-1.9,0.152000000000001));
#13593=CARTESIAN_POINT('',(-1.075,-1.95,0.152000000000001));
#13594=CARTESIAN_POINT('',(-1.075,-2.,0.152000000000001));
#13595=CARTESIAN_POINT('',(-1.075,-1.725,0.152000000000001));
#13596=CARTESIAN_POINT('',(-0.925,-2.,0.152000000000001));
#13597=CARTESIAN_POINT('',(-0.999999999999999,-2.,0.152000000000001));
#13598=CARTESIAN_POINT('',(-0.925,-1.95,0.152000000000001));
#13599=CARTESIAN_POINT('',(-0.925,-1.725,0.152000000000001));
#13600=CARTESIAN_POINT('',(-0.875,-1.9,0.152000000000001));
#13601=CARTESIAN_POINT('',(-0.875,-1.9,0.152000000000001));
#13602=CARTESIAN_POINT('',(-0.875,-1.725,0.152000000000001));
#13603=CARTESIAN_POINT('',(-1.125,-1.725,0.152000000000001));
#13604=CARTESIAN_POINT('Origin',(-1.125,-1.9,0.623699056602831));
#13605=CARTESIAN_POINT('',(-1.125,-1.9,6.3872518385466E-16));
#13606=CARTESIAN_POINT('',(-1.125,-1.9,6.3872518385466E-16));
#13607=CARTESIAN_POINT('',(-1.125,-1.9,0.623699056602831));
#13608=CARTESIAN_POINT('Origin',(-1.075,-1.95,0.623699056602831));
#13609=CARTESIAN_POINT('',(-1.075,-1.95,6.49827414100912E-16));
#13610=CARTESIAN_POINT('',(-1.075,-1.95,6.49827414100912E-16));
#13611=CARTESIAN_POINT('',(-1.075,-1.95,0.623699056602831));
#13612=CARTESIAN_POINT('Origin',(-1.075,-2.,0.623699056602831));
#13613=CARTESIAN_POINT('',(-1.075,-2.,6.60929644347163E-16));
#13614=CARTESIAN_POINT('',(-1.075,-2.,6.60929644347163E-16));
#13615=CARTESIAN_POINT('',(-1.075,-2.,0.623699056602831));
#13616=CARTESIAN_POINT('Origin',(-0.924999999999999,-2.,0.623699056602831));
#13617=CARTESIAN_POINT('',(-0.924999999999999,-2.,6.60929644347163E-16));
#13618=CARTESIAN_POINT('',(-0.924999999999999,-2.,6.60929644347163E-16));
#13619=CARTESIAN_POINT('',(-0.924999999999999,-2.,0.623699056602831));
#13620=CARTESIAN_POINT('Origin',(-0.924999999999999,-2.,0.623699056602831));
#13621=CARTESIAN_POINT('',(-0.925,-1.95,6.49827414100912E-16));
#13622=CARTESIAN_POINT('',(-0.924999999999999,-2.,6.60929644347163E-16));
#13623=CARTESIAN_POINT('',(-0.925,-1.95,0.623699056602831));
#13624=CARTESIAN_POINT('Origin',(-0.925,-1.95,0.623699056602831));
#13625=CARTESIAN_POINT('',(-0.875,-1.9,6.3872518385466E-16));
#13626=CARTESIAN_POINT('',(-0.925,-1.95,6.49827414100912E-16));
#13627=CARTESIAN_POINT('',(-0.875,-1.9,0.623699056602831));
#13628=CARTESIAN_POINT('Origin',(-0.875,-1.9,0.623699056602831));
#13629=CARTESIAN_POINT('',(-0.875,-1.9,6.3872518385466E-16));
#13630=CARTESIAN_POINT('Origin',(-0.999999999999999,-1.725,5.9986737799278E-16));
#13631=CARTESIAN_POINT('Origin',(-0.999999999999999,1.725,0.152));
#13632=CARTESIAN_POINT('',(-2.,0.925,0.152));
#13633=CARTESIAN_POINT('',(-1.95,0.925,0.152));
#13634=CARTESIAN_POINT('',(-0.999999999999999,0.925,0.152));
#13635=CARTESIAN_POINT('',(-1.9,0.874999999999999,0.152));
#13636=CARTESIAN_POINT('',(-1.95,0.925,0.152));
#13637=CARTESIAN_POINT('',(-1.72500000000001,0.874999999999998,0.152));
#13638=CARTESIAN_POINT('',(-0.999999999999999,0.874999999999999,0.152));
#13639=CARTESIAN_POINT('',(-1.72500000000001,1.125,0.152));
#13640=CARTESIAN_POINT('Origin',(-1.72500000000001,0.999999999999998,0.152));
#13641=CARTESIAN_POINT('',(-1.9,1.125,0.152));
#13642=CARTESIAN_POINT('',(-0.999999999999999,1.125,0.152));
#13643=CARTESIAN_POINT('',(-1.95,1.075,0.152));
#13644=CARTESIAN_POINT('',(-1.9,1.125,0.152));
#13645=CARTESIAN_POINT('',(-2.,1.075,0.152));
#13646=CARTESIAN_POINT('',(-0.999999999999999,1.075,0.152));
#13647=CARTESIAN_POINT('',(-2.,1.725,0.152));
#13648=CARTESIAN_POINT('Origin',(-1.95,0.925,0.62369905660283));
#13649=CARTESIAN_POINT('',(-1.95,0.925,-6.98659879949659E-17));
#13650=CARTESIAN_POINT('',(-1.95,0.925,0.62369905660283));
#13651=CARTESIAN_POINT('',(-1.9,0.874999999999999,-1.94289029309402E-16));
#13652=CARTESIAN_POINT('',(-1.95,0.925,-2.05391259555654E-16));
#13653=CARTESIAN_POINT('',(-1.9,0.874999999999999,0.62369905660283));
#13654=CARTESIAN_POINT('Origin',(-2.,0.925,0.62369905660283));
#13655=CARTESIAN_POINT('',(-2.,0.925,1.14491749414469E-17));
#13656=CARTESIAN_POINT('',(-2.,0.925,0.62369905660283));
#13657=CARTESIAN_POINT('',(-2.,0.925,1.14491749414469E-17));
#13658=CARTESIAN_POINT('Origin',(-2.,0.925,0.62369905660283));
#13659=CARTESIAN_POINT('',(-2.,1.075,-2.18575157973078E-17));
#13660=CARTESIAN_POINT('',(-2.,1.075,0.62369905660283));
#13661=CARTESIAN_POINT('',(-2.,0.925,1.14491749414469E-17));
#13662=CARTESIAN_POINT('Origin',(-2.,1.075,0.62369905660283));
#13663=CARTESIAN_POINT('',(-1.95,1.075,-2.38697950294409E-16));
#13664=CARTESIAN_POINT('',(-1.95,1.075,0.62369905660283));
#13665=CARTESIAN_POINT('',(-2.,1.075,-2.18575157973078E-17));
#13666=CARTESIAN_POINT('Origin',(-1.95,1.075,0.62369905660283));
#13667=CARTESIAN_POINT('',(-1.9,1.125,-2.85940252956844E-16));
#13668=CARTESIAN_POINT('',(-1.9,1.125,0.62369905660283));
#13669=CARTESIAN_POINT('',(-1.95,1.075,-2.38697950294409E-16));
#13670=CARTESIAN_POINT('Origin',(-1.9,1.125,0.62369905660283));
#13671=CARTESIAN_POINT('',(-1.72500000000001,1.125,-3.29597460435596E-17));
#13672=CARTESIAN_POINT('',(-1.72500000000001,1.125,0.62369905660283));
#13673=CARTESIAN_POINT('',(-1.9,1.125,-3.29597460435597E-17));
#13674=CARTESIAN_POINT('Origin',(-1.72500000000001,0.999999999999998,0.62369905660283));
#13675=CARTESIAN_POINT('',(-1.72500000000001,0.874999999999998,2.2551405187699E-17));
#13676=CARTESIAN_POINT('Origin',(-1.72500000000001,0.999999999999998,-5.20417042792997E-18));
#13677=CARTESIAN_POINT('',(-1.72500000000001,0.874999999999997,0.62369905660283));
#13678=CARTESIAN_POINT('Origin',(-1.9,0.874999999999999,0.62369905660283));
#13679=CARTESIAN_POINT('',(-1.9,0.874999999999999,2.25514051876988E-17));
#13680=CARTESIAN_POINT('Origin',(-1.72500000000001,0.999999999999998,-5.20417042792997E-18));
#13681=CARTESIAN_POINT('Origin',(1.72500000000001,0.999999999999997,-5.20417042792979E-18));
#13682=CARTESIAN_POINT('',(1.9,1.125,-3.29597460435597E-17));
#13683=CARTESIAN_POINT('',(1.72500000000001,1.125,-3.29597460435594E-17));
#13684=CARTESIAN_POINT('',(1.72500000000001,1.125,-3.29597460435597E-17));
#13685=CARTESIAN_POINT('',(1.95,1.075,-9.41376606296748E-17));
#13686=CARTESIAN_POINT('',(1.95,1.075,-2.18575157973078E-17));
#13687=CARTESIAN_POINT('',(2.,1.075,-2.18575157973078E-17));
#13688=CARTESIAN_POINT('',(1.72500000000001,1.075,-2.18575157973078E-17));
#13689=CARTESIAN_POINT('',(2.,0.925,1.14491749414469E-17));
#13690=CARTESIAN_POINT('',(2.,0.999999999999997,-5.20417042792979E-18));
#13691=CARTESIAN_POINT('',(1.95,0.925,1.14491749414469E-17));
#13692=CARTESIAN_POINT('',(1.72500000000001,0.925,1.14491749414469E-17));
#13693=CARTESIAN_POINT('',(1.9,0.874999999999999,-4.97287396446682E-17));
#13694=CARTESIAN_POINT('',(1.9,0.874999999999999,2.25514051876988E-17));
#13695=CARTESIAN_POINT('',(1.72500000000001,0.874999999999997,2.25514051876991E-17));
#13696=CARTESIAN_POINT('',(1.72500000000001,0.874999999999999,2.25514051876988E-17));
#13697=CARTESIAN_POINT('Origin',(1.72500000000001,0.999999999999997,-5.20417042792979E-18));
#13698=CARTESIAN_POINT('Origin',(1.72500000000001,0.999999999999997,0.62369905660283));
#13699=CARTESIAN_POINT('',(1.72500000000001,0.874999999999997,0.152));
#13700=CARTESIAN_POINT('',(1.72500000000001,0.874999999999996,0.62369905660283));
#13701=CARTESIAN_POINT('',(1.72500000000001,1.125,0.152));
#13702=CARTESIAN_POINT('Origin',(1.72500000000001,0.999999999999997,0.152));
#13703=CARTESIAN_POINT('',(1.72500000000001,1.125,0.62369905660283));
#13704=CARTESIAN_POINT('Origin',(1.9,1.125,0.62369905660283));
#13705=CARTESIAN_POINT('',(1.9,1.125,0.152));
#13706=CARTESIAN_POINT('',(1.9,1.125,0.62369905660283));
#13707=CARTESIAN_POINT('',(1.9,1.125,0.152));
#13708=CARTESIAN_POINT('Origin',(1.95,1.075,0.62369905660283));
#13709=CARTESIAN_POINT('',(1.95,1.075,0.152));
#13710=CARTESIAN_POINT('',(1.95,1.075,0.62369905660283));
#13711=CARTESIAN_POINT('',(1.95,1.075,0.152));
#13712=CARTESIAN_POINT('Origin',(2.,1.075,0.62369905660283));
#13713=CARTESIAN_POINT('',(2.,1.075,0.152));
#13714=CARTESIAN_POINT('',(2.,1.075,0.62369905660283));
#13715=CARTESIAN_POINT('',(2.,1.075,0.152));
#13716=CARTESIAN_POINT('Origin',(2.,0.925,0.62369905660283));
#13717=CARTESIAN_POINT('',(2.,0.925,0.152));
#13718=CARTESIAN_POINT('',(2.,0.925,0.62369905660283));
#13719=CARTESIAN_POINT('',(2.,0.925,0.152));
#13720=CARTESIAN_POINT('Origin',(2.,0.925,0.62369905660283));
#13721=CARTESIAN_POINT('',(1.95,0.925,0.152));
#13722=CARTESIAN_POINT('',(1.95,0.925,0.62369905660283));
#13723=CARTESIAN_POINT('',(2.,0.925,0.152));
#13724=CARTESIAN_POINT('Origin',(1.95,0.925,0.62369905660283));
#13725=CARTESIAN_POINT('',(1.9,0.874999999999999,0.152));
#13726=CARTESIAN_POINT('',(1.9,0.874999999999999,0.62369905660283));
#13727=CARTESIAN_POINT('',(1.95,0.925,0.152));
#13728=CARTESIAN_POINT('Origin',(1.9,0.874999999999999,0.62369905660283));
#13729=CARTESIAN_POINT('',(1.9,0.874999999999999,0.152));
#13730=CARTESIAN_POINT('Origin',(-0.999999999999999,1.725,0.152));
#13731=CARTESIAN_POINT('Origin',(-0.499999999999999,1.725,-1.66186508998578E-16));
#13732=CARTESIAN_POINT('',(-0.624999999999999,1.9,-2.05044314860459E-16));
#13733=CARTESIAN_POINT('',(-0.624999999999999,1.725,-1.66186508998578E-16));
#13734=CARTESIAN_POINT('',(-0.624999999999999,1.725,-1.66186508998578E-16));
#13735=CARTESIAN_POINT('',(-0.574999999999999,1.95,-2.1614654510671E-16));
#13736=CARTESIAN_POINT('',(-0.574999999999999,1.95,-2.1614654510671E-16));
#13737=CARTESIAN_POINT('',(-0.574999999999999,2.,-2.27248775352962E-16));
#13738=CARTESIAN_POINT('',(-0.574999999999999,1.725,-1.66186508998578E-16));
#13739=CARTESIAN_POINT('',(-0.424999999999999,2.,-2.27248775352962E-16));
#13740=CARTESIAN_POINT('',(-0.499999999999999,2.,-2.27248775352962E-16));
#13741=CARTESIAN_POINT('',(-0.425,1.95,-2.1614654510671E-16));
#13742=CARTESIAN_POINT('',(-0.425,1.725,-1.66186508998578E-16));
#13743=CARTESIAN_POINT('',(-0.374999999999999,1.9,-2.05044314860459E-16));
#13744=CARTESIAN_POINT('',(-0.374999999999999,1.9,-2.05044314860459E-16));
#13745=CARTESIAN_POINT('',(-0.374999999999999,1.725,-1.66186508998578E-16));
#13746=CARTESIAN_POINT('',(-0.374999999999999,1.725,-1.66186508998578E-16));
#13747=CARTESIAN_POINT('Origin',(-0.499999999999999,1.725,-1.66186508998578E-16));
#13748=CARTESIAN_POINT('Origin',(-0.499999999999999,1.725,0.62369905660283));
#13749=CARTESIAN_POINT('',(-0.624999999999999,1.725,0.152));
#13750=CARTESIAN_POINT('',(-0.624999999999999,1.725,0.62369905660283));
#13751=CARTESIAN_POINT('',(-0.374999999999999,1.725,0.152));
#13752=CARTESIAN_POINT('',(-0.374999999999999,1.725,0.62369905660283));
#13753=CARTESIAN_POINT('Origin',(-0.499999999999999,1.725,0.152));
#13754=CARTESIAN_POINT('Origin',(-0.624999999999999,1.9,0.62369905660283));
#13755=CARTESIAN_POINT('',(-0.624999999999999,1.9,0.152));
#13756=CARTESIAN_POINT('',(-0.624999999999999,1.9,0.152));
#13757=CARTESIAN_POINT('',(-0.624999999999999,1.9,0.62369905660283));
#13758=CARTESIAN_POINT('Origin',(-0.574999999999999,1.95,0.62369905660283));
#13759=CARTESIAN_POINT('',(-0.574999999999999,1.95,0.152));
#13760=CARTESIAN_POINT('',(-0.574999999999999,1.95,0.152));
#13761=CARTESIAN_POINT('',(-0.574999999999999,1.95,0.62369905660283));
#13762=CARTESIAN_POINT('Origin',(-0.574999999999999,2.,0.62369905660283));
#13763=CARTESIAN_POINT('',(-0.574999999999999,2.,0.152));
#13764=CARTESIAN_POINT('',(-0.574999999999999,2.,0.152));
#13765=CARTESIAN_POINT('',(-0.574999999999999,2.,0.62369905660283));
#13766=CARTESIAN_POINT('Origin',(-0.424999999999999,2.,0.62369905660283));
#13767=CARTESIAN_POINT('',(-0.424999999999999,2.,0.152));
#13768=CARTESIAN_POINT('',(-0.424999999999999,2.,0.152));
#13769=CARTESIAN_POINT('',(-0.424999999999999,2.,0.62369905660283));
#13770=CARTESIAN_POINT('Origin',(-0.424999999999999,2.,0.62369905660283));
#13771=CARTESIAN_POINT('',(-0.425,1.95,0.152));
#13772=CARTESIAN_POINT('',(-0.424999999999999,2.,0.152));
#13773=CARTESIAN_POINT('',(-0.425,1.95,0.62369905660283));
#13774=CARTESIAN_POINT('Origin',(-0.425,1.95,0.62369905660283));
#13775=CARTESIAN_POINT('',(-0.374999999999999,1.9,0.152));
#13776=CARTESIAN_POINT('',(-0.425,1.95,0.152));
#13777=CARTESIAN_POINT('',(-0.374999999999999,1.9,0.62369905660283));
#13778=CARTESIAN_POINT('Origin',(-0.374999999999999,1.9,0.62369905660283));
#13779=CARTESIAN_POINT('',(-0.374999999999999,1.9,0.152));
#13780=CARTESIAN_POINT('Origin',(-0.999999999999999,-1.725,0.152000000000001));
#13781=CARTESIAN_POINT('Origin',(-0.499999999999999,-1.725,0.623699056602831));
#13782=CARTESIAN_POINT('',(-0.624999999999999,-1.725,0.152000000000001));
#13783=CARTESIAN_POINT('',(-0.374999999999999,-1.725,0.152000000000001));
#13784=CARTESIAN_POINT('Origin',(-0.499999999999999,-1.725,0.152000000000001));
#13785=CARTESIAN_POINT('',(-0.374999999999999,-1.725,5.9986737799278E-16));
#13786=CARTESIAN_POINT('',(-0.374999999999999,-1.725,0.623699056602831));
#13787=CARTESIAN_POINT('',(-0.624999999999999,-1.725,5.9986737799278E-16));
#13788=CARTESIAN_POINT('Origin',(-0.499999999999999,-1.725,5.9986737799278E-16));
#13789=CARTESIAN_POINT('',(-0.624999999999999,-1.725,0.623699056602831));
#13790=CARTESIAN_POINT('Origin',(-0.499999999999999,-1.725,5.9986737799278E-16));
#13791=CARTESIAN_POINT('',(-0.624999999999999,-1.9,6.3872518385466E-16));
#13792=CARTESIAN_POINT('',(-0.624999999999999,-1.725,5.9986737799278E-16));
#13793=CARTESIAN_POINT('',(-0.374999999999999,-1.9,6.3872518385466E-16));
#13794=CARTESIAN_POINT('',(-0.374999999999999,-1.725,5.9986737799278E-16));
#13795=CARTESIAN_POINT('',(-0.425,-1.95,6.49827414100912E-16));
#13796=CARTESIAN_POINT('',(-0.374999999999999,-1.9,6.3872518385466E-16));
#13797=CARTESIAN_POINT('',(-0.424999999999999,-2.,6.60929644347163E-16));
#13798=CARTESIAN_POINT('',(-0.425,-1.725,5.9986737799278E-16));
#13799=CARTESIAN_POINT('',(-0.574999999999999,-2.,6.60929644347163E-16));
#13800=CARTESIAN_POINT('',(-0.499999999999999,-2.,6.60929644347163E-16));
#13801=CARTESIAN_POINT('',(-0.574999999999999,-1.95,6.49827414100912E-16));
#13802=CARTESIAN_POINT('',(-0.574999999999999,-1.725,5.9986737799278E-16));
#13803=CARTESIAN_POINT('',(-0.574999999999999,-1.95,6.49827414100912E-16));
#13804=CARTESIAN_POINT('Origin',(-0.624999999999999,-1.9,0.623699056602831));
#13805=CARTESIAN_POINT('',(-0.624999999999999,-1.9,0.152000000000001));
#13806=CARTESIAN_POINT('',(-0.624999999999999,-1.9,0.152000000000001));
#13807=CARTESIAN_POINT('',(-0.624999999999999,-1.9,0.623699056602831));
#13808=CARTESIAN_POINT('Origin',(-0.574999999999999,-1.95,0.623699056602831));
#13809=CARTESIAN_POINT('',(-0.574999999999999,-1.95,0.152000000000001));
#13810=CARTESIAN_POINT('',(-0.574999999999999,-1.95,0.152000000000001));
#13811=CARTESIAN_POINT('',(-0.574999999999999,-1.95,0.623699056602831));
#13812=CARTESIAN_POINT('Origin',(-0.574999999999999,-2.,0.623699056602831));
#13813=CARTESIAN_POINT('',(-0.574999999999999,-2.,0.152000000000001));
#13814=CARTESIAN_POINT('',(-0.574999999999999,-2.,0.152000000000001));
#13815=CARTESIAN_POINT('',(-0.574999999999999,-2.,0.623699056602831));
#13816=CARTESIAN_POINT('Origin',(-0.424999999999999,-2.,0.623699056602831));
#13817=CARTESIAN_POINT('',(-0.424999999999999,-2.,0.152000000000001));
#13818=CARTESIAN_POINT('',(-0.424999999999999,-2.,0.152000000000001));
#13819=CARTESIAN_POINT('',(-0.424999999999999,-2.,0.623699056602831));
#13820=CARTESIAN_POINT('Origin',(-0.424999999999999,-2.,0.623699056602831));
#13821=CARTESIAN_POINT('',(-0.425,-1.95,0.152000000000001));
#13822=CARTESIAN_POINT('',(-0.424999999999999,-2.,0.152000000000001));
#13823=CARTESIAN_POINT('',(-0.425,-1.95,0.623699056602831));
#13824=CARTESIAN_POINT('Origin',(-0.425,-1.95,0.623699056602831));
#13825=CARTESIAN_POINT('',(-0.374999999999999,-1.9,0.152000000000001));
#13826=CARTESIAN_POINT('',(-0.425,-1.95,0.152000000000001));
#13827=CARTESIAN_POINT('',(-0.374999999999999,-1.9,0.623699056602831));
#13828=CARTESIAN_POINT('Origin',(-0.374999999999999,-1.9,0.623699056602831));
#13829=CARTESIAN_POINT('',(-0.374999999999999,-1.9,0.152000000000001));
#13830=CARTESIAN_POINT('Origin',(-0.999999999999999,-1.725,0.152000000000001));
#13831=CARTESIAN_POINT('Origin',(8.67361737988404E-16,1.725,-1.66186508998578E-16));
#13832=CARTESIAN_POINT('',(-0.124999999999999,1.9,-2.05044314860459E-16));
#13833=CARTESIAN_POINT('',(-0.124999999999999,1.725,-1.66186508998578E-16));
#13834=CARTESIAN_POINT('',(-0.124999999999999,1.725,-1.66186508998578E-16));
#13835=CARTESIAN_POINT('',(-0.074999999999999,1.95,-2.1614654510671E-16));
#13836=CARTESIAN_POINT('',(-0.0749999999999987,1.95,-2.1614654510671E-16));
#13837=CARTESIAN_POINT('',(-0.0749999999999991,2.,-2.27248775352962E-16));
#13838=CARTESIAN_POINT('',(-0.0749999999999991,1.725,-1.66186508998578E-16));
#13839=CARTESIAN_POINT('',(0.0750000000000006,2.,-2.27248775352962E-16));
#13840=CARTESIAN_POINT('',(8.67361737988404E-16,2.,-2.27248775352962E-16));
#13841=CARTESIAN_POINT('',(0.0750000000000004,1.95,-2.1614654510671E-16));
#13842=CARTESIAN_POINT('',(0.0750000000000004,1.725,-1.66186508998578E-16));
#13843=CARTESIAN_POINT('',(0.125000000000001,1.9,-2.05044314860459E-16));
#13844=CARTESIAN_POINT('',(0.125000000000001,1.9,-2.05044314860459E-16));
#13845=CARTESIAN_POINT('',(0.125000000000001,1.725,-1.66186508998578E-16));
#13846=CARTESIAN_POINT('',(0.125000000000001,1.725,-1.66186508998578E-16));
#13847=CARTESIAN_POINT('Origin',(8.67361737988404E-16,1.725,-1.66186508998578E-16));
#13848=CARTESIAN_POINT('Origin',(8.67361737988404E-16,1.725,0.62369905660283));
#13849=CARTESIAN_POINT('',(-0.124999999999999,1.725,0.152));
#13850=CARTESIAN_POINT('',(-0.124999999999999,1.725,0.62369905660283));
#13851=CARTESIAN_POINT('',(0.125000000000001,1.725,0.152));
#13852=CARTESIAN_POINT('',(0.125000000000001,1.725,0.62369905660283));
#13853=CARTESIAN_POINT('Origin',(8.67361737988404E-16,1.725,0.152));
#13854=CARTESIAN_POINT('Origin',(-0.124999999999999,1.9,0.62369905660283));
#13855=CARTESIAN_POINT('',(-0.124999999999999,1.9,0.152));
#13856=CARTESIAN_POINT('',(-0.124999999999999,1.9,0.152));
#13857=CARTESIAN_POINT('',(-0.124999999999999,1.9,0.62369905660283));
#13858=CARTESIAN_POINT('Origin',(-0.0749999999999987,1.95,0.62369905660283));
#13859=CARTESIAN_POINT('',(-0.0749999999999987,1.95,0.152));
#13860=CARTESIAN_POINT('',(-0.0749999999999987,1.95,0.152));
#13861=CARTESIAN_POINT('',(-0.0749999999999987,1.95,0.62369905660283));
#13862=CARTESIAN_POINT('Origin',(-0.0749999999999991,2.,0.62369905660283));
#13863=CARTESIAN_POINT('',(-0.0749999999999991,2.,0.152));
#13864=CARTESIAN_POINT('',(-0.0749999999999991,2.,0.152));
#13865=CARTESIAN_POINT('',(-0.0749999999999991,2.,0.62369905660283));
#13866=CARTESIAN_POINT('Origin',(0.0750000000000008,2.,0.62369905660283));
#13867=CARTESIAN_POINT('',(0.0750000000000008,2.,0.152));
#13868=CARTESIAN_POINT('',(0.0750000000000008,2.,0.152));
#13869=CARTESIAN_POINT('',(0.0750000000000008,2.,0.62369905660283));
#13870=CARTESIAN_POINT('Origin',(0.0750000000000008,2.,0.62369905660283));
#13871=CARTESIAN_POINT('',(0.0750000000000004,1.95,0.152));
#13872=CARTESIAN_POINT('',(0.0750000000000008,2.,0.152));
#13873=CARTESIAN_POINT('',(0.0750000000000004,1.95,0.62369905660283));
#13874=CARTESIAN_POINT('Origin',(0.0750000000000004,1.95,0.62369905660283));
#13875=CARTESIAN_POINT('',(0.125000000000001,1.9,0.152));
#13876=CARTESIAN_POINT('',(0.0750000000000004,1.95,0.152));
#13877=CARTESIAN_POINT('',(0.125000000000001,1.9,0.62369905660283));
#13878=CARTESIAN_POINT('Origin',(0.125000000000001,1.9,0.62369905660283));
#13879=CARTESIAN_POINT('',(0.125000000000001,1.9,0.152));
#13880=CARTESIAN_POINT('Origin',(-0.999999999999999,-1.725,0.152000000000001));
#13881=CARTESIAN_POINT('Origin',(8.67361737988404E-16,-1.725,0.623699056602831));
#13882=CARTESIAN_POINT('',(-0.124999999999999,-1.725,0.152000000000001));
#13883=CARTESIAN_POINT('',(0.125000000000001,-1.725,0.152000000000001));
#13884=CARTESIAN_POINT('Origin',(8.67361737988404E-16,-1.725,0.152000000000001));
#13885=CARTESIAN_POINT('',(0.125000000000001,-1.725,5.9986737799278E-16));
#13886=CARTESIAN_POINT('',(0.125000000000001,-1.725,0.623699056602831));
#13887=CARTESIAN_POINT('',(-0.124999999999999,-1.725,5.9986737799278E-16));
#13888=CARTESIAN_POINT('Origin',(8.67361737988404E-16,-1.725,5.9986737799278E-16));
#13889=CARTESIAN_POINT('',(-0.124999999999999,-1.725,0.623699056602831));
#13890=CARTESIAN_POINT('Origin',(8.67361737988404E-16,-1.725,5.9986737799278E-16));
#13891=CARTESIAN_POINT('',(-0.124999999999999,-1.9,6.3872518385466E-16));
#13892=CARTESIAN_POINT('',(-0.124999999999999,-1.725,5.9986737799278E-16));
#13893=CARTESIAN_POINT('',(0.125000000000001,-1.9,6.3872518385466E-16));
#13894=CARTESIAN_POINT('',(0.125000000000001,-1.725,5.9986737799278E-16));
#13895=CARTESIAN_POINT('',(0.0750000000000004,-1.95,6.49827414100912E-16));
#13896=CARTESIAN_POINT('',(0.125000000000001,-1.9,6.3872518385466E-16));
#13897=CARTESIAN_POINT('',(0.0750000000000006,-2.,6.60929644347163E-16));
#13898=CARTESIAN_POINT('',(0.0750000000000004,-1.725,5.9986737799278E-16));
#13899=CARTESIAN_POINT('',(-0.0749999999999991,-2.,6.60929644347163E-16));
#13900=CARTESIAN_POINT('',(8.67361737988404E-16,-2.,6.60929644347163E-16));
#13901=CARTESIAN_POINT('',(-0.074999999999999,-1.95,6.49827414100912E-16));
#13902=CARTESIAN_POINT('',(-0.0749999999999991,-1.725,5.9986737799278E-16));
#13903=CARTESIAN_POINT('',(-0.0749999999999987,-1.95,6.49827414100912E-16));
#13904=CARTESIAN_POINT('Origin',(-0.124999999999999,-1.9,0.623699056602831));
#13905=CARTESIAN_POINT('',(-0.124999999999999,-1.9,0.152000000000001));
#13906=CARTESIAN_POINT('',(-0.124999999999999,-1.9,0.152000000000001));
#13907=CARTESIAN_POINT('',(-0.124999999999999,-1.9,0.623699056602831));
#13908=CARTESIAN_POINT('Origin',(-0.0749999999999987,-1.95,0.623699056602831));
#13909=CARTESIAN_POINT('',(-0.0749999999999987,-1.95,0.152000000000001));
#13910=CARTESIAN_POINT('',(-0.0749999999999987,-1.95,0.152000000000001));
#13911=CARTESIAN_POINT('',(-0.0749999999999987,-1.95,0.623699056602831));
#13912=CARTESIAN_POINT('Origin',(-0.0749999999999991,-2.,0.623699056602831));
#13913=CARTESIAN_POINT('',(-0.0749999999999991,-2.,0.152000000000001));
#13914=CARTESIAN_POINT('',(-0.0749999999999991,-2.,0.152000000000001));
#13915=CARTESIAN_POINT('',(-0.0749999999999991,-2.,0.623699056602831));
#13916=CARTESIAN_POINT('Origin',(0.0750000000000008,-2.,0.623699056602831));
#13917=CARTESIAN_POINT('',(0.0750000000000008,-2.,0.152000000000001));
#13918=CARTESIAN_POINT('',(0.0750000000000008,-2.,0.152000000000001));
#13919=CARTESIAN_POINT('',(0.0750000000000008,-2.,0.623699056602831));
#13920=CARTESIAN_POINT('Origin',(0.0750000000000008,-2.,0.623699056602831));
#13921=CARTESIAN_POINT('',(0.0750000000000004,-1.95,0.152000000000001));
#13922=CARTESIAN_POINT('',(0.0750000000000008,-2.,0.152000000000001));
#13923=CARTESIAN_POINT('',(0.0750000000000004,-1.95,0.623699056602831));
#13924=CARTESIAN_POINT('Origin',(0.0750000000000004,-1.95,0.623699056602831));
#13925=CARTESIAN_POINT('',(0.125000000000001,-1.9,0.152000000000001));
#13926=CARTESIAN_POINT('',(0.0750000000000004,-1.95,0.152000000000001));
#13927=CARTESIAN_POINT('',(0.125000000000001,-1.9,0.623699056602831));
#13928=CARTESIAN_POINT('Origin',(0.125000000000001,-1.9,0.623699056602831));
#13929=CARTESIAN_POINT('',(0.125000000000001,-1.9,0.152000000000001));
#13930=CARTESIAN_POINT('Origin',(-0.999999999999999,-1.725,0.152000000000001));
#13931=CARTESIAN_POINT('Origin',(0.500000000000001,1.725,-1.66186508998578E-16));
#13932=CARTESIAN_POINT('',(0.375000000000001,1.9,-2.05044314860459E-16));
#13933=CARTESIAN_POINT('',(0.375000000000001,1.725,-1.66186508998578E-16));
#13934=CARTESIAN_POINT('',(0.375000000000001,1.725,-1.66186508998578E-16));
#13935=CARTESIAN_POINT('',(0.425000000000001,1.95,-2.1614654510671E-16));
#13936=CARTESIAN_POINT('',(0.425000000000001,1.95,-2.1614654510671E-16));
#13937=CARTESIAN_POINT('',(0.425000000000001,2.,-2.27248775352962E-16));
#13938=CARTESIAN_POINT('',(0.425000000000001,1.725,-1.66186508998578E-16));
#13939=CARTESIAN_POINT('',(0.575000000000001,2.,-2.27248775352962E-16));
#13940=CARTESIAN_POINT('',(0.500000000000001,2.,-2.27248775352962E-16));
#13941=CARTESIAN_POINT('',(0.575,1.95,-2.1614654510671E-16));
#13942=CARTESIAN_POINT('',(0.575,1.725,-1.66186508998578E-16));
#13943=CARTESIAN_POINT('',(0.625000000000001,1.9,-2.05044314860459E-16));
#13944=CARTESIAN_POINT('',(0.625000000000001,1.9,-2.05044314860459E-16));
#13945=CARTESIAN_POINT('',(0.625000000000001,1.725,-1.66186508998578E-16));
#13946=CARTESIAN_POINT('',(0.625000000000001,1.725,-1.66186508998578E-16));
#13947=CARTESIAN_POINT('Origin',(0.500000000000001,1.725,-1.66186508998578E-16));
#13948=CARTESIAN_POINT('Origin',(0.500000000000001,1.725,0.62369905660283));
#13949=CARTESIAN_POINT('',(0.375000000000001,1.725,0.152));
#13950=CARTESIAN_POINT('',(0.375000000000001,1.725,0.62369905660283));
#13951=CARTESIAN_POINT('',(0.625000000000001,1.725,0.152));
#13952=CARTESIAN_POINT('',(0.625000000000001,1.725,0.62369905660283));
#13953=CARTESIAN_POINT('Origin',(0.500000000000001,1.725,0.152));
#13954=CARTESIAN_POINT('Origin',(0.375000000000001,1.9,0.62369905660283));
#13955=CARTESIAN_POINT('',(0.375000000000001,1.9,0.152));
#13956=CARTESIAN_POINT('',(0.375000000000001,1.9,0.152));
#13957=CARTESIAN_POINT('',(0.375000000000001,1.9,0.62369905660283));
#13958=CARTESIAN_POINT('Origin',(0.425000000000001,1.95,0.62369905660283));
#13959=CARTESIAN_POINT('',(0.425000000000001,1.95,0.152));
#13960=CARTESIAN_POINT('',(0.425000000000001,1.95,0.152));
#13961=CARTESIAN_POINT('',(0.425000000000001,1.95,0.62369905660283));
#13962=CARTESIAN_POINT('Origin',(0.425000000000001,2.,0.62369905660283));
#13963=CARTESIAN_POINT('',(0.425000000000001,2.,0.152));
#13964=CARTESIAN_POINT('',(0.425000000000001,2.,0.152));
#13965=CARTESIAN_POINT('',(0.425000000000001,2.,0.62369905660283));
#13966=CARTESIAN_POINT('Origin',(0.575000000000001,2.,0.62369905660283));
#13967=CARTESIAN_POINT('',(0.575000000000001,2.,0.152));
#13968=CARTESIAN_POINT('',(0.575000000000001,2.,0.152));
#13969=CARTESIAN_POINT('',(0.575000000000001,2.,0.62369905660283));
#13970=CARTESIAN_POINT('Origin',(0.575000000000001,2.,0.62369905660283));
#13971=CARTESIAN_POINT('',(0.575,1.95,0.152));
#13972=CARTESIAN_POINT('',(0.575000000000001,2.,0.152));
#13973=CARTESIAN_POINT('',(0.575,1.95,0.62369905660283));
#13974=CARTESIAN_POINT('Origin',(0.575,1.95,0.62369905660283));
#13975=CARTESIAN_POINT('',(0.625000000000001,1.9,0.152));
#13976=CARTESIAN_POINT('',(0.575,1.95,0.152));
#13977=CARTESIAN_POINT('',(0.625000000000001,1.9,0.62369905660283));
#13978=CARTESIAN_POINT('Origin',(0.625000000000001,1.9,0.62369905660283));
#13979=CARTESIAN_POINT('',(0.625000000000001,1.9,0.152));
#13980=CARTESIAN_POINT('Origin',(-0.999999999999999,-1.725,0.152000000000001));
#13981=CARTESIAN_POINT('Origin',(0.500000000000001,-1.725,0.623699056602831));
#13982=CARTESIAN_POINT('',(0.375000000000001,-1.725,0.152000000000001));
#13983=CARTESIAN_POINT('',(0.625000000000001,-1.725,0.152000000000001));
#13984=CARTESIAN_POINT('Origin',(0.500000000000001,-1.725,0.152000000000001));
#13985=CARTESIAN_POINT('',(0.625000000000001,-1.725,5.9986737799278E-16));
#13986=CARTESIAN_POINT('',(0.625000000000001,-1.725,0.623699056602831));
#13987=CARTESIAN_POINT('',(0.375000000000001,-1.725,5.9986737799278E-16));
#13988=CARTESIAN_POINT('Origin',(0.500000000000001,-1.725,5.9986737799278E-16));
#13989=CARTESIAN_POINT('',(0.375000000000001,-1.725,0.623699056602831));
#13990=CARTESIAN_POINT('Origin',(-0.999999999999999,-1.725,0.152000000000001));
#13991=CARTESIAN_POINT('',(0.425000000000001,-1.95,0.152000000000001));
#13992=CARTESIAN_POINT('',(0.375000000000001,-1.9,0.152000000000001));
#13993=CARTESIAN_POINT('',(0.425000000000001,-1.95,0.152000000000001));
#13994=CARTESIAN_POINT('',(0.425000000000001,-2.,0.152000000000001));
#13995=CARTESIAN_POINT('',(0.425000000000001,-1.725,0.152000000000001));
#13996=CARTESIAN_POINT('',(0.575000000000001,-2.,0.152000000000001));
#13997=CARTESIAN_POINT('',(-0.999999999999999,-2.,0.152000000000001));
#13998=CARTESIAN_POINT('',(0.575,-1.95,0.152000000000001));
#13999=CARTESIAN_POINT('',(0.575,-1.725,0.152000000000001));
#14000=CARTESIAN_POINT('',(0.625000000000001,-1.9,0.152000000000001));
#14001=CARTESIAN_POINT('',(0.625000000000001,-1.9,0.152000000000001));
#14002=CARTESIAN_POINT('',(0.625000000000001,-1.725,0.152000000000001));
#14003=CARTESIAN_POINT('',(0.375000000000001,-1.725,0.152000000000001));
#14004=CARTESIAN_POINT('Origin',(0.375000000000001,-1.9,0.623699056602831));
#14005=CARTESIAN_POINT('',(0.375000000000001,-1.9,6.3872518385466E-16));
#14006=CARTESIAN_POINT('',(0.375000000000001,-1.9,6.3872518385466E-16));
#14007=CARTESIAN_POINT('',(0.375000000000001,-1.9,0.623699056602831));
#14008=CARTESIAN_POINT('Origin',(0.425000000000001,-1.95,0.623699056602831));
#14009=CARTESIAN_POINT('',(0.425000000000001,-1.95,6.49827414100912E-16));
#14010=CARTESIAN_POINT('',(0.425000000000001,-1.95,6.49827414100912E-16));
#14011=CARTESIAN_POINT('',(0.425000000000001,-1.95,0.623699056602831));
#14012=CARTESIAN_POINT('Origin',(0.425000000000001,-2.,0.623699056602831));
#14013=CARTESIAN_POINT('',(0.425000000000001,-2.,6.60929644347163E-16));
#14014=CARTESIAN_POINT('',(0.425000000000001,-2.,6.60929644347163E-16));
#14015=CARTESIAN_POINT('',(0.425000000000001,-2.,0.623699056602831));
#14016=CARTESIAN_POINT('Origin',(0.575000000000001,-2.,0.623699056602831));
#14017=CARTESIAN_POINT('',(0.575000000000001,-2.,6.60929644347163E-16));
#14018=CARTESIAN_POINT('',(0.575000000000001,-2.,6.60929644347163E-16));
#14019=CARTESIAN_POINT('',(0.575000000000001,-2.,0.623699056602831));
#14020=CARTESIAN_POINT('Origin',(0.575000000000001,-2.,0.623699056602831));
#14021=CARTESIAN_POINT('',(0.575,-1.95,6.49827414100912E-16));
#14022=CARTESIAN_POINT('',(0.575000000000001,-2.,6.60929644347163E-16));
#14023=CARTESIAN_POINT('',(0.575,-1.95,0.623699056602831));
#14024=CARTESIAN_POINT('Origin',(0.575,-1.95,0.623699056602831));
#14025=CARTESIAN_POINT('',(0.625000000000001,-1.9,6.3872518385466E-16));
#14026=CARTESIAN_POINT('',(0.575,-1.95,6.49827414100912E-16));
#14027=CARTESIAN_POINT('',(0.625000000000001,-1.9,0.623699056602831));
#14028=CARTESIAN_POINT('Origin',(0.625000000000001,-1.9,0.623699056602831));
#14029=CARTESIAN_POINT('',(0.625000000000001,-1.9,6.3872518385466E-16));
#14030=CARTESIAN_POINT('Origin',(0.500000000000001,-1.725,5.9986737799278E-16));
#14031=CARTESIAN_POINT('Origin',(1.,1.725,-1.66186508998578E-16));
#14032=CARTESIAN_POINT('',(0.875000000000001,1.9,-2.05044314860459E-16));
#14033=CARTESIAN_POINT('',(0.875000000000001,1.725,-1.66186508998578E-16));
#14034=CARTESIAN_POINT('',(0.875000000000001,1.725,-1.66186508998578E-16));
#14035=CARTESIAN_POINT('',(0.925000000000001,1.95,-2.1614654510671E-16));
#14036=CARTESIAN_POINT('',(0.925000000000001,1.95,-2.1614654510671E-16));
#14037=CARTESIAN_POINT('',(0.925000000000001,2.,-2.27248775352962E-16));
#14038=CARTESIAN_POINT('',(0.925000000000001,1.725,-1.66186508998578E-16));
#14039=CARTESIAN_POINT('',(1.075,2.,-2.27248775352962E-16));
#14040=CARTESIAN_POINT('',(1.,2.,-2.27248775352962E-16));
#14041=CARTESIAN_POINT('',(1.075,1.95,-2.1614654510671E-16));
#14042=CARTESIAN_POINT('',(1.075,1.725,-1.66186508998578E-16));
#14043=CARTESIAN_POINT('',(1.125,1.9,-2.05044314860459E-16));
#14044=CARTESIAN_POINT('',(1.125,1.9,-2.05044314860459E-16));
#14045=CARTESIAN_POINT('',(1.125,1.725,-1.66186508998578E-16));
#14046=CARTESIAN_POINT('',(1.125,1.725,-1.66186508998578E-16));
#14047=CARTESIAN_POINT('Origin',(1.,1.725,-1.66186508998578E-16));
#14048=CARTESIAN_POINT('Origin',(1.,1.725,0.62369905660283));
#14049=CARTESIAN_POINT('',(0.875000000000001,1.725,0.152));
#14050=CARTESIAN_POINT('',(0.875000000000001,1.725,0.62369905660283));
#14051=CARTESIAN_POINT('',(1.125,1.725,0.152));
#14052=CARTESIAN_POINT('',(1.125,1.725,0.62369905660283));
#14053=CARTESIAN_POINT('Origin',(1.,1.725,0.152));
#14054=CARTESIAN_POINT('Origin',(0.875000000000001,1.9,0.62369905660283));
#14055=CARTESIAN_POINT('',(0.875000000000001,1.9,0.152));
#14056=CARTESIAN_POINT('',(0.875000000000001,1.9,0.152));
#14057=CARTESIAN_POINT('',(0.875000000000001,1.9,0.62369905660283));
#14058=CARTESIAN_POINT('Origin',(0.925000000000001,1.95,0.62369905660283));
#14059=CARTESIAN_POINT('',(0.925000000000001,1.95,0.152));
#14060=CARTESIAN_POINT('',(0.925000000000001,1.95,0.152));
#14061=CARTESIAN_POINT('',(0.925000000000001,1.95,0.62369905660283));
#14062=CARTESIAN_POINT('Origin',(0.925000000000001,2.,0.62369905660283));
#14063=CARTESIAN_POINT('',(0.925000000000001,2.,0.152));
#14064=CARTESIAN_POINT('',(0.925000000000001,2.,0.152));
#14065=CARTESIAN_POINT('',(0.925000000000001,2.,0.62369905660283));
#14066=CARTESIAN_POINT('Origin',(1.075,2.,0.62369905660283));
#14067=CARTESIAN_POINT('',(1.075,2.,0.152));
#14068=CARTESIAN_POINT('',(1.075,2.,0.152));
#14069=CARTESIAN_POINT('',(1.075,2.,0.62369905660283));
#14070=CARTESIAN_POINT('Origin',(1.075,2.,0.62369905660283));
#14071=CARTESIAN_POINT('',(1.075,1.95,0.152));
#14072=CARTESIAN_POINT('',(1.075,2.,0.152));
#14073=CARTESIAN_POINT('',(1.075,1.95,0.62369905660283));
#14074=CARTESIAN_POINT('Origin',(1.075,1.95,0.62369905660283));
#14075=CARTESIAN_POINT('',(1.125,1.9,0.152));
#14076=CARTESIAN_POINT('',(1.075,1.95,0.152));
#14077=CARTESIAN_POINT('',(1.125,1.9,0.62369905660283));
#14078=CARTESIAN_POINT('Origin',(1.125,1.9,0.62369905660283));
#14079=CARTESIAN_POINT('',(1.125,1.9,0.152));
#14080=CARTESIAN_POINT('Origin',(-0.999999999999999,-1.725,0.152000000000001));
#14081=CARTESIAN_POINT('Origin',(1.,-1.725,0.623699056602831));
#14082=CARTESIAN_POINT('',(0.875000000000001,-1.725,0.152000000000001));
#14083=CARTESIAN_POINT('',(1.125,-1.725,0.152000000000001));
#14084=CARTESIAN_POINT('Origin',(1.,-1.725,0.152000000000001));
#14085=CARTESIAN_POINT('',(1.125,-1.725,5.9986737799278E-16));
#14086=CARTESIAN_POINT('',(1.125,-1.725,0.623699056602831));
#14087=CARTESIAN_POINT('',(0.875000000000001,-1.725,5.9986737799278E-16));
#14088=CARTESIAN_POINT('Origin',(1.,-1.725,5.9986737799278E-16));
#14089=CARTESIAN_POINT('',(0.875000000000001,-1.725,0.623699056602831));
#14090=CARTESIAN_POINT('Origin',(1.,-1.725,5.9986737799278E-16));
#14091=CARTESIAN_POINT('',(0.875000000000001,-1.9,6.3872518385466E-16));
#14092=CARTESIAN_POINT('',(0.875000000000001,-1.725,5.9986737799278E-16));
#14093=CARTESIAN_POINT('',(1.125,-1.9,6.3872518385466E-16));
#14094=CARTESIAN_POINT('',(1.125,-1.725,5.9986737799278E-16));
#14095=CARTESIAN_POINT('',(1.075,-1.95,6.49827414100912E-16));
#14096=CARTESIAN_POINT('',(1.125,-1.9,6.3872518385466E-16));
#14097=CARTESIAN_POINT('',(1.075,-2.,6.60929644347163E-16));
#14098=CARTESIAN_POINT('',(1.075,-1.725,5.9986737799278E-16));
#14099=CARTESIAN_POINT('',(0.925000000000001,-2.,6.60929644347163E-16));
#14100=CARTESIAN_POINT('',(1.,-2.,6.60929644347163E-16));
#14101=CARTESIAN_POINT('',(0.925000000000001,-1.95,6.49827414100912E-16));
#14102=CARTESIAN_POINT('',(0.925000000000001,-1.725,5.9986737799278E-16));
#14103=CARTESIAN_POINT('',(0.925000000000001,-1.95,6.49827414100912E-16));
#14104=CARTESIAN_POINT('Origin',(0.875000000000001,-1.9,0.623699056602831));
#14105=CARTESIAN_POINT('',(0.875000000000001,-1.9,0.152000000000001));
#14106=CARTESIAN_POINT('',(0.875000000000001,-1.9,0.152000000000001));
#14107=CARTESIAN_POINT('',(0.875000000000001,-1.9,0.623699056602831));
#14108=CARTESIAN_POINT('Origin',(0.925000000000001,-1.95,0.623699056602831));
#14109=CARTESIAN_POINT('',(0.925000000000001,-1.95,0.152000000000001));
#14110=CARTESIAN_POINT('',(0.925000000000001,-1.95,0.152000000000001));
#14111=CARTESIAN_POINT('',(0.925000000000001,-1.95,0.623699056602831));
#14112=CARTESIAN_POINT('Origin',(0.925000000000001,-2.,0.623699056602831));
#14113=CARTESIAN_POINT('',(0.925000000000001,-2.,0.152000000000001));
#14114=CARTESIAN_POINT('',(0.925000000000001,-2.,0.152000000000001));
#14115=CARTESIAN_POINT('',(0.925000000000001,-2.,0.623699056602831));
#14116=CARTESIAN_POINT('Origin',(1.075,-2.,0.623699056602831));
#14117=CARTESIAN_POINT('',(1.075,-2.,0.152000000000001));
#14118=CARTESIAN_POINT('',(1.075,-2.,0.152000000000001));
#14119=CARTESIAN_POINT('',(1.075,-2.,0.623699056602831));
#14120=CARTESIAN_POINT('Origin',(1.075,-2.,0.623699056602831));
#14121=CARTESIAN_POINT('',(1.075,-1.95,0.152000000000001));
#14122=CARTESIAN_POINT('',(1.075,-2.,0.152000000000001));
#14123=CARTESIAN_POINT('',(1.075,-1.95,0.623699056602831));
#14124=CARTESIAN_POINT('Origin',(1.075,-1.95,0.623699056602831));
#14125=CARTESIAN_POINT('',(1.125,-1.9,0.152000000000001));
#14126=CARTESIAN_POINT('',(1.075,-1.95,0.152000000000001));
#14127=CARTESIAN_POINT('',(1.125,-1.9,0.623699056602831));
#14128=CARTESIAN_POINT('Origin',(1.125,-1.9,0.623699056602831));
#14129=CARTESIAN_POINT('',(1.125,-1.9,0.152000000000001));
#14130=CARTESIAN_POINT('Origin',(-0.999999999999999,-1.725,0.152000000000001));
#14131=CARTESIAN_POINT('Origin',(-1.72500000000001,0.499999999999998,1.05818132034586E-16));
#14132=CARTESIAN_POINT('',(-1.95,0.575,1.68846418328409E-17));
#14133=CARTESIAN_POINT('',(-1.9,0.625000000000002,7.80625564189559E-17));
#14134=CARTESIAN_POINT('',(-1.95,0.575,8.91647866652079E-17));
#14135=CARTESIAN_POINT('',(-1.72500000000001,0.625000000000002,7.80625564189559E-17));
#14136=CARTESIAN_POINT('',(-1.72500000000001,0.625000000000002,7.80625564189559E-17));
#14137=CARTESIAN_POINT('',(-1.72500000000001,0.374999999999999,1.33573707650214E-16));
#14138=CARTESIAN_POINT('Origin',(-1.72500000000001,0.499999999999998,1.05818132034586E-16));
#14139=CARTESIAN_POINT('',(-1.9,0.374999999999999,6.12935628178475E-17));
#14140=CARTESIAN_POINT('',(-1.72500000000001,0.374999999999999,1.33573707650214E-16));
#14141=CARTESIAN_POINT('',(-1.95,0.425,1.22471477403963E-16));
#14142=CARTESIAN_POINT('',(-1.9,0.374999999999998,1.33573707650214E-16));
#14143=CARTESIAN_POINT('',(-2.,0.425,1.22471477403963E-16));
#14144=CARTESIAN_POINT('',(-1.72500000000001,0.425,1.22471477403963E-16));
#14145=CARTESIAN_POINT('',(-2.,0.575,8.91647866652079E-17));
#14146=CARTESIAN_POINT('',(-2.,0.499999999999998,1.05818132034586E-16));
#14147=CARTESIAN_POINT('',(-1.72500000000001,0.575,8.91647866652079E-17));
#14148=CARTESIAN_POINT('Origin',(-1.9,0.625000000000002,0.62369905660283));
#14149=CARTESIAN_POINT('',(-1.72500000000001,0.625000000000002,0.152));
#14150=CARTESIAN_POINT('',(-1.72500000000001,0.625000000000002,0.62369905660283));
#14151=CARTESIAN_POINT('',(-1.9,0.625000000000002,0.152));
#14152=CARTESIAN_POINT('',(-1.9,0.625000000000002,0.62369905660283));
#14153=CARTESIAN_POINT('',(-1.9,0.625000000000002,0.152));
#14154=CARTESIAN_POINT('Origin',(-1.95,0.575,0.62369905660283));
#14155=CARTESIAN_POINT('',(-1.95,0.575,0.152));
#14156=CARTESIAN_POINT('',(-1.95,0.575,0.62369905660283));
#14157=CARTESIAN_POINT('',(-1.95,0.575,0.152));
#14158=CARTESIAN_POINT('Origin',(-2.,0.575,0.62369905660283));
#14159=CARTESIAN_POINT('',(-2.,0.575,0.152));
#14160=CARTESIAN_POINT('',(-2.,0.575,0.62369905660283));
#14161=CARTESIAN_POINT('',(-2.,0.575,0.152));
#14162=CARTESIAN_POINT('Origin',(-2.,0.425,0.62369905660283));
#14163=CARTESIAN_POINT('',(-2.,0.425,0.152));
#14164=CARTESIAN_POINT('',(-2.,0.425,0.62369905660283));
#14165=CARTESIAN_POINT('',(-2.,0.425,0.152));
#14166=CARTESIAN_POINT('Origin',(-2.,0.425,0.62369905660283));
#14167=CARTESIAN_POINT('',(-1.95,0.425,0.152));
#14168=CARTESIAN_POINT('',(-1.95,0.425,0.62369905660283));
#14169=CARTESIAN_POINT('',(-2.,0.425,0.152));
#14170=CARTESIAN_POINT('Origin',(-1.95,0.425,0.62369905660283));
#14171=CARTESIAN_POINT('',(-1.9,0.374999999999998,0.152));
#14172=CARTESIAN_POINT('',(-1.9,0.374999999999999,0.62369905660283));
#14173=CARTESIAN_POINT('',(-1.95,0.425,0.152));
#14174=CARTESIAN_POINT('Origin',(-1.9,0.374999999999999,0.62369905660283));
#14175=CARTESIAN_POINT('',(-1.72500000000001,0.374999999999999,0.152));
#14176=CARTESIAN_POINT('',(-1.72500000000001,0.374999999999999,0.62369905660283));
#14177=CARTESIAN_POINT('',(-1.9,0.374999999999998,0.152));
#14178=CARTESIAN_POINT('Origin',(-1.72500000000001,0.499999999999998,0.62369905660283));
#14179=CARTESIAN_POINT('Origin',(-1.72500000000001,0.499999999999998,0.152));
#14180=CARTESIAN_POINT('Origin',(-0.999999999999999,1.725,0.152));
#14181=CARTESIAN_POINT('Origin',(1.72500000000001,0.499999999999997,1.05818132034586E-16));
#14182=CARTESIAN_POINT('',(1.9,0.625000000000002,7.80625564189559E-17));
#14183=CARTESIAN_POINT('',(1.72500000000001,0.625,7.80625564189563E-17));
#14184=CARTESIAN_POINT('',(1.72500000000001,0.625000000000002,7.80625564189559E-17));
#14185=CARTESIAN_POINT('',(1.95,0.575,1.68846418328409E-17));
#14186=CARTESIAN_POINT('',(1.95,0.575,8.91647866652079E-17));
#14187=CARTESIAN_POINT('',(2.,0.575,8.91647866652079E-17));
#14188=CARTESIAN_POINT('',(1.72500000000001,0.575,8.91647866652079E-17));
#14189=CARTESIAN_POINT('',(2.,0.425,1.22471477403963E-16));
#14190=CARTESIAN_POINT('',(2.,0.499999999999997,1.05818132034586E-16));
#14191=CARTESIAN_POINT('',(1.95,0.425,1.22471477403963E-16));
#14192=CARTESIAN_POINT('',(1.72500000000001,0.425,1.22471477403963E-16));
#14193=CARTESIAN_POINT('',(1.9,0.374999999999999,6.12935628178475E-17));
#14194=CARTESIAN_POINT('',(1.9,0.374999999999998,1.33573707650214E-16));
#14195=CARTESIAN_POINT('',(1.72500000000001,0.374999999999997,1.33573707650215E-16));
#14196=CARTESIAN_POINT('',(1.72500000000001,0.374999999999999,1.33573707650214E-16));
#14197=CARTESIAN_POINT('Origin',(1.72500000000001,0.499999999999997,1.05818132034586E-16));
#14198=CARTESIAN_POINT('Origin',(1.72500000000001,0.499999999999997,0.62369905660283));
#14199=CARTESIAN_POINT('',(1.72500000000001,0.374999999999997,0.152));
#14200=CARTESIAN_POINT('',(1.72500000000001,0.374999999999996,0.62369905660283));
#14201=CARTESIAN_POINT('',(1.72500000000001,0.625,0.152));
#14202=CARTESIAN_POINT('Origin',(1.72500000000001,0.499999999999997,0.152));
#14203=CARTESIAN_POINT('',(1.72500000000001,0.624999999999999,0.62369905660283));
#14204=CARTESIAN_POINT('Origin',(1.9,0.625000000000002,0.62369905660283));
#14205=CARTESIAN_POINT('',(1.9,0.625000000000002,0.152));
#14206=CARTESIAN_POINT('',(1.9,0.625000000000002,0.62369905660283));
#14207=CARTESIAN_POINT('',(1.9,0.625000000000002,0.152));
#14208=CARTESIAN_POINT('Origin',(1.95,0.575,0.62369905660283));
#14209=CARTESIAN_POINT('',(1.95,0.575,0.152));
#14210=CARTESIAN_POINT('',(1.95,0.575,0.62369905660283));
#14211=CARTESIAN_POINT('',(1.95,0.575,0.152));
#14212=CARTESIAN_POINT('Origin',(2.,0.575,0.62369905660283));
#14213=CARTESIAN_POINT('',(2.,0.575,0.152));
#14214=CARTESIAN_POINT('',(2.,0.575,0.62369905660283));
#14215=CARTESIAN_POINT('',(2.,0.575,0.152));
#14216=CARTESIAN_POINT('Origin',(2.,0.425,0.62369905660283));
#14217=CARTESIAN_POINT('',(2.,0.425,0.152));
#14218=CARTESIAN_POINT('',(2.,0.425,0.62369905660283));
#14219=CARTESIAN_POINT('',(2.,0.425,0.152));
#14220=CARTESIAN_POINT('Origin',(2.,0.425,0.62369905660283));
#14221=CARTESIAN_POINT('',(1.95,0.425,0.152));
#14222=CARTESIAN_POINT('',(1.95,0.425,0.62369905660283));
#14223=CARTESIAN_POINT('',(2.,0.425,0.152));
#14224=CARTESIAN_POINT('Origin',(1.95,0.425,0.62369905660283));
#14225=CARTESIAN_POINT('',(1.9,0.374999999999998,0.152));
#14226=CARTESIAN_POINT('',(1.9,0.374999999999999,0.62369905660283));
#14227=CARTESIAN_POINT('',(1.95,0.425,0.152));
#14228=CARTESIAN_POINT('Origin',(1.9,0.374999999999999,0.62369905660283));
#14229=CARTESIAN_POINT('',(1.9,0.374999999999998,0.152));
#14230=CARTESIAN_POINT('Origin',(-0.999999999999999,1.725,0.152));
#14231=CARTESIAN_POINT('Origin',(-1.72500000000001,-2.16840434497101E-15,
2.16840434497101E-16));
#14232=CARTESIAN_POINT('',(-1.95,0.075,1.27906944295357E-16));
#14233=CARTESIAN_POINT('',(-1.9,0.125000000000002,1.89084858881472E-16));
#14234=CARTESIAN_POINT('',(-1.95,0.075,2.00187089127724E-16));
#14235=CARTESIAN_POINT('',(-1.72500000000001,0.125000000000002,1.89084858881472E-16));
#14236=CARTESIAN_POINT('',(-1.72500000000001,0.125000000000002,1.89084858881472E-16));
#14237=CARTESIAN_POINT('',(-1.72500000000001,-0.125000000000001,2.4459601011273E-16));
#14238=CARTESIAN_POINT('Origin',(-1.72500000000001,-2.16840434497101E-15,
2.16840434497101E-16));
#14239=CARTESIAN_POINT('',(-1.9,-0.125000000000001,1.72315865280363E-16));
#14240=CARTESIAN_POINT('',(-1.72500000000001,-0.125000000000001,2.4459601011273E-16));
#14241=CARTESIAN_POINT('',(-1.95,-0.075,2.33493779866478E-16));
#14242=CARTESIAN_POINT('',(-1.9,-0.125000000000002,2.4459601011273E-16));
#14243=CARTESIAN_POINT('',(-2.,-0.075,2.33493779866478E-16));
#14244=CARTESIAN_POINT('',(-1.72500000000001,-0.075,2.33493779866478E-16));
#14245=CARTESIAN_POINT('',(-2.,0.075,2.00187089127724E-16));
#14246=CARTESIAN_POINT('',(-2.,-2.16840434497101E-15,2.16840434497101E-16));
#14247=CARTESIAN_POINT('',(-1.72500000000001,0.075,2.00187089127724E-16));
#14248=CARTESIAN_POINT('Origin',(-1.9,0.125000000000002,0.62369905660283));
#14249=CARTESIAN_POINT('',(-1.72500000000001,0.125000000000001,0.152));
#14250=CARTESIAN_POINT('',(-1.72500000000001,0.125000000000002,0.62369905660283));
#14251=CARTESIAN_POINT('',(-1.9,0.125000000000002,0.152));
#14252=CARTESIAN_POINT('',(-1.9,0.125000000000002,0.62369905660283));
#14253=CARTESIAN_POINT('',(-1.9,0.125000000000002,0.152));
#14254=CARTESIAN_POINT('Origin',(-1.95,0.0750000000000001,0.62369905660283));
#14255=CARTESIAN_POINT('',(-1.95,0.075,0.152));
#14256=CARTESIAN_POINT('',(-1.95,0.0750000000000001,0.62369905660283));
#14257=CARTESIAN_POINT('',(-1.95,0.075,0.152));
#14258=CARTESIAN_POINT('Origin',(-2.,0.0750000000000001,0.62369905660283));
#14259=CARTESIAN_POINT('',(-2.,0.075,0.152));
#14260=CARTESIAN_POINT('',(-2.,0.0750000000000001,0.62369905660283));
#14261=CARTESIAN_POINT('',(-2.,0.075,0.152));
#14262=CARTESIAN_POINT('Origin',(-2.,-0.0749999999999998,0.62369905660283));
#14263=CARTESIAN_POINT('',(-2.,-0.0749999999999999,0.152));
#14264=CARTESIAN_POINT('',(-2.,-0.0749999999999998,0.62369905660283));
#14265=CARTESIAN_POINT('',(-2.,-0.0749999999999999,0.152));
#14266=CARTESIAN_POINT('Origin',(-2.,-0.0749999999999998,0.62369905660283));
#14267=CARTESIAN_POINT('',(-1.95,-0.0749999999999999,0.152));
#14268=CARTESIAN_POINT('',(-1.95,-0.0749999999999998,0.62369905660283));
#14269=CARTESIAN_POINT('',(-2.,-0.0749999999999999,0.152));
#14270=CARTESIAN_POINT('Origin',(-1.95,-0.0749999999999998,0.62369905660283));
#14271=CARTESIAN_POINT('',(-1.9,-0.125000000000002,0.152));
#14272=CARTESIAN_POINT('',(-1.9,-0.125000000000001,0.62369905660283));
#14273=CARTESIAN_POINT('',(-1.95,-0.0749999999999999,0.152));
#14274=CARTESIAN_POINT('Origin',(-1.9,-0.125000000000001,0.62369905660283));
#14275=CARTESIAN_POINT('',(-1.72500000000001,-0.125000000000001,0.152));
#14276=CARTESIAN_POINT('',(-1.72500000000001,-0.125000000000001,0.62369905660283));
#14277=CARTESIAN_POINT('',(-1.9,-0.125000000000002,0.152));
#14278=CARTESIAN_POINT('Origin',(-1.72500000000001,-2.02991533435552E-15,
0.62369905660283));
#14279=CARTESIAN_POINT('Origin',(-1.72500000000001,-2.1346535650224E-15,
0.152));
#14280=CARTESIAN_POINT('Origin',(-0.999999999999999,1.725,0.152));
#14281=CARTESIAN_POINT('Origin',(-0.999999999999999,1.725,0.152));
#14282=CARTESIAN_POINT('',(2.,0.075,0.152));
#14283=CARTESIAN_POINT('',(1.95,0.0750000000000001,0.152));
#14284=CARTESIAN_POINT('',(-0.999999999999999,0.075,0.152));
#14285=CARTESIAN_POINT('',(1.9,0.125000000000002,0.152));
#14286=CARTESIAN_POINT('',(1.95,0.075,0.152));
#14287=CARTESIAN_POINT('',(1.72500000000001,0.125,0.152));
#14288=CARTESIAN_POINT('',(-0.999999999999999,0.125000000000002,0.152));
#14289=CARTESIAN_POINT('',(1.72500000000001,-0.125000000000001,0.152));
#14290=CARTESIAN_POINT('Origin',(1.72500000000001,-3.00201530301081E-15,
0.152));
#14291=CARTESIAN_POINT('',(1.9,-0.125000000000002,0.152));
#14292=CARTESIAN_POINT('',(-0.999999999999999,-0.125000000000001,0.152));
#14293=CARTESIAN_POINT('',(1.95,-0.0749999999999999,0.152));
#14294=CARTESIAN_POINT('',(1.9,-0.125000000000002,0.152));
#14295=CARTESIAN_POINT('',(2.,-0.0749999999999999,0.152));
#14296=CARTESIAN_POINT('',(-0.999999999999999,-0.0749999999999999,0.152));
#14297=CARTESIAN_POINT('',(2.,1.725,0.152));
#14298=CARTESIAN_POINT('Origin',(1.95,0.0750000000000001,0.62369905660283));
#14299=CARTESIAN_POINT('',(1.95,0.075,1.18871926191311E-16));
#14300=CARTESIAN_POINT('',(1.95,0.0750000000000001,0.62369905660283));
#14301=CARTESIAN_POINT('',(1.9,0.125000000000002,-2.77555756156293E-17));
#14302=CARTESIAN_POINT('',(1.95,0.075,-1.66533453693774E-17));
#14303=CARTESIAN_POINT('',(1.9,0.125000000000002,0.62369905660283));
#14304=CARTESIAN_POINT('Origin',(2.,0.0750000000000001,0.62369905660283));
#14305=CARTESIAN_POINT('',(2.,0.075,2.00187089127724E-16));
#14306=CARTESIAN_POINT('',(2.,0.0750000000000001,0.62369905660283));
#14307=CARTESIAN_POINT('',(2.,0.075,2.00187089127724E-16));
#14308=CARTESIAN_POINT('Origin',(2.,-0.0749999999999998,0.62369905660283));
#14309=CARTESIAN_POINT('',(2.,-0.075,2.33493779866478E-16));
#14310=CARTESIAN_POINT('',(2.,-0.0749999999999998,0.62369905660283));
#14311=CARTESIAN_POINT('',(2.,-0.075,2.33493779866478E-16));
#14312=CARTESIAN_POINT('Origin',(2.,-0.0749999999999998,0.62369905660283));
#14313=CARTESIAN_POINT('',(1.95,-0.075,1.66533453693773E-17));
#14314=CARTESIAN_POINT('',(1.95,-0.0749999999999998,0.62369905660283));
#14315=CARTESIAN_POINT('',(2.,-0.075,2.33493779866478E-16));
#14316=CARTESIAN_POINT('Origin',(1.95,-0.0749999999999998,0.62369905660283));
#14317=CARTESIAN_POINT('',(1.9,-0.125000000000002,-8.38449680055428E-18));
#14318=CARTESIAN_POINT('',(1.9,-0.125000000000001,0.62369905660283));
#14319=CARTESIAN_POINT('',(1.95,-0.075,1.66533453693773E-17));
#14320=CARTESIAN_POINT('Origin',(1.9,-0.125000000000001,0.62369905660283));
#14321=CARTESIAN_POINT('',(1.72500000000001,-0.125000000000001,2.4459601011273E-16));
#14322=CARTESIAN_POINT('',(1.72500000000001,-0.125000000000001,0.62369905660283));
#14323=CARTESIAN_POINT('',(1.9,-0.125000000000002,2.4459601011273E-16));
#14324=CARTESIAN_POINT('Origin',(1.72500000000001,-2.89727707234392E-15,
0.62369905660283));
#14325=CARTESIAN_POINT('',(1.72500000000001,0.125,1.89084858881472E-16));
#14326=CARTESIAN_POINT('Origin',(1.72500000000001,-3.03576608295941E-15,
2.16840434497102E-16));
#14327=CARTESIAN_POINT('',(1.72500000000001,0.124999999999999,0.62369905660283));
#14328=CARTESIAN_POINT('Origin',(1.9,0.125000000000002,0.62369905660283));
#14329=CARTESIAN_POINT('',(1.9,0.125000000000002,1.89084858881472E-16));
#14330=CARTESIAN_POINT('Origin',(1.72500000000001,-3.03576608295941E-15,
2.16840434497102E-16));
#14331=CARTESIAN_POINT('Origin',(-0.999999999999999,1.725,0.152));
#14332=CARTESIAN_POINT('',(-2.,-0.575,0.152));
#14333=CARTESIAN_POINT('',(-1.95,-0.575,0.152));
#14334=CARTESIAN_POINT('',(-0.999999999999999,-0.575,0.152));
#14335=CARTESIAN_POINT('',(-1.9,-0.625000000000002,0.152));
#14336=CARTESIAN_POINT('',(-1.95,-0.575,0.152));
#14337=CARTESIAN_POINT('',(-1.72500000000001,-0.625000000000002,0.152));
#14338=CARTESIAN_POINT('',(-0.999999999999999,-0.625000000000001,0.152));
#14339=CARTESIAN_POINT('',(-1.72500000000001,-0.374999999999999,0.152));
#14340=CARTESIAN_POINT('Origin',(-1.72500000000001,-0.500000000000002,0.152));
#14341=CARTESIAN_POINT('',(-1.9,-0.374999999999999,0.152));
#14342=CARTESIAN_POINT('',(-0.999999999999999,-0.374999999999999,0.152));
#14343=CARTESIAN_POINT('',(-1.95,-0.425,0.152));
#14344=CARTESIAN_POINT('',(-1.9,-0.374999999999999,0.152));
#14345=CARTESIAN_POINT('',(-2.,-0.425,0.152));
#14346=CARTESIAN_POINT('',(-0.999999999999999,-0.425,0.152));
#14347=CARTESIAN_POINT('',(-2.,1.725,0.152));
#14348=CARTESIAN_POINT('Origin',(-1.95,-0.575,0.62369905660283));
#14349=CARTESIAN_POINT('',(-1.95,-0.575,2.63200919392581E-16));
#14350=CARTESIAN_POINT('',(-1.95,-0.575,0.62369905660283));
#14351=CARTESIAN_POINT('',(-1.9,-0.625000000000002,1.38777878078145E-16));
#14352=CARTESIAN_POINT('',(-1.95,-0.575,1.27675647831893E-16));
#14353=CARTESIAN_POINT('',(-1.9,-0.625000000000002,0.62369905660283));
#14354=CARTESIAN_POINT('Origin',(-2.,-0.575,0.62369905660283));
#14355=CARTESIAN_POINT('',(-2.,-0.575,3.44516082328994E-16));
#14356=CARTESIAN_POINT('',(-2.,-0.575,0.62369905660283));
#14357=CARTESIAN_POINT('',(-2.,-0.575,3.44516082328994E-16));
#14358=CARTESIAN_POINT('Origin',(-2.,-0.575,0.62369905660283));
#14359=CARTESIAN_POINT('',(-2.,-0.425,3.11209391590239E-16));
#14360=CARTESIAN_POINT('',(-2.,-0.425,0.62369905660283));
#14361=CARTESIAN_POINT('',(-2.,-0.575,3.44516082328994E-16));
#14362=CARTESIAN_POINT('Origin',(-2.,-0.425,0.62369905660283));
#14363=CARTESIAN_POINT('',(-1.95,-0.425,9.43689570931383E-17));
#14364=CARTESIAN_POINT('',(-1.95,-0.425,0.62369905660283));
#14365=CARTESIAN_POINT('',(-2.,-0.425,3.11209391590239E-16));
#14366=CARTESIAN_POINT('Origin',(-1.95,-0.425,0.62369905660283));
#14367=CARTESIAN_POINT('',(-1.9,-0.374999999999998,4.71266544307029E-17));
#14368=CARTESIAN_POINT('',(-1.9,-0.374999999999998,0.62369905660283));
#14369=CARTESIAN_POINT('',(-1.95,-0.425,9.43689570931383E-17));
#14370=CARTESIAN_POINT('Origin',(-1.9,-0.374999999999998,0.62369905660283));
#14371=CARTESIAN_POINT('',(-1.72500000000001,-0.374999999999999,3.00107161343987E-16));
#14372=CARTESIAN_POINT('',(-1.72500000000001,-0.374999999999999,0.62369905660283));
#14373=CARTESIAN_POINT('',(-1.9,-0.374999999999998,3.00107161343987E-16));
#14374=CARTESIAN_POINT('Origin',(-1.72500000000001,-0.500000000000002,0.62369905660283));
#14375=CARTESIAN_POINT('',(-1.72500000000001,-0.625000000000002,3.55618312575246E-16));
#14376=CARTESIAN_POINT('Origin',(-1.72500000000001,-0.500000000000002,3.27862736959617E-16));
#14377=CARTESIAN_POINT('',(-1.72500000000001,-0.625000000000003,0.62369905660283));
#14378=CARTESIAN_POINT('Origin',(-1.9,-0.625000000000002,0.62369905660283));
#14379=CARTESIAN_POINT('',(-1.9,-0.625000000000002,3.55618312575246E-16));
#14380=CARTESIAN_POINT('Origin',(-1.72500000000001,-0.500000000000002,3.27862736959617E-16));
#14381=CARTESIAN_POINT('Origin',(1.72500000000001,-0.500000000000003,3.27862736959617E-16));
#14382=CARTESIAN_POINT('',(1.9,-0.374999999999998,3.00107161343987E-16));
#14383=CARTESIAN_POINT('',(1.72500000000001,-0.375,3.00107161343988E-16));
#14384=CARTESIAN_POINT('',(1.72500000000001,-0.374999999999998,3.00107161343987E-16));
#14385=CARTESIAN_POINT('',(1.95,-0.425,2.38929246757872E-16));
#14386=CARTESIAN_POINT('',(1.95,-0.425,3.11209391590239E-16));
#14387=CARTESIAN_POINT('',(2.,-0.425,3.11209391590239E-16));
#14388=CARTESIAN_POINT('',(1.72500000000001,-0.425,3.11209391590239E-16));
#14389=CARTESIAN_POINT('',(2.,-0.575,3.44516082328994E-16));
#14390=CARTESIAN_POINT('',(2.,-0.500000000000003,3.27862736959617E-16));
#14391=CARTESIAN_POINT('',(1.95,-0.575,3.44516082328994E-16));
#14392=CARTESIAN_POINT('',(1.72500000000001,-0.575,3.44516082328994E-16));
#14393=CARTESIAN_POINT('',(1.9,-0.625000000000002,2.83338167742879E-16));
#14394=CARTESIAN_POINT('',(1.9,-0.625000000000002,3.55618312575246E-16));
#14395=CARTESIAN_POINT('',(1.72500000000001,-0.625000000000003,3.55618312575246E-16));
#14396=CARTESIAN_POINT('',(1.72500000000001,-0.625000000000001,3.55618312575246E-16));
#14397=CARTESIAN_POINT('Origin',(1.72500000000001,-0.500000000000003,3.27862736959617E-16));
#14398=CARTESIAN_POINT('Origin',(1.72500000000001,-0.500000000000003,0.62369905660283));
#14399=CARTESIAN_POINT('',(1.72500000000001,-0.625000000000003,0.152));
#14400=CARTESIAN_POINT('',(1.72500000000001,-0.625000000000004,0.62369905660283));
#14401=CARTESIAN_POINT('',(1.72500000000001,-0.375,0.152));
#14402=CARTESIAN_POINT('Origin',(1.72500000000001,-0.500000000000003,0.152));
#14403=CARTESIAN_POINT('',(1.72500000000001,-0.375000000000001,0.62369905660283));
#14404=CARTESIAN_POINT('Origin',(1.9,-0.374999999999998,0.62369905660283));
#14405=CARTESIAN_POINT('',(1.9,-0.374999999999998,0.152));
#14406=CARTESIAN_POINT('',(1.9,-0.374999999999998,0.62369905660283));
#14407=CARTESIAN_POINT('',(1.9,-0.374999999999998,0.152));
#14408=CARTESIAN_POINT('Origin',(1.95,-0.425,0.62369905660283));
#14409=CARTESIAN_POINT('',(1.95,-0.425,0.152));
#14410=CARTESIAN_POINT('',(1.95,-0.425,0.62369905660283));
#14411=CARTESIAN_POINT('',(1.95,-0.425,0.152));
#14412=CARTESIAN_POINT('Origin',(2.,-0.425,0.62369905660283));
#14413=CARTESIAN_POINT('',(2.,-0.425,0.152));
#14414=CARTESIAN_POINT('',(2.,-0.425,0.62369905660283));
#14415=CARTESIAN_POINT('',(2.,-0.425,0.152));
#14416=CARTESIAN_POINT('Origin',(2.,-0.575,0.62369905660283));
#14417=CARTESIAN_POINT('',(2.,-0.575,0.152));
#14418=CARTESIAN_POINT('',(2.,-0.575,0.62369905660283));
#14419=CARTESIAN_POINT('',(2.,-0.575,0.152));
#14420=CARTESIAN_POINT('Origin',(2.,-0.575,0.62369905660283));
#14421=CARTESIAN_POINT('',(1.95,-0.575,0.152));
#14422=CARTESIAN_POINT('',(1.95,-0.575,0.62369905660283));
#14423=CARTESIAN_POINT('',(2.,-0.575,0.152));
#14424=CARTESIAN_POINT('Origin',(1.95,-0.575,0.62369905660283));
#14425=CARTESIAN_POINT('',(1.9,-0.625000000000002,0.152));
#14426=CARTESIAN_POINT('',(1.9,-0.625000000000002,0.62369905660283));
#14427=CARTESIAN_POINT('',(1.95,-0.575,0.152));
#14428=CARTESIAN_POINT('Origin',(1.9,-0.625000000000002,0.62369905660283));
#14429=CARTESIAN_POINT('',(1.9,-0.625000000000002,0.152));
#14430=CARTESIAN_POINT('Origin',(-0.999999999999999,1.725,0.152));
#14431=CARTESIAN_POINT('Origin',(-1.775,1.775,0.601));
#14432=CARTESIAN_POINT('',(-1.775,1.675,0.6));
#14433=CARTESIAN_POINT('Origin',(-1.775,1.775,0.6));
#14434=CARTESIAN_POINT('',(-1.775,1.675,0.601));
#14435=CARTESIAN_POINT('',(-1.775,1.675,0.601));
#14436=CARTESIAN_POINT('Origin',(-1.775,1.775,0.601));
#14437=CARTESIAN_POINT('Origin',(1.5,-1.775,0.152000000000001));
#14438=CARTESIAN_POINT('',(1.625,-1.775,0.152000000000001));
#14439=CARTESIAN_POINT('',(1.375,-1.775,0.152000000000001));
#14440=CARTESIAN_POINT('Origin',(1.5,-1.775,0.152000000000001));
#14441=CARTESIAN_POINT('',(1.375,-1.775,0.0500000000000006));
#14442=CARTESIAN_POINT('',(1.375,-1.775,0.152000000000001));
#14443=CARTESIAN_POINT('',(1.625,-1.775,0.0500000000000006));
#14444=CARTESIAN_POINT('Origin',(1.5,-1.775,0.0500000000000006));
#14445=CARTESIAN_POINT('',(1.625,-1.775,0.152000000000001));
#14446=CARTESIAN_POINT('Origin',(1.,-1.725,0.152000000000001));
#14447=CARTESIAN_POINT('',(0.875000000000001,-1.725,0.152000000000001));
#14448=CARTESIAN_POINT('',(1.125,-1.725,0.152000000000001));
#14449=CARTESIAN_POINT('Origin',(1.,-1.725,0.152000000000001));
#14450=CARTESIAN_POINT('',(0.875000000000001,-1.725,0.0500000000000006));
#14451=CARTESIAN_POINT('',(0.875000000000001,-1.725,0.152000000000001));
#14452=CARTESIAN_POINT('',(1.125,-1.725,0.0500000000000006));
#14453=CARTESIAN_POINT('Origin',(1.,-1.725,0.0500000000000006));
#14454=CARTESIAN_POINT('',(1.125,-1.725,0.152000000000001));
#14455=CARTESIAN_POINT('Origin',(0.500000000000001,-1.725,0.152000000000001));
#14456=CARTESIAN_POINT('',(0.375000000000001,-1.725,0.152000000000001));
#14457=CARTESIAN_POINT('',(0.625000000000001,-1.725,0.152000000000001));
#14458=CARTESIAN_POINT('Origin',(0.500000000000001,-1.725,0.152000000000001));
#14459=CARTESIAN_POINT('',(0.375000000000001,-1.725,0.0500000000000006));
#14460=CARTESIAN_POINT('',(0.375000000000001,-1.725,0.152000000000001));
#14461=CARTESIAN_POINT('',(0.625000000000001,-1.725,0.0500000000000006));
#14462=CARTESIAN_POINT('Origin',(0.500000000000001,-1.725,0.0500000000000006));
#14463=CARTESIAN_POINT('',(0.625000000000001,-1.725,0.152000000000001));
#14464=CARTESIAN_POINT('Origin',(8.67361737988404E-16,-1.725,0.152000000000001));
#14465=CARTESIAN_POINT('',(-0.124999999999999,-1.725,0.152000000000001));
#14466=CARTESIAN_POINT('',(0.125000000000001,-1.725,0.152000000000001));
#14467=CARTESIAN_POINT('Origin',(8.67361737988404E-16,-1.725,0.152000000000001));
#14468=CARTESIAN_POINT('',(-0.124999999999999,-1.725,0.0500000000000006));
#14469=CARTESIAN_POINT('',(-0.124999999999999,-1.725,0.152000000000001));
#14470=CARTESIAN_POINT('',(0.125000000000001,-1.725,0.0500000000000006));
#14471=CARTESIAN_POINT('Origin',(8.67361737988404E-16,-1.725,0.0500000000000006));
#14472=CARTESIAN_POINT('',(0.125000000000001,-1.725,0.152000000000001));
#14473=CARTESIAN_POINT('Origin',(-0.499999999999999,-1.725,0.152000000000001));
#14474=CARTESIAN_POINT('',(-0.624999999999999,-1.725,0.152000000000001));
#14475=CARTESIAN_POINT('',(-0.374999999999999,-1.725,0.152000000000001));
#14476=CARTESIAN_POINT('Origin',(-0.499999999999999,-1.725,0.152000000000001));
#14477=CARTESIAN_POINT('',(-0.624999999999999,-1.725,0.0500000000000006));
#14478=CARTESIAN_POINT('',(-0.624999999999999,-1.725,0.152000000000001));
#14479=CARTESIAN_POINT('',(-0.374999999999999,-1.725,0.0500000000000006));
#14480=CARTESIAN_POINT('Origin',(-0.499999999999999,-1.725,0.0500000000000006));
#14481=CARTESIAN_POINT('',(-0.374999999999999,-1.725,0.152000000000001));
#14482=CARTESIAN_POINT('Origin',(-0.999999999999999,-1.725,0.152000000000001));
#14483=CARTESIAN_POINT('',(-1.125,-1.725,0.152000000000001));
#14484=CARTESIAN_POINT('',(-0.875,-1.725,0.152000000000001));
#14485=CARTESIAN_POINT('Origin',(-0.999999999999999,-1.725,0.152000000000001));
#14486=CARTESIAN_POINT('',(-1.125,-1.725,0.0500000000000006));
#14487=CARTESIAN_POINT('',(-1.125,-1.725,0.152000000000001));
#14488=CARTESIAN_POINT('',(-0.875,-1.725,0.0500000000000006));
#14489=CARTESIAN_POINT('Origin',(-0.999999999999999,-1.725,0.0500000000000006));
#14490=CARTESIAN_POINT('',(-0.875,-1.725,0.152000000000001));
#14491=CARTESIAN_POINT('Origin',(-1.5,-1.775,0.152000000000001));
#14492=CARTESIAN_POINT('',(-1.625,-1.775,0.152000000000001));
#14493=CARTESIAN_POINT('',(-1.375,-1.775,0.152000000000001));
#14494=CARTESIAN_POINT('Origin',(-1.5,-1.775,0.152000000000001));
#14495=CARTESIAN_POINT('',(-1.625,-1.775,0.0500000000000006));
#14496=CARTESIAN_POINT('',(-1.625,-1.775,0.152000000000001));
#14497=CARTESIAN_POINT('',(-1.375,-1.775,0.0500000000000006));
#14498=CARTESIAN_POINT('Origin',(-1.5,-1.775,0.0500000000000006));
#14499=CARTESIAN_POINT('',(-1.375,-1.775,0.152000000000001));
#14500=CARTESIAN_POINT('Origin',(0.,3.5006719745212E-16,0.6));
#14501=CARTESIAN_POINT('',(1.975,1.975,0.6));
#14502=CARTESIAN_POINT('',(-1.975,1.975,0.6));
#14503=CARTESIAN_POINT('',(-2.,1.975,0.6));
#14504=CARTESIAN_POINT('',(-1.975,-1.975,0.600000000000001));
#14505=CARTESIAN_POINT('',(-1.975,-2.,0.600000000000001));
#14506=CARTESIAN_POINT('',(1.975,-1.975,0.600000000000001));
#14507=CARTESIAN_POINT('',(2.,-1.975,0.600000000000001));
#14508=CARTESIAN_POINT('',(1.975,2.,0.6));
#14509=CARTESIAN_POINT('Origin',(2.,-2.,6.85685424949238));
#14510=CARTESIAN_POINT('',(2.,1.975,0.0499999999999998));
#14511=CARTESIAN_POINT('',(2.,1.575,0.0499999999999998));
#14512=CARTESIAN_POINT('',(2.,2.27942664743352E-16,0.0500000000000002));
#14513=CARTESIAN_POINT('',(2.,1.975,0.575));
#14514=CARTESIAN_POINT('',(2.,1.975,6.85685424949238));
#14515=CARTESIAN_POINT('',(2.,-1.975,0.575000000000001));
#14516=CARTESIAN_POINT('',(2.,-2.,0.575000000000001));
#14517=CARTESIAN_POINT('',(2.,-1.975,0.0500000000000007));
#14518=CARTESIAN_POINT('',(2.,-1.975,6.85685424949238));
#14519=CARTESIAN_POINT('',(2.,-1.575,0.0500000000000005));
#14520=CARTESIAN_POINT('',(2.,2.27942664743352E-16,0.0500000000000002));
#14521=CARTESIAN_POINT('',(2.,-1.575,0.152000000000001));
#14522=CARTESIAN_POINT('',(2.,-1.575,6.85685424949238));
#14523=CARTESIAN_POINT('',(2.,-1.425,0.152000000000001));
#14524=CARTESIAN_POINT('',(2.,-2.,0.152000000000001));
#14525=CARTESIAN_POINT('',(2.,-1.425,0.0500000000000005));
#14526=CARTESIAN_POINT('',(2.,-1.425,6.85685424949238));
#14527=CARTESIAN_POINT('',(2.,-1.075,0.0500000000000002));
#14528=CARTESIAN_POINT('',(2.,2.27942664743352E-16,0.0500000000000002));
#14529=CARTESIAN_POINT('',(2.,-1.075,0.152000000000001));
#14530=CARTESIAN_POINT('',(2.,-1.075,6.85685424949238));
#14531=CARTESIAN_POINT('',(2.,-0.925,0.152000000000001));
#14532=CARTESIAN_POINT('',(2.,-2.,0.152000000000001));
#14533=CARTESIAN_POINT('',(2.,-0.925,0.0500000000000004));
#14534=CARTESIAN_POINT('',(2.,-0.924999999999998,6.85685424949238));
#14535=CARTESIAN_POINT('',(2.,-0.575,0.0500000000000001));
#14536=CARTESIAN_POINT('',(2.,2.27942664743352E-16,0.0500000000000002));
#14537=CARTESIAN_POINT('',(2.,-0.575,0.152));
#14538=CARTESIAN_POINT('',(2.,-0.574999999999999,6.85685424949238));
#14539=CARTESIAN_POINT('',(2.,-0.425,0.152));
#14540=CARTESIAN_POINT('',(2.,-2.,0.152000000000001));
#14541=CARTESIAN_POINT('',(2.,-0.425,0.0500000000000002));
#14542=CARTESIAN_POINT('',(2.,-0.424999999999999,6.85685424949238));
#14543=CARTESIAN_POINT('',(2.,-0.075,0.05));
#14544=CARTESIAN_POINT('',(2.,2.27942664743352E-16,0.0500000000000002));
#14545=CARTESIAN_POINT('',(2.,-0.0749999999999999,0.152));
#14546=CARTESIAN_POINT('',(2.,-0.0749999999999985,6.85685424949238));
#14547=CARTESIAN_POINT('',(2.,0.0749999999999998,0.152));
#14548=CARTESIAN_POINT('',(2.,-2.,0.152000000000001));
#14549=CARTESIAN_POINT('',(2.,0.0749999999999999,0.0500000000000001));
#14550=CARTESIAN_POINT('',(2.,0.0750000000000013,6.85685424949238));
#14551=CARTESIAN_POINT('',(2.,0.425,0.05));
#14552=CARTESIAN_POINT('',(2.,2.27942664743352E-16,0.0500000000000002));
#14553=CARTESIAN_POINT('',(2.,0.425,0.152));
#14554=CARTESIAN_POINT('',(2.,0.425000000000002,6.85685424949238));
#14555=CARTESIAN_POINT('',(2.,0.575,0.152));
#14556=CARTESIAN_POINT('',(2.,-2.,0.152000000000001));
#14557=CARTESIAN_POINT('',(2.,0.575,0.05));
#14558=CARTESIAN_POINT('',(2.,0.575000000000002,6.85685424949238));
#14559=CARTESIAN_POINT('',(2.,0.925,0.0499999999999999));
#14560=CARTESIAN_POINT('',(2.,2.27942664743352E-16,0.0500000000000002));
#14561=CARTESIAN_POINT('',(2.,0.925,0.152));
#14562=CARTESIAN_POINT('',(2.,0.925000000000001,6.85685424949238));
#14563=CARTESIAN_POINT('',(2.,1.075,0.152));
#14564=CARTESIAN_POINT('',(2.,-2.,0.152000000000001));
#14565=CARTESIAN_POINT('',(2.,1.075,0.0499999999999999));
#14566=CARTESIAN_POINT('',(2.,1.075,6.85685424949238));
#14567=CARTESIAN_POINT('',(2.,1.425,0.0499999999999998));
#14568=CARTESIAN_POINT('',(2.,2.27942664743352E-16,0.0500000000000002));
#14569=CARTESIAN_POINT('',(2.,1.425,0.152));
#14570=CARTESIAN_POINT('',(2.,1.425,6.85685424949238));
#14571=CARTESIAN_POINT('',(2.,1.575,0.152));
#14572=CARTESIAN_POINT('',(2.,-2.,0.152000000000001));
#14573=CARTESIAN_POINT('',(2.,1.575,6.85685424949238));
#14574=CARTESIAN_POINT('Origin',(2.,-2.,6.85685424949238));
#14575=CARTESIAN_POINT('',(1.975,-2.,0.0500000000000007));
#14576=CARTESIAN_POINT('',(1.575,-2.,0.0500000000000006));
#14577=CARTESIAN_POINT('',(0.,-2.,0.0500000000000007));
#14578=CARTESIAN_POINT('',(1.975,-2.,0.575000000000001));
#14579=CARTESIAN_POINT('',(1.975,-2.,6.85685424949238));
#14580=CARTESIAN_POINT('',(-1.975,-2.,0.575000000000001));
#14581=CARTESIAN_POINT('',(-2.,-2.,0.575000000000001));
#14582=CARTESIAN_POINT('',(-1.975,-2.,0.0500000000000007));
#14583=CARTESIAN_POINT('',(-1.975,-2.,6.85685424949238));
#14584=CARTESIAN_POINT('',(-1.575,-2.,0.0500000000000006));
#14585=CARTESIAN_POINT('',(0.,-2.,0.0500000000000007));
#14586=CARTESIAN_POINT('',(-1.575,-2.,0.152000000000001));
#14587=CARTESIAN_POINT('',(-1.575,-2.,6.85685424949238));
#14588=CARTESIAN_POINT('',(-1.425,-2.,0.152000000000001));
#14589=CARTESIAN_POINT('',(2.,-2.,0.152000000000001));
#14590=CARTESIAN_POINT('',(-1.425,-2.,0.0500000000000006));
#14591=CARTESIAN_POINT('',(-1.425,-2.,6.85685424949238));
#14592=CARTESIAN_POINT('',(-1.075,-2.,0.0500000000000006));
#14593=CARTESIAN_POINT('',(0.,-2.,0.0500000000000007));
#14594=CARTESIAN_POINT('',(-1.075,-2.,0.152000000000001));
#14595=CARTESIAN_POINT('',(-1.075,-2.,6.85685424949238));
#14596=CARTESIAN_POINT('',(-0.924999999999999,-2.,0.152000000000001));
#14597=CARTESIAN_POINT('',(2.,-2.,0.152000000000001));
#14598=CARTESIAN_POINT('',(-0.924999999999999,-2.,0.0500000000000006));
#14599=CARTESIAN_POINT('',(-0.924999999999999,-2.,6.85685424949238));
#14600=CARTESIAN_POINT('',(-0.574999999999999,-2.,0.0500000000000004));
#14601=CARTESIAN_POINT('',(0.,-2.,0.0500000000000007));
#14602=CARTESIAN_POINT('',(-0.574999999999999,-2.,0.152000000000001));
#14603=CARTESIAN_POINT('',(-0.574999999999999,-2.,6.85685424949238));
#14604=CARTESIAN_POINT('',(-0.424999999999999,-2.,0.152000000000001));
#14605=CARTESIAN_POINT('',(2.,-2.,0.152000000000001));
#14606=CARTESIAN_POINT('',(-0.424999999999999,-2.,0.0500000000000006));
#14607=CARTESIAN_POINT('',(-0.424999999999999,-2.,6.85685424949238));
#14608=CARTESIAN_POINT('',(-0.0749999999999991,-2.,0.0500000000000004));
#14609=CARTESIAN_POINT('',(0.,-2.,0.0500000000000007));
#14610=CARTESIAN_POINT('',(-0.0749999999999991,-2.,0.152000000000001));
#14611=CARTESIAN_POINT('',(-0.0749999999999991,-2.,6.85685424949238));
#14612=CARTESIAN_POINT('',(0.0750000000000007,-2.,0.152000000000001));
#14613=CARTESIAN_POINT('',(2.,-2.,0.152000000000001));
#14614=CARTESIAN_POINT('',(0.0750000000000008,-2.,0.0500000000000006));
#14615=CARTESIAN_POINT('',(0.0750000000000008,-2.,6.85685424949238));
#14616=CARTESIAN_POINT('',(0.425000000000001,-2.,0.0500000000000004));
#14617=CARTESIAN_POINT('',(0.,-2.,0.0500000000000007));
#14618=CARTESIAN_POINT('',(0.425000000000001,-2.,0.152000000000001));
#14619=CARTESIAN_POINT('',(0.425000000000001,-2.,6.85685424949238));
#14620=CARTESIAN_POINT('',(0.575000000000001,-2.,0.152000000000001));
#14621=CARTESIAN_POINT('',(2.,-2.,0.152000000000001));
#14622=CARTESIAN_POINT('',(0.575000000000001,-2.,0.0500000000000006));
#14623=CARTESIAN_POINT('',(0.575000000000001,-2.,6.85685424949238));
#14624=CARTESIAN_POINT('',(0.925000000000001,-2.,0.0500000000000004));
#14625=CARTESIAN_POINT('',(0.,-2.,0.0500000000000007));
#14626=CARTESIAN_POINT('',(0.925000000000001,-2.,0.152000000000001));
#14627=CARTESIAN_POINT('',(0.925000000000001,-2.,6.85685424949238));
#14628=CARTESIAN_POINT('',(1.075,-2.,0.152000000000001));
#14629=CARTESIAN_POINT('',(2.,-2.,0.152000000000001));
#14630=CARTESIAN_POINT('',(1.075,-2.,0.0500000000000006));
#14631=CARTESIAN_POINT('',(1.075,-2.,6.85685424949238));
#14632=CARTESIAN_POINT('',(1.425,-2.,0.0500000000000006));
#14633=CARTESIAN_POINT('',(0.,-2.,0.0500000000000007));
#14634=CARTESIAN_POINT('',(1.425,-2.,0.152000000000001));
#14635=CARTESIAN_POINT('',(1.425,-2.,6.85685424949238));
#14636=CARTESIAN_POINT('',(1.575,-2.,0.152000000000001));
#14637=CARTESIAN_POINT('',(2.,-2.,0.152000000000001));
#14638=CARTESIAN_POINT('',(1.575,-2.,6.85685424949238));
#14639=CARTESIAN_POINT('Origin',(-2.,-2.,6.85685424949238));
#14640=CARTESIAN_POINT('',(-2.,-1.975,0.575000000000001));
#14641=CARTESIAN_POINT('',(-2.,1.975,0.575));
#14642=CARTESIAN_POINT('',(-2.,2.,0.575));
#14643=CARTESIAN_POINT('',(-2.,1.975,0.0499999999999998));
#14644=CARTESIAN_POINT('',(-2.,1.975,6.85685424949238));
#14645=CARTESIAN_POINT('',(-2.,1.575,0.0499999999999998));
#14646=CARTESIAN_POINT('',(-2.,2.27942664743352E-16,0.0500000000000002));
#14647=CARTESIAN_POINT('',(-2.,1.575,0.152));
#14648=CARTESIAN_POINT('',(-2.,1.575,6.85685424949238));
#14649=CARTESIAN_POINT('',(-2.,1.425,0.152));
#14650=CARTESIAN_POINT('',(-2.,-2.,0.152000000000001));
#14651=CARTESIAN_POINT('',(-2.,1.425,0.0499999999999998));
#14652=CARTESIAN_POINT('',(-2.,1.425,6.85685424949238));
#14653=CARTESIAN_POINT('',(-2.,1.075,0.0499999999999998));
#14654=CARTESIAN_POINT('',(-2.,2.27942664743352E-16,0.0500000000000002));
#14655=CARTESIAN_POINT('',(-2.,1.075,0.152));
#14656=CARTESIAN_POINT('',(-2.,1.075,6.85685424949238));
#14657=CARTESIAN_POINT('',(-2.,0.925,0.152));
#14658=CARTESIAN_POINT('',(-2.,-2.,0.152000000000001));
#14659=CARTESIAN_POINT('',(-2.,0.925,0.0499999999999999));
#14660=CARTESIAN_POINT('',(-2.,0.925000000000002,6.85685424949238));
#14661=CARTESIAN_POINT('',(-2.,0.575,0.0499999999999999));
#14662=CARTESIAN_POINT('',(-2.,2.27942664743352E-16,0.0500000000000002));
#14663=CARTESIAN_POINT('',(-2.,0.575,0.152));
#14664=CARTESIAN_POINT('',(-2.,0.575000000000001,6.85685424949238));
#14665=CARTESIAN_POINT('',(-2.,0.425,0.152));
#14666=CARTESIAN_POINT('',(-2.,-2.,0.152000000000001));
#14667=CARTESIAN_POINT('',(-2.,0.425,0.0500000000000001));
#14668=CARTESIAN_POINT('',(-2.,0.425000000000001,6.85685424949238));
#14669=CARTESIAN_POINT('',(-2.,0.0750000000000001,0.05));
#14670=CARTESIAN_POINT('',(-2.,2.27942664743352E-16,0.0500000000000002));
#14671=CARTESIAN_POINT('',(-2.,0.0750000000000002,0.152));
#14672=CARTESIAN_POINT('',(-2.,0.0750000000000017,6.85685424949238));
#14673=CARTESIAN_POINT('',(-2.,-0.0749999999999999,0.152));
#14674=CARTESIAN_POINT('',(-2.,-2.,0.152000000000001));
#14675=CARTESIAN_POINT('',(-2.,-0.075,0.0500000000000002));
#14676=CARTESIAN_POINT('',(-2.,-0.0749999999999985,6.85685424949238));
#14677=CARTESIAN_POINT('',(-2.,-0.425,0.0500000000000001));
#14678=CARTESIAN_POINT('',(-2.,2.27942664743352E-16,0.0500000000000002));
#14679=CARTESIAN_POINT('',(-2.,-0.425,0.152));
#14680=CARTESIAN_POINT('',(-2.,-0.424999999999999,6.85685424949238));
#14681=CARTESIAN_POINT('',(-2.,-0.575,0.152));
#14682=CARTESIAN_POINT('',(-2.,-2.,0.152000000000001));
#14683=CARTESIAN_POINT('',(-2.,-0.575,0.0500000000000003));
#14684=CARTESIAN_POINT('',(-2.,-0.574999999999999,6.85685424949238));
#14685=CARTESIAN_POINT('',(-2.,-0.925,0.0500000000000002));
#14686=CARTESIAN_POINT('',(-2.,2.27942664743352E-16,0.0500000000000002));
#14687=CARTESIAN_POINT('',(-2.,-0.925,0.152000000000001));
#14688=CARTESIAN_POINT('',(-2.,-0.924999999999998,6.85685424949238));
#14689=CARTESIAN_POINT('',(-2.,-1.075,0.152000000000001));
#14690=CARTESIAN_POINT('',(-2.,-2.,0.152000000000001));
#14691=CARTESIAN_POINT('',(-2.,-1.075,0.0500000000000004));
#14692=CARTESIAN_POINT('',(-2.,-1.075,6.85685424949238));
#14693=CARTESIAN_POINT('',(-2.,-1.425,0.0500000000000005));
#14694=CARTESIAN_POINT('',(-2.,2.27942664743352E-16,0.0500000000000002));
#14695=CARTESIAN_POINT('',(-2.,-1.425,0.152000000000001));
#14696=CARTESIAN_POINT('',(-2.,-1.425,6.85685424949238));
#14697=CARTESIAN_POINT('',(-2.,-1.575,0.152000000000001));
#14698=CARTESIAN_POINT('',(-2.,-2.,0.152000000000001));
#14699=CARTESIAN_POINT('',(-2.,-1.575,0.0500000000000005));
#14700=CARTESIAN_POINT('',(-2.,-1.575,6.85685424949238));
#14701=CARTESIAN_POINT('',(-2.,-1.975,0.0500000000000007));
#14702=CARTESIAN_POINT('',(-2.,2.27942664743352E-16,0.0500000000000002));
#14703=CARTESIAN_POINT('',(-2.,-1.975,6.85685424949238));
#14704=CARTESIAN_POINT('Origin',(2.,2.,6.85685424949238));
#14705=CARTESIAN_POINT('',(-1.975,2.,0.0499999999999998));
#14706=CARTESIAN_POINT('',(-1.575,2.,0.0499999999999997));
#14707=CARTESIAN_POINT('',(0.,2.,0.0499999999999998));
#14708=CARTESIAN_POINT('',(-1.975,2.,0.575));
#14709=CARTESIAN_POINT('',(-1.975,2.,6.85685424949238));
#14710=CARTESIAN_POINT('',(1.975,2.,0.575));
#14711=CARTESIAN_POINT('',(2.,2.,0.575));
#14712=CARTESIAN_POINT('',(1.975,2.,0.0499999999999998));
#14713=CARTESIAN_POINT('',(1.975,2.,6.85685424949238));
#14714=CARTESIAN_POINT('',(1.575,2.,0.0499999999999997));
#14715=CARTESIAN_POINT('',(0.,2.,0.0499999999999998));
#14716=CARTESIAN_POINT('',(1.575,2.,0.152));
#14717=CARTESIAN_POINT('',(1.575,2.,6.85685424949238));
#14718=CARTESIAN_POINT('',(1.425,2.,0.152));
#14719=CARTESIAN_POINT('',(2.,2.,0.152));
#14720=CARTESIAN_POINT('',(1.425,2.,0.0499999999999997));
#14721=CARTESIAN_POINT('',(1.425,2.,6.85685424949238));
#14722=CARTESIAN_POINT('',(1.075,2.,0.0499999999999996));
#14723=CARTESIAN_POINT('',(0.,2.,0.0499999999999998));
#14724=CARTESIAN_POINT('',(1.075,2.,0.152));
#14725=CARTESIAN_POINT('',(1.075,2.,6.85685424949238));
#14726=CARTESIAN_POINT('',(0.925000000000001,2.,0.152));
#14727=CARTESIAN_POINT('',(2.,2.,0.152));
#14728=CARTESIAN_POINT('',(0.925000000000001,2.,0.0499999999999997));
#14729=CARTESIAN_POINT('',(0.925000000000001,2.,6.85685424949238));
#14730=CARTESIAN_POINT('',(0.575000000000001,2.,0.0499999999999996));
#14731=CARTESIAN_POINT('',(0.,2.,0.0499999999999998));
#14732=CARTESIAN_POINT('',(0.575000000000001,2.,0.152));
#14733=CARTESIAN_POINT('',(0.575000000000001,2.,6.85685424949238));
#14734=CARTESIAN_POINT('',(0.425000000000001,2.,0.152));
#14735=CARTESIAN_POINT('',(2.,2.,0.152));
#14736=CARTESIAN_POINT('',(0.425000000000001,2.,0.0499999999999997));
#14737=CARTESIAN_POINT('',(0.425000000000001,2.,6.85685424949238));
#14738=CARTESIAN_POINT('',(0.0750000000000008,2.,0.0499999999999996));
#14739=CARTESIAN_POINT('',(0.,2.,0.0499999999999998));
#14740=CARTESIAN_POINT('',(0.0750000000000008,2.,0.152));
#14741=CARTESIAN_POINT('',(0.0750000000000008,2.,6.85685424949238));
#14742=CARTESIAN_POINT('',(-0.0749999999999991,2.,0.152));
#14743=CARTESIAN_POINT('',(2.,2.,0.152));
#14744=CARTESIAN_POINT('',(-0.0749999999999991,2.,0.0499999999999997));
#14745=CARTESIAN_POINT('',(-0.0749999999999991,2.,6.85685424949238));
#14746=CARTESIAN_POINT('',(-0.424999999999999,2.,0.0499999999999996));
#14747=CARTESIAN_POINT('',(0.,2.,0.0499999999999998));
#14748=CARTESIAN_POINT('',(-0.424999999999999,2.,0.152));
#14749=CARTESIAN_POINT('',(-0.424999999999999,2.,6.85685424949238));
#14750=CARTESIAN_POINT('',(-0.574999999999999,2.,0.152));
#14751=CARTESIAN_POINT('',(2.,2.,0.152));
#14752=CARTESIAN_POINT('',(-0.574999999999999,2.,0.0499999999999997));
#14753=CARTESIAN_POINT('',(-0.574999999999999,2.,6.85685424949238));
#14754=CARTESIAN_POINT('',(-0.924999999999999,2.,0.0499999999999997));
#14755=CARTESIAN_POINT('',(0.,2.,0.0499999999999998));
#14756=CARTESIAN_POINT('',(-0.924999999999999,2.,0.152));
#14757=CARTESIAN_POINT('',(-0.924999999999999,2.,6.85685424949238));
#14758=CARTESIAN_POINT('',(-1.075,2.,0.152));
#14759=CARTESIAN_POINT('',(2.,2.,0.152));
#14760=CARTESIAN_POINT('',(-1.075,2.,0.0499999999999997));
#14761=CARTESIAN_POINT('',(-1.075,2.,6.85685424949238));
#14762=CARTESIAN_POINT('',(-1.425,2.,0.0499999999999997));
#14763=CARTESIAN_POINT('',(0.,2.,0.0499999999999998));
#14764=CARTESIAN_POINT('',(-1.425,2.,0.152));
#14765=CARTESIAN_POINT('',(-1.425,2.,6.85685424949238));
#14766=CARTESIAN_POINT('',(-1.575,2.,0.152));
#14767=CARTESIAN_POINT('',(2.,2.,0.152));
#14768=CARTESIAN_POINT('',(-1.575,2.,6.85685424949238));
#14769=CARTESIAN_POINT('Origin',(0.,2.27942664743352E-16,0.0500000000000002));
#14770=CARTESIAN_POINT('Origin',(-1.975,1.975,0.0499999999999995));
#14771=CARTESIAN_POINT('',(-1.575,1.95,0.0499999999999998));
#14772=CARTESIAN_POINT('',(-1.575,2.,0.0499999999999998));
#14773=CARTESIAN_POINT('',(-1.625,1.9,0.0499999999999998));
#14774=CARTESIAN_POINT('',(-1.575,1.95,0.0499999999999998));
#14775=CARTESIAN_POINT('',(-1.625,1.775,0.0499999999999998));
#14776=CARTESIAN_POINT('',(-1.625,1.9,0.0499999999999998));
#14777=CARTESIAN_POINT('',(-1.375,1.775,0.0499999999999998));
#14778=CARTESIAN_POINT('Origin',(-1.5,1.775,0.0499999999999998));
#14779=CARTESIAN_POINT('',(-1.375,1.9,0.0499999999999998));
#14780=CARTESIAN_POINT('',(-1.375,1.9,0.0499999999999998));
#14781=CARTESIAN_POINT('',(-1.425,1.95,0.0499999999999998));
#14782=CARTESIAN_POINT('',(-1.425,1.95,0.0499999999999998));
#14783=CARTESIAN_POINT('',(-1.425,2.,0.0499999999999998));
#14784=CARTESIAN_POINT('',(-1.075,1.95,0.0499999999999998));
#14785=CARTESIAN_POINT('',(-1.075,2.,0.0499999999999998));
#14786=CARTESIAN_POINT('',(-1.125,1.9,0.0499999999999998));
#14787=CARTESIAN_POINT('',(-1.075,1.95,0.0499999999999998));
#14788=CARTESIAN_POINT('',(-1.125,1.725,0.0499999999999998));
#14789=CARTESIAN_POINT('',(-1.125,1.9,0.0499999999999998));
#14790=CARTESIAN_POINT('',(-0.875,1.725,0.0499999999999998));
#14791=CARTESIAN_POINT('Origin',(-0.999999999999999,1.725,0.0499999999999998));
#14792=CARTESIAN_POINT('',(-0.875,1.9,0.0499999999999998));
#14793=CARTESIAN_POINT('',(-0.875,1.9,0.0499999999999998));
#14794=CARTESIAN_POINT('',(-0.925,1.95,0.0499999999999998));
#14795=CARTESIAN_POINT('',(-0.925,1.95,0.0499999999999998));
#14796=CARTESIAN_POINT('',(-0.924999999999999,2.,0.0499999999999998));
#14797=CARTESIAN_POINT('',(-0.574999999999999,1.95,0.0499999999999998));
#14798=CARTESIAN_POINT('',(-0.574999999999999,2.,0.0499999999999998));
#14799=CARTESIAN_POINT('',(-0.624999999999999,1.9,0.0499999999999998));
#14800=CARTESIAN_POINT('',(-0.574999999999999,1.95,0.0499999999999998));
#14801=CARTESIAN_POINT('',(-0.624999999999999,1.725,0.0499999999999998));
#14802=CARTESIAN_POINT('',(-0.624999999999999,1.9,0.0499999999999998));
#14803=CARTESIAN_POINT('',(-0.374999999999999,1.725,0.0499999999999998));
#14804=CARTESIAN_POINT('Origin',(-0.499999999999999,1.725,0.0499999999999998));
#14805=CARTESIAN_POINT('',(-0.374999999999999,1.9,0.0499999999999998));
#14806=CARTESIAN_POINT('',(-0.374999999999999,1.9,0.0499999999999998));
#14807=CARTESIAN_POINT('',(-0.425,1.95,0.0499999999999996));
#14808=CARTESIAN_POINT('',(-0.425,1.95,0.0499999999999998));
#14809=CARTESIAN_POINT('',(-0.424999999999999,2.,0.0499999999999995));
#14810=CARTESIAN_POINT('',(-0.0749999999999987,1.95,0.0499999999999998));
#14811=CARTESIAN_POINT('',(-0.0749999999999991,2.,0.0499999999999998));
#14812=CARTESIAN_POINT('',(-0.124999999999999,1.9,0.0499999999999998));
#14813=CARTESIAN_POINT('',(-0.0749999999999987,1.95,0.0499999999999998));
#14814=CARTESIAN_POINT('',(-0.124999999999999,1.725,0.0499999999999998));
#14815=CARTESIAN_POINT('',(-0.124999999999999,1.9,0.0499999999999998));
#14816=CARTESIAN_POINT('',(0.125000000000001,1.725,0.0499999999999998));
#14817=CARTESIAN_POINT('Origin',(8.67361737988404E-16,1.725,0.0499999999999998));
#14818=CARTESIAN_POINT('',(0.125000000000001,1.9,0.0499999999999998));
#14819=CARTESIAN_POINT('',(0.125000000000001,1.9,0.0499999999999998));
#14820=CARTESIAN_POINT('',(0.0750000000000004,1.95,0.0499999999999996));
#14821=CARTESIAN_POINT('',(0.0750000000000004,1.95,0.0499999999999998));
#14822=CARTESIAN_POINT('',(0.0750000000000008,2.,0.0499999999999995));
#14823=CARTESIAN_POINT('',(0.425000000000001,1.95,0.0499999999999998));
#14824=CARTESIAN_POINT('',(0.425000000000001,2.,0.0499999999999998));
#14825=CARTESIAN_POINT('',(0.375000000000001,1.9,0.0499999999999998));
#14826=CARTESIAN_POINT('',(0.425000000000001,1.95,0.0499999999999998));
#14827=CARTESIAN_POINT('',(0.375000000000001,1.725,0.0499999999999998));
#14828=CARTESIAN_POINT('',(0.375000000000001,1.9,0.0499999999999998));
#14829=CARTESIAN_POINT('',(0.625000000000001,1.725,0.0499999999999998));
#14830=CARTESIAN_POINT('Origin',(0.500000000000001,1.725,0.0499999999999998));
#14831=CARTESIAN_POINT('',(0.625000000000001,1.9,0.0499999999999998));
#14832=CARTESIAN_POINT('',(0.625000000000001,1.9,0.0499999999999998));
#14833=CARTESIAN_POINT('',(0.575,1.95,0.0499999999999996));
#14834=CARTESIAN_POINT('',(0.575,1.95,0.0499999999999998));
#14835=CARTESIAN_POINT('',(0.575000000000001,2.,0.0499999999999995));
#14836=CARTESIAN_POINT('',(0.925000000000001,1.95,0.0499999999999998));
#14837=CARTESIAN_POINT('',(0.925000000000001,2.,0.0499999999999998));
#14838=CARTESIAN_POINT('',(0.875000000000001,1.9,0.0499999999999998));
#14839=CARTESIAN_POINT('',(0.925000000000001,1.95,0.0499999999999998));
#14840=CARTESIAN_POINT('',(0.875000000000001,1.725,0.0499999999999998));
#14841=CARTESIAN_POINT('',(0.875000000000001,1.9,0.0499999999999998));
#14842=CARTESIAN_POINT('',(1.125,1.725,0.0499999999999998));
#14843=CARTESIAN_POINT('Origin',(1.,1.725,0.0499999999999998));
#14844=CARTESIAN_POINT('',(1.125,1.9,0.0499999999999998));
#14845=CARTESIAN_POINT('',(1.125,1.9,0.0499999999999998));
#14846=CARTESIAN_POINT('',(1.075,1.95,0.0499999999999996));
#14847=CARTESIAN_POINT('',(1.075,1.95,0.0499999999999998));
#14848=CARTESIAN_POINT('',(1.075,2.,0.0499999999999995));
#14849=CARTESIAN_POINT('',(1.425,1.95,0.0499999999999998));
#14850=CARTESIAN_POINT('',(1.425,2.,0.0499999999999998));
#14851=CARTESIAN_POINT('',(1.375,1.9,0.0499999999999998));
#14852=CARTESIAN_POINT('',(1.425,1.95,0.0499999999999998));
#14853=CARTESIAN_POINT('',(1.375,1.775,0.0499999999999998));
#14854=CARTESIAN_POINT('',(1.375,1.9,0.0499999999999998));
#14855=CARTESIAN_POINT('',(1.625,1.775,0.0499999999999998));
#14856=CARTESIAN_POINT('Origin',(1.5,1.775,0.0499999999999998));
#14857=CARTESIAN_POINT('',(1.625,1.9,0.0499999999999998));
#14858=CARTESIAN_POINT('',(1.625,1.9,0.0499999999999998));
#14859=CARTESIAN_POINT('',(1.575,1.95,0.0499999999999998));
#14860=CARTESIAN_POINT('',(1.575,1.95,0.0499999999999998));
#14861=CARTESIAN_POINT('',(1.575,2.,0.0499999999999998));
#14862=CARTESIAN_POINT('Origin',(1.975,1.975,0.0499999999999995));
#14863=CARTESIAN_POINT('',(1.95,1.575,0.0499999999999999));
#14864=CARTESIAN_POINT('',(2.,1.575,0.0499999999999999));
#14865=CARTESIAN_POINT('',(1.9,1.625,0.0499999999999999));
#14866=CARTESIAN_POINT('',(1.95,1.575,0.0499999999999999));
#14867=CARTESIAN_POINT('',(1.775,1.625,0.0499999999999999));
#14868=CARTESIAN_POINT('',(1.9,1.625,0.0499999999999999));
#14869=CARTESIAN_POINT('',(1.775,1.375,0.0499999999999999));
#14870=CARTESIAN_POINT('Origin',(1.775,1.5,0.0499999999999999));
#14871=CARTESIAN_POINT('',(1.9,1.375,0.0499999999999999));
#14872=CARTESIAN_POINT('',(1.9,1.375,0.0499999999999999));
#14873=CARTESIAN_POINT('',(1.95,1.425,0.0499999999999999));
#14874=CARTESIAN_POINT('',(1.95,1.425,0.0499999999999999));
#14875=CARTESIAN_POINT('',(2.,1.425,0.0499999999999999));
#14876=CARTESIAN_POINT('',(1.95,1.075,0.0499999999999997));
#14877=CARTESIAN_POINT('',(2.,1.075,0.05));
#14878=CARTESIAN_POINT('',(1.9,1.125,0.0499999999999997));
#14879=CARTESIAN_POINT('',(1.95,1.075,0.0499999999999995));
#14880=CARTESIAN_POINT('',(1.72500000000001,1.125,0.05));
#14881=CARTESIAN_POINT('',(1.9,1.125,0.05));
#14882=CARTESIAN_POINT('',(1.72500000000001,0.874999999999997,0.0500000000000001));
#14883=CARTESIAN_POINT('Origin',(1.72500000000001,0.999999999999997,0.05));
#14884=CARTESIAN_POINT('',(1.9,0.874999999999999,0.0499999999999998));
#14885=CARTESIAN_POINT('',(1.9,0.874999999999999,0.0500000000000001));
#14886=CARTESIAN_POINT('',(1.95,0.925,0.0499999999999996));
#14887=CARTESIAN_POINT('',(1.95,0.925,0.0499999999999995));
#14888=CARTESIAN_POINT('',(2.,0.925,0.0499999999999997));
#14889=CARTESIAN_POINT('',(1.95,0.575,0.0499999999999998));
#14890=CARTESIAN_POINT('',(2.,0.575,0.0500000000000001));
#14891=CARTESIAN_POINT('',(1.9,0.625000000000002,0.0499999999999998));
#14892=CARTESIAN_POINT('',(1.95,0.575,0.0499999999999996));
#14893=CARTESIAN_POINT('',(1.72500000000001,0.625000000000002,0.0500000000000001));
#14894=CARTESIAN_POINT('',(1.9,0.625000000000002,0.0500000000000001));
#14895=CARTESIAN_POINT('',(1.72500000000001,0.374999999999997,0.0500000000000002));
#14896=CARTESIAN_POINT('Origin',(1.72500000000001,0.499999999999997,0.0500000000000001));
#14897=CARTESIAN_POINT('',(1.9,0.374999999999998,0.0499999999999999));
#14898=CARTESIAN_POINT('',(1.9,0.374999999999998,0.0500000000000002));
#14899=CARTESIAN_POINT('',(1.95,0.425,0.0499999999999997));
#14900=CARTESIAN_POINT('',(1.95,0.425,0.0499999999999996));
#14901=CARTESIAN_POINT('',(2.,0.425,0.0499999999999998));
#14902=CARTESIAN_POINT('',(1.95,0.075,0.05));
#14903=CARTESIAN_POINT('',(2.,0.075,0.0500000000000002));
#14904=CARTESIAN_POINT('',(1.9,0.125000000000002,0.0499999999999999));
#14905=CARTESIAN_POINT('',(1.95,0.075,0.0499999999999997));
#14906=CARTESIAN_POINT('',(1.72500000000001,0.125000000000001,0.0500000000000002));
#14907=CARTESIAN_POINT('',(1.9,0.125000000000002,0.0500000000000002));
#14908=CARTESIAN_POINT('',(1.72500000000001,-0.125000000000003,0.0500000000000003));
#14909=CARTESIAN_POINT('Origin',(1.72500000000001,-3.02466385271316E-15,
0.0500000000000002));
#14910=CARTESIAN_POINT('',(1.9,-0.125000000000002,0.05));
#14911=CARTESIAN_POINT('',(1.9,-0.125000000000002,0.0500000000000003));
#14912=CARTESIAN_POINT('',(1.95,-0.075,0.0499999999999999));
#14913=CARTESIAN_POINT('',(1.95,-0.075,0.0499999999999997));
#14914=CARTESIAN_POINT('',(2.,-0.075,0.0499999999999999));
#14915=CARTESIAN_POINT('',(1.95,-0.425,0.0500000000000001));
#14916=CARTESIAN_POINT('',(2.,-0.425,0.0500000000000003));
#14917=CARTESIAN_POINT('',(1.9,-0.374999999999998,0.05));
#14918=CARTESIAN_POINT('',(1.95,-0.425,0.0499999999999998));
#14919=CARTESIAN_POINT('',(1.72500000000001,-0.374999999999999,0.0500000000000003));
#14920=CARTESIAN_POINT('',(1.9,-0.374999999999998,0.0500000000000003));
#14921=CARTESIAN_POINT('',(1.72500000000001,-0.625000000000003,0.0500000000000004));
#14922=CARTESIAN_POINT('Origin',(1.72500000000001,-0.500000000000003,0.0500000000000004));
#14923=CARTESIAN_POINT('',(1.9,-0.625000000000002,0.0500000000000001));
#14924=CARTESIAN_POINT('',(1.9,-0.625000000000002,0.0500000000000004));
#14925=CARTESIAN_POINT('',(1.95,-0.575,0.05));
#14926=CARTESIAN_POINT('',(1.95,-0.575,0.0499999999999998));
#14927=CARTESIAN_POINT('',(2.,-0.575,0.05));
#14928=CARTESIAN_POINT('',(1.95,-0.925,0.0500000000000002));
#14929=CARTESIAN_POINT('',(2.,-0.925,0.0500000000000005));
#14930=CARTESIAN_POINT('',(1.9,-0.874999999999998,0.0500000000000001));
#14931=CARTESIAN_POINT('',(1.95,-0.925,0.0499999999999999));
#14932=CARTESIAN_POINT('',(1.72500000000001,-0.874999999999999,0.0500000000000004));
#14933=CARTESIAN_POINT('',(1.9,-0.874999999999998,0.0500000000000004));
#14934=CARTESIAN_POINT('',(1.72500000000001,-1.125,0.0500000000000005));
#14935=CARTESIAN_POINT('Origin',(1.72500000000001,-1.,0.0500000000000005));
#14936=CARTESIAN_POINT('',(1.9,-1.125,0.0500000000000002));
#14937=CARTESIAN_POINT('',(1.9,-1.125,0.0500000000000005));
#14938=CARTESIAN_POINT('',(1.95,-1.075,0.0500000000000001));
#14939=CARTESIAN_POINT('',(1.95,-1.075,0.0499999999999999));
#14940=CARTESIAN_POINT('',(2.,-1.075,0.0500000000000002));
#14941=CARTESIAN_POINT('',(1.95,-1.425,0.0500000000000005));
#14942=CARTESIAN_POINT('',(2.,-1.425,0.0500000000000005));
#14943=CARTESIAN_POINT('',(1.9,-1.375,0.0500000000000005));
#14944=CARTESIAN_POINT('',(1.95,-1.425,0.0500000000000005));
#14945=CARTESIAN_POINT('',(1.775,-1.375,0.0500000000000005));
#14946=CARTESIAN_POINT('',(1.9,-1.375,0.0500000000000005));
#14947=CARTESIAN_POINT('',(1.775,-1.625,0.0500000000000006));
#14948=CARTESIAN_POINT('Origin',(1.775,-1.5,0.0500000000000005));
#14949=CARTESIAN_POINT('',(1.9,-1.625,0.0500000000000006));
#14950=CARTESIAN_POINT('',(1.9,-1.625,0.0500000000000006));
#14951=CARTESIAN_POINT('',(1.95,-1.575,0.0500000000000006));
#14952=CARTESIAN_POINT('',(1.95,-1.575,0.0500000000000006));
#14953=CARTESIAN_POINT('',(2.,-1.575,0.0500000000000006));
#14954=CARTESIAN_POINT('Origin',(1.975,-1.975,0.0500000000000004));
#14955=CARTESIAN_POINT('',(1.575,-1.95,0.0500000000000007));
#14956=CARTESIAN_POINT('',(1.575,-2.,0.0500000000000007));
#14957=CARTESIAN_POINT('',(1.625,-1.9,0.0500000000000006));
#14958=CARTESIAN_POINT('',(1.575,-1.95,0.0500000000000007));
#14959=CARTESIAN_POINT('',(1.625,-1.9,0.0500000000000006));
#14960=CARTESIAN_POINT('',(1.375,-1.9,0.0500000000000006));
#14961=CARTESIAN_POINT('',(1.375,-1.9,0.0500000000000006));
#14962=CARTESIAN_POINT('',(1.425,-1.95,0.0500000000000007));
#14963=CARTESIAN_POINT('',(1.425,-1.95,0.0500000000000007));
#14964=CARTESIAN_POINT('',(1.425,-2.,0.0500000000000007));
#14965=CARTESIAN_POINT('',(1.075,-1.95,0.0500000000000007));
#14966=CARTESIAN_POINT('',(1.075,-2.,0.0500000000000007));
#14967=CARTESIAN_POINT('',(1.125,-1.9,0.0500000000000006));
#14968=CARTESIAN_POINT('',(1.075,-1.95,0.0500000000000007));
#14969=CARTESIAN_POINT('',(1.125,-1.9,0.0500000000000006));
#14970=CARTESIAN_POINT('',(0.875000000000001,-1.9,0.0500000000000006));
#14971=CARTESIAN_POINT('',(0.875000000000001,-1.9,0.0500000000000006));
#14972=CARTESIAN_POINT('',(0.925000000000001,-1.95,0.0500000000000005));
#14973=CARTESIAN_POINT('',(0.925000000000001,-1.95,0.0500000000000007));
#14974=CARTESIAN_POINT('',(0.925000000000001,-2.,0.0500000000000004));
#14975=CARTESIAN_POINT('',(0.575,-1.95,0.0500000000000007));
#14976=CARTESIAN_POINT('',(0.575000000000001,-2.,0.0500000000000007));
#14977=CARTESIAN_POINT('',(0.625000000000001,-1.9,0.0500000000000006));
#14978=CARTESIAN_POINT('',(0.575,-1.95,0.0500000000000007));
#14979=CARTESIAN_POINT('',(0.625000000000001,-1.9,0.0500000000000006));
#14980=CARTESIAN_POINT('',(0.375000000000001,-1.9,0.0500000000000006));
#14981=CARTESIAN_POINT('',(0.375000000000001,-1.9,0.0500000000000006));
#14982=CARTESIAN_POINT('',(0.425000000000001,-1.95,0.0500000000000005));
#14983=CARTESIAN_POINT('',(0.425000000000001,-1.95,0.0500000000000007));
#14984=CARTESIAN_POINT('',(0.425000000000001,-2.,0.0500000000000004));
#14985=CARTESIAN_POINT('',(0.0750000000000004,-1.95,0.0500000000000007));
#14986=CARTESIAN_POINT('',(0.0750000000000008,-2.,0.0500000000000007));
#14987=CARTESIAN_POINT('',(0.125000000000001,-1.9,0.0500000000000006));
#14988=CARTESIAN_POINT('',(0.0750000000000004,-1.95,0.0500000000000007));
#14989=CARTESIAN_POINT('',(0.125000000000001,-1.9,0.0500000000000006));
#14990=CARTESIAN_POINT('',(-0.124999999999999,-1.9,0.0500000000000006));
#14991=CARTESIAN_POINT('',(-0.124999999999999,-1.9,0.0500000000000006));
#14992=CARTESIAN_POINT('',(-0.0749999999999987,-1.95,0.0500000000000005));
#14993=CARTESIAN_POINT('',(-0.0749999999999987,-1.95,0.0500000000000007));
#14994=CARTESIAN_POINT('',(-0.0749999999999991,-2.,0.0500000000000004));
#14995=CARTESIAN_POINT('',(-0.425,-1.95,0.0500000000000007));
#14996=CARTESIAN_POINT('',(-0.424999999999999,-2.,0.0500000000000007));
#14997=CARTESIAN_POINT('',(-0.374999999999999,-1.9,0.0500000000000006));
#14998=CARTESIAN_POINT('',(-0.425,-1.95,0.0500000000000007));
#14999=CARTESIAN_POINT('',(-0.374999999999999,-1.9,0.0500000000000006));
#15000=CARTESIAN_POINT('',(-0.624999999999999,-1.9,0.0500000000000006));
#15001=CARTESIAN_POINT('',(-0.624999999999999,-1.9,0.0500000000000006));
#15002=CARTESIAN_POINT('',(-0.574999999999999,-1.95,0.0500000000000005));
#15003=CARTESIAN_POINT('',(-0.574999999999999,-1.95,0.0500000000000007));
#15004=CARTESIAN_POINT('',(-0.574999999999999,-2.,0.0500000000000004));
#15005=CARTESIAN_POINT('',(-0.925,-1.95,0.0500000000000007));
#15006=CARTESIAN_POINT('',(-0.924999999999999,-2.,0.0500000000000007));
#15007=CARTESIAN_POINT('',(-0.875,-1.9,0.0500000000000006));
#15008=CARTESIAN_POINT('',(-0.925,-1.95,0.0500000000000007));
#15009=CARTESIAN_POINT('',(-0.875,-1.9,0.0500000000000006));
#15010=CARTESIAN_POINT('',(-1.125,-1.9,0.0500000000000006));
#15011=CARTESIAN_POINT('',(-1.125,-1.9,0.0500000000000006));
#15012=CARTESIAN_POINT('',(-1.075,-1.95,0.0500000000000007));
#15013=CARTESIAN_POINT('',(-1.075,-1.95,0.0500000000000007));
#15014=CARTESIAN_POINT('',(-1.075,-2.,0.0500000000000007));
#15015=CARTESIAN_POINT('',(-1.425,-1.95,0.0500000000000007));
#15016=CARTESIAN_POINT('',(-1.425,-2.,0.0500000000000007));
#15017=CARTESIAN_POINT('',(-1.375,-1.9,0.0500000000000006));
#15018=CARTESIAN_POINT('',(-1.425,-1.95,0.0500000000000007));
#15019=CARTESIAN_POINT('',(-1.375,-1.9,0.0500000000000006));
#15020=CARTESIAN_POINT('',(-1.625,-1.9,0.0500000000000006));
#15021=CARTESIAN_POINT('',(-1.625,-1.9,0.0500000000000006));
#15022=CARTESIAN_POINT('',(-1.575,-1.95,0.0500000000000007));
#15023=CARTESIAN_POINT('',(-1.575,-1.95,0.0500000000000007));
#15024=CARTESIAN_POINT('',(-1.575,-2.,0.0500000000000007));
#15025=CARTESIAN_POINT('Origin',(-1.975,-1.975,0.0500000000000004));
#15026=CARTESIAN_POINT('',(-1.95,-1.575,0.0500000000000006));
#15027=CARTESIAN_POINT('',(-2.,-1.575,0.0500000000000006));
#15028=CARTESIAN_POINT('',(-1.9,-1.625,0.0500000000000006));
#15029=CARTESIAN_POINT('',(-1.95,-1.575,0.0500000000000006));
#15030=CARTESIAN_POINT('',(-1.775,-1.625,0.0500000000000006));
#15031=CARTESIAN_POINT('',(-1.9,-1.625,0.0500000000000006));
#15032=CARTESIAN_POINT('',(-1.775,-1.375,0.0500000000000005));
#15033=CARTESIAN_POINT('Origin',(-1.775,-1.5,0.0500000000000005));
#15034=CARTESIAN_POINT('',(-1.9,-1.375,0.0500000000000005));
#15035=CARTESIAN_POINT('',(-1.9,-1.375,0.0500000000000005));
#15036=CARTESIAN_POINT('',(-1.95,-1.425,0.0500000000000005));
#15037=CARTESIAN_POINT('',(-1.95,-1.425,0.0500000000000005));
#15038=CARTESIAN_POINT('',(-2.,-1.425,0.0500000000000005));
#15039=CARTESIAN_POINT('',(-1.95,-1.075,0.0500000000000002));
#15040=CARTESIAN_POINT('',(-2.,-1.075,0.0500000000000005));
#15041=CARTESIAN_POINT('',(-1.9,-1.125,0.0500000000000002));
#15042=CARTESIAN_POINT('',(-1.95,-1.075,0.0499999999999999));
#15043=CARTESIAN_POINT('',(-1.72500000000001,-1.125,0.0500000000000005));
#15044=CARTESIAN_POINT('',(-1.9,-1.125,0.0500000000000005));
#15045=CARTESIAN_POINT('',(-1.72500000000001,-0.875,0.0500000000000004));
#15046=CARTESIAN_POINT('Origin',(-1.72500000000001,-1.,0.0500000000000005));
#15047=CARTESIAN_POINT('',(-1.9,-0.874999999999998,0.0500000000000002));
#15048=CARTESIAN_POINT('',(-1.9,-0.874999999999998,0.0500000000000004));
#15049=CARTESIAN_POINT('',(-1.95,-0.925,0.05));
#15050=CARTESIAN_POINT('',(-1.95,-0.925,0.0499999999999999));
#15051=CARTESIAN_POINT('',(-2.,-0.925,0.0500000000000001));
#15052=CARTESIAN_POINT('',(-1.95,-0.575,0.0500000000000001));
#15053=CARTESIAN_POINT('',(-2.,-0.575,0.0500000000000004));
#15054=CARTESIAN_POINT('',(-1.9,-0.625000000000002,0.0500000000000001));
#15055=CARTESIAN_POINT('',(-1.95,-0.575,0.0499999999999998));
#15056=CARTESIAN_POINT('',(-1.72500000000001,-0.625000000000001,0.0500000000000004));
#15057=CARTESIAN_POINT('',(-1.9,-0.625000000000002,0.0500000000000004));
#15058=CARTESIAN_POINT('',(-1.72500000000001,-0.375,0.0500000000000003));
#15059=CARTESIAN_POINT('Origin',(-1.72500000000001,-0.500000000000002,0.0500000000000004));
#15060=CARTESIAN_POINT('',(-1.9,-0.374999999999998,0.0500000000000001));
#15061=CARTESIAN_POINT('',(-1.9,-0.374999999999998,0.0500000000000003));
#15062=CARTESIAN_POINT('',(-1.95,-0.425,0.0499999999999999));
#15063=CARTESIAN_POINT('',(-1.95,-0.425,0.0499999999999998));
#15064=CARTESIAN_POINT('',(-2.,-0.425,0.05));
#15065=CARTESIAN_POINT('',(-1.95,-0.075,0.05));
#15066=CARTESIAN_POINT('',(-2.,-0.075,0.0500000000000003));
#15067=CARTESIAN_POINT('',(-1.9,-0.125000000000002,0.0499999999999999));
#15068=CARTESIAN_POINT('',(-1.95,-0.075,0.0499999999999997));
#15069=CARTESIAN_POINT('',(-1.72500000000001,-0.125000000000001,0.0500000000000003));
#15070=CARTESIAN_POINT('',(-1.9,-0.125000000000002,0.0500000000000003));
#15071=CARTESIAN_POINT('',(-1.72500000000001,0.125,0.0500000000000002));
#15072=CARTESIAN_POINT('Origin',(-1.72500000000001,-2.15730211472476E-15,
0.0500000000000002));
#15073=CARTESIAN_POINT('',(-1.9,0.125000000000002,0.0499999999999999));
#15074=CARTESIAN_POINT('',(-1.9,0.125000000000002,0.0500000000000002));
#15075=CARTESIAN_POINT('',(-1.95,0.075,0.0499999999999998));
#15076=CARTESIAN_POINT('',(-1.95,0.075,0.0499999999999997));
#15077=CARTESIAN_POINT('',(-2.,0.075,0.0499999999999999));
#15078=CARTESIAN_POINT('',(-1.95,0.425,0.0499999999999999));
#15079=CARTESIAN_POINT('',(-2.,0.425,0.0500000000000001));
#15080=CARTESIAN_POINT('',(-1.9,0.374999999999998,0.0499999999999998));
#15081=CARTESIAN_POINT('',(-1.95,0.425,0.0499999999999996));
#15082=CARTESIAN_POINT('',(-1.72500000000001,0.374999999999999,0.0500000000000002));
#15083=CARTESIAN_POINT('',(-1.9,0.374999999999998,0.0500000000000002));
#15084=CARTESIAN_POINT('',(-1.72500000000001,0.625,0.0500000000000001));
#15085=CARTESIAN_POINT('Origin',(-1.72500000000001,0.499999999999998,0.0500000000000001));
#15086=CARTESIAN_POINT('',(-1.9,0.625000000000002,0.0499999999999998));
#15087=CARTESIAN_POINT('',(-1.9,0.625000000000002,0.0500000000000001));
#15088=CARTESIAN_POINT('',(-1.95,0.575,0.0499999999999997));
#15089=CARTESIAN_POINT('',(-1.95,0.575,0.0499999999999996));
#15090=CARTESIAN_POINT('',(-2.,0.575,0.0499999999999998));
#15091=CARTESIAN_POINT('',(-1.95,0.925,0.0499999999999998));
#15092=CARTESIAN_POINT('',(-2.,0.925,0.05));
#15093=CARTESIAN_POINT('',(-1.9,0.874999999999999,0.0499999999999997));
#15094=CARTESIAN_POINT('',(-1.95,0.925,0.0499999999999995));
#15095=CARTESIAN_POINT('',(-1.72500000000001,0.874999999999999,0.0500000000000001));
#15096=CARTESIAN_POINT('',(-1.9,0.874999999999999,0.0500000000000001));
#15097=CARTESIAN_POINT('',(-1.72500000000001,1.125,0.05));
#15098=CARTESIAN_POINT('Origin',(-1.72500000000001,0.999999999999998,0.05));
#15099=CARTESIAN_POINT('',(-1.9,1.125,0.0499999999999997));
#15100=CARTESIAN_POINT('',(-1.9,1.125,0.05));
#15101=CARTESIAN_POINT('',(-1.95,1.075,0.0499999999999996));
#15102=CARTESIAN_POINT('',(-1.95,1.075,0.0499999999999995));
#15103=CARTESIAN_POINT('',(-2.,1.075,0.0499999999999997));
#15104=CARTESIAN_POINT('',(-1.95,1.425,0.0499999999999999));
#15105=CARTESIAN_POINT('',(-2.,1.425,0.0499999999999999));
#15106=CARTESIAN_POINT('',(-1.9,1.375,0.0499999999999999));
#15107=CARTESIAN_POINT('',(-1.95,1.425,0.0499999999999999));
#15108=CARTESIAN_POINT('',(-1.775,1.375,0.0499999999999999));
#15109=CARTESIAN_POINT('',(-1.9,1.375,0.0499999999999999));
#15110=CARTESIAN_POINT('',(-1.65010004003203,1.495,0.0499999999999998));
#15111=CARTESIAN_POINT('Origin',(-1.775,1.5,0.0499999999999999));
#15112=CARTESIAN_POINT('',(-1.78010004003203,1.625,0.0499999999999998));
#15113=CARTESIAN_POINT('',(-1.78010004003203,1.625,0.0499999999999997));
#15114=CARTESIAN_POINT('',(-1.9,1.625,0.0499999999999999));
#15115=CARTESIAN_POINT('',(-1.9,1.625,0.0499999999999999));
#15116=CARTESIAN_POINT('',(-1.95,1.575,0.0499999999999999));
#15117=CARTESIAN_POINT('',(-1.95,1.575,0.0499999999999999));
#15118=CARTESIAN_POINT('',(-2.,1.575,0.0499999999999999));
#15119=CARTESIAN_POINT('Origin',(2.,-1.575,0.152000000000001));
#15120=CARTESIAN_POINT('',(1.95,-1.575,0.152000000000001));
#15121=CARTESIAN_POINT('',(1.95,-1.575,0.152000000000001));
#15122=CARTESIAN_POINT('',(2.,-1.575,0.152000000000001));
#15123=CARTESIAN_POINT('Origin',(1.775,-1.5,0.152000000000001));
#15124=CARTESIAN_POINT('',(1.95,-1.425,0.152000000000001));
#15125=CARTESIAN_POINT('',(1.775,-1.425,0.152000000000001));
#15126=CARTESIAN_POINT('',(1.9,-1.625,0.152000000000001));
#15127=CARTESIAN_POINT('',(1.95,-1.575,0.152000000000001));
#15128=CARTESIAN_POINT('',(1.775,-1.625,0.152000000000001));
#15129=CARTESIAN_POINT('',(1.775,-1.625,0.152000000000001));
#15130=CARTESIAN_POINT('',(1.775,-1.375,0.152000000000001));
#15131=CARTESIAN_POINT('Origin',(1.775,-1.5,0.152000000000001));
#15132=CARTESIAN_POINT('',(1.9,-1.375,0.152000000000001));
#15133=CARTESIAN_POINT('',(1.775,-1.375,0.152000000000001));
#15134=CARTESIAN_POINT('',(1.9,-1.375,0.152000000000001));
#15135=CARTESIAN_POINT('Origin',(2.,-1.425,0.152000000000001));
#15136=CARTESIAN_POINT('',(1.95,-1.425,0.152000000000001));
#15137=CARTESIAN_POINT('Origin',(2.,-1.075,0.62369905660283));
#15138=CARTESIAN_POINT('',(1.95,-1.075,0.152));
#15139=CARTESIAN_POINT('',(2.,-1.075,0.152));
#15140=CARTESIAN_POINT('',(1.95,-1.075,0.62369905660283));
#15141=CARTESIAN_POINT('Origin',(-0.999999999999999,1.725,0.152));
#15142=CARTESIAN_POINT('',(1.95,-0.925,0.152));
#15143=CARTESIAN_POINT('',(1.9,-0.874999999999998,0.152));
#15144=CARTESIAN_POINT('',(1.95,-0.925,0.152));
#15145=CARTESIAN_POINT('',(-0.999999999999999,-0.925,0.152));
#15146=CARTESIAN_POINT('',(1.9,-1.125,0.152));
#15147=CARTESIAN_POINT('',(1.9,-1.125,0.152));
#15148=CARTESIAN_POINT('',(1.72500000000001,-1.125,0.152));
#15149=CARTESIAN_POINT('',(-0.999999999999999,-1.125,0.152));
#15150=CARTESIAN_POINT('',(1.72500000000001,-0.874999999999998,0.152));
#15151=CARTESIAN_POINT('Origin',(1.72500000000001,-1.,0.152));
#15152=CARTESIAN_POINT('',(-0.999999999999999,-0.874999999999998,0.152));
#15153=CARTESIAN_POINT('Origin',(2.,-0.925,0.62369905660283));
#15154=CARTESIAN_POINT('',(1.95,-0.925,0.62369905660283));
#15155=CARTESIAN_POINT('Origin',(2.,-0.575,0.62369905660283));
#15156=CARTESIAN_POINT('',(1.95,-0.575,0.152));
#15157=CARTESIAN_POINT('',(2.,-0.575,0.152));
#15158=CARTESIAN_POINT('',(1.95,-0.575,0.62369905660283));
#15159=CARTESIAN_POINT('Origin',(-0.999999999999999,1.725,0.152));
#15160=CARTESIAN_POINT('',(1.95,-0.425,0.152));
#15161=CARTESIAN_POINT('',(1.9,-0.374999999999999,0.152));
#15162=CARTESIAN_POINT('',(1.95,-0.425,0.152));
#15163=CARTESIAN_POINT('',(-0.999999999999999,-0.425,0.152));
#15164=CARTESIAN_POINT('',(1.9,-0.625000000000002,0.152));
#15165=CARTESIAN_POINT('',(1.9,-0.625000000000001,0.152));
#15166=CARTESIAN_POINT('',(1.72500000000001,-0.625000000000003,0.152));
#15167=CARTESIAN_POINT('',(-0.999999999999999,-0.625000000000001,0.152));
#15168=CARTESIAN_POINT('',(1.72500000000001,-0.374999999999999,0.152));
#15169=CARTESIAN_POINT('Origin',(1.72500000000001,-0.500000000000003,0.152));
#15170=CARTESIAN_POINT('',(-0.999999999999999,-0.374999999999999,0.152));
#15171=CARTESIAN_POINT('Origin',(2.,-0.425,0.62369905660283));
#15172=CARTESIAN_POINT('',(1.95,-0.425,0.62369905660283));
#15173=CARTESIAN_POINT('Origin',(2.,-0.0749999999999998,0.62369905660283));
#15174=CARTESIAN_POINT('',(1.95,-0.0749999999999999,0.152));
#15175=CARTESIAN_POINT('',(2.,-0.0749999999999999,0.152));
#15176=CARTESIAN_POINT('',(1.95,-0.0749999999999998,0.62369905660283));
#15177=CARTESIAN_POINT('Origin',(-0.999999999999999,1.725,0.152));
#15178=CARTESIAN_POINT('',(1.95,0.075,0.152));
#15179=CARTESIAN_POINT('',(1.9,0.125000000000002,0.152));
#15180=CARTESIAN_POINT('',(1.95,0.075,0.152));
#15181=CARTESIAN_POINT('',(-0.999999999999999,0.0749999999999998,0.152));
#15182=CARTESIAN_POINT('',(1.9,-0.125000000000002,0.152));
#15183=CARTESIAN_POINT('',(1.9,-0.125000000000002,0.152));
#15184=CARTESIAN_POINT('',(1.72500000000001,-0.125000000000003,0.152));
#15185=CARTESIAN_POINT('',(-0.999999999999999,-0.125000000000001,0.152));
#15186=CARTESIAN_POINT('',(1.72500000000001,0.125000000000002,0.152));
#15187=CARTESIAN_POINT('Origin',(1.72500000000001,-3.00201530301081E-15,
0.152));
#15188=CARTESIAN_POINT('',(-0.999999999999999,0.125000000000002,0.152));
#15189=CARTESIAN_POINT('Origin',(2.,0.0750000000000001,0.62369905660283));
#15190=CARTESIAN_POINT('',(1.95,0.0750000000000001,0.62369905660283));
#15191=CARTESIAN_POINT('Origin',(2.,0.425,0.62369905660283));
#15192=CARTESIAN_POINT('',(1.95,0.425,0.152));
#15193=CARTESIAN_POINT('',(2.,0.425,0.152));
#15194=CARTESIAN_POINT('',(1.95,0.425,0.62369905660283));
#15195=CARTESIAN_POINT('Origin',(-0.999999999999999,1.725,0.152));
#15196=CARTESIAN_POINT('',(1.95,0.575,0.152));
#15197=CARTESIAN_POINT('',(1.9,0.625000000000002,0.152));
#15198=CARTESIAN_POINT('',(1.95,0.575,0.152));
#15199=CARTESIAN_POINT('',(-0.999999999999999,0.575,0.152));
#15200=CARTESIAN_POINT('',(1.9,0.374999999999998,0.152));
#15201=CARTESIAN_POINT('',(1.9,0.374999999999998,0.152));
#15202=CARTESIAN_POINT('',(1.72500000000001,0.374999999999997,0.152));
#15203=CARTESIAN_POINT('',(-0.999999999999999,0.374999999999999,0.152));
#15204=CARTESIAN_POINT('',(1.72500000000001,0.625000000000002,0.152));
#15205=CARTESIAN_POINT('Origin',(1.72500000000001,0.499999999999997,0.152));
#15206=CARTESIAN_POINT('',(-0.999999999999999,0.625000000000002,0.152));
#15207=CARTESIAN_POINT('Origin',(2.,0.575,0.62369905660283));
#15208=CARTESIAN_POINT('',(1.95,0.575,0.62369905660283));
#15209=CARTESIAN_POINT('Origin',(2.,0.925,0.62369905660283));
#15210=CARTESIAN_POINT('',(1.95,0.925,0.152));
#15211=CARTESIAN_POINT('',(2.,0.925,0.152));
#15212=CARTESIAN_POINT('',(1.95,0.925,0.62369905660283));
#15213=CARTESIAN_POINT('Origin',(-0.999999999999999,1.725,0.152));
#15214=CARTESIAN_POINT('',(1.95,1.075,0.152));
#15215=CARTESIAN_POINT('',(1.9,1.125,0.152));
#15216=CARTESIAN_POINT('',(1.95,1.075,0.152));
#15217=CARTESIAN_POINT('',(-0.999999999999999,1.075,0.152));
#15218=CARTESIAN_POINT('',(1.9,0.874999999999999,0.152));
#15219=CARTESIAN_POINT('',(1.9,0.874999999999999,0.152));
#15220=CARTESIAN_POINT('',(1.72500000000001,0.874999999999997,0.152));
#15221=CARTESIAN_POINT('',(-0.999999999999999,0.874999999999999,0.152));
#15222=CARTESIAN_POINT('',(1.72500000000001,1.125,0.152));
#15223=CARTESIAN_POINT('Origin',(1.72500000000001,0.999999999999997,0.152));
#15224=CARTESIAN_POINT('',(-0.999999999999999,1.125,0.152));
#15225=CARTESIAN_POINT('Origin',(2.,1.075,0.62369905660283));
#15226=CARTESIAN_POINT('',(1.95,1.075,0.62369905660283));
#15227=CARTESIAN_POINT('Origin',(2.,1.425,0.152));
#15228=CARTESIAN_POINT('',(1.95,1.425,0.152));
#15229=CARTESIAN_POINT('',(1.95,1.425,0.152));
#15230=CARTESIAN_POINT('',(2.,1.425,0.152));
#15231=CARTESIAN_POINT('Origin',(1.775,1.5,0.152));
#15232=CARTESIAN_POINT('',(1.9,1.375,0.152));
#15233=CARTESIAN_POINT('',(1.9,1.375,0.152));
#15234=CARTESIAN_POINT('',(1.775,1.375,0.152));
#15235=CARTESIAN_POINT('',(1.775,1.375,0.152));
#15236=CARTESIAN_POINT('',(1.775,1.625,0.152));
#15237=CARTESIAN_POINT('Origin',(1.775,1.5,0.152));
#15238=CARTESIAN_POINT('',(1.9,1.625,0.152));
#15239=CARTESIAN_POINT('',(1.775,1.625,0.152));
#15240=CARTESIAN_POINT('',(1.95,1.575,0.152));
#15241=CARTESIAN_POINT('',(1.95,1.575,0.152));
#15242=CARTESIAN_POINT('',(1.775,1.575,0.152));
#15243=CARTESIAN_POINT('Origin',(2.,1.575,0.152));
#15244=CARTESIAN_POINT('',(1.95,1.575,0.152));
#15245=CARTESIAN_POINT('Origin',(1.425,-2.,0.152000000000001));
#15246=CARTESIAN_POINT('',(1.425,-1.95,0.152000000000001));
#15247=CARTESIAN_POINT('',(1.425,-1.95,0.152000000000001));
#15248=CARTESIAN_POINT('',(1.425,-2.,0.152000000000001));
#15249=CARTESIAN_POINT('Origin',(1.5,-1.775,0.152000000000001));
#15250=CARTESIAN_POINT('',(1.575,-1.95,0.152000000000001));
#15251=CARTESIAN_POINT('',(1.575,-1.775,0.152000000000001));
#15252=CARTESIAN_POINT('',(1.375,-1.9,0.152000000000001));
#15253=CARTESIAN_POINT('',(1.375,-1.9,0.152000000000001));
#15254=CARTESIAN_POINT('',(1.375,-1.775,0.152000000000001));
#15255=CARTESIAN_POINT('',(1.625,-1.9,0.152000000000001));
#15256=CARTESIAN_POINT('',(1.625,-1.775,0.152000000000001));
#15257=CARTESIAN_POINT('',(1.575,-1.95,0.152000000000001));
#15258=CARTESIAN_POINT('Origin',(1.575,-2.,0.152000000000001));
#15259=CARTESIAN_POINT('',(1.575,-1.95,0.152000000000001));
#15260=CARTESIAN_POINT('Origin',(-1.575,-2.,0.152000000000001));
#15261=CARTESIAN_POINT('',(-1.575,-1.95,0.152000000000001));
#15262=CARTESIAN_POINT('',(-1.575,-1.95,0.152000000000001));
#15263=CARTESIAN_POINT('',(-1.575,-2.,0.152000000000001));
#15264=CARTESIAN_POINT('Origin',(-1.5,-1.775,0.152000000000001));
#15265=CARTESIAN_POINT('',(-1.425,-1.95,0.152000000000001));
#15266=CARTESIAN_POINT('',(-1.425,-1.775,0.152000000000001));
#15267=CARTESIAN_POINT('',(-1.625,-1.9,0.152000000000001));
#15268=CARTESIAN_POINT('',(-1.575,-1.95,0.152000000000001));
#15269=CARTESIAN_POINT('',(-1.625,-1.775,0.152000000000001));
#15270=CARTESIAN_POINT('',(-1.375,-1.9,0.152000000000001));
#15271=CARTESIAN_POINT('',(-1.375,-1.775,0.152000000000001));
#15272=CARTESIAN_POINT('',(-1.375,-1.9,0.152000000000001));
#15273=CARTESIAN_POINT('Origin',(-1.425,-2.,0.152000000000001));
#15274=CARTESIAN_POINT('',(-1.425,-1.95,0.152000000000001));
#15275=CARTESIAN_POINT('Origin',(-1.075,-2.,0.152000000000001));
#15276=CARTESIAN_POINT('',(-1.075,-1.95,0.152000000000001));
#15277=CARTESIAN_POINT('',(-1.075,-2.,0.152000000000001));
#15278=CARTESIAN_POINT('',(-1.075,-1.95,0.152000000000001));
#15279=CARTESIAN_POINT('Origin',(-0.999999999999999,-1.725,0.152000000000001));
#15280=CARTESIAN_POINT('',(-1.125,-1.9,0.152000000000001));
#15281=CARTESIAN_POINT('',(-1.125,-1.725,0.152000000000001));
#15282=CARTESIAN_POINT('',(-0.875,-1.9,0.152000000000001));
#15283=CARTESIAN_POINT('',(-0.875,-1.725,0.152000000000001));
#15284=CARTESIAN_POINT('',(-0.925,-1.95,0.152000000000001));
#15285=CARTESIAN_POINT('',(-0.875,-1.9,0.152000000000001));
#15286=CARTESIAN_POINT('',(-0.925,-1.725,0.152000000000001));
#15287=CARTESIAN_POINT('',(-1.075,-1.95,0.152000000000001));
#15288=CARTESIAN_POINT('Origin',(-0.924999999999999,-2.,0.152000000000001));
#15289=CARTESIAN_POINT('',(-0.925,-1.95,0.152000000000001));
#15290=CARTESIAN_POINT('Origin',(-0.574999999999999,-2.,0.152000000000001));
#15291=CARTESIAN_POINT('',(-0.574999999999999,-1.95,0.152000000000001));
#15292=CARTESIAN_POINT('',(-0.574999999999999,-2.,0.152000000000001));
#15293=CARTESIAN_POINT('',(-0.574999999999999,-1.95,0.152000000000001));
#15294=CARTESIAN_POINT('Origin',(-0.499999999999999,-1.725,0.152000000000001));
#15295=CARTESIAN_POINT('',(-0.624999999999999,-1.9,0.152000000000001));
#15296=CARTESIAN_POINT('',(-0.624999999999999,-1.725,0.152000000000001));
#15297=CARTESIAN_POINT('',(-0.374999999999999,-1.9,0.152000000000001));
#15298=CARTESIAN_POINT('',(-0.374999999999999,-1.725,0.152000000000001));
#15299=CARTESIAN_POINT('',(-0.425,-1.95,0.152000000000001));
#15300=CARTESIAN_POINT('',(-0.374999999999999,-1.9,0.152000000000001));
#15301=CARTESIAN_POINT('',(-0.425,-1.725,0.152000000000001));
#15302=CARTESIAN_POINT('',(-0.574999999999999,-1.95,0.152000000000001));
#15303=CARTESIAN_POINT('Origin',(-0.424999999999999,-2.,0.152000000000001));
#15304=CARTESIAN_POINT('',(-0.425,-1.95,0.152000000000001));
#15305=CARTESIAN_POINT('Origin',(-0.0749999999999991,-2.,0.152000000000001));
#15306=CARTESIAN_POINT('',(-0.0749999999999987,-1.95,0.152000000000001));
#15307=CARTESIAN_POINT('',(-0.0749999999999991,-2.,0.152000000000001));
#15308=CARTESIAN_POINT('',(-0.0749999999999987,-1.95,0.152000000000001));
#15309=CARTESIAN_POINT('Origin',(8.67361737988404E-16,-1.725,0.152000000000001));
#15310=CARTESIAN_POINT('',(-0.124999999999999,-1.9,0.152000000000001));
#15311=CARTESIAN_POINT('',(-0.124999999999999,-1.725,0.152000000000001));
#15312=CARTESIAN_POINT('',(0.125000000000001,-1.9,0.152000000000001));
#15313=CARTESIAN_POINT('',(0.125000000000001,-1.725,0.152000000000001));
#15314=CARTESIAN_POINT('',(0.0750000000000004,-1.95,0.152000000000001));
#15315=CARTESIAN_POINT('',(0.125000000000001,-1.9,0.152000000000001));
#15316=CARTESIAN_POINT('',(0.0750000000000004,-1.725,0.152000000000001));
#15317=CARTESIAN_POINT('',(-0.0749999999999987,-1.95,0.152000000000001));
#15318=CARTESIAN_POINT('Origin',(0.0750000000000008,-2.,0.152000000000001));
#15319=CARTESIAN_POINT('',(0.0750000000000004,-1.95,0.152000000000001));
#15320=CARTESIAN_POINT('Origin',(0.425000000000001,-2.,0.152000000000001));
#15321=CARTESIAN_POINT('',(0.425000000000001,-1.95,0.152000000000001));
#15322=CARTESIAN_POINT('',(0.425000000000001,-2.,0.152000000000001));
#15323=CARTESIAN_POINT('',(0.425000000000001,-1.95,0.152000000000001));
#15324=CARTESIAN_POINT('Origin',(0.500000000000001,-1.725,0.152000000000001));
#15325=CARTESIAN_POINT('',(0.375000000000001,-1.9,0.152000000000001));
#15326=CARTESIAN_POINT('',(0.375000000000001,-1.725,0.152000000000001));
#15327=CARTESIAN_POINT('',(0.625000000000001,-1.9,0.152000000000001));
#15328=CARTESIAN_POINT('',(0.625000000000001,-1.725,0.152000000000001));
#15329=CARTESIAN_POINT('',(0.575,-1.95,0.152000000000001));
#15330=CARTESIAN_POINT('',(0.625000000000001,-1.9,0.152000000000001));
#15331=CARTESIAN_POINT('',(0.575,-1.725,0.152000000000001));
#15332=CARTESIAN_POINT('',(0.425000000000001,-1.95,0.152000000000001));
#15333=CARTESIAN_POINT('Origin',(0.575000000000001,-2.,0.152000000000001));
#15334=CARTESIAN_POINT('',(0.575,-1.95,0.152000000000001));
#15335=CARTESIAN_POINT('Origin',(0.925000000000001,-2.,0.152000000000001));
#15336=CARTESIAN_POINT('',(0.925000000000001,-1.95,0.152000000000001));
#15337=CARTESIAN_POINT('',(0.925000000000001,-2.,0.152000000000001));
#15338=CARTESIAN_POINT('',(0.925000000000001,-1.95,0.152000000000001));
#15339=CARTESIAN_POINT('Origin',(1.,-1.725,0.152000000000001));
#15340=CARTESIAN_POINT('',(0.875000000000001,-1.9,0.152000000000001));
#15341=CARTESIAN_POINT('',(0.875000000000001,-1.725,0.152000000000001));
#15342=CARTESIAN_POINT('',(1.125,-1.9,0.152000000000001));
#15343=CARTESIAN_POINT('',(1.125,-1.725,0.152000000000001));
#15344=CARTESIAN_POINT('',(1.075,-1.95,0.152000000000001));
#15345=CARTESIAN_POINT('',(1.125,-1.9,0.152000000000001));
#15346=CARTESIAN_POINT('',(1.075,-1.725,0.152000000000001));
#15347=CARTESIAN_POINT('',(0.925000000000001,-1.95,0.152000000000001));
#15348=CARTESIAN_POINT('Origin',(1.075,-2.,0.152000000000001));
#15349=CARTESIAN_POINT('',(1.075,-1.95,0.152000000000001));
#15350=CARTESIAN_POINT('Origin',(-2.,-1.425,0.152000000000001));
#15351=CARTESIAN_POINT('',(-1.95,-1.425,0.152000000000001));
#15352=CARTESIAN_POINT('',(-1.95,-1.425,0.152000000000001));
#15353=CARTESIAN_POINT('',(-2.,-1.425,0.152000000000001));
#15354=CARTESIAN_POINT('Origin',(-1.775,-1.5,0.152000000000001));
#15355=CARTESIAN_POINT('',(-1.95,-1.575,0.152000000000001));
#15356=CARTESIAN_POINT('',(-1.775,-1.575,0.152000000000001));
#15357=CARTESIAN_POINT('',(-1.9,-1.375,0.152000000000001));
#15358=CARTESIAN_POINT('',(-1.9,-1.375,0.152000000000001));
#15359=CARTESIAN_POINT('',(-1.775,-1.375,0.152000000000001));
#15360=CARTESIAN_POINT('',(-1.775,-1.375,0.152000000000001));
#15361=CARTESIAN_POINT('',(-1.775,-1.625,0.152000000000001));
#15362=CARTESIAN_POINT('Origin',(-1.775,-1.5,0.152000000000001));
#15363=CARTESIAN_POINT('',(-1.9,-1.625,0.152000000000001));
#15364=CARTESIAN_POINT('',(-1.775,-1.625,0.152000000000001));
#15365=CARTESIAN_POINT('',(-1.95,-1.575,0.152000000000001));
#15366=CARTESIAN_POINT('Origin',(-2.,-1.575,0.152000000000001));
#15367=CARTESIAN_POINT('',(-1.95,-1.575,0.152000000000001));
#15368=CARTESIAN_POINT('Origin',(-2.,1.575,0.152));
#15369=CARTESIAN_POINT('',(-1.95,1.575,0.152));
#15370=CARTESIAN_POINT('',(-1.95,1.575,0.152));
#15371=CARTESIAN_POINT('',(-2.,1.575,0.152));
#15372=CARTESIAN_POINT('Origin',(-1.775,1.5,0.152));
#15373=CARTESIAN_POINT('',(-1.95,1.425,0.152));
#15374=CARTESIAN_POINT('',(-1.775,1.425,0.152));
#15375=CARTESIAN_POINT('',(-1.9,1.625,0.152));
#15376=CARTESIAN_POINT('',(-1.95,1.575,0.152));
#15377=CARTESIAN_POINT('',(-1.78010004003203,1.625,0.152));
#15378=CARTESIAN_POINT('',(-1.775,1.625,0.152));
#15379=CARTESIAN_POINT('',(-1.65010004003203,1.495,0.152));
#15380=CARTESIAN_POINT('',(-1.78010004003203,1.625,0.152));
#15381=CARTESIAN_POINT('',(-1.775,1.375,0.152));
#15382=CARTESIAN_POINT('Origin',(-1.775,1.5,0.152));
#15383=CARTESIAN_POINT('',(-1.9,1.375,0.152));
#15384=CARTESIAN_POINT('',(-1.775,1.375,0.152));
#15385=CARTESIAN_POINT('',(-1.9,1.375,0.152));
#15386=CARTESIAN_POINT('Origin',(-2.,1.425,0.152));
#15387=CARTESIAN_POINT('',(-1.95,1.425,0.152));
#15388=CARTESIAN_POINT('Origin',(-2.,1.075,0.62369905660283));
#15389=CARTESIAN_POINT('',(-1.95,1.075,0.152));
#15390=CARTESIAN_POINT('',(-2.,1.075,0.152));
#15391=CARTESIAN_POINT('',(-1.95,1.075,0.62369905660283));
#15392=CARTESIAN_POINT('Origin',(-0.999999999999999,1.725,0.152));
#15393=CARTESIAN_POINT('',(-1.95,0.925,0.152));
#15394=CARTESIAN_POINT('',(-1.9,0.874999999999999,0.152));
#15395=CARTESIAN_POINT('',(-1.95,0.925,0.152));
#15396=CARTESIAN_POINT('',(-0.999999999999999,0.925,0.152));
#15397=CARTESIAN_POINT('',(-1.9,1.125,0.152));
#15398=CARTESIAN_POINT('',(-1.9,1.125,0.152));
#15399=CARTESIAN_POINT('',(-1.72500000000001,1.125,0.152));
#15400=CARTESIAN_POINT('',(-0.999999999999999,1.125,0.152));
#15401=CARTESIAN_POINT('',(-1.72500000000001,0.874999999999999,0.152));
#15402=CARTESIAN_POINT('Origin',(-1.72500000000001,0.999999999999998,0.152));
#15403=CARTESIAN_POINT('',(-0.999999999999999,0.874999999999999,0.152));
#15404=CARTESIAN_POINT('Origin',(-2.,0.925,0.62369905660283));
#15405=CARTESIAN_POINT('',(-1.95,0.925,0.62369905660283));
#15406=CARTESIAN_POINT('Origin',(-2.,0.575,0.62369905660283));
#15407=CARTESIAN_POINT('',(-1.95,0.575,0.152));
#15408=CARTESIAN_POINT('',(-2.,0.575,0.152));
#15409=CARTESIAN_POINT('',(-1.95,0.575,0.62369905660283));
#15410=CARTESIAN_POINT('Origin',(-0.999999999999999,1.725,0.152));
#15411=CARTESIAN_POINT('',(-1.95,0.425,0.152));
#15412=CARTESIAN_POINT('',(-1.9,0.374999999999998,0.152));
#15413=CARTESIAN_POINT('',(-1.95,0.425,0.152));
#15414=CARTESIAN_POINT('',(-0.999999999999999,0.425,0.152));
#15415=CARTESIAN_POINT('',(-1.9,0.625000000000002,0.152));
#15416=CARTESIAN_POINT('',(-1.9,0.625000000000002,0.152));
#15417=CARTESIAN_POINT('',(-1.72500000000001,0.625,0.152));
#15418=CARTESIAN_POINT('',(-0.999999999999999,0.625000000000002,0.152));
#15419=CARTESIAN_POINT('',(-1.72500000000001,0.374999999999999,0.152));
#15420=CARTESIAN_POINT('Origin',(-1.72500000000001,0.499999999999998,0.152));
#15421=CARTESIAN_POINT('',(-0.999999999999999,0.374999999999998,0.152));
#15422=CARTESIAN_POINT('Origin',(-2.,0.425,0.62369905660283));
#15423=CARTESIAN_POINT('',(-1.95,0.425,0.62369905660283));
#15424=CARTESIAN_POINT('Origin',(-2.,0.0750000000000001,0.62369905660283));
#15425=CARTESIAN_POINT('',(-1.95,0.075,0.152));
#15426=CARTESIAN_POINT('',(-2.,0.075,0.152));
#15427=CARTESIAN_POINT('',(-1.95,0.0750000000000001,0.62369905660283));
#15428=CARTESIAN_POINT('Origin',(-0.999999999999999,1.725,0.152));
#15429=CARTESIAN_POINT('',(-1.95,-0.075,0.152));
#15430=CARTESIAN_POINT('',(-1.9,-0.125000000000002,0.152));
#15431=CARTESIAN_POINT('',(-1.95,-0.0749999999999999,0.152));
#15432=CARTESIAN_POINT('',(-0.999999999999999,-0.0749999999999999,0.152));
#15433=CARTESIAN_POINT('',(-1.9,0.125000000000002,0.152));
#15434=CARTESIAN_POINT('',(-1.9,0.125000000000002,0.152));
#15435=CARTESIAN_POINT('',(-1.72500000000001,0.125,0.152));
#15436=CARTESIAN_POINT('',(-0.999999999999999,0.125000000000001,0.152));
#15437=CARTESIAN_POINT('',(-1.72500000000001,-0.125000000000001,0.152));
#15438=CARTESIAN_POINT('Origin',(-1.72500000000001,-2.1346535650224E-15,
0.152));
#15439=CARTESIAN_POINT('',(-0.999999999999999,-0.125000000000002,0.152));
#15440=CARTESIAN_POINT('Origin',(-2.,-0.0749999999999998,0.62369905660283));
#15441=CARTESIAN_POINT('',(-1.95,-0.0749999999999998,0.62369905660283));
#15442=CARTESIAN_POINT('Origin',(-2.,-0.425,0.62369905660283));
#15443=CARTESIAN_POINT('',(-1.95,-0.425,0.152));
#15444=CARTESIAN_POINT('',(-2.,-0.425,0.152));
#15445=CARTESIAN_POINT('',(-1.95,-0.425,0.62369905660283));
#15446=CARTESIAN_POINT('Origin',(-0.999999999999999,1.725,0.152));
#15447=CARTESIAN_POINT('',(-1.95,-0.575,0.152));
#15448=CARTESIAN_POINT('',(-1.9,-0.625000000000002,0.152));
#15449=CARTESIAN_POINT('',(-1.95,-0.575,0.152));
#15450=CARTESIAN_POINT('',(-0.999999999999999,-0.575,0.152));
#15451=CARTESIAN_POINT('',(-1.9,-0.374999999999999,0.152));
#15452=CARTESIAN_POINT('',(-1.9,-0.374999999999999,0.152));
#15453=CARTESIAN_POINT('',(-1.72500000000001,-0.375,0.152));
#15454=CARTESIAN_POINT('',(-0.999999999999999,-0.374999999999999,0.152));
#15455=CARTESIAN_POINT('',(-1.72500000000001,-0.625000000000001,0.152));
#15456=CARTESIAN_POINT('Origin',(-1.72500000000001,-0.500000000000002,0.152));
#15457=CARTESIAN_POINT('',(-0.999999999999999,-0.625000000000001,0.152));
#15458=CARTESIAN_POINT('Origin',(-2.,-0.575,0.62369905660283));
#15459=CARTESIAN_POINT('',(-1.95,-0.575,0.62369905660283));
#15460=CARTESIAN_POINT('Origin',(-2.,-0.925,0.62369905660283));
#15461=CARTESIAN_POINT('',(-1.95,-0.925,0.152));
#15462=CARTESIAN_POINT('',(-2.,-0.925,0.152));
#15463=CARTESIAN_POINT('',(-1.95,-0.925,0.62369905660283));
#15464=CARTESIAN_POINT('Origin',(-0.999999999999999,1.725,0.152));
#15465=CARTESIAN_POINT('',(-1.95,-1.075,0.152000000000001));
#15466=CARTESIAN_POINT('',(-1.9,-1.125,0.152));
#15467=CARTESIAN_POINT('',(-1.95,-1.075,0.152));
#15468=CARTESIAN_POINT('',(-0.999999999999999,-1.075,0.152));
#15469=CARTESIAN_POINT('',(-1.9,-0.874999999999998,0.152));
#15470=CARTESIAN_POINT('',(-1.9,-0.874999999999998,0.152));
#15471=CARTESIAN_POINT('',(-1.72500000000001,-0.875,0.152));
#15472=CARTESIAN_POINT('',(-0.999999999999999,-0.874999999999999,0.152));
#15473=CARTESIAN_POINT('',(-1.72500000000001,-1.125,0.152));
#15474=CARTESIAN_POINT('Origin',(-1.72500000000001,-1.,0.152));
#15475=CARTESIAN_POINT('',(-0.999999999999999,-1.125,0.152));
#15476=CARTESIAN_POINT('Origin',(-2.,-1.075,0.62369905660283));
#15477=CARTESIAN_POINT('',(-1.95,-1.075,0.62369905660283));
#15478=CARTESIAN_POINT('Origin',(1.575,2.,0.152));
#15479=CARTESIAN_POINT('',(1.575,1.95,0.152));
#15480=CARTESIAN_POINT('',(1.575,1.95,0.152));
#15481=CARTESIAN_POINT('',(1.575,2.,0.152));
#15482=CARTESIAN_POINT('Origin',(1.5,1.775,0.152));
#15483=CARTESIAN_POINT('',(1.425,1.95,0.152));
#15484=CARTESIAN_POINT('',(1.425,1.775,0.152));
#15485=CARTESIAN_POINT('',(1.625,1.9,0.152));
#15486=CARTESIAN_POINT('',(1.575,1.95,0.152));
#15487=CARTESIAN_POINT('',(1.625,1.775,0.152));
#15488=CARTESIAN_POINT('',(1.625,1.775,0.152));
#15489=CARTESIAN_POINT('',(1.375,1.775,0.152));
#15490=CARTESIAN_POINT('Origin',(1.5,1.775,0.152));
#15491=CARTESIAN_POINT('',(1.375,1.9,0.152));
#15492=CARTESIAN_POINT('',(1.375,1.775,0.152));
#15493=CARTESIAN_POINT('',(1.375,1.9,0.152));
#15494=CARTESIAN_POINT('Origin',(1.425,2.,0.152));
#15495=CARTESIAN_POINT('',(1.425,1.95,0.152));
#15496=CARTESIAN_POINT('Origin',(1.075,2.,0.152));
#15497=CARTESIAN_POINT('',(1.075,1.95,0.152));
#15498=CARTESIAN_POINT('',(1.075,2.,0.152));
#15499=CARTESIAN_POINT('',(1.075,1.95,0.152));
#15500=CARTESIAN_POINT('Origin',(1.,1.725,0.152));
#15501=CARTESIAN_POINT('',(0.875000000000001,1.9,0.152));
#15502=CARTESIAN_POINT('',(0.875000000000001,1.725,0.152));
#15503=CARTESIAN_POINT('',(0.875000000000001,1.725,0.152));
#15504=CARTESIAN_POINT('',(0.925000000000001,1.95,0.152));
#15505=CARTESIAN_POINT('',(0.925000000000001,1.95,0.152));
#15506=CARTESIAN_POINT('',(0.925000000000001,1.725,0.152));
#15507=CARTESIAN_POINT('',(1.125,1.9,0.152));
#15508=CARTESIAN_POINT('',(1.125,1.9,0.152));
#15509=CARTESIAN_POINT('',(1.125,1.725,0.152));
#15510=CARTESIAN_POINT('',(1.125,1.725,0.152));
#15511=CARTESIAN_POINT('Origin',(1.,1.725,0.152));
#15512=CARTESIAN_POINT('Origin',(0.925000000000001,2.,0.152));
#15513=CARTESIAN_POINT('',(0.925000000000001,1.95,0.152));
#15514=CARTESIAN_POINT('Origin',(0.575000000000001,2.,0.152));
#15515=CARTESIAN_POINT('',(0.575,1.95,0.152));
#15516=CARTESIAN_POINT('',(0.575000000000001,2.,0.152));
#15517=CARTESIAN_POINT('',(0.575,1.95,0.152));
#15518=CARTESIAN_POINT('Origin',(0.500000000000001,1.725,0.152));
#15519=CARTESIAN_POINT('',(0.375000000000001,1.9,0.152));
#15520=CARTESIAN_POINT('',(0.375000000000001,1.725,0.152));
#15521=CARTESIAN_POINT('',(0.375000000000001,1.725,0.152));
#15522=CARTESIAN_POINT('',(0.425000000000001,1.95,0.152));
#15523=CARTESIAN_POINT('',(0.425000000000001,1.95,0.152));
#15524=CARTESIAN_POINT('',(0.425000000000001,1.725,0.152));
#15525=CARTESIAN_POINT('',(0.625000000000001,1.9,0.152));
#15526=CARTESIAN_POINT('',(0.625000000000001,1.9,0.152));
#15527=CARTESIAN_POINT('',(0.625000000000001,1.725,0.152));
#15528=CARTESIAN_POINT('',(0.625000000000001,1.725,0.152));
#15529=CARTESIAN_POINT('Origin',(0.500000000000001,1.725,0.152));
#15530=CARTESIAN_POINT('Origin',(0.425000000000001,2.,0.152));
#15531=CARTESIAN_POINT('',(0.425000000000001,1.95,0.152));
#15532=CARTESIAN_POINT('Origin',(0.0750000000000008,2.,0.152));
#15533=CARTESIAN_POINT('',(0.0750000000000004,1.95,0.152));
#15534=CARTESIAN_POINT('',(0.0750000000000008,2.,0.152));
#15535=CARTESIAN_POINT('',(0.0750000000000004,1.95,0.152));
#15536=CARTESIAN_POINT('Origin',(8.67361737988404E-16,1.725,0.152));
#15537=CARTESIAN_POINT('',(-0.124999999999999,1.9,0.152));
#15538=CARTESIAN_POINT('',(-0.124999999999999,1.725,0.152));
#15539=CARTESIAN_POINT('',(-0.124999999999999,1.725,0.152));
#15540=CARTESIAN_POINT('',(-0.074999999999999,1.95,0.152));
#15541=CARTESIAN_POINT('',(-0.0749999999999987,1.95,0.152));
#15542=CARTESIAN_POINT('',(-0.0749999999999991,1.725,0.152));
#15543=CARTESIAN_POINT('',(0.125000000000001,1.9,0.152));
#15544=CARTESIAN_POINT('',(0.125000000000001,1.9,0.152));
#15545=CARTESIAN_POINT('',(0.125000000000001,1.725,0.152));
#15546=CARTESIAN_POINT('',(0.125000000000001,1.725,0.152));
#15547=CARTESIAN_POINT('Origin',(8.67361737988404E-16,1.725,0.152));
#15548=CARTESIAN_POINT('Origin',(-0.0749999999999991,2.,0.152));
#15549=CARTESIAN_POINT('',(-0.0749999999999987,1.95,0.152));
#15550=CARTESIAN_POINT('Origin',(-0.424999999999999,2.,0.152));
#15551=CARTESIAN_POINT('',(-0.425,1.95,0.152));
#15552=CARTESIAN_POINT('',(-0.424999999999999,2.,0.152));
#15553=CARTESIAN_POINT('',(-0.425,1.95,0.152));
#15554=CARTESIAN_POINT('Origin',(-0.499999999999999,1.725,0.152));
#15555=CARTESIAN_POINT('',(-0.624999999999999,1.9,0.152));
#15556=CARTESIAN_POINT('',(-0.624999999999999,1.725,0.152));
#15557=CARTESIAN_POINT('',(-0.624999999999999,1.725,0.152));
#15558=CARTESIAN_POINT('',(-0.574999999999999,1.95,0.152));
#15559=CARTESIAN_POINT('',(-0.574999999999999,1.95,0.152));
#15560=CARTESIAN_POINT('',(-0.574999999999999,1.725,0.152));
#15561=CARTESIAN_POINT('',(-0.374999999999999,1.9,0.152));
#15562=CARTESIAN_POINT('',(-0.374999999999999,1.9,0.152));
#15563=CARTESIAN_POINT('',(-0.374999999999999,1.725,0.152));
#15564=CARTESIAN_POINT('',(-0.374999999999999,1.725,0.152));
#15565=CARTESIAN_POINT('Origin',(-0.499999999999999,1.725,0.152));
#15566=CARTESIAN_POINT('Origin',(-0.574999999999999,2.,0.152));
#15567=CARTESIAN_POINT('',(-0.574999999999999,1.95,0.152));
#15568=CARTESIAN_POINT('Origin',(-0.924999999999999,2.,0.152));
#15569=CARTESIAN_POINT('',(-0.925,1.95,0.152));
#15570=CARTESIAN_POINT('',(-0.924999999999999,2.,0.152));
#15571=CARTESIAN_POINT('',(-0.925,1.95,0.152));
#15572=CARTESIAN_POINT('Origin',(-0.999999999999999,1.725,0.152));
#15573=CARTESIAN_POINT('',(-1.125,1.9,0.152));
#15574=CARTESIAN_POINT('',(-1.125,1.725,0.152));
#15575=CARTESIAN_POINT('',(-1.125,1.725,0.152));
#15576=CARTESIAN_POINT('',(-1.075,1.95,0.152));
#15577=CARTESIAN_POINT('',(-1.075,1.95,0.152));
#15578=CARTESIAN_POINT('',(-1.075,1.725,0.152));
#15579=CARTESIAN_POINT('',(-0.875,1.9,0.152));
#15580=CARTESIAN_POINT('',(-0.875,1.9,0.152));
#15581=CARTESIAN_POINT('',(-0.875,1.725,0.152));
#15582=CARTESIAN_POINT('',(-0.875,1.725,0.152));
#15583=CARTESIAN_POINT('Origin',(-0.999999999999999,1.725,0.152));
#15584=CARTESIAN_POINT('Origin',(-1.075,2.,0.152));
#15585=CARTESIAN_POINT('',(-1.075,1.95,0.152));
#15586=CARTESIAN_POINT('Origin',(-1.425,2.,0.152));
#15587=CARTESIAN_POINT('',(-1.425,1.95,0.152));
#15588=CARTESIAN_POINT('',(-1.425,1.95,0.152));
#15589=CARTESIAN_POINT('',(-1.425,2.,0.152));
#15590=CARTESIAN_POINT('Origin',(-1.5,1.775,0.152));
#15591=CARTESIAN_POINT('',(-1.575,1.95,0.152));
#15592=CARTESIAN_POINT('',(-1.575,1.775,0.152));
#15593=CARTESIAN_POINT('',(-1.375,1.9,0.152));
#15594=CARTESIAN_POINT('',(-1.375,1.9,0.152));
#15595=CARTESIAN_POINT('',(-1.375,1.775,0.152));
#15596=CARTESIAN_POINT('',(-1.375,1.775,0.152));
#15597=CARTESIAN_POINT('',(-1.625,1.775,0.152));
#15598=CARTESIAN_POINT('Origin',(-1.5,1.775,0.152));
#15599=CARTESIAN_POINT('',(-1.625,1.9,0.152));
#15600=CARTESIAN_POINT('',(-1.625,1.775,0.152));
#15601=CARTESIAN_POINT('',(-1.575,1.95,0.152));
#15602=CARTESIAN_POINT('Origin',(-1.575,2.,0.152));
#15603=CARTESIAN_POINT('',(-1.575,1.95,0.152));
#15604=CARTESIAN_POINT('Origin',(1.575,1.95,0.152));
#15605=CARTESIAN_POINT('',(1.625,1.9,0.152));
#15606=CARTESIAN_POINT('Origin',(1.95,1.575,0.152));
#15607=CARTESIAN_POINT('',(1.9,1.625,0.152));
#15608=CARTESIAN_POINT('Origin',(1.9,1.625,0.152));
#15609=CARTESIAN_POINT('',(1.775,1.625,0.152));
#15610=CARTESIAN_POINT('Origin',(1.775,1.5,0.152));
#15611=CARTESIAN_POINT('',(1.775,1.375,0.152));
#15612=CARTESIAN_POINT('Origin',(1.9,1.375,0.152));
#15613=CARTESIAN_POINT('',(1.9,1.375,0.152));
#15614=CARTESIAN_POINT('Origin',(1.95,1.425,0.152));
#15615=CARTESIAN_POINT('Origin',(1.95,1.075,0.62369905660283));
#15616=CARTESIAN_POINT('',(1.9,1.125,0.62369905660283));
#15617=CARTESIAN_POINT('Origin',(1.9,1.125,0.62369905660283));
#15618=CARTESIAN_POINT('',(1.72500000000001,1.125,0.62369905660283));
#15619=CARTESIAN_POINT('Origin',(1.72500000000001,0.999999999999997,0.62369905660283));
#15620=CARTESIAN_POINT('',(1.72500000000001,0.874999999999996,0.62369905660283));
#15621=CARTESIAN_POINT('Origin',(1.9,0.874999999999999,0.62369905660283));
#15622=CARTESIAN_POINT('',(1.9,0.874999999999999,0.62369905660283));
#15623=CARTESIAN_POINT('Origin',(1.95,0.925,0.62369905660283));
#15624=CARTESIAN_POINT('Origin',(1.95,0.575,0.62369905660283));
#15625=CARTESIAN_POINT('',(1.9,0.625000000000002,0.62369905660283));
#15626=CARTESIAN_POINT('Origin',(1.9,0.625000000000002,0.62369905660283));
#15627=CARTESIAN_POINT('',(1.72500000000001,0.625000000000002,0.62369905660283));
#15628=CARTESIAN_POINT('Origin',(1.72500000000001,0.499999999999997,0.62369905660283));
#15629=CARTESIAN_POINT('',(1.72500000000001,0.374999999999996,0.62369905660283));
#15630=CARTESIAN_POINT('Origin',(1.9,0.374999999999999,0.62369905660283));
#15631=CARTESIAN_POINT('',(1.9,0.374999999999999,0.62369905660283));
#15632=CARTESIAN_POINT('Origin',(1.95,0.425,0.62369905660283));
#15633=CARTESIAN_POINT('Origin',(1.95,0.0750000000000001,0.62369905660283));
#15634=CARTESIAN_POINT('',(1.9,0.125000000000002,0.62369905660283));
#15635=CARTESIAN_POINT('Origin',(1.9,0.125000000000002,0.62369905660283));
#15636=CARTESIAN_POINT('',(1.72500000000001,0.125000000000002,0.62369905660283));
#15637=CARTESIAN_POINT('Origin',(1.72500000000001,-2.89727707234392E-15,
0.62369905660283));
#15638=CARTESIAN_POINT('',(1.72500000000001,-0.125000000000004,0.62369905660283));
#15639=CARTESIAN_POINT('Origin',(1.9,-0.125000000000001,0.62369905660283));
#15640=CARTESIAN_POINT('',(1.9,-0.125000000000001,0.62369905660283));
#15641=CARTESIAN_POINT('Origin',(1.95,-0.0749999999999998,0.62369905660283));
#15642=CARTESIAN_POINT('Origin',(1.95,-0.425,0.62369905660283));
#15643=CARTESIAN_POINT('',(1.9,-0.374999999999998,0.62369905660283));
#15644=CARTESIAN_POINT('Origin',(1.9,-0.374999999999998,0.62369905660283));
#15645=CARTESIAN_POINT('',(1.72500000000001,-0.374999999999999,0.62369905660283));
#15646=CARTESIAN_POINT('Origin',(1.72500000000001,-0.500000000000003,0.62369905660283));
#15647=CARTESIAN_POINT('',(1.72500000000001,-0.625000000000004,0.62369905660283));
#15648=CARTESIAN_POINT('Origin',(1.9,-0.625000000000002,0.62369905660283));
#15649=CARTESIAN_POINT('',(1.9,-0.625000000000002,0.62369905660283));
#15650=CARTESIAN_POINT('Origin',(1.95,-0.575,0.62369905660283));
#15651=CARTESIAN_POINT('Origin',(1.95,-0.925,0.62369905660283));
#15652=CARTESIAN_POINT('',(1.9,-0.874999999999998,0.62369905660283));
#15653=CARTESIAN_POINT('Origin',(1.9,-0.874999999999998,0.62369905660283));
#15654=CARTESIAN_POINT('',(1.72500000000001,-0.874999999999998,0.62369905660283));
#15655=CARTESIAN_POINT('Origin',(1.72500000000001,-1.,0.62369905660283));
#15656=CARTESIAN_POINT('',(1.72500000000001,-1.125,0.62369905660283));
#15657=CARTESIAN_POINT('Origin',(1.9,-1.125,0.62369905660283));
#15658=CARTESIAN_POINT('',(1.9,-1.125,0.62369905660283));
#15659=CARTESIAN_POINT('Origin',(1.95,-1.075,0.62369905660283));
#15660=CARTESIAN_POINT('Origin',(1.95,-1.425,0.152000000000001));
#15661=CARTESIAN_POINT('',(1.9,-1.375,0.152000000000001));
#15662=CARTESIAN_POINT('Origin',(1.9,-1.375,0.152000000000001));
#15663=CARTESIAN_POINT('',(1.775,-1.375,0.152000000000001));
#15664=CARTESIAN_POINT('Origin',(1.775,-1.5,0.152000000000001));
#15665=CARTESIAN_POINT('',(1.775,-1.625,0.152000000000001));
#15666=CARTESIAN_POINT('Origin',(1.9,-1.625,0.152000000000001));
#15667=CARTESIAN_POINT('',(1.9,-1.625,0.152000000000001));
#15668=CARTESIAN_POINT('Origin',(1.95,-1.575,0.152000000000001));
#15669=CARTESIAN_POINT('Origin',(1.575,-1.95,0.152000000000001));
#15670=CARTESIAN_POINT('',(1.625,-1.9,0.152000000000001));
#15671=CARTESIAN_POINT('Origin',(1.625,-1.9,0.152000000000001));
#15672=CARTESIAN_POINT('Origin',(1.375,-1.9,0.152000000000001));
#15673=CARTESIAN_POINT('',(1.375,-1.9,0.152000000000001));
#15674=CARTESIAN_POINT('Origin',(1.425,-1.95,0.152000000000001));
#15675=CARTESIAN_POINT('Origin',(1.075,-1.95,0.152000000000001));
#15676=CARTESIAN_POINT('',(1.125,-1.9,0.152000000000001));
#15677=CARTESIAN_POINT('Origin',(1.125,-1.9,0.152000000000001));
#15678=CARTESIAN_POINT('Origin',(0.875000000000001,-1.9,0.152000000000001));
#15679=CARTESIAN_POINT('',(0.875000000000001,-1.9,0.152000000000001));
#15680=CARTESIAN_POINT('Origin',(0.925000000000001,-1.95,0.152000000000001));
#15681=CARTESIAN_POINT('Origin',(0.575,-1.95,0.152000000000001));
#15682=CARTESIAN_POINT('',(0.625000000000001,-1.9,0.152000000000001));
#15683=CARTESIAN_POINT('Origin',(0.625000000000001,-1.9,0.152000000000001));
#15684=CARTESIAN_POINT('Origin',(0.375000000000001,-1.9,0.152000000000001));
#15685=CARTESIAN_POINT('',(0.375000000000001,-1.9,0.152000000000001));
#15686=CARTESIAN_POINT('Origin',(0.425000000000001,-1.95,0.152000000000001));
#15687=CARTESIAN_POINT('Origin',(0.0750000000000004,-1.95,0.152000000000001));
#15688=CARTESIAN_POINT('',(0.125000000000001,-1.9,0.152000000000001));
#15689=CARTESIAN_POINT('Origin',(0.125000000000001,-1.9,0.152000000000001));
#15690=CARTESIAN_POINT('Origin',(-0.124999999999999,-1.9,0.152000000000001));
#15691=CARTESIAN_POINT('',(-0.124999999999999,-1.9,0.152000000000001));
#15692=CARTESIAN_POINT('Origin',(-0.0749999999999987,-1.95,0.152000000000001));
#15693=CARTESIAN_POINT('Origin',(-0.425,-1.95,0.152000000000001));
#15694=CARTESIAN_POINT('',(-0.374999999999999,-1.9,0.152000000000001));
#15695=CARTESIAN_POINT('Origin',(-0.374999999999999,-1.9,0.152000000000001));
#15696=CARTESIAN_POINT('Origin',(-0.624999999999999,-1.9,0.152000000000001));
#15697=CARTESIAN_POINT('',(-0.624999999999999,-1.9,0.152000000000001));
#15698=CARTESIAN_POINT('Origin',(-0.574999999999999,-1.95,0.152000000000001));
#15699=CARTESIAN_POINT('Origin',(-0.925,-1.95,0.152000000000001));
#15700=CARTESIAN_POINT('',(-0.875,-1.9,0.152000000000001));
#15701=CARTESIAN_POINT('Origin',(-0.875,-1.9,0.152000000000001));
#15702=CARTESIAN_POINT('Origin',(-1.125,-1.9,0.152000000000001));
#15703=CARTESIAN_POINT('',(-1.125,-1.9,0.152000000000001));
#15704=CARTESIAN_POINT('Origin',(-1.075,-1.95,0.152000000000001));
#15705=CARTESIAN_POINT('Origin',(-1.425,-1.95,0.152000000000001));
#15706=CARTESIAN_POINT('',(-1.375,-1.9,0.152000000000001));
#15707=CARTESIAN_POINT('Origin',(-1.375,-1.9,0.152000000000001));
#15708=CARTESIAN_POINT('Origin',(-1.625,-1.9,0.152000000000001));
#15709=CARTESIAN_POINT('',(-1.625,-1.9,0.152000000000001));
#15710=CARTESIAN_POINT('Origin',(-1.575,-1.95,0.152000000000001));
#15711=CARTESIAN_POINT('Origin',(-1.95,-1.575,0.152000000000001));
#15712=CARTESIAN_POINT('',(-1.9,-1.625,0.152000000000001));
#15713=CARTESIAN_POINT('Origin',(-1.9,-1.625,0.152000000000001));
#15714=CARTESIAN_POINT('',(-1.775,-1.625,0.152000000000001));
#15715=CARTESIAN_POINT('Origin',(-1.775,-1.5,0.152000000000001));
#15716=CARTESIAN_POINT('',(-1.775,-1.375,0.152000000000001));
#15717=CARTESIAN_POINT('Origin',(-1.9,-1.375,0.152000000000001));
#15718=CARTESIAN_POINT('',(-1.9,-1.375,0.152000000000001));
#15719=CARTESIAN_POINT('Origin',(-1.95,-1.425,0.152000000000001));
#15720=CARTESIAN_POINT('Origin',(-1.95,-1.075,0.62369905660283));
#15721=CARTESIAN_POINT('',(-1.9,-1.125,0.62369905660283));
#15722=CARTESIAN_POINT('Origin',(-1.9,-1.125,0.62369905660283));
#15723=CARTESIAN_POINT('',(-1.72500000000001,-1.125,0.62369905660283));
#15724=CARTESIAN_POINT('Origin',(-1.72500000000001,-1.,0.62369905660283));
#15725=CARTESIAN_POINT('',(-1.72500000000001,-0.875000000000001,0.62369905660283));
#15726=CARTESIAN_POINT('Origin',(-1.9,-0.874999999999998,0.62369905660283));
#15727=CARTESIAN_POINT('',(-1.9,-0.874999999999998,0.62369905660283));
#15728=CARTESIAN_POINT('Origin',(-1.95,-0.925,0.62369905660283));
#15729=CARTESIAN_POINT('Origin',(-1.95,-0.575,0.62369905660283));
#15730=CARTESIAN_POINT('',(-1.9,-0.625000000000002,0.62369905660283));
#15731=CARTESIAN_POINT('Origin',(-1.9,-0.625000000000002,0.62369905660283));
#15732=CARTESIAN_POINT('',(-1.72500000000001,-0.625000000000001,0.62369905660283));
#15733=CARTESIAN_POINT('Origin',(-1.72500000000001,-0.500000000000002,0.62369905660283));
#15734=CARTESIAN_POINT('',(-1.72500000000001,-0.375000000000001,0.62369905660283));
#15735=CARTESIAN_POINT('Origin',(-1.9,-0.374999999999998,0.62369905660283));
#15736=CARTESIAN_POINT('',(-1.9,-0.374999999999998,0.62369905660283));
#15737=CARTESIAN_POINT('Origin',(-1.95,-0.425,0.62369905660283));
#15738=CARTESIAN_POINT('Origin',(-1.95,-0.0749999999999998,0.62369905660283));
#15739=CARTESIAN_POINT('',(-1.9,-0.125000000000001,0.62369905660283));
#15740=CARTESIAN_POINT('Origin',(-1.9,-0.125000000000001,0.62369905660283));
#15741=CARTESIAN_POINT('',(-1.72500000000001,-0.125000000000001,0.62369905660283));
#15742=CARTESIAN_POINT('Origin',(-1.72500000000001,-2.02991533435552E-15,
0.62369905660283));
#15743=CARTESIAN_POINT('',(-1.72500000000001,0.124999999999999,0.62369905660283));
#15744=CARTESIAN_POINT('Origin',(-1.9,0.125000000000002,0.62369905660283));
#15745=CARTESIAN_POINT('',(-1.9,0.125000000000002,0.62369905660283));
#15746=CARTESIAN_POINT('Origin',(-1.95,0.0750000000000001,0.62369905660283));
#15747=CARTESIAN_POINT('Origin',(-1.95,0.425,0.62369905660283));
#15748=CARTESIAN_POINT('',(-1.9,0.374999999999999,0.62369905660283));
#15749=CARTESIAN_POINT('Origin',(-1.9,0.374999999999999,0.62369905660283));
#15750=CARTESIAN_POINT('',(-1.72500000000001,0.374999999999999,0.62369905660283));
#15751=CARTESIAN_POINT('Origin',(-1.72500000000001,0.499999999999998,0.62369905660283));
#15752=CARTESIAN_POINT('',(-1.72500000000001,0.624999999999999,0.62369905660283));
#15753=CARTESIAN_POINT('Origin',(-1.9,0.625000000000002,0.62369905660283));
#15754=CARTESIAN_POINT('',(-1.9,0.625000000000002,0.62369905660283));
#15755=CARTESIAN_POINT('Origin',(-1.95,0.575,0.62369905660283));
#15756=CARTESIAN_POINT('Origin',(-1.95,0.925,0.62369905660283));
#15757=CARTESIAN_POINT('',(-1.9,0.874999999999999,0.62369905660283));
#15758=CARTESIAN_POINT('Origin',(-1.9,0.874999999999999,0.62369905660283));
#15759=CARTESIAN_POINT('',(-1.72500000000001,0.874999999999999,0.62369905660283));
#15760=CARTESIAN_POINT('Origin',(-1.72500000000001,0.999999999999998,0.62369905660283));
#15761=CARTESIAN_POINT('',(-1.72500000000001,1.125,0.62369905660283));
#15762=CARTESIAN_POINT('Origin',(-1.9,1.125,0.62369905660283));
#15763=CARTESIAN_POINT('',(-1.9,1.125,0.62369905660283));
#15764=CARTESIAN_POINT('Origin',(-1.95,1.075,0.62369905660283));
#15765=CARTESIAN_POINT('Origin',(-1.95,1.425,0.152));
#15766=CARTESIAN_POINT('',(-1.9,1.375,0.152));
#15767=CARTESIAN_POINT('Origin',(-1.9,1.375,0.152));
#15768=CARTESIAN_POINT('',(-1.775,1.375,0.152));
#15769=CARTESIAN_POINT('Origin',(-1.775,1.5,0.152));
#15770=CARTESIAN_POINT('',(-1.65010004003203,1.495,0.152));
#15771=CARTESIAN_POINT('Origin',(-1.78010004003203,1.625,0.152));
#15772=CARTESIAN_POINT('',(-1.78010004003203,1.625,0.152));
#15773=CARTESIAN_POINT('Origin',(-1.9,1.625,0.152));
#15774=CARTESIAN_POINT('',(-1.9,1.625,0.152));
#15775=CARTESIAN_POINT('Origin',(-1.95,1.575,0.152));
#15776=CARTESIAN_POINT('Origin',(-1.575,1.95,0.152));
#15777=CARTESIAN_POINT('',(-1.625,1.9,0.152));
#15778=CARTESIAN_POINT('Origin',(-1.625,1.9,0.152));
#15779=CARTESIAN_POINT('',(-1.625,1.775,0.152));
#15780=CARTESIAN_POINT('Origin',(-1.5,1.775,0.152));
#15781=CARTESIAN_POINT('',(-1.375,1.775,0.152));
#15782=CARTESIAN_POINT('Origin',(-1.375,1.9,0.152));
#15783=CARTESIAN_POINT('',(-1.375,1.9,0.152));
#15784=CARTESIAN_POINT('Origin',(-1.425,1.95,0.152));
#15785=CARTESIAN_POINT('Origin',(-1.075,1.95,0.152));
#15786=CARTESIAN_POINT('',(-1.125,1.9,0.152));
#15787=CARTESIAN_POINT('Origin',(-1.125,1.9,0.152));
#15788=CARTESIAN_POINT('',(-1.125,1.725,0.152));
#15789=CARTESIAN_POINT('Origin',(-0.999999999999999,1.725,0.152));
#15790=CARTESIAN_POINT('',(-0.875,1.725,0.152));
#15791=CARTESIAN_POINT('Origin',(-0.875,1.9,0.152));
#15792=CARTESIAN_POINT('',(-0.875,1.9,0.152));
#15793=CARTESIAN_POINT('Origin',(-0.925,1.95,0.152));
#15794=CARTESIAN_POINT('Origin',(-0.574999999999999,1.95,0.152));
#15795=CARTESIAN_POINT('',(-0.624999999999999,1.9,0.152));
#15796=CARTESIAN_POINT('Origin',(-0.624999999999999,1.9,0.152));
#15797=CARTESIAN_POINT('',(-0.624999999999999,1.725,0.152));
#15798=CARTESIAN_POINT('Origin',(-0.499999999999999,1.725,0.152));
#15799=CARTESIAN_POINT('',(-0.374999999999999,1.725,0.152));
#15800=CARTESIAN_POINT('Origin',(-0.374999999999999,1.9,0.152));
#15801=CARTESIAN_POINT('',(-0.374999999999999,1.9,0.152));
#15802=CARTESIAN_POINT('Origin',(-0.425,1.95,0.152));
#15803=CARTESIAN_POINT('Origin',(-0.0749999999999987,1.95,0.152));
#15804=CARTESIAN_POINT('',(-0.124999999999999,1.9,0.152));
#15805=CARTESIAN_POINT('Origin',(-0.124999999999999,1.9,0.152));
#15806=CARTESIAN_POINT('',(-0.124999999999999,1.725,0.152));
#15807=CARTESIAN_POINT('Origin',(8.67361737988404E-16,1.725,0.152));
#15808=CARTESIAN_POINT('',(0.125000000000001,1.725,0.152));
#15809=CARTESIAN_POINT('Origin',(0.125000000000001,1.9,0.152));
#15810=CARTESIAN_POINT('',(0.125000000000001,1.9,0.152));
#15811=CARTESIAN_POINT('Origin',(0.0750000000000004,1.95,0.152));
#15812=CARTESIAN_POINT('Origin',(0.425000000000001,1.95,0.152));
#15813=CARTESIAN_POINT('',(0.375000000000001,1.9,0.152));
#15814=CARTESIAN_POINT('Origin',(0.375000000000001,1.9,0.152));
#15815=CARTESIAN_POINT('',(0.375000000000001,1.725,0.152));
#15816=CARTESIAN_POINT('Origin',(0.500000000000001,1.725,0.152));
#15817=CARTESIAN_POINT('',(0.625000000000001,1.725,0.152));
#15818=CARTESIAN_POINT('Origin',(0.625000000000001,1.9,0.152));
#15819=CARTESIAN_POINT('',(0.625000000000001,1.9,0.152));
#15820=CARTESIAN_POINT('Origin',(0.575,1.95,0.152));
#15821=CARTESIAN_POINT('Origin',(0.925000000000001,1.95,0.152));
#15822=CARTESIAN_POINT('',(0.875000000000001,1.9,0.152));
#15823=CARTESIAN_POINT('Origin',(0.875000000000001,1.9,0.152));
#15824=CARTESIAN_POINT('',(0.875000000000001,1.725,0.152));
#15825=CARTESIAN_POINT('Origin',(1.,1.725,0.152));
#15826=CARTESIAN_POINT('',(1.125,1.725,0.152));
#15827=CARTESIAN_POINT('Origin',(1.125,1.9,0.152));
#15828=CARTESIAN_POINT('',(1.125,1.9,0.152));
#15829=CARTESIAN_POINT('Origin',(1.075,1.95,0.152));
#15830=CARTESIAN_POINT('Origin',(1.425,1.95,0.152));
#15831=CARTESIAN_POINT('',(1.375,1.9,0.152));
#15832=CARTESIAN_POINT('Origin',(1.375,1.9,0.152));
#15833=CARTESIAN_POINT('',(1.375,1.775,0.152));
#15834=CARTESIAN_POINT('Origin',(1.5,1.775,0.152));
#15835=CARTESIAN_POINT('',(1.625,1.775,0.152));
#15836=CARTESIAN_POINT('Origin',(1.625,1.9,0.152));
#15837=CARTESIAN_POINT('Origin',(1.975,1.975,6.85685424949238));
#15838=CARTESIAN_POINT('Origin',(1.975,1.975,0.575));
#15839=CARTESIAN_POINT('Origin',(1.975,3.44516082328994E-16,0.575));
#15840=CARTESIAN_POINT('Origin',(1.975,-1.975,0.575000000000001));
#15841=CARTESIAN_POINT('Origin',(1.975,1.975,0.575));
#15842=CARTESIAN_POINT('Origin',(1.975,-1.975,6.85685424949238));
#15843=CARTESIAN_POINT('Origin',(1.975,-1.975,0.575000000000001));
#15844=CARTESIAN_POINT('Origin',(1.975,1.975,0.575));
#15845=CARTESIAN_POINT('Origin',(1.975,1.975,0.575));
#15846=CARTESIAN_POINT('Origin',(1.975,-1.975,0.575000000000001));
#15847=CARTESIAN_POINT('Origin',(1.975,-1.975,0.575000000000001));
#15848=CARTESIAN_POINT('Origin',(-1.975,1.975,6.85685424949238));
#15849=CARTESIAN_POINT('Origin',(-1.975,1.975,0.575));
#15850=CARTESIAN_POINT('Origin',(-2.14129929065887E-16,1.975,0.575));
#15851=CARTESIAN_POINT('Origin',(-1.975,1.975,0.575));
#15852=CARTESIAN_POINT('Origin',(2.14129929065887E-16,-1.975,0.575000000000001));
#15853=CARTESIAN_POINT('Origin',(-1.975,-1.975,0.575000000000001));
#15854=CARTESIAN_POINT('Origin',(-1.975,-1.975,6.85685424949238));
#15855=CARTESIAN_POINT('Origin',(-1.975,-1.975,0.575000000000001));
#15856=CARTESIAN_POINT('Origin',(-1.975,1.975,0.575));
#15857=CARTESIAN_POINT('Origin',(-1.975,1.975,0.575));
#15858=CARTESIAN_POINT('Origin',(-1.975,-1.975,0.575000000000001));
#15859=CARTESIAN_POINT('Origin',(-1.975,-1.975,0.575000000000001));
#15860=CARTESIAN_POINT('Origin',(-1.975,3.44516082328994E-16,0.575));
#15861=CARTESIAN_POINT('Origin',(-1.775,1.775,0.601));
#15862=CARTESIAN_POINT('Origin',(-1.5,-1.775,0.582116263352133));
#15863=CARTESIAN_POINT('',(-1.375,-1.775,0.152000000000001));
#15864=CARTESIAN_POINT('',(-1.625,-1.775,0.152000000000001));
#15865=CARTESIAN_POINT('Origin',(-1.5,-1.775,0.152000000000001));
#15866=CARTESIAN_POINT('',(-1.375,-1.775,6.10969608239031E-16));
#15867=CARTESIAN_POINT('',(-1.375,-1.775,0.582116263352133));
#15868=CARTESIAN_POINT('',(-1.625,-1.775,6.10969608239031E-16));
#15869=CARTESIAN_POINT('Origin',(-1.5,-1.775,6.10969608239031E-16));
#15870=CARTESIAN_POINT('',(-1.625,-1.775,0.582116263352133));
#15871=CARTESIAN_POINT('Origin',(-1.5,1.775,0.152));
#15872=CARTESIAN_POINT('',(-1.625,-1.9,0.152000000000001));
#15873=CARTESIAN_POINT('',(-1.625,1.775,0.152));
#15874=CARTESIAN_POINT('',(-1.575,-1.95,0.152000000000001));
#15875=CARTESIAN_POINT('',(-1.625,-1.9,0.152000000000001));
#15876=CARTESIAN_POINT('',(-1.575,-2.,0.152000000000001));
#15877=CARTESIAN_POINT('',(-1.575,1.775,0.152));
#15878=CARTESIAN_POINT('',(-1.425,-2.,0.152000000000001));
#15879=CARTESIAN_POINT('',(-1.5,-2.,0.152000000000001));
#15880=CARTESIAN_POINT('',(-1.425,-1.95,0.152000000000001));
#15881=CARTESIAN_POINT('',(-1.425,1.775,0.152));
#15882=CARTESIAN_POINT('',(-1.375,-1.9,0.152000000000001));
#15883=CARTESIAN_POINT('',(-1.425,-1.95,0.152000000000001));
#15884=CARTESIAN_POINT('',(-1.375,1.775,0.152));
#15885=CARTESIAN_POINT('Origin',(-1.575,-1.95,0.582116263352133));
#15886=CARTESIAN_POINT('',(-1.625,-1.9,4.21884749357559E-16));
#15887=CARTESIAN_POINT('',(-1.625,-1.9,0.582116263352133));
#15888=CARTESIAN_POINT('',(-1.575,-1.95,4.32986979603811E-16));
#15889=CARTESIAN_POINT('',(-1.575,-1.95,4.32986979603811E-16));
#15890=CARTESIAN_POINT('',(-1.575,-1.95,0.582116263352133));
#15891=CARTESIAN_POINT('Origin',(-1.625,-1.9,0.582116263352133));
#15892=CARTESIAN_POINT('',(-1.625,-1.9,6.3872518385466E-16));
#15893=CARTESIAN_POINT('Origin',(-1.375,-1.9,0.582116263352133));
#15894=CARTESIAN_POINT('',(-1.375,-1.9,5.66445039022293E-16));
#15895=CARTESIAN_POINT('',(-1.375,-1.9,0.582116263352133));
#15896=CARTESIAN_POINT('',(-1.375,-1.9,6.3872518385466E-16));
#15897=CARTESIAN_POINT('Origin',(-1.425,-1.95,0.582116263352133));
#15898=CARTESIAN_POINT('',(-1.425,-1.95,4.32986979603811E-16));
#15899=CARTESIAN_POINT('',(-1.425,-1.95,0.582116263352133));
#15900=CARTESIAN_POINT('',(-1.425,-1.95,4.32986979603811E-16));
#15901=CARTESIAN_POINT('Origin',(-1.425,-2.,0.582116263352133));
#15902=CARTESIAN_POINT('',(-1.425,-2.,6.60929644347164E-16));
#15903=CARTESIAN_POINT('',(-1.425,-2.,0.582116263352133));
#15904=CARTESIAN_POINT('',(-1.425,-2.,6.60929644347164E-16));
#15905=CARTESIAN_POINT('Origin',(-1.425,-2.,0.582116263352133));
#15906=CARTESIAN_POINT('',(-1.575,-2.,6.60929644347164E-16));
#15907=CARTESIAN_POINT('',(-1.575,-2.,0.582116263352133));
#15908=CARTESIAN_POINT('',(-1.425,-2.,6.60929644347164E-16));
#15909=CARTESIAN_POINT('Origin',(-1.575,-2.,0.582116263352133));
#15910=CARTESIAN_POINT('',(-1.575,-2.,6.60929644347164E-16));
#15911=CARTESIAN_POINT('Origin',(-0.999999999999999,1.725,-1.66186508998578E-16));
#15912=CARTESIAN_POINT('Origin',(1.5,-1.775,0.582116263352133));
#15913=CARTESIAN_POINT('',(1.625,-1.775,0.152000000000001));
#15914=CARTESIAN_POINT('',(1.375,-1.775,0.152000000000001));
#15915=CARTESIAN_POINT('Origin',(1.5,-1.775,0.152000000000001));
#15916=CARTESIAN_POINT('',(1.625,-1.775,6.10969608239031E-16));
#15917=CARTESIAN_POINT('',(1.625,-1.775,0.582116263352133));
#15918=CARTESIAN_POINT('',(1.375,-1.775,6.10969608239031E-16));
#15919=CARTESIAN_POINT('Origin',(1.5,-1.775,6.10969608239031E-16));
#15920=CARTESIAN_POINT('',(1.375,-1.775,0.582116263352133));
#15921=CARTESIAN_POINT('Origin',(-1.5,1.775,0.152));
#15922=CARTESIAN_POINT('',(1.425,-2.,0.152000000000001));
#15923=CARTESIAN_POINT('',(1.575,-2.,0.152000000000001));
#15924=CARTESIAN_POINT('',(-1.5,-2.,0.152000000000001));
#15925=CARTESIAN_POINT('',(1.575,-1.95,0.152000000000001));
#15926=CARTESIAN_POINT('',(1.575,1.775,0.152));
#15927=CARTESIAN_POINT('',(1.625,-1.9,0.152000000000001));
#15928=CARTESIAN_POINT('',(1.575,-1.95,0.152000000000001));
#15929=CARTESIAN_POINT('',(1.625,1.775,0.152));
#15930=CARTESIAN_POINT('',(1.375,-1.9,0.152000000000001));
#15931=CARTESIAN_POINT('',(1.375,1.775,0.152));
#15932=CARTESIAN_POINT('',(1.425,-1.95,0.152000000000001));
#15933=CARTESIAN_POINT('',(1.375,-1.9,0.152000000000001));
#15934=CARTESIAN_POINT('',(1.425,1.775,0.152));
#15935=CARTESIAN_POINT('Origin',(1.575,-2.,0.582116263352133));
#15936=CARTESIAN_POINT('',(1.575,-2.,6.60929644347163E-16));
#15937=CARTESIAN_POINT('',(1.575,-2.,0.582116263352133));
#15938=CARTESIAN_POINT('',(1.575,-1.95,5.77547269268545E-16));
#15939=CARTESIAN_POINT('',(1.575,-2.,6.60929644347164E-16));
#15940=CARTESIAN_POINT('',(1.575,-1.95,0.582116263352133));
#15941=CARTESIAN_POINT('Origin',(1.425,-2.,0.582116263352133));
#15942=CARTESIAN_POINT('',(1.425,-2.,6.60929644347163E-16));
#15943=CARTESIAN_POINT('',(1.425,-2.,0.582116263352133));
#15944=CARTESIAN_POINT('',(1.425,-2.,6.60929644347164E-16));
#15945=CARTESIAN_POINT('Origin',(1.425,-2.,0.582116263352133));
#15946=CARTESIAN_POINT('',(1.425,-1.95,5.41407196852362E-16));
#15947=CARTESIAN_POINT('',(1.425,-1.95,0.582116263352133));
#15948=CARTESIAN_POINT('',(1.425,-2.,6.60929644347164E-16));
#15949=CARTESIAN_POINT('Origin',(1.425,-1.95,0.582116263352133));
#15950=CARTESIAN_POINT('',(1.375,-1.9,4.21884749357559E-16));
#15951=CARTESIAN_POINT('',(1.375,-1.9,0.582116263352133));
#15952=CARTESIAN_POINT('',(1.425,-1.95,4.32986979603811E-16));
#15953=CARTESIAN_POINT('Origin',(1.375,-1.9,0.582116263352133));
#15954=CARTESIAN_POINT('',(1.375,-1.9,6.3872518385466E-16));
#15955=CARTESIAN_POINT('Origin',(1.625,-1.9,0.582116263352133));
#15956=CARTESIAN_POINT('',(1.625,-1.9,5.66445039022293E-16));
#15957=CARTESIAN_POINT('',(1.625,-1.9,0.582116263352133));
#15958=CARTESIAN_POINT('',(1.625,-1.9,6.3872518385466E-16));
#15959=CARTESIAN_POINT('Origin',(1.575,-1.95,0.582116263352133));
#15960=CARTESIAN_POINT('',(1.575,-1.95,4.32986979603811E-16));
#15961=CARTESIAN_POINT('Origin',(-0.999999999999999,1.725,-1.66186508998578E-16));
#15962=CARTESIAN_POINT('Origin',(-0.999999999999999,1.725,-1.66186508998578E-16));
#15963=CARTESIAN_POINT('',(-2.,-1.425,5.3325399651527E-16));
#15964=CARTESIAN_POINT('',(-2.,-1.575,5.66560687254025E-16));
#15965=CARTESIAN_POINT('',(-2.,1.725,-1.66186508998578E-16));
#15966=CARTESIAN_POINT('',(-1.95,-1.425,5.3325399651527E-16));
#15967=CARTESIAN_POINT('',(-0.999999999999999,-1.425,5.3325399651527E-16));
#15968=CARTESIAN_POINT('',(-1.9,-1.375,5.22151766269019E-16));
#15969=CARTESIAN_POINT('',(-1.9,-1.375,5.22151766269019E-16));
#15970=CARTESIAN_POINT('',(-1.775,-1.375,5.22151766269019E-16));
#15971=CARTESIAN_POINT('',(-0.999999999999999,-1.375,5.22151766269019E-16));
#15972=CARTESIAN_POINT('',(-1.775,-1.625,5.77662917500276E-16));
#15973=CARTESIAN_POINT('Origin',(-1.775,-1.5,5.49907341884647E-16));
#15974=CARTESIAN_POINT('',(-1.9,-1.625,5.77662917500276E-16));
#15975=CARTESIAN_POINT('',(-0.999999999999999,-1.625,5.77662917500276E-16));
#15976=CARTESIAN_POINT('',(-1.95,-1.575,5.66560687254025E-16));
#15977=CARTESIAN_POINT('',(-1.95,-1.575,5.66560687254025E-16));
#15978=CARTESIAN_POINT('',(-0.999999999999999,-1.575,5.66560687254025E-16));
#15979=CARTESIAN_POINT('Origin',(-2.,-1.575,0.582116263352133));
#15980=CARTESIAN_POINT('',(-2.,-1.575,0.152000000000001));
#15981=CARTESIAN_POINT('',(-2.,-1.575,0.582116263352133));
#15982=CARTESIAN_POINT('',(-1.95,-1.575,0.152));
#15983=CARTESIAN_POINT('',(-1.95,-1.575,0.582116263352133));
#15984=CARTESIAN_POINT('',(-2.,-1.575,0.152000000000001));
#15985=CARTESIAN_POINT('Origin',(-2.,-1.425,0.582116263352133));
#15986=CARTESIAN_POINT('',(-2.,-1.425,0.152000000000001));
#15987=CARTESIAN_POINT('',(-2.,-1.425,0.582116263352133));
#15988=CARTESIAN_POINT('',(-2.,-1.425,0.152000000000001));
#15989=CARTESIAN_POINT('Origin',(-2.,-1.425,0.582116263352133));
#15990=CARTESIAN_POINT('',(-1.95,-1.425,0.152000000000001));
#15991=CARTESIAN_POINT('',(-1.95,-1.425,0.582116263352133));
#15992=CARTESIAN_POINT('',(-2.,-1.425,0.152000000000001));
#15993=CARTESIAN_POINT('Origin',(-1.95,-1.425,0.582116263352133));
#15994=CARTESIAN_POINT('',(-1.9,-1.375,0.152000000000001));
#15995=CARTESIAN_POINT('',(-1.9,-1.375,0.582116263352133));
#15996=CARTESIAN_POINT('',(-1.95,-1.425,0.152000000000001));
#15997=CARTESIAN_POINT('Origin',(-1.9,-1.375,0.582116263352133));
#15998=CARTESIAN_POINT('',(-1.775,-1.375,0.152000000000001));
#15999=CARTESIAN_POINT('',(-1.775,-1.375,0.582116263352133));
#16000=CARTESIAN_POINT('',(-1.9,-1.375,0.152000000000001));
#16001=CARTESIAN_POINT('Origin',(-1.775,-1.5,0.582116263352133));
#16002=CARTESIAN_POINT('',(-1.775,-1.625,0.152000000000001));
#16003=CARTESIAN_POINT('',(-1.775,-1.625,0.582116263352133));
#16004=CARTESIAN_POINT('Origin',(-1.775,-1.5,0.152000000000001));
#16005=CARTESIAN_POINT('Origin',(-1.9,-1.625,0.582116263352133));
#16006=CARTESIAN_POINT('',(-1.9,-1.625,0.152000000000001));
#16007=CARTESIAN_POINT('',(-1.9,-1.625,0.582116263352133));
#16008=CARTESIAN_POINT('',(-1.9,-1.625,0.152000000000001));
#16009=CARTESIAN_POINT('Origin',(-1.95,-1.575,0.582116263352133));
#16010=CARTESIAN_POINT('',(-1.95,-1.575,0.152));
#16011=CARTESIAN_POINT('Origin',(-1.5,1.775,0.152));
#16012=CARTESIAN_POINT('Origin',(-1.5,1.775,0.152));
#16013=CARTESIAN_POINT('',(1.775,-1.625,0.152000000000001));
#16014=CARTESIAN_POINT('',(1.9,-1.625,0.152000000000001));
#16015=CARTESIAN_POINT('',(-1.5,-1.625,0.152000000000001));
#16016=CARTESIAN_POINT('',(1.95,-1.575,0.152));
#16017=CARTESIAN_POINT('',(1.9,-1.625,0.152000000000001));
#16018=CARTESIAN_POINT('',(2.,-1.575,0.152000000000001));
#16019=CARTESIAN_POINT('',(-1.5,-1.575,0.152000000000001));
#16020=CARTESIAN_POINT('',(2.,-1.425,0.152000000000001));
#16021=CARTESIAN_POINT('',(2.,1.775,0.152));
#16022=CARTESIAN_POINT('',(1.95,-1.425,0.152000000000001));
#16023=CARTESIAN_POINT('',(-1.5,-1.425,0.152000000000001));
#16024=CARTESIAN_POINT('',(1.9,-1.375,0.152000000000001));
#16025=CARTESIAN_POINT('',(1.95,-1.425,0.152000000000001));
#16026=CARTESIAN_POINT('',(1.775,-1.375,0.152000000000001));
#16027=CARTESIAN_POINT('',(-1.5,-1.375,0.152000000000001));
#16028=CARTESIAN_POINT('Origin',(1.775,-1.5,0.152000000000001));
#16029=CARTESIAN_POINT('Origin',(1.95,-1.575,0.582116263352133));
#16030=CARTESIAN_POINT('',(1.9,-1.625,3.60822483003176E-16));
#16031=CARTESIAN_POINT('',(1.9,-1.625,0.582116263352133));
#16032=CARTESIAN_POINT('',(1.95,-1.575,3.49720252756924E-16));
#16033=CARTESIAN_POINT('',(1.95,-1.575,3.49720252756924E-16));
#16034=CARTESIAN_POINT('',(1.95,-1.575,0.582116263352133));
#16035=CARTESIAN_POINT('Origin',(1.9,-1.625,0.582116263352133));
#16036=CARTESIAN_POINT('',(1.775,-1.625,5.77662917500276E-16));
#16037=CARTESIAN_POINT('',(1.775,-1.625,0.582116263352133));
#16038=CARTESIAN_POINT('',(1.9,-1.625,5.77662917500276E-16));
#16039=CARTESIAN_POINT('Origin',(1.775,-1.5,0.582116263352133));
#16040=CARTESIAN_POINT('',(1.775,-1.375,5.22151766269019E-16));
#16041=CARTESIAN_POINT('',(1.775,-1.375,0.582116263352133));
#16042=CARTESIAN_POINT('Origin',(1.775,-1.5,5.49907341884647E-16));
#16043=CARTESIAN_POINT('Origin',(1.9,-1.375,0.582116263352133));
#16044=CARTESIAN_POINT('',(1.9,-1.375,5.22151766269019E-16));
#16045=CARTESIAN_POINT('',(1.9,-1.375,0.582116263352133));
#16046=CARTESIAN_POINT('',(1.9,-1.375,5.22151766269019E-16));
#16047=CARTESIAN_POINT('Origin',(1.95,-1.425,0.582116263352133));
#16048=CARTESIAN_POINT('',(1.95,-1.425,5.3325399651527E-16));
#16049=CARTESIAN_POINT('',(1.95,-1.425,0.582116263352133));
#16050=CARTESIAN_POINT('',(1.95,-1.425,5.3325399651527E-16));
#16051=CARTESIAN_POINT('Origin',(2.,-1.425,0.582116263352133));
#16052=CARTESIAN_POINT('',(2.,-1.425,5.3325399651527E-16));
#16053=CARTESIAN_POINT('',(2.,-1.425,0.582116263352133));
#16054=CARTESIAN_POINT('',(2.,-1.425,5.3325399651527E-16));
#16055=CARTESIAN_POINT('Origin',(2.,-1.425,0.582116263352133));
#16056=CARTESIAN_POINT('',(2.,-1.575,5.66560687254025E-16));
#16057=CARTESIAN_POINT('',(2.,-1.575,0.582116263352133));
#16058=CARTESIAN_POINT('',(2.,-1.425,5.3325399651527E-16));
#16059=CARTESIAN_POINT('Origin',(2.,-1.575,0.582116263352133));
#16060=CARTESIAN_POINT('',(2.,-1.575,5.66560687254025E-16));
#16061=CARTESIAN_POINT('Origin',(-0.999999999999999,1.725,-1.66186508998578E-16));
#16062=CARTESIAN_POINT('Origin',(-1.5,1.775,0.152));
#16063=CARTESIAN_POINT('',(1.625,1.775,0.152));
#16064=CARTESIAN_POINT('',(1.625,1.9,0.152));
#16065=CARTESIAN_POINT('',(1.625,1.775,0.152));
#16066=CARTESIAN_POINT('',(1.575,1.95,0.152));
#16067=CARTESIAN_POINT('',(1.625,1.9,0.152));
#16068=CARTESIAN_POINT('',(1.575,2.,0.152));
#16069=CARTESIAN_POINT('',(1.575,1.775,0.152));
#16070=CARTESIAN_POINT('',(1.425,2.,0.152));
#16071=CARTESIAN_POINT('',(-1.5,2.,0.152));
#16072=CARTESIAN_POINT('',(1.425,1.95,0.152));
#16073=CARTESIAN_POINT('',(1.425,1.775,0.152));
#16074=CARTESIAN_POINT('',(1.375,1.9,0.152));
#16075=CARTESIAN_POINT('',(1.425,1.95,0.152));
#16076=CARTESIAN_POINT('',(1.375,1.775,0.152));
#16077=CARTESIAN_POINT('',(1.375,1.775,0.152));
#16078=CARTESIAN_POINT('Origin',(1.5,1.775,0.152));
#16079=CARTESIAN_POINT('Origin',(1.575,1.95,0.582116263352132));
#16080=CARTESIAN_POINT('',(1.625,1.9,-4.21884749357559E-16));
#16081=CARTESIAN_POINT('',(1.625,1.9,0.582116263352132));
#16082=CARTESIAN_POINT('',(1.575,1.95,-4.32986979603811E-16));
#16083=CARTESIAN_POINT('',(1.575,1.95,-4.32986979603811E-16));
#16084=CARTESIAN_POINT('',(1.575,1.95,0.582116263352132));
#16085=CARTESIAN_POINT('Origin',(1.625,1.9,0.582116263352132));
#16086=CARTESIAN_POINT('',(1.625,1.775,-1.7728873924483E-16));
#16087=CARTESIAN_POINT('',(1.625,1.775,0.582116263352132));
#16088=CARTESIAN_POINT('',(1.625,1.9,-2.05044314860459E-16));
#16089=CARTESIAN_POINT('Origin',(1.5,1.775,0.582116263352132));
#16090=CARTESIAN_POINT('',(1.375,1.775,-1.7728873924483E-16));
#16091=CARTESIAN_POINT('',(1.375,1.775,0.582116263352132));
#16092=CARTESIAN_POINT('Origin',(1.5,1.775,-1.7728873924483E-16));
#16093=CARTESIAN_POINT('Origin',(1.375,1.9,0.582116263352132));
#16094=CARTESIAN_POINT('',(1.375,1.9,-2.77324459692826E-16));
#16095=CARTESIAN_POINT('',(1.375,1.9,0.582116263352132));
#16096=CARTESIAN_POINT('',(1.375,1.9,-2.05044314860459E-16));
#16097=CARTESIAN_POINT('Origin',(1.425,1.95,0.582116263352132));
#16098=CARTESIAN_POINT('',(1.425,1.95,-4.32986979603811E-16));
#16099=CARTESIAN_POINT('',(1.425,1.95,0.582116263352132));
#16100=CARTESIAN_POINT('',(1.425,1.95,-4.32986979603811E-16));
#16101=CARTESIAN_POINT('Origin',(1.425,2.,0.582116263352132));
#16102=CARTESIAN_POINT('',(1.425,2.,-2.27248775352962E-16));
#16103=CARTESIAN_POINT('',(1.425,2.,0.582116263352132));
#16104=CARTESIAN_POINT('',(1.425,2.,-2.27248775352962E-16));
#16105=CARTESIAN_POINT('Origin',(1.425,2.,0.582116263352132));
#16106=CARTESIAN_POINT('',(1.575,2.,-2.27248775352962E-16));
#16107=CARTESIAN_POINT('',(1.575,2.,0.582116263352132));
#16108=CARTESIAN_POINT('',(1.425,2.,-2.27248775352962E-16));
#16109=CARTESIAN_POINT('Origin',(1.575,2.,0.582116263352132));
#16110=CARTESIAN_POINT('',(1.575,2.,-2.27248775352962E-16));
#16111=CARTESIAN_POINT('Origin',(-0.999999999999999,1.725,-1.66186508998578E-16));
#16112=CARTESIAN_POINT('Origin',(-0.999999999999999,1.725,-1.66186508998578E-16));
#16113=CARTESIAN_POINT('',(1.9,1.375,-8.84708972748169E-17));
#16114=CARTESIAN_POINT('',(1.95,1.425,-9.95731275210686E-17));
#16115=CARTESIAN_POINT('',(1.9,1.375,-8.84708972748171E-17));
#16116=CARTESIAN_POINT('',(1.775,1.375,-8.84708972748171E-17));
#16117=CARTESIAN_POINT('',(-0.999999999999999,1.375,-8.8470897274817E-17));
#16118=CARTESIAN_POINT('',(1.775,1.625,-1.43982048506075E-16));
#16119=CARTESIAN_POINT('Origin',(1.775,1.5,-1.16226472890446E-16));
#16120=CARTESIAN_POINT('',(1.9,1.625,-1.43982048506075E-16));
#16121=CARTESIAN_POINT('',(-0.999999999999999,1.625,-1.43982048506075E-16));
#16122=CARTESIAN_POINT('',(1.95,1.575,-2.0515996309219E-16));
#16123=CARTESIAN_POINT('',(1.95,1.575,-1.32879818259823E-16));
#16124=CARTESIAN_POINT('',(2.,1.575,-1.32879818259823E-16));
#16125=CARTESIAN_POINT('',(-0.999999999999999,1.575,-1.32879818259823E-16));
#16126=CARTESIAN_POINT('',(2.,1.425,-9.95731275210686E-17));
#16127=CARTESIAN_POINT('',(2.,1.725,-1.66186508998578E-16));
#16128=CARTESIAN_POINT('',(-0.999999999999999,1.425,-9.95731275210686E-17));
#16129=CARTESIAN_POINT('Origin',(2.,1.425,0.582116263352132));
#16130=CARTESIAN_POINT('',(1.95,1.425,0.152));
#16131=CARTESIAN_POINT('',(1.95,1.425,0.582116263352132));
#16132=CARTESIAN_POINT('',(2.,1.425,0.152));
#16133=CARTESIAN_POINT('',(2.,1.425,0.582116263352132));
#16134=CARTESIAN_POINT('',(2.,1.425,0.152));
#16135=CARTESIAN_POINT('Origin',(1.95,1.425,0.582116263352132));
#16136=CARTESIAN_POINT('',(1.9,1.375,0.152));
#16137=CARTESIAN_POINT('',(1.9,1.375,0.582116263352132));
#16138=CARTESIAN_POINT('',(1.95,1.425,0.152));
#16139=CARTESIAN_POINT('Origin',(1.9,1.375,0.582116263352132));
#16140=CARTESIAN_POINT('',(1.775,1.375,0.152));
#16141=CARTESIAN_POINT('',(1.775,1.375,0.582116263352132));
#16142=CARTESIAN_POINT('',(1.9,1.375,0.152));
#16143=CARTESIAN_POINT('Origin',(1.775,1.5,0.582116263352132));
#16144=CARTESIAN_POINT('',(1.775,1.625,0.152));
#16145=CARTESIAN_POINT('',(1.775,1.625,0.582116263352132));
#16146=CARTESIAN_POINT('Origin',(1.775,1.5,0.152));
#16147=CARTESIAN_POINT('Origin',(1.9,1.625,0.582116263352132));
#16148=CARTESIAN_POINT('',(1.9,1.625,0.152));
#16149=CARTESIAN_POINT('',(1.9,1.625,0.582116263352132));
#16150=CARTESIAN_POINT('',(1.9,1.625,0.152));
#16151=CARTESIAN_POINT('Origin',(1.95,1.575,0.582116263352132));
#16152=CARTESIAN_POINT('',(1.95,1.575,0.152));
#16153=CARTESIAN_POINT('',(1.95,1.575,0.582116263352132));
#16154=CARTESIAN_POINT('',(1.95,1.575,0.152));
#16155=CARTESIAN_POINT('Origin',(2.,1.575,0.582116263352132));
#16156=CARTESIAN_POINT('',(2.,1.575,0.152));
#16157=CARTESIAN_POINT('',(2.,1.575,0.582116263352132));
#16158=CARTESIAN_POINT('',(2.,1.575,0.152));
#16159=CARTESIAN_POINT('Origin',(2.,1.425,0.582116263352132));
#16160=CARTESIAN_POINT('',(2.,1.425,0.152));
#16161=CARTESIAN_POINT('Origin',(-1.5,1.775,0.152));
#16162=CARTESIAN_POINT('Origin',(-0.999999999999999,1.725,-1.66186508998578E-16));
#16163=CARTESIAN_POINT('',(-1.425,2.,-2.27248775352962E-16));
#16164=CARTESIAN_POINT('',(-1.575,2.,-2.27248775352962E-16));
#16165=CARTESIAN_POINT('',(-0.999999999999999,2.,-2.27248775352962E-16));
#16166=CARTESIAN_POINT('',(-1.425,1.95,-3.24566762355261E-16));
#16167=CARTESIAN_POINT('',(-1.425,1.725,-1.66186508998578E-16));
#16168=CARTESIAN_POINT('',(-1.375,1.9,-2.77324459692826E-16));
#16169=CARTESIAN_POINT('',(-1.375,1.9,-2.05044314860459E-16));
#16170=CARTESIAN_POINT('',(-1.375,1.775,-1.7728873924483E-16));
#16171=CARTESIAN_POINT('',(-1.375,1.725,-1.66186508998578E-16));
#16172=CARTESIAN_POINT('',(-1.625,1.775,-1.7728873924483E-16));
#16173=CARTESIAN_POINT('Origin',(-1.5,1.775,-1.7728873924483E-16));
#16174=CARTESIAN_POINT('',(-1.625,1.9,-2.05044314860459E-16));
#16175=CARTESIAN_POINT('',(-1.625,1.725,-1.66186508998578E-16));
#16176=CARTESIAN_POINT('',(-1.575,1.95,-2.1614654510671E-16));
#16177=CARTESIAN_POINT('',(-1.575,1.95,-2.1614654510671E-16));
#16178=CARTESIAN_POINT('',(-1.575,1.725,-1.66186508998578E-16));
#16179=CARTESIAN_POINT('Origin',(-1.575,2.,0.582116263352132));
#16180=CARTESIAN_POINT('',(-1.575,2.,0.152));
#16181=CARTESIAN_POINT('',(-1.575,2.,0.582116263352132));
#16182=CARTESIAN_POINT('',(-1.575,1.95,0.152));
#16183=CARTESIAN_POINT('',(-1.575,1.95,0.582116263352132));
#16184=CARTESIAN_POINT('',(-1.575,2.,0.152));
#16185=CARTESIAN_POINT('Origin',(-1.425,2.,0.582116263352132));
#16186=CARTESIAN_POINT('',(-1.425,2.,0.152));
#16187=CARTESIAN_POINT('',(-1.425,2.,0.582116263352132));
#16188=CARTESIAN_POINT('',(-1.425,2.,0.152));
#16189=CARTESIAN_POINT('Origin',(-1.425,2.,0.582116263352132));
#16190=CARTESIAN_POINT('',(-1.425,1.95,0.152));
#16191=CARTESIAN_POINT('',(-1.425,1.95,0.582116263352132));
#16192=CARTESIAN_POINT('',(-1.425,2.,0.152));
#16193=CARTESIAN_POINT('Origin',(-1.425,1.95,0.582116263352132));
#16194=CARTESIAN_POINT('',(-1.375,1.9,0.152));
#16195=CARTESIAN_POINT('',(-1.375,1.9,0.582116263352132));
#16196=CARTESIAN_POINT('',(-1.425,1.95,0.152));
#16197=CARTESIAN_POINT('Origin',(-1.375,1.9,0.582116263352132));
#16198=CARTESIAN_POINT('',(-1.375,1.775,0.152));
#16199=CARTESIAN_POINT('',(-1.375,1.775,0.582116263352132));
#16200=CARTESIAN_POINT('',(-1.375,1.9,0.152));
#16201=CARTESIAN_POINT('Origin',(-1.5,1.775,0.582116263352132));
#16202=CARTESIAN_POINT('',(-1.625,1.775,0.152));
#16203=CARTESIAN_POINT('',(-1.625,1.775,0.582116263352132));
#16204=CARTESIAN_POINT('Origin',(-1.5,1.775,0.152));
#16205=CARTESIAN_POINT('Origin',(-1.625,1.9,0.582116263352132));
#16206=CARTESIAN_POINT('',(-1.625,1.9,0.152));
#16207=CARTESIAN_POINT('',(-1.625,1.9,0.582116263352132));
#16208=CARTESIAN_POINT('',(-1.625,1.9,0.152));
#16209=CARTESIAN_POINT('Origin',(-1.575,1.95,0.582116263352132));
#16210=CARTESIAN_POINT('',(-1.575,1.95,0.152));
#16211=CARTESIAN_POINT('Origin',(-1.5,1.775,0.152));
#16212=CARTESIAN_POINT('Origin',(-1.5,1.775,0.152));
#16213=CARTESIAN_POINT('',(-1.78010004003203,1.625,0.152));
#16214=CARTESIAN_POINT('',(-1.9,1.625,0.152));
#16215=CARTESIAN_POINT('',(-1.5,1.625,0.152));
#16216=CARTESIAN_POINT('',(-1.95,1.575,0.152));
#16217=CARTESIAN_POINT('',(-1.9,1.625,0.152));
#16218=CARTESIAN_POINT('',(-2.,1.575,0.152));
#16219=CARTESIAN_POINT('',(-1.5,1.575,0.152));
#16220=CARTESIAN_POINT('',(-2.,1.425,0.152));
#16221=CARTESIAN_POINT('',(-2.,1.775,0.152));
#16222=CARTESIAN_POINT('',(-1.95,1.425,0.152));
#16223=CARTESIAN_POINT('',(-1.5,1.425,0.152));
#16224=CARTESIAN_POINT('',(-1.9,1.375,0.152));
#16225=CARTESIAN_POINT('',(-1.95,1.425,0.152));
#16226=CARTESIAN_POINT('',(-1.775,1.375,0.152));
#16227=CARTESIAN_POINT('',(-1.5,1.375,0.152));
#16228=CARTESIAN_POINT('',(-1.65010004003203,1.495,0.152));
#16229=CARTESIAN_POINT('Origin',(-1.775,1.5,0.152));
#16230=CARTESIAN_POINT('',(-1.65010004003203,1.495,0.152));
#16231=CARTESIAN_POINT('Origin',(-1.95,1.575,0.582116263352132));
#16232=CARTESIAN_POINT('',(-1.9,1.625,-1.9819215713035E-16));
#16233=CARTESIAN_POINT('',(-1.9,1.625,0.582116263352132));
#16234=CARTESIAN_POINT('',(-1.95,1.575,-3.49720252756924E-16));
#16235=CARTESIAN_POINT('',(-1.95,1.575,-3.49720252756924E-16));
#16236=CARTESIAN_POINT('',(-1.95,1.575,0.582116263352132));
#16237=CARTESIAN_POINT('Origin',(-1.9,1.625,0.582116263352132));
#16238=CARTESIAN_POINT('',(-1.78010004003203,1.625,-1.43982048506074E-16));
#16239=CARTESIAN_POINT('',(-1.78010004003203,1.625,0.582116263352132));
#16240=CARTESIAN_POINT('',(-1.9,1.625,-1.43982048506075E-16));
#16241=CARTESIAN_POINT('Origin',(-1.78010004003203,1.625,0.582116263352132));
#16242=CARTESIAN_POINT('',(-1.65010004003203,1.495,-1.1511624986582E-16));
#16243=CARTESIAN_POINT('',(-1.65010004003203,1.495,0.582116263352132));
#16244=CARTESIAN_POINT('',(-1.78010004003203,1.625,-1.43982048506074E-16));
#16245=CARTESIAN_POINT('Origin',(-1.775,1.5,0.582116263352132));
#16246=CARTESIAN_POINT('',(-1.775,1.375,-8.84708972748171E-17));
#16247=CARTESIAN_POINT('',(-1.775,1.375,0.582116263352132));
#16248=CARTESIAN_POINT('Origin',(-1.775,1.5,-1.16226472890446E-16));
#16249=CARTESIAN_POINT('Origin',(-1.9,1.375,0.582116263352132));
#16250=CARTESIAN_POINT('',(-1.9,1.375,-8.84708972748171E-17));
#16251=CARTESIAN_POINT('',(-1.9,1.375,0.582116263352132));
#16252=CARTESIAN_POINT('',(-1.9,1.375,-8.84708972748171E-17));
#16253=CARTESIAN_POINT('Origin',(-1.95,1.425,0.582116263352132));
#16254=CARTESIAN_POINT('',(-1.95,1.425,-9.95731275210686E-17));
#16255=CARTESIAN_POINT('',(-1.95,1.425,0.582116263352132));
#16256=CARTESIAN_POINT('',(-1.95,1.425,-9.95731275210686E-17));
#16257=CARTESIAN_POINT('Origin',(-2.,1.425,0.582116263352132));
#16258=CARTESIAN_POINT('',(-2.,1.425,-9.95731275210686E-17));
#16259=CARTESIAN_POINT('',(-2.,1.425,0.582116263352132));
#16260=CARTESIAN_POINT('',(-2.,1.425,-9.95731275210686E-17));
#16261=CARTESIAN_POINT('Origin',(-2.,1.425,0.582116263352132));
#16262=CARTESIAN_POINT('',(-2.,1.575,-1.32879818259823E-16));
#16263=CARTESIAN_POINT('',(-2.,1.575,0.582116263352132));
#16264=CARTESIAN_POINT('',(-2.,1.425,-9.95731275210686E-17));
#16265=CARTESIAN_POINT('Origin',(-2.,1.575,0.582116263352132));
#16266=CARTESIAN_POINT('',(-2.,1.575,-1.32879818259823E-16));
#16267=CARTESIAN_POINT('Origin',(-0.999999999999999,1.725,-1.66186508998578E-16));
#16268=UNCERTAINTY_MEASURE_WITH_UNIT(LENGTH_MEASURE(0.01),#16272,
'DISTANCE_ACCURACY_VALUE',
'Maximum model space distance between geometric entities at asserted c
onnectivities');
#16269=UNCERTAINTY_MEASURE_WITH_UNIT(LENGTH_MEASURE(0.01),#16272,
'DISTANCE_ACCURACY_VALUE',
'Maximum model space distance between geometric entities at asserted c
onnectivities');
#16270=(
GEOMETRIC_REPRESENTATION_CONTEXT(3)
GLOBAL_UNCERTAINTY_ASSIGNED_CONTEXT((#16268))
GLOBAL_UNIT_ASSIGNED_CONTEXT((#16272,#16274,#16275))
REPRESENTATION_CONTEXT('','3D')
);
#16271=(
GEOMETRIC_REPRESENTATION_CONTEXT(3)
GLOBAL_UNCERTAINTY_ASSIGNED_CONTEXT((#16269))
GLOBAL_UNIT_ASSIGNED_CONTEXT((#16272,#16274,#16275))
REPRESENTATION_CONTEXT('','3D')
);
#16272=(
LENGTH_UNIT()
NAMED_UNIT(*)
SI_UNIT(.MILLI.,.METRE.)
);
#16273=(
LENGTH_UNIT()
NAMED_UNIT(*)
SI_UNIT($,.METRE.)
);
#16274=(
NAMED_UNIT(*)
PLANE_ANGLE_UNIT()
SI_UNIT($,.RADIAN.)
);
#16275=(
NAMED_UNIT(*)
SI_UNIT($,.STERADIAN.)
SOLID_ANGLE_UNIT()
);
#16276=SHAPE_DEFINITION_REPRESENTATION(#16277,#16278);
#16277=PRODUCT_DEFINITION_SHAPE('',$,#16280);
#16278=SHAPE_REPRESENTATION('',(#10200),#16270);
#16279=PRODUCT_DEFINITION_CONTEXT('part definition',#16284,'design');
#16280=PRODUCT_DEFINITION('2026-06-12-23-48-48-683','STM32C031G4U6',#16281,
#16279);
#16281=PRODUCT_DEFINITION_FORMATION('',$,#16286);
#16282=PRODUCT_RELATED_PRODUCT_CATEGORY('STM32C031G4U6','STM32C031G4U6',
(#16286));
#16283=APPLICATION_PROTOCOL_DEFINITION('international standard',
'automotive_design',2009,#16284);
#16284=APPLICATION_CONTEXT(
'Core Data for Automotive Mechanical Design Process');
#16285=PRODUCT_CONTEXT('part definition',#16284,'mechanical');
#16286=PRODUCT('2026-06-12-23-48-48-683','STM32C031G4U6','STEP AP214',(#16285));
#16287=PRESENTATION_STYLE_ASSIGNMENT((#16292));
#16288=PRESENTATION_STYLE_ASSIGNMENT((#16293));
#16289=PRESENTATION_STYLE_ASSIGNMENT((#16294));
#16290=PRESENTATION_STYLE_ASSIGNMENT((#16295));
#16291=PRESENTATION_STYLE_ASSIGNMENT((#16296));
#16292=SURFACE_STYLE_USAGE(.BOTH.,#16297);
#16293=SURFACE_STYLE_USAGE(.BOTH.,#16298);
#16294=SURFACE_STYLE_USAGE(.BOTH.,#16299);
#16295=SURFACE_STYLE_USAGE(.BOTH.,#16300);
#16296=SURFACE_STYLE_USAGE(.BOTH.,#16301);
#16297=SURFACE_SIDE_STYLE('',(#16302));
#16298=SURFACE_SIDE_STYLE('',(#16303));
#16299=SURFACE_SIDE_STYLE('',(#16304));
#16300=SURFACE_SIDE_STYLE('',(#16305));
#16301=SURFACE_SIDE_STYLE('',(#16306));
#16302=SURFACE_STYLE_FILL_AREA(#16307);
#16303=SURFACE_STYLE_FILL_AREA(#16308);
#16304=SURFACE_STYLE_FILL_AREA(#16309);
#16305=SURFACE_STYLE_FILL_AREA(#16310);
#16306=SURFACE_STYLE_FILL_AREA(#16311);
#16307=FILL_AREA_STYLE('Steel - Satin',(#16312));
#16308=FILL_AREA_STYLE('Gold - Polished',(#16313));
#16309=FILL_AREA_STYLE('Opaque(202,209,238)',(#16314));
#16310=FILL_AREA_STYLE('Opaque(245,245,245)',(#16315));
#16311=FILL_AREA_STYLE('Opaque(73,73,73)',(#16316));
#16312=FILL_AREA_STYLE_COLOUR('Steel - Satin',#16317);
#16313=FILL_AREA_STYLE_COLOUR('Gold - Polished',#16318);
#16314=FILL_AREA_STYLE_COLOUR('Opaque(202,209,238)',#16319);
#16315=FILL_AREA_STYLE_COLOUR('Opaque(245,245,245)',#16320);
#16316=FILL_AREA_STYLE_COLOUR('Opaque(73,73,73)',#16321);
#16317=COLOUR_RGB('Steel - Satin',0.627450980392157,0.627450980392157,0.627450980392157);
#16318=COLOUR_RGB('Gold - Polished',0.956862745098039,0.898039215686275,
0.654901960784314);
#16319=COLOUR_RGB('Opaque(202,209,238)',0.792156862745098,0.819607843137255,
0.933333333333333);
#16320=COLOUR_RGB('Opaque(245,245,245)',0.96078431372549,0.96078431372549,
0.96078431372549);
#16321=COLOUR_RGB('Opaque(73,73,73)',0.286274509803922,0.286274509803922,
0.286274509803922);
ENDSEC;
END-ISO-10303-21;
