ISO-10303-21;
HEADER;
FILE_DESCRIPTION(('FreeCAD Model'),'2;1');
FILE_NAME('Open CASCADE Shape Model','2025-08-30T21:24:06',(''),(''),
  'Open CASCADE STEP processor 7.8','FreeCAD','Unknown');
FILE_SCHEMA(('AUTOMOTIVE_DESIGN { 1 0 10303 214 1 1 1 1 }'));
ENDSEC;
DATA;
#1 = APPLICATION_PROTOCOL_DEFINITION('international standard',
  'automotive_design',2000,#2);
#2 = APPLICATION_CONTEXT(
  'core data for automotive mechanical design processes');
#3 = SHAPE_DEFINITION_REPRESENTATION(#4,#10);
#4 = PRODUCT_DEFINITION_SHAPE('','',#5);
#5 = PRODUCT_DEFINITION('design','',#6,#9);
#6 = PRODUCT_DEFINITION_FORMATION('','',#7);
#7 = PRODUCT('TO-252-3_6P6X6P1_DIO v3','TO-252-3_6P6X6P1_DIO v3','',(#8)
  );
#8 = PRODUCT_CONTEXT('',#2,'mechanical');
#9 = PRODUCT_DEFINITION_CONTEXT('part definition',#2,'design');
#10 = SHAPE_REPRESENTATION('',(#11,#15,#580,#633,#783,#933,#1355,#1777,
    #2257,#2266,#2274,#2283,#2291,#2300,#2309,#2317,#2325,#2333,#2341,
    #2349,#2357,#2365,#2373,#2381,#2389,#2397,#2405,#2413,#2421,#2429,
    #2437,#2445,#2453,#2461,#2469,#2477,#2485,#2493,#2501,#2509,#2517,
    #2525,#2533,#2541,#2549,#2557,#2565,#2573,#2581,#2589,#2597,#2605,
    #2613,#2621,#2629,#2637,#2645,#2653,#2661,#2669,#2677,#2685,#2693,
    #2701,#2709,#2717,#2725,#2733,#2741,#2749,#2757,#2765,#2773,#2781,
    #2789,#2797,#2805,#2813,#2821,#2829,#2837,#2845,#2853,#2861,#2869,
    #2877,#2885,#2893,#2901,#2909,#2917,#2925,#2933,#2941,#2949,#2957,
    #2966,#2974,#2983,#2992,#3000,#3009,#3017,#3026,#3034,#3043,#3051,
    #3059,#3068,#3076,#3085,#3093,#3101,#3109,#3118,#3126,#3135,#3143,
    #3151,#3159,#3168,#3176,#3185,#3193,#3201,#3209,#3218,#3226,#3235,
    #3243,#3251,#3259,#3268,#3276,#3285,#3293,#3301,#3309,#3317,#3325,
    #3333,#3341,#3349,#3357,#3365,#3373,#3381,#3389,#3397,#3405,#3413,
    #3421,#3429,#3437,#3445,#3453,#3461,#3469,#3477,#3485,#3493,#3501,
    #3509,#3517,#3525,#3533,#3541,#3549,#3558,#3566,#3575,#3584,#3592,
    #3601,#3609,#3618,#3626,#3635,#3643,#3651,#3660,#3668,#3677,#3685,
    #3693,#3701,#3710,#3718,#3727,#3735,#3743,#3751,#3760,#3768,#3777,
    #3785,#3793,#3801,#3810,#3818,#3827,#3835,#3843,#3851,#3860,#3868,
    #3877,#3885,#3893,#3901,#3909,#3917,#3925,#3933,#3941,#3949,#3957,
    #3965,#3973,#3981,#3989,#3997,#4005,#4013,#4021,#4029,#4037,#4045,
    #4053,#4061,#4069,#4077,#4085,#4093,#4101,#4109,#4117,#4125,#4133,
    #4141,#4149,#4157,#4165,#4173,#4181,#4189,#4197,#4205,#4213,#4221,
    #4229,#4237,#4245,#4253,#4261,#4269,#4277,#4285,#4293,#4301,#4309,
    #4317,#4325,#4333,#4341,#4349,#4357,#4365,#4373,#4381,#4389,#4397,
    #4405,#4413,#4421,#4429,#4437,#4445,#4453,#4461,#4469,#4477,#4485,
    #4493,#4501,#4509,#4517,#4525,#4533,#4541),#4549);
#11 = AXIS2_PLACEMENT_3D('',#12,#13,#14);
#12 = CARTESIAN_POINT('',(0.,0.,0.));
#13 = DIRECTION('',(0.,0.,1.));
#14 = DIRECTION('',(1.,0.,-0.));
#15 = GEOMETRIC_CURVE_SET('',(#16,#17,#18,#19,#20,#21,#22,#23,#24,#25,
    #26,#27,#28,#29,#30,#31,#32,#33,#34,#35,#36,#37,#38,#39,#40,#41,#42,
    #43,#44,#45,#46,#47,#48,#49,#50,#51,#52,#53,#54,#55,#56,#57,#58,#59,
    #60,#61,#62,#63,#64,#65,#66,#67,#68,#69,#70,#71,#72,#73,#74,#75,#76,
    #77,#78,#79,#80,#81,#82,#83,#84,#85,#86,#87,#88,#89,#90,#91,#92,#93,
    #94,#95,#96,#97,#98,#99,#100,#101,#102,#103,#104,#105,#106,#107,#108
    ,#109,#110,#111,#112,#113,#114,#115,#116,#117,#118,#119,#120,#121,
    #122,#123,#124,#125,#126,#127,#128,#129,#130,#131,#132,#133,#134,
    #135,#136,#137,#138,#139,#140,#141,#142,#143,#144,#145,#146,#147,
    #148,#149,#150,#151,#152,#153,#154,#155,#156,#157,#158,#159,#160,
    #161,#162,#163,#164,#165,#166,#167,#168,#169,#170,#171,#172,#173,
    #174,#175,#176,#177,#178,#179,#180,#181,#182,#183,#184,#185,#186,
    #187,#188,#189,#190,#191,#192,#193,#194,#195,#196,#197,#198,#199,
    #200,#201,#202,#203,#204,#205,#206,#207,#208,#209,#210,#211,#212,
    #213,#214,#215,#216,#217,#218,#219,#220,#221,#222,#223,#224,#225,
    #226,#227,#228,#229,#230,#231,#232,#233,#234,#235,#236,#237,#238,
    #239,#240,#241,#242,#243,#244,#245,#246,#247,#248,#249,#250,#251,
    #252,#253,#254,#255,#256,#257,#258,#259,#260,#261,#262,#263,#264,
    #265,#266,#267,#268,#269,#270,#271,#272,#273,#274,#275,#276,#277,
    #278,#279,#280,#281,#282,#283,#284,#285,#286,#287,#288,#289,#290,
    #291,#292,#293,#294,#295,#296,#297,#298,#299,#300,#301,#302,#303,
    #304,#305,#306,#307,#308,#309,#310,#311,#312,#313,#314,#315,#316,
    #317,#318,#319,#320,#321,#322,#323,#324,#325,#326,#327,#328,#329,
    #330,#331,#332,#333,#334,#335,#336,#337,#338,#339,#340,#341,#342,
    #343,#344,#345,#346,#347,#348,#349,#350,#351,#352,#353,#354,#355,
    #356,#357,#358,#359,#360,#361,#362,#363,#364,#365,#366,#367,#368,
    #369,#370,#371,#372,#373,#374,#375,#376,#377,#378,#379,#380,#381,
    #382,#383,#384,#385,#386,#387,#388,#389,#390,#391,#392,#393,#394,
    #395,#396,#397,#398,#399,#400,#401,#402,#403,#404,#405,#406,#407,
    #408,#409,#410,#411,#412,#413,#414,#415,#416,#417,#418,#419,#420,
    #421,#422,#423,#424,#425,#426,#427,#428,#429,#430,#431,#432,#433,
    #434,#435,#436,#437,#438,#439,#440,#441,#442,#443,#444,#445,#446,
    #447,#448,#449,#450,#451,#452,#453,#454,#455,#456,#457,#458,#459,
    #460,#461,#462,#463,#464,#465,#466,#467,#468,#469,#470,#471,#472,
    #473,#474,#475,#476,#477,#478,#479,#480,#481,#482,#483,#484,#485,
    #486,#487,#488,#489,#490,#491,#492,#493,#494,#495,#496,#497,#498,
    #499,#500,#501,#502,#503,#504,#505,#506,#507,#508,#509,#510,#511,
    #512,#513,#514,#515,#516,#517,#518,#519,#520,#521,#522,#523,#524,
    #525,#526,#527,#528,#529,#530,#531,#532,#533,#534,#535,#536,#537,
    #538,#539,#540,#541,#542,#543,#544,#545,#546,#547,#548,#549,#550,
    #551,#552,#553,#554,#555,#556,#557,#558,#559,#560,#561,#562,#563,
    #564,#565,#566,#567,#568,#569,#570,#571,#572,#573,#574,#575,#576,
    #577,#578,#579));
#16 = CARTESIAN_POINT('',(-2.374,2.46253,2.39));
#17 = CARTESIAN_POINT('',(-2.374,2.46253,2.39));
#18 = CARTESIAN_POINT('',(-2.374,2.46253,2.39));
#19 = CARTESIAN_POINT('',(-2.374,2.46253,2.388));
#20 = CARTESIAN_POINT('',(-2.374,2.46253,2.388));
#21 = CARTESIAN_POINT('',(-2.374,2.46253,2.388));
#22 = CARTESIAN_POINT('',(-2.374,2.46253,2.39));
#23 = CARTESIAN_POINT('',(-2.374,2.46253,2.388));
#24 = CARTESIAN_POINT('',(-2.374,2.46253,2.388));
#25 = CARTESIAN_POINT('',(-2.374,2.46253,2.388));
#26 = CARTESIAN_POINT('',(-2.374,2.46253,2.39));
#27 = CARTESIAN_POINT('',(-2.374,2.46253,2.39));
#28 = CARTESIAN_POINT('',(-3.531,-3.302,0.));
#29 = CARTESIAN_POINT('',(-3.531,3.302,0.));
#30 = CARTESIAN_POINT('',(-3.531,-3.302,2.388));
#31 = CARTESIAN_POINT('',(-3.531,-3.302,0.));
#32 = CARTESIAN_POINT('',(-3.531,3.302,2.388));
#33 = CARTESIAN_POINT('',(-3.531,-3.302,2.388));
#34 = CARTESIAN_POINT('',(-3.531,3.302,0.));
#35 = CARTESIAN_POINT('',(-3.531,3.302,2.388));
#36 = CARTESIAN_POINT('',(2.471,-3.302,0.));
#37 = CARTESIAN_POINT('',(-3.531,-3.302,0.));
#38 = CARTESIAN_POINT('',(2.471,-3.302,2.388));
#39 = CARTESIAN_POINT('',(2.471,-3.302,0.));
#40 = CARTESIAN_POINT('',(-3.531,-3.302,2.388));
#41 = CARTESIAN_POINT('',(2.471,-3.302,2.388));
#42 = CARTESIAN_POINT('',(-3.531,-3.302,2.388));
#43 = CARTESIAN_POINT('',(-3.531,-3.302,0.));
#44 = CARTESIAN_POINT('',(2.471,3.302,0.));
#45 = CARTESIAN_POINT('',(2.471,-3.302,0.));
#46 = CARTESIAN_POINT('',(2.471,3.302,2.388));
#47 = CARTESIAN_POINT('',(2.471,3.302,0.));
#48 = CARTESIAN_POINT('',(2.471,-3.302,2.388));
#49 = CARTESIAN_POINT('',(2.471,3.302,2.388));
#50 = CARTESIAN_POINT('',(2.471,-3.302,2.388));
#51 = CARTESIAN_POINT('',(2.471,-3.302,0.));
#52 = CARTESIAN_POINT('',(-3.531,3.302,0.));
#53 = CARTESIAN_POINT('',(2.471,3.302,0.));
#54 = CARTESIAN_POINT('',(-3.531,3.302,0.));
#55 = CARTESIAN_POINT('',(-3.531,3.302,2.388));
#56 = CARTESIAN_POINT('',(2.471,3.302,2.388));
#57 = CARTESIAN_POINT('',(-3.531,3.302,2.388));
#58 = CARTESIAN_POINT('',(2.471,3.302,2.388));
#59 = CARTESIAN_POINT('',(2.471,3.302,0.));
#60 = CARTESIAN_POINT('',(2.471,3.302,0.));
#61 = CARTESIAN_POINT('',(2.471,-3.302,0.));
#62 = CARTESIAN_POINT('',(2.471,-3.302,0.));
#63 = CARTESIAN_POINT('',(-3.531,-3.302,0.));
#64 = CARTESIAN_POINT('',(-3.531,-3.302,0.));
#65 = CARTESIAN_POINT('',(-3.531,3.302,0.));
#66 = CARTESIAN_POINT('',(-3.531,3.302,0.));
#67 = CARTESIAN_POINT('',(2.471,3.302,0.));
#68 = CARTESIAN_POINT('',(-3.531,3.302,2.388));
#69 = CARTESIAN_POINT('',(-3.531,-3.302,2.388));
#70 = CARTESIAN_POINT('',(-3.531,-3.302,2.388));
#71 = CARTESIAN_POINT('',(2.471,-3.302,2.388));
#72 = CARTESIAN_POINT('',(2.471,-3.302,2.388));
#73 = CARTESIAN_POINT('',(2.471,3.302,2.388));
#74 = CARTESIAN_POINT('',(2.471,3.302,2.388));
#75 = CARTESIAN_POINT('',(-3.531,3.302,2.388));
#76 = CARTESIAN_POINT('',(-4.343,-0.406,1.067));
#77 = CARTESIAN_POINT('',(-4.343,0.406,1.067));
#78 = CARTESIAN_POINT('',(-4.343,-0.406,1.321));
#79 = CARTESIAN_POINT('',(-4.343,-0.406,1.067));
#80 = CARTESIAN_POINT('',(-4.343,0.406,1.321));
#81 = CARTESIAN_POINT('',(-4.343,-0.406,1.321));
#82 = CARTESIAN_POINT('',(-4.343,0.406,1.067));
#83 = CARTESIAN_POINT('',(-4.343,0.406,1.321));
#84 = CARTESIAN_POINT('',(-3.531,-0.406,1.067));
#85 = CARTESIAN_POINT('',(-4.343,-0.406,1.067));
#86 = CARTESIAN_POINT('',(-3.531,-0.406,1.321));
#87 = CARTESIAN_POINT('',(-3.531,-0.406,1.067));
#88 = CARTESIAN_POINT('',(-4.343,-0.406,1.321));
#89 = CARTESIAN_POINT('',(-3.531,-0.406,1.321));
#90 = CARTESIAN_POINT('',(-4.343,-0.406,1.321));
#91 = CARTESIAN_POINT('',(-4.343,-0.406,1.067));
#92 = CARTESIAN_POINT('',(-3.531,0.406,1.067));
#93 = CARTESIAN_POINT('',(-3.531,-0.406,1.067));
#94 = CARTESIAN_POINT('',(-3.531,0.406,1.321));
#95 = CARTESIAN_POINT('',(-3.531,0.406,1.067));
#96 = CARTESIAN_POINT('',(-3.531,-0.406,1.321));
#97 = CARTESIAN_POINT('',(-3.531,0.406,1.321));
#98 = CARTESIAN_POINT('',(-3.531,-0.406,1.321));
#99 = CARTESIAN_POINT('',(-3.531,-0.406,1.067));
#100 = CARTESIAN_POINT('',(-4.343,0.406,1.067));
#101 = CARTESIAN_POINT('',(-3.531,0.406,1.067));
#102 = CARTESIAN_POINT('',(-4.343,0.406,1.067));
#103 = CARTESIAN_POINT('',(-4.343,0.406,1.321));
#104 = CARTESIAN_POINT('',(-3.531,0.406,1.321));
#105 = CARTESIAN_POINT('',(-4.343,0.406,1.321));
#106 = CARTESIAN_POINT('',(-3.531,0.406,1.321));
#107 = CARTESIAN_POINT('',(-3.531,0.406,1.067));
#108 = CARTESIAN_POINT('',(-3.531,0.406,1.067));
#109 = CARTESIAN_POINT('',(-3.531,-0.406,1.067));
#110 = CARTESIAN_POINT('',(-3.531,-0.406,1.067));
#111 = CARTESIAN_POINT('',(-4.343,-0.406,1.067));
#112 = CARTESIAN_POINT('',(-4.343,-0.406,1.067));
#113 = CARTESIAN_POINT('',(-4.343,0.406,1.067));
#114 = CARTESIAN_POINT('',(-4.343,0.406,1.067));
#115 = CARTESIAN_POINT('',(-3.531,0.406,1.067));
#116 = CARTESIAN_POINT('',(-4.343,0.406,1.321));
#117 = CARTESIAN_POINT('',(-4.343,-0.406,1.321));
#118 = CARTESIAN_POINT('',(-4.343,-0.406,1.321));
#119 = CARTESIAN_POINT('',(-3.531,-0.406,1.321));
#120 = CARTESIAN_POINT('',(-3.531,-0.406,1.321));
#121 = CARTESIAN_POINT('',(-3.531,0.406,1.321));
#122 = CARTESIAN_POINT('',(-3.531,0.406,1.321));
#123 = CARTESIAN_POINT('',(-4.343,0.406,1.321));
#124 = CARTESIAN_POINT('',(-3.531,-1.867,1.067));
#125 = CARTESIAN_POINT('',(-3.531,-2.705,1.067));
#126 = CARTESIAN_POINT('',(-3.531,-1.867,1.321));
#127 = CARTESIAN_POINT('',(-3.531,-1.867,1.067));
#128 = CARTESIAN_POINT('',(-3.531,-2.705,1.321));
#129 = CARTESIAN_POINT('',(-3.531,-1.867,1.321));
#130 = CARTESIAN_POINT('',(-3.531,-2.705,1.067));
#131 = CARTESIAN_POINT('',(-3.531,-2.705,1.321));
#132 = CARTESIAN_POINT('',(-3.531,-2.705,1.321));
#133 = CARTESIAN_POINT('',(-3.531,-1.867,1.321));
#134 = CARTESIAN_POINT('',(-4.759,-1.867,1.321));
#135 = CARTESIAN_POINT('',(-3.531,-1.867,1.321));
#136 = CARTESIAN_POINT('',(-4.759,-2.705,1.321));
#137 = CARTESIAN_POINT('',(-4.759,-1.867,1.321));
#138 = CARTESIAN_POINT('',(-3.531,-2.705,1.321));
#139 = CARTESIAN_POINT('',(-4.759,-2.705,1.321));
#140 = CARTESIAN_POINT('',(-3.531,-1.867,1.067));
#141 = CARTESIAN_POINT('',(-3.531,-2.705,1.067));
#142 = CARTESIAN_POINT('',(-4.759,-2.705,1.067));
#143 = CARTESIAN_POINT('',(-3.531,-2.705,1.067));
#144 = CARTESIAN_POINT('',(-4.759,-1.867,1.067));
#145 = CARTESIAN_POINT('',(-4.759,-2.705,1.067));
#146 = CARTESIAN_POINT('',(-3.531,-1.867,1.067));
#147 = CARTESIAN_POINT('',(-4.759,-1.867,1.067));
#148 = CARTESIAN_POINT('',(-5.384000000017,-2.705,0.442000000005));
#149 = CARTESIAN_POINT('',(-5.384000000017,-1.867,0.442000000005));
#150 = CARTESIAN_POINT('',(-5.24999999983,-2.705,0.943999999954));
#151 = CARTESIAN_POINT('',(-5.384000000017,-2.705,0.442000000005));
#152 = CARTESIAN_POINT('',(-5.24999999983,-1.867,0.943999999954));
#153 = CARTESIAN_POINT('',(-5.24999999983,-2.705,0.943999999954));
#154 = CARTESIAN_POINT('',(-5.384000000017,-1.867,0.442000000005));
#155 = CARTESIAN_POINT('',(-5.24999999983,-1.867,0.943999999954));
#156 = CARTESIAN_POINT('',(-5.139000000195,-1.867,0.377000000052));
#157 = CARTESIAN_POINT('',(-5.139000000195,-2.705,0.377000000052));
#158 = CARTESIAN_POINT('',(-5.004000000002,-1.867,0.879000000001));
#159 = CARTESIAN_POINT('',(-5.139000000195,-1.867,0.377000000052));
#160 = CARTESIAN_POINT('',(-5.004000000002,-2.705,0.879000000001));
#161 = CARTESIAN_POINT('',(-5.004000000002,-1.867,0.879000000001));
#162 = CARTESIAN_POINT('',(-5.139000000195,-2.705,0.377000000052));
#163 = CARTESIAN_POINT('',(-5.004000000002,-2.705,0.879000000001));
#164 = CARTESIAN_POINT('',(-6.858,-2.705,0.254));
#165 = CARTESIAN_POINT('',(-6.858,-1.867,0.254));
#166 = CARTESIAN_POINT('',(-5.63,-2.705,0.254));
#167 = CARTESIAN_POINT('',(-6.858,-2.705,0.254));
#168 = CARTESIAN_POINT('',(-5.63,-1.867,0.254));
#169 = CARTESIAN_POINT('',(-5.63,-2.705,0.254));
#170 = CARTESIAN_POINT('',(-6.858,-1.867,0.254));
#171 = CARTESIAN_POINT('',(-5.63,-1.867,0.254));
#172 = CARTESIAN_POINT('',(-5.63,-2.705,0.));
#173 = CARTESIAN_POINT('',(-5.63,-1.867,0.));
#174 = CARTESIAN_POINT('',(-6.858,-2.705,0.));
#175 = CARTESIAN_POINT('',(-5.63,-2.705,0.));
#176 = CARTESIAN_POINT('',(-6.858,-1.867,0.));
#177 = CARTESIAN_POINT('',(-6.858,-2.705,0.));
#178 = CARTESIAN_POINT('',(-5.63,-1.867,0.));
#179 = CARTESIAN_POINT('',(-6.858,-1.867,0.));
#180 = CARTESIAN_POINT('',(-6.858,-1.867,0.));
#181 = CARTESIAN_POINT('',(-6.858,-2.705,0.));
#182 = CARTESIAN_POINT('',(-6.858,-2.705,0.254));
#183 = CARTESIAN_POINT('',(-6.858,-2.705,0.));
#184 = CARTESIAN_POINT('',(-6.858,-2.705,0.254));
#185 = CARTESIAN_POINT('',(-6.858,-1.867,0.254));
#186 = CARTESIAN_POINT('',(-6.858,-1.867,0.));
#187 = CARTESIAN_POINT('',(-6.858,-1.867,0.254));
#188 = CARTESIAN_POINT('',(-4.759,-2.705,1.321));
#189 = CARTESIAN_POINT('',(-4.759,-1.867,1.321));
#190 = CARTESIAN_POINT('',(-5.24999999983,-1.867,0.943999999954));
#191 = CARTESIAN_POINT('',(-4.759,-1.867,1.321));
#192 = CARTESIAN_POINT('',(-5.24999999983,-1.867,0.943999999954));
#193 = CARTESIAN_POINT('',(-5.24999999983,-2.705,0.943999999954));
#194 = CARTESIAN_POINT('',(-4.759,-2.705,1.321));
#195 = CARTESIAN_POINT('',(-5.24999999983,-2.705,0.943999999954));
#196 = CARTESIAN_POINT('',(-4.759,-1.867,1.067));
#197 = CARTESIAN_POINT('',(-5.004000000002,-1.867,0.879000000001));
#198 = CARTESIAN_POINT('',(-5.004000000002,-2.705,0.879000000001));
#199 = CARTESIAN_POINT('',(-5.004000000002,-1.867,0.879000000001));
#200 = CARTESIAN_POINT('',(-5.004000000002,-2.705,0.879000000001));
#201 = CARTESIAN_POINT('',(-4.759,-2.705,1.067));
#202 = CARTESIAN_POINT('',(-4.759,-1.867,1.067));
#203 = CARTESIAN_POINT('',(-4.759,-2.705,1.067));
#204 = CARTESIAN_POINT('',(-5.63,-1.867,0.254));
#205 = CARTESIAN_POINT('',(-5.384000000017,-1.867,0.442000000005));
#206 = CARTESIAN_POINT('',(-5.384000000017,-2.705,0.442000000005));
#207 = CARTESIAN_POINT('',(-5.384000000017,-1.867,0.442000000005));
#208 = CARTESIAN_POINT('',(-5.384000000017,-2.705,0.442000000005));
#209 = CARTESIAN_POINT('',(-5.63,-2.705,0.254));
#210 = CARTESIAN_POINT('',(-5.63,-1.867,0.254));
#211 = CARTESIAN_POINT('',(-5.63,-2.705,0.254));
#212 = CARTESIAN_POINT('',(-5.63,-2.705,0.));
#213 = CARTESIAN_POINT('',(-5.63,-1.867,0.));
#214 = CARTESIAN_POINT('',(-5.139000000195,-1.867,0.377000000052));
#215 = CARTESIAN_POINT('',(-5.63,-1.867,0.));
#216 = CARTESIAN_POINT('',(-5.139000000195,-1.867,0.377000000052));
#217 = CARTESIAN_POINT('',(-5.139000000195,-2.705,0.377000000052));
#218 = CARTESIAN_POINT('',(-5.63,-2.705,0.));
#219 = CARTESIAN_POINT('',(-5.139000000195,-2.705,0.377000000052));
#220 = CARTESIAN_POINT('',(-4.759,-1.867,1.321));
#221 = CARTESIAN_POINT('',(-3.531,-1.867,1.321));
#222 = CARTESIAN_POINT('',(-3.531,-1.867,1.321));
#223 = CARTESIAN_POINT('',(-3.531,-1.867,1.067));
#224 = CARTESIAN_POINT('',(-3.531,-1.867,1.067));
#225 = CARTESIAN_POINT('',(-4.759,-1.867,1.067));
#226 = CARTESIAN_POINT('',(-4.759,-1.867,1.067));
#227 = CARTESIAN_POINT('',(-5.004000000002,-1.867,0.879000000001));
#228 = CARTESIAN_POINT('',(-5.004000000002,-1.867,0.879000000001));
#229 = CARTESIAN_POINT('',(-5.139000000195,-1.867,0.377000000052));
#230 = CARTESIAN_POINT('',(-5.139000000195,-1.867,0.377000000052));
#231 = CARTESIAN_POINT('',(-5.63,-1.867,0.));
#232 = CARTESIAN_POINT('',(-5.63,-1.867,0.));
#233 = CARTESIAN_POINT('',(-6.858,-1.867,0.));
#234 = CARTESIAN_POINT('',(-6.858,-1.867,0.));
#235 = CARTESIAN_POINT('',(-6.858,-1.867,0.254));
#236 = CARTESIAN_POINT('',(-6.858,-1.867,0.254));
#237 = CARTESIAN_POINT('',(-5.63,-1.867,0.254));
#238 = CARTESIAN_POINT('',(-5.63,-1.867,0.254));
#239 = CARTESIAN_POINT('',(-5.384000000017,-1.867,0.442000000005));
#240 = CARTESIAN_POINT('',(-5.384000000017,-1.867,0.442000000005));
#241 = CARTESIAN_POINT('',(-5.24999999983,-1.867,0.943999999954));
#242 = CARTESIAN_POINT('',(-5.24999999983,-1.867,0.943999999954));
#243 = CARTESIAN_POINT('',(-4.759,-1.867,1.321));
#244 = CARTESIAN_POINT('',(-4.759,-2.705,1.067));
#245 = CARTESIAN_POINT('',(-3.531,-2.705,1.067));
#246 = CARTESIAN_POINT('',(-3.531,-2.705,1.067));
#247 = CARTESIAN_POINT('',(-3.531,-2.705,1.321));
#248 = CARTESIAN_POINT('',(-3.531,-2.705,1.321));
#249 = CARTESIAN_POINT('',(-4.759,-2.705,1.321));
#250 = CARTESIAN_POINT('',(-4.759,-2.705,1.321));
#251 = CARTESIAN_POINT('',(-5.24999999983,-2.705,0.943999999954));
#252 = CARTESIAN_POINT('',(-5.24999999983,-2.705,0.943999999954));
#253 = CARTESIAN_POINT('',(-5.384000000017,-2.705,0.442000000005));
#254 = CARTESIAN_POINT('',(-5.384000000017,-2.705,0.442000000005));
#255 = CARTESIAN_POINT('',(-5.63,-2.705,0.254));
#256 = CARTESIAN_POINT('',(-5.63,-2.705,0.254));
#257 = CARTESIAN_POINT('',(-6.858,-2.705,0.254));
#258 = CARTESIAN_POINT('',(-6.858,-2.705,0.254));
#259 = CARTESIAN_POINT('',(-6.858,-2.705,0.));
#260 = CARTESIAN_POINT('',(-6.858,-2.705,0.));
#261 = CARTESIAN_POINT('',(-5.63,-2.705,0.));
#262 = CARTESIAN_POINT('',(-5.63,-2.705,0.));
#263 = CARTESIAN_POINT('',(-5.139000000195,-2.705,0.377000000052));
#264 = CARTESIAN_POINT('',(-5.139000000195,-2.705,0.377000000052));
#265 = CARTESIAN_POINT('',(-5.004000000002,-2.705,0.879000000001));
#266 = CARTESIAN_POINT('',(-5.004000000002,-2.705,0.879000000001));
#267 = CARTESIAN_POINT('',(-4.759,-2.705,1.067));
#268 = CARTESIAN_POINT('',(-3.531,2.705,1.067));
#269 = CARTESIAN_POINT('',(-3.531,1.867,1.067));
#270 = CARTESIAN_POINT('',(-3.531,2.705,1.321));
#271 = CARTESIAN_POINT('',(-3.531,2.705,1.067));
#272 = CARTESIAN_POINT('',(-3.531,1.867,1.321));
#273 = CARTESIAN_POINT('',(-3.531,2.705,1.321));
#274 = CARTESIAN_POINT('',(-3.531,1.867,1.067));
#275 = CARTESIAN_POINT('',(-3.531,1.867,1.321));
#276 = CARTESIAN_POINT('',(-3.531,1.867,1.321));
#277 = CARTESIAN_POINT('',(-3.531,2.705,1.321));
#278 = CARTESIAN_POINT('',(-4.759,2.705,1.321));
#279 = CARTESIAN_POINT('',(-3.531,2.705,1.321));
#280 = CARTESIAN_POINT('',(-4.759,1.867,1.321));
#281 = CARTESIAN_POINT('',(-4.759,2.705,1.321));
#282 = CARTESIAN_POINT('',(-3.531,1.867,1.321));
#283 = CARTESIAN_POINT('',(-4.759,1.867,1.321));
#284 = CARTESIAN_POINT('',(-3.531,2.705,1.067));
#285 = CARTESIAN_POINT('',(-3.531,1.867,1.067));
#286 = CARTESIAN_POINT('',(-4.759,1.867,1.067));
#287 = CARTESIAN_POINT('',(-3.531,1.867,1.067));
#288 = CARTESIAN_POINT('',(-4.759,2.705,1.067));
#289 = CARTESIAN_POINT('',(-4.759,1.867,1.067));
#290 = CARTESIAN_POINT('',(-3.531,2.705,1.067));
#291 = CARTESIAN_POINT('',(-4.759,2.705,1.067));
#292 = CARTESIAN_POINT('',(-5.384000000017,1.867,0.442000000005));
#293 = CARTESIAN_POINT('',(-5.384000000017,2.705,0.442000000005));
#294 = CARTESIAN_POINT('',(-5.24999999983,1.867,0.943999999954));
#295 = CARTESIAN_POINT('',(-5.384000000017,1.867,0.442000000005));
#296 = CARTESIAN_POINT('',(-5.24999999983,2.705,0.943999999954));
#297 = CARTESIAN_POINT('',(-5.24999999983,1.867,0.943999999954));
#298 = CARTESIAN_POINT('',(-5.384000000017,2.705,0.442000000005));
#299 = CARTESIAN_POINT('',(-5.24999999983,2.705,0.943999999954));
#300 = CARTESIAN_POINT('',(-5.139000000195,2.705,0.377000000052));
#301 = CARTESIAN_POINT('',(-5.139000000195,1.867,0.377000000052));
#302 = CARTESIAN_POINT('',(-5.004000000002,2.705,0.879000000001));
#303 = CARTESIAN_POINT('',(-5.139000000195,2.705,0.377000000052));
#304 = CARTESIAN_POINT('',(-5.004000000002,1.867,0.879000000001));
#305 = CARTESIAN_POINT('',(-5.004000000002,2.705,0.879000000001));
#306 = CARTESIAN_POINT('',(-5.139000000195,1.867,0.377000000052));
#307 = CARTESIAN_POINT('',(-5.004000000002,1.867,0.879000000001));
#308 = CARTESIAN_POINT('',(-6.858,1.867,0.254));
#309 = CARTESIAN_POINT('',(-6.858,2.705,0.254));
#310 = CARTESIAN_POINT('',(-5.63,1.867,0.254));
#311 = CARTESIAN_POINT('',(-6.858,1.867,0.254));
#312 = CARTESIAN_POINT('',(-5.63,2.705,0.254));
#313 = CARTESIAN_POINT('',(-5.63,1.867,0.254));
#314 = CARTESIAN_POINT('',(-6.858,2.705,0.254));
#315 = CARTESIAN_POINT('',(-5.63,2.705,0.254));
#316 = CARTESIAN_POINT('',(-5.63,1.867,0.));
#317 = CARTESIAN_POINT('',(-5.63,2.705,0.));
#318 = CARTESIAN_POINT('',(-6.858,1.867,0.));
#319 = CARTESIAN_POINT('',(-5.63,1.867,0.));
#320 = CARTESIAN_POINT('',(-6.858,2.705,0.));
#321 = CARTESIAN_POINT('',(-6.858,1.867,0.));
#322 = CARTESIAN_POINT('',(-5.63,2.705,0.));
#323 = CARTESIAN_POINT('',(-6.858,2.705,0.));
#324 = CARTESIAN_POINT('',(-6.858,2.705,0.));
#325 = CARTESIAN_POINT('',(-6.858,1.867,0.));
#326 = CARTESIAN_POINT('',(-6.858,1.867,0.254));
#327 = CARTESIAN_POINT('',(-6.858,1.867,0.));
#328 = CARTESIAN_POINT('',(-6.858,1.867,0.254));
#329 = CARTESIAN_POINT('',(-6.858,2.705,0.254));
#330 = CARTESIAN_POINT('',(-6.858,2.705,0.));
#331 = CARTESIAN_POINT('',(-6.858,2.705,0.254));
#332 = CARTESIAN_POINT('',(-4.759,1.867,1.321));
#333 = CARTESIAN_POINT('',(-4.759,2.705,1.321));
#334 = CARTESIAN_POINT('',(-5.24999999983,2.705,0.943999999954));
#335 = CARTESIAN_POINT('',(-4.759,2.705,1.321));
#336 = CARTESIAN_POINT('',(-5.24999999983,2.705,0.943999999954));
#337 = CARTESIAN_POINT('',(-5.24999999983,1.867,0.943999999954));
#338 = CARTESIAN_POINT('',(-4.759,1.867,1.321));
#339 = CARTESIAN_POINT('',(-5.24999999983,1.867,0.943999999954));
#340 = CARTESIAN_POINT('',(-4.759,2.705,1.067));
#341 = CARTESIAN_POINT('',(-5.004000000002,2.705,0.879000000001));
#342 = CARTESIAN_POINT('',(-5.004000000002,1.867,0.879000000001));
#343 = CARTESIAN_POINT('',(-5.004000000002,2.705,0.879000000001));
#344 = CARTESIAN_POINT('',(-5.004000000002,1.867,0.879000000001));
#345 = CARTESIAN_POINT('',(-4.759,1.867,1.067));
#346 = CARTESIAN_POINT('',(-4.759,2.705,1.067));
#347 = CARTESIAN_POINT('',(-4.759,1.867,1.067));
#348 = CARTESIAN_POINT('',(-5.63,2.705,0.254));
#349 = CARTESIAN_POINT('',(-5.384000000017,2.705,0.442000000005));
#350 = CARTESIAN_POINT('',(-5.384000000017,1.867,0.442000000005));
#351 = CARTESIAN_POINT('',(-5.384000000017,2.705,0.442000000005));
#352 = CARTESIAN_POINT('',(-5.384000000017,1.867,0.442000000005));
#353 = CARTESIAN_POINT('',(-5.63,1.867,0.254));
#354 = CARTESIAN_POINT('',(-5.63,2.705,0.254));
#355 = CARTESIAN_POINT('',(-5.63,1.867,0.254));
#356 = CARTESIAN_POINT('',(-5.63,1.867,0.));
#357 = CARTESIAN_POINT('',(-5.63,2.705,0.));
#358 = CARTESIAN_POINT('',(-5.139000000195,2.705,0.377000000052));
#359 = CARTESIAN_POINT('',(-5.63,2.705,0.));
#360 = CARTESIAN_POINT('',(-5.139000000195,2.705,0.377000000052));
#361 = CARTESIAN_POINT('',(-5.139000000195,1.867,0.377000000052));
#362 = CARTESIAN_POINT('',(-5.63,1.867,0.));
#363 = CARTESIAN_POINT('',(-5.139000000195,1.867,0.377000000052));
#364 = CARTESIAN_POINT('',(-4.759,2.705,1.321));
#365 = CARTESIAN_POINT('',(-3.531,2.705,1.321));
#366 = CARTESIAN_POINT('',(-3.531,2.705,1.321));
#367 = CARTESIAN_POINT('',(-3.531,2.705,1.067));
#368 = CARTESIAN_POINT('',(-3.531,2.705,1.067));
#369 = CARTESIAN_POINT('',(-4.759,2.705,1.067));
#370 = CARTESIAN_POINT('',(-4.759,2.705,1.067));
#371 = CARTESIAN_POINT('',(-5.004000000002,2.705,0.879000000001));
#372 = CARTESIAN_POINT('',(-5.004000000002,2.705,0.879000000001));
#373 = CARTESIAN_POINT('',(-5.139000000195,2.705,0.377000000052));
#374 = CARTESIAN_POINT('',(-5.139000000195,2.705,0.377000000052));
#375 = CARTESIAN_POINT('',(-5.63,2.705,0.));
#376 = CARTESIAN_POINT('',(-5.63,2.705,0.));
#377 = CARTESIAN_POINT('',(-6.858,2.705,0.));
#378 = CARTESIAN_POINT('',(-6.858,2.705,0.));
#379 = CARTESIAN_POINT('',(-6.858,2.705,0.254));
#380 = CARTESIAN_POINT('',(-6.858,2.705,0.254));
#381 = CARTESIAN_POINT('',(-5.63,2.705,0.254));
#382 = CARTESIAN_POINT('',(-5.63,2.705,0.254));
#383 = CARTESIAN_POINT('',(-5.384000000017,2.705,0.442000000005));
#384 = CARTESIAN_POINT('',(-5.384000000017,2.705,0.442000000005));
#385 = CARTESIAN_POINT('',(-5.24999999983,2.705,0.943999999954));
#386 = CARTESIAN_POINT('',(-5.24999999983,2.705,0.943999999954));
#387 = CARTESIAN_POINT('',(-4.759,2.705,1.321));
#388 = CARTESIAN_POINT('',(-4.759,1.867,1.067));
#389 = CARTESIAN_POINT('',(-3.531,1.867,1.067));
#390 = CARTESIAN_POINT('',(-3.531,1.867,1.067));
#391 = CARTESIAN_POINT('',(-3.531,1.867,1.321));
#392 = CARTESIAN_POINT('',(-3.531,1.867,1.321));
#393 = CARTESIAN_POINT('',(-4.759,1.867,1.321));
#394 = CARTESIAN_POINT('',(-4.759,1.867,1.321));
#395 = CARTESIAN_POINT('',(-5.24999999983,1.867,0.943999999954));
#396 = CARTESIAN_POINT('',(-5.24999999983,1.867,0.943999999954));
#397 = CARTESIAN_POINT('',(-5.384000000017,1.867,0.442000000005));
#398 = CARTESIAN_POINT('',(-5.384000000017,1.867,0.442000000005));
#399 = CARTESIAN_POINT('',(-5.63,1.867,0.254));
#400 = CARTESIAN_POINT('',(-5.63,1.867,0.254));
#401 = CARTESIAN_POINT('',(-6.858,1.867,0.254));
#402 = CARTESIAN_POINT('',(-6.858,1.867,0.254));
#403 = CARTESIAN_POINT('',(-6.858,1.867,0.));
#404 = CARTESIAN_POINT('',(-6.858,1.867,0.));
#405 = CARTESIAN_POINT('',(-5.63,1.867,0.));
#406 = CARTESIAN_POINT('',(-5.63,1.867,0.));
#407 = CARTESIAN_POINT('',(-5.139000000195,1.867,0.377000000052));
#408 = CARTESIAN_POINT('',(-5.139000000195,1.867,0.377000000052));
#409 = CARTESIAN_POINT('',(-5.004000000002,1.867,0.879000000001));
#410 = CARTESIAN_POINT('',(-5.004000000002,1.867,0.879000000001));
#411 = CARTESIAN_POINT('',(-4.759,1.867,1.067));
#412 = CARTESIAN_POINT('',(-3.528,-2.476,-5.1E-02));
#413 = CARTESIAN_POINT('',(-3.528,2.476,-5.1E-02));
#414 = CARTESIAN_POINT('',(-3.528,-2.476,0.));
#415 = CARTESIAN_POINT('',(-3.528,-2.476,-5.1E-02));
#416 = CARTESIAN_POINT('',(-3.528,2.476,0.));
#417 = CARTESIAN_POINT('',(-3.528,-2.476,0.));
#418 = CARTESIAN_POINT('',(-3.528,2.476,-5.1E-02));
#419 = CARTESIAN_POINT('',(-3.528,2.476,0.));
#420 = CARTESIAN_POINT('',(1.768,-2.476,-5.1E-02));
#421 = CARTESIAN_POINT('',(-3.528,-2.476,-5.1E-02));
#422 = CARTESIAN_POINT('',(1.768,-2.476,0.));
#423 = CARTESIAN_POINT('',(1.768,-2.476,-5.1E-02));
#424 = CARTESIAN_POINT('',(-3.528,-2.476,0.));
#425 = CARTESIAN_POINT('',(1.768,-2.476,0.));
#426 = CARTESIAN_POINT('',(-3.528,-2.476,0.));
#427 = CARTESIAN_POINT('',(-3.528,-2.476,-5.1E-02));
#428 = CARTESIAN_POINT('',(1.768,-0.826,-5.1E-02));
#429 = CARTESIAN_POINT('',(1.768,-2.476,-5.1E-02));
#430 = CARTESIAN_POINT('',(1.768,-0.826,0.));
#431 = CARTESIAN_POINT('',(1.768,-0.826,-5.1E-02));
#432 = CARTESIAN_POINT('',(1.768,-2.476,0.));
#433 = CARTESIAN_POINT('',(1.768,-0.826,0.));
#434 = CARTESIAN_POINT('',(1.768,-2.476,0.));
#435 = CARTESIAN_POINT('',(1.768,-2.476,-5.1E-02));
#436 = CARTESIAN_POINT('',(2.474,-0.826,-5.1E-02));
#437 = CARTESIAN_POINT('',(1.768,-0.826,-5.1E-02));
#438 = CARTESIAN_POINT('',(2.474,-0.826,0.));
#439 = CARTESIAN_POINT('',(2.474,-0.826,-5.1E-02));
#440 = CARTESIAN_POINT('',(1.768,-0.826,0.));
#441 = CARTESIAN_POINT('',(2.474,-0.826,0.));
#442 = CARTESIAN_POINT('',(1.768,-0.826,0.));
#443 = CARTESIAN_POINT('',(1.768,-0.826,-5.1E-02));
#444 = CARTESIAN_POINT('',(3.004,-3.302,-5.1E-02));
#445 = CARTESIAN_POINT('',(2.474,-3.302,-5.1E-02));
#446 = CARTESIAN_POINT('',(3.004,-3.302,0.745));
#447 = CARTESIAN_POINT('',(3.004,-3.302,-5.1E-02));
#448 = CARTESIAN_POINT('',(2.474,-3.302,0.745));
#449 = CARTESIAN_POINT('',(3.004,-3.302,0.745));
#450 = CARTESIAN_POINT('',(2.474,-3.302,-5.1E-02));
#451 = CARTESIAN_POINT('',(2.474,-3.302,0.745));
#452 = CARTESIAN_POINT('',(3.533004373999,-0.826003090206,-5.1E-02));
#453 = CARTESIAN_POINT('',(3.004,-3.302,-5.1E-02));
#454 = CARTESIAN_POINT('',(3.533004373999,-0.826003090206,0.745));
#455 = CARTESIAN_POINT('',(3.533004373999,-0.826003090206,-5.1E-02));
#456 = CARTESIAN_POINT('',(3.004,-3.302,0.745));
#457 = CARTESIAN_POINT('',(3.533004373999,-0.826003090206,0.745));
#458 = CARTESIAN_POINT('',(3.004,-3.302,0.745));
#459 = CARTESIAN_POINT('',(3.004,-3.302,-5.1E-02));
#460 = CARTESIAN_POINT('',(3.533,0.826,-5.1E-02));
#461 = CARTESIAN_POINT('',(3.533004373999,-0.826003090206,-5.1E-02));
#462 = CARTESIAN_POINT('',(3.533,0.826,0.745));
#463 = CARTESIAN_POINT('',(3.533,0.826,-5.1E-02));
#464 = CARTESIAN_POINT('',(3.533004373999,-0.826003090206,0.745));
#465 = CARTESIAN_POINT('',(3.533,0.826,0.745));
#466 = CARTESIAN_POINT('',(3.533004373999,-0.826003090206,0.745));
#467 = CARTESIAN_POINT('',(3.533004373999,-0.826003090206,-5.1E-02));
#468 = CARTESIAN_POINT('',(3.003875256333,3.301999999427,-5.1E-02));
#469 = CARTESIAN_POINT('',(3.533,0.826,-5.1E-02));
#470 = CARTESIAN_POINT('',(3.003875256333,3.301999999427,0.745));
#471 = CARTESIAN_POINT('',(3.003875256333,3.301999999427,-5.1E-02));
#472 = CARTESIAN_POINT('',(3.533,0.826,0.745));
#473 = CARTESIAN_POINT('',(3.003875256333,3.301999999427,0.745));
#474 = CARTESIAN_POINT('',(3.533,0.826,0.745));
#475 = CARTESIAN_POINT('',(3.533,0.826,-5.1E-02));
#476 = CARTESIAN_POINT('',(2.474,3.302,-5.1E-02));
#477 = CARTESIAN_POINT('',(3.003875256333,3.301999999427,-5.1E-02));
#478 = CARTESIAN_POINT('',(2.474,3.302,0.745));
#479 = CARTESIAN_POINT('',(2.474,3.302,-5.1E-02));
#480 = CARTESIAN_POINT('',(3.003875256333,3.301999999427,0.745));
#481 = CARTESIAN_POINT('',(2.474,3.302,0.745));
#482 = CARTESIAN_POINT('',(3.003875256333,3.301999999427,0.745));
#483 = CARTESIAN_POINT('',(3.003875256333,3.301999999427,-5.1E-02));
#484 = CARTESIAN_POINT('',(1.768,0.826,-5.1E-02));
#485 = CARTESIAN_POINT('',(2.474,0.826,-5.1E-02));
#486 = CARTESIAN_POINT('',(1.768,0.826,0.));
#487 = CARTESIAN_POINT('',(1.768,0.826,-5.1E-02));
#488 = CARTESIAN_POINT('',(2.474,0.826,0.));
#489 = CARTESIAN_POINT('',(1.768,0.826,0.));
#490 = CARTESIAN_POINT('',(2.474,0.826,-5.1E-02));
#491 = CARTESIAN_POINT('',(2.474,0.826,0.));
#492 = CARTESIAN_POINT('',(1.768,2.476,-5.1E-02));
#493 = CARTESIAN_POINT('',(1.768,0.826,-5.1E-02));
#494 = CARTESIAN_POINT('',(1.768,2.476,0.));
#495 = CARTESIAN_POINT('',(1.768,2.476,-5.1E-02));
#496 = CARTESIAN_POINT('',(1.768,0.826,0.));
#497 = CARTESIAN_POINT('',(1.768,2.476,0.));
#498 = CARTESIAN_POINT('',(1.768,0.826,0.));
#499 = CARTESIAN_POINT('',(1.768,0.826,-5.1E-02));
#500 = CARTESIAN_POINT('',(-3.528,2.476,-5.1E-02));
#501 = CARTESIAN_POINT('',(1.768,2.476,-5.1E-02));
#502 = CARTESIAN_POINT('',(-3.528,2.476,-5.1E-02));
#503 = CARTESIAN_POINT('',(-3.528,2.476,0.));
#504 = CARTESIAN_POINT('',(1.768,2.476,0.));
#505 = CARTESIAN_POINT('',(-3.528,2.476,0.));
#506 = CARTESIAN_POINT('',(1.768,2.476,0.));
#507 = CARTESIAN_POINT('',(1.768,2.476,-5.1E-02));
#508 = CARTESIAN_POINT('',(3.003875256333,3.301999999427,0.745));
#509 = CARTESIAN_POINT('',(2.474,3.302,0.745));
#510 = CARTESIAN_POINT('',(2.474,-3.302,0.745));
#511 = CARTESIAN_POINT('',(2.474,3.302,0.745));
#512 = CARTESIAN_POINT('',(2.474,-3.302,0.745));
#513 = CARTESIAN_POINT('',(3.004,-3.302,0.745));
#514 = CARTESIAN_POINT('',(3.004,-3.302,0.745));
#515 = CARTESIAN_POINT('',(3.533004373999,-0.826003090206,0.745));
#516 = CARTESIAN_POINT('',(3.533004373999,-0.826003090206,0.745));
#517 = CARTESIAN_POINT('',(3.533,0.826,0.745));
#518 = CARTESIAN_POINT('',(3.533,0.826,0.745));
#519 = CARTESIAN_POINT('',(3.003875256333,3.301999999427,0.745));
#520 = CARTESIAN_POINT('',(1.768,2.476,0.));
#521 = CARTESIAN_POINT('',(-3.528,2.476,0.));
#522 = CARTESIAN_POINT('',(-3.528,2.476,0.));
#523 = CARTESIAN_POINT('',(-3.528,-2.476,0.));
#524 = CARTESIAN_POINT('',(-3.528,-2.476,0.));
#525 = CARTESIAN_POINT('',(1.768,-2.476,0.));
#526 = CARTESIAN_POINT('',(1.768,-2.476,0.));
#527 = CARTESIAN_POINT('',(1.768,-0.826,0.));
#528 = CARTESIAN_POINT('',(1.768,-0.826,0.));
#529 = CARTESIAN_POINT('',(2.474,-0.826,0.));
#530 = CARTESIAN_POINT('',(2.474,0.826,0.));
#531 = CARTESIAN_POINT('',(2.474,-0.826,0.));
#532 = CARTESIAN_POINT('',(2.474,0.826,0.));
#533 = CARTESIAN_POINT('',(1.768,0.826,0.));
#534 = CARTESIAN_POINT('',(1.768,0.826,0.));
#535 = CARTESIAN_POINT('',(1.768,2.476,0.));
#536 = CARTESIAN_POINT('',(-3.528,-2.476,-5.1E-02));
#537 = CARTESIAN_POINT('',(-3.528,2.476,-5.1E-02));
#538 = CARTESIAN_POINT('',(-3.528,2.476,-5.1E-02));
#539 = CARTESIAN_POINT('',(1.768,2.476,-5.1E-02));
#540 = CARTESIAN_POINT('',(1.768,2.476,-5.1E-02));
#541 = CARTESIAN_POINT('',(1.768,0.826,-5.1E-02));
#542 = CARTESIAN_POINT('',(1.768,0.826,-5.1E-02));
#543 = CARTESIAN_POINT('',(2.474,0.826,-5.1E-02));
#544 = CARTESIAN_POINT('',(2.474,3.302,-5.1E-02));
#545 = CARTESIAN_POINT('',(2.474,0.826,-5.1E-02));
#546 = CARTESIAN_POINT('',(2.474,3.302,-5.1E-02));
#547 = CARTESIAN_POINT('',(3.003875256333,3.301999999427,-5.1E-02));
#548 = CARTESIAN_POINT('',(3.003875256333,3.301999999427,-5.1E-02));
#549 = CARTESIAN_POINT('',(3.533,0.826,-5.1E-02));
#550 = CARTESIAN_POINT('',(3.533,0.826,-5.1E-02));
#551 = CARTESIAN_POINT('',(3.533004373999,-0.826003090206,-5.1E-02));
#552 = CARTESIAN_POINT('',(3.533004373999,-0.826003090206,-5.1E-02));
#553 = CARTESIAN_POINT('',(3.004,-3.302,-5.1E-02));
#554 = CARTESIAN_POINT('',(3.004,-3.302,-5.1E-02));
#555 = CARTESIAN_POINT('',(2.474,-3.302,-5.1E-02));
#556 = CARTESIAN_POINT('',(2.474,-0.826,-5.1E-02));
#557 = CARTESIAN_POINT('',(2.474,-3.302,-5.1E-02));
#558 = CARTESIAN_POINT('',(2.474,-0.826,-5.1E-02));
#559 = CARTESIAN_POINT('',(1.768,-0.826,-5.1E-02));
#560 = CARTESIAN_POINT('',(1.768,-0.826,-5.1E-02));
#561 = CARTESIAN_POINT('',(1.768,-2.476,-5.1E-02));
#562 = CARTESIAN_POINT('',(1.768,-2.476,-5.1E-02));
#563 = CARTESIAN_POINT('',(-3.528,-2.476,-5.1E-02));
#564 = CARTESIAN_POINT('',(2.474,3.302,-5.1E-02));
#565 = CARTESIAN_POINT('',(2.474,0.826,-5.1E-02));
#566 = CARTESIAN_POINT('',(2.474,0.826,-5.1E-02));
#567 = CARTESIAN_POINT('',(2.474,0.826,0.));
#568 = CARTESIAN_POINT('',(2.474,0.826,0.));
#569 = CARTESIAN_POINT('',(2.474,-0.826,0.));
#570 = CARTESIAN_POINT('',(2.474,-0.826,0.));
#571 = CARTESIAN_POINT('',(2.474,-0.826,-5.1E-02));
#572 = CARTESIAN_POINT('',(2.474,-0.826,-5.1E-02));
#573 = CARTESIAN_POINT('',(2.474,-3.302,-5.1E-02));
#574 = CARTESIAN_POINT('',(2.474,-3.302,-5.1E-02));
#575 = CARTESIAN_POINT('',(2.474,-3.302,0.745));
#576 = CARTESIAN_POINT('',(2.474,-3.302,0.745));
#577 = CARTESIAN_POINT('',(2.474,3.302,0.745));
#578 = CARTESIAN_POINT('',(2.474,3.302,0.745));
#579 = CARTESIAN_POINT('',(2.474,3.302,-5.1E-02));
#580 = MANIFOLD_SOLID_BREP('',#581);
#581 = CLOSED_SHELL('',(#582,#615,#624));
#582 = ADVANCED_FACE('',(#583),#610,.T.);
#583 = FACE_BOUND('',#584,.T.);
#584 = EDGE_LOOP('',(#585,#594,#602,#609));
#585 = ORIENTED_EDGE('',*,*,#586,.F.);
#586 = EDGE_CURVE('',#587,#587,#589,.T.);
#587 = VERTEX_POINT('',#588);
#588 = CARTESIAN_POINT('',(-2.374,2.46253,2.39));
#589 = CIRCLE('',#590,0.17653);
#590 = AXIS2_PLACEMENT_3D('',#591,#592,#593);
#591 = CARTESIAN_POINT('',(-2.374,2.286,2.39));
#592 = DIRECTION('',(0.,0.,1.));
#593 = DIRECTION('',(-2.22044604925E-16,-1.,0.));
#594 = ORIENTED_EDGE('',*,*,#595,.T.);
#595 = EDGE_CURVE('',#587,#596,#598,.T.);
#596 = VERTEX_POINT('',#597);
#597 = CARTESIAN_POINT('',(-2.374,2.46253,2.388));
#598 = LINE('',#599,#600);
#599 = CARTESIAN_POINT('',(-2.374,2.46253,2.388));
#600 = VECTOR('',#601,1.);
#601 = DIRECTION('',(0.,-0.,-1.));
#602 = ORIENTED_EDGE('',*,*,#603,.F.);
#603 = EDGE_CURVE('',#596,#596,#604,.T.);
#604 = CIRCLE('',#605,0.17653);
#605 = AXIS2_PLACEMENT_3D('',#606,#607,#608);
#606 = CARTESIAN_POINT('',(-2.374,2.286,2.388));
#607 = DIRECTION('',(-0.,0.,-1.));
#608 = DIRECTION('',(-2.22044604925E-16,-1.,0.));
#609 = ORIENTED_EDGE('',*,*,#595,.F.);
#610 = CYLINDRICAL_SURFACE('',#611,0.17653);
#611 = AXIS2_PLACEMENT_3D('',#612,#613,#614);
#612 = CARTESIAN_POINT('',(-2.374,2.286,2.388));
#613 = DIRECTION('',(0.,0.,1.));
#614 = DIRECTION('',(-2.22044604925E-16,-1.,0.));
#615 = ADVANCED_FACE('',(#616),#619,.F.);
#616 = FACE_BOUND('',#617,.T.);
#617 = EDGE_LOOP('',(#618));
#618 = ORIENTED_EDGE('',*,*,#603,.T.);
#619 = PLANE('',#620);
#620 = AXIS2_PLACEMENT_3D('',#621,#622,#623);
#621 = CARTESIAN_POINT('',(-2.374,2.286,2.388));
#622 = DIRECTION('',(0.,0.,1.));
#623 = DIRECTION('',(1.,-2.22044604925E-16,0.));
#624 = ADVANCED_FACE('',(#625),#628,.T.);
#625 = FACE_BOUND('',#626,.T.);
#626 = EDGE_LOOP('',(#627));
#627 = ORIENTED_EDGE('',*,*,#586,.T.);
#628 = PLANE('',#629);
#629 = AXIS2_PLACEMENT_3D('',#630,#631,#632);
#630 = CARTESIAN_POINT('',(-2.374,2.286,2.39));
#631 = DIRECTION('',(0.,0.,1.));
#632 = DIRECTION('',(1.,-2.22044604925E-16,0.));
#633 = MANIFOLD_SOLID_BREP('',#634);
#634 = CLOSED_SHELL('',(#635,#675,#706,#737,#759,#771));
#635 = ADVANCED_FACE('',(#636),#670,.T.);
#636 = FACE_BOUND('',#637,.T.);
#637 = EDGE_LOOP('',(#638,#648,#656,#664));
#638 = ORIENTED_EDGE('',*,*,#639,.F.);
#639 = EDGE_CURVE('',#640,#642,#644,.T.);
#640 = VERTEX_POINT('',#641);
#641 = CARTESIAN_POINT('',(-3.531,-3.302,0.));
#642 = VERTEX_POINT('',#643);
#643 = CARTESIAN_POINT('',(-3.531,3.302,0.));
#644 = LINE('',#645,#646);
#645 = CARTESIAN_POINT('',(-3.531,-3.302,0.));
#646 = VECTOR('',#647,1.);
#647 = DIRECTION('',(2.22044604925E-16,1.,0.));
#648 = ORIENTED_EDGE('',*,*,#649,.F.);
#649 = EDGE_CURVE('',#650,#640,#652,.T.);
#650 = VERTEX_POINT('',#651);
#651 = CARTESIAN_POINT('',(-3.531,-3.302,2.388));
#652 = LINE('',#653,#654);
#653 = CARTESIAN_POINT('',(-3.531,-3.302,2.388));
#654 = VECTOR('',#655,1.);
#655 = DIRECTION('',(0.,-0.,-1.));
#656 = ORIENTED_EDGE('',*,*,#657,.F.);
#657 = EDGE_CURVE('',#658,#650,#660,.T.);
#658 = VERTEX_POINT('',#659);
#659 = CARTESIAN_POINT('',(-3.531,3.302,2.388));
#660 = LINE('',#661,#662);
#661 = CARTESIAN_POINT('',(-3.531,3.302,2.388));
#662 = VECTOR('',#663,1.);
#663 = DIRECTION('',(-2.22044604925E-16,-1.,0.));
#664 = ORIENTED_EDGE('',*,*,#665,.F.);
#665 = EDGE_CURVE('',#642,#658,#666,.T.);
#666 = LINE('',#667,#668);
#667 = CARTESIAN_POINT('',(-3.531,3.302,0.));
#668 = VECTOR('',#669,1.);
#669 = DIRECTION('',(0.,0.,1.));
#670 = PLANE('',#671);
#671 = AXIS2_PLACEMENT_3D('',#672,#673,#674);
#672 = CARTESIAN_POINT('',(-3.531,3.302,0.));
#673 = DIRECTION('',(-1.,2.22044604925E-16,0.));
#674 = DIRECTION('',(0.,0.,1.));
#675 = ADVANCED_FACE('',(#676),#701,.T.);
#676 = FACE_BOUND('',#677,.T.);
#677 = EDGE_LOOP('',(#678,#686,#694,#700));
#678 = ORIENTED_EDGE('',*,*,#679,.F.);
#679 = EDGE_CURVE('',#680,#640,#682,.T.);
#680 = VERTEX_POINT('',#681);
#681 = CARTESIAN_POINT('',(2.471,-3.302,0.));
#682 = LINE('',#683,#684);
#683 = CARTESIAN_POINT('',(2.471,-3.302,0.));
#684 = VECTOR('',#685,1.);
#685 = DIRECTION('',(-1.,2.22044604925E-16,0.));
#686 = ORIENTED_EDGE('',*,*,#687,.F.);
#687 = EDGE_CURVE('',#688,#680,#690,.T.);
#688 = VERTEX_POINT('',#689);
#689 = CARTESIAN_POINT('',(2.471,-3.302,2.388));
#690 = LINE('',#691,#692);
#691 = CARTESIAN_POINT('',(2.471,-3.302,2.388));
#692 = VECTOR('',#693,1.);
#693 = DIRECTION('',(0.,-0.,-1.));
#694 = ORIENTED_EDGE('',*,*,#695,.F.);
#695 = EDGE_CURVE('',#650,#688,#696,.T.);
#696 = LINE('',#697,#698);
#697 = CARTESIAN_POINT('',(-3.531,-3.302,2.388));
#698 = VECTOR('',#699,1.);
#699 = DIRECTION('',(1.,-2.22044604925E-16,0.));
#700 = ORIENTED_EDGE('',*,*,#649,.T.);
#701 = PLANE('',#702);
#702 = AXIS2_PLACEMENT_3D('',#703,#704,#705);
#703 = CARTESIAN_POINT('',(-3.531,-3.302,0.));
#704 = DIRECTION('',(-2.22044604925E-16,-1.,0.));
#705 = DIRECTION('',(0.,0.,1.));
#706 = ADVANCED_FACE('',(#707),#732,.T.);
#707 = FACE_BOUND('',#708,.T.);
#708 = EDGE_LOOP('',(#709,#717,#725,#731));
#709 = ORIENTED_EDGE('',*,*,#710,.F.);
#710 = EDGE_CURVE('',#711,#680,#713,.T.);
#711 = VERTEX_POINT('',#712);
#712 = CARTESIAN_POINT('',(2.471,3.302,0.));
#713 = LINE('',#714,#715);
#714 = CARTESIAN_POINT('',(2.471,3.302,0.));
#715 = VECTOR('',#716,1.);
#716 = DIRECTION('',(-2.22044604925E-16,-1.,0.));
#717 = ORIENTED_EDGE('',*,*,#718,.F.);
#718 = EDGE_CURVE('',#719,#711,#721,.T.);
#719 = VERTEX_POINT('',#720);
#720 = CARTESIAN_POINT('',(2.471,3.302,2.388));
#721 = LINE('',#722,#723);
#722 = CARTESIAN_POINT('',(2.471,3.302,2.388));
#723 = VECTOR('',#724,1.);
#724 = DIRECTION('',(0.,-0.,-1.));
#725 = ORIENTED_EDGE('',*,*,#726,.F.);
#726 = EDGE_CURVE('',#688,#719,#727,.T.);
#727 = LINE('',#728,#729);
#728 = CARTESIAN_POINT('',(2.471,-3.302,2.388));
#729 = VECTOR('',#730,1.);
#730 = DIRECTION('',(2.22044604925E-16,1.,0.));
#731 = ORIENTED_EDGE('',*,*,#687,.T.);
#732 = PLANE('',#733);
#733 = AXIS2_PLACEMENT_3D('',#734,#735,#736);
#734 = CARTESIAN_POINT('',(2.471,-3.302,0.));
#735 = DIRECTION('',(1.,-2.22044604925E-16,0.));
#736 = DIRECTION('',(0.,0.,1.));
#737 = ADVANCED_FACE('',(#738),#754,.T.);
#738 = FACE_BOUND('',#739,.T.);
#739 = EDGE_LOOP('',(#740,#746,#747,#753));
#740 = ORIENTED_EDGE('',*,*,#741,.F.);
#741 = EDGE_CURVE('',#642,#711,#742,.T.);
#742 = LINE('',#743,#744);
#743 = CARTESIAN_POINT('',(-3.531,3.302,0.));
#744 = VECTOR('',#745,1.);
#745 = DIRECTION('',(1.,-2.22044604925E-16,0.));
#746 = ORIENTED_EDGE('',*,*,#665,.T.);
#747 = ORIENTED_EDGE('',*,*,#748,.F.);
#748 = EDGE_CURVE('',#719,#658,#749,.T.);
#749 = LINE('',#750,#751);
#750 = CARTESIAN_POINT('',(2.471,3.302,2.388));
#751 = VECTOR('',#752,1.);
#752 = DIRECTION('',(-1.,2.22044604925E-16,0.));
#753 = ORIENTED_EDGE('',*,*,#718,.T.);
#754 = PLANE('',#755);
#755 = AXIS2_PLACEMENT_3D('',#756,#757,#758);
#756 = CARTESIAN_POINT('',(2.471,3.302,0.));
#757 = DIRECTION('',(2.22044604925E-16,1.,0.));
#758 = DIRECTION('',(0.,0.,1.));
#759 = ADVANCED_FACE('',(#760),#766,.T.);
#760 = FACE_BOUND('',#761,.T.);
#761 = EDGE_LOOP('',(#762,#763,#764,#765));
#762 = ORIENTED_EDGE('',*,*,#710,.T.);
#763 = ORIENTED_EDGE('',*,*,#679,.T.);
#764 = ORIENTED_EDGE('',*,*,#639,.T.);
#765 = ORIENTED_EDGE('',*,*,#741,.T.);
#766 = PLANE('',#767);
#767 = AXIS2_PLACEMENT_3D('',#768,#769,#770);
#768 = CARTESIAN_POINT('',(2.471,3.302,0.));
#769 = DIRECTION('',(0.,-0.,-1.));
#770 = DIRECTION('',(1.,-2.22044604925E-16,0.));
#771 = ADVANCED_FACE('',(#772),#778,.T.);
#772 = FACE_BOUND('',#773,.T.);
#773 = EDGE_LOOP('',(#774,#775,#776,#777));
#774 = ORIENTED_EDGE('',*,*,#657,.T.);
#775 = ORIENTED_EDGE('',*,*,#695,.T.);
#776 = ORIENTED_EDGE('',*,*,#726,.T.);
#777 = ORIENTED_EDGE('',*,*,#748,.T.);
#778 = PLANE('',#779);
#779 = AXIS2_PLACEMENT_3D('',#780,#781,#782);
#780 = CARTESIAN_POINT('',(-3.531,3.302,2.388));
#781 = DIRECTION('',(0.,0.,1.));
#782 = DIRECTION('',(1.,-2.22044604925E-16,0.));
#783 = MANIFOLD_SOLID_BREP('',#784);
#784 = CLOSED_SHELL('',(#785,#825,#856,#887,#909,#921));
#785 = ADVANCED_FACE('',(#786),#820,.T.);
#786 = FACE_BOUND('',#787,.T.);
#787 = EDGE_LOOP('',(#788,#798,#806,#814));
#788 = ORIENTED_EDGE('',*,*,#789,.F.);
#789 = EDGE_CURVE('',#790,#792,#794,.T.);
#790 = VERTEX_POINT('',#791);
#791 = CARTESIAN_POINT('',(-4.343,-0.406,1.067));
#792 = VERTEX_POINT('',#793);
#793 = CARTESIAN_POINT('',(-4.343,0.406,1.067));
#794 = LINE('',#795,#796);
#795 = CARTESIAN_POINT('',(-4.343,-0.406,1.067));
#796 = VECTOR('',#797,1.);
#797 = DIRECTION('',(2.22044604925E-16,1.,0.));
#798 = ORIENTED_EDGE('',*,*,#799,.F.);
#799 = EDGE_CURVE('',#800,#790,#802,.T.);
#800 = VERTEX_POINT('',#801);
#801 = CARTESIAN_POINT('',(-4.343,-0.406,1.321));
#802 = LINE('',#803,#804);
#803 = CARTESIAN_POINT('',(-4.343,-0.406,1.321));
#804 = VECTOR('',#805,1.);
#805 = DIRECTION('',(0.,-0.,-1.));
#806 = ORIENTED_EDGE('',*,*,#807,.F.);
#807 = EDGE_CURVE('',#808,#800,#810,.T.);
#808 = VERTEX_POINT('',#809);
#809 = CARTESIAN_POINT('',(-4.343,0.406,1.321));
#810 = LINE('',#811,#812);
#811 = CARTESIAN_POINT('',(-4.343,0.406,1.321));
#812 = VECTOR('',#813,1.);
#813 = DIRECTION('',(-2.22044604925E-16,-1.,0.));
#814 = ORIENTED_EDGE('',*,*,#815,.F.);
#815 = EDGE_CURVE('',#792,#808,#816,.T.);
#816 = LINE('',#817,#818);
#817 = CARTESIAN_POINT('',(-4.343,0.406,1.067));
#818 = VECTOR('',#819,1.);
#819 = DIRECTION('',(0.,0.,1.));
#820 = PLANE('',#821);
#821 = AXIS2_PLACEMENT_3D('',#822,#823,#824);
#822 = CARTESIAN_POINT('',(-4.343,0.406,1.067));
#823 = DIRECTION('',(-1.,2.22044604925E-16,0.));
#824 = DIRECTION('',(0.,0.,1.));
#825 = ADVANCED_FACE('',(#826),#851,.T.);
#826 = FACE_BOUND('',#827,.T.);
#827 = EDGE_LOOP('',(#828,#836,#844,#850));
#828 = ORIENTED_EDGE('',*,*,#829,.F.);
#829 = EDGE_CURVE('',#830,#790,#832,.T.);
#830 = VERTEX_POINT('',#831);
#831 = CARTESIAN_POINT('',(-3.531,-0.406,1.067));
#832 = LINE('',#833,#834);
#833 = CARTESIAN_POINT('',(-3.531,-0.406,1.067));
#834 = VECTOR('',#835,1.);
#835 = DIRECTION('',(-1.,2.22044604925E-16,0.));
#836 = ORIENTED_EDGE('',*,*,#837,.F.);
#837 = EDGE_CURVE('',#838,#830,#840,.T.);
#838 = VERTEX_POINT('',#839);
#839 = CARTESIAN_POINT('',(-3.531,-0.406,1.321));
#840 = LINE('',#841,#842);
#841 = CARTESIAN_POINT('',(-3.531,-0.406,1.321));
#842 = VECTOR('',#843,1.);
#843 = DIRECTION('',(0.,-0.,-1.));
#844 = ORIENTED_EDGE('',*,*,#845,.F.);
#845 = EDGE_CURVE('',#800,#838,#846,.T.);
#846 = LINE('',#847,#848);
#847 = CARTESIAN_POINT('',(-4.343,-0.406,1.321));
#848 = VECTOR('',#849,1.);
#849 = DIRECTION('',(1.,-2.22044604925E-16,0.));
#850 = ORIENTED_EDGE('',*,*,#799,.T.);
#851 = PLANE('',#852);
#852 = AXIS2_PLACEMENT_3D('',#853,#854,#855);
#853 = CARTESIAN_POINT('',(-4.343,-0.406,1.067));
#854 = DIRECTION('',(-2.22044604925E-16,-1.,0.));
#855 = DIRECTION('',(0.,0.,1.));
#856 = ADVANCED_FACE('',(#857),#882,.T.);
#857 = FACE_BOUND('',#858,.T.);
#858 = EDGE_LOOP('',(#859,#867,#875,#881));
#859 = ORIENTED_EDGE('',*,*,#860,.F.);
#860 = EDGE_CURVE('',#861,#830,#863,.T.);
#861 = VERTEX_POINT('',#862);
#862 = CARTESIAN_POINT('',(-3.531,0.406,1.067));
#863 = LINE('',#864,#865);
#864 = CARTESIAN_POINT('',(-3.531,0.406,1.067));
#865 = VECTOR('',#866,1.);
#866 = DIRECTION('',(-2.22044604925E-16,-1.,0.));
#867 = ORIENTED_EDGE('',*,*,#868,.F.);
#868 = EDGE_CURVE('',#869,#861,#871,.T.);
#869 = VERTEX_POINT('',#870);
#870 = CARTESIAN_POINT('',(-3.531,0.406,1.321));
#871 = LINE('',#872,#873);
#872 = CARTESIAN_POINT('',(-3.531,0.406,1.321));
#873 = VECTOR('',#874,1.);
#874 = DIRECTION('',(0.,-0.,-1.));
#875 = ORIENTED_EDGE('',*,*,#876,.F.);
#876 = EDGE_CURVE('',#838,#869,#877,.T.);
#877 = LINE('',#878,#879);
#878 = CARTESIAN_POINT('',(-3.531,-0.406,1.321));
#879 = VECTOR('',#880,1.);
#880 = DIRECTION('',(2.22044604925E-16,1.,0.));
#881 = ORIENTED_EDGE('',*,*,#837,.T.);
#882 = PLANE('',#883);
#883 = AXIS2_PLACEMENT_3D('',#884,#885,#886);
#884 = CARTESIAN_POINT('',(-3.531,-0.406,1.067));
#885 = DIRECTION('',(1.,-2.22044604925E-16,0.));
#886 = DIRECTION('',(0.,0.,1.));
#887 = ADVANCED_FACE('',(#888),#904,.T.);
#888 = FACE_BOUND('',#889,.T.);
#889 = EDGE_LOOP('',(#890,#896,#897,#903));
#890 = ORIENTED_EDGE('',*,*,#891,.F.);
#891 = EDGE_CURVE('',#792,#861,#892,.T.);
#892 = LINE('',#893,#894);
#893 = CARTESIAN_POINT('',(-4.343,0.406,1.067));
#894 = VECTOR('',#895,1.);
#895 = DIRECTION('',(1.,-2.22044604925E-16,0.));
#896 = ORIENTED_EDGE('',*,*,#815,.T.);
#897 = ORIENTED_EDGE('',*,*,#898,.F.);
#898 = EDGE_CURVE('',#869,#808,#899,.T.);
#899 = LINE('',#900,#901);
#900 = CARTESIAN_POINT('',(-3.531,0.406,1.321));
#901 = VECTOR('',#902,1.);
#902 = DIRECTION('',(-1.,2.22044604925E-16,0.));
#903 = ORIENTED_EDGE('',*,*,#868,.T.);
#904 = PLANE('',#905);
#905 = AXIS2_PLACEMENT_3D('',#906,#907,#908);
#906 = CARTESIAN_POINT('',(-3.531,0.406,1.067));
#907 = DIRECTION('',(2.22044604925E-16,1.,0.));
#908 = DIRECTION('',(0.,0.,1.));
#909 = ADVANCED_FACE('',(#910),#916,.T.);
#910 = FACE_BOUND('',#911,.T.);
#911 = EDGE_LOOP('',(#912,#913,#914,#915));
#912 = ORIENTED_EDGE('',*,*,#860,.T.);
#913 = ORIENTED_EDGE('',*,*,#829,.T.);
#914 = ORIENTED_EDGE('',*,*,#789,.T.);
#915 = ORIENTED_EDGE('',*,*,#891,.T.);
#916 = PLANE('',#917);
#917 = AXIS2_PLACEMENT_3D('',#918,#919,#920);
#918 = CARTESIAN_POINT('',(-3.531,0.406,1.067));
#919 = DIRECTION('',(0.,-0.,-1.));
#920 = DIRECTION('',(1.,-2.22044604925E-16,0.));
#921 = ADVANCED_FACE('',(#922),#928,.T.);
#922 = FACE_BOUND('',#923,.T.);
#923 = EDGE_LOOP('',(#924,#925,#926,#927));
#924 = ORIENTED_EDGE('',*,*,#807,.T.);
#925 = ORIENTED_EDGE('',*,*,#845,.T.);
#926 = ORIENTED_EDGE('',*,*,#876,.T.);
#927 = ORIENTED_EDGE('',*,*,#898,.T.);
#928 = PLANE('',#929);
#929 = AXIS2_PLACEMENT_3D('',#930,#931,#932);
#930 = CARTESIAN_POINT('',(-4.343,0.406,1.321));
#931 = DIRECTION('',(0.,0.,1.));
#932 = DIRECTION('',(1.,-2.22044604925E-16,0.));
#933 = MANIFOLD_SOLID_BREP('',#934);
#934 = CLOSED_SHELL('',(#935,#975,#1006,#1037,#1077,#1117,#1157,#1197,
    #1219,#1243,#1267,#1291,#1315,#1335));
#935 = ADVANCED_FACE('',(#936),#970,.T.);
#936 = FACE_BOUND('',#937,.T.);
#937 = EDGE_LOOP('',(#938,#948,#956,#964));
#938 = ORIENTED_EDGE('',*,*,#939,.F.);
#939 = EDGE_CURVE('',#940,#942,#944,.T.);
#940 = VERTEX_POINT('',#941);
#941 = CARTESIAN_POINT('',(-3.531,-1.867,1.067));
#942 = VERTEX_POINT('',#943);
#943 = CARTESIAN_POINT('',(-3.531,-2.705,1.067));
#944 = LINE('',#945,#946);
#945 = CARTESIAN_POINT('',(-3.531,-1.867,1.067));
#946 = VECTOR('',#947,1.);
#947 = DIRECTION('',(-2.22044604925E-16,-1.,0.));
#948 = ORIENTED_EDGE('',*,*,#949,.F.);
#949 = EDGE_CURVE('',#950,#940,#952,.T.);
#950 = VERTEX_POINT('',#951);
#951 = CARTESIAN_POINT('',(-3.531,-1.867,1.321));
#952 = LINE('',#953,#954);
#953 = CARTESIAN_POINT('',(-3.531,-1.867,1.321));
#954 = VECTOR('',#955,1.);
#955 = DIRECTION('',(0.,-0.,-1.));
#956 = ORIENTED_EDGE('',*,*,#957,.F.);
#957 = EDGE_CURVE('',#958,#950,#960,.T.);
#958 = VERTEX_POINT('',#959);
#959 = CARTESIAN_POINT('',(-3.531,-2.705,1.321));
#960 = LINE('',#961,#962);
#961 = CARTESIAN_POINT('',(-3.531,-2.705,1.321));
#962 = VECTOR('',#963,1.);
#963 = DIRECTION('',(2.22044604925E-16,1.,0.));
#964 = ORIENTED_EDGE('',*,*,#965,.F.);
#965 = EDGE_CURVE('',#942,#958,#966,.T.);
#966 = LINE('',#967,#968);
#967 = CARTESIAN_POINT('',(-3.531,-2.705,1.067));
#968 = VECTOR('',#969,1.);
#969 = DIRECTION('',(0.,0.,1.));
#970 = PLANE('',#971);
#971 = AXIS2_PLACEMENT_3D('',#972,#973,#974);
#972 = CARTESIAN_POINT('',(-3.531,-2.705,1.067));
#973 = DIRECTION('',(1.,-2.22044604925E-16,0.));
#974 = DIRECTION('',(0.,0.,1.));
#975 = ADVANCED_FACE('',(#976),#1001,.T.);
#976 = FACE_BOUND('',#977,.T.);
#977 = EDGE_LOOP('',(#978,#979,#987,#995));
#978 = ORIENTED_EDGE('',*,*,#957,.T.);
#979 = ORIENTED_EDGE('',*,*,#980,.F.);
#980 = EDGE_CURVE('',#981,#950,#983,.T.);
#981 = VERTEX_POINT('',#982);
#982 = CARTESIAN_POINT('',(-4.759,-1.867,1.321));
#983 = LINE('',#984,#985);
#984 = CARTESIAN_POINT('',(-4.759,-1.867,1.321));
#985 = VECTOR('',#986,1.);
#986 = DIRECTION('',(1.,-2.22044604925E-16,0.));
#987 = ORIENTED_EDGE('',*,*,#988,.F.);
#988 = EDGE_CURVE('',#989,#981,#991,.T.);
#989 = VERTEX_POINT('',#990);
#990 = CARTESIAN_POINT('',(-4.759,-2.705,1.321));
#991 = LINE('',#992,#993);
#992 = CARTESIAN_POINT('',(-4.759,-2.705,1.321));
#993 = VECTOR('',#994,1.);
#994 = DIRECTION('',(2.22044604925E-16,1.,0.));
#995 = ORIENTED_EDGE('',*,*,#996,.F.);
#996 = EDGE_CURVE('',#958,#989,#997,.T.);
#997 = LINE('',#998,#999);
#998 = CARTESIAN_POINT('',(-3.531,-2.705,1.321));
#999 = VECTOR('',#1000,1.);
#1000 = DIRECTION('',(-1.,2.22044604925E-16,0.));
#1001 = PLANE('',#1002);
#1002 = AXIS2_PLACEMENT_3D('',#1003,#1004,#1005);
#1003 = CARTESIAN_POINT('',(-3.531,-2.705,1.321));
#1004 = DIRECTION('',(0.,0.,1.));
#1005 = DIRECTION('',(1.,-2.22044604925E-16,0.));
#1006 = ADVANCED_FACE('',(#1007),#1032,.T.);
#1007 = FACE_BOUND('',#1008,.T.);
#1008 = EDGE_LOOP('',(#1009,#1010,#1018,#1026));
#1009 = ORIENTED_EDGE('',*,*,#939,.T.);
#1010 = ORIENTED_EDGE('',*,*,#1011,.F.);
#1011 = EDGE_CURVE('',#1012,#942,#1014,.T.);
#1012 = VERTEX_POINT('',#1013);
#1013 = CARTESIAN_POINT('',(-4.759,-2.705,1.067));
#1014 = LINE('',#1015,#1016);
#1015 = CARTESIAN_POINT('',(-4.759,-2.705,1.067));
#1016 = VECTOR('',#1017,1.);
#1017 = DIRECTION('',(1.,-2.22044604925E-16,0.));
#1018 = ORIENTED_EDGE('',*,*,#1019,.F.);
#1019 = EDGE_CURVE('',#1020,#1012,#1022,.T.);
#1020 = VERTEX_POINT('',#1021);
#1021 = CARTESIAN_POINT('',(-4.759,-1.867,1.067));
#1022 = LINE('',#1023,#1024);
#1023 = CARTESIAN_POINT('',(-4.759,-1.867,1.067));
#1024 = VECTOR('',#1025,1.);
#1025 = DIRECTION('',(-2.22044604925E-16,-1.,0.));
#1026 = ORIENTED_EDGE('',*,*,#1027,.F.);
#1027 = EDGE_CURVE('',#940,#1020,#1028,.T.);
#1028 = LINE('',#1029,#1030);
#1029 = CARTESIAN_POINT('',(-3.531,-1.867,1.067));
#1030 = VECTOR('',#1031,1.);
#1031 = DIRECTION('',(-1.,2.22044604925E-16,0.));
#1032 = PLANE('',#1033);
#1033 = AXIS2_PLACEMENT_3D('',#1034,#1035,#1036);
#1034 = CARTESIAN_POINT('',(-3.531,-1.867,1.067));
#1035 = DIRECTION('',(0.,-0.,-1.));
#1036 = DIRECTION('',(1.,-2.22044604925E-16,0.));
#1037 = ADVANCED_FACE('',(#1038),#1072,.T.);
#1038 = FACE_BOUND('',#1039,.T.);
#1039 = EDGE_LOOP('',(#1040,#1050,#1058,#1066));
#1040 = ORIENTED_EDGE('',*,*,#1041,.F.);
#1041 = EDGE_CURVE('',#1042,#1044,#1046,.T.);
#1042 = VERTEX_POINT('',#1043);
#1043 = CARTESIAN_POINT('',(-5.384000000017,-2.705,0.442000000005));
#1044 = VERTEX_POINT('',#1045);
#1045 = CARTESIAN_POINT('',(-5.384000000017,-1.867,0.442000000005));
#1046 = LINE('',#1047,#1048);
#1047 = CARTESIAN_POINT('',(-5.384,-2.705,0.442));
#1048 = VECTOR('',#1049,1.);
#1049 = DIRECTION('',(2.22044604925E-16,1.,0.));
#1050 = ORIENTED_EDGE('',*,*,#1051,.F.);
#1051 = EDGE_CURVE('',#1052,#1042,#1054,.T.);
#1052 = VERTEX_POINT('',#1053);
#1053 = CARTESIAN_POINT('',(-5.24999999983,-2.705,0.943999999954));
#1054 = LINE('',#1055,#1056);
#1055 = CARTESIAN_POINT('',(-5.415761671484,-2.705,0.323537549601));
#1056 = VECTOR('',#1057,1.);
#1057 = DIRECTION('',(-0.258969313954,5.75027390047E-17,-0.965885549343)
  );
#1058 = ORIENTED_EDGE('',*,*,#1059,.F.);
#1059 = EDGE_CURVE('',#1060,#1052,#1062,.T.);
#1060 = VERTEX_POINT('',#1061);
#1061 = CARTESIAN_POINT('',(-5.24999999983,-1.867,0.943999999954));
#1062 = LINE('',#1063,#1064);
#1063 = CARTESIAN_POINT('',(-5.25,-1.867,0.944));
#1064 = VECTOR('',#1065,1.);
#1065 = DIRECTION('',(-2.22044604925E-16,-1.,0.));
#1066 = ORIENTED_EDGE('',*,*,#1067,.F.);
#1067 = EDGE_CURVE('',#1044,#1060,#1068,.T.);
#1068 = LINE('',#1069,#1070);
#1069 = CARTESIAN_POINT('',(-5.384,-1.867,0.442));
#1070 = VECTOR('',#1071,1.);
#1071 = DIRECTION('',(0.258969313954,-5.75027390047E-17,0.965885549343)
  );
#1072 = PLANE('',#1073);
#1073 = AXIS2_PLACEMENT_3D('',#1074,#1075,#1076);
#1074 = CARTESIAN_POINT('',(-5.384,-1.867,0.442));
#1075 = DIRECTION('',(-0.965885549343,2.144696752067E-16,0.258969313954)
  );
#1076 = DIRECTION('',(0.258969313954,-5.75027390047E-17,0.965885549343)
  );
#1077 = ADVANCED_FACE('',(#1078),#1112,.T.);
#1078 = FACE_BOUND('',#1079,.T.);
#1079 = EDGE_LOOP('',(#1080,#1090,#1098,#1106));
#1080 = ORIENTED_EDGE('',*,*,#1081,.F.);
#1081 = EDGE_CURVE('',#1082,#1084,#1086,.T.);
#1082 = VERTEX_POINT('',#1083);
#1083 = CARTESIAN_POINT('',(-5.139000000195,-1.867,0.377000000052));
#1084 = VERTEX_POINT('',#1085);
#1085 = CARTESIAN_POINT('',(-5.139000000195,-2.705,0.377000000052));
#1086 = LINE('',#1087,#1088);
#1087 = CARTESIAN_POINT('',(-5.139,-1.867,0.377));
#1088 = VECTOR('',#1089,1.);
#1089 = DIRECTION('',(-2.22044604925E-16,-1.,0.));
#1090 = ORIENTED_EDGE('',*,*,#1091,.F.);
#1091 = EDGE_CURVE('',#1092,#1082,#1094,.T.);
#1092 = VERTEX_POINT('',#1093);
#1093 = CARTESIAN_POINT('',(-5.004000000002,-1.867,0.879000000001));
#1094 = LINE('',#1095,#1096);
#1095 = CARTESIAN_POINT('',(-4.998783177387,-1.867,0.899970851908));
#1096 = VECTOR('',#1097,1.);
#1097 = DIRECTION('',(-0.258969313954,5.75027390047E-17,-0.965885549343)
  );
#1098 = ORIENTED_EDGE('',*,*,#1099,.F.);
#1099 = EDGE_CURVE('',#1100,#1092,#1102,.T.);
#1100 = VERTEX_POINT('',#1101);
#1101 = CARTESIAN_POINT('',(-5.004000000002,-2.705,0.879000000001));
#1102 = LINE('',#1103,#1104);
#1103 = CARTESIAN_POINT('',(-5.004,-2.705,0.879));
#1104 = VECTOR('',#1105,1.);
#1105 = DIRECTION('',(2.22044604925E-16,1.,0.));
#1106 = ORIENTED_EDGE('',*,*,#1107,.F.);
#1107 = EDGE_CURVE('',#1084,#1100,#1108,.T.);
#1108 = LINE('',#1109,#1110);
#1109 = CARTESIAN_POINT('',(-5.139,-2.705,0.377));
#1110 = VECTOR('',#1111,1.);
#1111 = DIRECTION('',(0.258969313954,-5.75027390047E-17,0.965885549343)
  );
#1112 = PLANE('',#1113);
#1113 = AXIS2_PLACEMENT_3D('',#1114,#1115,#1116);
#1114 = CARTESIAN_POINT('',(-5.139,-2.705,0.377));
#1115 = DIRECTION('',(0.965885549343,-2.144696752067E-16,-0.258969313954
    ));
#1116 = DIRECTION('',(0.258969313954,-5.75027390047E-17,0.965885549343)
  );
#1117 = ADVANCED_FACE('',(#1118),#1152,.T.);
#1118 = FACE_BOUND('',#1119,.T.);
#1119 = EDGE_LOOP('',(#1120,#1130,#1138,#1146));
#1120 = ORIENTED_EDGE('',*,*,#1121,.F.);
#1121 = EDGE_CURVE('',#1122,#1124,#1126,.T.);
#1122 = VERTEX_POINT('',#1123);
#1123 = CARTESIAN_POINT('',(-6.858,-2.705,0.254));
#1124 = VERTEX_POINT('',#1125);
#1125 = CARTESIAN_POINT('',(-6.858,-1.867,0.254));
#1126 = LINE('',#1127,#1128);
#1127 = CARTESIAN_POINT('',(-6.858,-2.705,0.254));
#1128 = VECTOR('',#1129,1.);
#1129 = DIRECTION('',(2.22044604925E-16,1.,0.));
#1130 = ORIENTED_EDGE('',*,*,#1131,.F.);
#1131 = EDGE_CURVE('',#1132,#1122,#1134,.T.);
#1132 = VERTEX_POINT('',#1133);
#1133 = CARTESIAN_POINT('',(-5.63,-2.705,0.254));
#1134 = LINE('',#1135,#1136);
#1135 = CARTESIAN_POINT('',(-5.63,-2.705,0.254));
#1136 = VECTOR('',#1137,1.);
#1137 = DIRECTION('',(-1.,2.22044604925E-16,0.));
#1138 = ORIENTED_EDGE('',*,*,#1139,.F.);
#1139 = EDGE_CURVE('',#1140,#1132,#1142,.T.);
#1140 = VERTEX_POINT('',#1141);
#1141 = CARTESIAN_POINT('',(-5.63,-1.867,0.254));
#1142 = LINE('',#1143,#1144);
#1143 = CARTESIAN_POINT('',(-5.63,-1.867,0.254));
#1144 = VECTOR('',#1145,1.);
#1145 = DIRECTION('',(-2.22044604925E-16,-1.,0.));
#1146 = ORIENTED_EDGE('',*,*,#1147,.F.);
#1147 = EDGE_CURVE('',#1124,#1140,#1148,.T.);
#1148 = LINE('',#1149,#1150);
#1149 = CARTESIAN_POINT('',(-6.858,-1.867,0.254));
#1150 = VECTOR('',#1151,1.);
#1151 = DIRECTION('',(1.,-2.22044604925E-16,0.));
#1152 = PLANE('',#1153);
#1153 = AXIS2_PLACEMENT_3D('',#1154,#1155,#1156);
#1154 = CARTESIAN_POINT('',(-6.858,-1.867,0.254));
#1155 = DIRECTION('',(0.,0.,1.));
#1156 = DIRECTION('',(1.,-2.22044604925E-16,0.));
#1157 = ADVANCED_FACE('',(#1158),#1192,.T.);
#1158 = FACE_BOUND('',#1159,.T.);
#1159 = EDGE_LOOP('',(#1160,#1170,#1178,#1186));
#1160 = ORIENTED_EDGE('',*,*,#1161,.F.);
#1161 = EDGE_CURVE('',#1162,#1164,#1166,.T.);
#1162 = VERTEX_POINT('',#1163);
#1163 = CARTESIAN_POINT('',(-5.63,-2.705,0.));
#1164 = VERTEX_POINT('',#1165);
#1165 = CARTESIAN_POINT('',(-5.63,-1.867,0.));
#1166 = LINE('',#1167,#1168);
#1167 = CARTESIAN_POINT('',(-5.63,-2.705,0.));
#1168 = VECTOR('',#1169,1.);
#1169 = DIRECTION('',(2.22044604925E-16,1.,0.));
#1170 = ORIENTED_EDGE('',*,*,#1171,.F.);
#1171 = EDGE_CURVE('',#1172,#1162,#1174,.T.);
#1172 = VERTEX_POINT('',#1173);
#1173 = CARTESIAN_POINT('',(-6.858,-2.705,0.));
#1174 = LINE('',#1175,#1176);
#1175 = CARTESIAN_POINT('',(-6.858,-2.705,0.));
#1176 = VECTOR('',#1177,1.);
#1177 = DIRECTION('',(1.,-2.22044604925E-16,0.));
#1178 = ORIENTED_EDGE('',*,*,#1179,.F.);
#1179 = EDGE_CURVE('',#1180,#1172,#1182,.T.);
#1180 = VERTEX_POINT('',#1181);
#1181 = CARTESIAN_POINT('',(-6.858,-1.867,0.));
#1182 = LINE('',#1183,#1184);
#1183 = CARTESIAN_POINT('',(-6.858,-1.867,0.));
#1184 = VECTOR('',#1185,1.);
#1185 = DIRECTION('',(-2.22044604925E-16,-1.,0.));
#1186 = ORIENTED_EDGE('',*,*,#1187,.F.);
#1187 = EDGE_CURVE('',#1164,#1180,#1188,.T.);
#1188 = LINE('',#1189,#1190);
#1189 = CARTESIAN_POINT('',(-5.63,-1.867,0.));
#1190 = VECTOR('',#1191,1.);
#1191 = DIRECTION('',(-1.,2.22044604925E-16,0.));
#1192 = PLANE('',#1193);
#1193 = AXIS2_PLACEMENT_3D('',#1194,#1195,#1196);
#1194 = CARTESIAN_POINT('',(-5.63,-1.867,0.));
#1195 = DIRECTION('',(0.,-0.,-1.));
#1196 = DIRECTION('',(1.,-2.22044604925E-16,0.));
#1197 = ADVANCED_FACE('',(#1198),#1214,.T.);
#1198 = FACE_BOUND('',#1199,.T.);
#1199 = EDGE_LOOP('',(#1200,#1201,#1207,#1208));
#1200 = ORIENTED_EDGE('',*,*,#1179,.T.);
#1201 = ORIENTED_EDGE('',*,*,#1202,.F.);
#1202 = EDGE_CURVE('',#1122,#1172,#1203,.T.);
#1203 = LINE('',#1204,#1205);
#1204 = CARTESIAN_POINT('',(-6.858,-2.705,0.254));
#1205 = VECTOR('',#1206,1.);
#1206 = DIRECTION('',(0.,-0.,-1.));
#1207 = ORIENTED_EDGE('',*,*,#1121,.T.);
#1208 = ORIENTED_EDGE('',*,*,#1209,.F.);
#1209 = EDGE_CURVE('',#1180,#1124,#1210,.T.);
#1210 = LINE('',#1211,#1212);
#1211 = CARTESIAN_POINT('',(-6.858,-1.867,0.));
#1212 = VECTOR('',#1213,1.);
#1213 = DIRECTION('',(0.,0.,1.));
#1214 = PLANE('',#1215);
#1215 = AXIS2_PLACEMENT_3D('',#1216,#1217,#1218);
#1216 = CARTESIAN_POINT('',(-6.858,-1.867,0.));
#1217 = DIRECTION('',(-1.,2.22044604925E-16,0.));
#1218 = DIRECTION('',(0.,0.,1.));
#1219 = ADVANCED_FACE('',(#1220),#1238,.T.);
#1220 = FACE_BOUND('',#1221,.T.);
#1221 = EDGE_LOOP('',(#1222,#1223,#1230,#1231));
#1222 = ORIENTED_EDGE('',*,*,#988,.T.);
#1223 = ORIENTED_EDGE('',*,*,#1224,.F.);
#1224 = EDGE_CURVE('',#1060,#981,#1225,.T.);
#1225 = CIRCLE('',#1226,0.508);
#1226 = AXIS2_PLACEMENT_3D('',#1227,#1228,#1229);
#1227 = CARTESIAN_POINT('',(-4.759,-1.867,0.813));
#1228 = DIRECTION('',(2.22044604925E-16,1.,-3.534288332893E-33));
#1229 = DIRECTION('',(0.793107076684,-1.761051475054E-16,0.609082231652)
  );
#1230 = ORIENTED_EDGE('',*,*,#1059,.T.);
#1231 = ORIENTED_EDGE('',*,*,#1232,.F.);
#1232 = EDGE_CURVE('',#989,#1052,#1233,.T.);
#1233 = CIRCLE('',#1234,0.508);
#1234 = AXIS2_PLACEMENT_3D('',#1235,#1236,#1237);
#1235 = CARTESIAN_POINT('',(-4.759,-2.705,0.813));
#1236 = DIRECTION('',(-2.22044604925E-16,-1.,3.534288332893E-33));
#1237 = DIRECTION('',(-0.793107076684,1.761051475054E-16,-0.609082231652
    ));
#1238 = CYLINDRICAL_SURFACE('',#1239,0.508);
#1239 = AXIS2_PLACEMENT_3D('',#1240,#1241,#1242);
#1240 = CARTESIAN_POINT('',(-4.759,-2.705,0.813));
#1241 = DIRECTION('',(-2.22044604925E-16,-1.,0.));
#1242 = DIRECTION('',(0.,0.,1.));
#1243 = ADVANCED_FACE('',(#1244),#1262,.F.);
#1244 = FACE_BOUND('',#1245,.F.);
#1245 = EDGE_LOOP('',(#1246,#1253,#1254,#1261));
#1246 = ORIENTED_EDGE('',*,*,#1247,.T.);
#1247 = EDGE_CURVE('',#1020,#1092,#1248,.T.);
#1248 = CIRCLE('',#1249,0.254);
#1249 = AXIS2_PLACEMENT_3D('',#1250,#1251,#1252);
#1250 = CARTESIAN_POINT('',(-4.759,-1.867,0.813));
#1251 = DIRECTION('',(-2.22044604925E-16,-1.,3.534288332893E-33));
#1252 = DIRECTION('',(-0.793107076684,1.761051475054E-16,-0.609082231652
    ));
#1253 = ORIENTED_EDGE('',*,*,#1099,.F.);
#1254 = ORIENTED_EDGE('',*,*,#1255,.T.);
#1255 = EDGE_CURVE('',#1100,#1012,#1256,.T.);
#1256 = CIRCLE('',#1257,0.254);
#1257 = AXIS2_PLACEMENT_3D('',#1258,#1259,#1260);
#1258 = CARTESIAN_POINT('',(-4.759,-2.705,0.813));
#1259 = DIRECTION('',(2.22044604925E-16,1.,-3.534288332893E-33));
#1260 = DIRECTION('',(0.793107076684,-1.761051475054E-16,0.609082231652)
  );
#1261 = ORIENTED_EDGE('',*,*,#1019,.F.);
#1262 = CYLINDRICAL_SURFACE('',#1263,0.254);
#1263 = AXIS2_PLACEMENT_3D('',#1264,#1265,#1266);
#1264 = CARTESIAN_POINT('',(-4.759,-1.867,0.813));
#1265 = DIRECTION('',(-2.22044604925E-16,-1.,0.));
#1266 = DIRECTION('',(0.,-0.,-1.));
#1267 = ADVANCED_FACE('',(#1268),#1286,.F.);
#1268 = FACE_BOUND('',#1269,.F.);
#1269 = EDGE_LOOP('',(#1270,#1277,#1278,#1285));
#1270 = ORIENTED_EDGE('',*,*,#1271,.T.);
#1271 = EDGE_CURVE('',#1140,#1044,#1272,.T.);
#1272 = CIRCLE('',#1273,0.254);
#1273 = AXIS2_PLACEMENT_3D('',#1274,#1275,#1276);
#1274 = CARTESIAN_POINT('',(-5.63,-1.867,0.508));
#1275 = DIRECTION('',(-2.22044604925E-16,-1.,3.534288332893E-33));
#1276 = DIRECTION('',(0.793107076684,-1.761051475054E-16,0.609082231652)
  );
#1277 = ORIENTED_EDGE('',*,*,#1041,.F.);
#1278 = ORIENTED_EDGE('',*,*,#1279,.T.);
#1279 = EDGE_CURVE('',#1042,#1132,#1280,.T.);
#1280 = CIRCLE('',#1281,0.254);
#1281 = AXIS2_PLACEMENT_3D('',#1282,#1283,#1284);
#1282 = CARTESIAN_POINT('',(-5.63,-2.705,0.508));
#1283 = DIRECTION('',(2.22044604925E-16,1.,-3.534288332893E-33));
#1284 = DIRECTION('',(-0.793107076684,1.761051475054E-16,-0.609082231652
    ));
#1285 = ORIENTED_EDGE('',*,*,#1139,.F.);
#1286 = CYLINDRICAL_SURFACE('',#1287,0.254);
#1287 = AXIS2_PLACEMENT_3D('',#1288,#1289,#1290);
#1288 = CARTESIAN_POINT('',(-5.63,-1.867,0.508));
#1289 = DIRECTION('',(-2.22044604925E-16,-1.,0.));
#1290 = DIRECTION('',(0.,0.,1.));
#1291 = ADVANCED_FACE('',(#1292),#1310,.T.);
#1292 = FACE_BOUND('',#1293,.T.);
#1293 = EDGE_LOOP('',(#1294,#1295,#1302,#1303));
#1294 = ORIENTED_EDGE('',*,*,#1161,.T.);
#1295 = ORIENTED_EDGE('',*,*,#1296,.F.);
#1296 = EDGE_CURVE('',#1082,#1164,#1297,.T.);
#1297 = CIRCLE('',#1298,0.508);
#1298 = AXIS2_PLACEMENT_3D('',#1299,#1300,#1301);
#1299 = CARTESIAN_POINT('',(-5.63,-1.867,0.508));
#1300 = DIRECTION('',(2.22044604925E-16,1.,-3.534288332893E-33));
#1301 = DIRECTION('',(-0.793107076684,1.761051475054E-16,-0.609082231652
    ));
#1302 = ORIENTED_EDGE('',*,*,#1081,.T.);
#1303 = ORIENTED_EDGE('',*,*,#1304,.F.);
#1304 = EDGE_CURVE('',#1162,#1084,#1305,.T.);
#1305 = CIRCLE('',#1306,0.508);
#1306 = AXIS2_PLACEMENT_3D('',#1307,#1308,#1309);
#1307 = CARTESIAN_POINT('',(-5.63,-2.705,0.508));
#1308 = DIRECTION('',(-2.22044604925E-16,-1.,3.534288332893E-33));
#1309 = DIRECTION('',(0.793107076684,-1.761051475054E-16,0.609082231652)
  );
#1310 = CYLINDRICAL_SURFACE('',#1311,0.508);
#1311 = AXIS2_PLACEMENT_3D('',#1312,#1313,#1314);
#1312 = CARTESIAN_POINT('',(-5.63,-1.867,0.508));
#1313 = DIRECTION('',(-2.22044604925E-16,-1.,0.));
#1314 = DIRECTION('',(0.,-0.,-1.));
#1315 = ADVANCED_FACE('',(#1316),#1330,.T.);
#1316 = FACE_BOUND('',#1317,.T.);
#1317 = EDGE_LOOP('',(#1318,#1319,#1320,#1321,#1322,#1323,#1324,#1325,
    #1326,#1327,#1328,#1329));
#1318 = ORIENTED_EDGE('',*,*,#980,.T.);
#1319 = ORIENTED_EDGE('',*,*,#949,.T.);
#1320 = ORIENTED_EDGE('',*,*,#1027,.T.);
#1321 = ORIENTED_EDGE('',*,*,#1247,.T.);
#1322 = ORIENTED_EDGE('',*,*,#1091,.T.);
#1323 = ORIENTED_EDGE('',*,*,#1296,.T.);
#1324 = ORIENTED_EDGE('',*,*,#1187,.T.);
#1325 = ORIENTED_EDGE('',*,*,#1209,.T.);
#1326 = ORIENTED_EDGE('',*,*,#1147,.T.);
#1327 = ORIENTED_EDGE('',*,*,#1271,.T.);
#1328 = ORIENTED_EDGE('',*,*,#1067,.T.);
#1329 = ORIENTED_EDGE('',*,*,#1224,.T.);
#1330 = PLANE('',#1331);
#1331 = AXIS2_PLACEMENT_3D('',#1332,#1333,#1334);
#1332 = CARTESIAN_POINT('',(-3.531,-1.867,1.067));
#1333 = DIRECTION('',(2.22044604925E-16,1.,0.));
#1334 = DIRECTION('',(0.,0.,1.));
#1335 = ADVANCED_FACE('',(#1336),#1350,.T.);
#1336 = FACE_BOUND('',#1337,.T.);
#1337 = EDGE_LOOP('',(#1338,#1339,#1340,#1341,#1342,#1343,#1344,#1345,
    #1346,#1347,#1348,#1349));
#1338 = ORIENTED_EDGE('',*,*,#1011,.T.);
#1339 = ORIENTED_EDGE('',*,*,#965,.T.);
#1340 = ORIENTED_EDGE('',*,*,#996,.T.);
#1341 = ORIENTED_EDGE('',*,*,#1232,.T.);
#1342 = ORIENTED_EDGE('',*,*,#1051,.T.);
#1343 = ORIENTED_EDGE('',*,*,#1279,.T.);
#1344 = ORIENTED_EDGE('',*,*,#1131,.T.);
#1345 = ORIENTED_EDGE('',*,*,#1202,.T.);
#1346 = ORIENTED_EDGE('',*,*,#1171,.T.);
#1347 = ORIENTED_EDGE('',*,*,#1304,.T.);
#1348 = ORIENTED_EDGE('',*,*,#1107,.T.);
#1349 = ORIENTED_EDGE('',*,*,#1255,.T.);
#1350 = PLANE('',#1351);
#1351 = AXIS2_PLACEMENT_3D('',#1352,#1353,#1354);
#1352 = CARTESIAN_POINT('',(-5.63,-2.705,0.254));
#1353 = DIRECTION('',(-2.22044604925E-16,-1.,0.));
#1354 = DIRECTION('',(0.,-0.,-1.));
#1355 = MANIFOLD_SOLID_BREP('',#1356);
#1356 = CLOSED_SHELL('',(#1357,#1397,#1428,#1459,#1499,#1539,#1579,#1619
    ,#1641,#1665,#1689,#1713,#1737,#1757));
#1357 = ADVANCED_FACE('',(#1358),#1392,.T.);
#1358 = FACE_BOUND('',#1359,.T.);
#1359 = EDGE_LOOP('',(#1360,#1370,#1378,#1386));
#1360 = ORIENTED_EDGE('',*,*,#1361,.F.);
#1361 = EDGE_CURVE('',#1362,#1364,#1366,.T.);
#1362 = VERTEX_POINT('',#1363);
#1363 = CARTESIAN_POINT('',(-3.531,2.705,1.067));
#1364 = VERTEX_POINT('',#1365);
#1365 = CARTESIAN_POINT('',(-3.531,1.867,1.067));
#1366 = LINE('',#1367,#1368);
#1367 = CARTESIAN_POINT('',(-3.531,2.705,1.067));
#1368 = VECTOR('',#1369,1.);
#1369 = DIRECTION('',(-2.22044604925E-16,-1.,0.));
#1370 = ORIENTED_EDGE('',*,*,#1371,.F.);
#1371 = EDGE_CURVE('',#1372,#1362,#1374,.T.);
#1372 = VERTEX_POINT('',#1373);
#1373 = CARTESIAN_POINT('',(-3.531,2.705,1.321));
#1374 = LINE('',#1375,#1376);
#1375 = CARTESIAN_POINT('',(-3.531,2.705,1.321));
#1376 = VECTOR('',#1377,1.);
#1377 = DIRECTION('',(0.,-0.,-1.));
#1378 = ORIENTED_EDGE('',*,*,#1379,.F.);
#1379 = EDGE_CURVE('',#1380,#1372,#1382,.T.);
#1380 = VERTEX_POINT('',#1381);
#1381 = CARTESIAN_POINT('',(-3.531,1.867,1.321));
#1382 = LINE('',#1383,#1384);
#1383 = CARTESIAN_POINT('',(-3.531,1.867,1.321));
#1384 = VECTOR('',#1385,1.);
#1385 = DIRECTION('',(2.22044604925E-16,1.,0.));
#1386 = ORIENTED_EDGE('',*,*,#1387,.F.);
#1387 = EDGE_CURVE('',#1364,#1380,#1388,.T.);
#1388 = LINE('',#1389,#1390);
#1389 = CARTESIAN_POINT('',(-3.531,1.867,1.067));
#1390 = VECTOR('',#1391,1.);
#1391 = DIRECTION('',(0.,0.,1.));
#1392 = PLANE('',#1393);
#1393 = AXIS2_PLACEMENT_3D('',#1394,#1395,#1396);
#1394 = CARTESIAN_POINT('',(-3.531,1.867,1.067));
#1395 = DIRECTION('',(1.,-2.22044604925E-16,0.));
#1396 = DIRECTION('',(0.,0.,1.));
#1397 = ADVANCED_FACE('',(#1398),#1423,.T.);
#1398 = FACE_BOUND('',#1399,.T.);
#1399 = EDGE_LOOP('',(#1400,#1401,#1409,#1417));
#1400 = ORIENTED_EDGE('',*,*,#1379,.T.);
#1401 = ORIENTED_EDGE('',*,*,#1402,.F.);
#1402 = EDGE_CURVE('',#1403,#1372,#1405,.T.);
#1403 = VERTEX_POINT('',#1404);
#1404 = CARTESIAN_POINT('',(-4.759,2.705,1.321));
#1405 = LINE('',#1406,#1407);
#1406 = CARTESIAN_POINT('',(-4.759,2.705,1.321));
#1407 = VECTOR('',#1408,1.);
#1408 = DIRECTION('',(1.,-2.22044604925E-16,0.));
#1409 = ORIENTED_EDGE('',*,*,#1410,.F.);
#1410 = EDGE_CURVE('',#1411,#1403,#1413,.T.);
#1411 = VERTEX_POINT('',#1412);
#1412 = CARTESIAN_POINT('',(-4.759,1.867,1.321));
#1413 = LINE('',#1414,#1415);
#1414 = CARTESIAN_POINT('',(-4.759,1.867,1.321));
#1415 = VECTOR('',#1416,1.);
#1416 = DIRECTION('',(2.22044604925E-16,1.,0.));
#1417 = ORIENTED_EDGE('',*,*,#1418,.F.);
#1418 = EDGE_CURVE('',#1380,#1411,#1419,.T.);
#1419 = LINE('',#1420,#1421);
#1420 = CARTESIAN_POINT('',(-3.531,1.867,1.321));
#1421 = VECTOR('',#1422,1.);
#1422 = DIRECTION('',(-1.,2.22044604925E-16,0.));
#1423 = PLANE('',#1424);
#1424 = AXIS2_PLACEMENT_3D('',#1425,#1426,#1427);
#1425 = CARTESIAN_POINT('',(-3.531,1.867,1.321));
#1426 = DIRECTION('',(0.,0.,1.));
#1427 = DIRECTION('',(1.,-2.22044604925E-16,0.));
#1428 = ADVANCED_FACE('',(#1429),#1454,.T.);
#1429 = FACE_BOUND('',#1430,.T.);
#1430 = EDGE_LOOP('',(#1431,#1432,#1440,#1448));
#1431 = ORIENTED_EDGE('',*,*,#1361,.T.);
#1432 = ORIENTED_EDGE('',*,*,#1433,.F.);
#1433 = EDGE_CURVE('',#1434,#1364,#1436,.T.);
#1434 = VERTEX_POINT('',#1435);
#1435 = CARTESIAN_POINT('',(-4.759,1.867,1.067));
#1436 = LINE('',#1437,#1438);
#1437 = CARTESIAN_POINT('',(-4.759,1.867,1.067));
#1438 = VECTOR('',#1439,1.);
#1439 = DIRECTION('',(1.,-2.22044604925E-16,0.));
#1440 = ORIENTED_EDGE('',*,*,#1441,.F.);
#1441 = EDGE_CURVE('',#1442,#1434,#1444,.T.);
#1442 = VERTEX_POINT('',#1443);
#1443 = CARTESIAN_POINT('',(-4.759,2.705,1.067));
#1444 = LINE('',#1445,#1446);
#1445 = CARTESIAN_POINT('',(-4.759,2.705,1.067));
#1446 = VECTOR('',#1447,1.);
#1447 = DIRECTION('',(-2.22044604925E-16,-1.,0.));
#1448 = ORIENTED_EDGE('',*,*,#1449,.F.);
#1449 = EDGE_CURVE('',#1362,#1442,#1450,.T.);
#1450 = LINE('',#1451,#1452);
#1451 = CARTESIAN_POINT('',(-3.531,2.705,1.067));
#1452 = VECTOR('',#1453,1.);
#1453 = DIRECTION('',(-1.,2.22044604925E-16,0.));
#1454 = PLANE('',#1455);
#1455 = AXIS2_PLACEMENT_3D('',#1456,#1457,#1458);
#1456 = CARTESIAN_POINT('',(-3.531,2.705,1.067));
#1457 = DIRECTION('',(0.,-0.,-1.));
#1458 = DIRECTION('',(1.,-2.22044604925E-16,0.));
#1459 = ADVANCED_FACE('',(#1460),#1494,.T.);
#1460 = FACE_BOUND('',#1461,.T.);
#1461 = EDGE_LOOP('',(#1462,#1472,#1480,#1488));
#1462 = ORIENTED_EDGE('',*,*,#1463,.F.);
#1463 = EDGE_CURVE('',#1464,#1466,#1468,.T.);
#1464 = VERTEX_POINT('',#1465);
#1465 = CARTESIAN_POINT('',(-5.384000000017,1.867,0.442000000005));
#1466 = VERTEX_POINT('',#1467);
#1467 = CARTESIAN_POINT('',(-5.384000000017,2.705,0.442000000005));
#1468 = LINE('',#1469,#1470);
#1469 = CARTESIAN_POINT('',(-5.384,1.867,0.442));
#1470 = VECTOR('',#1471,1.);
#1471 = DIRECTION('',(2.22044604925E-16,1.,0.));
#1472 = ORIENTED_EDGE('',*,*,#1473,.F.);
#1473 = EDGE_CURVE('',#1474,#1464,#1476,.T.);
#1474 = VERTEX_POINT('',#1475);
#1475 = CARTESIAN_POINT('',(-5.24999999983,1.867,0.943999999954));
#1476 = LINE('',#1477,#1478);
#1477 = CARTESIAN_POINT('',(-5.415761671484,1.867,0.323537549601));
#1478 = VECTOR('',#1479,1.);
#1479 = DIRECTION('',(-0.258969313954,5.75027390047E-17,-0.965885549343)
  );
#1480 = ORIENTED_EDGE('',*,*,#1481,.F.);
#1481 = EDGE_CURVE('',#1482,#1474,#1484,.T.);
#1482 = VERTEX_POINT('',#1483);
#1483 = CARTESIAN_POINT('',(-5.24999999983,2.705,0.943999999954));
#1484 = LINE('',#1485,#1486);
#1485 = CARTESIAN_POINT('',(-5.25,2.705,0.944));
#1486 = VECTOR('',#1487,1.);
#1487 = DIRECTION('',(-2.22044604925E-16,-1.,0.));
#1488 = ORIENTED_EDGE('',*,*,#1489,.F.);
#1489 = EDGE_CURVE('',#1466,#1482,#1490,.T.);
#1490 = LINE('',#1491,#1492);
#1491 = CARTESIAN_POINT('',(-5.384,2.705,0.442));
#1492 = VECTOR('',#1493,1.);
#1493 = DIRECTION('',(0.258969313954,-5.75027390047E-17,0.965885549343)
  );
#1494 = PLANE('',#1495);
#1495 = AXIS2_PLACEMENT_3D('',#1496,#1497,#1498);
#1496 = CARTESIAN_POINT('',(-5.384,2.705,0.442));
#1497 = DIRECTION('',(-0.965885549343,2.144696752067E-16,0.258969313954)
  );
#1498 = DIRECTION('',(0.258969313954,-5.75027390047E-17,0.965885549343)
  );
#1499 = ADVANCED_FACE('',(#1500),#1534,.T.);
#1500 = FACE_BOUND('',#1501,.T.);
#1501 = EDGE_LOOP('',(#1502,#1512,#1520,#1528));
#1502 = ORIENTED_EDGE('',*,*,#1503,.F.);
#1503 = EDGE_CURVE('',#1504,#1506,#1508,.T.);
#1504 = VERTEX_POINT('',#1505);
#1505 = CARTESIAN_POINT('',(-5.139000000195,2.705,0.377000000052));
#1506 = VERTEX_POINT('',#1507);
#1507 = CARTESIAN_POINT('',(-5.139000000195,1.867,0.377000000052));
#1508 = LINE('',#1509,#1510);
#1509 = CARTESIAN_POINT('',(-5.139,2.705,0.377));
#1510 = VECTOR('',#1511,1.);
#1511 = DIRECTION('',(-2.22044604925E-16,-1.,0.));
#1512 = ORIENTED_EDGE('',*,*,#1513,.F.);
#1513 = EDGE_CURVE('',#1514,#1504,#1516,.T.);
#1514 = VERTEX_POINT('',#1515);
#1515 = CARTESIAN_POINT('',(-5.004000000002,2.705,0.879000000001));
#1516 = LINE('',#1517,#1518);
#1517 = CARTESIAN_POINT('',(-4.998783177387,2.705,0.899970851908));
#1518 = VECTOR('',#1519,1.);
#1519 = DIRECTION('',(-0.258969313954,5.75027390047E-17,-0.965885549343)
  );
#1520 = ORIENTED_EDGE('',*,*,#1521,.F.);
#1521 = EDGE_CURVE('',#1522,#1514,#1524,.T.);
#1522 = VERTEX_POINT('',#1523);
#1523 = CARTESIAN_POINT('',(-5.004000000002,1.867,0.879000000001));
#1524 = LINE('',#1525,#1526);
#1525 = CARTESIAN_POINT('',(-5.004,1.867,0.879));
#1526 = VECTOR('',#1527,1.);
#1527 = DIRECTION('',(2.22044604925E-16,1.,0.));
#1528 = ORIENTED_EDGE('',*,*,#1529,.F.);
#1529 = EDGE_CURVE('',#1506,#1522,#1530,.T.);
#1530 = LINE('',#1531,#1532);
#1531 = CARTESIAN_POINT('',(-5.139,1.867,0.377));
#1532 = VECTOR('',#1533,1.);
#1533 = DIRECTION('',(0.258969313954,-5.75027390047E-17,0.965885549343)
  );
#1534 = PLANE('',#1535);
#1535 = AXIS2_PLACEMENT_3D('',#1536,#1537,#1538);
#1536 = CARTESIAN_POINT('',(-5.139,1.867,0.377));
#1537 = DIRECTION('',(0.965885549343,-2.144696752067E-16,-0.258969313954
    ));
#1538 = DIRECTION('',(0.258969313954,-5.75027390047E-17,0.965885549343)
  );
#1539 = ADVANCED_FACE('',(#1540),#1574,.T.);
#1540 = FACE_BOUND('',#1541,.T.);
#1541 = EDGE_LOOP('',(#1542,#1552,#1560,#1568));
#1542 = ORIENTED_EDGE('',*,*,#1543,.F.);
#1543 = EDGE_CURVE('',#1544,#1546,#1548,.T.);
#1544 = VERTEX_POINT('',#1545);
#1545 = CARTESIAN_POINT('',(-6.858,1.867,0.254));
#1546 = VERTEX_POINT('',#1547);
#1547 = CARTESIAN_POINT('',(-6.858,2.705,0.254));
#1548 = LINE('',#1549,#1550);
#1549 = CARTESIAN_POINT('',(-6.858,1.867,0.254));
#1550 = VECTOR('',#1551,1.);
#1551 = DIRECTION('',(2.22044604925E-16,1.,0.));
#1552 = ORIENTED_EDGE('',*,*,#1553,.F.);
#1553 = EDGE_CURVE('',#1554,#1544,#1556,.T.);
#1554 = VERTEX_POINT('',#1555);
#1555 = CARTESIAN_POINT('',(-5.63,1.867,0.254));
#1556 = LINE('',#1557,#1558);
#1557 = CARTESIAN_POINT('',(-5.63,1.867,0.254));
#1558 = VECTOR('',#1559,1.);
#1559 = DIRECTION('',(-1.,2.22044604925E-16,0.));
#1560 = ORIENTED_EDGE('',*,*,#1561,.F.);
#1561 = EDGE_CURVE('',#1562,#1554,#1564,.T.);
#1562 = VERTEX_POINT('',#1563);
#1563 = CARTESIAN_POINT('',(-5.63,2.705,0.254));
#1564 = LINE('',#1565,#1566);
#1565 = CARTESIAN_POINT('',(-5.63,2.705,0.254));
#1566 = VECTOR('',#1567,1.);
#1567 = DIRECTION('',(-2.22044604925E-16,-1.,0.));
#1568 = ORIENTED_EDGE('',*,*,#1569,.F.);
#1569 = EDGE_CURVE('',#1546,#1562,#1570,.T.);
#1570 = LINE('',#1571,#1572);
#1571 = CARTESIAN_POINT('',(-6.858,2.705,0.254));
#1572 = VECTOR('',#1573,1.);
#1573 = DIRECTION('',(1.,-2.22044604925E-16,0.));
#1574 = PLANE('',#1575);
#1575 = AXIS2_PLACEMENT_3D('',#1576,#1577,#1578);
#1576 = CARTESIAN_POINT('',(-6.858,2.705,0.254));
#1577 = DIRECTION('',(0.,0.,1.));
#1578 = DIRECTION('',(1.,-2.22044604925E-16,0.));
#1579 = ADVANCED_FACE('',(#1580),#1614,.T.);
#1580 = FACE_BOUND('',#1581,.T.);
#1581 = EDGE_LOOP('',(#1582,#1592,#1600,#1608));
#1582 = ORIENTED_EDGE('',*,*,#1583,.F.);
#1583 = EDGE_CURVE('',#1584,#1586,#1588,.T.);
#1584 = VERTEX_POINT('',#1585);
#1585 = CARTESIAN_POINT('',(-5.63,1.867,0.));
#1586 = VERTEX_POINT('',#1587);
#1587 = CARTESIAN_POINT('',(-5.63,2.705,0.));
#1588 = LINE('',#1589,#1590);
#1589 = CARTESIAN_POINT('',(-5.63,1.867,0.));
#1590 = VECTOR('',#1591,1.);
#1591 = DIRECTION('',(2.22044604925E-16,1.,0.));
#1592 = ORIENTED_EDGE('',*,*,#1593,.F.);
#1593 = EDGE_CURVE('',#1594,#1584,#1596,.T.);
#1594 = VERTEX_POINT('',#1595);
#1595 = CARTESIAN_POINT('',(-6.858,1.867,0.));
#1596 = LINE('',#1597,#1598);
#1597 = CARTESIAN_POINT('',(-6.858,1.867,0.));
#1598 = VECTOR('',#1599,1.);
#1599 = DIRECTION('',(1.,-2.22044604925E-16,0.));
#1600 = ORIENTED_EDGE('',*,*,#1601,.F.);
#1601 = EDGE_CURVE('',#1602,#1594,#1604,.T.);
#1602 = VERTEX_POINT('',#1603);
#1603 = CARTESIAN_POINT('',(-6.858,2.705,0.));
#1604 = LINE('',#1605,#1606);
#1605 = CARTESIAN_POINT('',(-6.858,2.705,0.));
#1606 = VECTOR('',#1607,1.);
#1607 = DIRECTION('',(-2.22044604925E-16,-1.,0.));
#1608 = ORIENTED_EDGE('',*,*,#1609,.F.);
#1609 = EDGE_CURVE('',#1586,#1602,#1610,.T.);
#1610 = LINE('',#1611,#1612);
#1611 = CARTESIAN_POINT('',(-5.63,2.705,0.));
#1612 = VECTOR('',#1613,1.);
#1613 = DIRECTION('',(-1.,2.22044604925E-16,0.));
#1614 = PLANE('',#1615);
#1615 = AXIS2_PLACEMENT_3D('',#1616,#1617,#1618);
#1616 = CARTESIAN_POINT('',(-5.63,2.705,0.));
#1617 = DIRECTION('',(0.,-0.,-1.));
#1618 = DIRECTION('',(1.,-2.22044604925E-16,0.));
#1619 = ADVANCED_FACE('',(#1620),#1636,.T.);
#1620 = FACE_BOUND('',#1621,.T.);
#1621 = EDGE_LOOP('',(#1622,#1623,#1629,#1630));
#1622 = ORIENTED_EDGE('',*,*,#1601,.T.);
#1623 = ORIENTED_EDGE('',*,*,#1624,.F.);
#1624 = EDGE_CURVE('',#1544,#1594,#1625,.T.);
#1625 = LINE('',#1626,#1627);
#1626 = CARTESIAN_POINT('',(-6.858,1.867,0.254));
#1627 = VECTOR('',#1628,1.);
#1628 = DIRECTION('',(0.,-0.,-1.));
#1629 = ORIENTED_EDGE('',*,*,#1543,.T.);
#1630 = ORIENTED_EDGE('',*,*,#1631,.F.);
#1631 = EDGE_CURVE('',#1602,#1546,#1632,.T.);
#1632 = LINE('',#1633,#1634);
#1633 = CARTESIAN_POINT('',(-6.858,2.705,0.));
#1634 = VECTOR('',#1635,1.);
#1635 = DIRECTION('',(0.,0.,1.));
#1636 = PLANE('',#1637);
#1637 = AXIS2_PLACEMENT_3D('',#1638,#1639,#1640);
#1638 = CARTESIAN_POINT('',(-6.858,2.705,0.));
#1639 = DIRECTION('',(-1.,2.22044604925E-16,0.));
#1640 = DIRECTION('',(0.,0.,1.));
#1641 = ADVANCED_FACE('',(#1642),#1660,.T.);
#1642 = FACE_BOUND('',#1643,.T.);
#1643 = EDGE_LOOP('',(#1644,#1645,#1652,#1653));
#1644 = ORIENTED_EDGE('',*,*,#1410,.T.);
#1645 = ORIENTED_EDGE('',*,*,#1646,.F.);
#1646 = EDGE_CURVE('',#1482,#1403,#1647,.T.);
#1647 = CIRCLE('',#1648,0.508);
#1648 = AXIS2_PLACEMENT_3D('',#1649,#1650,#1651);
#1649 = CARTESIAN_POINT('',(-4.759,2.705,0.813));
#1650 = DIRECTION('',(2.22044604925E-16,1.,-3.534288332893E-33));
#1651 = DIRECTION('',(0.793107076684,-1.761051475054E-16,0.609082231652)
  );
#1652 = ORIENTED_EDGE('',*,*,#1481,.T.);
#1653 = ORIENTED_EDGE('',*,*,#1654,.F.);
#1654 = EDGE_CURVE('',#1411,#1474,#1655,.T.);
#1655 = CIRCLE('',#1656,0.508);
#1656 = AXIS2_PLACEMENT_3D('',#1657,#1658,#1659);
#1657 = CARTESIAN_POINT('',(-4.759,1.867,0.813));
#1658 = DIRECTION('',(-2.22044604925E-16,-1.,3.534288332893E-33));
#1659 = DIRECTION('',(-0.793107076684,1.761051475054E-16,-0.609082231652
    ));
#1660 = CYLINDRICAL_SURFACE('',#1661,0.508);
#1661 = AXIS2_PLACEMENT_3D('',#1662,#1663,#1664);
#1662 = CARTESIAN_POINT('',(-4.759,1.867,0.813));
#1663 = DIRECTION('',(-2.22044604925E-16,-1.,0.));
#1664 = DIRECTION('',(0.,0.,1.));
#1665 = ADVANCED_FACE('',(#1666),#1684,.F.);
#1666 = FACE_BOUND('',#1667,.F.);
#1667 = EDGE_LOOP('',(#1668,#1675,#1676,#1683));
#1668 = ORIENTED_EDGE('',*,*,#1669,.T.);
#1669 = EDGE_CURVE('',#1442,#1514,#1670,.T.);
#1670 = CIRCLE('',#1671,0.254);
#1671 = AXIS2_PLACEMENT_3D('',#1672,#1673,#1674);
#1672 = CARTESIAN_POINT('',(-4.759,2.705,0.813));
#1673 = DIRECTION('',(-2.22044604925E-16,-1.,3.534288332893E-33));
#1674 = DIRECTION('',(-0.793107076684,1.761051475054E-16,-0.609082231652
    ));
#1675 = ORIENTED_EDGE('',*,*,#1521,.F.);
#1676 = ORIENTED_EDGE('',*,*,#1677,.T.);
#1677 = EDGE_CURVE('',#1522,#1434,#1678,.T.);
#1678 = CIRCLE('',#1679,0.254);
#1679 = AXIS2_PLACEMENT_3D('',#1680,#1681,#1682);
#1680 = CARTESIAN_POINT('',(-4.759,1.867,0.813));
#1681 = DIRECTION('',(2.22044604925E-16,1.,-3.534288332893E-33));
#1682 = DIRECTION('',(0.793107076684,-1.761051475054E-16,0.609082231652)
  );
#1683 = ORIENTED_EDGE('',*,*,#1441,.F.);
#1684 = CYLINDRICAL_SURFACE('',#1685,0.254);
#1685 = AXIS2_PLACEMENT_3D('',#1686,#1687,#1688);
#1686 = CARTESIAN_POINT('',(-4.759,2.705,0.813));
#1687 = DIRECTION('',(-2.22044604925E-16,-1.,0.));
#1688 = DIRECTION('',(0.,-0.,-1.));
#1689 = ADVANCED_FACE('',(#1690),#1708,.F.);
#1690 = FACE_BOUND('',#1691,.F.);
#1691 = EDGE_LOOP('',(#1692,#1699,#1700,#1707));
#1692 = ORIENTED_EDGE('',*,*,#1693,.T.);
#1693 = EDGE_CURVE('',#1562,#1466,#1694,.T.);
#1694 = CIRCLE('',#1695,0.254);
#1695 = AXIS2_PLACEMENT_3D('',#1696,#1697,#1698);
#1696 = CARTESIAN_POINT('',(-5.63,2.705,0.508));
#1697 = DIRECTION('',(-2.22044604925E-16,-1.,3.534288332893E-33));
#1698 = DIRECTION('',(0.793107076684,-1.761051475054E-16,0.609082231652)
  );
#1699 = ORIENTED_EDGE('',*,*,#1463,.F.);
#1700 = ORIENTED_EDGE('',*,*,#1701,.T.);
#1701 = EDGE_CURVE('',#1464,#1554,#1702,.T.);
#1702 = CIRCLE('',#1703,0.254);
#1703 = AXIS2_PLACEMENT_3D('',#1704,#1705,#1706);
#1704 = CARTESIAN_POINT('',(-5.63,1.867,0.508));
#1705 = DIRECTION('',(2.22044604925E-16,1.,-3.534288332893E-33));
#1706 = DIRECTION('',(-0.793107076684,1.761051475054E-16,-0.609082231652
    ));
#1707 = ORIENTED_EDGE('',*,*,#1561,.F.);
#1708 = CYLINDRICAL_SURFACE('',#1709,0.254);
#1709 = AXIS2_PLACEMENT_3D('',#1710,#1711,#1712);
#1710 = CARTESIAN_POINT('',(-5.63,2.705,0.508));
#1711 = DIRECTION('',(-2.22044604925E-16,-1.,0.));
#1712 = DIRECTION('',(0.,0.,1.));
#1713 = ADVANCED_FACE('',(#1714),#1732,.T.);
#1714 = FACE_BOUND('',#1715,.T.);
#1715 = EDGE_LOOP('',(#1716,#1717,#1724,#1725));
#1716 = ORIENTED_EDGE('',*,*,#1583,.T.);
#1717 = ORIENTED_EDGE('',*,*,#1718,.F.);
#1718 = EDGE_CURVE('',#1504,#1586,#1719,.T.);
#1719 = CIRCLE('',#1720,0.508);
#1720 = AXIS2_PLACEMENT_3D('',#1721,#1722,#1723);
#1721 = CARTESIAN_POINT('',(-5.63,2.705,0.508));
#1722 = DIRECTION('',(2.22044604925E-16,1.,-3.534288332893E-33));
#1723 = DIRECTION('',(-0.793107076684,1.761051475054E-16,-0.609082231652
    ));
#1724 = ORIENTED_EDGE('',*,*,#1503,.T.);
#1725 = ORIENTED_EDGE('',*,*,#1726,.F.);
#1726 = EDGE_CURVE('',#1584,#1506,#1727,.T.);
#1727 = CIRCLE('',#1728,0.508);
#1728 = AXIS2_PLACEMENT_3D('',#1729,#1730,#1731);
#1729 = CARTESIAN_POINT('',(-5.63,1.867,0.508));
#1730 = DIRECTION('',(-2.22044604925E-16,-1.,3.534288332893E-33));
#1731 = DIRECTION('',(0.793107076684,-1.761051475054E-16,0.609082231652)
  );
#1732 = CYLINDRICAL_SURFACE('',#1733,0.508);
#1733 = AXIS2_PLACEMENT_3D('',#1734,#1735,#1736);
#1734 = CARTESIAN_POINT('',(-5.63,2.705,0.508));
#1735 = DIRECTION('',(-2.22044604925E-16,-1.,0.));
#1736 = DIRECTION('',(0.,-0.,-1.));
#1737 = ADVANCED_FACE('',(#1738),#1752,.T.);
#1738 = FACE_BOUND('',#1739,.T.);
#1739 = EDGE_LOOP('',(#1740,#1741,#1742,#1743,#1744,#1745,#1746,#1747,
    #1748,#1749,#1750,#1751));
#1740 = ORIENTED_EDGE('',*,*,#1402,.T.);
#1741 = ORIENTED_EDGE('',*,*,#1371,.T.);
#1742 = ORIENTED_EDGE('',*,*,#1449,.T.);
#1743 = ORIENTED_EDGE('',*,*,#1669,.T.);
#1744 = ORIENTED_EDGE('',*,*,#1513,.T.);
#1745 = ORIENTED_EDGE('',*,*,#1718,.T.);
#1746 = ORIENTED_EDGE('',*,*,#1609,.T.);
#1747 = ORIENTED_EDGE('',*,*,#1631,.T.);
#1748 = ORIENTED_EDGE('',*,*,#1569,.T.);
#1749 = ORIENTED_EDGE('',*,*,#1693,.T.);
#1750 = ORIENTED_EDGE('',*,*,#1489,.T.);
#1751 = ORIENTED_EDGE('',*,*,#1646,.T.);
#1752 = PLANE('',#1753);
#1753 = AXIS2_PLACEMENT_3D('',#1754,#1755,#1756);
#1754 = CARTESIAN_POINT('',(-3.531,2.705,1.067));
#1755 = DIRECTION('',(2.22044604925E-16,1.,0.));
#1756 = DIRECTION('',(0.,0.,1.));
#1757 = ADVANCED_FACE('',(#1758),#1772,.T.);
#1758 = FACE_BOUND('',#1759,.T.);
#1759 = EDGE_LOOP('',(#1760,#1761,#1762,#1763,#1764,#1765,#1766,#1767,
    #1768,#1769,#1770,#1771));
#1760 = ORIENTED_EDGE('',*,*,#1433,.T.);
#1761 = ORIENTED_EDGE('',*,*,#1387,.T.);
#1762 = ORIENTED_EDGE('',*,*,#1418,.T.);
#1763 = ORIENTED_EDGE('',*,*,#1654,.T.);
#1764 = ORIENTED_EDGE('',*,*,#1473,.T.);
#1765 = ORIENTED_EDGE('',*,*,#1701,.T.);
#1766 = ORIENTED_EDGE('',*,*,#1553,.T.);
#1767 = ORIENTED_EDGE('',*,*,#1624,.T.);
#1768 = ORIENTED_EDGE('',*,*,#1593,.T.);
#1769 = ORIENTED_EDGE('',*,*,#1726,.T.);
#1770 = ORIENTED_EDGE('',*,*,#1529,.T.);
#1771 = ORIENTED_EDGE('',*,*,#1677,.T.);
#1772 = PLANE('',#1773);
#1773 = AXIS2_PLACEMENT_3D('',#1774,#1775,#1776);
#1774 = CARTESIAN_POINT('',(-5.63,1.867,0.254));
#1775 = DIRECTION('',(-2.22044604925E-16,-1.,0.));
#1776 = DIRECTION('',(0.,-0.,-1.));
#1777 = MANIFOLD_SOLID_BREP('',#1778);
#1778 = CLOSED_SHELL('',(#1779,#1819,#1850,#1881,#1912,#1952,#1983,#2014
    ,#2045,#2076,#2116,#2147,#2169,#2188,#2209,#2241));
#1779 = ADVANCED_FACE('',(#1780),#1814,.T.);
#1780 = FACE_BOUND('',#1781,.T.);
#1781 = EDGE_LOOP('',(#1782,#1792,#1800,#1808));
#1782 = ORIENTED_EDGE('',*,*,#1783,.F.);
#1783 = EDGE_CURVE('',#1784,#1786,#1788,.T.);
#1784 = VERTEX_POINT('',#1785);
#1785 = CARTESIAN_POINT('',(-3.528,-2.476,-5.1E-02));
#1786 = VERTEX_POINT('',#1787);
#1787 = CARTESIAN_POINT('',(-3.528,2.476,-5.1E-02));
#1788 = LINE('',#1789,#1790);
#1789 = CARTESIAN_POINT('',(-3.528,-2.476,-5.1E-02));
#1790 = VECTOR('',#1791,1.);
#1791 = DIRECTION('',(2.22044604925E-16,1.,0.));
#1792 = ORIENTED_EDGE('',*,*,#1793,.F.);
#1793 = EDGE_CURVE('',#1794,#1784,#1796,.T.);
#1794 = VERTEX_POINT('',#1795);
#1795 = CARTESIAN_POINT('',(-3.528,-2.476,0.));
#1796 = LINE('',#1797,#1798);
#1797 = CARTESIAN_POINT('',(-3.528,-2.476,0.));
#1798 = VECTOR('',#1799,1.);
#1799 = DIRECTION('',(0.,-0.,-1.));
#1800 = ORIENTED_EDGE('',*,*,#1801,.F.);
#1801 = EDGE_CURVE('',#1802,#1794,#1804,.T.);
#1802 = VERTEX_POINT('',#1803);
#1803 = CARTESIAN_POINT('',(-3.528,2.476,0.));
#1804 = LINE('',#1805,#1806);
#1805 = CARTESIAN_POINT('',(-3.528,2.476,0.));
#1806 = VECTOR('',#1807,1.);
#1807 = DIRECTION('',(-2.22044604925E-16,-1.,0.));
#1808 = ORIENTED_EDGE('',*,*,#1809,.F.);
#1809 = EDGE_CURVE('',#1786,#1802,#1810,.T.);
#1810 = LINE('',#1811,#1812);
#1811 = CARTESIAN_POINT('',(-3.528,2.476,-5.1E-02));
#1812 = VECTOR('',#1813,1.);
#1813 = DIRECTION('',(0.,0.,1.));
#1814 = PLANE('',#1815);
#1815 = AXIS2_PLACEMENT_3D('',#1816,#1817,#1818);
#1816 = CARTESIAN_POINT('',(-3.528,2.476,-5.1E-02));
#1817 = DIRECTION('',(-1.,2.22044604925E-16,0.));
#1818 = DIRECTION('',(0.,0.,1.));
#1819 = ADVANCED_FACE('',(#1820),#1845,.T.);
#1820 = FACE_BOUND('',#1821,.T.);
#1821 = EDGE_LOOP('',(#1822,#1830,#1838,#1844));
#1822 = ORIENTED_EDGE('',*,*,#1823,.F.);
#1823 = EDGE_CURVE('',#1824,#1784,#1826,.T.);
#1824 = VERTEX_POINT('',#1825);
#1825 = CARTESIAN_POINT('',(1.768,-2.476,-5.1E-02));
#1826 = LINE('',#1827,#1828);
#1827 = CARTESIAN_POINT('',(1.768,-2.476,-5.1E-02));
#1828 = VECTOR('',#1829,1.);
#1829 = DIRECTION('',(-1.,2.22044604925E-16,0.));
#1830 = ORIENTED_EDGE('',*,*,#1831,.F.);
#1831 = EDGE_CURVE('',#1832,#1824,#1834,.T.);
#1832 = VERTEX_POINT('',#1833);
#1833 = CARTESIAN_POINT('',(1.768,-2.476,0.));
#1834 = LINE('',#1835,#1836);
#1835 = CARTESIAN_POINT('',(1.768,-2.476,0.));
#1836 = VECTOR('',#1837,1.);
#1837 = DIRECTION('',(0.,-0.,-1.));
#1838 = ORIENTED_EDGE('',*,*,#1839,.F.);
#1839 = EDGE_CURVE('',#1794,#1832,#1840,.T.);
#1840 = LINE('',#1841,#1842);
#1841 = CARTESIAN_POINT('',(-3.528,-2.476,0.));
#1842 = VECTOR('',#1843,1.);
#1843 = DIRECTION('',(1.,-2.22044604925E-16,0.));
#1844 = ORIENTED_EDGE('',*,*,#1793,.T.);
#1845 = PLANE('',#1846);
#1846 = AXIS2_PLACEMENT_3D('',#1847,#1848,#1849);
#1847 = CARTESIAN_POINT('',(-3.528,-2.476,-5.1E-02));
#1848 = DIRECTION('',(-2.22044604925E-16,-1.,0.));
#1849 = DIRECTION('',(0.,0.,1.));
#1850 = ADVANCED_FACE('',(#1851),#1876,.T.);
#1851 = FACE_BOUND('',#1852,.T.);
#1852 = EDGE_LOOP('',(#1853,#1861,#1869,#1875));
#1853 = ORIENTED_EDGE('',*,*,#1854,.F.);
#1854 = EDGE_CURVE('',#1855,#1824,#1857,.T.);
#1855 = VERTEX_POINT('',#1856);
#1856 = CARTESIAN_POINT('',(1.768,-0.826,-5.1E-02));
#1857 = LINE('',#1858,#1859);
#1858 = CARTESIAN_POINT('',(1.768,-0.826,-5.1E-02));
#1859 = VECTOR('',#1860,1.);
#1860 = DIRECTION('',(-2.22044604925E-16,-1.,0.));
#1861 = ORIENTED_EDGE('',*,*,#1862,.F.);
#1862 = EDGE_CURVE('',#1863,#1855,#1865,.T.);
#1863 = VERTEX_POINT('',#1864);
#1864 = CARTESIAN_POINT('',(1.768,-0.826,0.));
#1865 = LINE('',#1866,#1867);
#1866 = CARTESIAN_POINT('',(1.768,-0.826,0.));
#1867 = VECTOR('',#1868,1.);
#1868 = DIRECTION('',(0.,-0.,-1.));
#1869 = ORIENTED_EDGE('',*,*,#1870,.F.);
#1870 = EDGE_CURVE('',#1832,#1863,#1871,.T.);
#1871 = LINE('',#1872,#1873);
#1872 = CARTESIAN_POINT('',(1.768,-2.476,0.));
#1873 = VECTOR('',#1874,1.);
#1874 = DIRECTION('',(2.22044604925E-16,1.,0.));
#1875 = ORIENTED_EDGE('',*,*,#1831,.T.);
#1876 = PLANE('',#1877);
#1877 = AXIS2_PLACEMENT_3D('',#1878,#1879,#1880);
#1878 = CARTESIAN_POINT('',(1.768,-2.476,-5.1E-02));
#1879 = DIRECTION('',(1.,-2.22044604925E-16,0.));
#1880 = DIRECTION('',(0.,0.,1.));
#1881 = ADVANCED_FACE('',(#1882),#1907,.T.);
#1882 = FACE_BOUND('',#1883,.T.);
#1883 = EDGE_LOOP('',(#1884,#1892,#1900,#1906));
#1884 = ORIENTED_EDGE('',*,*,#1885,.F.);
#1885 = EDGE_CURVE('',#1886,#1855,#1888,.T.);
#1886 = VERTEX_POINT('',#1887);
#1887 = CARTESIAN_POINT('',(2.474,-0.826,-5.1E-02));
#1888 = LINE('',#1889,#1890);
#1889 = CARTESIAN_POINT('',(2.474,-0.826,-5.1E-02));
#1890 = VECTOR('',#1891,1.);
#1891 = DIRECTION('',(-1.,2.22044604925E-16,0.));
#1892 = ORIENTED_EDGE('',*,*,#1893,.F.);
#1893 = EDGE_CURVE('',#1894,#1886,#1896,.T.);
#1894 = VERTEX_POINT('',#1895);
#1895 = CARTESIAN_POINT('',(2.474,-0.826,0.));
#1896 = LINE('',#1897,#1898);
#1897 = CARTESIAN_POINT('',(2.474,-0.826,0.));
#1898 = VECTOR('',#1899,1.);
#1899 = DIRECTION('',(0.,-0.,-1.));
#1900 = ORIENTED_EDGE('',*,*,#1901,.F.);
#1901 = EDGE_CURVE('',#1863,#1894,#1902,.T.);
#1902 = LINE('',#1903,#1904);
#1903 = CARTESIAN_POINT('',(1.768,-0.826,0.));
#1904 = VECTOR('',#1905,1.);
#1905 = DIRECTION('',(1.,-2.22044604925E-16,0.));
#1906 = ORIENTED_EDGE('',*,*,#1862,.T.);
#1907 = PLANE('',#1908);
#1908 = AXIS2_PLACEMENT_3D('',#1909,#1910,#1911);
#1909 = CARTESIAN_POINT('',(1.768,-0.826,-5.1E-02));
#1910 = DIRECTION('',(-2.22044604925E-16,-1.,0.));
#1911 = DIRECTION('',(0.,0.,1.));
#1912 = ADVANCED_FACE('',(#1913),#1947,.T.);
#1913 = FACE_BOUND('',#1914,.T.);
#1914 = EDGE_LOOP('',(#1915,#1925,#1933,#1941));
#1915 = ORIENTED_EDGE('',*,*,#1916,.F.);
#1916 = EDGE_CURVE('',#1917,#1919,#1921,.T.);
#1917 = VERTEX_POINT('',#1918);
#1918 = CARTESIAN_POINT('',(3.004,-3.302,-5.1E-02));
#1919 = VERTEX_POINT('',#1920);
#1920 = CARTESIAN_POINT('',(2.474,-3.302,-5.1E-02));
#1921 = LINE('',#1922,#1923);
#1922 = CARTESIAN_POINT('',(3.004,-3.302,-5.1E-02));
#1923 = VECTOR('',#1924,1.);
#1924 = DIRECTION('',(-1.,2.22044604925E-16,0.));
#1925 = ORIENTED_EDGE('',*,*,#1926,.F.);
#1926 = EDGE_CURVE('',#1927,#1917,#1929,.T.);
#1927 = VERTEX_POINT('',#1928);
#1928 = CARTESIAN_POINT('',(3.004,-3.302,0.745));
#1929 = LINE('',#1930,#1931);
#1930 = CARTESIAN_POINT('',(3.004,-3.302,0.745));
#1931 = VECTOR('',#1932,1.);
#1932 = DIRECTION('',(0.,-0.,-1.));
#1933 = ORIENTED_EDGE('',*,*,#1934,.F.);
#1934 = EDGE_CURVE('',#1935,#1927,#1937,.T.);
#1935 = VERTEX_POINT('',#1936);
#1936 = CARTESIAN_POINT('',(2.474,-3.302,0.745));
#1937 = LINE('',#1938,#1939);
#1938 = CARTESIAN_POINT('',(2.474,-3.302,0.745));
#1939 = VECTOR('',#1940,1.);
#1940 = DIRECTION('',(1.,-2.22044604925E-16,0.));
#1941 = ORIENTED_EDGE('',*,*,#1942,.F.);
#1942 = EDGE_CURVE('',#1919,#1935,#1943,.T.);
#1943 = LINE('',#1944,#1945);
#1944 = CARTESIAN_POINT('',(2.474,-3.302,-5.1E-02));
#1945 = VECTOR('',#1946,1.);
#1946 = DIRECTION('',(0.,0.,1.));
#1947 = PLANE('',#1948);
#1948 = AXIS2_PLACEMENT_3D('',#1949,#1950,#1951);
#1949 = CARTESIAN_POINT('',(2.474,-3.302,-5.1E-02));
#1950 = DIRECTION('',(-2.22044604925E-16,-1.,0.));
#1951 = DIRECTION('',(0.,0.,1.));
#1952 = ADVANCED_FACE('',(#1953),#1978,.T.);
#1953 = FACE_BOUND('',#1954,.T.);
#1954 = EDGE_LOOP('',(#1955,#1963,#1971,#1977));
#1955 = ORIENTED_EDGE('',*,*,#1956,.F.);
#1956 = EDGE_CURVE('',#1957,#1917,#1959,.T.);
#1957 = VERTEX_POINT('',#1958);
#1958 = CARTESIAN_POINT('',(3.533004373999,-0.826003090206,-5.1E-02));
#1959 = LINE('',#1960,#1961);
#1960 = CARTESIAN_POINT('',(2.945765488694,-3.574504076827,-5.1E-02));
#1961 = VECTOR('',#1962,1.);
#1962 = DIRECTION('',(-0.208982759633,-0.977919324983,0.));
#1963 = ORIENTED_EDGE('',*,*,#1964,.F.);
#1964 = EDGE_CURVE('',#1965,#1957,#1967,.T.);
#1965 = VERTEX_POINT('',#1966);
#1966 = CARTESIAN_POINT('',(3.533004373999,-0.826003090206,0.745));
#1967 = LINE('',#1968,#1969);
#1968 = CARTESIAN_POINT('',(3.533,-0.826,0.745));
#1969 = VECTOR('',#1970,1.);
#1970 = DIRECTION('',(0.,-0.,-1.));
#1971 = ORIENTED_EDGE('',*,*,#1972,.F.);
#1972 = EDGE_CURVE('',#1927,#1965,#1973,.T.);
#1973 = LINE('',#1974,#1975);
#1974 = CARTESIAN_POINT('',(3.004,-3.302,0.745));
#1975 = VECTOR('',#1976,1.);
#1976 = DIRECTION('',(0.208982759633,0.977919324983,0.));
#1977 = ORIENTED_EDGE('',*,*,#1926,.T.);
#1978 = PLANE('',#1979);
#1979 = AXIS2_PLACEMENT_3D('',#1980,#1981,#1982);
#1980 = CARTESIAN_POINT('',(3.004,-3.302,-5.1E-02));
#1981 = DIRECTION('',(0.977919324983,-0.208982759633,0.));
#1982 = DIRECTION('',(0.,0.,1.));
#1983 = ADVANCED_FACE('',(#1984),#2009,.T.);
#1984 = FACE_BOUND('',#1985,.T.);
#1985 = EDGE_LOOP('',(#1986,#1994,#2002,#2008));
#1986 = ORIENTED_EDGE('',*,*,#1987,.F.);
#1987 = EDGE_CURVE('',#1988,#1957,#1990,.T.);
#1988 = VERTEX_POINT('',#1989);
#1989 = CARTESIAN_POINT('',(3.533,0.826,-5.1E-02));
#1990 = LINE('',#1991,#1992);
#1991 = CARTESIAN_POINT('',(3.533,0.826,-5.1E-02));
#1992 = VECTOR('',#1993,1.);
#1993 = DIRECTION('',(-2.22044604925E-16,-1.,0.));
#1994 = ORIENTED_EDGE('',*,*,#1995,.F.);
#1995 = EDGE_CURVE('',#1996,#1988,#1998,.T.);
#1996 = VERTEX_POINT('',#1997);
#1997 = CARTESIAN_POINT('',(3.533,0.826,0.745));
#1998 = LINE('',#1999,#2000);
#1999 = CARTESIAN_POINT('',(3.533,0.826,0.745));
#2000 = VECTOR('',#2001,1.);
#2001 = DIRECTION('',(0.,-0.,-1.));
#2002 = ORIENTED_EDGE('',*,*,#2003,.F.);
#2003 = EDGE_CURVE('',#1965,#1996,#2004,.T.);
#2004 = LINE('',#2005,#2006);
#2005 = CARTESIAN_POINT('',(3.533,-0.826,0.745));
#2006 = VECTOR('',#2007,1.);
#2007 = DIRECTION('',(2.22044604925E-16,1.,0.));
#2008 = ORIENTED_EDGE('',*,*,#1964,.T.);
#2009 = PLANE('',#2010);
#2010 = AXIS2_PLACEMENT_3D('',#2011,#2012,#2013);
#2011 = CARTESIAN_POINT('',(3.533,-0.826,-5.1E-02));
#2012 = DIRECTION('',(1.,-2.22044604925E-16,0.));
#2013 = DIRECTION('',(0.,0.,1.));
#2014 = ADVANCED_FACE('',(#2015),#2040,.T.);
#2015 = FACE_BOUND('',#2016,.T.);
#2016 = EDGE_LOOP('',(#2017,#2025,#2033,#2039));
#2017 = ORIENTED_EDGE('',*,*,#2018,.F.);
#2018 = EDGE_CURVE('',#2019,#1988,#2021,.T.);
#2019 = VERTEX_POINT('',#2020);
#2020 = CARTESIAN_POINT('',(3.003875256333,3.301999999427,-5.1E-02));
#2021 = LINE('',#2022,#2023);
#2022 = CARTESIAN_POINT('',(3.71622169992,-3.137235656117E-02,-5.1E-02)
  );
#2023 = VECTOR('',#2024,1.);
#2024 = DIRECTION('',(0.208982759633,-0.977919324983,0.));
#2025 = ORIENTED_EDGE('',*,*,#2026,.F.);
#2026 = EDGE_CURVE('',#2027,#2019,#2029,.T.);
#2027 = VERTEX_POINT('',#2028);
#2028 = CARTESIAN_POINT('',(3.003875256333,3.301999999427,0.745));
#2029 = LINE('',#2030,#2031);
#2030 = CARTESIAN_POINT('',(3.003875255624,3.302,-5.1E-02));
#2031 = VECTOR('',#2032,1.);
#2032 = DIRECTION('',(0.,-0.,-1.));
#2033 = ORIENTED_EDGE('',*,*,#2034,.F.);
#2034 = EDGE_CURVE('',#1996,#2027,#2035,.T.);
#2035 = LINE('',#2036,#2037);
#2036 = CARTESIAN_POINT('',(3.533,0.826,0.745));
#2037 = VECTOR('',#2038,1.);
#2038 = DIRECTION('',(-0.208982759633,0.977919324983,0.));
#2039 = ORIENTED_EDGE('',*,*,#1995,.T.);
#2040 = PLANE('',#2041);
#2041 = AXIS2_PLACEMENT_3D('',#2042,#2043,#2044);
#2042 = CARTESIAN_POINT('',(3.533,0.826,-5.1E-02));
#2043 = DIRECTION('',(0.977919324983,0.208982759633,0.));
#2044 = DIRECTION('',(0.,0.,1.));
#2045 = ADVANCED_FACE('',(#2046),#2071,.T.);
#2046 = FACE_BOUND('',#2047,.T.);
#2047 = EDGE_LOOP('',(#2048,#2056,#2064,#2070));
#2048 = ORIENTED_EDGE('',*,*,#2049,.F.);
#2049 = EDGE_CURVE('',#2050,#2019,#2052,.T.);
#2050 = VERTEX_POINT('',#2051);
#2051 = CARTESIAN_POINT('',(2.474,3.302,-5.1E-02));
#2052 = LINE('',#2053,#2054);
#2053 = CARTESIAN_POINT('',(2.474,3.302,-5.1E-02));
#2054 = VECTOR('',#2055,1.);
#2055 = DIRECTION('',(1.,-2.22044604925E-16,0.));
#2056 = ORIENTED_EDGE('',*,*,#2057,.F.);
#2057 = EDGE_CURVE('',#2058,#2050,#2060,.T.);
#2058 = VERTEX_POINT('',#2059);
#2059 = CARTESIAN_POINT('',(2.474,3.302,0.745));
#2060 = LINE('',#2061,#2062);
#2061 = CARTESIAN_POINT('',(2.474,3.302,0.745));
#2062 = VECTOR('',#2063,1.);
#2063 = DIRECTION('',(0.,-0.,-1.));
#2064 = ORIENTED_EDGE('',*,*,#2065,.F.);
#2065 = EDGE_CURVE('',#2027,#2058,#2066,.T.);
#2066 = LINE('',#2067,#2068);
#2067 = CARTESIAN_POINT('',(3.004,3.302,0.745));
#2068 = VECTOR('',#2069,1.);
#2069 = DIRECTION('',(-1.,2.22044604925E-16,0.));
#2070 = ORIENTED_EDGE('',*,*,#2026,.T.);
#2071 = PLANE('',#2072);
#2072 = AXIS2_PLACEMENT_3D('',#2073,#2074,#2075);
#2073 = CARTESIAN_POINT('',(3.004,3.302,-5.1E-02));
#2074 = DIRECTION('',(2.22044604925E-16,1.,0.));
#2075 = DIRECTION('',(0.,0.,1.));
#2076 = ADVANCED_FACE('',(#2077),#2111,.T.);
#2077 = FACE_BOUND('',#2078,.T.);
#2078 = EDGE_LOOP('',(#2079,#2089,#2097,#2105));
#2079 = ORIENTED_EDGE('',*,*,#2080,.F.);
#2080 = EDGE_CURVE('',#2081,#2083,#2085,.T.);
#2081 = VERTEX_POINT('',#2082);
#2082 = CARTESIAN_POINT('',(1.768,0.826,-5.1E-02));
#2083 = VERTEX_POINT('',#2084);
#2084 = CARTESIAN_POINT('',(2.474,0.826,-5.1E-02));
#2085 = LINE('',#2086,#2087);
#2086 = CARTESIAN_POINT('',(1.768,0.826,-5.1E-02));
#2087 = VECTOR('',#2088,1.);
#2088 = DIRECTION('',(1.,-2.22044604925E-16,0.));
#2089 = ORIENTED_EDGE('',*,*,#2090,.F.);
#2090 = EDGE_CURVE('',#2091,#2081,#2093,.T.);
#2091 = VERTEX_POINT('',#2092);
#2092 = CARTESIAN_POINT('',(1.768,0.826,0.));
#2093 = LINE('',#2094,#2095);
#2094 = CARTESIAN_POINT('',(1.768,0.826,0.));
#2095 = VECTOR('',#2096,1.);
#2096 = DIRECTION('',(0.,-0.,-1.));
#2097 = ORIENTED_EDGE('',*,*,#2098,.F.);
#2098 = EDGE_CURVE('',#2099,#2091,#2101,.T.);
#2099 = VERTEX_POINT('',#2100);
#2100 = CARTESIAN_POINT('',(2.474,0.826,0.));
#2101 = LINE('',#2102,#2103);
#2102 = CARTESIAN_POINT('',(2.474,0.826,0.));
#2103 = VECTOR('',#2104,1.);
#2104 = DIRECTION('',(-1.,2.22044604925E-16,0.));
#2105 = ORIENTED_EDGE('',*,*,#2106,.F.);
#2106 = EDGE_CURVE('',#2083,#2099,#2107,.T.);
#2107 = LINE('',#2108,#2109);
#2108 = CARTESIAN_POINT('',(2.474,0.826,-5.1E-02));
#2109 = VECTOR('',#2110,1.);
#2110 = DIRECTION('',(0.,0.,1.));
#2111 = PLANE('',#2112);
#2112 = AXIS2_PLACEMENT_3D('',#2113,#2114,#2115);
#2113 = CARTESIAN_POINT('',(2.474,0.826,-5.1E-02));
#2114 = DIRECTION('',(2.22044604925E-16,1.,0.));
#2115 = DIRECTION('',(0.,0.,1.));
#2116 = ADVANCED_FACE('',(#2117),#2142,.T.);
#2117 = FACE_BOUND('',#2118,.T.);
#2118 = EDGE_LOOP('',(#2119,#2127,#2135,#2141));
#2119 = ORIENTED_EDGE('',*,*,#2120,.F.);
#2120 = EDGE_CURVE('',#2121,#2081,#2123,.T.);
#2121 = VERTEX_POINT('',#2122);
#2122 = CARTESIAN_POINT('',(1.768,2.476,-5.1E-02));
#2123 = LINE('',#2124,#2125);
#2124 = CARTESIAN_POINT('',(1.768,2.476,-5.1E-02));
#2125 = VECTOR('',#2126,1.);
#2126 = DIRECTION('',(-2.22044604925E-16,-1.,0.));
#2127 = ORIENTED_EDGE('',*,*,#2128,.F.);
#2128 = EDGE_CURVE('',#2129,#2121,#2131,.T.);
#2129 = VERTEX_POINT('',#2130);
#2130 = CARTESIAN_POINT('',(1.768,2.476,0.));
#2131 = LINE('',#2132,#2133);
#2132 = CARTESIAN_POINT('',(1.768,2.476,0.));
#2133 = VECTOR('',#2134,1.);
#2134 = DIRECTION('',(0.,-0.,-1.));
#2135 = ORIENTED_EDGE('',*,*,#2136,.F.);
#2136 = EDGE_CURVE('',#2091,#2129,#2137,.T.);
#2137 = LINE('',#2138,#2139);
#2138 = CARTESIAN_POINT('',(1.768,0.826,0.));
#2139 = VECTOR('',#2140,1.);
#2140 = DIRECTION('',(2.22044604925E-16,1.,0.));
#2141 = ORIENTED_EDGE('',*,*,#2090,.T.);
#2142 = PLANE('',#2143);
#2143 = AXIS2_PLACEMENT_3D('',#2144,#2145,#2146);
#2144 = CARTESIAN_POINT('',(1.768,0.826,-5.1E-02));
#2145 = DIRECTION('',(1.,-2.22044604925E-16,0.));
#2146 = DIRECTION('',(0.,0.,1.));
#2147 = ADVANCED_FACE('',(#2148),#2164,.T.);
#2148 = FACE_BOUND('',#2149,.T.);
#2149 = EDGE_LOOP('',(#2150,#2156,#2157,#2163));
#2150 = ORIENTED_EDGE('',*,*,#2151,.F.);
#2151 = EDGE_CURVE('',#1786,#2121,#2152,.T.);
#2152 = LINE('',#2153,#2154);
#2153 = CARTESIAN_POINT('',(-3.528,2.476,-5.1E-02));
#2154 = VECTOR('',#2155,1.);
#2155 = DIRECTION('',(1.,-2.22044604925E-16,0.));
#2156 = ORIENTED_EDGE('',*,*,#1809,.T.);
#2157 = ORIENTED_EDGE('',*,*,#2158,.F.);
#2158 = EDGE_CURVE('',#2129,#1802,#2159,.T.);
#2159 = LINE('',#2160,#2161);
#2160 = CARTESIAN_POINT('',(1.768,2.476,0.));
#2161 = VECTOR('',#2162,1.);
#2162 = DIRECTION('',(-1.,2.22044604925E-16,0.));
#2163 = ORIENTED_EDGE('',*,*,#2128,.T.);
#2164 = PLANE('',#2165);
#2165 = AXIS2_PLACEMENT_3D('',#2166,#2167,#2168);
#2166 = CARTESIAN_POINT('',(1.768,2.476,-5.1E-02));
#2167 = DIRECTION('',(2.22044604925E-16,1.,0.));
#2168 = DIRECTION('',(0.,0.,1.));
#2169 = ADVANCED_FACE('',(#2170),#2183,.T.);
#2170 = FACE_BOUND('',#2171,.T.);
#2171 = EDGE_LOOP('',(#2172,#2173,#2179,#2180,#2181,#2182));
#2172 = ORIENTED_EDGE('',*,*,#2065,.T.);
#2173 = ORIENTED_EDGE('',*,*,#2174,.F.);
#2174 = EDGE_CURVE('',#1935,#2058,#2175,.T.);
#2175 = LINE('',#2176,#2177);
#2176 = CARTESIAN_POINT('',(2.474,-3.302,0.745));
#2177 = VECTOR('',#2178,1.);
#2178 = DIRECTION('',(2.22044604925E-16,1.,0.));
#2179 = ORIENTED_EDGE('',*,*,#1934,.T.);
#2180 = ORIENTED_EDGE('',*,*,#1972,.T.);
#2181 = ORIENTED_EDGE('',*,*,#2003,.T.);
#2182 = ORIENTED_EDGE('',*,*,#2034,.T.);
#2183 = PLANE('',#2184);
#2184 = AXIS2_PLACEMENT_3D('',#2185,#2186,#2187);
#2185 = CARTESIAN_POINT('',(3.004,3.302,0.745));
#2186 = DIRECTION('',(0.,0.,1.));
#2187 = DIRECTION('',(1.,-2.22044604925E-16,0.));
#2188 = ADVANCED_FACE('',(#2189),#2204,.T.);
#2189 = FACE_BOUND('',#2190,.T.);
#2190 = EDGE_LOOP('',(#2191,#2192,#2193,#2194,#2195,#2196,#2202,#2203));
#2191 = ORIENTED_EDGE('',*,*,#2158,.T.);
#2192 = ORIENTED_EDGE('',*,*,#1801,.T.);
#2193 = ORIENTED_EDGE('',*,*,#1839,.T.);
#2194 = ORIENTED_EDGE('',*,*,#1870,.T.);
#2195 = ORIENTED_EDGE('',*,*,#1901,.T.);
#2196 = ORIENTED_EDGE('',*,*,#2197,.F.);
#2197 = EDGE_CURVE('',#2099,#1894,#2198,.T.);
#2198 = LINE('',#2199,#2200);
#2199 = CARTESIAN_POINT('',(2.474,0.826,0.));
#2200 = VECTOR('',#2201,1.);
#2201 = DIRECTION('',(-2.22044604925E-16,-1.,0.));
#2202 = ORIENTED_EDGE('',*,*,#2098,.T.);
#2203 = ORIENTED_EDGE('',*,*,#2136,.T.);
#2204 = PLANE('',#2205);
#2205 = AXIS2_PLACEMENT_3D('',#2206,#2207,#2208);
#2206 = CARTESIAN_POINT('',(1.768,2.476,0.));
#2207 = DIRECTION('',(0.,0.,1.));
#2208 = DIRECTION('',(1.,-2.22044604925E-16,0.));
#2209 = ADVANCED_FACE('',(#2210),#2236,.T.);
#2210 = FACE_BOUND('',#2211,.T.);
#2211 = EDGE_LOOP('',(#2212,#2213,#2214,#2215,#2216,#2222,#2223,#2224,
    #2225,#2226,#2227,#2233,#2234,#2235));
#2212 = ORIENTED_EDGE('',*,*,#1783,.T.);
#2213 = ORIENTED_EDGE('',*,*,#2151,.T.);
#2214 = ORIENTED_EDGE('',*,*,#2120,.T.);
#2215 = ORIENTED_EDGE('',*,*,#2080,.T.);
#2216 = ORIENTED_EDGE('',*,*,#2217,.F.);
#2217 = EDGE_CURVE('',#2050,#2083,#2218,.T.);
#2218 = LINE('',#2219,#2220);
#2219 = CARTESIAN_POINT('',(2.474,3.302,-5.1E-02));
#2220 = VECTOR('',#2221,1.);
#2221 = DIRECTION('',(-2.22044604925E-16,-1.,0.));
#2222 = ORIENTED_EDGE('',*,*,#2049,.T.);
#2223 = ORIENTED_EDGE('',*,*,#2018,.T.);
#2224 = ORIENTED_EDGE('',*,*,#1987,.T.);
#2225 = ORIENTED_EDGE('',*,*,#1956,.T.);
#2226 = ORIENTED_EDGE('',*,*,#1916,.T.);
#2227 = ORIENTED_EDGE('',*,*,#2228,.F.);
#2228 = EDGE_CURVE('',#1886,#1919,#2229,.T.);
#2229 = LINE('',#2230,#2231);
#2230 = CARTESIAN_POINT('',(2.474,-0.826,-5.1E-02));
#2231 = VECTOR('',#2232,1.);
#2232 = DIRECTION('',(-2.22044604925E-16,-1.,0.));
#2233 = ORIENTED_EDGE('',*,*,#1885,.T.);
#2234 = ORIENTED_EDGE('',*,*,#1854,.T.);
#2235 = ORIENTED_EDGE('',*,*,#1823,.T.);
#2236 = PLANE('',#2237);
#2237 = AXIS2_PLACEMENT_3D('',#2238,#2239,#2240);
#2238 = CARTESIAN_POINT('',(-3.528,-2.476,-5.1E-02));
#2239 = DIRECTION('',(0.,-0.,-1.));
#2240 = DIRECTION('',(1.,-2.22044604925E-16,0.));
#2241 = ADVANCED_FACE('',(#2242),#2252,.T.);
#2242 = FACE_BOUND('',#2243,.T.);
#2243 = EDGE_LOOP('',(#2244,#2245,#2246,#2247,#2248,#2249,#2250,#2251));
#2244 = ORIENTED_EDGE('',*,*,#2217,.T.);
#2245 = ORIENTED_EDGE('',*,*,#2106,.T.);
#2246 = ORIENTED_EDGE('',*,*,#2197,.T.);
#2247 = ORIENTED_EDGE('',*,*,#1893,.T.);
#2248 = ORIENTED_EDGE('',*,*,#2228,.T.);
#2249 = ORIENTED_EDGE('',*,*,#1942,.T.);
#2250 = ORIENTED_EDGE('',*,*,#2174,.T.);
#2251 = ORIENTED_EDGE('',*,*,#2057,.T.);
#2252 = PLANE('',#2253);
#2253 = AXIS2_PLACEMENT_3D('',#2254,#2255,#2256);
#2254 = CARTESIAN_POINT('',(2.474,3.302,-5.1E-02));
#2255 = DIRECTION('',(-1.,2.22044604925E-16,0.));
#2256 = DIRECTION('',(0.,0.,1.));
#2257 = GEOMETRIC_CURVE_SET('',(#2258));
#2258 = TRIMMED_CURVE('',#2259,(#2264,PARAMETER_VALUE(3.14159265359)),(
    #2265,PARAMETER_VALUE(9.424777960769)),.T.,.PARAMETER.);
#2259 = CIRCLE('',#2260,0.17653);
#2260 = AXIS2_PLACEMENT_3D('',#2261,#2262,#2263);
#2261 = CARTESIAN_POINT('',(-2.374,2.286,2.39));
#2262 = DIRECTION('',(0.,0.,1.));
#2263 = DIRECTION('',(-2.22044604925E-16,-1.,0.));
#2264 = CARTESIAN_POINT('',(-2.374,2.46253,2.39));
#2265 = CARTESIAN_POINT('',(-2.374,2.46253,2.39));
#2266 = GEOMETRIC_CURVE_SET('',(#2267));
#2267 = TRIMMED_CURVE('',#2268,(#2272,PARAMETER_VALUE(-2.E-03)),(#2273,
    PARAMETER_VALUE(0.)),.T.,.PARAMETER.);
#2268 = LINE('',#2269,#2270);
#2269 = CARTESIAN_POINT('',(-2.374,2.46253,2.388));
#2270 = VECTOR('',#2271,1.);
#2271 = DIRECTION('',(0.,-0.,-1.));
#2272 = CARTESIAN_POINT('',(-2.374,2.46253,2.39));
#2273 = CARTESIAN_POINT('',(-2.374,2.46253,2.388));
#2274 = GEOMETRIC_CURVE_SET('',(#2275));
#2275 = TRIMMED_CURVE('',#2276,(#2281,PARAMETER_VALUE(3.14159265359)),(
    #2282,PARAMETER_VALUE(9.424777960769)),.T.,.PARAMETER.);
#2276 = CIRCLE('',#2277,0.17653);
#2277 = AXIS2_PLACEMENT_3D('',#2278,#2279,#2280);
#2278 = CARTESIAN_POINT('',(-2.374,2.286,2.388));
#2279 = DIRECTION('',(-0.,0.,-1.));
#2280 = DIRECTION('',(-2.22044604925E-16,-1.,0.));
#2281 = CARTESIAN_POINT('',(-2.374,2.46253,2.388));
#2282 = CARTESIAN_POINT('',(-2.374,2.46253,2.388));
#2283 = GEOMETRIC_CURVE_SET('',(#2284));
#2284 = TRIMMED_CURVE('',#2285,(#2289,PARAMETER_VALUE(-2.E-03)),(#2290,
    PARAMETER_VALUE(0.)),.T.,.PARAMETER.);
#2285 = LINE('',#2286,#2287);
#2286 = CARTESIAN_POINT('',(-2.374,2.46253,2.388));
#2287 = VECTOR('',#2288,1.);
#2288 = DIRECTION('',(0.,-0.,-1.));
#2289 = CARTESIAN_POINT('',(-2.374,2.46253,2.39));
#2290 = CARTESIAN_POINT('',(-2.374,2.46253,2.388));
#2291 = GEOMETRIC_CURVE_SET('',(#2292));
#2292 = TRIMMED_CURVE('',#2293,(#2298,PARAMETER_VALUE(3.14159265359)),(
    #2299,PARAMETER_VALUE(9.424777960769)),.T.,.PARAMETER.);
#2293 = CIRCLE('',#2294,0.17653);
#2294 = AXIS2_PLACEMENT_3D('',#2295,#2296,#2297);
#2295 = CARTESIAN_POINT('',(-2.374,2.286,2.388));
#2296 = DIRECTION('',(-0.,0.,-1.));
#2297 = DIRECTION('',(-2.22044604925E-16,-1.,0.));
#2298 = CARTESIAN_POINT('',(-2.374,2.46253,2.388));
#2299 = CARTESIAN_POINT('',(-2.374,2.46253,2.388));
#2300 = GEOMETRIC_CURVE_SET('',(#2301));
#2301 = TRIMMED_CURVE('',#2302,(#2307,PARAMETER_VALUE(3.14159265359)),(
    #2308,PARAMETER_VALUE(9.424777960769)),.T.,.PARAMETER.);
#2302 = CIRCLE('',#2303,0.17653);
#2303 = AXIS2_PLACEMENT_3D('',#2304,#2305,#2306);
#2304 = CARTESIAN_POINT('',(-2.374,2.286,2.39));
#2305 = DIRECTION('',(0.,0.,1.));
#2306 = DIRECTION('',(-2.22044604925E-16,-1.,0.));
#2307 = CARTESIAN_POINT('',(-2.374,2.46253,2.39));
#2308 = CARTESIAN_POINT('',(-2.374,2.46253,2.39));
#2309 = GEOMETRIC_CURVE_SET('',(#2310));
#2310 = TRIMMED_CURVE('',#2311,(#2315,PARAMETER_VALUE(0.)),(#2316,
    PARAMETER_VALUE(6.604)),.T.,.PARAMETER.);
#2311 = LINE('',#2312,#2313);
#2312 = CARTESIAN_POINT('',(-3.531,-3.302,0.));
#2313 = VECTOR('',#2314,1.);
#2314 = DIRECTION('',(2.22044604925E-16,1.,0.));
#2315 = CARTESIAN_POINT('',(-3.531,-3.302,0.));
#2316 = CARTESIAN_POINT('',(-3.531,3.302,0.));
#2317 = GEOMETRIC_CURVE_SET('',(#2318));
#2318 = TRIMMED_CURVE('',#2319,(#2323,PARAMETER_VALUE(0.)),(#2324,
    PARAMETER_VALUE(2.388)),.T.,.PARAMETER.);
#2319 = LINE('',#2320,#2321);
#2320 = CARTESIAN_POINT('',(-3.531,-3.302,2.388));
#2321 = VECTOR('',#2322,1.);
#2322 = DIRECTION('',(0.,-0.,-1.));
#2323 = CARTESIAN_POINT('',(-3.531,-3.302,2.388));
#2324 = CARTESIAN_POINT('',(-3.531,-3.302,0.));
#2325 = GEOMETRIC_CURVE_SET('',(#2326));
#2326 = TRIMMED_CURVE('',#2327,(#2331,PARAMETER_VALUE(0.)),(#2332,
    PARAMETER_VALUE(6.604)),.T.,.PARAMETER.);
#2327 = LINE('',#2328,#2329);
#2328 = CARTESIAN_POINT('',(-3.531,3.302,2.388));
#2329 = VECTOR('',#2330,1.);
#2330 = DIRECTION('',(-2.22044604925E-16,-1.,0.));
#2331 = CARTESIAN_POINT('',(-3.531,3.302,2.388));
#2332 = CARTESIAN_POINT('',(-3.531,-3.302,2.388));
#2333 = GEOMETRIC_CURVE_SET('',(#2334));
#2334 = TRIMMED_CURVE('',#2335,(#2339,PARAMETER_VALUE(0.)),(#2340,
    PARAMETER_VALUE(2.388)),.T.,.PARAMETER.);
#2335 = LINE('',#2336,#2337);
#2336 = CARTESIAN_POINT('',(-3.531,3.302,0.));
#2337 = VECTOR('',#2338,1.);
#2338 = DIRECTION('',(0.,0.,1.));
#2339 = CARTESIAN_POINT('',(-3.531,3.302,0.));
#2340 = CARTESIAN_POINT('',(-3.531,3.302,2.388));
#2341 = GEOMETRIC_CURVE_SET('',(#2342));
#2342 = TRIMMED_CURVE('',#2343,(#2347,PARAMETER_VALUE(0.)),(#2348,
    PARAMETER_VALUE(6.002)),.T.,.PARAMETER.);
#2343 = LINE('',#2344,#2345);
#2344 = CARTESIAN_POINT('',(2.471,-3.302,0.));
#2345 = VECTOR('',#2346,1.);
#2346 = DIRECTION('',(-1.,2.22044604925E-16,0.));
#2347 = CARTESIAN_POINT('',(2.471,-3.302,0.));
#2348 = CARTESIAN_POINT('',(-3.531,-3.302,0.));
#2349 = GEOMETRIC_CURVE_SET('',(#2350));
#2350 = TRIMMED_CURVE('',#2351,(#2355,PARAMETER_VALUE(0.)),(#2356,
    PARAMETER_VALUE(2.388)),.T.,.PARAMETER.);
#2351 = LINE('',#2352,#2353);
#2352 = CARTESIAN_POINT('',(2.471,-3.302,2.388));
#2353 = VECTOR('',#2354,1.);
#2354 = DIRECTION('',(0.,-0.,-1.));
#2355 = CARTESIAN_POINT('',(2.471,-3.302,2.388));
#2356 = CARTESIAN_POINT('',(2.471,-3.302,0.));
#2357 = GEOMETRIC_CURVE_SET('',(#2358));
#2358 = TRIMMED_CURVE('',#2359,(#2363,PARAMETER_VALUE(0.)),(#2364,
    PARAMETER_VALUE(6.002)),.T.,.PARAMETER.);
#2359 = LINE('',#2360,#2361);
#2360 = CARTESIAN_POINT('',(-3.531,-3.302,2.388));
#2361 = VECTOR('',#2362,1.);
#2362 = DIRECTION('',(1.,-2.22044604925E-16,0.));
#2363 = CARTESIAN_POINT('',(-3.531,-3.302,2.388));
#2364 = CARTESIAN_POINT('',(2.471,-3.302,2.388));
#2365 = GEOMETRIC_CURVE_SET('',(#2366));
#2366 = TRIMMED_CURVE('',#2367,(#2371,PARAMETER_VALUE(0.)),(#2372,
    PARAMETER_VALUE(2.388)),.T.,.PARAMETER.);
#2367 = LINE('',#2368,#2369);
#2368 = CARTESIAN_POINT('',(-3.531,-3.302,2.388));
#2369 = VECTOR('',#2370,1.);
#2370 = DIRECTION('',(0.,-0.,-1.));
#2371 = CARTESIAN_POINT('',(-3.531,-3.302,2.388));
#2372 = CARTESIAN_POINT('',(-3.531,-3.302,0.));
#2373 = GEOMETRIC_CURVE_SET('',(#2374));
#2374 = TRIMMED_CURVE('',#2375,(#2379,PARAMETER_VALUE(0.)),(#2380,
    PARAMETER_VALUE(6.604)),.T.,.PARAMETER.);
#2375 = LINE('',#2376,#2377);
#2376 = CARTESIAN_POINT('',(2.471,3.302,0.));
#2377 = VECTOR('',#2378,1.);
#2378 = DIRECTION('',(-2.22044604925E-16,-1.,0.));
#2379 = CARTESIAN_POINT('',(2.471,3.302,0.));
#2380 = CARTESIAN_POINT('',(2.471,-3.302,0.));
#2381 = GEOMETRIC_CURVE_SET('',(#2382));
#2382 = TRIMMED_CURVE('',#2383,(#2387,PARAMETER_VALUE(0.)),(#2388,
    PARAMETER_VALUE(2.388)),.T.,.PARAMETER.);
#2383 = LINE('',#2384,#2385);
#2384 = CARTESIAN_POINT('',(2.471,3.302,2.388));
#2385 = VECTOR('',#2386,1.);
#2386 = DIRECTION('',(0.,-0.,-1.));
#2387 = CARTESIAN_POINT('',(2.471,3.302,2.388));
#2388 = CARTESIAN_POINT('',(2.471,3.302,0.));
#2389 = GEOMETRIC_CURVE_SET('',(#2390));
#2390 = TRIMMED_CURVE('',#2391,(#2395,PARAMETER_VALUE(0.)),(#2396,
    PARAMETER_VALUE(6.604)),.T.,.PARAMETER.);
#2391 = LINE('',#2392,#2393);
#2392 = CARTESIAN_POINT('',(2.471,-3.302,2.388));
#2393 = VECTOR('',#2394,1.);
#2394 = DIRECTION('',(2.22044604925E-16,1.,0.));
#2395 = CARTESIAN_POINT('',(2.471,-3.302,2.388));
#2396 = CARTESIAN_POINT('',(2.471,3.302,2.388));
#2397 = GEOMETRIC_CURVE_SET('',(#2398));
#2398 = TRIMMED_CURVE('',#2399,(#2403,PARAMETER_VALUE(0.)),(#2404,
    PARAMETER_VALUE(2.388)),.T.,.PARAMETER.);
#2399 = LINE('',#2400,#2401);
#2400 = CARTESIAN_POINT('',(2.471,-3.302,2.388));
#2401 = VECTOR('',#2402,1.);
#2402 = DIRECTION('',(0.,-0.,-1.));
#2403 = CARTESIAN_POINT('',(2.471,-3.302,2.388));
#2404 = CARTESIAN_POINT('',(2.471,-3.302,0.));
#2405 = GEOMETRIC_CURVE_SET('',(#2406));
#2406 = TRIMMED_CURVE('',#2407,(#2411,PARAMETER_VALUE(0.)),(#2412,
    PARAMETER_VALUE(6.002)),.T.,.PARAMETER.);
#2407 = LINE('',#2408,#2409);
#2408 = CARTESIAN_POINT('',(-3.531,3.302,0.));
#2409 = VECTOR('',#2410,1.);
#2410 = DIRECTION('',(1.,-2.22044604925E-16,0.));
#2411 = CARTESIAN_POINT('',(-3.531,3.302,0.));
#2412 = CARTESIAN_POINT('',(2.471,3.302,0.));
#2413 = GEOMETRIC_CURVE_SET('',(#2414));
#2414 = TRIMMED_CURVE('',#2415,(#2419,PARAMETER_VALUE(0.)),(#2420,
    PARAMETER_VALUE(2.388)),.T.,.PARAMETER.);
#2415 = LINE('',#2416,#2417);
#2416 = CARTESIAN_POINT('',(-3.531,3.302,0.));
#2417 = VECTOR('',#2418,1.);
#2418 = DIRECTION('',(0.,0.,1.));
#2419 = CARTESIAN_POINT('',(-3.531,3.302,0.));
#2420 = CARTESIAN_POINT('',(-3.531,3.302,2.388));
#2421 = GEOMETRIC_CURVE_SET('',(#2422));
#2422 = TRIMMED_CURVE('',#2423,(#2427,PARAMETER_VALUE(0.)),(#2428,
    PARAMETER_VALUE(6.002)),.T.,.PARAMETER.);
#2423 = LINE('',#2424,#2425);
#2424 = CARTESIAN_POINT('',(2.471,3.302,2.388));
#2425 = VECTOR('',#2426,1.);
#2426 = DIRECTION('',(-1.,2.22044604925E-16,0.));
#2427 = CARTESIAN_POINT('',(2.471,3.302,2.388));
#2428 = CARTESIAN_POINT('',(-3.531,3.302,2.388));
#2429 = GEOMETRIC_CURVE_SET('',(#2430));
#2430 = TRIMMED_CURVE('',#2431,(#2435,PARAMETER_VALUE(0.)),(#2436,
    PARAMETER_VALUE(2.388)),.T.,.PARAMETER.);
#2431 = LINE('',#2432,#2433);
#2432 = CARTESIAN_POINT('',(2.471,3.302,2.388));
#2433 = VECTOR('',#2434,1.);
#2434 = DIRECTION('',(0.,-0.,-1.));
#2435 = CARTESIAN_POINT('',(2.471,3.302,2.388));
#2436 = CARTESIAN_POINT('',(2.471,3.302,0.));
#2437 = GEOMETRIC_CURVE_SET('',(#2438));
#2438 = TRIMMED_CURVE('',#2439,(#2443,PARAMETER_VALUE(0.)),(#2444,
    PARAMETER_VALUE(6.604)),.T.,.PARAMETER.);
#2439 = LINE('',#2440,#2441);
#2440 = CARTESIAN_POINT('',(2.471,3.302,0.));
#2441 = VECTOR('',#2442,1.);
#2442 = DIRECTION('',(-2.22044604925E-16,-1.,0.));
#2443 = CARTESIAN_POINT('',(2.471,3.302,0.));
#2444 = CARTESIAN_POINT('',(2.471,-3.302,0.));
#2445 = GEOMETRIC_CURVE_SET('',(#2446));
#2446 = TRIMMED_CURVE('',#2447,(#2451,PARAMETER_VALUE(0.)),(#2452,
    PARAMETER_VALUE(6.002)),.T.,.PARAMETER.);
#2447 = LINE('',#2448,#2449);
#2448 = CARTESIAN_POINT('',(2.471,-3.302,0.));
#2449 = VECTOR('',#2450,1.);
#2450 = DIRECTION('',(-1.,2.22044604925E-16,0.));
#2451 = CARTESIAN_POINT('',(2.471,-3.302,0.));
#2452 = CARTESIAN_POINT('',(-3.531,-3.302,0.));
#2453 = GEOMETRIC_CURVE_SET('',(#2454));
#2454 = TRIMMED_CURVE('',#2455,(#2459,PARAMETER_VALUE(0.)),(#2460,
    PARAMETER_VALUE(6.604)),.T.,.PARAMETER.);
#2455 = LINE('',#2456,#2457);
#2456 = CARTESIAN_POINT('',(-3.531,-3.302,0.));
#2457 = VECTOR('',#2458,1.);
#2458 = DIRECTION('',(2.22044604925E-16,1.,0.));
#2459 = CARTESIAN_POINT('',(-3.531,-3.302,0.));
#2460 = CARTESIAN_POINT('',(-3.531,3.302,0.));
#2461 = GEOMETRIC_CURVE_SET('',(#2462));
#2462 = TRIMMED_CURVE('',#2463,(#2467,PARAMETER_VALUE(0.)),(#2468,
    PARAMETER_VALUE(6.002)),.T.,.PARAMETER.);
#2463 = LINE('',#2464,#2465);
#2464 = CARTESIAN_POINT('',(-3.531,3.302,0.));
#2465 = VECTOR('',#2466,1.);
#2466 = DIRECTION('',(1.,-2.22044604925E-16,0.));
#2467 = CARTESIAN_POINT('',(-3.531,3.302,0.));
#2468 = CARTESIAN_POINT('',(2.471,3.302,0.));
#2469 = GEOMETRIC_CURVE_SET('',(#2470));
#2470 = TRIMMED_CURVE('',#2471,(#2475,PARAMETER_VALUE(0.)),(#2476,
    PARAMETER_VALUE(6.604)),.T.,.PARAMETER.);
#2471 = LINE('',#2472,#2473);
#2472 = CARTESIAN_POINT('',(-3.531,3.302,2.388));
#2473 = VECTOR('',#2474,1.);
#2474 = DIRECTION('',(-2.22044604925E-16,-1.,0.));
#2475 = CARTESIAN_POINT('',(-3.531,3.302,2.388));
#2476 = CARTESIAN_POINT('',(-3.531,-3.302,2.388));
#2477 = GEOMETRIC_CURVE_SET('',(#2478));
#2478 = TRIMMED_CURVE('',#2479,(#2483,PARAMETER_VALUE(0.)),(#2484,
    PARAMETER_VALUE(6.002)),.T.,.PARAMETER.);
#2479 = LINE('',#2480,#2481);
#2480 = CARTESIAN_POINT('',(-3.531,-3.302,2.388));
#2481 = VECTOR('',#2482,1.);
#2482 = DIRECTION('',(1.,-2.22044604925E-16,0.));
#2483 = CARTESIAN_POINT('',(-3.531,-3.302,2.388));
#2484 = CARTESIAN_POINT('',(2.471,-3.302,2.388));
#2485 = GEOMETRIC_CURVE_SET('',(#2486));
#2486 = TRIMMED_CURVE('',#2487,(#2491,PARAMETER_VALUE(0.)),(#2492,
    PARAMETER_VALUE(6.604)),.T.,.PARAMETER.);
#2487 = LINE('',#2488,#2489);
#2488 = CARTESIAN_POINT('',(2.471,-3.302,2.388));
#2489 = VECTOR('',#2490,1.);
#2490 = DIRECTION('',(2.22044604925E-16,1.,0.));
#2491 = CARTESIAN_POINT('',(2.471,-3.302,2.388));
#2492 = CARTESIAN_POINT('',(2.471,3.302,2.388));
#2493 = GEOMETRIC_CURVE_SET('',(#2494));
#2494 = TRIMMED_CURVE('',#2495,(#2499,PARAMETER_VALUE(0.)),(#2500,
    PARAMETER_VALUE(6.002)),.T.,.PARAMETER.);
#2495 = LINE('',#2496,#2497);
#2496 = CARTESIAN_POINT('',(2.471,3.302,2.388));
#2497 = VECTOR('',#2498,1.);
#2498 = DIRECTION('',(-1.,2.22044604925E-16,0.));
#2499 = CARTESIAN_POINT('',(2.471,3.302,2.388));
#2500 = CARTESIAN_POINT('',(-3.531,3.302,2.388));
#2501 = GEOMETRIC_CURVE_SET('',(#2502));
#2502 = TRIMMED_CURVE('',#2503,(#2507,PARAMETER_VALUE(0.)),(#2508,
    PARAMETER_VALUE(0.812)),.T.,.PARAMETER.);
#2503 = LINE('',#2504,#2505);
#2504 = CARTESIAN_POINT('',(-4.343,-0.406,1.067));
#2505 = VECTOR('',#2506,1.);
#2506 = DIRECTION('',(2.22044604925E-16,1.,0.));
#2507 = CARTESIAN_POINT('',(-4.343,-0.406,1.067));
#2508 = CARTESIAN_POINT('',(-4.343,0.406,1.067));
#2509 = GEOMETRIC_CURVE_SET('',(#2510));
#2510 = TRIMMED_CURVE('',#2511,(#2515,PARAMETER_VALUE(0.)),(#2516,
    PARAMETER_VALUE(0.254)),.T.,.PARAMETER.);
#2511 = LINE('',#2512,#2513);
#2512 = CARTESIAN_POINT('',(-4.343,-0.406,1.321));
#2513 = VECTOR('',#2514,1.);
#2514 = DIRECTION('',(0.,-0.,-1.));
#2515 = CARTESIAN_POINT('',(-4.343,-0.406,1.321));
#2516 = CARTESIAN_POINT('',(-4.343,-0.406,1.067));
#2517 = GEOMETRIC_CURVE_SET('',(#2518));
#2518 = TRIMMED_CURVE('',#2519,(#2523,PARAMETER_VALUE(0.)),(#2524,
    PARAMETER_VALUE(0.812)),.T.,.PARAMETER.);
#2519 = LINE('',#2520,#2521);
#2520 = CARTESIAN_POINT('',(-4.343,0.406,1.321));
#2521 = VECTOR('',#2522,1.);
#2522 = DIRECTION('',(-2.22044604925E-16,-1.,0.));
#2523 = CARTESIAN_POINT('',(-4.343,0.406,1.321));
#2524 = CARTESIAN_POINT('',(-4.343,-0.406,1.321));
#2525 = GEOMETRIC_CURVE_SET('',(#2526));
#2526 = TRIMMED_CURVE('',#2527,(#2531,PARAMETER_VALUE(0.)),(#2532,
    PARAMETER_VALUE(0.254)),.T.,.PARAMETER.);
#2527 = LINE('',#2528,#2529);
#2528 = CARTESIAN_POINT('',(-4.343,0.406,1.067));
#2529 = VECTOR('',#2530,1.);
#2530 = DIRECTION('',(0.,0.,1.));
#2531 = CARTESIAN_POINT('',(-4.343,0.406,1.067));
#2532 = CARTESIAN_POINT('',(-4.343,0.406,1.321));
#2533 = GEOMETRIC_CURVE_SET('',(#2534));
#2534 = TRIMMED_CURVE('',#2535,(#2539,PARAMETER_VALUE(0.)),(#2540,
    PARAMETER_VALUE(0.812)),.T.,.PARAMETER.);
#2535 = LINE('',#2536,#2537);
#2536 = CARTESIAN_POINT('',(-3.531,-0.406,1.067));
#2537 = VECTOR('',#2538,1.);
#2538 = DIRECTION('',(-1.,2.22044604925E-16,0.));
#2539 = CARTESIAN_POINT('',(-3.531,-0.406,1.067));
#2540 = CARTESIAN_POINT('',(-4.343,-0.406,1.067));
#2541 = GEOMETRIC_CURVE_SET('',(#2542));
#2542 = TRIMMED_CURVE('',#2543,(#2547,PARAMETER_VALUE(0.)),(#2548,
    PARAMETER_VALUE(0.254)),.T.,.PARAMETER.);
#2543 = LINE('',#2544,#2545);
#2544 = CARTESIAN_POINT('',(-3.531,-0.406,1.321));
#2545 = VECTOR('',#2546,1.);
#2546 = DIRECTION('',(0.,-0.,-1.));
#2547 = CARTESIAN_POINT('',(-3.531,-0.406,1.321));
#2548 = CARTESIAN_POINT('',(-3.531,-0.406,1.067));
#2549 = GEOMETRIC_CURVE_SET('',(#2550));
#2550 = TRIMMED_CURVE('',#2551,(#2555,PARAMETER_VALUE(0.)),(#2556,
    PARAMETER_VALUE(0.812)),.T.,.PARAMETER.);
#2551 = LINE('',#2552,#2553);
#2552 = CARTESIAN_POINT('',(-4.343,-0.406,1.321));
#2553 = VECTOR('',#2554,1.);
#2554 = DIRECTION('',(1.,-2.22044604925E-16,0.));
#2555 = CARTESIAN_POINT('',(-4.343,-0.406,1.321));
#2556 = CARTESIAN_POINT('',(-3.531,-0.406,1.321));
#2557 = GEOMETRIC_CURVE_SET('',(#2558));
#2558 = TRIMMED_CURVE('',#2559,(#2563,PARAMETER_VALUE(0.)),(#2564,
    PARAMETER_VALUE(0.254)),.T.,.PARAMETER.);
#2559 = LINE('',#2560,#2561);
#2560 = CARTESIAN_POINT('',(-4.343,-0.406,1.321));
#2561 = VECTOR('',#2562,1.);
#2562 = DIRECTION('',(0.,-0.,-1.));
#2563 = CARTESIAN_POINT('',(-4.343,-0.406,1.321));
#2564 = CARTESIAN_POINT('',(-4.343,-0.406,1.067));
#2565 = GEOMETRIC_CURVE_SET('',(#2566));
#2566 = TRIMMED_CURVE('',#2567,(#2571,PARAMETER_VALUE(0.)),(#2572,
    PARAMETER_VALUE(0.812)),.T.,.PARAMETER.);
#2567 = LINE('',#2568,#2569);
#2568 = CARTESIAN_POINT('',(-3.531,0.406,1.067));
#2569 = VECTOR('',#2570,1.);
#2570 = DIRECTION('',(-2.22044604925E-16,-1.,0.));
#2571 = CARTESIAN_POINT('',(-3.531,0.406,1.067));
#2572 = CARTESIAN_POINT('',(-3.531,-0.406,1.067));
#2573 = GEOMETRIC_CURVE_SET('',(#2574));
#2574 = TRIMMED_CURVE('',#2575,(#2579,PARAMETER_VALUE(0.)),(#2580,
    PARAMETER_VALUE(0.254)),.T.,.PARAMETER.);
#2575 = LINE('',#2576,#2577);
#2576 = CARTESIAN_POINT('',(-3.531,0.406,1.321));
#2577 = VECTOR('',#2578,1.);
#2578 = DIRECTION('',(0.,-0.,-1.));
#2579 = CARTESIAN_POINT('',(-3.531,0.406,1.321));
#2580 = CARTESIAN_POINT('',(-3.531,0.406,1.067));
#2581 = GEOMETRIC_CURVE_SET('',(#2582));
#2582 = TRIMMED_CURVE('',#2583,(#2587,PARAMETER_VALUE(0.)),(#2588,
    PARAMETER_VALUE(0.812)),.T.,.PARAMETER.);
#2583 = LINE('',#2584,#2585);
#2584 = CARTESIAN_POINT('',(-3.531,-0.406,1.321));
#2585 = VECTOR('',#2586,1.);
#2586 = DIRECTION('',(2.22044604925E-16,1.,0.));
#2587 = CARTESIAN_POINT('',(-3.531,-0.406,1.321));
#2588 = CARTESIAN_POINT('',(-3.531,0.406,1.321));
#2589 = GEOMETRIC_CURVE_SET('',(#2590));
#2590 = TRIMMED_CURVE('',#2591,(#2595,PARAMETER_VALUE(0.)),(#2596,
    PARAMETER_VALUE(0.254)),.T.,.PARAMETER.);
#2591 = LINE('',#2592,#2593);
#2592 = CARTESIAN_POINT('',(-3.531,-0.406,1.321));
#2593 = VECTOR('',#2594,1.);
#2594 = DIRECTION('',(0.,-0.,-1.));
#2595 = CARTESIAN_POINT('',(-3.531,-0.406,1.321));
#2596 = CARTESIAN_POINT('',(-3.531,-0.406,1.067));
#2597 = GEOMETRIC_CURVE_SET('',(#2598));
#2598 = TRIMMED_CURVE('',#2599,(#2603,PARAMETER_VALUE(0.)),(#2604,
    PARAMETER_VALUE(0.812)),.T.,.PARAMETER.);
#2599 = LINE('',#2600,#2601);
#2600 = CARTESIAN_POINT('',(-4.343,0.406,1.067));
#2601 = VECTOR('',#2602,1.);
#2602 = DIRECTION('',(1.,-2.22044604925E-16,0.));
#2603 = CARTESIAN_POINT('',(-4.343,0.406,1.067));
#2604 = CARTESIAN_POINT('',(-3.531,0.406,1.067));
#2605 = GEOMETRIC_CURVE_SET('',(#2606));
#2606 = TRIMMED_CURVE('',#2607,(#2611,PARAMETER_VALUE(0.)),(#2612,
    PARAMETER_VALUE(0.254)),.T.,.PARAMETER.);
#2607 = LINE('',#2608,#2609);
#2608 = CARTESIAN_POINT('',(-4.343,0.406,1.067));
#2609 = VECTOR('',#2610,1.);
#2610 = DIRECTION('',(0.,0.,1.));
#2611 = CARTESIAN_POINT('',(-4.343,0.406,1.067));
#2612 = CARTESIAN_POINT('',(-4.343,0.406,1.321));
#2613 = GEOMETRIC_CURVE_SET('',(#2614));
#2614 = TRIMMED_CURVE('',#2615,(#2619,PARAMETER_VALUE(0.)),(#2620,
    PARAMETER_VALUE(0.812)),.T.,.PARAMETER.);
#2615 = LINE('',#2616,#2617);
#2616 = CARTESIAN_POINT('',(-3.531,0.406,1.321));
#2617 = VECTOR('',#2618,1.);
#2618 = DIRECTION('',(-1.,2.22044604925E-16,0.));
#2619 = CARTESIAN_POINT('',(-3.531,0.406,1.321));
#2620 = CARTESIAN_POINT('',(-4.343,0.406,1.321));
#2621 = GEOMETRIC_CURVE_SET('',(#2622));
#2622 = TRIMMED_CURVE('',#2623,(#2627,PARAMETER_VALUE(0.)),(#2628,
    PARAMETER_VALUE(0.254)),.T.,.PARAMETER.);
#2623 = LINE('',#2624,#2625);
#2624 = CARTESIAN_POINT('',(-3.531,0.406,1.321));
#2625 = VECTOR('',#2626,1.);
#2626 = DIRECTION('',(0.,-0.,-1.));
#2627 = CARTESIAN_POINT('',(-3.531,0.406,1.321));
#2628 = CARTESIAN_POINT('',(-3.531,0.406,1.067));
#2629 = GEOMETRIC_CURVE_SET('',(#2630));
#2630 = TRIMMED_CURVE('',#2631,(#2635,PARAMETER_VALUE(0.)),(#2636,
    PARAMETER_VALUE(0.812)),.T.,.PARAMETER.);
#2631 = LINE('',#2632,#2633);
#2632 = CARTESIAN_POINT('',(-3.531,0.406,1.067));
#2633 = VECTOR('',#2634,1.);
#2634 = DIRECTION('',(-2.22044604925E-16,-1.,0.));
#2635 = CARTESIAN_POINT('',(-3.531,0.406,1.067));
#2636 = CARTESIAN_POINT('',(-3.531,-0.406,1.067));
#2637 = GEOMETRIC_CURVE_SET('',(#2638));
#2638 = TRIMMED_CURVE('',#2639,(#2643,PARAMETER_VALUE(0.)),(#2644,
    PARAMETER_VALUE(0.812)),.T.,.PARAMETER.);
#2639 = LINE('',#2640,#2641);
#2640 = CARTESIAN_POINT('',(-3.531,-0.406,1.067));
#2641 = VECTOR('',#2642,1.);
#2642 = DIRECTION('',(-1.,2.22044604925E-16,0.));
#2643 = CARTESIAN_POINT('',(-3.531,-0.406,1.067));
#2644 = CARTESIAN_POINT('',(-4.343,-0.406,1.067));
#2645 = GEOMETRIC_CURVE_SET('',(#2646));
#2646 = TRIMMED_CURVE('',#2647,(#2651,PARAMETER_VALUE(0.)),(#2652,
    PARAMETER_VALUE(0.812)),.T.,.PARAMETER.);
#2647 = LINE('',#2648,#2649);
#2648 = CARTESIAN_POINT('',(-4.343,-0.406,1.067));
#2649 = VECTOR('',#2650,1.);
#2650 = DIRECTION('',(2.22044604925E-16,1.,0.));
#2651 = CARTESIAN_POINT('',(-4.343,-0.406,1.067));
#2652 = CARTESIAN_POINT('',(-4.343,0.406,1.067));
#2653 = GEOMETRIC_CURVE_SET('',(#2654));
#2654 = TRIMMED_CURVE('',#2655,(#2659,PARAMETER_VALUE(0.)),(#2660,
    PARAMETER_VALUE(0.812)),.T.,.PARAMETER.);
#2655 = LINE('',#2656,#2657);
#2656 = CARTESIAN_POINT('',(-4.343,0.406,1.067));
#2657 = VECTOR('',#2658,1.);
#2658 = DIRECTION('',(1.,-2.22044604925E-16,0.));
#2659 = CARTESIAN_POINT('',(-4.343,0.406,1.067));
#2660 = CARTESIAN_POINT('',(-3.531,0.406,1.067));
#2661 = GEOMETRIC_CURVE_SET('',(#2662));
#2662 = TRIMMED_CURVE('',#2663,(#2667,PARAMETER_VALUE(0.)),(#2668,
    PARAMETER_VALUE(0.812)),.T.,.PARAMETER.);
#2663 = LINE('',#2664,#2665);
#2664 = CARTESIAN_POINT('',(-4.343,0.406,1.321));
#2665 = VECTOR('',#2666,1.);
#2666 = DIRECTION('',(-2.22044604925E-16,-1.,0.));
#2667 = CARTESIAN_POINT('',(-4.343,0.406,1.321));
#2668 = CARTESIAN_POINT('',(-4.343,-0.406,1.321));
#2669 = GEOMETRIC_CURVE_SET('',(#2670));
#2670 = TRIMMED_CURVE('',#2671,(#2675,PARAMETER_VALUE(0.)),(#2676,
    PARAMETER_VALUE(0.812)),.T.,.PARAMETER.);
#2671 = LINE('',#2672,#2673);
#2672 = CARTESIAN_POINT('',(-4.343,-0.406,1.321));
#2673 = VECTOR('',#2674,1.);
#2674 = DIRECTION('',(1.,-2.22044604925E-16,0.));
#2675 = CARTESIAN_POINT('',(-4.343,-0.406,1.321));
#2676 = CARTESIAN_POINT('',(-3.531,-0.406,1.321));
#2677 = GEOMETRIC_CURVE_SET('',(#2678));
#2678 = TRIMMED_CURVE('',#2679,(#2683,PARAMETER_VALUE(0.)),(#2684,
    PARAMETER_VALUE(0.812)),.T.,.PARAMETER.);
#2679 = LINE('',#2680,#2681);
#2680 = CARTESIAN_POINT('',(-3.531,-0.406,1.321));
#2681 = VECTOR('',#2682,1.);
#2682 = DIRECTION('',(2.22044604925E-16,1.,0.));
#2683 = CARTESIAN_POINT('',(-3.531,-0.406,1.321));
#2684 = CARTESIAN_POINT('',(-3.531,0.406,1.321));
#2685 = GEOMETRIC_CURVE_SET('',(#2686));
#2686 = TRIMMED_CURVE('',#2687,(#2691,PARAMETER_VALUE(0.)),(#2692,
    PARAMETER_VALUE(0.812)),.T.,.PARAMETER.);
#2687 = LINE('',#2688,#2689);
#2688 = CARTESIAN_POINT('',(-3.531,0.406,1.321));
#2689 = VECTOR('',#2690,1.);
#2690 = DIRECTION('',(-1.,2.22044604925E-16,0.));
#2691 = CARTESIAN_POINT('',(-3.531,0.406,1.321));
#2692 = CARTESIAN_POINT('',(-4.343,0.406,1.321));
#2693 = GEOMETRIC_CURVE_SET('',(#2694));
#2694 = TRIMMED_CURVE('',#2695,(#2699,PARAMETER_VALUE(0.)),(#2700,
    PARAMETER_VALUE(0.838)),.T.,.PARAMETER.);
#2695 = LINE('',#2696,#2697);
#2696 = CARTESIAN_POINT('',(-3.531,-1.867,1.067));
#2697 = VECTOR('',#2698,1.);
#2698 = DIRECTION('',(-2.22044604925E-16,-1.,0.));
#2699 = CARTESIAN_POINT('',(-3.531,-1.867,1.067));
#2700 = CARTESIAN_POINT('',(-3.531,-2.705,1.067));
#2701 = GEOMETRIC_CURVE_SET('',(#2702));
#2702 = TRIMMED_CURVE('',#2703,(#2707,PARAMETER_VALUE(0.)),(#2708,
    PARAMETER_VALUE(0.254)),.T.,.PARAMETER.);
#2703 = LINE('',#2704,#2705);
#2704 = CARTESIAN_POINT('',(-3.531,-1.867,1.321));
#2705 = VECTOR('',#2706,1.);
#2706 = DIRECTION('',(0.,-0.,-1.));
#2707 = CARTESIAN_POINT('',(-3.531,-1.867,1.321));
#2708 = CARTESIAN_POINT('',(-3.531,-1.867,1.067));
#2709 = GEOMETRIC_CURVE_SET('',(#2710));
#2710 = TRIMMED_CURVE('',#2711,(#2715,PARAMETER_VALUE(0.)),(#2716,
    PARAMETER_VALUE(0.838)),.T.,.PARAMETER.);
#2711 = LINE('',#2712,#2713);
#2712 = CARTESIAN_POINT('',(-3.531,-2.705,1.321));
#2713 = VECTOR('',#2714,1.);
#2714 = DIRECTION('',(2.22044604925E-16,1.,0.));
#2715 = CARTESIAN_POINT('',(-3.531,-2.705,1.321));
#2716 = CARTESIAN_POINT('',(-3.531,-1.867,1.321));
#2717 = GEOMETRIC_CURVE_SET('',(#2718));
#2718 = TRIMMED_CURVE('',#2719,(#2723,PARAMETER_VALUE(0.)),(#2724,
    PARAMETER_VALUE(0.254)),.T.,.PARAMETER.);
#2719 = LINE('',#2720,#2721);
#2720 = CARTESIAN_POINT('',(-3.531,-2.705,1.067));
#2721 = VECTOR('',#2722,1.);
#2722 = DIRECTION('',(0.,0.,1.));
#2723 = CARTESIAN_POINT('',(-3.531,-2.705,1.067));
#2724 = CARTESIAN_POINT('',(-3.531,-2.705,1.321));
#2725 = GEOMETRIC_CURVE_SET('',(#2726));
#2726 = TRIMMED_CURVE('',#2727,(#2731,PARAMETER_VALUE(0.)),(#2732,
    PARAMETER_VALUE(0.838)),.T.,.PARAMETER.);
#2727 = LINE('',#2728,#2729);
#2728 = CARTESIAN_POINT('',(-3.531,-2.705,1.321));
#2729 = VECTOR('',#2730,1.);
#2730 = DIRECTION('',(2.22044604925E-16,1.,0.));
#2731 = CARTESIAN_POINT('',(-3.531,-2.705,1.321));
#2732 = CARTESIAN_POINT('',(-3.531,-1.867,1.321));
#2733 = GEOMETRIC_CURVE_SET('',(#2734));
#2734 = TRIMMED_CURVE('',#2735,(#2739,PARAMETER_VALUE(0.)),(#2740,
    PARAMETER_VALUE(1.228)),.T.,.PARAMETER.);
#2735 = LINE('',#2736,#2737);
#2736 = CARTESIAN_POINT('',(-4.759,-1.867,1.321));
#2737 = VECTOR('',#2738,1.);
#2738 = DIRECTION('',(1.,-2.22044604925E-16,0.));
#2739 = CARTESIAN_POINT('',(-4.759,-1.867,1.321));
#2740 = CARTESIAN_POINT('',(-3.531,-1.867,1.321));
#2741 = GEOMETRIC_CURVE_SET('',(#2742));
#2742 = TRIMMED_CURVE('',#2743,(#2747,PARAMETER_VALUE(0.)),(#2748,
    PARAMETER_VALUE(0.838)),.T.,.PARAMETER.);
#2743 = LINE('',#2744,#2745);
#2744 = CARTESIAN_POINT('',(-4.759,-2.705,1.321));
#2745 = VECTOR('',#2746,1.);
#2746 = DIRECTION('',(2.22044604925E-16,1.,0.));
#2747 = CARTESIAN_POINT('',(-4.759,-2.705,1.321));
#2748 = CARTESIAN_POINT('',(-4.759,-1.867,1.321));
#2749 = GEOMETRIC_CURVE_SET('',(#2750));
#2750 = TRIMMED_CURVE('',#2751,(#2755,PARAMETER_VALUE(0.)),(#2756,
    PARAMETER_VALUE(1.228)),.T.,.PARAMETER.);
#2751 = LINE('',#2752,#2753);
#2752 = CARTESIAN_POINT('',(-3.531,-2.705,1.321));
#2753 = VECTOR('',#2754,1.);
#2754 = DIRECTION('',(-1.,2.22044604925E-16,0.));
#2755 = CARTESIAN_POINT('',(-3.531,-2.705,1.321));
#2756 = CARTESIAN_POINT('',(-4.759,-2.705,1.321));
#2757 = GEOMETRIC_CURVE_SET('',(#2758));
#2758 = TRIMMED_CURVE('',#2759,(#2763,PARAMETER_VALUE(0.)),(#2764,
    PARAMETER_VALUE(0.838)),.T.,.PARAMETER.);
#2759 = LINE('',#2760,#2761);
#2760 = CARTESIAN_POINT('',(-3.531,-1.867,1.067));
#2761 = VECTOR('',#2762,1.);
#2762 = DIRECTION('',(-2.22044604925E-16,-1.,0.));
#2763 = CARTESIAN_POINT('',(-3.531,-1.867,1.067));
#2764 = CARTESIAN_POINT('',(-3.531,-2.705,1.067));
#2765 = GEOMETRIC_CURVE_SET('',(#2766));
#2766 = TRIMMED_CURVE('',#2767,(#2771,PARAMETER_VALUE(0.)),(#2772,
    PARAMETER_VALUE(1.228)),.T.,.PARAMETER.);
#2767 = LINE('',#2768,#2769);
#2768 = CARTESIAN_POINT('',(-4.759,-2.705,1.067));
#2769 = VECTOR('',#2770,1.);
#2770 = DIRECTION('',(1.,-2.22044604925E-16,0.));
#2771 = CARTESIAN_POINT('',(-4.759,-2.705,1.067));
#2772 = CARTESIAN_POINT('',(-3.531,-2.705,1.067));
#2773 = GEOMETRIC_CURVE_SET('',(#2774));
#2774 = TRIMMED_CURVE('',#2775,(#2779,PARAMETER_VALUE(0.)),(#2780,
    PARAMETER_VALUE(0.838)),.T.,.PARAMETER.);
#2775 = LINE('',#2776,#2777);
#2776 = CARTESIAN_POINT('',(-4.759,-1.867,1.067));
#2777 = VECTOR('',#2778,1.);
#2778 = DIRECTION('',(-2.22044604925E-16,-1.,0.));
#2779 = CARTESIAN_POINT('',(-4.759,-1.867,1.067));
#2780 = CARTESIAN_POINT('',(-4.759,-2.705,1.067));
#2781 = GEOMETRIC_CURVE_SET('',(#2782));
#2782 = TRIMMED_CURVE('',#2783,(#2787,PARAMETER_VALUE(0.)),(#2788,
    PARAMETER_VALUE(1.228)),.T.,.PARAMETER.);
#2783 = LINE('',#2784,#2785);
#2784 = CARTESIAN_POINT('',(-3.531,-1.867,1.067));
#2785 = VECTOR('',#2786,1.);
#2786 = DIRECTION('',(-1.,2.22044604925E-16,0.));
#2787 = CARTESIAN_POINT('',(-3.531,-1.867,1.067));
#2788 = CARTESIAN_POINT('',(-4.759,-1.867,1.067));
#2789 = GEOMETRIC_CURVE_SET('',(#2790));
#2790 = TRIMMED_CURVE('',#2791,(#2795,PARAMETER_VALUE(0.)),(#2796,
    PARAMETER_VALUE(0.838)),.T.,.PARAMETER.);
#2791 = LINE('',#2792,#2793);
#2792 = CARTESIAN_POINT('',(-5.384,-2.705,0.442));
#2793 = VECTOR('',#2794,1.);
#2794 = DIRECTION('',(2.22044604925E-16,1.,0.));
#2795 = CARTESIAN_POINT('',(-5.384000000017,-2.705,0.442000000005));
#2796 = CARTESIAN_POINT('',(-5.384000000017,-1.867,0.442000000005));
#2797 = GEOMETRIC_CURVE_SET('',(#2798));
#2798 = TRIMMED_CURVE('',#2799,(#2803,PARAMETER_VALUE(-0.642222901095)),
  (#2804,PARAMETER_VALUE(-0.122646467255)),.T.,.PARAMETER.);
#2799 = LINE('',#2800,#2801);
#2800 = CARTESIAN_POINT('',(-5.415761671484,-2.705,0.323537549601));
#2801 = VECTOR('',#2802,1.);
#2802 = DIRECTION('',(-0.258969313954,5.75027390047E-17,-0.965885549343)
  );
#2803 = CARTESIAN_POINT('',(-5.24999999983,-2.705,0.943999999954));
#2804 = CARTESIAN_POINT('',(-5.384000000017,-2.705,0.442000000005));
#2805 = GEOMETRIC_CURVE_SET('',(#2806));
#2806 = TRIMMED_CURVE('',#2807,(#2811,PARAMETER_VALUE(0.)),(#2812,
    PARAMETER_VALUE(0.838)),.T.,.PARAMETER.);
#2807 = LINE('',#2808,#2809);
#2808 = CARTESIAN_POINT('',(-5.25,-1.867,0.944));
#2809 = VECTOR('',#2810,1.);
#2810 = DIRECTION('',(-2.22044604925E-16,-1.,0.));
#2811 = CARTESIAN_POINT('',(-5.24999999983,-1.867,0.943999999954));
#2812 = CARTESIAN_POINT('',(-5.24999999983,-2.705,0.943999999954));
#2813 = GEOMETRIC_CURVE_SET('',(#2814));
#2814 = TRIMMED_CURVE('',#2815,(#2819,PARAMETER_VALUE(9.21520245752E-15)
    ),(#2820,PARAMETER_VALUE(0.51957643384)),.T.,.PARAMETER.);
#2815 = LINE('',#2816,#2817);
#2816 = CARTESIAN_POINT('',(-5.384,-1.867,0.442));
#2817 = VECTOR('',#2818,1.);
#2818 = DIRECTION('',(0.258969313954,-5.75027390047E-17,0.965885549343)
  );
#2819 = CARTESIAN_POINT('',(-5.384000000017,-1.867,0.442000000005));
#2820 = CARTESIAN_POINT('',(-5.24999999983,-1.867,0.943999999954));
#2821 = GEOMETRIC_CURVE_SET('',(#2822));
#2822 = TRIMMED_CURVE('',#2823,(#2827,PARAMETER_VALUE(0.)),(#2828,
    PARAMETER_VALUE(0.838)),.T.,.PARAMETER.);
#2823 = LINE('',#2824,#2825);
#2824 = CARTESIAN_POINT('',(-5.139,-1.867,0.377));
#2825 = VECTOR('',#2826,1.);
#2826 = DIRECTION('',(-2.22044604925E-16,-1.,0.));
#2827 = CARTESIAN_POINT('',(-5.139000000195,-1.867,0.377000000052));
#2828 = CARTESIAN_POINT('',(-5.139000000195,-2.705,0.377000000052));
#2829 = GEOMETRIC_CURVE_SET('',(#2830));
#2830 = TRIMMED_CURVE('',#2831,(#2835,PARAMETER_VALUE(2.160643978857E-02
      )),(#2836,PARAMETER_VALUE(0.541441842943)),.T.,.PARAMETER.);
#2831 = LINE('',#2832,#2833);
#2832 = CARTESIAN_POINT('',(-4.998783177387,-1.867,0.899970851908));
#2833 = VECTOR('',#2834,1.);
#2834 = DIRECTION('',(-0.258969313954,5.75027390047E-17,-0.965885549343)
  );
#2835 = CARTESIAN_POINT('',(-5.004000000002,-1.867,0.879000000001));
#2836 = CARTESIAN_POINT('',(-5.139000000195,-1.867,0.377000000052));
#2837 = GEOMETRIC_CURVE_SET('',(#2838));
#2838 = TRIMMED_CURVE('',#2839,(#2843,PARAMETER_VALUE(0.)),(#2844,
    PARAMETER_VALUE(0.838)),.T.,.PARAMETER.);
#2839 = LINE('',#2840,#2841);
#2840 = CARTESIAN_POINT('',(-5.004,-2.705,0.879));
#2841 = VECTOR('',#2842,1.);
#2842 = DIRECTION('',(2.22044604925E-16,1.,0.));
#2843 = CARTESIAN_POINT('',(-5.004000000002,-2.705,0.879000000001));
#2844 = CARTESIAN_POINT('',(-5.004000000002,-1.867,0.879000000001));
#2845 = GEOMETRIC_CURVE_SET('',(#2846));
#2846 = TRIMMED_CURVE('',#2847,(#2851,PARAMETER_VALUE(
      -6.788602412806E-13)),(#2852,PARAMETER_VALUE(0.519835403154)),.T.,
  .PARAMETER.);
#2847 = LINE('',#2848,#2849);
#2848 = CARTESIAN_POINT('',(-5.139,-2.705,0.377));
#2849 = VECTOR('',#2850,1.);
#2850 = DIRECTION('',(0.258969313954,-5.75027390047E-17,0.965885549343)
  );
#2851 = CARTESIAN_POINT('',(-5.139000000195,-2.705,0.377000000052));
#2852 = CARTESIAN_POINT('',(-5.004000000002,-2.705,0.879000000001));
#2853 = GEOMETRIC_CURVE_SET('',(#2854));
#2854 = TRIMMED_CURVE('',#2855,(#2859,PARAMETER_VALUE(0.)),(#2860,
    PARAMETER_VALUE(0.838)),.T.,.PARAMETER.);
#2855 = LINE('',#2856,#2857);
#2856 = CARTESIAN_POINT('',(-6.858,-2.705,0.254));
#2857 = VECTOR('',#2858,1.);
#2858 = DIRECTION('',(2.22044604925E-16,1.,0.));
#2859 = CARTESIAN_POINT('',(-6.858,-2.705,0.254));
#2860 = CARTESIAN_POINT('',(-6.858,-1.867,0.254));
#2861 = GEOMETRIC_CURVE_SET('',(#2862));
#2862 = TRIMMED_CURVE('',#2863,(#2867,PARAMETER_VALUE(0.)),(#2868,
    PARAMETER_VALUE(1.228)),.T.,.PARAMETER.);
#2863 = LINE('',#2864,#2865);
#2864 = CARTESIAN_POINT('',(-5.63,-2.705,0.254));
#2865 = VECTOR('',#2866,1.);
#2866 = DIRECTION('',(-1.,2.22044604925E-16,0.));
#2867 = CARTESIAN_POINT('',(-5.63,-2.705,0.254));
#2868 = CARTESIAN_POINT('',(-6.858,-2.705,0.254));
#2869 = GEOMETRIC_CURVE_SET('',(#2870));
#2870 = TRIMMED_CURVE('',#2871,(#2875,PARAMETER_VALUE(0.)),(#2876,
    PARAMETER_VALUE(0.838)),.T.,.PARAMETER.);
#2871 = LINE('',#2872,#2873);
#2872 = CARTESIAN_POINT('',(-5.63,-1.867,0.254));
#2873 = VECTOR('',#2874,1.);
#2874 = DIRECTION('',(-2.22044604925E-16,-1.,0.));
#2875 = CARTESIAN_POINT('',(-5.63,-1.867,0.254));
#2876 = CARTESIAN_POINT('',(-5.63,-2.705,0.254));
#2877 = GEOMETRIC_CURVE_SET('',(#2878));
#2878 = TRIMMED_CURVE('',#2879,(#2883,PARAMETER_VALUE(0.)),(#2884,
    PARAMETER_VALUE(1.228)),.T.,.PARAMETER.);
#2879 = LINE('',#2880,#2881);
#2880 = CARTESIAN_POINT('',(-6.858,-1.867,0.254));
#2881 = VECTOR('',#2882,1.);
#2882 = DIRECTION('',(1.,-2.22044604925E-16,0.));
#2883 = CARTESIAN_POINT('',(-6.858,-1.867,0.254));
#2884 = CARTESIAN_POINT('',(-5.63,-1.867,0.254));
#2885 = GEOMETRIC_CURVE_SET('',(#2886));
#2886 = TRIMMED_CURVE('',#2887,(#2891,PARAMETER_VALUE(0.)),(#2892,
    PARAMETER_VALUE(0.838)),.T.,.PARAMETER.);
#2887 = LINE('',#2888,#2889);
#2888 = CARTESIAN_POINT('',(-5.63,-2.705,0.));
#2889 = VECTOR('',#2890,1.);
#2890 = DIRECTION('',(2.22044604925E-16,1.,0.));
#2891 = CARTESIAN_POINT('',(-5.63,-2.705,0.));
#2892 = CARTESIAN_POINT('',(-5.63,-1.867,0.));
#2893 = GEOMETRIC_CURVE_SET('',(#2894));
#2894 = TRIMMED_CURVE('',#2895,(#2899,PARAMETER_VALUE(0.)),(#2900,
    PARAMETER_VALUE(1.228)),.T.,.PARAMETER.);
#2895 = LINE('',#2896,#2897);
#2896 = CARTESIAN_POINT('',(-6.858,-2.705,0.));
#2897 = VECTOR('',#2898,1.);
#2898 = DIRECTION('',(1.,-2.22044604925E-16,0.));
#2899 = CARTESIAN_POINT('',(-6.858,-2.705,0.));
#2900 = CARTESIAN_POINT('',(-5.63,-2.705,0.));
#2901 = GEOMETRIC_CURVE_SET('',(#2902));
#2902 = TRIMMED_CURVE('',#2903,(#2907,PARAMETER_VALUE(0.)),(#2908,
    PARAMETER_VALUE(0.838)),.T.,.PARAMETER.);
#2903 = LINE('',#2904,#2905);
#2904 = CARTESIAN_POINT('',(-6.858,-1.867,0.));
#2905 = VECTOR('',#2906,1.);
#2906 = DIRECTION('',(-2.22044604925E-16,-1.,0.));
#2907 = CARTESIAN_POINT('',(-6.858,-1.867,0.));
#2908 = CARTESIAN_POINT('',(-6.858,-2.705,0.));
#2909 = GEOMETRIC_CURVE_SET('',(#2910));
#2910 = TRIMMED_CURVE('',#2911,(#2915,PARAMETER_VALUE(0.)),(#2916,
    PARAMETER_VALUE(1.228)),.T.,.PARAMETER.);
#2911 = LINE('',#2912,#2913);
#2912 = CARTESIAN_POINT('',(-5.63,-1.867,0.));
#2913 = VECTOR('',#2914,1.);
#2914 = DIRECTION('',(-1.,2.22044604925E-16,0.));
#2915 = CARTESIAN_POINT('',(-5.63,-1.867,0.));
#2916 = CARTESIAN_POINT('',(-6.858,-1.867,0.));
#2917 = GEOMETRIC_CURVE_SET('',(#2918));
#2918 = TRIMMED_CURVE('',#2919,(#2923,PARAMETER_VALUE(0.)),(#2924,
    PARAMETER_VALUE(0.838)),.T.,.PARAMETER.);
#2919 = LINE('',#2920,#2921);
#2920 = CARTESIAN_POINT('',(-6.858,-1.867,0.));
#2921 = VECTOR('',#2922,1.);
#2922 = DIRECTION('',(-2.22044604925E-16,-1.,0.));
#2923 = CARTESIAN_POINT('',(-6.858,-1.867,0.));
#2924 = CARTESIAN_POINT('',(-6.858,-2.705,0.));
#2925 = GEOMETRIC_CURVE_SET('',(#2926));
#2926 = TRIMMED_CURVE('',#2927,(#2931,PARAMETER_VALUE(0.)),(#2932,
    PARAMETER_VALUE(0.254)),.T.,.PARAMETER.);
#2927 = LINE('',#2928,#2929);
#2928 = CARTESIAN_POINT('',(-6.858,-2.705,0.254));
#2929 = VECTOR('',#2930,1.);
#2930 = DIRECTION('',(0.,-0.,-1.));
#2931 = CARTESIAN_POINT('',(-6.858,-2.705,0.254));
#2932 = CARTESIAN_POINT('',(-6.858,-2.705,0.));
#2933 = GEOMETRIC_CURVE_SET('',(#2934));
#2934 = TRIMMED_CURVE('',#2935,(#2939,PARAMETER_VALUE(0.)),(#2940,
    PARAMETER_VALUE(0.838)),.T.,.PARAMETER.);
#2935 = LINE('',#2936,#2937);
#2936 = CARTESIAN_POINT('',(-6.858,-2.705,0.254));
#2937 = VECTOR('',#2938,1.);
#2938 = DIRECTION('',(2.22044604925E-16,1.,0.));
#2939 = CARTESIAN_POINT('',(-6.858,-2.705,0.254));
#2940 = CARTESIAN_POINT('',(-6.858,-1.867,0.254));
#2941 = GEOMETRIC_CURVE_SET('',(#2942));
#2942 = TRIMMED_CURVE('',#2943,(#2947,PARAMETER_VALUE(0.)),(#2948,
    PARAMETER_VALUE(0.254)),.T.,.PARAMETER.);
#2943 = LINE('',#2944,#2945);
#2944 = CARTESIAN_POINT('',(-6.858,-1.867,0.));
#2945 = VECTOR('',#2946,1.);
#2946 = DIRECTION('',(0.,0.,1.));
#2947 = CARTESIAN_POINT('',(-6.858,-1.867,0.));
#2948 = CARTESIAN_POINT('',(-6.858,-1.867,0.254));
#2949 = GEOMETRIC_CURVE_SET('',(#2950));
#2950 = TRIMMED_CURVE('',#2951,(#2955,PARAMETER_VALUE(0.)),(#2956,
    PARAMETER_VALUE(0.838)),.T.,.PARAMETER.);
#2951 = LINE('',#2952,#2953);
#2952 = CARTESIAN_POINT('',(-4.759,-2.705,1.321));
#2953 = VECTOR('',#2954,1.);
#2954 = DIRECTION('',(2.22044604925E-16,1.,0.));
#2955 = CARTESIAN_POINT('',(-4.759,-2.705,1.321));
#2956 = CARTESIAN_POINT('',(-4.759,-1.867,1.321));
#2957 = GEOMETRIC_CURVE_SET('',(#2958));
#2958 = TRIMMED_CURVE('',#2959,(#2964,PARAMETER_VALUE(4.057224699257)),(
    #2965,PARAMETER_VALUE(5.367291875528)),.T.,.PARAMETER.);
#2959 = CIRCLE('',#2960,0.508);
#2960 = AXIS2_PLACEMENT_3D('',#2961,#2962,#2963);
#2961 = CARTESIAN_POINT('',(-4.759,-1.867,0.813));
#2962 = DIRECTION('',(2.22044604925E-16,1.,-3.534288332893E-33));
#2963 = DIRECTION('',(0.793107076684,-1.761051475054E-16,0.609082231652)
  );
#2964 = CARTESIAN_POINT('',(-5.24999999983,-1.867,0.943999999954));
#2965 = CARTESIAN_POINT('',(-4.759,-1.867,1.321));
#2966 = GEOMETRIC_CURVE_SET('',(#2967));
#2967 = TRIMMED_CURVE('',#2968,(#2972,PARAMETER_VALUE(0.)),(#2973,
    PARAMETER_VALUE(0.838)),.T.,.PARAMETER.);
#2968 = LINE('',#2969,#2970);
#2969 = CARTESIAN_POINT('',(-5.25,-1.867,0.944));
#2970 = VECTOR('',#2971,1.);
#2971 = DIRECTION('',(-2.22044604925E-16,-1.,0.));
#2972 = CARTESIAN_POINT('',(-5.24999999983,-1.867,0.943999999954));
#2973 = CARTESIAN_POINT('',(-5.24999999983,-2.705,0.943999999954));
#2974 = GEOMETRIC_CURVE_SET('',(#2975));
#2975 = TRIMMED_CURVE('',#2976,(#2981,PARAMETER_VALUE(4.057486085241)),(
    #2982,PARAMETER_VALUE(5.367553261512)),.T.,.PARAMETER.);
#2976 = CIRCLE('',#2977,0.508);
#2977 = AXIS2_PLACEMENT_3D('',#2978,#2979,#2980);
#2978 = CARTESIAN_POINT('',(-4.759,-2.705,0.813));
#2979 = DIRECTION('',(-2.22044604925E-16,-1.,3.534288332893E-33));
#2980 = DIRECTION('',(-0.793107076684,1.761051475054E-16,-0.609082231652
    ));
#2981 = CARTESIAN_POINT('',(-4.759,-2.705,1.321));
#2982 = CARTESIAN_POINT('',(-5.24999999983,-2.705,0.943999999954));
#2983 = GEOMETRIC_CURVE_SET('',(#2984));
#2984 = TRIMMED_CURVE('',#2985,(#2990,PARAMETER_VALUE(4.057486085241)),(
    #2991,PARAMETER_VALUE(5.365141310333)),.T.,.PARAMETER.);
#2985 = CIRCLE('',#2986,0.254);
#2986 = AXIS2_PLACEMENT_3D('',#2987,#2988,#2989);
#2987 = CARTESIAN_POINT('',(-4.759,-1.867,0.813));
#2988 = DIRECTION('',(-2.22044604925E-16,-1.,3.534288332893E-33));
#2989 = DIRECTION('',(-0.793107076684,1.761051475054E-16,-0.609082231652
    ));
#2990 = CARTESIAN_POINT('',(-4.759,-1.867,1.067));
#2991 = CARTESIAN_POINT('',(-5.004000000002,-1.867,0.879000000001));
#2992 = GEOMETRIC_CURVE_SET('',(#2993));
#2993 = TRIMMED_CURVE('',#2994,(#2998,PARAMETER_VALUE(0.)),(#2999,
    PARAMETER_VALUE(0.838)),.T.,.PARAMETER.);
#2994 = LINE('',#2995,#2996);
#2995 = CARTESIAN_POINT('',(-5.004,-2.705,0.879));
#2996 = VECTOR('',#2997,1.);
#2997 = DIRECTION('',(2.22044604925E-16,1.,0.));
#2998 = CARTESIAN_POINT('',(-5.004000000002,-2.705,0.879000000001));
#2999 = CARTESIAN_POINT('',(-5.004000000002,-1.867,0.879000000001));
#3000 = GEOMETRIC_CURVE_SET('',(#3001));
#3001 = TRIMMED_CURVE('',#3002,(#3007,PARAMETER_VALUE(4.059636650437)),(
    #3008,PARAMETER_VALUE(5.367291875528)),.T.,.PARAMETER.);
#3002 = CIRCLE('',#3003,0.254);
#3003 = AXIS2_PLACEMENT_3D('',#3004,#3005,#3006);
#3004 = CARTESIAN_POINT('',(-4.759,-2.705,0.813));
#3005 = DIRECTION('',(2.22044604925E-16,1.,-3.534288332893E-33));
#3006 = DIRECTION('',(0.793107076684,-1.761051475054E-16,0.609082231652)
  );
#3007 = CARTESIAN_POINT('',(-5.004000000002,-2.705,0.879000000001));
#3008 = CARTESIAN_POINT('',(-4.759,-2.705,1.067));
#3009 = GEOMETRIC_CURVE_SET('',(#3010));
#3010 = TRIMMED_CURVE('',#3011,(#3015,PARAMETER_VALUE(0.)),(#3016,
    PARAMETER_VALUE(0.838)),.T.,.PARAMETER.);
#3011 = LINE('',#3012,#3013);
#3012 = CARTESIAN_POINT('',(-4.759,-1.867,1.067));
#3013 = VECTOR('',#3014,1.);
#3014 = DIRECTION('',(-2.22044604925E-16,-1.,0.));
#3015 = CARTESIAN_POINT('',(-4.759,-1.867,1.067));
#3016 = CARTESIAN_POINT('',(-4.759,-2.705,1.067));
#3017 = GEOMETRIC_CURVE_SET('',(#3018));
#3018 = TRIMMED_CURVE('',#3019,(#3024,PARAMETER_VALUE(4.057486085241)),(
    #3025,PARAMETER_VALUE(5.366162570771)),.T.,.PARAMETER.);
#3019 = CIRCLE('',#3020,0.254);
#3020 = AXIS2_PLACEMENT_3D('',#3021,#3022,#3023);
#3021 = CARTESIAN_POINT('',(-5.63,-1.867,0.508));
#3022 = DIRECTION('',(-2.22044604925E-16,-1.,3.534288332893E-33));
#3023 = DIRECTION('',(0.793107076684,-1.761051475054E-16,0.609082231652)
  );
#3024 = CARTESIAN_POINT('',(-5.63,-1.867,0.254));
#3025 = CARTESIAN_POINT('',(-5.384000000017,-1.867,0.442000000005));
#3026 = GEOMETRIC_CURVE_SET('',(#3027));
#3027 = TRIMMED_CURVE('',#3028,(#3032,PARAMETER_VALUE(0.)),(#3033,
    PARAMETER_VALUE(0.838)),.T.,.PARAMETER.);
#3028 = LINE('',#3029,#3030);
#3029 = CARTESIAN_POINT('',(-5.384,-2.705,0.442));
#3030 = VECTOR('',#3031,1.);
#3031 = DIRECTION('',(2.22044604925E-16,1.,0.));
#3032 = CARTESIAN_POINT('',(-5.384000000017,-2.705,0.442000000005));
#3033 = CARTESIAN_POINT('',(-5.384000000017,-1.867,0.442000000005));
#3034 = GEOMETRIC_CURVE_SET('',(#3035));
#3035 = TRIMMED_CURVE('',#3036,(#3041,PARAMETER_VALUE(4.058615389999)),(
    #3042,PARAMETER_VALUE(5.367291875528)),.T.,.PARAMETER.);
#3036 = CIRCLE('',#3037,0.254);
#3037 = AXIS2_PLACEMENT_3D('',#3038,#3039,#3040);
#3038 = CARTESIAN_POINT('',(-5.63,-2.705,0.508));
#3039 = DIRECTION('',(2.22044604925E-16,1.,-3.534288332893E-33));
#3040 = DIRECTION('',(-0.793107076684,1.761051475054E-16,-0.609082231652
    ));
#3041 = CARTESIAN_POINT('',(-5.384000000017,-2.705,0.442000000005));
#3042 = CARTESIAN_POINT('',(-5.63,-2.705,0.254));
#3043 = GEOMETRIC_CURVE_SET('',(#3044));
#3044 = TRIMMED_CURVE('',#3045,(#3049,PARAMETER_VALUE(0.)),(#3050,
    PARAMETER_VALUE(0.838)),.T.,.PARAMETER.);
#3045 = LINE('',#3046,#3047);
#3046 = CARTESIAN_POINT('',(-5.63,-1.867,0.254));
#3047 = VECTOR('',#3048,1.);
#3048 = DIRECTION('',(-2.22044604925E-16,-1.,0.));
#3049 = CARTESIAN_POINT('',(-5.63,-1.867,0.254));
#3050 = CARTESIAN_POINT('',(-5.63,-2.705,0.254));
#3051 = GEOMETRIC_CURVE_SET('',(#3052));
#3052 = TRIMMED_CURVE('',#3053,(#3057,PARAMETER_VALUE(0.)),(#3058,
    PARAMETER_VALUE(0.838)),.T.,.PARAMETER.);
#3053 = LINE('',#3054,#3055);
#3054 = CARTESIAN_POINT('',(-5.63,-2.705,0.));
#3055 = VECTOR('',#3056,1.);
#3056 = DIRECTION('',(2.22044604925E-16,1.,0.));
#3057 = CARTESIAN_POINT('',(-5.63,-2.705,0.));
#3058 = CARTESIAN_POINT('',(-5.63,-1.867,0.));
#3059 = GEOMETRIC_CURVE_SET('',(#3060));
#3060 = TRIMMED_CURVE('',#3061,(#3066,PARAMETER_VALUE(4.057224699259)),(
    #3067,PARAMETER_VALUE(5.367291875528)),.T.,.PARAMETER.);
#3061 = CIRCLE('',#3062,0.508);
#3062 = AXIS2_PLACEMENT_3D('',#3063,#3064,#3065);
#3063 = CARTESIAN_POINT('',(-5.63,-1.867,0.508));
#3064 = DIRECTION('',(2.22044604925E-16,1.,-3.534288332893E-33));
#3065 = DIRECTION('',(-0.793107076684,1.761051475054E-16,-0.609082231652
    ));
#3066 = CARTESIAN_POINT('',(-5.139000000195,-1.867,0.377000000052));
#3067 = CARTESIAN_POINT('',(-5.63,-1.867,0.));
#3068 = GEOMETRIC_CURVE_SET('',(#3069));
#3069 = TRIMMED_CURVE('',#3070,(#3074,PARAMETER_VALUE(0.)),(#3075,
    PARAMETER_VALUE(0.838)),.T.,.PARAMETER.);
#3070 = LINE('',#3071,#3072);
#3071 = CARTESIAN_POINT('',(-5.139,-1.867,0.377));
#3072 = VECTOR('',#3073,1.);
#3073 = DIRECTION('',(-2.22044604925E-16,-1.,0.));
#3074 = CARTESIAN_POINT('',(-5.139000000195,-1.867,0.377000000052));
#3075 = CARTESIAN_POINT('',(-5.139000000195,-2.705,0.377000000052));
#3076 = GEOMETRIC_CURVE_SET('',(#3077));
#3077 = TRIMMED_CURVE('',#3078,(#3083,PARAMETER_VALUE(4.057486085241)),(
    #3084,PARAMETER_VALUE(5.367553261511)),.T.,.PARAMETER.);
#3078 = CIRCLE('',#3079,0.508);
#3079 = AXIS2_PLACEMENT_3D('',#3080,#3081,#3082);
#3080 = CARTESIAN_POINT('',(-5.63,-2.705,0.508));
#3081 = DIRECTION('',(-2.22044604925E-16,-1.,3.534288332893E-33));
#3082 = DIRECTION('',(0.793107076684,-1.761051475054E-16,0.609082231652)
  );
#3083 = CARTESIAN_POINT('',(-5.63,-2.705,0.));
#3084 = CARTESIAN_POINT('',(-5.139000000195,-2.705,0.377000000052));
#3085 = GEOMETRIC_CURVE_SET('',(#3086));
#3086 = TRIMMED_CURVE('',#3087,(#3091,PARAMETER_VALUE(0.)),(#3092,
    PARAMETER_VALUE(1.228)),.T.,.PARAMETER.);
#3087 = LINE('',#3088,#3089);
#3088 = CARTESIAN_POINT('',(-4.759,-1.867,1.321));
#3089 = VECTOR('',#3090,1.);
#3090 = DIRECTION('',(1.,-2.22044604925E-16,0.));
#3091 = CARTESIAN_POINT('',(-4.759,-1.867,1.321));
#3092 = CARTESIAN_POINT('',(-3.531,-1.867,1.321));
#3093 = GEOMETRIC_CURVE_SET('',(#3094));
#3094 = TRIMMED_CURVE('',#3095,(#3099,PARAMETER_VALUE(0.)),(#3100,
    PARAMETER_VALUE(0.254)),.T.,.PARAMETER.);
#3095 = LINE('',#3096,#3097);
#3096 = CARTESIAN_POINT('',(-3.531,-1.867,1.321));
#3097 = VECTOR('',#3098,1.);
#3098 = DIRECTION('',(0.,-0.,-1.));
#3099 = CARTESIAN_POINT('',(-3.531,-1.867,1.321));
#3100 = CARTESIAN_POINT('',(-3.531,-1.867,1.067));
#3101 = GEOMETRIC_CURVE_SET('',(#3102));
#3102 = TRIMMED_CURVE('',#3103,(#3107,PARAMETER_VALUE(0.)),(#3108,
    PARAMETER_VALUE(1.228)),.T.,.PARAMETER.);
#3103 = LINE('',#3104,#3105);
#3104 = CARTESIAN_POINT('',(-3.531,-1.867,1.067));
#3105 = VECTOR('',#3106,1.);
#3106 = DIRECTION('',(-1.,2.22044604925E-16,0.));
#3107 = CARTESIAN_POINT('',(-3.531,-1.867,1.067));
#3108 = CARTESIAN_POINT('',(-4.759,-1.867,1.067));
#3109 = GEOMETRIC_CURVE_SET('',(#3110));
#3110 = TRIMMED_CURVE('',#3111,(#3116,PARAMETER_VALUE(4.057486085241)),(
    #3117,PARAMETER_VALUE(5.365141310333)),.T.,.PARAMETER.);
#3111 = CIRCLE('',#3112,0.254);
#3112 = AXIS2_PLACEMENT_3D('',#3113,#3114,#3115);
#3113 = CARTESIAN_POINT('',(-4.759,-1.867,0.813));
#3114 = DIRECTION('',(-2.22044604925E-16,-1.,3.534288332893E-33));
#3115 = DIRECTION('',(-0.793107076684,1.761051475054E-16,-0.609082231652
    ));
#3116 = CARTESIAN_POINT('',(-4.759,-1.867,1.067));
#3117 = CARTESIAN_POINT('',(-5.004000000002,-1.867,0.879000000001));
#3118 = GEOMETRIC_CURVE_SET('',(#3119));
#3119 = TRIMMED_CURVE('',#3120,(#3124,PARAMETER_VALUE(2.160643978857E-02
      )),(#3125,PARAMETER_VALUE(0.541441842943)),.T.,.PARAMETER.);
#3120 = LINE('',#3121,#3122);
#3121 = CARTESIAN_POINT('',(-4.998783177387,-1.867,0.899970851908));
#3122 = VECTOR('',#3123,1.);
#3123 = DIRECTION('',(-0.258969313954,5.75027390047E-17,-0.965885549343)
  );
#3124 = CARTESIAN_POINT('',(-5.004000000002,-1.867,0.879000000001));
#3125 = CARTESIAN_POINT('',(-5.139000000195,-1.867,0.377000000052));
#3126 = GEOMETRIC_CURVE_SET('',(#3127));
#3127 = TRIMMED_CURVE('',#3128,(#3133,PARAMETER_VALUE(4.057224699259)),(
    #3134,PARAMETER_VALUE(5.367291875528)),.T.,.PARAMETER.);
#3128 = CIRCLE('',#3129,0.508);
#3129 = AXIS2_PLACEMENT_3D('',#3130,#3131,#3132);
#3130 = CARTESIAN_POINT('',(-5.63,-1.867,0.508));
#3131 = DIRECTION('',(2.22044604925E-16,1.,-3.534288332893E-33));
#3132 = DIRECTION('',(-0.793107076684,1.761051475054E-16,-0.609082231652
    ));
#3133 = CARTESIAN_POINT('',(-5.139000000195,-1.867,0.377000000052));
#3134 = CARTESIAN_POINT('',(-5.63,-1.867,0.));
#3135 = GEOMETRIC_CURVE_SET('',(#3136));
#3136 = TRIMMED_CURVE('',#3137,(#3141,PARAMETER_VALUE(0.)),(#3142,
    PARAMETER_VALUE(1.228)),.T.,.PARAMETER.);
#3137 = LINE('',#3138,#3139);
#3138 = CARTESIAN_POINT('',(-5.63,-1.867,0.));
#3139 = VECTOR('',#3140,1.);
#3140 = DIRECTION('',(-1.,2.22044604925E-16,0.));
#3141 = CARTESIAN_POINT('',(-5.63,-1.867,0.));
#3142 = CARTESIAN_POINT('',(-6.858,-1.867,0.));
#3143 = GEOMETRIC_CURVE_SET('',(#3144));
#3144 = TRIMMED_CURVE('',#3145,(#3149,PARAMETER_VALUE(0.)),(#3150,
    PARAMETER_VALUE(0.254)),.T.,.PARAMETER.);
#3145 = LINE('',#3146,#3147);
#3146 = CARTESIAN_POINT('',(-6.858,-1.867,0.));
#3147 = VECTOR('',#3148,1.);
#3148 = DIRECTION('',(0.,0.,1.));
#3149 = CARTESIAN_POINT('',(-6.858,-1.867,0.));
#3150 = CARTESIAN_POINT('',(-6.858,-1.867,0.254));
#3151 = GEOMETRIC_CURVE_SET('',(#3152));
#3152 = TRIMMED_CURVE('',#3153,(#3157,PARAMETER_VALUE(0.)),(#3158,
    PARAMETER_VALUE(1.228)),.T.,.PARAMETER.);
#3153 = LINE('',#3154,#3155);
#3154 = CARTESIAN_POINT('',(-6.858,-1.867,0.254));
#3155 = VECTOR('',#3156,1.);
#3156 = DIRECTION('',(1.,-2.22044604925E-16,0.));
#3157 = CARTESIAN_POINT('',(-6.858,-1.867,0.254));
#3158 = CARTESIAN_POINT('',(-5.63,-1.867,0.254));
#3159 = GEOMETRIC_CURVE_SET('',(#3160));
#3160 = TRIMMED_CURVE('',#3161,(#3166,PARAMETER_VALUE(4.057486085241)),(
    #3167,PARAMETER_VALUE(5.366162570771)),.T.,.PARAMETER.);
#3161 = CIRCLE('',#3162,0.254);
#3162 = AXIS2_PLACEMENT_3D('',#3163,#3164,#3165);
#3163 = CARTESIAN_POINT('',(-5.63,-1.867,0.508));
#3164 = DIRECTION('',(-2.22044604925E-16,-1.,3.534288332893E-33));
#3165 = DIRECTION('',(0.793107076684,-1.761051475054E-16,0.609082231652)
  );
#3166 = CARTESIAN_POINT('',(-5.63,-1.867,0.254));
#3167 = CARTESIAN_POINT('',(-5.384000000017,-1.867,0.442000000005));
#3168 = GEOMETRIC_CURVE_SET('',(#3169));
#3169 = TRIMMED_CURVE('',#3170,(#3174,PARAMETER_VALUE(9.21520245752E-15)
    ),(#3175,PARAMETER_VALUE(0.51957643384)),.T.,.PARAMETER.);
#3170 = LINE('',#3171,#3172);
#3171 = CARTESIAN_POINT('',(-5.384,-1.867,0.442));
#3172 = VECTOR('',#3173,1.);
#3173 = DIRECTION('',(0.258969313954,-5.75027390047E-17,0.965885549343)
  );
#3174 = CARTESIAN_POINT('',(-5.384000000017,-1.867,0.442000000005));
#3175 = CARTESIAN_POINT('',(-5.24999999983,-1.867,0.943999999954));
#3176 = GEOMETRIC_CURVE_SET('',(#3177));
#3177 = TRIMMED_CURVE('',#3178,(#3183,PARAMETER_VALUE(4.057224699257)),(
    #3184,PARAMETER_VALUE(5.367291875528)),.T.,.PARAMETER.);
#3178 = CIRCLE('',#3179,0.508);
#3179 = AXIS2_PLACEMENT_3D('',#3180,#3181,#3182);
#3180 = CARTESIAN_POINT('',(-4.759,-1.867,0.813));
#3181 = DIRECTION('',(2.22044604925E-16,1.,-3.534288332893E-33));
#3182 = DIRECTION('',(0.793107076684,-1.761051475054E-16,0.609082231652)
  );
#3183 = CARTESIAN_POINT('',(-5.24999999983,-1.867,0.943999999954));
#3184 = CARTESIAN_POINT('',(-4.759,-1.867,1.321));
#3185 = GEOMETRIC_CURVE_SET('',(#3186));
#3186 = TRIMMED_CURVE('',#3187,(#3191,PARAMETER_VALUE(0.)),(#3192,
    PARAMETER_VALUE(1.228)),.T.,.PARAMETER.);
#3187 = LINE('',#3188,#3189);
#3188 = CARTESIAN_POINT('',(-4.759,-2.705,1.067));
#3189 = VECTOR('',#3190,1.);
#3190 = DIRECTION('',(1.,-2.22044604925E-16,0.));
#3191 = CARTESIAN_POINT('',(-4.759,-2.705,1.067));
#3192 = CARTESIAN_POINT('',(-3.531,-2.705,1.067));
#3193 = GEOMETRIC_CURVE_SET('',(#3194));
#3194 = TRIMMED_CURVE('',#3195,(#3199,PARAMETER_VALUE(0.)),(#3200,
    PARAMETER_VALUE(0.254)),.T.,.PARAMETER.);
#3195 = LINE('',#3196,#3197);
#3196 = CARTESIAN_POINT('',(-3.531,-2.705,1.067));
#3197 = VECTOR('',#3198,1.);
#3198 = DIRECTION('',(0.,0.,1.));
#3199 = CARTESIAN_POINT('',(-3.531,-2.705,1.067));
#3200 = CARTESIAN_POINT('',(-3.531,-2.705,1.321));
#3201 = GEOMETRIC_CURVE_SET('',(#3202));
#3202 = TRIMMED_CURVE('',#3203,(#3207,PARAMETER_VALUE(0.)),(#3208,
    PARAMETER_VALUE(1.228)),.T.,.PARAMETER.);
#3203 = LINE('',#3204,#3205);
#3204 = CARTESIAN_POINT('',(-3.531,-2.705,1.321));
#3205 = VECTOR('',#3206,1.);
#3206 = DIRECTION('',(-1.,2.22044604925E-16,0.));
#3207 = CARTESIAN_POINT('',(-3.531,-2.705,1.321));
#3208 = CARTESIAN_POINT('',(-4.759,-2.705,1.321));
#3209 = GEOMETRIC_CURVE_SET('',(#3210));
#3210 = TRIMMED_CURVE('',#3211,(#3216,PARAMETER_VALUE(4.057486085241)),(
    #3217,PARAMETER_VALUE(5.367553261512)),.T.,.PARAMETER.);
#3211 = CIRCLE('',#3212,0.508);
#3212 = AXIS2_PLACEMENT_3D('',#3213,#3214,#3215);
#3213 = CARTESIAN_POINT('',(-4.759,-2.705,0.813));
#3214 = DIRECTION('',(-2.22044604925E-16,-1.,3.534288332893E-33));
#3215 = DIRECTION('',(-0.793107076684,1.761051475054E-16,-0.609082231652
    ));
#3216 = CARTESIAN_POINT('',(-4.759,-2.705,1.321));
#3217 = CARTESIAN_POINT('',(-5.24999999983,-2.705,0.943999999954));
#3218 = GEOMETRIC_CURVE_SET('',(#3219));
#3219 = TRIMMED_CURVE('',#3220,(#3224,PARAMETER_VALUE(-0.642222901095)),
  (#3225,PARAMETER_VALUE(-0.122646467255)),.T.,.PARAMETER.);
#3220 = LINE('',#3221,#3222);
#3221 = CARTESIAN_POINT('',(-5.415761671484,-2.705,0.323537549601));
#3222 = VECTOR('',#3223,1.);
#3223 = DIRECTION('',(-0.258969313954,5.75027390047E-17,-0.965885549343)
  );
#3224 = CARTESIAN_POINT('',(-5.24999999983,-2.705,0.943999999954));
#3225 = CARTESIAN_POINT('',(-5.384000000017,-2.705,0.442000000005));
#3226 = GEOMETRIC_CURVE_SET('',(#3227));
#3227 = TRIMMED_CURVE('',#3228,(#3233,PARAMETER_VALUE(4.058615389999)),(
    #3234,PARAMETER_VALUE(5.367291875528)),.T.,.PARAMETER.);
#3228 = CIRCLE('',#3229,0.254);
#3229 = AXIS2_PLACEMENT_3D('',#3230,#3231,#3232);
#3230 = CARTESIAN_POINT('',(-5.63,-2.705,0.508));
#3231 = DIRECTION('',(2.22044604925E-16,1.,-3.534288332893E-33));
#3232 = DIRECTION('',(-0.793107076684,1.761051475054E-16,-0.609082231652
    ));
#3233 = CARTESIAN_POINT('',(-5.384000000017,-2.705,0.442000000005));
#3234 = CARTESIAN_POINT('',(-5.63,-2.705,0.254));
#3235 = GEOMETRIC_CURVE_SET('',(#3236));
#3236 = TRIMMED_CURVE('',#3237,(#3241,PARAMETER_VALUE(0.)),(#3242,
    PARAMETER_VALUE(1.228)),.T.,.PARAMETER.);
#3237 = LINE('',#3238,#3239);
#3238 = CARTESIAN_POINT('',(-5.63,-2.705,0.254));
#3239 = VECTOR('',#3240,1.);
#3240 = DIRECTION('',(-1.,2.22044604925E-16,0.));
#3241 = CARTESIAN_POINT('',(-5.63,-2.705,0.254));
#3242 = CARTESIAN_POINT('',(-6.858,-2.705,0.254));
#3243 = GEOMETRIC_CURVE_SET('',(#3244));
#3244 = TRIMMED_CURVE('',#3245,(#3249,PARAMETER_VALUE(0.)),(#3250,
    PARAMETER_VALUE(0.254)),.T.,.PARAMETER.);
#3245 = LINE('',#3246,#3247);
#3246 = CARTESIAN_POINT('',(-6.858,-2.705,0.254));
#3247 = VECTOR('',#3248,1.);
#3248 = DIRECTION('',(0.,-0.,-1.));
#3249 = CARTESIAN_POINT('',(-6.858,-2.705,0.254));
#3250 = CARTESIAN_POINT('',(-6.858,-2.705,0.));
#3251 = GEOMETRIC_CURVE_SET('',(#3252));
#3252 = TRIMMED_CURVE('',#3253,(#3257,PARAMETER_VALUE(0.)),(#3258,
    PARAMETER_VALUE(1.228)),.T.,.PARAMETER.);
#3253 = LINE('',#3254,#3255);
#3254 = CARTESIAN_POINT('',(-6.858,-2.705,0.));
#3255 = VECTOR('',#3256,1.);
#3256 = DIRECTION('',(1.,-2.22044604925E-16,0.));
#3257 = CARTESIAN_POINT('',(-6.858,-2.705,0.));
#3258 = CARTESIAN_POINT('',(-5.63,-2.705,0.));
#3259 = GEOMETRIC_CURVE_SET('',(#3260));
#3260 = TRIMMED_CURVE('',#3261,(#3266,PARAMETER_VALUE(4.057486085241)),(
    #3267,PARAMETER_VALUE(5.367553261511)),.T.,.PARAMETER.);
#3261 = CIRCLE('',#3262,0.508);
#3262 = AXIS2_PLACEMENT_3D('',#3263,#3264,#3265);
#3263 = CARTESIAN_POINT('',(-5.63,-2.705,0.508));
#3264 = DIRECTION('',(-2.22044604925E-16,-1.,3.534288332893E-33));
#3265 = DIRECTION('',(0.793107076684,-1.761051475054E-16,0.609082231652)
  );
#3266 = CARTESIAN_POINT('',(-5.63,-2.705,0.));
#3267 = CARTESIAN_POINT('',(-5.139000000195,-2.705,0.377000000052));
#3268 = GEOMETRIC_CURVE_SET('',(#3269));
#3269 = TRIMMED_CURVE('',#3270,(#3274,PARAMETER_VALUE(
      -6.788602412806E-13)),(#3275,PARAMETER_VALUE(0.519835403154)),.T.,
  .PARAMETER.);
#3270 = LINE('',#3271,#3272);
#3271 = CARTESIAN_POINT('',(-5.139,-2.705,0.377));
#3272 = VECTOR('',#3273,1.);
#3273 = DIRECTION('',(0.258969313954,-5.75027390047E-17,0.965885549343)
  );
#3274 = CARTESIAN_POINT('',(-5.139000000195,-2.705,0.377000000052));
#3275 = CARTESIAN_POINT('',(-5.004000000002,-2.705,0.879000000001));
#3276 = GEOMETRIC_CURVE_SET('',(#3277));
#3277 = TRIMMED_CURVE('',#3278,(#3283,PARAMETER_VALUE(4.059636650437)),(
    #3284,PARAMETER_VALUE(5.367291875528)),.T.,.PARAMETER.);
#3278 = CIRCLE('',#3279,0.254);
#3279 = AXIS2_PLACEMENT_3D('',#3280,#3281,#3282);
#3280 = CARTESIAN_POINT('',(-4.759,-2.705,0.813));
#3281 = DIRECTION('',(2.22044604925E-16,1.,-3.534288332893E-33));
#3282 = DIRECTION('',(0.793107076684,-1.761051475054E-16,0.609082231652)
  );
#3283 = CARTESIAN_POINT('',(-5.004000000002,-2.705,0.879000000001));
#3284 = CARTESIAN_POINT('',(-4.759,-2.705,1.067));
#3285 = GEOMETRIC_CURVE_SET('',(#3286));
#3286 = TRIMMED_CURVE('',#3287,(#3291,PARAMETER_VALUE(0.)),(#3292,
    PARAMETER_VALUE(0.838)),.T.,.PARAMETER.);
#3287 = LINE('',#3288,#3289);
#3288 = CARTESIAN_POINT('',(-3.531,2.705,1.067));
#3289 = VECTOR('',#3290,1.);
#3290 = DIRECTION('',(-2.22044604925E-16,-1.,0.));
#3291 = CARTESIAN_POINT('',(-3.531,2.705,1.067));
#3292 = CARTESIAN_POINT('',(-3.531,1.867,1.067));
#3293 = GEOMETRIC_CURVE_SET('',(#3294));
#3294 = TRIMMED_CURVE('',#3295,(#3299,PARAMETER_VALUE(0.)),(#3300,
    PARAMETER_VALUE(0.254)),.T.,.PARAMETER.);
#3295 = LINE('',#3296,#3297);
#3296 = CARTESIAN_POINT('',(-3.531,2.705,1.321));
#3297 = VECTOR('',#3298,1.);
#3298 = DIRECTION('',(0.,-0.,-1.));
#3299 = CARTESIAN_POINT('',(-3.531,2.705,1.321));
#3300 = CARTESIAN_POINT('',(-3.531,2.705,1.067));
#3301 = GEOMETRIC_CURVE_SET('',(#3302));
#3302 = TRIMMED_CURVE('',#3303,(#3307,PARAMETER_VALUE(0.)),(#3308,
    PARAMETER_VALUE(0.838)),.T.,.PARAMETER.);
#3303 = LINE('',#3304,#3305);
#3304 = CARTESIAN_POINT('',(-3.531,1.867,1.321));
#3305 = VECTOR('',#3306,1.);
#3306 = DIRECTION('',(2.22044604925E-16,1.,0.));
#3307 = CARTESIAN_POINT('',(-3.531,1.867,1.321));
#3308 = CARTESIAN_POINT('',(-3.531,2.705,1.321));
#3309 = GEOMETRIC_CURVE_SET('',(#3310));
#3310 = TRIMMED_CURVE('',#3311,(#3315,PARAMETER_VALUE(0.)),(#3316,
    PARAMETER_VALUE(0.254)),.T.,.PARAMETER.);
#3311 = LINE('',#3312,#3313);
#3312 = CARTESIAN_POINT('',(-3.531,1.867,1.067));
#3313 = VECTOR('',#3314,1.);
#3314 = DIRECTION('',(0.,0.,1.));
#3315 = CARTESIAN_POINT('',(-3.531,1.867,1.067));
#3316 = CARTESIAN_POINT('',(-3.531,1.867,1.321));
#3317 = GEOMETRIC_CURVE_SET('',(#3318));
#3318 = TRIMMED_CURVE('',#3319,(#3323,PARAMETER_VALUE(0.)),(#3324,
    PARAMETER_VALUE(0.838)),.T.,.PARAMETER.);
#3319 = LINE('',#3320,#3321);
#3320 = CARTESIAN_POINT('',(-3.531,1.867,1.321));
#3321 = VECTOR('',#3322,1.);
#3322 = DIRECTION('',(2.22044604925E-16,1.,0.));
#3323 = CARTESIAN_POINT('',(-3.531,1.867,1.321));
#3324 = CARTESIAN_POINT('',(-3.531,2.705,1.321));
#3325 = GEOMETRIC_CURVE_SET('',(#3326));
#3326 = TRIMMED_CURVE('',#3327,(#3331,PARAMETER_VALUE(0.)),(#3332,
    PARAMETER_VALUE(1.228)),.T.,.PARAMETER.);
#3327 = LINE('',#3328,#3329);
#3328 = CARTESIAN_POINT('',(-4.759,2.705,1.321));
#3329 = VECTOR('',#3330,1.);
#3330 = DIRECTION('',(1.,-2.22044604925E-16,0.));
#3331 = CARTESIAN_POINT('',(-4.759,2.705,1.321));
#3332 = CARTESIAN_POINT('',(-3.531,2.705,1.321));
#3333 = GEOMETRIC_CURVE_SET('',(#3334));
#3334 = TRIMMED_CURVE('',#3335,(#3339,PARAMETER_VALUE(0.)),(#3340,
    PARAMETER_VALUE(0.838)),.T.,.PARAMETER.);
#3335 = LINE('',#3336,#3337);
#3336 = CARTESIAN_POINT('',(-4.759,1.867,1.321));
#3337 = VECTOR('',#3338,1.);
#3338 = DIRECTION('',(2.22044604925E-16,1.,0.));
#3339 = CARTESIAN_POINT('',(-4.759,1.867,1.321));
#3340 = CARTESIAN_POINT('',(-4.759,2.705,1.321));
#3341 = GEOMETRIC_CURVE_SET('',(#3342));
#3342 = TRIMMED_CURVE('',#3343,(#3347,PARAMETER_VALUE(0.)),(#3348,
    PARAMETER_VALUE(1.228)),.T.,.PARAMETER.);
#3343 = LINE('',#3344,#3345);
#3344 = CARTESIAN_POINT('',(-3.531,1.867,1.321));
#3345 = VECTOR('',#3346,1.);
#3346 = DIRECTION('',(-1.,2.22044604925E-16,0.));
#3347 = CARTESIAN_POINT('',(-3.531,1.867,1.321));
#3348 = CARTESIAN_POINT('',(-4.759,1.867,1.321));
#3349 = GEOMETRIC_CURVE_SET('',(#3350));
#3350 = TRIMMED_CURVE('',#3351,(#3355,PARAMETER_VALUE(0.)),(#3356,
    PARAMETER_VALUE(0.838)),.T.,.PARAMETER.);
#3351 = LINE('',#3352,#3353);
#3352 = CARTESIAN_POINT('',(-3.531,2.705,1.067));
#3353 = VECTOR('',#3354,1.);
#3354 = DIRECTION('',(-2.22044604925E-16,-1.,0.));
#3355 = CARTESIAN_POINT('',(-3.531,2.705,1.067));
#3356 = CARTESIAN_POINT('',(-3.531,1.867,1.067));
#3357 = GEOMETRIC_CURVE_SET('',(#3358));
#3358 = TRIMMED_CURVE('',#3359,(#3363,PARAMETER_VALUE(0.)),(#3364,
    PARAMETER_VALUE(1.228)),.T.,.PARAMETER.);
#3359 = LINE('',#3360,#3361);
#3360 = CARTESIAN_POINT('',(-4.759,1.867,1.067));
#3361 = VECTOR('',#3362,1.);
#3362 = DIRECTION('',(1.,-2.22044604925E-16,0.));
#3363 = CARTESIAN_POINT('',(-4.759,1.867,1.067));
#3364 = CARTESIAN_POINT('',(-3.531,1.867,1.067));
#3365 = GEOMETRIC_CURVE_SET('',(#3366));
#3366 = TRIMMED_CURVE('',#3367,(#3371,PARAMETER_VALUE(0.)),(#3372,
    PARAMETER_VALUE(0.838)),.T.,.PARAMETER.);
#3367 = LINE('',#3368,#3369);
#3368 = CARTESIAN_POINT('',(-4.759,2.705,1.067));
#3369 = VECTOR('',#3370,1.);
#3370 = DIRECTION('',(-2.22044604925E-16,-1.,0.));
#3371 = CARTESIAN_POINT('',(-4.759,2.705,1.067));
#3372 = CARTESIAN_POINT('',(-4.759,1.867,1.067));
#3373 = GEOMETRIC_CURVE_SET('',(#3374));
#3374 = TRIMMED_CURVE('',#3375,(#3379,PARAMETER_VALUE(0.)),(#3380,
    PARAMETER_VALUE(1.228)),.T.,.PARAMETER.);
#3375 = LINE('',#3376,#3377);
#3376 = CARTESIAN_POINT('',(-3.531,2.705,1.067));
#3377 = VECTOR('',#3378,1.);
#3378 = DIRECTION('',(-1.,2.22044604925E-16,0.));
#3379 = CARTESIAN_POINT('',(-3.531,2.705,1.067));
#3380 = CARTESIAN_POINT('',(-4.759,2.705,1.067));
#3381 = GEOMETRIC_CURVE_SET('',(#3382));
#3382 = TRIMMED_CURVE('',#3383,(#3387,PARAMETER_VALUE(0.)),(#3388,
    PARAMETER_VALUE(0.838)),.T.,.PARAMETER.);
#3383 = LINE('',#3384,#3385);
#3384 = CARTESIAN_POINT('',(-5.384,1.867,0.442));
#3385 = VECTOR('',#3386,1.);
#3386 = DIRECTION('',(2.22044604925E-16,1.,0.));
#3387 = CARTESIAN_POINT('',(-5.384000000017,1.867,0.442000000005));
#3388 = CARTESIAN_POINT('',(-5.384000000017,2.705,0.442000000005));
#3389 = GEOMETRIC_CURVE_SET('',(#3390));
#3390 = TRIMMED_CURVE('',#3391,(#3395,PARAMETER_VALUE(-0.642222901095)),
  (#3396,PARAMETER_VALUE(-0.122646467255)),.T.,.PARAMETER.);
#3391 = LINE('',#3392,#3393);
#3392 = CARTESIAN_POINT('',(-5.415761671484,1.867,0.323537549601));
#3393 = VECTOR('',#3394,1.);
#3394 = DIRECTION('',(-0.258969313954,5.75027390047E-17,-0.965885549343)
  );
#3395 = CARTESIAN_POINT('',(-5.24999999983,1.867,0.943999999954));
#3396 = CARTESIAN_POINT('',(-5.384000000017,1.867,0.442000000005));
#3397 = GEOMETRIC_CURVE_SET('',(#3398));
#3398 = TRIMMED_CURVE('',#3399,(#3403,PARAMETER_VALUE(0.)),(#3404,
    PARAMETER_VALUE(0.838)),.T.,.PARAMETER.);
#3399 = LINE('',#3400,#3401);
#3400 = CARTESIAN_POINT('',(-5.25,2.705,0.944));
#3401 = VECTOR('',#3402,1.);
#3402 = DIRECTION('',(-2.22044604925E-16,-1.,0.));
#3403 = CARTESIAN_POINT('',(-5.24999999983,2.705,0.943999999954));
#3404 = CARTESIAN_POINT('',(-5.24999999983,1.867,0.943999999954));
#3405 = GEOMETRIC_CURVE_SET('',(#3406));
#3406 = TRIMMED_CURVE('',#3407,(#3411,PARAMETER_VALUE(9.21520245752E-15)
    ),(#3412,PARAMETER_VALUE(0.51957643384)),.T.,.PARAMETER.);
#3407 = LINE('',#3408,#3409);
#3408 = CARTESIAN_POINT('',(-5.384,2.705,0.442));
#3409 = VECTOR('',#3410,1.);
#3410 = DIRECTION('',(0.258969313954,-5.75027390047E-17,0.965885549343)
  );
#3411 = CARTESIAN_POINT('',(-5.384000000017,2.705,0.442000000005));
#3412 = CARTESIAN_POINT('',(-5.24999999983,2.705,0.943999999954));
#3413 = GEOMETRIC_CURVE_SET('',(#3414));
#3414 = TRIMMED_CURVE('',#3415,(#3419,PARAMETER_VALUE(0.)),(#3420,
    PARAMETER_VALUE(0.838)),.T.,.PARAMETER.);
#3415 = LINE('',#3416,#3417);
#3416 = CARTESIAN_POINT('',(-5.139,2.705,0.377));
#3417 = VECTOR('',#3418,1.);
#3418 = DIRECTION('',(-2.22044604925E-16,-1.,0.));
#3419 = CARTESIAN_POINT('',(-5.139000000195,2.705,0.377000000052));
#3420 = CARTESIAN_POINT('',(-5.139000000195,1.867,0.377000000052));
#3421 = GEOMETRIC_CURVE_SET('',(#3422));
#3422 = TRIMMED_CURVE('',#3423,(#3427,PARAMETER_VALUE(2.160643978857E-02
      )),(#3428,PARAMETER_VALUE(0.541441842943)),.T.,.PARAMETER.);
#3423 = LINE('',#3424,#3425);
#3424 = CARTESIAN_POINT('',(-4.998783177387,2.705,0.899970851908));
#3425 = VECTOR('',#3426,1.);
#3426 = DIRECTION('',(-0.258969313954,5.75027390047E-17,-0.965885549343)
  );
#3427 = CARTESIAN_POINT('',(-5.004000000002,2.705,0.879000000001));
#3428 = CARTESIAN_POINT('',(-5.139000000195,2.705,0.377000000052));
#3429 = GEOMETRIC_CURVE_SET('',(#3430));
#3430 = TRIMMED_CURVE('',#3431,(#3435,PARAMETER_VALUE(0.)),(#3436,
    PARAMETER_VALUE(0.838)),.T.,.PARAMETER.);
#3431 = LINE('',#3432,#3433);
#3432 = CARTESIAN_POINT('',(-5.004,1.867,0.879));
#3433 = VECTOR('',#3434,1.);
#3434 = DIRECTION('',(2.22044604925E-16,1.,0.));
#3435 = CARTESIAN_POINT('',(-5.004000000002,1.867,0.879000000001));
#3436 = CARTESIAN_POINT('',(-5.004000000002,2.705,0.879000000001));
#3437 = GEOMETRIC_CURVE_SET('',(#3438));
#3438 = TRIMMED_CURVE('',#3439,(#3443,PARAMETER_VALUE(
      -6.788602412806E-13)),(#3444,PARAMETER_VALUE(0.519835403154)),.T.,
  .PARAMETER.);
#3439 = LINE('',#3440,#3441);
#3440 = CARTESIAN_POINT('',(-5.139,1.867,0.377));
#3441 = VECTOR('',#3442,1.);
#3442 = DIRECTION('',(0.258969313954,-5.75027390047E-17,0.965885549343)
  );
#3443 = CARTESIAN_POINT('',(-5.139000000195,1.867,0.377000000052));
#3444 = CARTESIAN_POINT('',(-5.004000000002,1.867,0.879000000001));
#3445 = GEOMETRIC_CURVE_SET('',(#3446));
#3446 = TRIMMED_CURVE('',#3447,(#3451,PARAMETER_VALUE(0.)),(#3452,
    PARAMETER_VALUE(0.838)),.T.,.PARAMETER.);
#3447 = LINE('',#3448,#3449);
#3448 = CARTESIAN_POINT('',(-6.858,1.867,0.254));
#3449 = VECTOR('',#3450,1.);
#3450 = DIRECTION('',(2.22044604925E-16,1.,0.));
#3451 = CARTESIAN_POINT('',(-6.858,1.867,0.254));
#3452 = CARTESIAN_POINT('',(-6.858,2.705,0.254));
#3453 = GEOMETRIC_CURVE_SET('',(#3454));
#3454 = TRIMMED_CURVE('',#3455,(#3459,PARAMETER_VALUE(0.)),(#3460,
    PARAMETER_VALUE(1.228)),.T.,.PARAMETER.);
#3455 = LINE('',#3456,#3457);
#3456 = CARTESIAN_POINT('',(-5.63,1.867,0.254));
#3457 = VECTOR('',#3458,1.);
#3458 = DIRECTION('',(-1.,2.22044604925E-16,0.));
#3459 = CARTESIAN_POINT('',(-5.63,1.867,0.254));
#3460 = CARTESIAN_POINT('',(-6.858,1.867,0.254));
#3461 = GEOMETRIC_CURVE_SET('',(#3462));
#3462 = TRIMMED_CURVE('',#3463,(#3467,PARAMETER_VALUE(0.)),(#3468,
    PARAMETER_VALUE(0.838)),.T.,.PARAMETER.);
#3463 = LINE('',#3464,#3465);
#3464 = CARTESIAN_POINT('',(-5.63,2.705,0.254));
#3465 = VECTOR('',#3466,1.);
#3466 = DIRECTION('',(-2.22044604925E-16,-1.,0.));
#3467 = CARTESIAN_POINT('',(-5.63,2.705,0.254));
#3468 = CARTESIAN_POINT('',(-5.63,1.867,0.254));
#3469 = GEOMETRIC_CURVE_SET('',(#3470));
#3470 = TRIMMED_CURVE('',#3471,(#3475,PARAMETER_VALUE(0.)),(#3476,
    PARAMETER_VALUE(1.228)),.T.,.PARAMETER.);
#3471 = LINE('',#3472,#3473);
#3472 = CARTESIAN_POINT('',(-6.858,2.705,0.254));
#3473 = VECTOR('',#3474,1.);
#3474 = DIRECTION('',(1.,-2.22044604925E-16,0.));
#3475 = CARTESIAN_POINT('',(-6.858,2.705,0.254));
#3476 = CARTESIAN_POINT('',(-5.63,2.705,0.254));
#3477 = GEOMETRIC_CURVE_SET('',(#3478));
#3478 = TRIMMED_CURVE('',#3479,(#3483,PARAMETER_VALUE(0.)),(#3484,
    PARAMETER_VALUE(0.838)),.T.,.PARAMETER.);
#3479 = LINE('',#3480,#3481);
#3480 = CARTESIAN_POINT('',(-5.63,1.867,0.));
#3481 = VECTOR('',#3482,1.);
#3482 = DIRECTION('',(2.22044604925E-16,1.,0.));
#3483 = CARTESIAN_POINT('',(-5.63,1.867,0.));
#3484 = CARTESIAN_POINT('',(-5.63,2.705,0.));
#3485 = GEOMETRIC_CURVE_SET('',(#3486));
#3486 = TRIMMED_CURVE('',#3487,(#3491,PARAMETER_VALUE(0.)),(#3492,
    PARAMETER_VALUE(1.228)),.T.,.PARAMETER.);
#3487 = LINE('',#3488,#3489);
#3488 = CARTESIAN_POINT('',(-6.858,1.867,0.));
#3489 = VECTOR('',#3490,1.);
#3490 = DIRECTION('',(1.,-2.22044604925E-16,0.));
#3491 = CARTESIAN_POINT('',(-6.858,1.867,0.));
#3492 = CARTESIAN_POINT('',(-5.63,1.867,0.));
#3493 = GEOMETRIC_CURVE_SET('',(#3494));
#3494 = TRIMMED_CURVE('',#3495,(#3499,PARAMETER_VALUE(0.)),(#3500,
    PARAMETER_VALUE(0.838)),.T.,.PARAMETER.);
#3495 = LINE('',#3496,#3497);
#3496 = CARTESIAN_POINT('',(-6.858,2.705,0.));
#3497 = VECTOR('',#3498,1.);
#3498 = DIRECTION('',(-2.22044604925E-16,-1.,0.));
#3499 = CARTESIAN_POINT('',(-6.858,2.705,0.));
#3500 = CARTESIAN_POINT('',(-6.858,1.867,0.));
#3501 = GEOMETRIC_CURVE_SET('',(#3502));
#3502 = TRIMMED_CURVE('',#3503,(#3507,PARAMETER_VALUE(0.)),(#3508,
    PARAMETER_VALUE(1.228)),.T.,.PARAMETER.);
#3503 = LINE('',#3504,#3505);
#3504 = CARTESIAN_POINT('',(-5.63,2.705,0.));
#3505 = VECTOR('',#3506,1.);
#3506 = DIRECTION('',(-1.,2.22044604925E-16,0.));
#3507 = CARTESIAN_POINT('',(-5.63,2.705,0.));
#3508 = CARTESIAN_POINT('',(-6.858,2.705,0.));
#3509 = GEOMETRIC_CURVE_SET('',(#3510));
#3510 = TRIMMED_CURVE('',#3511,(#3515,PARAMETER_VALUE(0.)),(#3516,
    PARAMETER_VALUE(0.838)),.T.,.PARAMETER.);
#3511 = LINE('',#3512,#3513);
#3512 = CARTESIAN_POINT('',(-6.858,2.705,0.));
#3513 = VECTOR('',#3514,1.);
#3514 = DIRECTION('',(-2.22044604925E-16,-1.,0.));
#3515 = CARTESIAN_POINT('',(-6.858,2.705,0.));
#3516 = CARTESIAN_POINT('',(-6.858,1.867,0.));
#3517 = GEOMETRIC_CURVE_SET('',(#3518));
#3518 = TRIMMED_CURVE('',#3519,(#3523,PARAMETER_VALUE(0.)),(#3524,
    PARAMETER_VALUE(0.254)),.T.,.PARAMETER.);
#3519 = LINE('',#3520,#3521);
#3520 = CARTESIAN_POINT('',(-6.858,1.867,0.254));
#3521 = VECTOR('',#3522,1.);
#3522 = DIRECTION('',(0.,-0.,-1.));
#3523 = CARTESIAN_POINT('',(-6.858,1.867,0.254));
#3524 = CARTESIAN_POINT('',(-6.858,1.867,0.));
#3525 = GEOMETRIC_CURVE_SET('',(#3526));
#3526 = TRIMMED_CURVE('',#3527,(#3531,PARAMETER_VALUE(0.)),(#3532,
    PARAMETER_VALUE(0.838)),.T.,.PARAMETER.);
#3527 = LINE('',#3528,#3529);
#3528 = CARTESIAN_POINT('',(-6.858,1.867,0.254));
#3529 = VECTOR('',#3530,1.);
#3530 = DIRECTION('',(2.22044604925E-16,1.,0.));
#3531 = CARTESIAN_POINT('',(-6.858,1.867,0.254));
#3532 = CARTESIAN_POINT('',(-6.858,2.705,0.254));
#3533 = GEOMETRIC_CURVE_SET('',(#3534));
#3534 = TRIMMED_CURVE('',#3535,(#3539,PARAMETER_VALUE(0.)),(#3540,
    PARAMETER_VALUE(0.254)),.T.,.PARAMETER.);
#3535 = LINE('',#3536,#3537);
#3536 = CARTESIAN_POINT('',(-6.858,2.705,0.));
#3537 = VECTOR('',#3538,1.);
#3538 = DIRECTION('',(0.,0.,1.));
#3539 = CARTESIAN_POINT('',(-6.858,2.705,0.));
#3540 = CARTESIAN_POINT('',(-6.858,2.705,0.254));
#3541 = GEOMETRIC_CURVE_SET('',(#3542));
#3542 = TRIMMED_CURVE('',#3543,(#3547,PARAMETER_VALUE(0.)),(#3548,
    PARAMETER_VALUE(0.838)),.T.,.PARAMETER.);
#3543 = LINE('',#3544,#3545);
#3544 = CARTESIAN_POINT('',(-4.759,1.867,1.321));
#3545 = VECTOR('',#3546,1.);
#3546 = DIRECTION('',(2.22044604925E-16,1.,0.));
#3547 = CARTESIAN_POINT('',(-4.759,1.867,1.321));
#3548 = CARTESIAN_POINT('',(-4.759,2.705,1.321));
#3549 = GEOMETRIC_CURVE_SET('',(#3550));
#3550 = TRIMMED_CURVE('',#3551,(#3556,PARAMETER_VALUE(4.057224699257)),(
    #3557,PARAMETER_VALUE(5.367291875528)),.T.,.PARAMETER.);
#3551 = CIRCLE('',#3552,0.508);
#3552 = AXIS2_PLACEMENT_3D('',#3553,#3554,#3555);
#3553 = CARTESIAN_POINT('',(-4.759,2.705,0.813));
#3554 = DIRECTION('',(2.22044604925E-16,1.,-3.534288332893E-33));
#3555 = DIRECTION('',(0.793107076684,-1.761051475054E-16,0.609082231652)
  );
#3556 = CARTESIAN_POINT('',(-5.24999999983,2.705,0.943999999954));
#3557 = CARTESIAN_POINT('',(-4.759,2.705,1.321));
#3558 = GEOMETRIC_CURVE_SET('',(#3559));
#3559 = TRIMMED_CURVE('',#3560,(#3564,PARAMETER_VALUE(0.)),(#3565,
    PARAMETER_VALUE(0.838)),.T.,.PARAMETER.);
#3560 = LINE('',#3561,#3562);
#3561 = CARTESIAN_POINT('',(-5.25,2.705,0.944));
#3562 = VECTOR('',#3563,1.);
#3563 = DIRECTION('',(-2.22044604925E-16,-1.,0.));
#3564 = CARTESIAN_POINT('',(-5.24999999983,2.705,0.943999999954));
#3565 = CARTESIAN_POINT('',(-5.24999999983,1.867,0.943999999954));
#3566 = GEOMETRIC_CURVE_SET('',(#3567));
#3567 = TRIMMED_CURVE('',#3568,(#3573,PARAMETER_VALUE(4.057486085241)),(
    #3574,PARAMETER_VALUE(5.367553261512)),.T.,.PARAMETER.);
#3568 = CIRCLE('',#3569,0.508);
#3569 = AXIS2_PLACEMENT_3D('',#3570,#3571,#3572);
#3570 = CARTESIAN_POINT('',(-4.759,1.867,0.813));
#3571 = DIRECTION('',(-2.22044604925E-16,-1.,3.534288332893E-33));
#3572 = DIRECTION('',(-0.793107076684,1.761051475054E-16,-0.609082231652
    ));
#3573 = CARTESIAN_POINT('',(-4.759,1.867,1.321));
#3574 = CARTESIAN_POINT('',(-5.24999999983,1.867,0.943999999954));
#3575 = GEOMETRIC_CURVE_SET('',(#3576));
#3576 = TRIMMED_CURVE('',#3577,(#3582,PARAMETER_VALUE(4.057486085241)),(
    #3583,PARAMETER_VALUE(5.365141310333)),.T.,.PARAMETER.);
#3577 = CIRCLE('',#3578,0.254);
#3578 = AXIS2_PLACEMENT_3D('',#3579,#3580,#3581);
#3579 = CARTESIAN_POINT('',(-4.759,2.705,0.813));
#3580 = DIRECTION('',(-2.22044604925E-16,-1.,3.534288332893E-33));
#3581 = DIRECTION('',(-0.793107076684,1.761051475054E-16,-0.609082231652
    ));
#3582 = CARTESIAN_POINT('',(-4.759,2.705,1.067));
#3583 = CARTESIAN_POINT('',(-5.004000000002,2.705,0.879000000001));
#3584 = GEOMETRIC_CURVE_SET('',(#3585));
#3585 = TRIMMED_CURVE('',#3586,(#3590,PARAMETER_VALUE(0.)),(#3591,
    PARAMETER_VALUE(0.838)),.T.,.PARAMETER.);
#3586 = LINE('',#3587,#3588);
#3587 = CARTESIAN_POINT('',(-5.004,1.867,0.879));
#3588 = VECTOR('',#3589,1.);
#3589 = DIRECTION('',(2.22044604925E-16,1.,0.));
#3590 = CARTESIAN_POINT('',(-5.004000000002,1.867,0.879000000001));
#3591 = CARTESIAN_POINT('',(-5.004000000002,2.705,0.879000000001));
#3592 = GEOMETRIC_CURVE_SET('',(#3593));
#3593 = TRIMMED_CURVE('',#3594,(#3599,PARAMETER_VALUE(4.059636650437)),(
    #3600,PARAMETER_VALUE(5.367291875528)),.T.,.PARAMETER.);
#3594 = CIRCLE('',#3595,0.254);
#3595 = AXIS2_PLACEMENT_3D('',#3596,#3597,#3598);
#3596 = CARTESIAN_POINT('',(-4.759,1.867,0.813));
#3597 = DIRECTION('',(2.22044604925E-16,1.,-3.534288332893E-33));
#3598 = DIRECTION('',(0.793107076684,-1.761051475054E-16,0.609082231652)
  );
#3599 = CARTESIAN_POINT('',(-5.004000000002,1.867,0.879000000001));
#3600 = CARTESIAN_POINT('',(-4.759,1.867,1.067));
#3601 = GEOMETRIC_CURVE_SET('',(#3602));
#3602 = TRIMMED_CURVE('',#3603,(#3607,PARAMETER_VALUE(0.)),(#3608,
    PARAMETER_VALUE(0.838)),.T.,.PARAMETER.);
#3603 = LINE('',#3604,#3605);
#3604 = CARTESIAN_POINT('',(-4.759,2.705,1.067));
#3605 = VECTOR('',#3606,1.);
#3606 = DIRECTION('',(-2.22044604925E-16,-1.,0.));
#3607 = CARTESIAN_POINT('',(-4.759,2.705,1.067));
#3608 = CARTESIAN_POINT('',(-4.759,1.867,1.067));
#3609 = GEOMETRIC_CURVE_SET('',(#3610));
#3610 = TRIMMED_CURVE('',#3611,(#3616,PARAMETER_VALUE(4.057486085241)),(
    #3617,PARAMETER_VALUE(5.366162570771)),.T.,.PARAMETER.);
#3611 = CIRCLE('',#3612,0.254);
#3612 = AXIS2_PLACEMENT_3D('',#3613,#3614,#3615);
#3613 = CARTESIAN_POINT('',(-5.63,2.705,0.508));
#3614 = DIRECTION('',(-2.22044604925E-16,-1.,3.534288332893E-33));
#3615 = DIRECTION('',(0.793107076684,-1.761051475054E-16,0.609082231652)
  );
#3616 = CARTESIAN_POINT('',(-5.63,2.705,0.254));
#3617 = CARTESIAN_POINT('',(-5.384000000017,2.705,0.442000000005));
#3618 = GEOMETRIC_CURVE_SET('',(#3619));
#3619 = TRIMMED_CURVE('',#3620,(#3624,PARAMETER_VALUE(0.)),(#3625,
    PARAMETER_VALUE(0.838)),.T.,.PARAMETER.);
#3620 = LINE('',#3621,#3622);
#3621 = CARTESIAN_POINT('',(-5.384,1.867,0.442));
#3622 = VECTOR('',#3623,1.);
#3623 = DIRECTION('',(2.22044604925E-16,1.,0.));
#3624 = CARTESIAN_POINT('',(-5.384000000017,1.867,0.442000000005));
#3625 = CARTESIAN_POINT('',(-5.384000000017,2.705,0.442000000005));
#3626 = GEOMETRIC_CURVE_SET('',(#3627));
#3627 = TRIMMED_CURVE('',#3628,(#3633,PARAMETER_VALUE(4.058615389999)),(
    #3634,PARAMETER_VALUE(5.367291875528)),.T.,.PARAMETER.);
#3628 = CIRCLE('',#3629,0.254);
#3629 = AXIS2_PLACEMENT_3D('',#3630,#3631,#3632);
#3630 = CARTESIAN_POINT('',(-5.63,1.867,0.508));
#3631 = DIRECTION('',(2.22044604925E-16,1.,-3.534288332893E-33));
#3632 = DIRECTION('',(-0.793107076684,1.761051475054E-16,-0.609082231652
    ));
#3633 = CARTESIAN_POINT('',(-5.384000000017,1.867,0.442000000005));
#3634 = CARTESIAN_POINT('',(-5.63,1.867,0.254));
#3635 = GEOMETRIC_CURVE_SET('',(#3636));
#3636 = TRIMMED_CURVE('',#3637,(#3641,PARAMETER_VALUE(0.)),(#3642,
    PARAMETER_VALUE(0.838)),.T.,.PARAMETER.);
#3637 = LINE('',#3638,#3639);
#3638 = CARTESIAN_POINT('',(-5.63,2.705,0.254));
#3639 = VECTOR('',#3640,1.);
#3640 = DIRECTION('',(-2.22044604925E-16,-1.,0.));
#3641 = CARTESIAN_POINT('',(-5.63,2.705,0.254));
#3642 = CARTESIAN_POINT('',(-5.63,1.867,0.254));
#3643 = GEOMETRIC_CURVE_SET('',(#3644));
#3644 = TRIMMED_CURVE('',#3645,(#3649,PARAMETER_VALUE(0.)),(#3650,
    PARAMETER_VALUE(0.838)),.T.,.PARAMETER.);
#3645 = LINE('',#3646,#3647);
#3646 = CARTESIAN_POINT('',(-5.63,1.867,0.));
#3647 = VECTOR('',#3648,1.);
#3648 = DIRECTION('',(2.22044604925E-16,1.,0.));
#3649 = CARTESIAN_POINT('',(-5.63,1.867,0.));
#3650 = CARTESIAN_POINT('',(-5.63,2.705,0.));
#3651 = GEOMETRIC_CURVE_SET('',(#3652));
#3652 = TRIMMED_CURVE('',#3653,(#3658,PARAMETER_VALUE(4.057224699259)),(
    #3659,PARAMETER_VALUE(5.367291875528)),.T.,.PARAMETER.);
#3653 = CIRCLE('',#3654,0.508);
#3654 = AXIS2_PLACEMENT_3D('',#3655,#3656,#3657);
#3655 = CARTESIAN_POINT('',(-5.63,2.705,0.508));
#3656 = DIRECTION('',(2.22044604925E-16,1.,-3.534288332893E-33));
#3657 = DIRECTION('',(-0.793107076684,1.761051475054E-16,-0.609082231652
    ));
#3658 = CARTESIAN_POINT('',(-5.139000000195,2.705,0.377000000052));
#3659 = CARTESIAN_POINT('',(-5.63,2.705,0.));
#3660 = GEOMETRIC_CURVE_SET('',(#3661));
#3661 = TRIMMED_CURVE('',#3662,(#3666,PARAMETER_VALUE(0.)),(#3667,
    PARAMETER_VALUE(0.838)),.T.,.PARAMETER.);
#3662 = LINE('',#3663,#3664);
#3663 = CARTESIAN_POINT('',(-5.139,2.705,0.377));
#3664 = VECTOR('',#3665,1.);
#3665 = DIRECTION('',(-2.22044604925E-16,-1.,0.));
#3666 = CARTESIAN_POINT('',(-5.139000000195,2.705,0.377000000052));
#3667 = CARTESIAN_POINT('',(-5.139000000195,1.867,0.377000000052));
#3668 = GEOMETRIC_CURVE_SET('',(#3669));
#3669 = TRIMMED_CURVE('',#3670,(#3675,PARAMETER_VALUE(4.057486085241)),(
    #3676,PARAMETER_VALUE(5.367553261511)),.T.,.PARAMETER.);
#3670 = CIRCLE('',#3671,0.508);
#3671 = AXIS2_PLACEMENT_3D('',#3672,#3673,#3674);
#3672 = CARTESIAN_POINT('',(-5.63,1.867,0.508));
#3673 = DIRECTION('',(-2.22044604925E-16,-1.,3.534288332893E-33));
#3674 = DIRECTION('',(0.793107076684,-1.761051475054E-16,0.609082231652)
  );
#3675 = CARTESIAN_POINT('',(-5.63,1.867,0.));
#3676 = CARTESIAN_POINT('',(-5.139000000195,1.867,0.377000000052));
#3677 = GEOMETRIC_CURVE_SET('',(#3678));
#3678 = TRIMMED_CURVE('',#3679,(#3683,PARAMETER_VALUE(0.)),(#3684,
    PARAMETER_VALUE(1.228)),.T.,.PARAMETER.);
#3679 = LINE('',#3680,#3681);
#3680 = CARTESIAN_POINT('',(-4.759,2.705,1.321));
#3681 = VECTOR('',#3682,1.);
#3682 = DIRECTION('',(1.,-2.22044604925E-16,0.));
#3683 = CARTESIAN_POINT('',(-4.759,2.705,1.321));
#3684 = CARTESIAN_POINT('',(-3.531,2.705,1.321));
#3685 = GEOMETRIC_CURVE_SET('',(#3686));
#3686 = TRIMMED_CURVE('',#3687,(#3691,PARAMETER_VALUE(0.)),(#3692,
    PARAMETER_VALUE(0.254)),.T.,.PARAMETER.);
#3687 = LINE('',#3688,#3689);
#3688 = CARTESIAN_POINT('',(-3.531,2.705,1.321));
#3689 = VECTOR('',#3690,1.);
#3690 = DIRECTION('',(0.,-0.,-1.));
#3691 = CARTESIAN_POINT('',(-3.531,2.705,1.321));
#3692 = CARTESIAN_POINT('',(-3.531,2.705,1.067));
#3693 = GEOMETRIC_CURVE_SET('',(#3694));
#3694 = TRIMMED_CURVE('',#3695,(#3699,PARAMETER_VALUE(0.)),(#3700,
    PARAMETER_VALUE(1.228)),.T.,.PARAMETER.);
#3695 = LINE('',#3696,#3697);
#3696 = CARTESIAN_POINT('',(-3.531,2.705,1.067));
#3697 = VECTOR('',#3698,1.);
#3698 = DIRECTION('',(-1.,2.22044604925E-16,0.));
#3699 = CARTESIAN_POINT('',(-3.531,2.705,1.067));
#3700 = CARTESIAN_POINT('',(-4.759,2.705,1.067));
#3701 = GEOMETRIC_CURVE_SET('',(#3702));
#3702 = TRIMMED_CURVE('',#3703,(#3708,PARAMETER_VALUE(4.057486085241)),(
    #3709,PARAMETER_VALUE(5.365141310333)),.T.,.PARAMETER.);
#3703 = CIRCLE('',#3704,0.254);
#3704 = AXIS2_PLACEMENT_3D('',#3705,#3706,#3707);
#3705 = CARTESIAN_POINT('',(-4.759,2.705,0.813));
#3706 = DIRECTION('',(-2.22044604925E-16,-1.,3.534288332893E-33));
#3707 = DIRECTION('',(-0.793107076684,1.761051475054E-16,-0.609082231652
    ));
#3708 = CARTESIAN_POINT('',(-4.759,2.705,1.067));
#3709 = CARTESIAN_POINT('',(-5.004000000002,2.705,0.879000000001));
#3710 = GEOMETRIC_CURVE_SET('',(#3711));
#3711 = TRIMMED_CURVE('',#3712,(#3716,PARAMETER_VALUE(2.160643978857E-02
      )),(#3717,PARAMETER_VALUE(0.541441842943)),.T.,.PARAMETER.);
#3712 = LINE('',#3713,#3714);
#3713 = CARTESIAN_POINT('',(-4.998783177387,2.705,0.899970851908));
#3714 = VECTOR('',#3715,1.);
#3715 = DIRECTION('',(-0.258969313954,5.75027390047E-17,-0.965885549343)
  );
#3716 = CARTESIAN_POINT('',(-5.004000000002,2.705,0.879000000001));
#3717 = CARTESIAN_POINT('',(-5.139000000195,2.705,0.377000000052));
#3718 = GEOMETRIC_CURVE_SET('',(#3719));
#3719 = TRIMMED_CURVE('',#3720,(#3725,PARAMETER_VALUE(4.057224699259)),(
    #3726,PARAMETER_VALUE(5.367291875528)),.T.,.PARAMETER.);
#3720 = CIRCLE('',#3721,0.508);
#3721 = AXIS2_PLACEMENT_3D('',#3722,#3723,#3724);
#3722 = CARTESIAN_POINT('',(-5.63,2.705,0.508));
#3723 = DIRECTION('',(2.22044604925E-16,1.,-3.534288332893E-33));
#3724 = DIRECTION('',(-0.793107076684,1.761051475054E-16,-0.609082231652
    ));
#3725 = CARTESIAN_POINT('',(-5.139000000195,2.705,0.377000000052));
#3726 = CARTESIAN_POINT('',(-5.63,2.705,0.));
#3727 = GEOMETRIC_CURVE_SET('',(#3728));
#3728 = TRIMMED_CURVE('',#3729,(#3733,PARAMETER_VALUE(0.)),(#3734,
    PARAMETER_VALUE(1.228)),.T.,.PARAMETER.);
#3729 = LINE('',#3730,#3731);
#3730 = CARTESIAN_POINT('',(-5.63,2.705,0.));
#3731 = VECTOR('',#3732,1.);
#3732 = DIRECTION('',(-1.,2.22044604925E-16,0.));
#3733 = CARTESIAN_POINT('',(-5.63,2.705,0.));
#3734 = CARTESIAN_POINT('',(-6.858,2.705,0.));
#3735 = GEOMETRIC_CURVE_SET('',(#3736));
#3736 = TRIMMED_CURVE('',#3737,(#3741,PARAMETER_VALUE(0.)),(#3742,
    PARAMETER_VALUE(0.254)),.T.,.PARAMETER.);
#3737 = LINE('',#3738,#3739);
#3738 = CARTESIAN_POINT('',(-6.858,2.705,0.));
#3739 = VECTOR('',#3740,1.);
#3740 = DIRECTION('',(0.,0.,1.));
#3741 = CARTESIAN_POINT('',(-6.858,2.705,0.));
#3742 = CARTESIAN_POINT('',(-6.858,2.705,0.254));
#3743 = GEOMETRIC_CURVE_SET('',(#3744));
#3744 = TRIMMED_CURVE('',#3745,(#3749,PARAMETER_VALUE(0.)),(#3750,
    PARAMETER_VALUE(1.228)),.T.,.PARAMETER.);
#3745 = LINE('',#3746,#3747);
#3746 = CARTESIAN_POINT('',(-6.858,2.705,0.254));
#3747 = VECTOR('',#3748,1.);
#3748 = DIRECTION('',(1.,-2.22044604925E-16,0.));
#3749 = CARTESIAN_POINT('',(-6.858,2.705,0.254));
#3750 = CARTESIAN_POINT('',(-5.63,2.705,0.254));
#3751 = GEOMETRIC_CURVE_SET('',(#3752));
#3752 = TRIMMED_CURVE('',#3753,(#3758,PARAMETER_VALUE(4.057486085241)),(
    #3759,PARAMETER_VALUE(5.366162570771)),.T.,.PARAMETER.);
#3753 = CIRCLE('',#3754,0.254);
#3754 = AXIS2_PLACEMENT_3D('',#3755,#3756,#3757);
#3755 = CARTESIAN_POINT('',(-5.63,2.705,0.508));
#3756 = DIRECTION('',(-2.22044604925E-16,-1.,3.534288332893E-33));
#3757 = DIRECTION('',(0.793107076684,-1.761051475054E-16,0.609082231652)
  );
#3758 = CARTESIAN_POINT('',(-5.63,2.705,0.254));
#3759 = CARTESIAN_POINT('',(-5.384000000017,2.705,0.442000000005));
#3760 = GEOMETRIC_CURVE_SET('',(#3761));
#3761 = TRIMMED_CURVE('',#3762,(#3766,PARAMETER_VALUE(9.21520245752E-15)
    ),(#3767,PARAMETER_VALUE(0.51957643384)),.T.,.PARAMETER.);
#3762 = LINE('',#3763,#3764);
#3763 = CARTESIAN_POINT('',(-5.384,2.705,0.442));
#3764 = VECTOR('',#3765,1.);
#3765 = DIRECTION('',(0.258969313954,-5.75027390047E-17,0.965885549343)
  );
#3766 = CARTESIAN_POINT('',(-5.384000000017,2.705,0.442000000005));
#3767 = CARTESIAN_POINT('',(-5.24999999983,2.705,0.943999999954));
#3768 = GEOMETRIC_CURVE_SET('',(#3769));
#3769 = TRIMMED_CURVE('',#3770,(#3775,PARAMETER_VALUE(4.057224699257)),(
    #3776,PARAMETER_VALUE(5.367291875528)),.T.,.PARAMETER.);
#3770 = CIRCLE('',#3771,0.508);
#3771 = AXIS2_PLACEMENT_3D('',#3772,#3773,#3774);
#3772 = CARTESIAN_POINT('',(-4.759,2.705,0.813));
#3773 = DIRECTION('',(2.22044604925E-16,1.,-3.534288332893E-33));
#3774 = DIRECTION('',(0.793107076684,-1.761051475054E-16,0.609082231652)
  );
#3775 = CARTESIAN_POINT('',(-5.24999999983,2.705,0.943999999954));
#3776 = CARTESIAN_POINT('',(-4.759,2.705,1.321));
#3777 = GEOMETRIC_CURVE_SET('',(#3778));
#3778 = TRIMMED_CURVE('',#3779,(#3783,PARAMETER_VALUE(0.)),(#3784,
    PARAMETER_VALUE(1.228)),.T.,.PARAMETER.);
#3779 = LINE('',#3780,#3781);
#3780 = CARTESIAN_POINT('',(-4.759,1.867,1.067));
#3781 = VECTOR('',#3782,1.);
#3782 = DIRECTION('',(1.,-2.22044604925E-16,0.));
#3783 = CARTESIAN_POINT('',(-4.759,1.867,1.067));
#3784 = CARTESIAN_POINT('',(-3.531,1.867,1.067));
#3785 = GEOMETRIC_CURVE_SET('',(#3786));
#3786 = TRIMMED_CURVE('',#3787,(#3791,PARAMETER_VALUE(0.)),(#3792,
    PARAMETER_VALUE(0.254)),.T.,.PARAMETER.);
#3787 = LINE('',#3788,#3789);
#3788 = CARTESIAN_POINT('',(-3.531,1.867,1.067));
#3789 = VECTOR('',#3790,1.);
#3790 = DIRECTION('',(0.,0.,1.));
#3791 = CARTESIAN_POINT('',(-3.531,1.867,1.067));
#3792 = CARTESIAN_POINT('',(-3.531,1.867,1.321));
#3793 = GEOMETRIC_CURVE_SET('',(#3794));
#3794 = TRIMMED_CURVE('',#3795,(#3799,PARAMETER_VALUE(0.)),(#3800,
    PARAMETER_VALUE(1.228)),.T.,.PARAMETER.);
#3795 = LINE('',#3796,#3797);
#3796 = CARTESIAN_POINT('',(-3.531,1.867,1.321));
#3797 = VECTOR('',#3798,1.);
#3798 = DIRECTION('',(-1.,2.22044604925E-16,0.));
#3799 = CARTESIAN_POINT('',(-3.531,1.867,1.321));
#3800 = CARTESIAN_POINT('',(-4.759,1.867,1.321));
#3801 = GEOMETRIC_CURVE_SET('',(#3802));
#3802 = TRIMMED_CURVE('',#3803,(#3808,PARAMETER_VALUE(4.057486085241)),(
    #3809,PARAMETER_VALUE(5.367553261512)),.T.,.PARAMETER.);
#3803 = CIRCLE('',#3804,0.508);
#3804 = AXIS2_PLACEMENT_3D('',#3805,#3806,#3807);
#3805 = CARTESIAN_POINT('',(-4.759,1.867,0.813));
#3806 = DIRECTION('',(-2.22044604925E-16,-1.,3.534288332893E-33));
#3807 = DIRECTION('',(-0.793107076684,1.761051475054E-16,-0.609082231652
    ));
#3808 = CARTESIAN_POINT('',(-4.759,1.867,1.321));
#3809 = CARTESIAN_POINT('',(-5.24999999983,1.867,0.943999999954));
#3810 = GEOMETRIC_CURVE_SET('',(#3811));
#3811 = TRIMMED_CURVE('',#3812,(#3816,PARAMETER_VALUE(-0.642222901095)),
  (#3817,PARAMETER_VALUE(-0.122646467255)),.T.,.PARAMETER.);
#3812 = LINE('',#3813,#3814);
#3813 = CARTESIAN_POINT('',(-5.415761671484,1.867,0.323537549601));
#3814 = VECTOR('',#3815,1.);
#3815 = DIRECTION('',(-0.258969313954,5.75027390047E-17,-0.965885549343)
  );
#3816 = CARTESIAN_POINT('',(-5.24999999983,1.867,0.943999999954));
#3817 = CARTESIAN_POINT('',(-5.384000000017,1.867,0.442000000005));
#3818 = GEOMETRIC_CURVE_SET('',(#3819));
#3819 = TRIMMED_CURVE('',#3820,(#3825,PARAMETER_VALUE(4.058615389999)),(
    #3826,PARAMETER_VALUE(5.367291875528)),.T.,.PARAMETER.);
#3820 = CIRCLE('',#3821,0.254);
#3821 = AXIS2_PLACEMENT_3D('',#3822,#3823,#3824);
#3822 = CARTESIAN_POINT('',(-5.63,1.867,0.508));
#3823 = DIRECTION('',(2.22044604925E-16,1.,-3.534288332893E-33));
#3824 = DIRECTION('',(-0.793107076684,1.761051475054E-16,-0.609082231652
    ));
#3825 = CARTESIAN_POINT('',(-5.384000000017,1.867,0.442000000005));
#3826 = CARTESIAN_POINT('',(-5.63,1.867,0.254));
#3827 = GEOMETRIC_CURVE_SET('',(#3828));
#3828 = TRIMMED_CURVE('',#3829,(#3833,PARAMETER_VALUE(0.)),(#3834,
    PARAMETER_VALUE(1.228)),.T.,.PARAMETER.);
#3829 = LINE('',#3830,#3831);
#3830 = CARTESIAN_POINT('',(-5.63,1.867,0.254));
#3831 = VECTOR('',#3832,1.);
#3832 = DIRECTION('',(-1.,2.22044604925E-16,0.));
#3833 = CARTESIAN_POINT('',(-5.63,1.867,0.254));
#3834 = CARTESIAN_POINT('',(-6.858,1.867,0.254));
#3835 = GEOMETRIC_CURVE_SET('',(#3836));
#3836 = TRIMMED_CURVE('',#3837,(#3841,PARAMETER_VALUE(0.)),(#3842,
    PARAMETER_VALUE(0.254)),.T.,.PARAMETER.);
#3837 = LINE('',#3838,#3839);
#3838 = CARTESIAN_POINT('',(-6.858,1.867,0.254));
#3839 = VECTOR('',#3840,1.);
#3840 = DIRECTION('',(0.,-0.,-1.));
#3841 = CARTESIAN_POINT('',(-6.858,1.867,0.254));
#3842 = CARTESIAN_POINT('',(-6.858,1.867,0.));
#3843 = GEOMETRIC_CURVE_SET('',(#3844));
#3844 = TRIMMED_CURVE('',#3845,(#3849,PARAMETER_VALUE(0.)),(#3850,
    PARAMETER_VALUE(1.228)),.T.,.PARAMETER.);
#3845 = LINE('',#3846,#3847);
#3846 = CARTESIAN_POINT('',(-6.858,1.867,0.));
#3847 = VECTOR('',#3848,1.);
#3848 = DIRECTION('',(1.,-2.22044604925E-16,0.));
#3849 = CARTESIAN_POINT('',(-6.858,1.867,0.));
#3850 = CARTESIAN_POINT('',(-5.63,1.867,0.));
#3851 = GEOMETRIC_CURVE_SET('',(#3852));
#3852 = TRIMMED_CURVE('',#3853,(#3858,PARAMETER_VALUE(4.057486085241)),(
    #3859,PARAMETER_VALUE(5.367553261511)),.T.,.PARAMETER.);
#3853 = CIRCLE('',#3854,0.508);
#3854 = AXIS2_PLACEMENT_3D('',#3855,#3856,#3857);
#3855 = CARTESIAN_POINT('',(-5.63,1.867,0.508));
#3856 = DIRECTION('',(-2.22044604925E-16,-1.,3.534288332893E-33));
#3857 = DIRECTION('',(0.793107076684,-1.761051475054E-16,0.609082231652)
  );
#3858 = CARTESIAN_POINT('',(-5.63,1.867,0.));
#3859 = CARTESIAN_POINT('',(-5.139000000195,1.867,0.377000000052));
#3860 = GEOMETRIC_CURVE_SET('',(#3861));
#3861 = TRIMMED_CURVE('',#3862,(#3866,PARAMETER_VALUE(
      -6.788602412806E-13)),(#3867,PARAMETER_VALUE(0.519835403154)),.T.,
  .PARAMETER.);
#3862 = LINE('',#3863,#3864);
#3863 = CARTESIAN_POINT('',(-5.139,1.867,0.377));
#3864 = VECTOR('',#3865,1.);
#3865 = DIRECTION('',(0.258969313954,-5.75027390047E-17,0.965885549343)
  );
#3866 = CARTESIAN_POINT('',(-5.139000000195,1.867,0.377000000052));
#3867 = CARTESIAN_POINT('',(-5.004000000002,1.867,0.879000000001));
#3868 = GEOMETRIC_CURVE_SET('',(#3869));
#3869 = TRIMMED_CURVE('',#3870,(#3875,PARAMETER_VALUE(4.059636650437)),(
    #3876,PARAMETER_VALUE(5.367291875528)),.T.,.PARAMETER.);
#3870 = CIRCLE('',#3871,0.254);
#3871 = AXIS2_PLACEMENT_3D('',#3872,#3873,#3874);
#3872 = CARTESIAN_POINT('',(-4.759,1.867,0.813));
#3873 = DIRECTION('',(2.22044604925E-16,1.,-3.534288332893E-33));
#3874 = DIRECTION('',(0.793107076684,-1.761051475054E-16,0.609082231652)
  );
#3875 = CARTESIAN_POINT('',(-5.004000000002,1.867,0.879000000001));
#3876 = CARTESIAN_POINT('',(-4.759,1.867,1.067));
#3877 = GEOMETRIC_CURVE_SET('',(#3878));
#3878 = TRIMMED_CURVE('',#3879,(#3883,PARAMETER_VALUE(0.)),(#3884,
    PARAMETER_VALUE(4.952)),.T.,.PARAMETER.);
#3879 = LINE('',#3880,#3881);
#3880 = CARTESIAN_POINT('',(-3.528,-2.476,-5.1E-02));
#3881 = VECTOR('',#3882,1.);
#3882 = DIRECTION('',(2.22044604925E-16,1.,0.));
#3883 = CARTESIAN_POINT('',(-3.528,-2.476,-5.1E-02));
#3884 = CARTESIAN_POINT('',(-3.528,2.476,-5.1E-02));
#3885 = GEOMETRIC_CURVE_SET('',(#3886));
#3886 = TRIMMED_CURVE('',#3887,(#3891,PARAMETER_VALUE(0.)),(#3892,
    PARAMETER_VALUE(5.1E-02)),.T.,.PARAMETER.);
#3887 = LINE('',#3888,#3889);
#3888 = CARTESIAN_POINT('',(-3.528,-2.476,0.));
#3889 = VECTOR('',#3890,1.);
#3890 = DIRECTION('',(0.,-0.,-1.));
#3891 = CARTESIAN_POINT('',(-3.528,-2.476,0.));
#3892 = CARTESIAN_POINT('',(-3.528,-2.476,-5.1E-02));
#3893 = GEOMETRIC_CURVE_SET('',(#3894));
#3894 = TRIMMED_CURVE('',#3895,(#3899,PARAMETER_VALUE(0.)),(#3900,
    PARAMETER_VALUE(4.952)),.T.,.PARAMETER.);
#3895 = LINE('',#3896,#3897);
#3896 = CARTESIAN_POINT('',(-3.528,2.476,0.));
#3897 = VECTOR('',#3898,1.);
#3898 = DIRECTION('',(-2.22044604925E-16,-1.,0.));
#3899 = CARTESIAN_POINT('',(-3.528,2.476,0.));
#3900 = CARTESIAN_POINT('',(-3.528,-2.476,0.));
#3901 = GEOMETRIC_CURVE_SET('',(#3902));
#3902 = TRIMMED_CURVE('',#3903,(#3907,PARAMETER_VALUE(0.)),(#3908,
    PARAMETER_VALUE(5.1E-02)),.T.,.PARAMETER.);
#3903 = LINE('',#3904,#3905);
#3904 = CARTESIAN_POINT('',(-3.528,2.476,-5.1E-02));
#3905 = VECTOR('',#3906,1.);
#3906 = DIRECTION('',(0.,0.,1.));
#3907 = CARTESIAN_POINT('',(-3.528,2.476,-5.1E-02));
#3908 = CARTESIAN_POINT('',(-3.528,2.476,0.));
#3909 = GEOMETRIC_CURVE_SET('',(#3910));
#3910 = TRIMMED_CURVE('',#3911,(#3915,PARAMETER_VALUE(0.)),(#3916,
    PARAMETER_VALUE(5.296)),.T.,.PARAMETER.);
#3911 = LINE('',#3912,#3913);
#3912 = CARTESIAN_POINT('',(1.768,-2.476,-5.1E-02));
#3913 = VECTOR('',#3914,1.);
#3914 = DIRECTION('',(-1.,2.22044604925E-16,0.));
#3915 = CARTESIAN_POINT('',(1.768,-2.476,-5.1E-02));
#3916 = CARTESIAN_POINT('',(-3.528,-2.476,-5.1E-02));
#3917 = GEOMETRIC_CURVE_SET('',(#3918));
#3918 = TRIMMED_CURVE('',#3919,(#3923,PARAMETER_VALUE(0.)),(#3924,
    PARAMETER_VALUE(5.1E-02)),.T.,.PARAMETER.);
#3919 = LINE('',#3920,#3921);
#3920 = CARTESIAN_POINT('',(1.768,-2.476,0.));
#3921 = VECTOR('',#3922,1.);
#3922 = DIRECTION('',(0.,-0.,-1.));
#3923 = CARTESIAN_POINT('',(1.768,-2.476,0.));
#3924 = CARTESIAN_POINT('',(1.768,-2.476,-5.1E-02));
#3925 = GEOMETRIC_CURVE_SET('',(#3926));
#3926 = TRIMMED_CURVE('',#3927,(#3931,PARAMETER_VALUE(0.)),(#3932,
    PARAMETER_VALUE(5.296)),.T.,.PARAMETER.);
#3927 = LINE('',#3928,#3929);
#3928 = CARTESIAN_POINT('',(-3.528,-2.476,0.));
#3929 = VECTOR('',#3930,1.);
#3930 = DIRECTION('',(1.,-2.22044604925E-16,0.));
#3931 = CARTESIAN_POINT('',(-3.528,-2.476,0.));
#3932 = CARTESIAN_POINT('',(1.768,-2.476,0.));
#3933 = GEOMETRIC_CURVE_SET('',(#3934));
#3934 = TRIMMED_CURVE('',#3935,(#3939,PARAMETER_VALUE(0.)),(#3940,
    PARAMETER_VALUE(5.1E-02)),.T.,.PARAMETER.);
#3935 = LINE('',#3936,#3937);
#3936 = CARTESIAN_POINT('',(-3.528,-2.476,0.));
#3937 = VECTOR('',#3938,1.);
#3938 = DIRECTION('',(0.,-0.,-1.));
#3939 = CARTESIAN_POINT('',(-3.528,-2.476,0.));
#3940 = CARTESIAN_POINT('',(-3.528,-2.476,-5.1E-02));
#3941 = GEOMETRIC_CURVE_SET('',(#3942));
#3942 = TRIMMED_CURVE('',#3943,(#3947,PARAMETER_VALUE(0.)),(#3948,
    PARAMETER_VALUE(1.65)),.T.,.PARAMETER.);
#3943 = LINE('',#3944,#3945);
#3944 = CARTESIAN_POINT('',(1.768,-0.826,-5.1E-02));
#3945 = VECTOR('',#3946,1.);
#3946 = DIRECTION('',(-2.22044604925E-16,-1.,0.));
#3947 = CARTESIAN_POINT('',(1.768,-0.826,-5.1E-02));
#3948 = CARTESIAN_POINT('',(1.768,-2.476,-5.1E-02));
#3949 = GEOMETRIC_CURVE_SET('',(#3950));
#3950 = TRIMMED_CURVE('',#3951,(#3955,PARAMETER_VALUE(0.)),(#3956,
    PARAMETER_VALUE(5.1E-02)),.T.,.PARAMETER.);
#3951 = LINE('',#3952,#3953);
#3952 = CARTESIAN_POINT('',(1.768,-0.826,0.));
#3953 = VECTOR('',#3954,1.);
#3954 = DIRECTION('',(0.,-0.,-1.));
#3955 = CARTESIAN_POINT('',(1.768,-0.826,0.));
#3956 = CARTESIAN_POINT('',(1.768,-0.826,-5.1E-02));
#3957 = GEOMETRIC_CURVE_SET('',(#3958));
#3958 = TRIMMED_CURVE('',#3959,(#3963,PARAMETER_VALUE(0.)),(#3964,
    PARAMETER_VALUE(1.65)),.T.,.PARAMETER.);
#3959 = LINE('',#3960,#3961);
#3960 = CARTESIAN_POINT('',(1.768,-2.476,0.));
#3961 = VECTOR('',#3962,1.);
#3962 = DIRECTION('',(2.22044604925E-16,1.,0.));
#3963 = CARTESIAN_POINT('',(1.768,-2.476,0.));
#3964 = CARTESIAN_POINT('',(1.768,-0.826,0.));
#3965 = GEOMETRIC_CURVE_SET('',(#3966));
#3966 = TRIMMED_CURVE('',#3967,(#3971,PARAMETER_VALUE(0.)),(#3972,
    PARAMETER_VALUE(5.1E-02)),.T.,.PARAMETER.);
#3967 = LINE('',#3968,#3969);
#3968 = CARTESIAN_POINT('',(1.768,-2.476,0.));
#3969 = VECTOR('',#3970,1.);
#3970 = DIRECTION('',(0.,-0.,-1.));
#3971 = CARTESIAN_POINT('',(1.768,-2.476,0.));
#3972 = CARTESIAN_POINT('',(1.768,-2.476,-5.1E-02));
#3973 = GEOMETRIC_CURVE_SET('',(#3974));
#3974 = TRIMMED_CURVE('',#3975,(#3979,PARAMETER_VALUE(0.)),(#3980,
    PARAMETER_VALUE(0.706)),.T.,.PARAMETER.);
#3975 = LINE('',#3976,#3977);
#3976 = CARTESIAN_POINT('',(2.474,-0.826,-5.1E-02));
#3977 = VECTOR('',#3978,1.);
#3978 = DIRECTION('',(-1.,2.22044604925E-16,0.));
#3979 = CARTESIAN_POINT('',(2.474,-0.826,-5.1E-02));
#3980 = CARTESIAN_POINT('',(1.768,-0.826,-5.1E-02));
#3981 = GEOMETRIC_CURVE_SET('',(#3982));
#3982 = TRIMMED_CURVE('',#3983,(#3987,PARAMETER_VALUE(0.)),(#3988,
    PARAMETER_VALUE(5.1E-02)),.T.,.PARAMETER.);
#3983 = LINE('',#3984,#3985);
#3984 = CARTESIAN_POINT('',(2.474,-0.826,0.));
#3985 = VECTOR('',#3986,1.);
#3986 = DIRECTION('',(0.,-0.,-1.));
#3987 = CARTESIAN_POINT('',(2.474,-0.826,0.));
#3988 = CARTESIAN_POINT('',(2.474,-0.826,-5.1E-02));
#3989 = GEOMETRIC_CURVE_SET('',(#3990));
#3990 = TRIMMED_CURVE('',#3991,(#3995,PARAMETER_VALUE(0.)),(#3996,
    PARAMETER_VALUE(0.706)),.T.,.PARAMETER.);
#3991 = LINE('',#3992,#3993);
#3992 = CARTESIAN_POINT('',(1.768,-0.826,0.));
#3993 = VECTOR('',#3994,1.);
#3994 = DIRECTION('',(1.,-2.22044604925E-16,0.));
#3995 = CARTESIAN_POINT('',(1.768,-0.826,0.));
#3996 = CARTESIAN_POINT('',(2.474,-0.826,0.));
#3997 = GEOMETRIC_CURVE_SET('',(#3998));
#3998 = TRIMMED_CURVE('',#3999,(#4003,PARAMETER_VALUE(0.)),(#4004,
    PARAMETER_VALUE(5.1E-02)),.T.,.PARAMETER.);
#3999 = LINE('',#4000,#4001);
#4000 = CARTESIAN_POINT('',(1.768,-0.826,0.));
#4001 = VECTOR('',#4002,1.);
#4002 = DIRECTION('',(0.,-0.,-1.));
#4003 = CARTESIAN_POINT('',(1.768,-0.826,0.));
#4004 = CARTESIAN_POINT('',(1.768,-0.826,-5.1E-02));
#4005 = GEOMETRIC_CURVE_SET('',(#4006));
#4006 = TRIMMED_CURVE('',#4007,(#4011,PARAMETER_VALUE(0.)),(#4012,
    PARAMETER_VALUE(0.53)),.T.,.PARAMETER.);
#4007 = LINE('',#4008,#4009);
#4008 = CARTESIAN_POINT('',(3.004,-3.302,-5.1E-02));
#4009 = VECTOR('',#4010,1.);
#4010 = DIRECTION('',(-1.,2.22044604925E-16,0.));
#4011 = CARTESIAN_POINT('',(3.004,-3.302,-5.1E-02));
#4012 = CARTESIAN_POINT('',(2.474,-3.302,-5.1E-02));
#4013 = GEOMETRIC_CURVE_SET('',(#4014));
#4014 = TRIMMED_CURVE('',#4015,(#4019,PARAMETER_VALUE(0.)),(#4020,
    PARAMETER_VALUE(0.796)),.T.,.PARAMETER.);
#4015 = LINE('',#4016,#4017);
#4016 = CARTESIAN_POINT('',(3.004,-3.302,0.745));
#4017 = VECTOR('',#4018,1.);
#4018 = DIRECTION('',(0.,-0.,-1.));
#4019 = CARTESIAN_POINT('',(3.004,-3.302,0.745));
#4020 = CARTESIAN_POINT('',(3.004,-3.302,-5.1E-02));
#4021 = GEOMETRIC_CURVE_SET('',(#4022));
#4022 = TRIMMED_CURVE('',#4023,(#4027,PARAMETER_VALUE(0.)),(#4028,
    PARAMETER_VALUE(0.53)),.T.,.PARAMETER.);
#4023 = LINE('',#4024,#4025);
#4024 = CARTESIAN_POINT('',(2.474,-3.302,0.745));
#4025 = VECTOR('',#4026,1.);
#4026 = DIRECTION('',(1.,-2.22044604925E-16,0.));
#4027 = CARTESIAN_POINT('',(2.474,-3.302,0.745));
#4028 = CARTESIAN_POINT('',(3.004,-3.302,0.745));
#4029 = GEOMETRIC_CURVE_SET('',(#4030));
#4030 = TRIMMED_CURVE('',#4031,(#4035,PARAMETER_VALUE(0.)),(#4036,
    PARAMETER_VALUE(0.796)),.T.,.PARAMETER.);
#4031 = LINE('',#4032,#4033);
#4032 = CARTESIAN_POINT('',(2.474,-3.302,-5.1E-02));
#4033 = VECTOR('',#4034,1.);
#4034 = DIRECTION('',(0.,0.,1.));
#4035 = CARTESIAN_POINT('',(2.474,-3.302,-5.1E-02));
#4036 = CARTESIAN_POINT('',(2.474,-3.302,0.745));
#4037 = GEOMETRIC_CURVE_SET('',(#4038));
#4038 = TRIMMED_CURVE('',#4039,(#4043,PARAMETER_VALUE(-2.810535032368)),
  (#4044,PARAMETER_VALUE(-0.278657011745)),.T.,.PARAMETER.);
#4039 = LINE('',#4040,#4041);
#4040 = CARTESIAN_POINT('',(2.945765488694,-3.574504076827,-5.1E-02));
#4041 = VECTOR('',#4042,1.);
#4042 = DIRECTION('',(-0.208982759633,-0.977919324983,0.));
#4043 = CARTESIAN_POINT('',(3.533004373999,-0.826003090206,-5.1E-02));
#4044 = CARTESIAN_POINT('',(3.004,-3.302,-5.1E-02));
#4045 = GEOMETRIC_CURVE_SET('',(#4046));
#4046 = TRIMMED_CURVE('',#4047,(#4051,PARAMETER_VALUE(0.)),(#4052,
    PARAMETER_VALUE(0.796)),.T.,.PARAMETER.);
#4047 = LINE('',#4048,#4049);
#4048 = CARTESIAN_POINT('',(3.533,-0.826,0.745));
#4049 = VECTOR('',#4050,1.);
#4050 = DIRECTION('',(0.,-0.,-1.));
#4051 = CARTESIAN_POINT('',(3.533004373999,-0.826003090206,0.745));
#4052 = CARTESIAN_POINT('',(3.533004373999,-0.826003090206,-5.1E-02));
#4053 = GEOMETRIC_CURVE_SET('',(#4054));
#4054 = TRIMMED_CURVE('',#4055,(#4059,PARAMETER_VALUE(0.)),(#4060,
    PARAMETER_VALUE(2.531878020623)),.T.,.PARAMETER.);
#4055 = LINE('',#4056,#4057);
#4056 = CARTESIAN_POINT('',(3.004,-3.302,0.745));
#4057 = VECTOR('',#4058,1.);
#4058 = DIRECTION('',(0.208982759633,0.977919324983,0.));
#4059 = CARTESIAN_POINT('',(3.004,-3.302,0.745));
#4060 = CARTESIAN_POINT('',(3.533004373999,-0.826003090206,0.745));
#4061 = GEOMETRIC_CURVE_SET('',(#4062));
#4062 = TRIMMED_CURVE('',#4063,(#4067,PARAMETER_VALUE(0.)),(#4068,
    PARAMETER_VALUE(0.796)),.T.,.PARAMETER.);
#4063 = LINE('',#4064,#4065);
#4064 = CARTESIAN_POINT('',(3.004,-3.302,0.745));
#4065 = VECTOR('',#4066,1.);
#4066 = DIRECTION('',(0.,-0.,-1.));
#4067 = CARTESIAN_POINT('',(3.004,-3.302,0.745));
#4068 = CARTESIAN_POINT('',(3.004,-3.302,-5.1E-02));
#4069 = GEOMETRIC_CURVE_SET('',(#4070));
#4070 = TRIMMED_CURVE('',#4071,(#4075,PARAMETER_VALUE(0.)),(#4076,
    PARAMETER_VALUE(1.652003090206)),.T.,.PARAMETER.);
#4071 = LINE('',#4072,#4073);
#4072 = CARTESIAN_POINT('',(3.533,0.826,-5.1E-02));
#4073 = VECTOR('',#4074,1.);
#4074 = DIRECTION('',(-2.22044604925E-16,-1.,0.));
#4075 = CARTESIAN_POINT('',(3.533,0.826,-5.1E-02));
#4076 = CARTESIAN_POINT('',(3.533004373999,-0.826003090206,-5.1E-02));
#4077 = GEOMETRIC_CURVE_SET('',(#4078));
#4078 = TRIMMED_CURVE('',#4079,(#4083,PARAMETER_VALUE(0.)),(#4084,
    PARAMETER_VALUE(0.796)),.T.,.PARAMETER.);
#4079 = LINE('',#4080,#4081);
#4080 = CARTESIAN_POINT('',(3.533,0.826,0.745));
#4081 = VECTOR('',#4082,1.);
#4082 = DIRECTION('',(0.,-0.,-1.));
#4083 = CARTESIAN_POINT('',(3.533,0.826,0.745));
#4084 = CARTESIAN_POINT('',(3.533,0.826,-5.1E-02));
#4085 = GEOMETRIC_CURVE_SET('',(#4086));
#4086 = TRIMMED_CURVE('',#4087,(#4091,PARAMETER_VALUE(
      -3.090205946021E-06)),(#4092,PARAMETER_VALUE(1.652)),.T.,
  .PARAMETER.);
#4087 = LINE('',#4088,#4089);
#4088 = CARTESIAN_POINT('',(3.533,-0.826,0.745));
#4089 = VECTOR('',#4090,1.);
#4090 = DIRECTION('',(2.22044604925E-16,1.,0.));
#4091 = CARTESIAN_POINT('',(3.533004373999,-0.826003090206,0.745));
#4092 = CARTESIAN_POINT('',(3.533,0.826,0.745));
#4093 = GEOMETRIC_CURVE_SET('',(#4094));
#4094 = TRIMMED_CURVE('',#4095,(#4099,PARAMETER_VALUE(0.)),(#4100,
    PARAMETER_VALUE(0.796)),.T.,.PARAMETER.);
#4095 = LINE('',#4096,#4097);
#4096 = CARTESIAN_POINT('',(3.533,-0.826,0.745));
#4097 = VECTOR('',#4098,1.);
#4098 = DIRECTION('',(0.,-0.,-1.));
#4099 = CARTESIAN_POINT('',(3.533004373999,-0.826003090206,0.745));
#4100 = CARTESIAN_POINT('',(3.533004373999,-0.826003090206,-5.1E-02));
#4101 = GEOMETRIC_CURVE_SET('',(#4102));
#4102 = TRIMMED_CURVE('',#4103,(#4107,PARAMETER_VALUE(-3.408637369882)),
  (#4108,PARAMETER_VALUE(-0.876731172662)),.T.,.PARAMETER.);
#4103 = LINE('',#4104,#4105);
#4104 = CARTESIAN_POINT('',(3.71622169992,-3.137235656117E-02,-5.1E-02)
  );
#4105 = VECTOR('',#4106,1.);
#4106 = DIRECTION('',(0.208982759633,-0.977919324983,0.));
#4107 = CARTESIAN_POINT('',(3.003875256333,3.301999999427,-5.1E-02));
#4108 = CARTESIAN_POINT('',(3.533,0.826,-5.1E-02));
#4109 = GEOMETRIC_CURVE_SET('',(#4110));
#4110 = TRIMMED_CURVE('',#4111,(#4115,PARAMETER_VALUE(-0.796)),(#4116,
    PARAMETER_VALUE(0.)),.T.,.PARAMETER.);
#4111 = LINE('',#4112,#4113);
#4112 = CARTESIAN_POINT('',(3.003875255624,3.302,-5.1E-02));
#4113 = VECTOR('',#4114,1.);
#4114 = DIRECTION('',(0.,-0.,-1.));
#4115 = CARTESIAN_POINT('',(3.003875256333,3.301999999427,0.745));
#4116 = CARTESIAN_POINT('',(3.003875256333,3.301999999427,-5.1E-02));
#4117 = GEOMETRIC_CURVE_SET('',(#4118));
#4118 = TRIMMED_CURVE('',#4119,(#4123,PARAMETER_VALUE(0.)),(#4124,
    PARAMETER_VALUE(2.531906197221)),.T.,.PARAMETER.);
#4119 = LINE('',#4120,#4121);
#4120 = CARTESIAN_POINT('',(3.533,0.826,0.745));
#4121 = VECTOR('',#4122,1.);
#4122 = DIRECTION('',(-0.208982759633,0.977919324983,0.));
#4123 = CARTESIAN_POINT('',(3.533,0.826,0.745));
#4124 = CARTESIAN_POINT('',(3.003875256333,3.301999999427,0.745));
#4125 = GEOMETRIC_CURVE_SET('',(#4126));
#4126 = TRIMMED_CURVE('',#4127,(#4131,PARAMETER_VALUE(0.)),(#4132,
    PARAMETER_VALUE(0.796)),.T.,.PARAMETER.);
#4127 = LINE('',#4128,#4129);
#4128 = CARTESIAN_POINT('',(3.533,0.826,0.745));
#4129 = VECTOR('',#4130,1.);
#4130 = DIRECTION('',(0.,-0.,-1.));
#4131 = CARTESIAN_POINT('',(3.533,0.826,0.745));
#4132 = CARTESIAN_POINT('',(3.533,0.826,-5.1E-02));
#4133 = GEOMETRIC_CURVE_SET('',(#4134));
#4134 = TRIMMED_CURVE('',#4135,(#4139,PARAMETER_VALUE(0.)),(#4140,
    PARAMETER_VALUE(0.529875256333)),.T.,.PARAMETER.);
#4135 = LINE('',#4136,#4137);
#4136 = CARTESIAN_POINT('',(2.474,3.302,-5.1E-02));
#4137 = VECTOR('',#4138,1.);
#4138 = DIRECTION('',(1.,-2.22044604925E-16,0.));
#4139 = CARTESIAN_POINT('',(2.474,3.302,-5.1E-02));
#4140 = CARTESIAN_POINT('',(3.003875256333,3.301999999427,-5.1E-02));
#4141 = GEOMETRIC_CURVE_SET('',(#4142));
#4142 = TRIMMED_CURVE('',#4143,(#4147,PARAMETER_VALUE(0.)),(#4148,
    PARAMETER_VALUE(0.796)),.T.,.PARAMETER.);
#4143 = LINE('',#4144,#4145);
#4144 = CARTESIAN_POINT('',(2.474,3.302,0.745));
#4145 = VECTOR('',#4146,1.);
#4146 = DIRECTION('',(0.,-0.,-1.));
#4147 = CARTESIAN_POINT('',(2.474,3.302,0.745));
#4148 = CARTESIAN_POINT('',(2.474,3.302,-5.1E-02));
#4149 = GEOMETRIC_CURVE_SET('',(#4150));
#4150 = TRIMMED_CURVE('',#4151,(#4155,PARAMETER_VALUE(1.247436667602E-04
      )),(#4156,PARAMETER_VALUE(0.53)),.T.,.PARAMETER.);
#4151 = LINE('',#4152,#4153);
#4152 = CARTESIAN_POINT('',(3.004,3.302,0.745));
#4153 = VECTOR('',#4154,1.);
#4154 = DIRECTION('',(-1.,2.22044604925E-16,0.));
#4155 = CARTESIAN_POINT('',(3.003875256333,3.301999999427,0.745));
#4156 = CARTESIAN_POINT('',(2.474,3.302,0.745));
#4157 = GEOMETRIC_CURVE_SET('',(#4158));
#4158 = TRIMMED_CURVE('',#4159,(#4163,PARAMETER_VALUE(-0.796)),(#4164,
    PARAMETER_VALUE(0.)),.T.,.PARAMETER.);
#4159 = LINE('',#4160,#4161);
#4160 = CARTESIAN_POINT('',(3.003875255624,3.302,-5.1E-02));
#4161 = VECTOR('',#4162,1.);
#4162 = DIRECTION('',(0.,-0.,-1.));
#4163 = CARTESIAN_POINT('',(3.003875256333,3.301999999427,0.745));
#4164 = CARTESIAN_POINT('',(3.003875256333,3.301999999427,-5.1E-02));
#4165 = GEOMETRIC_CURVE_SET('',(#4166));
#4166 = TRIMMED_CURVE('',#4167,(#4171,PARAMETER_VALUE(0.)),(#4172,
    PARAMETER_VALUE(0.706)),.T.,.PARAMETER.);
#4167 = LINE('',#4168,#4169);
#4168 = CARTESIAN_POINT('',(1.768,0.826,-5.1E-02));
#4169 = VECTOR('',#4170,1.);
#4170 = DIRECTION('',(1.,-2.22044604925E-16,0.));
#4171 = CARTESIAN_POINT('',(1.768,0.826,-5.1E-02));
#4172 = CARTESIAN_POINT('',(2.474,0.826,-5.1E-02));
#4173 = GEOMETRIC_CURVE_SET('',(#4174));
#4174 = TRIMMED_CURVE('',#4175,(#4179,PARAMETER_VALUE(0.)),(#4180,
    PARAMETER_VALUE(5.1E-02)),.T.,.PARAMETER.);
#4175 = LINE('',#4176,#4177);
#4176 = CARTESIAN_POINT('',(1.768,0.826,0.));
#4177 = VECTOR('',#4178,1.);
#4178 = DIRECTION('',(0.,-0.,-1.));
#4179 = CARTESIAN_POINT('',(1.768,0.826,0.));
#4180 = CARTESIAN_POINT('',(1.768,0.826,-5.1E-02));
#4181 = GEOMETRIC_CURVE_SET('',(#4182));
#4182 = TRIMMED_CURVE('',#4183,(#4187,PARAMETER_VALUE(0.)),(#4188,
    PARAMETER_VALUE(0.706)),.T.,.PARAMETER.);
#4183 = LINE('',#4184,#4185);
#4184 = CARTESIAN_POINT('',(2.474,0.826,0.));
#4185 = VECTOR('',#4186,1.);
#4186 = DIRECTION('',(-1.,2.22044604925E-16,0.));
#4187 = CARTESIAN_POINT('',(2.474,0.826,0.));
#4188 = CARTESIAN_POINT('',(1.768,0.826,0.));
#4189 = GEOMETRIC_CURVE_SET('',(#4190));
#4190 = TRIMMED_CURVE('',#4191,(#4195,PARAMETER_VALUE(0.)),(#4196,
    PARAMETER_VALUE(5.1E-02)),.T.,.PARAMETER.);
#4191 = LINE('',#4192,#4193);
#4192 = CARTESIAN_POINT('',(2.474,0.826,-5.1E-02));
#4193 = VECTOR('',#4194,1.);
#4194 = DIRECTION('',(0.,0.,1.));
#4195 = CARTESIAN_POINT('',(2.474,0.826,-5.1E-02));
#4196 = CARTESIAN_POINT('',(2.474,0.826,0.));
#4197 = GEOMETRIC_CURVE_SET('',(#4198));
#4198 = TRIMMED_CURVE('',#4199,(#4203,PARAMETER_VALUE(0.)),(#4204,
    PARAMETER_VALUE(1.65)),.T.,.PARAMETER.);
#4199 = LINE('',#4200,#4201);
#4200 = CARTESIAN_POINT('',(1.768,2.476,-5.1E-02));
#4201 = VECTOR('',#4202,1.);
#4202 = DIRECTION('',(-2.22044604925E-16,-1.,0.));
#4203 = CARTESIAN_POINT('',(1.768,2.476,-5.1E-02));
#4204 = CARTESIAN_POINT('',(1.768,0.826,-5.1E-02));
#4205 = GEOMETRIC_CURVE_SET('',(#4206));
#4206 = TRIMMED_CURVE('',#4207,(#4211,PARAMETER_VALUE(0.)),(#4212,
    PARAMETER_VALUE(5.1E-02)),.T.,.PARAMETER.);
#4207 = LINE('',#4208,#4209);
#4208 = CARTESIAN_POINT('',(1.768,2.476,0.));
#4209 = VECTOR('',#4210,1.);
#4210 = DIRECTION('',(0.,-0.,-1.));
#4211 = CARTESIAN_POINT('',(1.768,2.476,0.));
#4212 = CARTESIAN_POINT('',(1.768,2.476,-5.1E-02));
#4213 = GEOMETRIC_CURVE_SET('',(#4214));
#4214 = TRIMMED_CURVE('',#4215,(#4219,PARAMETER_VALUE(0.)),(#4220,
    PARAMETER_VALUE(1.65)),.T.,.PARAMETER.);
#4215 = LINE('',#4216,#4217);
#4216 = CARTESIAN_POINT('',(1.768,0.826,0.));
#4217 = VECTOR('',#4218,1.);
#4218 = DIRECTION('',(2.22044604925E-16,1.,0.));
#4219 = CARTESIAN_POINT('',(1.768,0.826,0.));
#4220 = CARTESIAN_POINT('',(1.768,2.476,0.));
#4221 = GEOMETRIC_CURVE_SET('',(#4222));
#4222 = TRIMMED_CURVE('',#4223,(#4227,PARAMETER_VALUE(0.)),(#4228,
    PARAMETER_VALUE(5.1E-02)),.T.,.PARAMETER.);
#4223 = LINE('',#4224,#4225);
#4224 = CARTESIAN_POINT('',(1.768,0.826,0.));
#4225 = VECTOR('',#4226,1.);
#4226 = DIRECTION('',(0.,-0.,-1.));
#4227 = CARTESIAN_POINT('',(1.768,0.826,0.));
#4228 = CARTESIAN_POINT('',(1.768,0.826,-5.1E-02));
#4229 = GEOMETRIC_CURVE_SET('',(#4230));
#4230 = TRIMMED_CURVE('',#4231,(#4235,PARAMETER_VALUE(0.)),(#4236,
    PARAMETER_VALUE(5.296)),.T.,.PARAMETER.);
#4231 = LINE('',#4232,#4233);
#4232 = CARTESIAN_POINT('',(-3.528,2.476,-5.1E-02));
#4233 = VECTOR('',#4234,1.);
#4234 = DIRECTION('',(1.,-2.22044604925E-16,0.));
#4235 = CARTESIAN_POINT('',(-3.528,2.476,-5.1E-02));
#4236 = CARTESIAN_POINT('',(1.768,2.476,-5.1E-02));
#4237 = GEOMETRIC_CURVE_SET('',(#4238));
#4238 = TRIMMED_CURVE('',#4239,(#4243,PARAMETER_VALUE(0.)),(#4244,
    PARAMETER_VALUE(5.1E-02)),.T.,.PARAMETER.);
#4239 = LINE('',#4240,#4241);
#4240 = CARTESIAN_POINT('',(-3.528,2.476,-5.1E-02));
#4241 = VECTOR('',#4242,1.);
#4242 = DIRECTION('',(0.,0.,1.));
#4243 = CARTESIAN_POINT('',(-3.528,2.476,-5.1E-02));
#4244 = CARTESIAN_POINT('',(-3.528,2.476,0.));
#4245 = GEOMETRIC_CURVE_SET('',(#4246));
#4246 = TRIMMED_CURVE('',#4247,(#4251,PARAMETER_VALUE(0.)),(#4252,
    PARAMETER_VALUE(5.296)),.T.,.PARAMETER.);
#4247 = LINE('',#4248,#4249);
#4248 = CARTESIAN_POINT('',(1.768,2.476,0.));
#4249 = VECTOR('',#4250,1.);
#4250 = DIRECTION('',(-1.,2.22044604925E-16,0.));
#4251 = CARTESIAN_POINT('',(1.768,2.476,0.));
#4252 = CARTESIAN_POINT('',(-3.528,2.476,0.));
#4253 = GEOMETRIC_CURVE_SET('',(#4254));
#4254 = TRIMMED_CURVE('',#4255,(#4259,PARAMETER_VALUE(0.)),(#4260,
    PARAMETER_VALUE(5.1E-02)),.T.,.PARAMETER.);
#4255 = LINE('',#4256,#4257);
#4256 = CARTESIAN_POINT('',(1.768,2.476,0.));
#4257 = VECTOR('',#4258,1.);
#4258 = DIRECTION('',(0.,-0.,-1.));
#4259 = CARTESIAN_POINT('',(1.768,2.476,0.));
#4260 = CARTESIAN_POINT('',(1.768,2.476,-5.1E-02));
#4261 = GEOMETRIC_CURVE_SET('',(#4262));
#4262 = TRIMMED_CURVE('',#4263,(#4267,PARAMETER_VALUE(1.247436667602E-04
      )),(#4268,PARAMETER_VALUE(0.53)),.T.,.PARAMETER.);
#4263 = LINE('',#4264,#4265);
#4264 = CARTESIAN_POINT('',(3.004,3.302,0.745));
#4265 = VECTOR('',#4266,1.);
#4266 = DIRECTION('',(-1.,2.22044604925E-16,0.));
#4267 = CARTESIAN_POINT('',(3.003875256333,3.301999999427,0.745));
#4268 = CARTESIAN_POINT('',(2.474,3.302,0.745));
#4269 = GEOMETRIC_CURVE_SET('',(#4270));
#4270 = TRIMMED_CURVE('',#4271,(#4275,PARAMETER_VALUE(0.)),(#4276,
    PARAMETER_VALUE(6.604)),.T.,.PARAMETER.);
#4271 = LINE('',#4272,#4273);
#4272 = CARTESIAN_POINT('',(2.474,-3.302,0.745));
#4273 = VECTOR('',#4274,1.);
#4274 = DIRECTION('',(2.22044604925E-16,1.,0.));
#4275 = CARTESIAN_POINT('',(2.474,-3.302,0.745));
#4276 = CARTESIAN_POINT('',(2.474,3.302,0.745));
#4277 = GEOMETRIC_CURVE_SET('',(#4278));
#4278 = TRIMMED_CURVE('',#4279,(#4283,PARAMETER_VALUE(0.)),(#4284,
    PARAMETER_VALUE(0.53)),.T.,.PARAMETER.);
#4279 = LINE('',#4280,#4281);
#4280 = CARTESIAN_POINT('',(2.474,-3.302,0.745));
#4281 = VECTOR('',#4282,1.);
#4282 = DIRECTION('',(1.,-2.22044604925E-16,0.));
#4283 = CARTESIAN_POINT('',(2.474,-3.302,0.745));
#4284 = CARTESIAN_POINT('',(3.004,-3.302,0.745));
#4285 = GEOMETRIC_CURVE_SET('',(#4286));
#4286 = TRIMMED_CURVE('',#4287,(#4291,PARAMETER_VALUE(0.)),(#4292,
    PARAMETER_VALUE(2.531878020623)),.T.,.PARAMETER.);
#4287 = LINE('',#4288,#4289);
#4288 = CARTESIAN_POINT('',(3.004,-3.302,0.745));
#4289 = VECTOR('',#4290,1.);
#4290 = DIRECTION('',(0.208982759633,0.977919324983,0.));
#4291 = CARTESIAN_POINT('',(3.004,-3.302,0.745));
#4292 = CARTESIAN_POINT('',(3.533004373999,-0.826003090206,0.745));
#4293 = GEOMETRIC_CURVE_SET('',(#4294));
#4294 = TRIMMED_CURVE('',#4295,(#4299,PARAMETER_VALUE(
      -3.090205946021E-06)),(#4300,PARAMETER_VALUE(1.652)),.T.,
  .PARAMETER.);
#4295 = LINE('',#4296,#4297);
#4296 = CARTESIAN_POINT('',(3.533,-0.826,0.745));
#4297 = VECTOR('',#4298,1.);
#4298 = DIRECTION('',(2.22044604925E-16,1.,0.));
#4299 = CARTESIAN_POINT('',(3.533004373999,-0.826003090206,0.745));
#4300 = CARTESIAN_POINT('',(3.533,0.826,0.745));
#4301 = GEOMETRIC_CURVE_SET('',(#4302));
#4302 = TRIMMED_CURVE('',#4303,(#4307,PARAMETER_VALUE(0.)),(#4308,
    PARAMETER_VALUE(2.531906197221)),.T.,.PARAMETER.);
#4303 = LINE('',#4304,#4305);
#4304 = CARTESIAN_POINT('',(3.533,0.826,0.745));
#4305 = VECTOR('',#4306,1.);
#4306 = DIRECTION('',(-0.208982759633,0.977919324983,0.));
#4307 = CARTESIAN_POINT('',(3.533,0.826,0.745));
#4308 = CARTESIAN_POINT('',(3.003875256333,3.301999999427,0.745));
#4309 = GEOMETRIC_CURVE_SET('',(#4310));
#4310 = TRIMMED_CURVE('',#4311,(#4315,PARAMETER_VALUE(0.)),(#4316,
    PARAMETER_VALUE(5.296)),.T.,.PARAMETER.);
#4311 = LINE('',#4312,#4313);
#4312 = CARTESIAN_POINT('',(1.768,2.476,0.));
#4313 = VECTOR('',#4314,1.);
#4314 = DIRECTION('',(-1.,2.22044604925E-16,0.));
#4315 = CARTESIAN_POINT('',(1.768,2.476,0.));
#4316 = CARTESIAN_POINT('',(-3.528,2.476,0.));
#4317 = GEOMETRIC_CURVE_SET('',(#4318));
#4318 = TRIMMED_CURVE('',#4319,(#4323,PARAMETER_VALUE(0.)),(#4324,
    PARAMETER_VALUE(4.952)),.T.,.PARAMETER.);
#4319 = LINE('',#4320,#4321);
#4320 = CARTESIAN_POINT('',(-3.528,2.476,0.));
#4321 = VECTOR('',#4322,1.);
#4322 = DIRECTION('',(-2.22044604925E-16,-1.,0.));
#4323 = CARTESIAN_POINT('',(-3.528,2.476,0.));
#4324 = CARTESIAN_POINT('',(-3.528,-2.476,0.));
#4325 = GEOMETRIC_CURVE_SET('',(#4326));
#4326 = TRIMMED_CURVE('',#4327,(#4331,PARAMETER_VALUE(0.)),(#4332,
    PARAMETER_VALUE(5.296)),.T.,.PARAMETER.);
#4327 = LINE('',#4328,#4329);
#4328 = CARTESIAN_POINT('',(-3.528,-2.476,0.));
#4329 = VECTOR('',#4330,1.);
#4330 = DIRECTION('',(1.,-2.22044604925E-16,0.));
#4331 = CARTESIAN_POINT('',(-3.528,-2.476,0.));
#4332 = CARTESIAN_POINT('',(1.768,-2.476,0.));
#4333 = GEOMETRIC_CURVE_SET('',(#4334));
#4334 = TRIMMED_CURVE('',#4335,(#4339,PARAMETER_VALUE(0.)),(#4340,
    PARAMETER_VALUE(1.65)),.T.,.PARAMETER.);
#4335 = LINE('',#4336,#4337);
#4336 = CARTESIAN_POINT('',(1.768,-2.476,0.));
#4337 = VECTOR('',#4338,1.);
#4338 = DIRECTION('',(2.22044604925E-16,1.,0.));
#4339 = CARTESIAN_POINT('',(1.768,-2.476,0.));
#4340 = CARTESIAN_POINT('',(1.768,-0.826,0.));
#4341 = GEOMETRIC_CURVE_SET('',(#4342));
#4342 = TRIMMED_CURVE('',#4343,(#4347,PARAMETER_VALUE(0.)),(#4348,
    PARAMETER_VALUE(0.706)),.T.,.PARAMETER.);
#4343 = LINE('',#4344,#4345);
#4344 = CARTESIAN_POINT('',(1.768,-0.826,0.));
#4345 = VECTOR('',#4346,1.);
#4346 = DIRECTION('',(1.,-2.22044604925E-16,0.));
#4347 = CARTESIAN_POINT('',(1.768,-0.826,0.));
#4348 = CARTESIAN_POINT('',(2.474,-0.826,0.));
#4349 = GEOMETRIC_CURVE_SET('',(#4350));
#4350 = TRIMMED_CURVE('',#4351,(#4355,PARAMETER_VALUE(0.)),(#4356,
    PARAMETER_VALUE(1.652)),.T.,.PARAMETER.);
#4351 = LINE('',#4352,#4353);
#4352 = CARTESIAN_POINT('',(2.474,0.826,0.));
#4353 = VECTOR('',#4354,1.);
#4354 = DIRECTION('',(-2.22044604925E-16,-1.,0.));
#4355 = CARTESIAN_POINT('',(2.474,0.826,0.));
#4356 = CARTESIAN_POINT('',(2.474,-0.826,0.));
#4357 = GEOMETRIC_CURVE_SET('',(#4358));
#4358 = TRIMMED_CURVE('',#4359,(#4363,PARAMETER_VALUE(0.)),(#4364,
    PARAMETER_VALUE(0.706)),.T.,.PARAMETER.);
#4359 = LINE('',#4360,#4361);
#4360 = CARTESIAN_POINT('',(2.474,0.826,0.));
#4361 = VECTOR('',#4362,1.);
#4362 = DIRECTION('',(-1.,2.22044604925E-16,0.));
#4363 = CARTESIAN_POINT('',(2.474,0.826,0.));
#4364 = CARTESIAN_POINT('',(1.768,0.826,0.));
#4365 = GEOMETRIC_CURVE_SET('',(#4366));
#4366 = TRIMMED_CURVE('',#4367,(#4371,PARAMETER_VALUE(0.)),(#4372,
    PARAMETER_VALUE(1.65)),.T.,.PARAMETER.);
#4367 = LINE('',#4368,#4369);
#4368 = CARTESIAN_POINT('',(1.768,0.826,0.));
#4369 = VECTOR('',#4370,1.);
#4370 = DIRECTION('',(2.22044604925E-16,1.,0.));
#4371 = CARTESIAN_POINT('',(1.768,0.826,0.));
#4372 = CARTESIAN_POINT('',(1.768,2.476,0.));
#4373 = GEOMETRIC_CURVE_SET('',(#4374));
#4374 = TRIMMED_CURVE('',#4375,(#4379,PARAMETER_VALUE(0.)),(#4380,
    PARAMETER_VALUE(4.952)),.T.,.PARAMETER.);
#4375 = LINE('',#4376,#4377);
#4376 = CARTESIAN_POINT('',(-3.528,-2.476,-5.1E-02));
#4377 = VECTOR('',#4378,1.);
#4378 = DIRECTION('',(2.22044604925E-16,1.,0.));
#4379 = CARTESIAN_POINT('',(-3.528,-2.476,-5.1E-02));
#4380 = CARTESIAN_POINT('',(-3.528,2.476,-5.1E-02));
#4381 = GEOMETRIC_CURVE_SET('',(#4382));
#4382 = TRIMMED_CURVE('',#4383,(#4387,PARAMETER_VALUE(0.)),(#4388,
    PARAMETER_VALUE(5.296)),.T.,.PARAMETER.);
#4383 = LINE('',#4384,#4385);
#4384 = CARTESIAN_POINT('',(-3.528,2.476,-5.1E-02));
#4385 = VECTOR('',#4386,1.);
#4386 = DIRECTION('',(1.,-2.22044604925E-16,0.));
#4387 = CARTESIAN_POINT('',(-3.528,2.476,-5.1E-02));
#4388 = CARTESIAN_POINT('',(1.768,2.476,-5.1E-02));
#4389 = GEOMETRIC_CURVE_SET('',(#4390));
#4390 = TRIMMED_CURVE('',#4391,(#4395,PARAMETER_VALUE(0.)),(#4396,
    PARAMETER_VALUE(1.65)),.T.,.PARAMETER.);
#4391 = LINE('',#4392,#4393);
#4392 = CARTESIAN_POINT('',(1.768,2.476,-5.1E-02));
#4393 = VECTOR('',#4394,1.);
#4394 = DIRECTION('',(-2.22044604925E-16,-1.,0.));
#4395 = CARTESIAN_POINT('',(1.768,2.476,-5.1E-02));
#4396 = CARTESIAN_POINT('',(1.768,0.826,-5.1E-02));
#4397 = GEOMETRIC_CURVE_SET('',(#4398));
#4398 = TRIMMED_CURVE('',#4399,(#4403,PARAMETER_VALUE(0.)),(#4404,
    PARAMETER_VALUE(0.706)),.T.,.PARAMETER.);
#4399 = LINE('',#4400,#4401);
#4400 = CARTESIAN_POINT('',(1.768,0.826,-5.1E-02));
#4401 = VECTOR('',#4402,1.);
#4402 = DIRECTION('',(1.,-2.22044604925E-16,0.));
#4403 = CARTESIAN_POINT('',(1.768,0.826,-5.1E-02));
#4404 = CARTESIAN_POINT('',(2.474,0.826,-5.1E-02));
#4405 = GEOMETRIC_CURVE_SET('',(#4406));
#4406 = TRIMMED_CURVE('',#4407,(#4411,PARAMETER_VALUE(0.)),(#4412,
    PARAMETER_VALUE(2.476)),.T.,.PARAMETER.);
#4407 = LINE('',#4408,#4409);
#4408 = CARTESIAN_POINT('',(2.474,3.302,-5.1E-02));
#4409 = VECTOR('',#4410,1.);
#4410 = DIRECTION('',(-2.22044604925E-16,-1.,0.));
#4411 = CARTESIAN_POINT('',(2.474,3.302,-5.1E-02));
#4412 = CARTESIAN_POINT('',(2.474,0.826,-5.1E-02));
#4413 = GEOMETRIC_CURVE_SET('',(#4414));
#4414 = TRIMMED_CURVE('',#4415,(#4419,PARAMETER_VALUE(0.)),(#4420,
    PARAMETER_VALUE(0.529875256333)),.T.,.PARAMETER.);
#4415 = LINE('',#4416,#4417);
#4416 = CARTESIAN_POINT('',(2.474,3.302,-5.1E-02));
#4417 = VECTOR('',#4418,1.);
#4418 = DIRECTION('',(1.,-2.22044604925E-16,0.));
#4419 = CARTESIAN_POINT('',(2.474,3.302,-5.1E-02));
#4420 = CARTESIAN_POINT('',(3.003875256333,3.301999999427,-5.1E-02));
#4421 = GEOMETRIC_CURVE_SET('',(#4422));
#4422 = TRIMMED_CURVE('',#4423,(#4427,PARAMETER_VALUE(-3.408637369882)),
  (#4428,PARAMETER_VALUE(-0.876731172662)),.T.,.PARAMETER.);
#4423 = LINE('',#4424,#4425);
#4424 = CARTESIAN_POINT('',(3.71622169992,-3.137235656117E-02,-5.1E-02)
  );
#4425 = VECTOR('',#4426,1.);
#4426 = DIRECTION('',(0.208982759633,-0.977919324983,0.));
#4427 = CARTESIAN_POINT('',(3.003875256333,3.301999999427,-5.1E-02));
#4428 = CARTESIAN_POINT('',(3.533,0.826,-5.1E-02));
#4429 = GEOMETRIC_CURVE_SET('',(#4430));
#4430 = TRIMMED_CURVE('',#4431,(#4435,PARAMETER_VALUE(0.)),(#4436,
    PARAMETER_VALUE(1.652003090206)),.T.,.PARAMETER.);
#4431 = LINE('',#4432,#4433);
#4432 = CARTESIAN_POINT('',(3.533,0.826,-5.1E-02));
#4433 = VECTOR('',#4434,1.);
#4434 = DIRECTION('',(-2.22044604925E-16,-1.,0.));
#4435 = CARTESIAN_POINT('',(3.533,0.826,-5.1E-02));
#4436 = CARTESIAN_POINT('',(3.533004373999,-0.826003090206,-5.1E-02));
#4437 = GEOMETRIC_CURVE_SET('',(#4438));
#4438 = TRIMMED_CURVE('',#4439,(#4443,PARAMETER_VALUE(-2.810535032368)),
  (#4444,PARAMETER_VALUE(-0.278657011745)),.T.,.PARAMETER.);
#4439 = LINE('',#4440,#4441);
#4440 = CARTESIAN_POINT('',(2.945765488694,-3.574504076827,-5.1E-02));
#4441 = VECTOR('',#4442,1.);
#4442 = DIRECTION('',(-0.208982759633,-0.977919324983,0.));
#4443 = CARTESIAN_POINT('',(3.533004373999,-0.826003090206,-5.1E-02));
#4444 = CARTESIAN_POINT('',(3.004,-3.302,-5.1E-02));
#4445 = GEOMETRIC_CURVE_SET('',(#4446));
#4446 = TRIMMED_CURVE('',#4447,(#4451,PARAMETER_VALUE(0.)),(#4452,
    PARAMETER_VALUE(0.53)),.T.,.PARAMETER.);
#4447 = LINE('',#4448,#4449);
#4448 = CARTESIAN_POINT('',(3.004,-3.302,-5.1E-02));
#4449 = VECTOR('',#4450,1.);
#4450 = DIRECTION('',(-1.,2.22044604925E-16,0.));
#4451 = CARTESIAN_POINT('',(3.004,-3.302,-5.1E-02));
#4452 = CARTESIAN_POINT('',(2.474,-3.302,-5.1E-02));
#4453 = GEOMETRIC_CURVE_SET('',(#4454));
#4454 = TRIMMED_CURVE('',#4455,(#4459,PARAMETER_VALUE(0.)),(#4460,
    PARAMETER_VALUE(2.476)),.T.,.PARAMETER.);
#4455 = LINE('',#4456,#4457);
#4456 = CARTESIAN_POINT('',(2.474,-0.826,-5.1E-02));
#4457 = VECTOR('',#4458,1.);
#4458 = DIRECTION('',(-2.22044604925E-16,-1.,0.));
#4459 = CARTESIAN_POINT('',(2.474,-0.826,-5.1E-02));
#4460 = CARTESIAN_POINT('',(2.474,-3.302,-5.1E-02));
#4461 = GEOMETRIC_CURVE_SET('',(#4462));
#4462 = TRIMMED_CURVE('',#4463,(#4467,PARAMETER_VALUE(0.)),(#4468,
    PARAMETER_VALUE(0.706)),.T.,.PARAMETER.);
#4463 = LINE('',#4464,#4465);
#4464 = CARTESIAN_POINT('',(2.474,-0.826,-5.1E-02));
#4465 = VECTOR('',#4466,1.);
#4466 = DIRECTION('',(-1.,2.22044604925E-16,0.));
#4467 = CARTESIAN_POINT('',(2.474,-0.826,-5.1E-02));
#4468 = CARTESIAN_POINT('',(1.768,-0.826,-5.1E-02));
#4469 = GEOMETRIC_CURVE_SET('',(#4470));
#4470 = TRIMMED_CURVE('',#4471,(#4475,PARAMETER_VALUE(0.)),(#4476,
    PARAMETER_VALUE(1.65)),.T.,.PARAMETER.);
#4471 = LINE('',#4472,#4473);
#4472 = CARTESIAN_POINT('',(1.768,-0.826,-5.1E-02));
#4473 = VECTOR('',#4474,1.);
#4474 = DIRECTION('',(-2.22044604925E-16,-1.,0.));
#4475 = CARTESIAN_POINT('',(1.768,-0.826,-5.1E-02));
#4476 = CARTESIAN_POINT('',(1.768,-2.476,-5.1E-02));
#4477 = GEOMETRIC_CURVE_SET('',(#4478));
#4478 = TRIMMED_CURVE('',#4479,(#4483,PARAMETER_VALUE(0.)),(#4484,
    PARAMETER_VALUE(5.296)),.T.,.PARAMETER.);
#4479 = LINE('',#4480,#4481);
#4480 = CARTESIAN_POINT('',(1.768,-2.476,-5.1E-02));
#4481 = VECTOR('',#4482,1.);
#4482 = DIRECTION('',(-1.,2.22044604925E-16,0.));
#4483 = CARTESIAN_POINT('',(1.768,-2.476,-5.1E-02));
#4484 = CARTESIAN_POINT('',(-3.528,-2.476,-5.1E-02));
#4485 = GEOMETRIC_CURVE_SET('',(#4486));
#4486 = TRIMMED_CURVE('',#4487,(#4491,PARAMETER_VALUE(0.)),(#4492,
    PARAMETER_VALUE(2.476)),.T.,.PARAMETER.);
#4487 = LINE('',#4488,#4489);
#4488 = CARTESIAN_POINT('',(2.474,3.302,-5.1E-02));
#4489 = VECTOR('',#4490,1.);
#4490 = DIRECTION('',(-2.22044604925E-16,-1.,0.));
#4491 = CARTESIAN_POINT('',(2.474,3.302,-5.1E-02));
#4492 = CARTESIAN_POINT('',(2.474,0.826,-5.1E-02));
#4493 = GEOMETRIC_CURVE_SET('',(#4494));
#4494 = TRIMMED_CURVE('',#4495,(#4499,PARAMETER_VALUE(0.)),(#4500,
    PARAMETER_VALUE(5.1E-02)),.T.,.PARAMETER.);
#4495 = LINE('',#4496,#4497);
#4496 = CARTESIAN_POINT('',(2.474,0.826,-5.1E-02));
#4497 = VECTOR('',#4498,1.);
#4498 = DIRECTION('',(0.,0.,1.));
#4499 = CARTESIAN_POINT('',(2.474,0.826,-5.1E-02));
#4500 = CARTESIAN_POINT('',(2.474,0.826,0.));
#4501 = GEOMETRIC_CURVE_SET('',(#4502));
#4502 = TRIMMED_CURVE('',#4503,(#4507,PARAMETER_VALUE(0.)),(#4508,
    PARAMETER_VALUE(1.652)),.T.,.PARAMETER.);
#4503 = LINE('',#4504,#4505);
#4504 = CARTESIAN_POINT('',(2.474,0.826,0.));
#4505 = VECTOR('',#4506,1.);
#4506 = DIRECTION('',(-2.22044604925E-16,-1.,0.));
#4507 = CARTESIAN_POINT('',(2.474,0.826,0.));
#4508 = CARTESIAN_POINT('',(2.474,-0.826,0.));
#4509 = GEOMETRIC_CURVE_SET('',(#4510));
#4510 = TRIMMED_CURVE('',#4511,(#4515,PARAMETER_VALUE(0.)),(#4516,
    PARAMETER_VALUE(5.1E-02)),.T.,.PARAMETER.);
#4511 = LINE('',#4512,#4513);
#4512 = CARTESIAN_POINT('',(2.474,-0.826,0.));
#4513 = VECTOR('',#4514,1.);
#4514 = DIRECTION('',(0.,-0.,-1.));
#4515 = CARTESIAN_POINT('',(2.474,-0.826,0.));
#4516 = CARTESIAN_POINT('',(2.474,-0.826,-5.1E-02));
#4517 = GEOMETRIC_CURVE_SET('',(#4518));
#4518 = TRIMMED_CURVE('',#4519,(#4523,PARAMETER_VALUE(0.)),(#4524,
    PARAMETER_VALUE(2.476)),.T.,.PARAMETER.);
#4519 = LINE('',#4520,#4521);
#4520 = CARTESIAN_POINT('',(2.474,-0.826,-5.1E-02));
#4521 = VECTOR('',#4522,1.);
#4522 = DIRECTION('',(-2.22044604925E-16,-1.,0.));
#4523 = CARTESIAN_POINT('',(2.474,-0.826,-5.1E-02));
#4524 = CARTESIAN_POINT('',(2.474,-3.302,-5.1E-02));
#4525 = GEOMETRIC_CURVE_SET('',(#4526));
#4526 = TRIMMED_CURVE('',#4527,(#4531,PARAMETER_VALUE(0.)),(#4532,
    PARAMETER_VALUE(0.796)),.T.,.PARAMETER.);
#4527 = LINE('',#4528,#4529);
#4528 = CARTESIAN_POINT('',(2.474,-3.302,-5.1E-02));
#4529 = VECTOR('',#4530,1.);
#4530 = DIRECTION('',(0.,0.,1.));
#4531 = CARTESIAN_POINT('',(2.474,-3.302,-5.1E-02));
#4532 = CARTESIAN_POINT('',(2.474,-3.302,0.745));
#4533 = GEOMETRIC_CURVE_SET('',(#4534));
#4534 = TRIMMED_CURVE('',#4535,(#4539,PARAMETER_VALUE(0.)),(#4540,
    PARAMETER_VALUE(6.604)),.T.,.PARAMETER.);
#4535 = LINE('',#4536,#4537);
#4536 = CARTESIAN_POINT('',(2.474,-3.302,0.745));
#4537 = VECTOR('',#4538,1.);
#4538 = DIRECTION('',(2.22044604925E-16,1.,0.));
#4539 = CARTESIAN_POINT('',(2.474,-3.302,0.745));
#4540 = CARTESIAN_POINT('',(2.474,3.302,0.745));
#4541 = GEOMETRIC_CURVE_SET('',(#4542));
#4542 = TRIMMED_CURVE('',#4543,(#4547,PARAMETER_VALUE(0.)),(#4548,
    PARAMETER_VALUE(0.796)),.T.,.PARAMETER.);
#4543 = LINE('',#4544,#4545);
#4544 = CARTESIAN_POINT('',(2.474,3.302,0.745));
#4545 = VECTOR('',#4546,1.);
#4546 = DIRECTION('',(0.,-0.,-1.));
#4547 = CARTESIAN_POINT('',(2.474,3.302,0.745));
#4548 = CARTESIAN_POINT('',(2.474,3.302,-5.1E-02));
#4549 = ( GEOMETRIC_REPRESENTATION_CONTEXT(3) 
GLOBAL_UNCERTAINTY_ASSIGNED_CONTEXT((#4553)) 
GLOBAL_UNIT_ASSIGNED_CONTEXT((#4550,#4551,#4552)) REPRESENTATION_CONTEXT
('Context #1','3D Context with UNIT and UNCERTAINTY') );
#4550 = ( LENGTH_UNIT() NAMED_UNIT(*) SI_UNIT(.MILLI.,.METRE.) );
#4551 = ( NAMED_UNIT(*) PLANE_ANGLE_UNIT() SI_UNIT($,.RADIAN.) );
#4552 = ( NAMED_UNIT(*) SI_UNIT($,.STERADIAN.) SOLID_ANGLE_UNIT() );
#4553 = UNCERTAINTY_MEASURE_WITH_UNIT(LENGTH_MEASURE(5.E-05),#4550,
  'distance_accuracy_value','confusion accuracy');
#4554 = PRODUCT_RELATED_PRODUCT_CATEGORY('part',$,(#7));
#4555 = MECHANICAL_DESIGN_GEOMETRIC_PRESENTATION_REPRESENTATION('',(
    #4556,#4567,#4576,#4584,#4591,#4598,#4605,#4612,#4619,#4628,#4636,
    #4643,#4650,#4657,#4664,#4671,#4680,#4687,#4694,#4701,#4708,#4715,
    #4722,#4729,#4736,#4743,#4750,#4757,#4764,#4771,#4778,#4787,#4794,
    #4801,#4808,#4815,#4822,#4829,#4836,#4843,#4850,#4857,#4864,#4871,
    #4878,#4885,#4894,#4903,#4912,#4921,#4930,#4939,#4948,#4957,#4966,
    #4975,#4984,#4993,#5002,#5011,#5020,#5029,#5038,#5047,#5056,#5065,
    #5074,#5083,#5092,#5101,#5110,#5119,#5128,#5137,#5146,#5155,#5164,
    #5173,#5182,#5191,#5200,#5209,#5218,#5227,#5236,#5245,#5254,#5263,
    #5272,#5281,#5290,#5299,#5308,#5317,#5326,#5335,#5344,#5353,#5362,
    #5371,#5380,#5389,#5398,#5407,#5416,#5425,#5434,#5443,#5452,#5461,
    #5470,#5479,#5488,#5497,#5506,#5515,#5524,#5533,#5542,#5551,#5560,
    #5569,#5578,#5587,#5596,#5605,#5614,#5623,#5632,#5641,#5650,#5659,
    #5668,#5677,#5686,#5695,#5704,#5713,#5722,#5731),#4549);
#4556 = STYLED_ITEM('color',(#4557),#580);
#4557 = PRESENTATION_STYLE_ASSIGNMENT((#4558,#4564));
#4558 = SURFACE_STYLE_USAGE(.BOTH.,#4559);
#4559 = SURFACE_SIDE_STYLE('',(#4560));
#4560 = SURFACE_STYLE_FILL_AREA(#4561);
#4561 = FILL_AREA_STYLE('',(#4562));
#4562 = FILL_AREA_STYLE_COLOUR('',#4563);
#4563 = COLOUR_RGB('',0.588235317929,0.588235317929,0.588235317929);
#4564 = CURVE_STYLE('',#4565,POSITIVE_LENGTH_MEASURE(0.1),#4566);
#4565 = DRAUGHTING_PRE_DEFINED_CURVE_FONT('continuous');
#4566 = COLOUR_RGB('',9.803921802644E-02,9.803921802644E-02,
  9.803921802644E-02);
#4567 = STYLED_ITEM('color',(#4568),#633);
#4568 = PRESENTATION_STYLE_ASSIGNMENT((#4569,#4574));
#4569 = SURFACE_STYLE_USAGE(.BOTH.,#4570);
#4570 = SURFACE_SIDE_STYLE('',(#4571));
#4571 = SURFACE_STYLE_FILL_AREA(#4572);
#4572 = FILL_AREA_STYLE('',(#4573));
#4573 = FILL_AREA_STYLE_COLOUR('',#4563);
#4574 = CURVE_STYLE('',#4575,POSITIVE_LENGTH_MEASURE(0.1),#4566);
#4575 = DRAUGHTING_PRE_DEFINED_CURVE_FONT('continuous');
#4576 = OVER_RIDING_STYLED_ITEM('overriding color',(#4577),#635,#4567);
#4577 = PRESENTATION_STYLE_ASSIGNMENT((#4578));
#4578 = SURFACE_STYLE_USAGE(.BOTH.,#4579);
#4579 = SURFACE_SIDE_STYLE('',(#4580));
#4580 = SURFACE_STYLE_FILL_AREA(#4581);
#4581 = FILL_AREA_STYLE('',(#4582));
#4582 = FILL_AREA_STYLE_COLOUR('',#4583);
#4583 = COLOUR_RGB('',0.431372551983,0.431372551983,0.431372551983);
#4584 = OVER_RIDING_STYLED_ITEM('overriding color',(#4585),#675,#4567);
#4585 = PRESENTATION_STYLE_ASSIGNMENT((#4586));
#4586 = SURFACE_STYLE_USAGE(.BOTH.,#4587);
#4587 = SURFACE_SIDE_STYLE('',(#4588));
#4588 = SURFACE_STYLE_FILL_AREA(#4589);
#4589 = FILL_AREA_STYLE('',(#4590));
#4590 = FILL_AREA_STYLE_COLOUR('',#4583);
#4591 = OVER_RIDING_STYLED_ITEM('overriding color',(#4592),#706,#4567);
#4592 = PRESENTATION_STYLE_ASSIGNMENT((#4593));
#4593 = SURFACE_STYLE_USAGE(.BOTH.,#4594);
#4594 = SURFACE_SIDE_STYLE('',(#4595));
#4595 = SURFACE_STYLE_FILL_AREA(#4596);
#4596 = FILL_AREA_STYLE('',(#4597));
#4597 = FILL_AREA_STYLE_COLOUR('',#4583);
#4598 = OVER_RIDING_STYLED_ITEM('overriding color',(#4599),#737,#4567);
#4599 = PRESENTATION_STYLE_ASSIGNMENT((#4600));
#4600 = SURFACE_STYLE_USAGE(.BOTH.,#4601);
#4601 = SURFACE_SIDE_STYLE('',(#4602));
#4602 = SURFACE_STYLE_FILL_AREA(#4603);
#4603 = FILL_AREA_STYLE('',(#4604));
#4604 = FILL_AREA_STYLE_COLOUR('',#4583);
#4605 = OVER_RIDING_STYLED_ITEM('overriding color',(#4606),#759,#4567);
#4606 = PRESENTATION_STYLE_ASSIGNMENT((#4607));
#4607 = SURFACE_STYLE_USAGE(.BOTH.,#4608);
#4608 = SURFACE_SIDE_STYLE('',(#4609));
#4609 = SURFACE_STYLE_FILL_AREA(#4610);
#4610 = FILL_AREA_STYLE('',(#4611));
#4611 = FILL_AREA_STYLE_COLOUR('',#4583);
#4612 = OVER_RIDING_STYLED_ITEM('overriding color',(#4613),#771,#4567);
#4613 = PRESENTATION_STYLE_ASSIGNMENT((#4614));
#4614 = SURFACE_STYLE_USAGE(.BOTH.,#4615);
#4615 = SURFACE_SIDE_STYLE('',(#4616));
#4616 = SURFACE_STYLE_FILL_AREA(#4617);
#4617 = FILL_AREA_STYLE('',(#4618));
#4618 = FILL_AREA_STYLE_COLOUR('',#4583);
#4619 = STYLED_ITEM('color',(#4620),#783);
#4620 = PRESENTATION_STYLE_ASSIGNMENT((#4621,#4626));
#4621 = SURFACE_STYLE_USAGE(.BOTH.,#4622);
#4622 = SURFACE_SIDE_STYLE('',(#4623));
#4623 = SURFACE_STYLE_FILL_AREA(#4624);
#4624 = FILL_AREA_STYLE('',(#4625));
#4625 = FILL_AREA_STYLE_COLOUR('',#4563);
#4626 = CURVE_STYLE('',#4627,POSITIVE_LENGTH_MEASURE(0.1),#4566);
#4627 = DRAUGHTING_PRE_DEFINED_CURVE_FONT('continuous');
#4628 = OVER_RIDING_STYLED_ITEM('overriding color',(#4629),#785,#4619);
#4629 = PRESENTATION_STYLE_ASSIGNMENT((#4630));
#4630 = SURFACE_STYLE_USAGE(.BOTH.,#4631);
#4631 = SURFACE_SIDE_STYLE('',(#4632));
#4632 = SURFACE_STYLE_FILL_AREA(#4633);
#4633 = FILL_AREA_STYLE('',(#4634));
#4634 = FILL_AREA_STYLE_COLOUR('',#4635);
#4635 = COLOUR_RGB('',0.725490202603,0.725490202603,0.725490202603);
#4636 = OVER_RIDING_STYLED_ITEM('overriding color',(#4637),#825,#4619);
#4637 = PRESENTATION_STYLE_ASSIGNMENT((#4638));
#4638 = SURFACE_STYLE_USAGE(.BOTH.,#4639);
#4639 = SURFACE_SIDE_STYLE('',(#4640));
#4640 = SURFACE_STYLE_FILL_AREA(#4641);
#4641 = FILL_AREA_STYLE('',(#4642));
#4642 = FILL_AREA_STYLE_COLOUR('',#4635);
#4643 = OVER_RIDING_STYLED_ITEM('overriding color',(#4644),#856,#4619);
#4644 = PRESENTATION_STYLE_ASSIGNMENT((#4645));
#4645 = SURFACE_STYLE_USAGE(.BOTH.,#4646);
#4646 = SURFACE_SIDE_STYLE('',(#4647));
#4647 = SURFACE_STYLE_FILL_AREA(#4648);
#4648 = FILL_AREA_STYLE('',(#4649));
#4649 = FILL_AREA_STYLE_COLOUR('',#4635);
#4650 = OVER_RIDING_STYLED_ITEM('overriding color',(#4651),#887,#4619);
#4651 = PRESENTATION_STYLE_ASSIGNMENT((#4652));
#4652 = SURFACE_STYLE_USAGE(.BOTH.,#4653);
#4653 = SURFACE_SIDE_STYLE('',(#4654));
#4654 = SURFACE_STYLE_FILL_AREA(#4655);
#4655 = FILL_AREA_STYLE('',(#4656));
#4656 = FILL_AREA_STYLE_COLOUR('',#4635);
#4657 = OVER_RIDING_STYLED_ITEM('overriding color',(#4658),#909,#4619);
#4658 = PRESENTATION_STYLE_ASSIGNMENT((#4659));
#4659 = SURFACE_STYLE_USAGE(.BOTH.,#4660);
#4660 = SURFACE_SIDE_STYLE('',(#4661));
#4661 = SURFACE_STYLE_FILL_AREA(#4662);
#4662 = FILL_AREA_STYLE('',(#4663));
#4663 = FILL_AREA_STYLE_COLOUR('',#4635);
#4664 = OVER_RIDING_STYLED_ITEM('overriding color',(#4665),#921,#4619);
#4665 = PRESENTATION_STYLE_ASSIGNMENT((#4666));
#4666 = SURFACE_STYLE_USAGE(.BOTH.,#4667);
#4667 = SURFACE_SIDE_STYLE('',(#4668));
#4668 = SURFACE_STYLE_FILL_AREA(#4669);
#4669 = FILL_AREA_STYLE('',(#4670));
#4670 = FILL_AREA_STYLE_COLOUR('',#4635);
#4671 = STYLED_ITEM('color',(#4672),#933);
#4672 = PRESENTATION_STYLE_ASSIGNMENT((#4673,#4678));
#4673 = SURFACE_STYLE_USAGE(.BOTH.,#4674);
#4674 = SURFACE_SIDE_STYLE('',(#4675));
#4675 = SURFACE_STYLE_FILL_AREA(#4676);
#4676 = FILL_AREA_STYLE('',(#4677));
#4677 = FILL_AREA_STYLE_COLOUR('',#4563);
#4678 = CURVE_STYLE('',#4679,POSITIVE_LENGTH_MEASURE(0.1),#4566);
#4679 = DRAUGHTING_PRE_DEFINED_CURVE_FONT('continuous');
#4680 = OVER_RIDING_STYLED_ITEM('overriding color',(#4681),#935,#4671);
#4681 = PRESENTATION_STYLE_ASSIGNMENT((#4682));
#4682 = SURFACE_STYLE_USAGE(.BOTH.,#4683);
#4683 = SURFACE_SIDE_STYLE('',(#4684));
#4684 = SURFACE_STYLE_FILL_AREA(#4685);
#4685 = FILL_AREA_STYLE('',(#4686));
#4686 = FILL_AREA_STYLE_COLOUR('',#4635);
#4687 = OVER_RIDING_STYLED_ITEM('overriding color',(#4688),#975,#4671);
#4688 = PRESENTATION_STYLE_ASSIGNMENT((#4689));
#4689 = SURFACE_STYLE_USAGE(.BOTH.,#4690);
#4690 = SURFACE_SIDE_STYLE('',(#4691));
#4691 = SURFACE_STYLE_FILL_AREA(#4692);
#4692 = FILL_AREA_STYLE('',(#4693));
#4693 = FILL_AREA_STYLE_COLOUR('',#4635);
#4694 = OVER_RIDING_STYLED_ITEM('overriding color',(#4695),#1006,#4671);
#4695 = PRESENTATION_STYLE_ASSIGNMENT((#4696));
#4696 = SURFACE_STYLE_USAGE(.BOTH.,#4697);
#4697 = SURFACE_SIDE_STYLE('',(#4698));
#4698 = SURFACE_STYLE_FILL_AREA(#4699);
#4699 = FILL_AREA_STYLE('',(#4700));
#4700 = FILL_AREA_STYLE_COLOUR('',#4635);
#4701 = OVER_RIDING_STYLED_ITEM('overriding color',(#4702),#1037,#4671);
#4702 = PRESENTATION_STYLE_ASSIGNMENT((#4703));
#4703 = SURFACE_STYLE_USAGE(.BOTH.,#4704);
#4704 = SURFACE_SIDE_STYLE('',(#4705));
#4705 = SURFACE_STYLE_FILL_AREA(#4706);
#4706 = FILL_AREA_STYLE('',(#4707));
#4707 = FILL_AREA_STYLE_COLOUR('',#4635);
#4708 = OVER_RIDING_STYLED_ITEM('overriding color',(#4709),#1077,#4671);
#4709 = PRESENTATION_STYLE_ASSIGNMENT((#4710));
#4710 = SURFACE_STYLE_USAGE(.BOTH.,#4711);
#4711 = SURFACE_SIDE_STYLE('',(#4712));
#4712 = SURFACE_STYLE_FILL_AREA(#4713);
#4713 = FILL_AREA_STYLE('',(#4714));
#4714 = FILL_AREA_STYLE_COLOUR('',#4635);
#4715 = OVER_RIDING_STYLED_ITEM('overriding color',(#4716),#1117,#4671);
#4716 = PRESENTATION_STYLE_ASSIGNMENT((#4717));
#4717 = SURFACE_STYLE_USAGE(.BOTH.,#4718);
#4718 = SURFACE_SIDE_STYLE('',(#4719));
#4719 = SURFACE_STYLE_FILL_AREA(#4720);
#4720 = FILL_AREA_STYLE('',(#4721));
#4721 = FILL_AREA_STYLE_COLOUR('',#4635);
#4722 = OVER_RIDING_STYLED_ITEM('overriding color',(#4723),#1157,#4671);
#4723 = PRESENTATION_STYLE_ASSIGNMENT((#4724));
#4724 = SURFACE_STYLE_USAGE(.BOTH.,#4725);
#4725 = SURFACE_SIDE_STYLE('',(#4726));
#4726 = SURFACE_STYLE_FILL_AREA(#4727);
#4727 = FILL_AREA_STYLE('',(#4728));
#4728 = FILL_AREA_STYLE_COLOUR('',#4635);
#4729 = OVER_RIDING_STYLED_ITEM('overriding color',(#4730),#1197,#4671);
#4730 = PRESENTATION_STYLE_ASSIGNMENT((#4731));
#4731 = SURFACE_STYLE_USAGE(.BOTH.,#4732);
#4732 = SURFACE_SIDE_STYLE('',(#4733));
#4733 = SURFACE_STYLE_FILL_AREA(#4734);
#4734 = FILL_AREA_STYLE('',(#4735));
#4735 = FILL_AREA_STYLE_COLOUR('',#4635);
#4736 = OVER_RIDING_STYLED_ITEM('overriding color',(#4737),#1219,#4671);
#4737 = PRESENTATION_STYLE_ASSIGNMENT((#4738));
#4738 = SURFACE_STYLE_USAGE(.BOTH.,#4739);
#4739 = SURFACE_SIDE_STYLE('',(#4740));
#4740 = SURFACE_STYLE_FILL_AREA(#4741);
#4741 = FILL_AREA_STYLE('',(#4742));
#4742 = FILL_AREA_STYLE_COLOUR('',#4635);
#4743 = OVER_RIDING_STYLED_ITEM('overriding color',(#4744),#1243,#4671);
#4744 = PRESENTATION_STYLE_ASSIGNMENT((#4745));
#4745 = SURFACE_STYLE_USAGE(.BOTH.,#4746);
#4746 = SURFACE_SIDE_STYLE('',(#4747));
#4747 = SURFACE_STYLE_FILL_AREA(#4748);
#4748 = FILL_AREA_STYLE('',(#4749));
#4749 = FILL_AREA_STYLE_COLOUR('',#4635);
#4750 = OVER_RIDING_STYLED_ITEM('overriding color',(#4751),#1267,#4671);
#4751 = PRESENTATION_STYLE_ASSIGNMENT((#4752));
#4752 = SURFACE_STYLE_USAGE(.BOTH.,#4753);
#4753 = SURFACE_SIDE_STYLE('',(#4754));
#4754 = SURFACE_STYLE_FILL_AREA(#4755);
#4755 = FILL_AREA_STYLE('',(#4756));
#4756 = FILL_AREA_STYLE_COLOUR('',#4635);
#4757 = OVER_RIDING_STYLED_ITEM('overriding color',(#4758),#1291,#4671);
#4758 = PRESENTATION_STYLE_ASSIGNMENT((#4759));
#4759 = SURFACE_STYLE_USAGE(.BOTH.,#4760);
#4760 = SURFACE_SIDE_STYLE('',(#4761));
#4761 = SURFACE_STYLE_FILL_AREA(#4762);
#4762 = FILL_AREA_STYLE('',(#4763));
#4763 = FILL_AREA_STYLE_COLOUR('',#4635);
#4764 = OVER_RIDING_STYLED_ITEM('overriding color',(#4765),#1315,#4671);
#4765 = PRESENTATION_STYLE_ASSIGNMENT((#4766));
#4766 = SURFACE_STYLE_USAGE(.BOTH.,#4767);
#4767 = SURFACE_SIDE_STYLE('',(#4768));
#4768 = SURFACE_STYLE_FILL_AREA(#4769);
#4769 = FILL_AREA_STYLE('',(#4770));
#4770 = FILL_AREA_STYLE_COLOUR('',#4635);
#4771 = OVER_RIDING_STYLED_ITEM('overriding color',(#4772),#1335,#4671);
#4772 = PRESENTATION_STYLE_ASSIGNMENT((#4773));
#4773 = SURFACE_STYLE_USAGE(.BOTH.,#4774);
#4774 = SURFACE_SIDE_STYLE('',(#4775));
#4775 = SURFACE_STYLE_FILL_AREA(#4776);
#4776 = FILL_AREA_STYLE('',(#4777));
#4777 = FILL_AREA_STYLE_COLOUR('',#4635);
#4778 = STYLED_ITEM('color',(#4779),#1355);
#4779 = PRESENTATION_STYLE_ASSIGNMENT((#4780,#4785));
#4780 = SURFACE_STYLE_USAGE(.BOTH.,#4781);
#4781 = SURFACE_SIDE_STYLE('',(#4782));
#4782 = SURFACE_STYLE_FILL_AREA(#4783);
#4783 = FILL_AREA_STYLE('',(#4784));
#4784 = FILL_AREA_STYLE_COLOUR('',#4563);
#4785 = CURVE_STYLE('',#4786,POSITIVE_LENGTH_MEASURE(0.1),#4566);
#4786 = DRAUGHTING_PRE_DEFINED_CURVE_FONT('continuous');
#4787 = OVER_RIDING_STYLED_ITEM('overriding color',(#4788),#1357,#4778);
#4788 = PRESENTATION_STYLE_ASSIGNMENT((#4789));
#4789 = SURFACE_STYLE_USAGE(.BOTH.,#4790);
#4790 = SURFACE_SIDE_STYLE('',(#4791));
#4791 = SURFACE_STYLE_FILL_AREA(#4792);
#4792 = FILL_AREA_STYLE('',(#4793));
#4793 = FILL_AREA_STYLE_COLOUR('',#4635);
#4794 = OVER_RIDING_STYLED_ITEM('overriding color',(#4795),#1397,#4778);
#4795 = PRESENTATION_STYLE_ASSIGNMENT((#4796));
#4796 = SURFACE_STYLE_USAGE(.BOTH.,#4797);
#4797 = SURFACE_SIDE_STYLE('',(#4798));
#4798 = SURFACE_STYLE_FILL_AREA(#4799);
#4799 = FILL_AREA_STYLE('',(#4800));
#4800 = FILL_AREA_STYLE_COLOUR('',#4635);
#4801 = OVER_RIDING_STYLED_ITEM('overriding color',(#4802),#1428,#4778);
#4802 = PRESENTATION_STYLE_ASSIGNMENT((#4803));
#4803 = SURFACE_STYLE_USAGE(.BOTH.,#4804);
#4804 = SURFACE_SIDE_STYLE('',(#4805));
#4805 = SURFACE_STYLE_FILL_AREA(#4806);
#4806 = FILL_AREA_STYLE('',(#4807));
#4807 = FILL_AREA_STYLE_COLOUR('',#4635);
#4808 = OVER_RIDING_STYLED_ITEM('overriding color',(#4809),#1459,#4778);
#4809 = PRESENTATION_STYLE_ASSIGNMENT((#4810));
#4810 = SURFACE_STYLE_USAGE(.BOTH.,#4811);
#4811 = SURFACE_SIDE_STYLE('',(#4812));
#4812 = SURFACE_STYLE_FILL_AREA(#4813);
#4813 = FILL_AREA_STYLE('',(#4814));
#4814 = FILL_AREA_STYLE_COLOUR('',#4635);
#4815 = OVER_RIDING_STYLED_ITEM('overriding color',(#4816),#1499,#4778);
#4816 = PRESENTATION_STYLE_ASSIGNMENT((#4817));
#4817 = SURFACE_STYLE_USAGE(.BOTH.,#4818);
#4818 = SURFACE_SIDE_STYLE('',(#4819));
#4819 = SURFACE_STYLE_FILL_AREA(#4820);
#4820 = FILL_AREA_STYLE('',(#4821));
#4821 = FILL_AREA_STYLE_COLOUR('',#4635);
#4822 = OVER_RIDING_STYLED_ITEM('overriding color',(#4823),#1539,#4778);
#4823 = PRESENTATION_STYLE_ASSIGNMENT((#4824));
#4824 = SURFACE_STYLE_USAGE(.BOTH.,#4825);
#4825 = SURFACE_SIDE_STYLE('',(#4826));
#4826 = SURFACE_STYLE_FILL_AREA(#4827);
#4827 = FILL_AREA_STYLE('',(#4828));
#4828 = FILL_AREA_STYLE_COLOUR('',#4635);
#4829 = OVER_RIDING_STYLED_ITEM('overriding color',(#4830),#1579,#4778);
#4830 = PRESENTATION_STYLE_ASSIGNMENT((#4831));
#4831 = SURFACE_STYLE_USAGE(.BOTH.,#4832);
#4832 = SURFACE_SIDE_STYLE('',(#4833));
#4833 = SURFACE_STYLE_FILL_AREA(#4834);
#4834 = FILL_AREA_STYLE('',(#4835));
#4835 = FILL_AREA_STYLE_COLOUR('',#4635);
#4836 = OVER_RIDING_STYLED_ITEM('overriding color',(#4837),#1619,#4778);
#4837 = PRESENTATION_STYLE_ASSIGNMENT((#4838));
#4838 = SURFACE_STYLE_USAGE(.BOTH.,#4839);
#4839 = SURFACE_SIDE_STYLE('',(#4840));
#4840 = SURFACE_STYLE_FILL_AREA(#4841);
#4841 = FILL_AREA_STYLE('',(#4842));
#4842 = FILL_AREA_STYLE_COLOUR('',#4635);
#4843 = OVER_RIDING_STYLED_ITEM('overriding color',(#4844),#1641,#4778);
#4844 = PRESENTATION_STYLE_ASSIGNMENT((#4845));
#4845 = SURFACE_STYLE_USAGE(.BOTH.,#4846);
#4846 = SURFACE_SIDE_STYLE('',(#4847));
#4847 = SURFACE_STYLE_FILL_AREA(#4848);
#4848 = FILL_AREA_STYLE('',(#4849));
#4849 = FILL_AREA_STYLE_COLOUR('',#4635);
#4850 = OVER_RIDING_STYLED_ITEM('overriding color',(#4851),#1665,#4778);
#4851 = PRESENTATION_STYLE_ASSIGNMENT((#4852));
#4852 = SURFACE_STYLE_USAGE(.BOTH.,#4853);
#4853 = SURFACE_SIDE_STYLE('',(#4854));
#4854 = SURFACE_STYLE_FILL_AREA(#4855);
#4855 = FILL_AREA_STYLE('',(#4856));
#4856 = FILL_AREA_STYLE_COLOUR('',#4635);
#4857 = OVER_RIDING_STYLED_ITEM('overriding color',(#4858),#1689,#4778);
#4858 = PRESENTATION_STYLE_ASSIGNMENT((#4859));
#4859 = SURFACE_STYLE_USAGE(.BOTH.,#4860);
#4860 = SURFACE_SIDE_STYLE('',(#4861));
#4861 = SURFACE_STYLE_FILL_AREA(#4862);
#4862 = FILL_AREA_STYLE('',(#4863));
#4863 = FILL_AREA_STYLE_COLOUR('',#4635);
#4864 = OVER_RIDING_STYLED_ITEM('overriding color',(#4865),#1713,#4778);
#4865 = PRESENTATION_STYLE_ASSIGNMENT((#4866));
#4866 = SURFACE_STYLE_USAGE(.BOTH.,#4867);
#4867 = SURFACE_SIDE_STYLE('',(#4868));
#4868 = SURFACE_STYLE_FILL_AREA(#4869);
#4869 = FILL_AREA_STYLE('',(#4870));
#4870 = FILL_AREA_STYLE_COLOUR('',#4635);
#4871 = OVER_RIDING_STYLED_ITEM('overriding color',(#4872),#1737,#4778);
#4872 = PRESENTATION_STYLE_ASSIGNMENT((#4873));
#4873 = SURFACE_STYLE_USAGE(.BOTH.,#4874);
#4874 = SURFACE_SIDE_STYLE('',(#4875));
#4875 = SURFACE_STYLE_FILL_AREA(#4876);
#4876 = FILL_AREA_STYLE('',(#4877));
#4877 = FILL_AREA_STYLE_COLOUR('',#4635);
#4878 = OVER_RIDING_STYLED_ITEM('overriding color',(#4879),#1757,#4778);
#4879 = PRESENTATION_STYLE_ASSIGNMENT((#4880));
#4880 = SURFACE_STYLE_USAGE(.BOTH.,#4881);
#4881 = SURFACE_SIDE_STYLE('',(#4882));
#4882 = SURFACE_STYLE_FILL_AREA(#4883);
#4883 = FILL_AREA_STYLE('',(#4884));
#4884 = FILL_AREA_STYLE_COLOUR('',#4635);
#4885 = STYLED_ITEM('color',(#4886),#1777);
#4886 = PRESENTATION_STYLE_ASSIGNMENT((#4887,#4892));
#4887 = SURFACE_STYLE_USAGE(.BOTH.,#4888);
#4888 = SURFACE_SIDE_STYLE('',(#4889));
#4889 = SURFACE_STYLE_FILL_AREA(#4890);
#4890 = FILL_AREA_STYLE('',(#4891));
#4891 = FILL_AREA_STYLE_COLOUR('',#4563);
#4892 = CURVE_STYLE('',#4893,POSITIVE_LENGTH_MEASURE(0.1),#4566);
#4893 = DRAUGHTING_PRE_DEFINED_CURVE_FONT('continuous');
#4894 = STYLED_ITEM('color',(#4895),#587);
#4895 = PRESENTATION_STYLE_ASSIGNMENT((#4896,#4901));
#4896 = SURFACE_STYLE_USAGE(.BOTH.,#4897);
#4897 = SURFACE_SIDE_STYLE('',(#4898));
#4898 = SURFACE_STYLE_FILL_AREA(#4899);
#4899 = FILL_AREA_STYLE('',(#4900));
#4900 = FILL_AREA_STYLE_COLOUR('',#4563);
#4901 = CURVE_STYLE('',#4902,POSITIVE_LENGTH_MEASURE(0.1),#4566);
#4902 = DRAUGHTING_PRE_DEFINED_CURVE_FONT('continuous');
#4903 = STYLED_ITEM('color',(#4904),#596);
#4904 = PRESENTATION_STYLE_ASSIGNMENT((#4905,#4910));
#4905 = SURFACE_STYLE_USAGE(.BOTH.,#4906);
#4906 = SURFACE_SIDE_STYLE('',(#4907));
#4907 = SURFACE_STYLE_FILL_AREA(#4908);
#4908 = FILL_AREA_STYLE('',(#4909));
#4909 = FILL_AREA_STYLE_COLOUR('',#4563);
#4910 = CURVE_STYLE('',#4911,POSITIVE_LENGTH_MEASURE(0.1),#4566);
#4911 = DRAUGHTING_PRE_DEFINED_CURVE_FONT('continuous');
#4912 = STYLED_ITEM('color',(#4913),#640);
#4913 = PRESENTATION_STYLE_ASSIGNMENT((#4914,#4919));
#4914 = SURFACE_STYLE_USAGE(.BOTH.,#4915);
#4915 = SURFACE_SIDE_STYLE('',(#4916));
#4916 = SURFACE_STYLE_FILL_AREA(#4917);
#4917 = FILL_AREA_STYLE('',(#4918));
#4918 = FILL_AREA_STYLE_COLOUR('',#4563);
#4919 = CURVE_STYLE('',#4920,POSITIVE_LENGTH_MEASURE(0.1),#4566);
#4920 = DRAUGHTING_PRE_DEFINED_CURVE_FONT('continuous');
#4921 = STYLED_ITEM('color',(#4922),#642);
#4922 = PRESENTATION_STYLE_ASSIGNMENT((#4923,#4928));
#4923 = SURFACE_STYLE_USAGE(.BOTH.,#4924);
#4924 = SURFACE_SIDE_STYLE('',(#4925));
#4925 = SURFACE_STYLE_FILL_AREA(#4926);
#4926 = FILL_AREA_STYLE('',(#4927));
#4927 = FILL_AREA_STYLE_COLOUR('',#4563);
#4928 = CURVE_STYLE('',#4929,POSITIVE_LENGTH_MEASURE(0.1),#4566);
#4929 = DRAUGHTING_PRE_DEFINED_CURVE_FONT('continuous');
#4930 = STYLED_ITEM('color',(#4931),#650);
#4931 = PRESENTATION_STYLE_ASSIGNMENT((#4932,#4937));
#4932 = SURFACE_STYLE_USAGE(.BOTH.,#4933);
#4933 = SURFACE_SIDE_STYLE('',(#4934));
#4934 = SURFACE_STYLE_FILL_AREA(#4935);
#4935 = FILL_AREA_STYLE('',(#4936));
#4936 = FILL_AREA_STYLE_COLOUR('',#4563);
#4937 = CURVE_STYLE('',#4938,POSITIVE_LENGTH_MEASURE(0.1),#4566);
#4938 = DRAUGHTING_PRE_DEFINED_CURVE_FONT('continuous');
#4939 = STYLED_ITEM('color',(#4940),#658);
#4940 = PRESENTATION_STYLE_ASSIGNMENT((#4941,#4946));
#4941 = SURFACE_STYLE_USAGE(.BOTH.,#4942);
#4942 = SURFACE_SIDE_STYLE('',(#4943));
#4943 = SURFACE_STYLE_FILL_AREA(#4944);
#4944 = FILL_AREA_STYLE('',(#4945));
#4945 = FILL_AREA_STYLE_COLOUR('',#4563);
#4946 = CURVE_STYLE('',#4947,POSITIVE_LENGTH_MEASURE(0.1),#4566);
#4947 = DRAUGHTING_PRE_DEFINED_CURVE_FONT('continuous');
#4948 = STYLED_ITEM('color',(#4949),#680);
#4949 = PRESENTATION_STYLE_ASSIGNMENT((#4950,#4955));
#4950 = SURFACE_STYLE_USAGE(.BOTH.,#4951);
#4951 = SURFACE_SIDE_STYLE('',(#4952));
#4952 = SURFACE_STYLE_FILL_AREA(#4953);
#4953 = FILL_AREA_STYLE('',(#4954));
#4954 = FILL_AREA_STYLE_COLOUR('',#4563);
#4955 = CURVE_STYLE('',#4956,POSITIVE_LENGTH_MEASURE(0.1),#4566);
#4956 = DRAUGHTING_PRE_DEFINED_CURVE_FONT('continuous');
#4957 = STYLED_ITEM('color',(#4958),#688);
#4958 = PRESENTATION_STYLE_ASSIGNMENT((#4959,#4964));
#4959 = SURFACE_STYLE_USAGE(.BOTH.,#4960);
#4960 = SURFACE_SIDE_STYLE('',(#4961));
#4961 = SURFACE_STYLE_FILL_AREA(#4962);
#4962 = FILL_AREA_STYLE('',(#4963));
#4963 = FILL_AREA_STYLE_COLOUR('',#4563);
#4964 = CURVE_STYLE('',#4965,POSITIVE_LENGTH_MEASURE(0.1),#4566);
#4965 = DRAUGHTING_PRE_DEFINED_CURVE_FONT('continuous');
#4966 = STYLED_ITEM('color',(#4967),#711);
#4967 = PRESENTATION_STYLE_ASSIGNMENT((#4968,#4973));
#4968 = SURFACE_STYLE_USAGE(.BOTH.,#4969);
#4969 = SURFACE_SIDE_STYLE('',(#4970));
#4970 = SURFACE_STYLE_FILL_AREA(#4971);
#4971 = FILL_AREA_STYLE('',(#4972));
#4972 = FILL_AREA_STYLE_COLOUR('',#4563);
#4973 = CURVE_STYLE('',#4974,POSITIVE_LENGTH_MEASURE(0.1),#4566);
#4974 = DRAUGHTING_PRE_DEFINED_CURVE_FONT('continuous');
#4975 = STYLED_ITEM('color',(#4976),#719);
#4976 = PRESENTATION_STYLE_ASSIGNMENT((#4977,#4982));
#4977 = SURFACE_STYLE_USAGE(.BOTH.,#4978);
#4978 = SURFACE_SIDE_STYLE('',(#4979));
#4979 = SURFACE_STYLE_FILL_AREA(#4980);
#4980 = FILL_AREA_STYLE('',(#4981));
#4981 = FILL_AREA_STYLE_COLOUR('',#4563);
#4982 = CURVE_STYLE('',#4983,POSITIVE_LENGTH_MEASURE(0.1),#4566);
#4983 = DRAUGHTING_PRE_DEFINED_CURVE_FONT('continuous');
#4984 = STYLED_ITEM('color',(#4985),#790);
#4985 = PRESENTATION_STYLE_ASSIGNMENT((#4986,#4991));
#4986 = SURFACE_STYLE_USAGE(.BOTH.,#4987);
#4987 = SURFACE_SIDE_STYLE('',(#4988));
#4988 = SURFACE_STYLE_FILL_AREA(#4989);
#4989 = FILL_AREA_STYLE('',(#4990));
#4990 = FILL_AREA_STYLE_COLOUR('',#4563);
#4991 = CURVE_STYLE('',#4992,POSITIVE_LENGTH_MEASURE(0.1),#4566);
#4992 = DRAUGHTING_PRE_DEFINED_CURVE_FONT('continuous');
#4993 = STYLED_ITEM('color',(#4994),#792);
#4994 = PRESENTATION_STYLE_ASSIGNMENT((#4995,#5000));
#4995 = SURFACE_STYLE_USAGE(.BOTH.,#4996);
#4996 = SURFACE_SIDE_STYLE('',(#4997));
#4997 = SURFACE_STYLE_FILL_AREA(#4998);
#4998 = FILL_AREA_STYLE('',(#4999));
#4999 = FILL_AREA_STYLE_COLOUR('',#4563);
#5000 = CURVE_STYLE('',#5001,POSITIVE_LENGTH_MEASURE(0.1),#4566);
#5001 = DRAUGHTING_PRE_DEFINED_CURVE_FONT('continuous');
#5002 = STYLED_ITEM('color',(#5003),#800);
#5003 = PRESENTATION_STYLE_ASSIGNMENT((#5004,#5009));
#5004 = SURFACE_STYLE_USAGE(.BOTH.,#5005);
#5005 = SURFACE_SIDE_STYLE('',(#5006));
#5006 = SURFACE_STYLE_FILL_AREA(#5007);
#5007 = FILL_AREA_STYLE('',(#5008));
#5008 = FILL_AREA_STYLE_COLOUR('',#4563);
#5009 = CURVE_STYLE('',#5010,POSITIVE_LENGTH_MEASURE(0.1),#4566);
#5010 = DRAUGHTING_PRE_DEFINED_CURVE_FONT('continuous');
#5011 = STYLED_ITEM('color',(#5012),#808);
#5012 = PRESENTATION_STYLE_ASSIGNMENT((#5013,#5018));
#5013 = SURFACE_STYLE_USAGE(.BOTH.,#5014);
#5014 = SURFACE_SIDE_STYLE('',(#5015));
#5015 = SURFACE_STYLE_FILL_AREA(#5016);
#5016 = FILL_AREA_STYLE('',(#5017));
#5017 = FILL_AREA_STYLE_COLOUR('',#4563);
#5018 = CURVE_STYLE('',#5019,POSITIVE_LENGTH_MEASURE(0.1),#4566);
#5019 = DRAUGHTING_PRE_DEFINED_CURVE_FONT('continuous');
#5020 = STYLED_ITEM('color',(#5021),#830);
#5021 = PRESENTATION_STYLE_ASSIGNMENT((#5022,#5027));
#5022 = SURFACE_STYLE_USAGE(.BOTH.,#5023);
#5023 = SURFACE_SIDE_STYLE('',(#5024));
#5024 = SURFACE_STYLE_FILL_AREA(#5025);
#5025 = FILL_AREA_STYLE('',(#5026));
#5026 = FILL_AREA_STYLE_COLOUR('',#4563);
#5027 = CURVE_STYLE('',#5028,POSITIVE_LENGTH_MEASURE(0.1),#4566);
#5028 = DRAUGHTING_PRE_DEFINED_CURVE_FONT('continuous');
#5029 = STYLED_ITEM('color',(#5030),#838);
#5030 = PRESENTATION_STYLE_ASSIGNMENT((#5031,#5036));
#5031 = SURFACE_STYLE_USAGE(.BOTH.,#5032);
#5032 = SURFACE_SIDE_STYLE('',(#5033));
#5033 = SURFACE_STYLE_FILL_AREA(#5034);
#5034 = FILL_AREA_STYLE('',(#5035));
#5035 = FILL_AREA_STYLE_COLOUR('',#4563);
#5036 = CURVE_STYLE('',#5037,POSITIVE_LENGTH_MEASURE(0.1),#4566);
#5037 = DRAUGHTING_PRE_DEFINED_CURVE_FONT('continuous');
#5038 = STYLED_ITEM('color',(#5039),#861);
#5039 = PRESENTATION_STYLE_ASSIGNMENT((#5040,#5045));
#5040 = SURFACE_STYLE_USAGE(.BOTH.,#5041);
#5041 = SURFACE_SIDE_STYLE('',(#5042));
#5042 = SURFACE_STYLE_FILL_AREA(#5043);
#5043 = FILL_AREA_STYLE('',(#5044));
#5044 = FILL_AREA_STYLE_COLOUR('',#4563);
#5045 = CURVE_STYLE('',#5046,POSITIVE_LENGTH_MEASURE(0.1),#4566);
#5046 = DRAUGHTING_PRE_DEFINED_CURVE_FONT('continuous');
#5047 = STYLED_ITEM('color',(#5048),#869);
#5048 = PRESENTATION_STYLE_ASSIGNMENT((#5049,#5054));
#5049 = SURFACE_STYLE_USAGE(.BOTH.,#5050);
#5050 = SURFACE_SIDE_STYLE('',(#5051));
#5051 = SURFACE_STYLE_FILL_AREA(#5052);
#5052 = FILL_AREA_STYLE('',(#5053));
#5053 = FILL_AREA_STYLE_COLOUR('',#4563);
#5054 = CURVE_STYLE('',#5055,POSITIVE_LENGTH_MEASURE(0.1),#4566);
#5055 = DRAUGHTING_PRE_DEFINED_CURVE_FONT('continuous');
#5056 = STYLED_ITEM('color',(#5057),#940);
#5057 = PRESENTATION_STYLE_ASSIGNMENT((#5058,#5063));
#5058 = SURFACE_STYLE_USAGE(.BOTH.,#5059);
#5059 = SURFACE_SIDE_STYLE('',(#5060));
#5060 = SURFACE_STYLE_FILL_AREA(#5061);
#5061 = FILL_AREA_STYLE('',(#5062));
#5062 = FILL_AREA_STYLE_COLOUR('',#4563);
#5063 = CURVE_STYLE('',#5064,POSITIVE_LENGTH_MEASURE(0.1),#4566);
#5064 = DRAUGHTING_PRE_DEFINED_CURVE_FONT('continuous');
#5065 = STYLED_ITEM('color',(#5066),#942);
#5066 = PRESENTATION_STYLE_ASSIGNMENT((#5067,#5072));
#5067 = SURFACE_STYLE_USAGE(.BOTH.,#5068);
#5068 = SURFACE_SIDE_STYLE('',(#5069));
#5069 = SURFACE_STYLE_FILL_AREA(#5070);
#5070 = FILL_AREA_STYLE('',(#5071));
#5071 = FILL_AREA_STYLE_COLOUR('',#4563);
#5072 = CURVE_STYLE('',#5073,POSITIVE_LENGTH_MEASURE(0.1),#4566);
#5073 = DRAUGHTING_PRE_DEFINED_CURVE_FONT('continuous');
#5074 = STYLED_ITEM('color',(#5075),#950);
#5075 = PRESENTATION_STYLE_ASSIGNMENT((#5076,#5081));
#5076 = SURFACE_STYLE_USAGE(.BOTH.,#5077);
#5077 = SURFACE_SIDE_STYLE('',(#5078));
#5078 = SURFACE_STYLE_FILL_AREA(#5079);
#5079 = FILL_AREA_STYLE('',(#5080));
#5080 = FILL_AREA_STYLE_COLOUR('',#4563);
#5081 = CURVE_STYLE('',#5082,POSITIVE_LENGTH_MEASURE(0.1),#4566);
#5082 = DRAUGHTING_PRE_DEFINED_CURVE_FONT('continuous');
#5083 = STYLED_ITEM('color',(#5084),#958);
#5084 = PRESENTATION_STYLE_ASSIGNMENT((#5085,#5090));
#5085 = SURFACE_STYLE_USAGE(.BOTH.,#5086);
#5086 = SURFACE_SIDE_STYLE('',(#5087));
#5087 = SURFACE_STYLE_FILL_AREA(#5088);
#5088 = FILL_AREA_STYLE('',(#5089));
#5089 = FILL_AREA_STYLE_COLOUR('',#4563);
#5090 = CURVE_STYLE('',#5091,POSITIVE_LENGTH_MEASURE(0.1),#4566);
#5091 = DRAUGHTING_PRE_DEFINED_CURVE_FONT('continuous');
#5092 = STYLED_ITEM('color',(#5093),#981);
#5093 = PRESENTATION_STYLE_ASSIGNMENT((#5094,#5099));
#5094 = SURFACE_STYLE_USAGE(.BOTH.,#5095);
#5095 = SURFACE_SIDE_STYLE('',(#5096));
#5096 = SURFACE_STYLE_FILL_AREA(#5097);
#5097 = FILL_AREA_STYLE('',(#5098));
#5098 = FILL_AREA_STYLE_COLOUR('',#4563);
#5099 = CURVE_STYLE('',#5100,POSITIVE_LENGTH_MEASURE(0.1),#4566);
#5100 = DRAUGHTING_PRE_DEFINED_CURVE_FONT('continuous');
#5101 = STYLED_ITEM('color',(#5102),#989);
#5102 = PRESENTATION_STYLE_ASSIGNMENT((#5103,#5108));
#5103 = SURFACE_STYLE_USAGE(.BOTH.,#5104);
#5104 = SURFACE_SIDE_STYLE('',(#5105));
#5105 = SURFACE_STYLE_FILL_AREA(#5106);
#5106 = FILL_AREA_STYLE('',(#5107));
#5107 = FILL_AREA_STYLE_COLOUR('',#4563);
#5108 = CURVE_STYLE('',#5109,POSITIVE_LENGTH_MEASURE(0.1),#4566);
#5109 = DRAUGHTING_PRE_DEFINED_CURVE_FONT('continuous');
#5110 = STYLED_ITEM('color',(#5111),#1012);
#5111 = PRESENTATION_STYLE_ASSIGNMENT((#5112,#5117));
#5112 = SURFACE_STYLE_USAGE(.BOTH.,#5113);
#5113 = SURFACE_SIDE_STYLE('',(#5114));
#5114 = SURFACE_STYLE_FILL_AREA(#5115);
#5115 = FILL_AREA_STYLE('',(#5116));
#5116 = FILL_AREA_STYLE_COLOUR('',#4563);
#5117 = CURVE_STYLE('',#5118,POSITIVE_LENGTH_MEASURE(0.1),#4566);
#5118 = DRAUGHTING_PRE_DEFINED_CURVE_FONT('continuous');
#5119 = STYLED_ITEM('color',(#5120),#1020);
#5120 = PRESENTATION_STYLE_ASSIGNMENT((#5121,#5126));
#5121 = SURFACE_STYLE_USAGE(.BOTH.,#5122);
#5122 = SURFACE_SIDE_STYLE('',(#5123));
#5123 = SURFACE_STYLE_FILL_AREA(#5124);
#5124 = FILL_AREA_STYLE('',(#5125));
#5125 = FILL_AREA_STYLE_COLOUR('',#4563);
#5126 = CURVE_STYLE('',#5127,POSITIVE_LENGTH_MEASURE(0.1),#4566);
#5127 = DRAUGHTING_PRE_DEFINED_CURVE_FONT('continuous');
#5128 = STYLED_ITEM('color',(#5129),#1042);
#5129 = PRESENTATION_STYLE_ASSIGNMENT((#5130,#5135));
#5130 = SURFACE_STYLE_USAGE(.BOTH.,#5131);
#5131 = SURFACE_SIDE_STYLE('',(#5132));
#5132 = SURFACE_STYLE_FILL_AREA(#5133);
#5133 = FILL_AREA_STYLE('',(#5134));
#5134 = FILL_AREA_STYLE_COLOUR('',#4563);
#5135 = CURVE_STYLE('',#5136,POSITIVE_LENGTH_MEASURE(0.1),#4566);
#5136 = DRAUGHTING_PRE_DEFINED_CURVE_FONT('continuous');
#5137 = STYLED_ITEM('color',(#5138),#1044);
#5138 = PRESENTATION_STYLE_ASSIGNMENT((#5139,#5144));
#5139 = SURFACE_STYLE_USAGE(.BOTH.,#5140);
#5140 = SURFACE_SIDE_STYLE('',(#5141));
#5141 = SURFACE_STYLE_FILL_AREA(#5142);
#5142 = FILL_AREA_STYLE('',(#5143));
#5143 = FILL_AREA_STYLE_COLOUR('',#4563);
#5144 = CURVE_STYLE('',#5145,POSITIVE_LENGTH_MEASURE(0.1),#4566);
#5145 = DRAUGHTING_PRE_DEFINED_CURVE_FONT('continuous');
#5146 = STYLED_ITEM('color',(#5147),#1052);
#5147 = PRESENTATION_STYLE_ASSIGNMENT((#5148,#5153));
#5148 = SURFACE_STYLE_USAGE(.BOTH.,#5149);
#5149 = SURFACE_SIDE_STYLE('',(#5150));
#5150 = SURFACE_STYLE_FILL_AREA(#5151);
#5151 = FILL_AREA_STYLE('',(#5152));
#5152 = FILL_AREA_STYLE_COLOUR('',#4563);
#5153 = CURVE_STYLE('',#5154,POSITIVE_LENGTH_MEASURE(0.1),#4566);
#5154 = DRAUGHTING_PRE_DEFINED_CURVE_FONT('continuous');
#5155 = STYLED_ITEM('color',(#5156),#1060);
#5156 = PRESENTATION_STYLE_ASSIGNMENT((#5157,#5162));
#5157 = SURFACE_STYLE_USAGE(.BOTH.,#5158);
#5158 = SURFACE_SIDE_STYLE('',(#5159));
#5159 = SURFACE_STYLE_FILL_AREA(#5160);
#5160 = FILL_AREA_STYLE('',(#5161));
#5161 = FILL_AREA_STYLE_COLOUR('',#4563);
#5162 = CURVE_STYLE('',#5163,POSITIVE_LENGTH_MEASURE(0.1),#4566);
#5163 = DRAUGHTING_PRE_DEFINED_CURVE_FONT('continuous');
#5164 = STYLED_ITEM('color',(#5165),#1082);
#5165 = PRESENTATION_STYLE_ASSIGNMENT((#5166,#5171));
#5166 = SURFACE_STYLE_USAGE(.BOTH.,#5167);
#5167 = SURFACE_SIDE_STYLE('',(#5168));
#5168 = SURFACE_STYLE_FILL_AREA(#5169);
#5169 = FILL_AREA_STYLE('',(#5170));
#5170 = FILL_AREA_STYLE_COLOUR('',#4563);
#5171 = CURVE_STYLE('',#5172,POSITIVE_LENGTH_MEASURE(0.1),#4566);
#5172 = DRAUGHTING_PRE_DEFINED_CURVE_FONT('continuous');
#5173 = STYLED_ITEM('color',(#5174),#1084);
#5174 = PRESENTATION_STYLE_ASSIGNMENT((#5175,#5180));
#5175 = SURFACE_STYLE_USAGE(.BOTH.,#5176);
#5176 = SURFACE_SIDE_STYLE('',(#5177));
#5177 = SURFACE_STYLE_FILL_AREA(#5178);
#5178 = FILL_AREA_STYLE('',(#5179));
#5179 = FILL_AREA_STYLE_COLOUR('',#4563);
#5180 = CURVE_STYLE('',#5181,POSITIVE_LENGTH_MEASURE(0.1),#4566);
#5181 = DRAUGHTING_PRE_DEFINED_CURVE_FONT('continuous');
#5182 = STYLED_ITEM('color',(#5183),#1092);
#5183 = PRESENTATION_STYLE_ASSIGNMENT((#5184,#5189));
#5184 = SURFACE_STYLE_USAGE(.BOTH.,#5185);
#5185 = SURFACE_SIDE_STYLE('',(#5186));
#5186 = SURFACE_STYLE_FILL_AREA(#5187);
#5187 = FILL_AREA_STYLE('',(#5188));
#5188 = FILL_AREA_STYLE_COLOUR('',#4563);
#5189 = CURVE_STYLE('',#5190,POSITIVE_LENGTH_MEASURE(0.1),#4566);
#5190 = DRAUGHTING_PRE_DEFINED_CURVE_FONT('continuous');
#5191 = STYLED_ITEM('color',(#5192),#1100);
#5192 = PRESENTATION_STYLE_ASSIGNMENT((#5193,#5198));
#5193 = SURFACE_STYLE_USAGE(.BOTH.,#5194);
#5194 = SURFACE_SIDE_STYLE('',(#5195));
#5195 = SURFACE_STYLE_FILL_AREA(#5196);
#5196 = FILL_AREA_STYLE('',(#5197));
#5197 = FILL_AREA_STYLE_COLOUR('',#4563);
#5198 = CURVE_STYLE('',#5199,POSITIVE_LENGTH_MEASURE(0.1),#4566);
#5199 = DRAUGHTING_PRE_DEFINED_CURVE_FONT('continuous');
#5200 = STYLED_ITEM('color',(#5201),#1122);
#5201 = PRESENTATION_STYLE_ASSIGNMENT((#5202,#5207));
#5202 = SURFACE_STYLE_USAGE(.BOTH.,#5203);
#5203 = SURFACE_SIDE_STYLE('',(#5204));
#5204 = SURFACE_STYLE_FILL_AREA(#5205);
#5205 = FILL_AREA_STYLE('',(#5206));
#5206 = FILL_AREA_STYLE_COLOUR('',#4563);
#5207 = CURVE_STYLE('',#5208,POSITIVE_LENGTH_MEASURE(0.1),#4566);
#5208 = DRAUGHTING_PRE_DEFINED_CURVE_FONT('continuous');
#5209 = STYLED_ITEM('color',(#5210),#1124);
#5210 = PRESENTATION_STYLE_ASSIGNMENT((#5211,#5216));
#5211 = SURFACE_STYLE_USAGE(.BOTH.,#5212);
#5212 = SURFACE_SIDE_STYLE('',(#5213));
#5213 = SURFACE_STYLE_FILL_AREA(#5214);
#5214 = FILL_AREA_STYLE('',(#5215));
#5215 = FILL_AREA_STYLE_COLOUR('',#4563);
#5216 = CURVE_STYLE('',#5217,POSITIVE_LENGTH_MEASURE(0.1),#4566);
#5217 = DRAUGHTING_PRE_DEFINED_CURVE_FONT('continuous');
#5218 = STYLED_ITEM('color',(#5219),#1132);
#5219 = PRESENTATION_STYLE_ASSIGNMENT((#5220,#5225));
#5220 = SURFACE_STYLE_USAGE(.BOTH.,#5221);
#5221 = SURFACE_SIDE_STYLE('',(#5222));
#5222 = SURFACE_STYLE_FILL_AREA(#5223);
#5223 = FILL_AREA_STYLE('',(#5224));
#5224 = FILL_AREA_STYLE_COLOUR('',#4563);
#5225 = CURVE_STYLE('',#5226,POSITIVE_LENGTH_MEASURE(0.1),#4566);
#5226 = DRAUGHTING_PRE_DEFINED_CURVE_FONT('continuous');
#5227 = STYLED_ITEM('color',(#5228),#1140);
#5228 = PRESENTATION_STYLE_ASSIGNMENT((#5229,#5234));
#5229 = SURFACE_STYLE_USAGE(.BOTH.,#5230);
#5230 = SURFACE_SIDE_STYLE('',(#5231));
#5231 = SURFACE_STYLE_FILL_AREA(#5232);
#5232 = FILL_AREA_STYLE('',(#5233));
#5233 = FILL_AREA_STYLE_COLOUR('',#4563);
#5234 = CURVE_STYLE('',#5235,POSITIVE_LENGTH_MEASURE(0.1),#4566);
#5235 = DRAUGHTING_PRE_DEFINED_CURVE_FONT('continuous');
#5236 = STYLED_ITEM('color',(#5237),#1162);
#5237 = PRESENTATION_STYLE_ASSIGNMENT((#5238,#5243));
#5238 = SURFACE_STYLE_USAGE(.BOTH.,#5239);
#5239 = SURFACE_SIDE_STYLE('',(#5240));
#5240 = SURFACE_STYLE_FILL_AREA(#5241);
#5241 = FILL_AREA_STYLE('',(#5242));
#5242 = FILL_AREA_STYLE_COLOUR('',#4563);
#5243 = CURVE_STYLE('',#5244,POSITIVE_LENGTH_MEASURE(0.1),#4566);
#5244 = DRAUGHTING_PRE_DEFINED_CURVE_FONT('continuous');
#5245 = STYLED_ITEM('color',(#5246),#1164);
#5246 = PRESENTATION_STYLE_ASSIGNMENT((#5247,#5252));
#5247 = SURFACE_STYLE_USAGE(.BOTH.,#5248);
#5248 = SURFACE_SIDE_STYLE('',(#5249));
#5249 = SURFACE_STYLE_FILL_AREA(#5250);
#5250 = FILL_AREA_STYLE('',(#5251));
#5251 = FILL_AREA_STYLE_COLOUR('',#4563);
#5252 = CURVE_STYLE('',#5253,POSITIVE_LENGTH_MEASURE(0.1),#4566);
#5253 = DRAUGHTING_PRE_DEFINED_CURVE_FONT('continuous');
#5254 = STYLED_ITEM('color',(#5255),#1172);
#5255 = PRESENTATION_STYLE_ASSIGNMENT((#5256,#5261));
#5256 = SURFACE_STYLE_USAGE(.BOTH.,#5257);
#5257 = SURFACE_SIDE_STYLE('',(#5258));
#5258 = SURFACE_STYLE_FILL_AREA(#5259);
#5259 = FILL_AREA_STYLE('',(#5260));
#5260 = FILL_AREA_STYLE_COLOUR('',#4563);
#5261 = CURVE_STYLE('',#5262,POSITIVE_LENGTH_MEASURE(0.1),#4566);
#5262 = DRAUGHTING_PRE_DEFINED_CURVE_FONT('continuous');
#5263 = STYLED_ITEM('color',(#5264),#1180);
#5264 = PRESENTATION_STYLE_ASSIGNMENT((#5265,#5270));
#5265 = SURFACE_STYLE_USAGE(.BOTH.,#5266);
#5266 = SURFACE_SIDE_STYLE('',(#5267));
#5267 = SURFACE_STYLE_FILL_AREA(#5268);
#5268 = FILL_AREA_STYLE('',(#5269));
#5269 = FILL_AREA_STYLE_COLOUR('',#4563);
#5270 = CURVE_STYLE('',#5271,POSITIVE_LENGTH_MEASURE(0.1),#4566);
#5271 = DRAUGHTING_PRE_DEFINED_CURVE_FONT('continuous');
#5272 = STYLED_ITEM('color',(#5273),#1362);
#5273 = PRESENTATION_STYLE_ASSIGNMENT((#5274,#5279));
#5274 = SURFACE_STYLE_USAGE(.BOTH.,#5275);
#5275 = SURFACE_SIDE_STYLE('',(#5276));
#5276 = SURFACE_STYLE_FILL_AREA(#5277);
#5277 = FILL_AREA_STYLE('',(#5278));
#5278 = FILL_AREA_STYLE_COLOUR('',#4563);
#5279 = CURVE_STYLE('',#5280,POSITIVE_LENGTH_MEASURE(0.1),#4566);
#5280 = DRAUGHTING_PRE_DEFINED_CURVE_FONT('continuous');
#5281 = STYLED_ITEM('color',(#5282),#1364);
#5282 = PRESENTATION_STYLE_ASSIGNMENT((#5283,#5288));
#5283 = SURFACE_STYLE_USAGE(.BOTH.,#5284);
#5284 = SURFACE_SIDE_STYLE('',(#5285));
#5285 = SURFACE_STYLE_FILL_AREA(#5286);
#5286 = FILL_AREA_STYLE('',(#5287));
#5287 = FILL_AREA_STYLE_COLOUR('',#4563);
#5288 = CURVE_STYLE('',#5289,POSITIVE_LENGTH_MEASURE(0.1),#4566);
#5289 = DRAUGHTING_PRE_DEFINED_CURVE_FONT('continuous');
#5290 = STYLED_ITEM('color',(#5291),#1372);
#5291 = PRESENTATION_STYLE_ASSIGNMENT((#5292,#5297));
#5292 = SURFACE_STYLE_USAGE(.BOTH.,#5293);
#5293 = SURFACE_SIDE_STYLE('',(#5294));
#5294 = SURFACE_STYLE_FILL_AREA(#5295);
#5295 = FILL_AREA_STYLE('',(#5296));
#5296 = FILL_AREA_STYLE_COLOUR('',#4563);
#5297 = CURVE_STYLE('',#5298,POSITIVE_LENGTH_MEASURE(0.1),#4566);
#5298 = DRAUGHTING_PRE_DEFINED_CURVE_FONT('continuous');
#5299 = STYLED_ITEM('color',(#5300),#1380);
#5300 = PRESENTATION_STYLE_ASSIGNMENT((#5301,#5306));
#5301 = SURFACE_STYLE_USAGE(.BOTH.,#5302);
#5302 = SURFACE_SIDE_STYLE('',(#5303));
#5303 = SURFACE_STYLE_FILL_AREA(#5304);
#5304 = FILL_AREA_STYLE('',(#5305));
#5305 = FILL_AREA_STYLE_COLOUR('',#4563);
#5306 = CURVE_STYLE('',#5307,POSITIVE_LENGTH_MEASURE(0.1),#4566);
#5307 = DRAUGHTING_PRE_DEFINED_CURVE_FONT('continuous');
#5308 = STYLED_ITEM('color',(#5309),#1403);
#5309 = PRESENTATION_STYLE_ASSIGNMENT((#5310,#5315));
#5310 = SURFACE_STYLE_USAGE(.BOTH.,#5311);
#5311 = SURFACE_SIDE_STYLE('',(#5312));
#5312 = SURFACE_STYLE_FILL_AREA(#5313);
#5313 = FILL_AREA_STYLE('',(#5314));
#5314 = FILL_AREA_STYLE_COLOUR('',#4563);
#5315 = CURVE_STYLE('',#5316,POSITIVE_LENGTH_MEASURE(0.1),#4566);
#5316 = DRAUGHTING_PRE_DEFINED_CURVE_FONT('continuous');
#5317 = STYLED_ITEM('color',(#5318),#1411);
#5318 = PRESENTATION_STYLE_ASSIGNMENT((#5319,#5324));
#5319 = SURFACE_STYLE_USAGE(.BOTH.,#5320);
#5320 = SURFACE_SIDE_STYLE('',(#5321));
#5321 = SURFACE_STYLE_FILL_AREA(#5322);
#5322 = FILL_AREA_STYLE('',(#5323));
#5323 = FILL_AREA_STYLE_COLOUR('',#4563);
#5324 = CURVE_STYLE('',#5325,POSITIVE_LENGTH_MEASURE(0.1),#4566);
#5325 = DRAUGHTING_PRE_DEFINED_CURVE_FONT('continuous');
#5326 = STYLED_ITEM('color',(#5327),#1434);
#5327 = PRESENTATION_STYLE_ASSIGNMENT((#5328,#5333));
#5328 = SURFACE_STYLE_USAGE(.BOTH.,#5329);
#5329 = SURFACE_SIDE_STYLE('',(#5330));
#5330 = SURFACE_STYLE_FILL_AREA(#5331);
#5331 = FILL_AREA_STYLE('',(#5332));
#5332 = FILL_AREA_STYLE_COLOUR('',#4563);
#5333 = CURVE_STYLE('',#5334,POSITIVE_LENGTH_MEASURE(0.1),#4566);
#5334 = DRAUGHTING_PRE_DEFINED_CURVE_FONT('continuous');
#5335 = STYLED_ITEM('color',(#5336),#1442);
#5336 = PRESENTATION_STYLE_ASSIGNMENT((#5337,#5342));
#5337 = SURFACE_STYLE_USAGE(.BOTH.,#5338);
#5338 = SURFACE_SIDE_STYLE('',(#5339));
#5339 = SURFACE_STYLE_FILL_AREA(#5340);
#5340 = FILL_AREA_STYLE('',(#5341));
#5341 = FILL_AREA_STYLE_COLOUR('',#4563);
#5342 = CURVE_STYLE('',#5343,POSITIVE_LENGTH_MEASURE(0.1),#4566);
#5343 = DRAUGHTING_PRE_DEFINED_CURVE_FONT('continuous');
#5344 = STYLED_ITEM('color',(#5345),#1464);
#5345 = PRESENTATION_STYLE_ASSIGNMENT((#5346,#5351));
#5346 = SURFACE_STYLE_USAGE(.BOTH.,#5347);
#5347 = SURFACE_SIDE_STYLE('',(#5348));
#5348 = SURFACE_STYLE_FILL_AREA(#5349);
#5349 = FILL_AREA_STYLE('',(#5350));
#5350 = FILL_AREA_STYLE_COLOUR('',#4563);
#5351 = CURVE_STYLE('',#5352,POSITIVE_LENGTH_MEASURE(0.1),#4566);
#5352 = DRAUGHTING_PRE_DEFINED_CURVE_FONT('continuous');
#5353 = STYLED_ITEM('color',(#5354),#1466);
#5354 = PRESENTATION_STYLE_ASSIGNMENT((#5355,#5360));
#5355 = SURFACE_STYLE_USAGE(.BOTH.,#5356);
#5356 = SURFACE_SIDE_STYLE('',(#5357));
#5357 = SURFACE_STYLE_FILL_AREA(#5358);
#5358 = FILL_AREA_STYLE('',(#5359));
#5359 = FILL_AREA_STYLE_COLOUR('',#4563);
#5360 = CURVE_STYLE('',#5361,POSITIVE_LENGTH_MEASURE(0.1),#4566);
#5361 = DRAUGHTING_PRE_DEFINED_CURVE_FONT('continuous');
#5362 = STYLED_ITEM('color',(#5363),#1474);
#5363 = PRESENTATION_STYLE_ASSIGNMENT((#5364,#5369));
#5364 = SURFACE_STYLE_USAGE(.BOTH.,#5365);
#5365 = SURFACE_SIDE_STYLE('',(#5366));
#5366 = SURFACE_STYLE_FILL_AREA(#5367);
#5367 = FILL_AREA_STYLE('',(#5368));
#5368 = FILL_AREA_STYLE_COLOUR('',#4563);
#5369 = CURVE_STYLE('',#5370,POSITIVE_LENGTH_MEASURE(0.1),#4566);
#5370 = DRAUGHTING_PRE_DEFINED_CURVE_FONT('continuous');
#5371 = STYLED_ITEM('color',(#5372),#1482);
#5372 = PRESENTATION_STYLE_ASSIGNMENT((#5373,#5378));
#5373 = SURFACE_STYLE_USAGE(.BOTH.,#5374);
#5374 = SURFACE_SIDE_STYLE('',(#5375));
#5375 = SURFACE_STYLE_FILL_AREA(#5376);
#5376 = FILL_AREA_STYLE('',(#5377));
#5377 = FILL_AREA_STYLE_COLOUR('',#4563);
#5378 = CURVE_STYLE('',#5379,POSITIVE_LENGTH_MEASURE(0.1),#4566);
#5379 = DRAUGHTING_PRE_DEFINED_CURVE_FONT('continuous');
#5380 = STYLED_ITEM('color',(#5381),#1504);
#5381 = PRESENTATION_STYLE_ASSIGNMENT((#5382,#5387));
#5382 = SURFACE_STYLE_USAGE(.BOTH.,#5383);
#5383 = SURFACE_SIDE_STYLE('',(#5384));
#5384 = SURFACE_STYLE_FILL_AREA(#5385);
#5385 = FILL_AREA_STYLE('',(#5386));
#5386 = FILL_AREA_STYLE_COLOUR('',#4563);
#5387 = CURVE_STYLE('',#5388,POSITIVE_LENGTH_MEASURE(0.1),#4566);
#5388 = DRAUGHTING_PRE_DEFINED_CURVE_FONT('continuous');
#5389 = STYLED_ITEM('color',(#5390),#1506);
#5390 = PRESENTATION_STYLE_ASSIGNMENT((#5391,#5396));
#5391 = SURFACE_STYLE_USAGE(.BOTH.,#5392);
#5392 = SURFACE_SIDE_STYLE('',(#5393));
#5393 = SURFACE_STYLE_FILL_AREA(#5394);
#5394 = FILL_AREA_STYLE('',(#5395));
#5395 = FILL_AREA_STYLE_COLOUR('',#4563);
#5396 = CURVE_STYLE('',#5397,POSITIVE_LENGTH_MEASURE(0.1),#4566);
#5397 = DRAUGHTING_PRE_DEFINED_CURVE_FONT('continuous');
#5398 = STYLED_ITEM('color',(#5399),#1514);
#5399 = PRESENTATION_STYLE_ASSIGNMENT((#5400,#5405));
#5400 = SURFACE_STYLE_USAGE(.BOTH.,#5401);
#5401 = SURFACE_SIDE_STYLE('',(#5402));
#5402 = SURFACE_STYLE_FILL_AREA(#5403);
#5403 = FILL_AREA_STYLE('',(#5404));
#5404 = FILL_AREA_STYLE_COLOUR('',#4563);
#5405 = CURVE_STYLE('',#5406,POSITIVE_LENGTH_MEASURE(0.1),#4566);
#5406 = DRAUGHTING_PRE_DEFINED_CURVE_FONT('continuous');
#5407 = STYLED_ITEM('color',(#5408),#1522);
#5408 = PRESENTATION_STYLE_ASSIGNMENT((#5409,#5414));
#5409 = SURFACE_STYLE_USAGE(.BOTH.,#5410);
#5410 = SURFACE_SIDE_STYLE('',(#5411));
#5411 = SURFACE_STYLE_FILL_AREA(#5412);
#5412 = FILL_AREA_STYLE('',(#5413));
#5413 = FILL_AREA_STYLE_COLOUR('',#4563);
#5414 = CURVE_STYLE('',#5415,POSITIVE_LENGTH_MEASURE(0.1),#4566);
#5415 = DRAUGHTING_PRE_DEFINED_CURVE_FONT('continuous');
#5416 = STYLED_ITEM('color',(#5417),#1544);
#5417 = PRESENTATION_STYLE_ASSIGNMENT((#5418,#5423));
#5418 = SURFACE_STYLE_USAGE(.BOTH.,#5419);
#5419 = SURFACE_SIDE_STYLE('',(#5420));
#5420 = SURFACE_STYLE_FILL_AREA(#5421);
#5421 = FILL_AREA_STYLE('',(#5422));
#5422 = FILL_AREA_STYLE_COLOUR('',#4563);
#5423 = CURVE_STYLE('',#5424,POSITIVE_LENGTH_MEASURE(0.1),#4566);
#5424 = DRAUGHTING_PRE_DEFINED_CURVE_FONT('continuous');
#5425 = STYLED_ITEM('color',(#5426),#1546);
#5426 = PRESENTATION_STYLE_ASSIGNMENT((#5427,#5432));
#5427 = SURFACE_STYLE_USAGE(.BOTH.,#5428);
#5428 = SURFACE_SIDE_STYLE('',(#5429));
#5429 = SURFACE_STYLE_FILL_AREA(#5430);
#5430 = FILL_AREA_STYLE('',(#5431));
#5431 = FILL_AREA_STYLE_COLOUR('',#4563);
#5432 = CURVE_STYLE('',#5433,POSITIVE_LENGTH_MEASURE(0.1),#4566);
#5433 = DRAUGHTING_PRE_DEFINED_CURVE_FONT('continuous');
#5434 = STYLED_ITEM('color',(#5435),#1554);
#5435 = PRESENTATION_STYLE_ASSIGNMENT((#5436,#5441));
#5436 = SURFACE_STYLE_USAGE(.BOTH.,#5437);
#5437 = SURFACE_SIDE_STYLE('',(#5438));
#5438 = SURFACE_STYLE_FILL_AREA(#5439);
#5439 = FILL_AREA_STYLE('',(#5440));
#5440 = FILL_AREA_STYLE_COLOUR('',#4563);
#5441 = CURVE_STYLE('',#5442,POSITIVE_LENGTH_MEASURE(0.1),#4566);
#5442 = DRAUGHTING_PRE_DEFINED_CURVE_FONT('continuous');
#5443 = STYLED_ITEM('color',(#5444),#1562);
#5444 = PRESENTATION_STYLE_ASSIGNMENT((#5445,#5450));
#5445 = SURFACE_STYLE_USAGE(.BOTH.,#5446);
#5446 = SURFACE_SIDE_STYLE('',(#5447));
#5447 = SURFACE_STYLE_FILL_AREA(#5448);
#5448 = FILL_AREA_STYLE('',(#5449));
#5449 = FILL_AREA_STYLE_COLOUR('',#4563);
#5450 = CURVE_STYLE('',#5451,POSITIVE_LENGTH_MEASURE(0.1),#4566);
#5451 = DRAUGHTING_PRE_DEFINED_CURVE_FONT('continuous');
#5452 = STYLED_ITEM('color',(#5453),#1584);
#5453 = PRESENTATION_STYLE_ASSIGNMENT((#5454,#5459));
#5454 = SURFACE_STYLE_USAGE(.BOTH.,#5455);
#5455 = SURFACE_SIDE_STYLE('',(#5456));
#5456 = SURFACE_STYLE_FILL_AREA(#5457);
#5457 = FILL_AREA_STYLE('',(#5458));
#5458 = FILL_AREA_STYLE_COLOUR('',#4563);
#5459 = CURVE_STYLE('',#5460,POSITIVE_LENGTH_MEASURE(0.1),#4566);
#5460 = DRAUGHTING_PRE_DEFINED_CURVE_FONT('continuous');
#5461 = STYLED_ITEM('color',(#5462),#1586);
#5462 = PRESENTATION_STYLE_ASSIGNMENT((#5463,#5468));
#5463 = SURFACE_STYLE_USAGE(.BOTH.,#5464);
#5464 = SURFACE_SIDE_STYLE('',(#5465));
#5465 = SURFACE_STYLE_FILL_AREA(#5466);
#5466 = FILL_AREA_STYLE('',(#5467));
#5467 = FILL_AREA_STYLE_COLOUR('',#4563);
#5468 = CURVE_STYLE('',#5469,POSITIVE_LENGTH_MEASURE(0.1),#4566);
#5469 = DRAUGHTING_PRE_DEFINED_CURVE_FONT('continuous');
#5470 = STYLED_ITEM('color',(#5471),#1594);
#5471 = PRESENTATION_STYLE_ASSIGNMENT((#5472,#5477));
#5472 = SURFACE_STYLE_USAGE(.BOTH.,#5473);
#5473 = SURFACE_SIDE_STYLE('',(#5474));
#5474 = SURFACE_STYLE_FILL_AREA(#5475);
#5475 = FILL_AREA_STYLE('',(#5476));
#5476 = FILL_AREA_STYLE_COLOUR('',#4563);
#5477 = CURVE_STYLE('',#5478,POSITIVE_LENGTH_MEASURE(0.1),#4566);
#5478 = DRAUGHTING_PRE_DEFINED_CURVE_FONT('continuous');
#5479 = STYLED_ITEM('color',(#5480),#1602);
#5480 = PRESENTATION_STYLE_ASSIGNMENT((#5481,#5486));
#5481 = SURFACE_STYLE_USAGE(.BOTH.,#5482);
#5482 = SURFACE_SIDE_STYLE('',(#5483));
#5483 = SURFACE_STYLE_FILL_AREA(#5484);
#5484 = FILL_AREA_STYLE('',(#5485));
#5485 = FILL_AREA_STYLE_COLOUR('',#4563);
#5486 = CURVE_STYLE('',#5487,POSITIVE_LENGTH_MEASURE(0.1),#4566);
#5487 = DRAUGHTING_PRE_DEFINED_CURVE_FONT('continuous');
#5488 = STYLED_ITEM('color',(#5489),#1784);
#5489 = PRESENTATION_STYLE_ASSIGNMENT((#5490,#5495));
#5490 = SURFACE_STYLE_USAGE(.BOTH.,#5491);
#5491 = SURFACE_SIDE_STYLE('',(#5492));
#5492 = SURFACE_STYLE_FILL_AREA(#5493);
#5493 = FILL_AREA_STYLE('',(#5494));
#5494 = FILL_AREA_STYLE_COLOUR('',#4563);
#5495 = CURVE_STYLE('',#5496,POSITIVE_LENGTH_MEASURE(0.1),#4566);
#5496 = DRAUGHTING_PRE_DEFINED_CURVE_FONT('continuous');
#5497 = STYLED_ITEM('color',(#5498),#1786);
#5498 = PRESENTATION_STYLE_ASSIGNMENT((#5499,#5504));
#5499 = SURFACE_STYLE_USAGE(.BOTH.,#5500);
#5500 = SURFACE_SIDE_STYLE('',(#5501));
#5501 = SURFACE_STYLE_FILL_AREA(#5502);
#5502 = FILL_AREA_STYLE('',(#5503));
#5503 = FILL_AREA_STYLE_COLOUR('',#4563);
#5504 = CURVE_STYLE('',#5505,POSITIVE_LENGTH_MEASURE(0.1),#4566);
#5505 = DRAUGHTING_PRE_DEFINED_CURVE_FONT('continuous');
#5506 = STYLED_ITEM('color',(#5507),#1794);
#5507 = PRESENTATION_STYLE_ASSIGNMENT((#5508,#5513));
#5508 = SURFACE_STYLE_USAGE(.BOTH.,#5509);
#5509 = SURFACE_SIDE_STYLE('',(#5510));
#5510 = SURFACE_STYLE_FILL_AREA(#5511);
#5511 = FILL_AREA_STYLE('',(#5512));
#5512 = FILL_AREA_STYLE_COLOUR('',#4563);
#5513 = CURVE_STYLE('',#5514,POSITIVE_LENGTH_MEASURE(0.1),#4566);
#5514 = DRAUGHTING_PRE_DEFINED_CURVE_FONT('continuous');
#5515 = STYLED_ITEM('color',(#5516),#1802);
#5516 = PRESENTATION_STYLE_ASSIGNMENT((#5517,#5522));
#5517 = SURFACE_STYLE_USAGE(.BOTH.,#5518);
#5518 = SURFACE_SIDE_STYLE('',(#5519));
#5519 = SURFACE_STYLE_FILL_AREA(#5520);
#5520 = FILL_AREA_STYLE('',(#5521));
#5521 = FILL_AREA_STYLE_COLOUR('',#4563);
#5522 = CURVE_STYLE('',#5523,POSITIVE_LENGTH_MEASURE(0.1),#4566);
#5523 = DRAUGHTING_PRE_DEFINED_CURVE_FONT('continuous');
#5524 = STYLED_ITEM('color',(#5525),#1824);
#5525 = PRESENTATION_STYLE_ASSIGNMENT((#5526,#5531));
#5526 = SURFACE_STYLE_USAGE(.BOTH.,#5527);
#5527 = SURFACE_SIDE_STYLE('',(#5528));
#5528 = SURFACE_STYLE_FILL_AREA(#5529);
#5529 = FILL_AREA_STYLE('',(#5530));
#5530 = FILL_AREA_STYLE_COLOUR('',#4563);
#5531 = CURVE_STYLE('',#5532,POSITIVE_LENGTH_MEASURE(0.1),#4566);
#5532 = DRAUGHTING_PRE_DEFINED_CURVE_FONT('continuous');
#5533 = STYLED_ITEM('color',(#5534),#1832);
#5534 = PRESENTATION_STYLE_ASSIGNMENT((#5535,#5540));
#5535 = SURFACE_STYLE_USAGE(.BOTH.,#5536);
#5536 = SURFACE_SIDE_STYLE('',(#5537));
#5537 = SURFACE_STYLE_FILL_AREA(#5538);
#5538 = FILL_AREA_STYLE('',(#5539));
#5539 = FILL_AREA_STYLE_COLOUR('',#4563);
#5540 = CURVE_STYLE('',#5541,POSITIVE_LENGTH_MEASURE(0.1),#4566);
#5541 = DRAUGHTING_PRE_DEFINED_CURVE_FONT('continuous');
#5542 = STYLED_ITEM('color',(#5543),#1855);
#5543 = PRESENTATION_STYLE_ASSIGNMENT((#5544,#5549));
#5544 = SURFACE_STYLE_USAGE(.BOTH.,#5545);
#5545 = SURFACE_SIDE_STYLE('',(#5546));
#5546 = SURFACE_STYLE_FILL_AREA(#5547);
#5547 = FILL_AREA_STYLE('',(#5548));
#5548 = FILL_AREA_STYLE_COLOUR('',#4563);
#5549 = CURVE_STYLE('',#5550,POSITIVE_LENGTH_MEASURE(0.1),#4566);
#5550 = DRAUGHTING_PRE_DEFINED_CURVE_FONT('continuous');
#5551 = STYLED_ITEM('color',(#5552),#1863);
#5552 = PRESENTATION_STYLE_ASSIGNMENT((#5553,#5558));
#5553 = SURFACE_STYLE_USAGE(.BOTH.,#5554);
#5554 = SURFACE_SIDE_STYLE('',(#5555));
#5555 = SURFACE_STYLE_FILL_AREA(#5556);
#5556 = FILL_AREA_STYLE('',(#5557));
#5557 = FILL_AREA_STYLE_COLOUR('',#4563);
#5558 = CURVE_STYLE('',#5559,POSITIVE_LENGTH_MEASURE(0.1),#4566);
#5559 = DRAUGHTING_PRE_DEFINED_CURVE_FONT('continuous');
#5560 = STYLED_ITEM('color',(#5561),#1886);
#5561 = PRESENTATION_STYLE_ASSIGNMENT((#5562,#5567));
#5562 = SURFACE_STYLE_USAGE(.BOTH.,#5563);
#5563 = SURFACE_SIDE_STYLE('',(#5564));
#5564 = SURFACE_STYLE_FILL_AREA(#5565);
#5565 = FILL_AREA_STYLE('',(#5566));
#5566 = FILL_AREA_STYLE_COLOUR('',#4563);
#5567 = CURVE_STYLE('',#5568,POSITIVE_LENGTH_MEASURE(0.1),#4566);
#5568 = DRAUGHTING_PRE_DEFINED_CURVE_FONT('continuous');
#5569 = STYLED_ITEM('color',(#5570),#1894);
#5570 = PRESENTATION_STYLE_ASSIGNMENT((#5571,#5576));
#5571 = SURFACE_STYLE_USAGE(.BOTH.,#5572);
#5572 = SURFACE_SIDE_STYLE('',(#5573));
#5573 = SURFACE_STYLE_FILL_AREA(#5574);
#5574 = FILL_AREA_STYLE('',(#5575));
#5575 = FILL_AREA_STYLE_COLOUR('',#4563);
#5576 = CURVE_STYLE('',#5577,POSITIVE_LENGTH_MEASURE(0.1),#4566);
#5577 = DRAUGHTING_PRE_DEFINED_CURVE_FONT('continuous');
#5578 = STYLED_ITEM('color',(#5579),#1917);
#5579 = PRESENTATION_STYLE_ASSIGNMENT((#5580,#5585));
#5580 = SURFACE_STYLE_USAGE(.BOTH.,#5581);
#5581 = SURFACE_SIDE_STYLE('',(#5582));
#5582 = SURFACE_STYLE_FILL_AREA(#5583);
#5583 = FILL_AREA_STYLE('',(#5584));
#5584 = FILL_AREA_STYLE_COLOUR('',#4563);
#5585 = CURVE_STYLE('',#5586,POSITIVE_LENGTH_MEASURE(0.1),#4566);
#5586 = DRAUGHTING_PRE_DEFINED_CURVE_FONT('continuous');
#5587 = STYLED_ITEM('color',(#5588),#1919);
#5588 = PRESENTATION_STYLE_ASSIGNMENT((#5589,#5594));
#5589 = SURFACE_STYLE_USAGE(.BOTH.,#5590);
#5590 = SURFACE_SIDE_STYLE('',(#5591));
#5591 = SURFACE_STYLE_FILL_AREA(#5592);
#5592 = FILL_AREA_STYLE('',(#5593));
#5593 = FILL_AREA_STYLE_COLOUR('',#4563);
#5594 = CURVE_STYLE('',#5595,POSITIVE_LENGTH_MEASURE(0.1),#4566);
#5595 = DRAUGHTING_PRE_DEFINED_CURVE_FONT('continuous');
#5596 = STYLED_ITEM('color',(#5597),#1927);
#5597 = PRESENTATION_STYLE_ASSIGNMENT((#5598,#5603));
#5598 = SURFACE_STYLE_USAGE(.BOTH.,#5599);
#5599 = SURFACE_SIDE_STYLE('',(#5600));
#5600 = SURFACE_STYLE_FILL_AREA(#5601);
#5601 = FILL_AREA_STYLE('',(#5602));
#5602 = FILL_AREA_STYLE_COLOUR('',#4563);
#5603 = CURVE_STYLE('',#5604,POSITIVE_LENGTH_MEASURE(0.1),#4566);
#5604 = DRAUGHTING_PRE_DEFINED_CURVE_FONT('continuous');
#5605 = STYLED_ITEM('color',(#5606),#1935);
#5606 = PRESENTATION_STYLE_ASSIGNMENT((#5607,#5612));
#5607 = SURFACE_STYLE_USAGE(.BOTH.,#5608);
#5608 = SURFACE_SIDE_STYLE('',(#5609));
#5609 = SURFACE_STYLE_FILL_AREA(#5610);
#5610 = FILL_AREA_STYLE('',(#5611));
#5611 = FILL_AREA_STYLE_COLOUR('',#4563);
#5612 = CURVE_STYLE('',#5613,POSITIVE_LENGTH_MEASURE(0.1),#4566);
#5613 = DRAUGHTING_PRE_DEFINED_CURVE_FONT('continuous');
#5614 = STYLED_ITEM('color',(#5615),#1957);
#5615 = PRESENTATION_STYLE_ASSIGNMENT((#5616,#5621));
#5616 = SURFACE_STYLE_USAGE(.BOTH.,#5617);
#5617 = SURFACE_SIDE_STYLE('',(#5618));
#5618 = SURFACE_STYLE_FILL_AREA(#5619);
#5619 = FILL_AREA_STYLE('',(#5620));
#5620 = FILL_AREA_STYLE_COLOUR('',#4563);
#5621 = CURVE_STYLE('',#5622,POSITIVE_LENGTH_MEASURE(0.1),#4566);
#5622 = DRAUGHTING_PRE_DEFINED_CURVE_FONT('continuous');
#5623 = STYLED_ITEM('color',(#5624),#1965);
#5624 = PRESENTATION_STYLE_ASSIGNMENT((#5625,#5630));
#5625 = SURFACE_STYLE_USAGE(.BOTH.,#5626);
#5626 = SURFACE_SIDE_STYLE('',(#5627));
#5627 = SURFACE_STYLE_FILL_AREA(#5628);
#5628 = FILL_AREA_STYLE('',(#5629));
#5629 = FILL_AREA_STYLE_COLOUR('',#4563);
#5630 = CURVE_STYLE('',#5631,POSITIVE_LENGTH_MEASURE(0.1),#4566);
#5631 = DRAUGHTING_PRE_DEFINED_CURVE_FONT('continuous');
#5632 = STYLED_ITEM('color',(#5633),#1988);
#5633 = PRESENTATION_STYLE_ASSIGNMENT((#5634,#5639));
#5634 = SURFACE_STYLE_USAGE(.BOTH.,#5635);
#5635 = SURFACE_SIDE_STYLE('',(#5636));
#5636 = SURFACE_STYLE_FILL_AREA(#5637);
#5637 = FILL_AREA_STYLE('',(#5638));
#5638 = FILL_AREA_STYLE_COLOUR('',#4563);
#5639 = CURVE_STYLE('',#5640,POSITIVE_LENGTH_MEASURE(0.1),#4566);
#5640 = DRAUGHTING_PRE_DEFINED_CURVE_FONT('continuous');
#5641 = STYLED_ITEM('color',(#5642),#1996);
#5642 = PRESENTATION_STYLE_ASSIGNMENT((#5643,#5648));
#5643 = SURFACE_STYLE_USAGE(.BOTH.,#5644);
#5644 = SURFACE_SIDE_STYLE('',(#5645));
#5645 = SURFACE_STYLE_FILL_AREA(#5646);
#5646 = FILL_AREA_STYLE('',(#5647));
#5647 = FILL_AREA_STYLE_COLOUR('',#4563);
#5648 = CURVE_STYLE('',#5649,POSITIVE_LENGTH_MEASURE(0.1),#4566);
#5649 = DRAUGHTING_PRE_DEFINED_CURVE_FONT('continuous');
#5650 = STYLED_ITEM('color',(#5651),#2019);
#5651 = PRESENTATION_STYLE_ASSIGNMENT((#5652,#5657));
#5652 = SURFACE_STYLE_USAGE(.BOTH.,#5653);
#5653 = SURFACE_SIDE_STYLE('',(#5654));
#5654 = SURFACE_STYLE_FILL_AREA(#5655);
#5655 = FILL_AREA_STYLE('',(#5656));
#5656 = FILL_AREA_STYLE_COLOUR('',#4563);
#5657 = CURVE_STYLE('',#5658,POSITIVE_LENGTH_MEASURE(0.1),#4566);
#5658 = DRAUGHTING_PRE_DEFINED_CURVE_FONT('continuous');
#5659 = STYLED_ITEM('color',(#5660),#2027);
#5660 = PRESENTATION_STYLE_ASSIGNMENT((#5661,#5666));
#5661 = SURFACE_STYLE_USAGE(.BOTH.,#5662);
#5662 = SURFACE_SIDE_STYLE('',(#5663));
#5663 = SURFACE_STYLE_FILL_AREA(#5664);
#5664 = FILL_AREA_STYLE('',(#5665));
#5665 = FILL_AREA_STYLE_COLOUR('',#4563);
#5666 = CURVE_STYLE('',#5667,POSITIVE_LENGTH_MEASURE(0.1),#4566);
#5667 = DRAUGHTING_PRE_DEFINED_CURVE_FONT('continuous');
#5668 = STYLED_ITEM('color',(#5669),#2050);
#5669 = PRESENTATION_STYLE_ASSIGNMENT((#5670,#5675));
#5670 = SURFACE_STYLE_USAGE(.BOTH.,#5671);
#5671 = SURFACE_SIDE_STYLE('',(#5672));
#5672 = SURFACE_STYLE_FILL_AREA(#5673);
#5673 = FILL_AREA_STYLE('',(#5674));
#5674 = FILL_AREA_STYLE_COLOUR('',#4563);
#5675 = CURVE_STYLE('',#5676,POSITIVE_LENGTH_MEASURE(0.1),#4566);
#5676 = DRAUGHTING_PRE_DEFINED_CURVE_FONT('continuous');
#5677 = STYLED_ITEM('color',(#5678),#2058);
#5678 = PRESENTATION_STYLE_ASSIGNMENT((#5679,#5684));
#5679 = SURFACE_STYLE_USAGE(.BOTH.,#5680);
#5680 = SURFACE_SIDE_STYLE('',(#5681));
#5681 = SURFACE_STYLE_FILL_AREA(#5682);
#5682 = FILL_AREA_STYLE('',(#5683));
#5683 = FILL_AREA_STYLE_COLOUR('',#4563);
#5684 = CURVE_STYLE('',#5685,POSITIVE_LENGTH_MEASURE(0.1),#4566);
#5685 = DRAUGHTING_PRE_DEFINED_CURVE_FONT('continuous');
#5686 = STYLED_ITEM('color',(#5687),#2081);
#5687 = PRESENTATION_STYLE_ASSIGNMENT((#5688,#5693));
#5688 = SURFACE_STYLE_USAGE(.BOTH.,#5689);
#5689 = SURFACE_SIDE_STYLE('',(#5690));
#5690 = SURFACE_STYLE_FILL_AREA(#5691);
#5691 = FILL_AREA_STYLE('',(#5692));
#5692 = FILL_AREA_STYLE_COLOUR('',#4563);
#5693 = CURVE_STYLE('',#5694,POSITIVE_LENGTH_MEASURE(0.1),#4566);
#5694 = DRAUGHTING_PRE_DEFINED_CURVE_FONT('continuous');
#5695 = STYLED_ITEM('color',(#5696),#2083);
#5696 = PRESENTATION_STYLE_ASSIGNMENT((#5697,#5702));
#5697 = SURFACE_STYLE_USAGE(.BOTH.,#5698);
#5698 = SURFACE_SIDE_STYLE('',(#5699));
#5699 = SURFACE_STYLE_FILL_AREA(#5700);
#5700 = FILL_AREA_STYLE('',(#5701));
#5701 = FILL_AREA_STYLE_COLOUR('',#4563);
#5702 = CURVE_STYLE('',#5703,POSITIVE_LENGTH_MEASURE(0.1),#4566);
#5703 = DRAUGHTING_PRE_DEFINED_CURVE_FONT('continuous');
#5704 = STYLED_ITEM('color',(#5705),#2091);
#5705 = PRESENTATION_STYLE_ASSIGNMENT((#5706,#5711));
#5706 = SURFACE_STYLE_USAGE(.BOTH.,#5707);
#5707 = SURFACE_SIDE_STYLE('',(#5708));
#5708 = SURFACE_STYLE_FILL_AREA(#5709);
#5709 = FILL_AREA_STYLE('',(#5710));
#5710 = FILL_AREA_STYLE_COLOUR('',#4563);
#5711 = CURVE_STYLE('',#5712,POSITIVE_LENGTH_MEASURE(0.1),#4566);
#5712 = DRAUGHTING_PRE_DEFINED_CURVE_FONT('continuous');
#5713 = STYLED_ITEM('color',(#5714),#2099);
#5714 = PRESENTATION_STYLE_ASSIGNMENT((#5715,#5720));
#5715 = SURFACE_STYLE_USAGE(.BOTH.,#5716);
#5716 = SURFACE_SIDE_STYLE('',(#5717));
#5717 = SURFACE_STYLE_FILL_AREA(#5718);
#5718 = FILL_AREA_STYLE('',(#5719));
#5719 = FILL_AREA_STYLE_COLOUR('',#4563);
#5720 = CURVE_STYLE('',#5721,POSITIVE_LENGTH_MEASURE(0.1),#4566);
#5721 = DRAUGHTING_PRE_DEFINED_CURVE_FONT('continuous');
#5722 = STYLED_ITEM('color',(#5723),#2121);
#5723 = PRESENTATION_STYLE_ASSIGNMENT((#5724,#5729));
#5724 = SURFACE_STYLE_USAGE(.BOTH.,#5725);
#5725 = SURFACE_SIDE_STYLE('',(#5726));
#5726 = SURFACE_STYLE_FILL_AREA(#5727);
#5727 = FILL_AREA_STYLE('',(#5728));
#5728 = FILL_AREA_STYLE_COLOUR('',#4563);
#5729 = CURVE_STYLE('',#5730,POSITIVE_LENGTH_MEASURE(0.1),#4566);
#5730 = DRAUGHTING_PRE_DEFINED_CURVE_FONT('continuous');
#5731 = STYLED_ITEM('color',(#5732),#2129);
#5732 = PRESENTATION_STYLE_ASSIGNMENT((#5733,#5738));
#5733 = SURFACE_STYLE_USAGE(.BOTH.,#5734);
#5734 = SURFACE_SIDE_STYLE('',(#5735));
#5735 = SURFACE_STYLE_FILL_AREA(#5736);
#5736 = FILL_AREA_STYLE('',(#5737));
#5737 = FILL_AREA_STYLE_COLOUR('',#4563);
#5738 = CURVE_STYLE('',#5739,POSITIVE_LENGTH_MEASURE(0.1),#4566);
#5739 = DRAUGHTING_PRE_DEFINED_CURVE_FONT('continuous');
ENDSEC;
END-ISO-10303-21;
