ISO-10303-21;
HEADER;
FILE_DESCRIPTION(('FreeCAD Model'),'2;1');
FILE_NAME('Open CASCADE Shape Model','2025-08-25T22:39:03',(''),(''),
  'Open CASCADE STEP processor 7.8','FreeCAD','Unknown');
FILE_SCHEMA(('AUTOMOTIVE_DESIGN { 1 0 10303 214 1 1 1 1 }'));
ENDSEC;
DATA;
#1 = APPLICATION_PROTOCOL_DEFINITION('international standard',
  'automotive_design',2000,#2);
#2 = APPLICATION_CONTEXT(
  'core data for automotive mechanical design processes');
#3 = SHAPE_DEFINITION_REPRESENTATION(#4,#10);
#4 = PRODUCT_DEFINITION_SHAPE('','',#5);
#5 = PRODUCT_DEFINITION('design','',#6,#9);
#6 = PRODUCT_DEFINITION_FORMATION('','',#7);
#7 = PRODUCT('USBLC6-2P6 v1','USBLC6-2P6 v1','',(#8));
#8 = PRODUCT_CONTEXT('',#2,'mechanical');
#9 = PRODUCT_DEFINITION_CONTEXT('part definition',#2,'design');
#10 = SHAPE_REPRESENTATION('',(#11,#15,#1128,#2256,#2604,#2952,#3300,
    #3648,#3996,#4344,#4352,#4360,#4368,#4376,#4384,#4392,#4400,#4408,
    #4416,#4424,#4432,#4440,#4448,#4456,#4464,#4472,#4480,#4488,#4496,
    #4504,#4512,#4520,#4528,#4536,#4544,#4552,#4560,#4568,#4576,#4584,
    #4592,#4600,#4608,#4616,#4624,#4632,#4640,#4648,#4656,#4664,#4672,
    #4680,#4688,#4696,#4704,#4712,#4720,#4728,#4736,#4744,#4752,#4760,
    #4768,#4776,#4784,#4792,#4800,#4808,#4816,#4824,#4832,#4840,#4848,
    #4856,#4864,#4872,#4880,#4888,#4896,#4904,#4912,#4920,#4928,#4936,
    #4944,#4952,#4960,#4968,#4976,#4984,#4992,#5000,#5008,#5016,#5024,
    #5032,#5040,#5048,#5056,#5064,#5072,#5080,#5088,#5096,#5104,#5112,
    #5120,#5128,#5136,#5144,#5152,#5160,#5168,#5176,#5184,#5192,#5200,
    #5208,#5216,#5224,#5232,#5240,#5248,#5256,#5264,#5272,#5280,#5288,
    #5296,#5304,#5312,#5320,#5328,#5336,#5344,#5352,#5360,#5368,#5376,
    #5384,#5392,#5400,#5408,#5416,#5424,#5432,#5440,#5448,#5456,#5464,
    #5472,#5480,#5488,#5496,#5504,#5512,#5520,#5528,#5536,#5544,#5552,
    #5560,#5568,#5576,#5584,#5592,#5600,#5608,#5616,#5624,#5632,#5640,
    #5648,#5656,#5664,#5672,#5680,#5688,#5696,#5704,#5712,#5720,#5728,
    #5736,#5744,#5752,#5760,#5768,#5776,#5784,#5792,#5800,#5808,#5816,
    #5824,#5832,#5840,#5848,#5856,#5864,#5872,#5880,#5888,#5896,#5904,
    #5912,#5920,#5928,#5936,#5944,#5952,#5960,#5968,#5976,#5984,#5992,
    #6000,#6008,#6016,#6024,#6032,#6040,#6048,#6056,#6064,#6072,#6080,
    #6088,#6096,#6104,#6112,#6120,#6128,#6136,#6144,#6152,#6160,#6168,
    #6176,#6184,#6192,#6200,#6208,#6216,#6224,#6232,#6240,#6248,#6256,
    #6264,#6272,#6280,#6288,#6296,#6304,#6312,#6320,#6328,#6336,#6344,
    #6352,#6360,#6368,#6376,#6384,#6392,#6400,#6408,#6416,#6424,#6432,
    #6440,#6448,#6456,#6464,#6472,#6480,#6488,#6496,#6504,#6512,#6520,
    #6528,#6536,#6544,#6552,#6560,#6568,#6576,#6584,#6592,#6600,#6608,
    #6616,#6624,#6632,#6640,#6648,#6656,#6664,#6672,#6680,#6688,#6696,
    #6704,#6712,#6720,#6728,#6736,#6744,#6752,#6760,#6768,#6776,#6784,
    #6792,#6800,#6808,#6816,#6824,#6832,#6840,#6848,#6856,#6864,#6872,
    #6880,#6888,#6896,#6904,#6912,#6920,#6928,#6936,#6944,#6952,#6960,
    #6968,#6976,#6984,#6992,#7000,#7008,#7016,#7024,#7032,#7040,#7048,
    #7056,#7064,#7072,#7080,#7088,#7096,#7104,#7112,#7120,#7128,#7136,
    #7144,#7152,#7160,#7168,#7176,#7184,#7192,#7200,#7208,#7216,#7224,
    #7232,#7240,#7248,#7256,#7264,#7272,#7280,#7288,#7296,#7304,#7312,
    #7320,#7328,#7336,#7344,#7352,#7360,#7368,#7376,#7384,#7392,#7400,
    #7408,#7416,#7424,#7432,#7440,#7448,#7456,#7464,#7472,#7480,#7488,
    #7496,#7504,#7512,#7520,#7528,#7536,#7544,#7552,#7560,#7568,#7576,
    #7584,#7592,#7600,#7608,#7616,#7624,#7632,#7640,#7648,#7656,#7664,
    #7672,#7680,#7688,#7696,#7704,#7712,#7720,#7728,#7736,#7744,#7752,
    #7760,#7768,#7776,#7784,#7792,#7800,#7808,#7816,#7824,#7832,#7840,
    #7848,#7856,#7864,#7872,#7880,#7888,#7896,#7904,#7912,#7920,#7928,
    #7936,#7944,#7952,#7960,#7968,#7976,#7984,#7992,#8000,#8008,#8016,
    #8024,#8032,#8040,#8048,#8056,#8064,#8072,#8080,#8088,#8096,#8104,
    #8112,#8120,#8128,#8136,#8144,#8152,#8160,#8168,#8176,#8184,#8192,
    #8200,#8208,#8216,#8224,#8232,#8240,#8248,#8256,#8264,#8272,#8280,
    #8288,#8296,#8304,#8312,#8320,#8328,#8336,#8344,#8352,#8360,#8368,
    #8376,#8384,#8392,#8400,#8408,#8416,#8424,#8432,#8440,#8448,#8456,
    #8464,#8472,#8480,#8488,#8496,#8504,#8512,#8520,#8528,#8536,#8544,
    #8552,#8560,#8568,#8576,#8584,#8592,#8600,#8608,#8616,#8624,#8632,
    #8640,#8648,#8656,#8664,#8672,#8680,#8688,#8696,#8704,#8712,#8720,
    #8728,#8736,#8744,#8752,#8760,#8768,#8776,#8784),#8792);
#11 = AXIS2_PLACEMENT_3D('',#12,#13,#14);
#12 = CARTESIAN_POINT('',(0.,0.,0.));
#13 = DIRECTION('',(0.,0.,1.));
#14 = DIRECTION('',(1.,0.,-0.));
#15 = GEOMETRIC_CURVE_SET('',(#16,#17,#18,#19,#20,#21,#22,#23,#24,#25,
    #26,#27,#28,#29,#30,#31,#32,#33,#34,#35,#36,#37,#38,#39,#40,#41,#42,
    #43,#44,#45,#46,#47,#48,#49,#50,#51,#52,#53,#54,#55,#56,#57,#58,#59,
    #60,#61,#62,#63,#64,#65,#66,#67,#68,#69,#70,#71,#72,#73,#74,#75,#76,
    #77,#78,#79,#80,#81,#82,#83,#84,#85,#86,#87,#88,#89,#90,#91,#92,#93,
    #94,#95,#96,#97,#98,#99,#100,#101,#102,#103,#104,#105,#106,#107,#108
    ,#109,#110,#111,#112,#113,#114,#115,#116,#117,#118,#119,#120,#121,
    #122,#123,#124,#125,#126,#127,#128,#129,#130,#131,#132,#133,#134,
    #135,#136,#137,#138,#139,#140,#141,#142,#143,#144,#145,#146,#147,
    #148,#149,#150,#151,#152,#153,#154,#155,#156,#157,#158,#159,#160,
    #161,#162,#163,#164,#165,#166,#167,#168,#169,#170,#171,#172,#173,
    #174,#175,#176,#177,#178,#179,#180,#181,#182,#183,#184,#185,#186,
    #187,#188,#189,#190,#191,#192,#193,#194,#195,#196,#197,#198,#199,
    #200,#201,#202,#203,#204,#205,#206,#207,#208,#209,#210,#211,#212,
    #213,#214,#215,#216,#217,#218,#219,#220,#221,#222,#223,#224,#225,
    #226,#227,#228,#229,#230,#231,#232,#233,#234,#235,#236,#237,#238,
    #239,#240,#241,#242,#243,#244,#245,#246,#247,#248,#249,#250,#251,
    #252,#253,#254,#255,#256,#257,#258,#259,#260,#261,#262,#263,#264,
    #265,#266,#267,#268,#269,#270,#271,#272,#273,#274,#275,#276,#277,
    #278,#279,#280,#281,#282,#283,#284,#285,#286,#287,#288,#289,#290,
    #291,#292,#293,#294,#295,#296,#297,#298,#299,#300,#301,#302,#303,
    #304,#305,#306,#307,#308,#309,#310,#311,#312,#313,#314,#315,#316,
    #317,#318,#319,#320,#321,#322,#323,#324,#325,#326,#327,#328,#329,
    #330,#331,#332,#333,#334,#335,#336,#337,#338,#339,#340,#341,#342,
    #343,#344,#345,#346,#347,#348,#349,#350,#351,#352,#353,#354,#355,
    #356,#357,#358,#359,#360,#361,#362,#363,#364,#365,#366,#367,#368,
    #369,#370,#371,#372,#373,#374,#375,#376,#377,#378,#379,#380,#381,
    #382,#383,#384,#385,#386,#387,#388,#389,#390,#391,#392,#393,#394,
    #395,#396,#397,#398,#399,#400,#401,#402,#403,#404,#405,#406,#407,
    #408,#409,#410,#411,#412,#413,#414,#415,#416,#417,#418,#419,#420,
    #421,#422,#423,#424,#425,#426,#427,#428,#429,#430,#431,#432,#433,
    #434,#435,#436,#437,#438,#439,#440,#441,#442,#443,#444,#445,#446,
    #447,#448,#449,#450,#451,#452,#453,#454,#455,#456,#457,#458,#459,
    #460,#461,#462,#463,#464,#465,#466,#467,#468,#469,#470,#471,#472,
    #473,#474,#475,#476,#477,#478,#479,#480,#481,#482,#483,#484,#485,
    #486,#487,#488,#489,#490,#491,#492,#493,#494,#495,#496,#497,#498,
    #499,#500,#501,#502,#503,#504,#505,#506,#507,#508,#509,#510,#511,
    #512,#513,#514,#515,#516,#517,#518,#519,#520,#521,#522,#523,#524,
    #525,#526,#527,#528,#529,#530,#531,#532,#533,#534,#535,#536,#537,
    #538,#539,#540,#541,#542,#543,#544,#545,#546,#547,#548,#549,#550,
    #551,#552,#553,#554,#555,#556,#557,#558,#559,#560,#561,#562,#563,
    #564,#565,#566,#567,#568,#569,#570,#571,#572,#573,#574,#575,#576,
    #577,#578,#579,#580,#581,#582,#583,#584,#585,#586,#587,#588,#589,
    #590,#591,#592,#593,#594,#595,#596,#597,#598,#599,#600,#601,#602,
    #603,#604,#605,#606,#607,#608,#609,#610,#611,#612,#613,#614,#615,
    #616,#617,#618,#619,#620,#621,#622,#623,#624,#625,#626,#627,#628,
    #629,#630,#631,#632,#633,#634,#635,#636,#637,#638,#639,#640,#641,
    #642,#643,#644,#645,#646,#647,#648,#649,#650,#651,#652,#653,#654,
    #655,#656,#657,#658,#659,#660,#661,#662,#663,#664,#665,#666,#667,
    #668,#669,#670,#671,#672,#673,#674,#675,#676,#677,#678,#679,#680,
    #681,#682,#683,#684,#685,#686,#687,#688,#689,#690,#691,#692,#693,
    #694,#695,#696,#697,#698,#699,#700,#701,#702,#703,#704,#705,#706,
    #707,#708,#709,#710,#711,#712,#713,#714,#715,#716,#717,#718,#719,
    #720,#721,#722,#723,#724,#725,#726,#727,#728,#729,#730,#731,#732,
    #733,#734,#735,#736,#737,#738,#739,#740,#741,#742,#743,#744,#745,
    #746,#747,#748,#749,#750,#751,#752,#753,#754,#755,#756,#757,#758,
    #759,#760,#761,#762,#763,#764,#765,#766,#767,#768,#769,#770,#771,
    #772,#773,#774,#775,#776,#777,#778,#779,#780,#781,#782,#783,#784,
    #785,#786,#787,#788,#789,#790,#791,#792,#793,#794,#795,#796,#797,
    #798,#799,#800,#801,#802,#803,#804,#805,#806,#807,#808,#809,#810,
    #811,#812,#813,#814,#815,#816,#817,#818,#819,#820,#821,#822,#823,
    #824,#825,#826,#827,#828,#829,#830,#831,#832,#833,#834,#835,#836,
    #837,#838,#839,#840,#841,#842,#843,#844,#845,#846,#847,#848,#849,
    #850,#851,#852,#853,#854,#855,#856,#857,#858,#859,#860,#861,#862,
    #863,#864,#865,#866,#867,#868,#869,#870,#871,#872,#873,#874,#875,
    #876,#877,#878,#879,#880,#881,#882,#883,#884,#885,#886,#887,#888,
    #889,#890,#891,#892,#893,#894,#895,#896,#897,#898,#899,#900,#901,
    #902,#903,#904,#905,#906,#907,#908,#909,#910,#911,#912,#913,#914,
    #915,#916,#917,#918,#919,#920,#921,#922,#923,#924,#925,#926,#927,
    #928,#929,#930,#931,#932,#933,#934,#935,#936,#937,#938,#939,#940,
    #941,#942,#943,#944,#945,#946,#947,#948,#949,#950,#951,#952,#953,
    #954,#955,#956,#957,#958,#959,#960,#961,#962,#963,#964,#965,#966,
    #967,#968,#969,#970,#971,#972,#973,#974,#975,#976,#977,#978,#979,
    #980,#981,#982,#983,#984,#985,#986,#987,#988,#989,#990,#991,#992,
    #993,#994,#995,#996,#997,#998,#999,#1000,#1001,#1002,#1003,#1004,
    #1005,#1006,#1007,#1008,#1009,#1010,#1011,#1012,#1013,#1014,#1015,
    #1016,#1017,#1018,#1019,#1020,#1021,#1022,#1023,#1024,#1025,#1026,
    #1027,#1028,#1029,#1030,#1031,#1032,#1033,#1034,#1035,#1036,#1037,
    #1038,#1039,#1040,#1041,#1042,#1043,#1044,#1045,#1046,#1047,#1048,
    #1049,#1050,#1051,#1052,#1053,#1054,#1055,#1056,#1057,#1058,#1059,
    #1060,#1061,#1062,#1063,#1064,#1065,#1066,#1067,#1068,#1069,#1070,
    #1071,#1072,#1073,#1074,#1075,#1076,#1077,#1078,#1079,#1080,#1081,
    #1082,#1083,#1084,#1085,#1086,#1087,#1088,#1089,#1090,#1091,#1092,
    #1093,#1094,#1095,#1096,#1097,#1098,#1099,#1100,#1101,#1102,#1103,
    #1104,#1105,#1106,#1107,#1108,#1109,#1110,#1111,#1112,#1113,#1114,
    #1115,#1116,#1117,#1118,#1119,#1120,#1121,#1122,#1123,#1124,#1125,
    #1126,#1127));
#16 = CARTESIAN_POINT('',(0.55,-0.135,4.5E-02));
#17 = CARTESIAN_POINT('',(0.53,-0.135,-3.5E-02));
#18 = CARTESIAN_POINT('',(0.55,-0.135,4.5E-02));
#19 = CARTESIAN_POINT('',(0.55,-0.365,4.499999999999E-02));
#20 = CARTESIAN_POINT('',(0.53,-0.365,-3.5E-02));
#21 = CARTESIAN_POINT('',(0.55,-0.365,4.499999999999E-02));
#22 = CARTESIAN_POINT('',(0.53,-0.135,-3.5E-02));
#23 = CARTESIAN_POINT('',(0.53,-0.365,-3.5E-02));
#24 = CARTESIAN_POINT('',(0.55,-0.635,4.5E-02));
#25 = CARTESIAN_POINT('',(0.53,-0.635,-3.5E-02));
#26 = CARTESIAN_POINT('',(0.55,-0.635,4.5E-02));
#27 = CARTESIAN_POINT('',(0.55,-0.75,4.499999999999E-02));
#28 = CARTESIAN_POINT('',(0.55,-0.75,4.499999999999E-02));
#29 = CARTESIAN_POINT('',(0.53,-0.73,-3.5E-02));
#30 = CARTESIAN_POINT('',(0.53,-0.635,-3.5E-02));
#31 = CARTESIAN_POINT('',(0.53,-0.73,-3.5E-02));
#32 = CARTESIAN_POINT('',(-0.55,-0.365,4.5E-02));
#33 = CARTESIAN_POINT('',(-0.53,-0.365,-3.5E-02));
#34 = CARTESIAN_POINT('',(-0.55,-0.365,4.5E-02));
#35 = CARTESIAN_POINT('',(-0.55,-0.135,4.499999999999E-02));
#36 = CARTESIAN_POINT('',(-0.53,-0.135,-3.5E-02));
#37 = CARTESIAN_POINT('',(-0.55,-0.135,4.499999999999E-02));
#38 = CARTESIAN_POINT('',(-0.53,-0.365,-3.5E-02));
#39 = CARTESIAN_POINT('',(-0.53,-0.135,-3.5E-02));
#40 = CARTESIAN_POINT('',(-0.55,0.135,4.5E-02));
#41 = CARTESIAN_POINT('',(-0.53,0.135,-3.5E-02));
#42 = CARTESIAN_POINT('',(-0.55,0.135,4.5E-02));
#43 = CARTESIAN_POINT('',(-0.55,0.365,4.499999999999E-02));
#44 = CARTESIAN_POINT('',(-0.53,0.365,-3.5E-02));
#45 = CARTESIAN_POINT('',(-0.55,0.365,4.499999999999E-02));
#46 = CARTESIAN_POINT('',(-0.53,0.135,-3.5E-02));
#47 = CARTESIAN_POINT('',(-0.53,0.365,-3.5E-02));
#48 = CARTESIAN_POINT('',(-0.55,0.635,4.5E-02));
#49 = CARTESIAN_POINT('',(-0.53,0.635,-3.5E-02));
#50 = CARTESIAN_POINT('',(-0.55,0.635,4.5E-02));
#51 = CARTESIAN_POINT('',(-0.55,0.75,4.499999999999E-02));
#52 = CARTESIAN_POINT('',(-0.53,0.73,-3.5E-02));
#53 = CARTESIAN_POINT('',(-0.55,0.75,4.499999999999E-02));
#54 = CARTESIAN_POINT('',(-0.53,0.635,-3.5E-02));
#55 = CARTESIAN_POINT('',(-0.53,0.73,-3.5E-02));
#56 = CARTESIAN_POINT('',(0.53,0.135,-3.5E-02));
#57 = CARTESIAN_POINT('',(0.55,0.135,4.499999999999E-02));
#58 = CARTESIAN_POINT('',(0.53,0.365,-3.5E-02));
#59 = CARTESIAN_POINT('',(0.53,0.135,-3.5E-02));
#60 = CARTESIAN_POINT('',(0.55,0.365,4.5E-02));
#61 = CARTESIAN_POINT('',(0.53,0.365,-3.5E-02));
#62 = CARTESIAN_POINT('',(0.55,0.365,4.5E-02));
#63 = CARTESIAN_POINT('',(0.55,0.135,4.499999999999E-02));
#64 = CARTESIAN_POINT('',(0.5,0.7,0.415));
#65 = CARTESIAN_POINT('',(-0.5,0.7,0.415));
#66 = CARTESIAN_POINT('',(-0.5,0.7,0.415));
#67 = CARTESIAN_POINT('',(-0.5,-0.7,0.415));
#68 = CARTESIAN_POINT('',(-0.5,-0.7,0.415));
#69 = CARTESIAN_POINT('',(0.5,-0.7,0.415));
#70 = CARTESIAN_POINT('',(0.5,-0.7,0.415));
#71 = CARTESIAN_POINT('',(0.5,0.7,0.415));
#72 = CARTESIAN_POINT('',(0.36,-0.135,-3.5E-02));
#73 = CARTESIAN_POINT('',(0.36,0.135,-3.5E-02));
#74 = CARTESIAN_POINT('',(0.36,-0.135,-3.5E-02));
#75 = CARTESIAN_POINT('',(0.53,-0.135,-3.5E-02));
#76 = CARTESIAN_POINT('',(0.53,-0.135,-3.5E-02));
#77 = CARTESIAN_POINT('',(0.53,-0.365,-3.5E-02));
#78 = CARTESIAN_POINT('',(0.36,-0.365,-3.5E-02));
#79 = CARTESIAN_POINT('',(0.53,-0.365,-3.5E-02));
#80 = CARTESIAN_POINT('',(0.36,-0.635,-3.5E-02));
#81 = CARTESIAN_POINT('',(0.36,-0.365,-3.5E-02));
#82 = CARTESIAN_POINT('',(0.36,-0.635,-3.5E-02));
#83 = CARTESIAN_POINT('',(0.53,-0.635,-3.5E-02));
#84 = CARTESIAN_POINT('',(0.53,-0.635,-3.5E-02));
#85 = CARTESIAN_POINT('',(0.53,-0.73,-3.5E-02));
#86 = CARTESIAN_POINT('',(0.53,-0.73,-3.5E-02));
#87 = CARTESIAN_POINT('',(-0.53,-0.73,-3.5E-02));
#88 = CARTESIAN_POINT('',(-0.53,-0.73,-3.5E-02));
#89 = CARTESIAN_POINT('',(-0.53,-0.635,-3.5E-02));
#90 = CARTESIAN_POINT('',(-0.36,-0.635,-3.5E-02));
#91 = CARTESIAN_POINT('',(-0.53,-0.635,-3.5E-02));
#92 = CARTESIAN_POINT('',(-0.36,-0.365,-3.5E-02));
#93 = CARTESIAN_POINT('',(-0.36,-0.635,-3.5E-02));
#94 = CARTESIAN_POINT('',(-0.53,-0.365,-3.5E-02));
#95 = CARTESIAN_POINT('',(-0.36,-0.365,-3.5E-02));
#96 = CARTESIAN_POINT('',(-0.53,-0.365,-3.5E-02));
#97 = CARTESIAN_POINT('',(-0.53,-0.135,-3.5E-02));
#98 = CARTESIAN_POINT('',(-0.36,-0.135,-3.5E-02));
#99 = CARTESIAN_POINT('',(-0.53,-0.135,-3.5E-02));
#100 = CARTESIAN_POINT('',(-0.36,0.135,-3.5E-02));
#101 = CARTESIAN_POINT('',(-0.36,-0.135,-3.5E-02));
#102 = CARTESIAN_POINT('',(-0.53,0.135,-3.5E-02));
#103 = CARTESIAN_POINT('',(-0.36,0.135,-3.5E-02));
#104 = CARTESIAN_POINT('',(-0.53,0.135,-3.5E-02));
#105 = CARTESIAN_POINT('',(-0.53,0.365,-3.5E-02));
#106 = CARTESIAN_POINT('',(-0.36,0.365,-3.5E-02));
#107 = CARTESIAN_POINT('',(-0.53,0.365,-3.5E-02));
#108 = CARTESIAN_POINT('',(-0.36,0.635,-3.5E-02));
#109 = CARTESIAN_POINT('',(-0.36,0.365,-3.5E-02));
#110 = CARTESIAN_POINT('',(-0.53,0.635,-3.5E-02));
#111 = CARTESIAN_POINT('',(-0.36,0.635,-3.5E-02));
#112 = CARTESIAN_POINT('',(-0.53,0.635,-3.5E-02));
#113 = CARTESIAN_POINT('',(-0.53,0.73,-3.5E-02));
#114 = CARTESIAN_POINT('',(-0.53,0.73,-3.5E-02));
#115 = CARTESIAN_POINT('',(0.53,0.73,-3.5E-02));
#116 = CARTESIAN_POINT('',(0.53,0.73,-3.5E-02));
#117 = CARTESIAN_POINT('',(0.53,0.635,-3.5E-02));
#118 = CARTESIAN_POINT('',(0.36,0.635,-3.5E-02));
#119 = CARTESIAN_POINT('',(0.53,0.635,-3.5E-02));
#120 = CARTESIAN_POINT('',(0.36,0.365,-3.5E-02));
#121 = CARTESIAN_POINT('',(0.36,0.635,-3.5E-02));
#122 = CARTESIAN_POINT('',(0.53,0.365,-3.5E-02));
#123 = CARTESIAN_POINT('',(0.36,0.365,-3.5E-02));
#124 = CARTESIAN_POINT('',(0.53,0.365,-3.5E-02));
#125 = CARTESIAN_POINT('',(0.53,0.135,-3.5E-02));
#126 = CARTESIAN_POINT('',(0.36,0.135,-3.5E-02));
#127 = CARTESIAN_POINT('',(0.53,0.135,-3.5E-02));
#128 = CARTESIAN_POINT('',(0.55,-0.75,4.499999999999E-02));
#129 = CARTESIAN_POINT('',(0.5,-0.7,0.415));
#130 = CARTESIAN_POINT('',(0.55,-0.635,4.5E-02));
#131 = CARTESIAN_POINT('',(0.55,-0.75,4.499999999999E-02));
#132 = CARTESIAN_POINT('',(0.55,-0.365,4.499999999999E-02));
#133 = CARTESIAN_POINT('',(0.55,-0.635,4.5E-02));
#134 = CARTESIAN_POINT('',(0.55,-0.135,4.5E-02));
#135 = CARTESIAN_POINT('',(0.55,-0.365,4.499999999999E-02));
#136 = CARTESIAN_POINT('',(0.55,0.135,4.499999999999E-02));
#137 = CARTESIAN_POINT('',(0.55,-0.135,4.5E-02));
#138 = CARTESIAN_POINT('',(0.55,0.365,4.5E-02));
#139 = CARTESIAN_POINT('',(0.55,0.135,4.499999999999E-02));
#140 = CARTESIAN_POINT('',(0.55,0.635,4.499999999999E-02));
#141 = CARTESIAN_POINT('',(0.55,0.365,4.5E-02));
#142 = CARTESIAN_POINT('',(0.55,0.75,4.499999999999E-02));
#143 = CARTESIAN_POINT('',(0.55,0.635,4.499999999999E-02));
#144 = CARTESIAN_POINT('',(0.5,0.7,0.415));
#145 = CARTESIAN_POINT('',(0.55,0.75,4.499999999999E-02));
#146 = CARTESIAN_POINT('',(0.5,-0.7,0.415));
#147 = CARTESIAN_POINT('',(0.5,0.7,0.415));
#148 = CARTESIAN_POINT('',(0.5,0.7,0.415));
#149 = CARTESIAN_POINT('',(0.55,0.75,4.499999999999E-02));
#150 = CARTESIAN_POINT('',(-0.55,0.75,4.499999999999E-02));
#151 = CARTESIAN_POINT('',(0.55,0.75,4.499999999999E-02));
#152 = CARTESIAN_POINT('',(-0.5,0.7,0.415));
#153 = CARTESIAN_POINT('',(-0.55,0.75,4.499999999999E-02));
#154 = CARTESIAN_POINT('',(0.5,0.7,0.415));
#155 = CARTESIAN_POINT('',(-0.5,0.7,0.415));
#156 = CARTESIAN_POINT('',(0.55,-0.75,4.499999999999E-02));
#157 = CARTESIAN_POINT('',(0.5,-0.7,0.415));
#158 = CARTESIAN_POINT('',(-0.5,-0.7,0.415));
#159 = CARTESIAN_POINT('',(0.5,-0.7,0.415));
#160 = CARTESIAN_POINT('',(-0.55,-0.75,4.499999999999E-02));
#161 = CARTESIAN_POINT('',(-0.5,-0.7,0.415));
#162 = CARTESIAN_POINT('',(0.55,-0.75,4.499999999999E-02));
#163 = CARTESIAN_POINT('',(-0.55,-0.75,4.499999999999E-02));
#164 = CARTESIAN_POINT('',(-0.5,0.7,0.415));
#165 = CARTESIAN_POINT('',(-0.55,0.75,4.499999999999E-02));
#166 = CARTESIAN_POINT('',(-0.55,0.635,4.5E-02));
#167 = CARTESIAN_POINT('',(-0.55,0.75,4.499999999999E-02));
#168 = CARTESIAN_POINT('',(-0.55,0.365,4.499999999999E-02));
#169 = CARTESIAN_POINT('',(-0.55,0.635,4.5E-02));
#170 = CARTESIAN_POINT('',(-0.55,0.135,4.5E-02));
#171 = CARTESIAN_POINT('',(-0.55,0.365,4.499999999999E-02));
#172 = CARTESIAN_POINT('',(-0.55,-0.135,4.499999999999E-02));
#173 = CARTESIAN_POINT('',(-0.55,0.135,4.5E-02));
#174 = CARTESIAN_POINT('',(-0.55,-0.365,4.5E-02));
#175 = CARTESIAN_POINT('',(-0.55,-0.135,4.499999999999E-02));
#176 = CARTESIAN_POINT('',(-0.55,-0.635,4.499999999999E-02));
#177 = CARTESIAN_POINT('',(-0.55,-0.365,4.5E-02));
#178 = CARTESIAN_POINT('',(-0.55,-0.75,4.499999999999E-02));
#179 = CARTESIAN_POINT('',(-0.55,-0.635,4.499999999999E-02));
#180 = CARTESIAN_POINT('',(-0.55,-0.75,4.499999999999E-02));
#181 = CARTESIAN_POINT('',(-0.5,-0.7,0.415));
#182 = CARTESIAN_POINT('',(-0.5,0.7,0.415));
#183 = CARTESIAN_POINT('',(-0.5,-0.7,0.415));
#184 = CARTESIAN_POINT('',(-0.53,-0.635,-3.5E-02));
#185 = CARTESIAN_POINT('',(-0.55,-0.635,4.499999999999E-02));
#186 = CARTESIAN_POINT('',(-0.53,-0.73,-3.5E-02));
#187 = CARTESIAN_POINT('',(-0.53,-0.635,-3.5E-02));
#188 = CARTESIAN_POINT('',(-0.55,-0.75,4.499999999999E-02));
#189 = CARTESIAN_POINT('',(-0.53,-0.73,-3.5E-02));
#190 = CARTESIAN_POINT('',(-0.55,-0.75,4.499999999999E-02));
#191 = CARTESIAN_POINT('',(-0.55,-0.635,4.499999999999E-02));
#192 = CARTESIAN_POINT('',(-0.55,-0.75,4.499999999999E-02));
#193 = CARTESIAN_POINT('',(-0.53,-0.73,-3.5E-02));
#194 = CARTESIAN_POINT('',(0.53,-0.73,-3.5E-02));
#195 = CARTESIAN_POINT('',(-0.53,-0.73,-3.5E-02));
#196 = CARTESIAN_POINT('',(0.55,-0.75,4.499999999999E-02));
#197 = CARTESIAN_POINT('',(0.53,-0.73,-3.5E-02));
#198 = CARTESIAN_POINT('',(0.55,-0.75,4.499999999999E-02));
#199 = CARTESIAN_POINT('',(-0.55,-0.75,4.499999999999E-02));
#200 = CARTESIAN_POINT('',(-0.53,0.73,-3.5E-02));
#201 = CARTESIAN_POINT('',(-0.55,0.75,4.499999999999E-02));
#202 = CARTESIAN_POINT('',(-0.55,0.75,4.499999999999E-02));
#203 = CARTESIAN_POINT('',(0.55,0.75,4.499999999999E-02));
#204 = CARTESIAN_POINT('',(0.53,0.73,-3.5E-02));
#205 = CARTESIAN_POINT('',(0.55,0.75,4.499999999999E-02));
#206 = CARTESIAN_POINT('',(-0.53,0.73,-3.5E-02));
#207 = CARTESIAN_POINT('',(0.53,0.73,-3.5E-02));
#208 = CARTESIAN_POINT('',(0.53,0.635,-3.5E-02));
#209 = CARTESIAN_POINT('',(0.55,0.635,4.499999999999E-02));
#210 = CARTESIAN_POINT('',(0.53,0.73,-3.5E-02));
#211 = CARTESIAN_POINT('',(0.53,0.635,-3.5E-02));
#212 = CARTESIAN_POINT('',(0.53,0.73,-3.5E-02));
#213 = CARTESIAN_POINT('',(0.55,0.75,4.499999999999E-02));
#214 = CARTESIAN_POINT('',(0.55,0.75,4.499999999999E-02));
#215 = CARTESIAN_POINT('',(0.55,0.635,4.499999999999E-02));
#216 = CARTESIAN_POINT('',(0.36,0.365,-3.5E-02));
#217 = CARTESIAN_POINT('',(0.36,0.635,-3.5E-02));
#218 = CARTESIAN_POINT('',(0.36,0.635,4.5E-02));
#219 = CARTESIAN_POINT('',(0.36,0.635,-3.5E-02));
#220 = CARTESIAN_POINT('',(0.36,0.365,4.5E-02));
#221 = CARTESIAN_POINT('',(0.36,0.635,4.5E-02));
#222 = CARTESIAN_POINT('',(0.36,0.365,4.5E-02));
#223 = CARTESIAN_POINT('',(0.36,0.365,-3.5E-02));
#224 = CARTESIAN_POINT('',(0.55,0.365,4.5E-02));
#225 = CARTESIAN_POINT('',(0.53,0.365,-3.5E-02));
#226 = CARTESIAN_POINT('',(0.53,0.365,-3.5E-02));
#227 = CARTESIAN_POINT('',(0.36,0.365,-3.5E-02));
#228 = CARTESIAN_POINT('',(0.36,0.365,4.5E-02));
#229 = CARTESIAN_POINT('',(0.36,0.365,-3.5E-02));
#230 = CARTESIAN_POINT('',(0.55,0.365,4.5E-02));
#231 = CARTESIAN_POINT('',(0.36,0.365,4.5E-02));
#232 = CARTESIAN_POINT('',(0.53,0.635,-3.5E-02));
#233 = CARTESIAN_POINT('',(0.55,0.635,4.499999999999E-02));
#234 = CARTESIAN_POINT('',(0.36,0.635,4.5E-02));
#235 = CARTESIAN_POINT('',(0.55,0.635,4.499999999999E-02));
#236 = CARTESIAN_POINT('',(0.36,0.635,4.5E-02));
#237 = CARTESIAN_POINT('',(0.36,0.635,-3.5E-02));
#238 = CARTESIAN_POINT('',(0.36,0.635,-3.5E-02));
#239 = CARTESIAN_POINT('',(0.53,0.635,-3.5E-02));
#240 = CARTESIAN_POINT('',(0.55,0.365,4.5E-02));
#241 = CARTESIAN_POINT('',(0.36,0.365,4.5E-02));
#242 = CARTESIAN_POINT('',(0.36,0.365,4.5E-02));
#243 = CARTESIAN_POINT('',(0.36,0.635,4.5E-02));
#244 = CARTESIAN_POINT('',(0.36,0.635,4.5E-02));
#245 = CARTESIAN_POINT('',(0.55,0.635,4.499999999999E-02));
#246 = CARTESIAN_POINT('',(0.55,0.635,4.499999999999E-02));
#247 = CARTESIAN_POINT('',(0.55,0.365,4.5E-02));
#248 = CARTESIAN_POINT('',(-0.36,0.635,-3.5E-02));
#249 = CARTESIAN_POINT('',(-0.36,0.365,-3.5E-02));
#250 = CARTESIAN_POINT('',(-0.36,0.365,4.5E-02));
#251 = CARTESIAN_POINT('',(-0.36,0.365,-3.5E-02));
#252 = CARTESIAN_POINT('',(-0.36,0.635,4.5E-02));
#253 = CARTESIAN_POINT('',(-0.36,0.365,4.5E-02));
#254 = CARTESIAN_POINT('',(-0.36,0.635,4.5E-02));
#255 = CARTESIAN_POINT('',(-0.36,0.635,-3.5E-02));
#256 = CARTESIAN_POINT('',(-0.55,0.635,4.5E-02));
#257 = CARTESIAN_POINT('',(-0.53,0.635,-3.5E-02));
#258 = CARTESIAN_POINT('',(-0.53,0.635,-3.5E-02));
#259 = CARTESIAN_POINT('',(-0.36,0.635,-3.5E-02));
#260 = CARTESIAN_POINT('',(-0.36,0.635,4.5E-02));
#261 = CARTESIAN_POINT('',(-0.36,0.635,-3.5E-02));
#262 = CARTESIAN_POINT('',(-0.55,0.635,4.5E-02));
#263 = CARTESIAN_POINT('',(-0.36,0.635,4.5E-02));
#264 = CARTESIAN_POINT('',(-0.53,0.365,-3.5E-02));
#265 = CARTESIAN_POINT('',(-0.55,0.365,4.499999999999E-02));
#266 = CARTESIAN_POINT('',(-0.36,0.365,4.5E-02));
#267 = CARTESIAN_POINT('',(-0.55,0.365,4.499999999999E-02));
#268 = CARTESIAN_POINT('',(-0.36,0.365,4.5E-02));
#269 = CARTESIAN_POINT('',(-0.36,0.365,-3.5E-02));
#270 = CARTESIAN_POINT('',(-0.36,0.365,-3.5E-02));
#271 = CARTESIAN_POINT('',(-0.53,0.365,-3.5E-02));
#272 = CARTESIAN_POINT('',(-0.55,0.365,4.499999999999E-02));
#273 = CARTESIAN_POINT('',(-0.55,0.635,4.5E-02));
#274 = CARTESIAN_POINT('',(-0.55,0.635,4.5E-02));
#275 = CARTESIAN_POINT('',(-0.36,0.635,4.5E-02));
#276 = CARTESIAN_POINT('',(-0.36,0.635,4.5E-02));
#277 = CARTESIAN_POINT('',(-0.36,0.365,4.5E-02));
#278 = CARTESIAN_POINT('',(-0.36,0.365,4.5E-02));
#279 = CARTESIAN_POINT('',(-0.55,0.365,4.499999999999E-02));
#280 = CARTESIAN_POINT('',(-0.36,0.135,-3.5E-02));
#281 = CARTESIAN_POINT('',(-0.36,-0.135,-3.5E-02));
#282 = CARTESIAN_POINT('',(-0.36,-0.135,4.5E-02));
#283 = CARTESIAN_POINT('',(-0.36,-0.135,-3.5E-02));
#284 = CARTESIAN_POINT('',(-0.36,0.135,4.5E-02));
#285 = CARTESIAN_POINT('',(-0.36,-0.135,4.5E-02));
#286 = CARTESIAN_POINT('',(-0.36,0.135,4.5E-02));
#287 = CARTESIAN_POINT('',(-0.36,0.135,-3.5E-02));
#288 = CARTESIAN_POINT('',(-0.55,0.135,4.5E-02));
#289 = CARTESIAN_POINT('',(-0.53,0.135,-3.5E-02));
#290 = CARTESIAN_POINT('',(-0.53,0.135,-3.5E-02));
#291 = CARTESIAN_POINT('',(-0.36,0.135,-3.5E-02));
#292 = CARTESIAN_POINT('',(-0.36,0.135,4.5E-02));
#293 = CARTESIAN_POINT('',(-0.36,0.135,-3.5E-02));
#294 = CARTESIAN_POINT('',(-0.55,0.135,4.5E-02));
#295 = CARTESIAN_POINT('',(-0.36,0.135,4.5E-02));
#296 = CARTESIAN_POINT('',(-0.53,-0.135,-3.5E-02));
#297 = CARTESIAN_POINT('',(-0.55,-0.135,4.499999999999E-02));
#298 = CARTESIAN_POINT('',(-0.36,-0.135,4.5E-02));
#299 = CARTESIAN_POINT('',(-0.55,-0.135,4.499999999999E-02));
#300 = CARTESIAN_POINT('',(-0.36,-0.135,4.5E-02));
#301 = CARTESIAN_POINT('',(-0.36,-0.135,-3.5E-02));
#302 = CARTESIAN_POINT('',(-0.36,-0.135,-3.5E-02));
#303 = CARTESIAN_POINT('',(-0.53,-0.135,-3.5E-02));
#304 = CARTESIAN_POINT('',(-0.55,-0.135,4.499999999999E-02));
#305 = CARTESIAN_POINT('',(-0.55,0.135,4.5E-02));
#306 = CARTESIAN_POINT('',(-0.55,0.135,4.5E-02));
#307 = CARTESIAN_POINT('',(-0.36,0.135,4.5E-02));
#308 = CARTESIAN_POINT('',(-0.36,0.135,4.5E-02));
#309 = CARTESIAN_POINT('',(-0.36,-0.135,4.5E-02));
#310 = CARTESIAN_POINT('',(-0.36,-0.135,4.5E-02));
#311 = CARTESIAN_POINT('',(-0.55,-0.135,4.499999999999E-02));
#312 = CARTESIAN_POINT('',(-0.36,-0.365,-3.5E-02));
#313 = CARTESIAN_POINT('',(-0.36,-0.635,-3.5E-02));
#314 = CARTESIAN_POINT('',(-0.36,-0.635,4.5E-02));
#315 = CARTESIAN_POINT('',(-0.36,-0.635,-3.5E-02));
#316 = CARTESIAN_POINT('',(-0.36,-0.365,4.5E-02));
#317 = CARTESIAN_POINT('',(-0.36,-0.635,4.5E-02));
#318 = CARTESIAN_POINT('',(-0.36,-0.365,4.5E-02));
#319 = CARTESIAN_POINT('',(-0.36,-0.365,-3.5E-02));
#320 = CARTESIAN_POINT('',(-0.55,-0.365,4.5E-02));
#321 = CARTESIAN_POINT('',(-0.53,-0.365,-3.5E-02));
#322 = CARTESIAN_POINT('',(-0.53,-0.365,-3.5E-02));
#323 = CARTESIAN_POINT('',(-0.36,-0.365,-3.5E-02));
#324 = CARTESIAN_POINT('',(-0.36,-0.365,4.5E-02));
#325 = CARTESIAN_POINT('',(-0.36,-0.365,-3.5E-02));
#326 = CARTESIAN_POINT('',(-0.55,-0.365,4.5E-02));
#327 = CARTESIAN_POINT('',(-0.36,-0.365,4.5E-02));
#328 = CARTESIAN_POINT('',(-0.53,-0.635,-3.5E-02));
#329 = CARTESIAN_POINT('',(-0.55,-0.635,4.499999999999E-02));
#330 = CARTESIAN_POINT('',(-0.36,-0.635,4.5E-02));
#331 = CARTESIAN_POINT('',(-0.55,-0.635,4.499999999999E-02));
#332 = CARTESIAN_POINT('',(-0.36,-0.635,4.5E-02));
#333 = CARTESIAN_POINT('',(-0.36,-0.635,-3.5E-02));
#334 = CARTESIAN_POINT('',(-0.36,-0.635,-3.5E-02));
#335 = CARTESIAN_POINT('',(-0.53,-0.635,-3.5E-02));
#336 = CARTESIAN_POINT('',(-0.55,-0.635,4.499999999999E-02));
#337 = CARTESIAN_POINT('',(-0.55,-0.365,4.5E-02));
#338 = CARTESIAN_POINT('',(-0.55,-0.365,4.5E-02));
#339 = CARTESIAN_POINT('',(-0.36,-0.365,4.5E-02));
#340 = CARTESIAN_POINT('',(-0.36,-0.365,4.5E-02));
#341 = CARTESIAN_POINT('',(-0.36,-0.635,4.5E-02));
#342 = CARTESIAN_POINT('',(-0.36,-0.635,4.5E-02));
#343 = CARTESIAN_POINT('',(-0.55,-0.635,4.499999999999E-02));
#344 = CARTESIAN_POINT('',(0.36,-0.635,-3.5E-02));
#345 = CARTESIAN_POINT('',(0.36,-0.365,-3.5E-02));
#346 = CARTESIAN_POINT('',(0.36,-0.365,4.5E-02));
#347 = CARTESIAN_POINT('',(0.36,-0.365,-3.5E-02));
#348 = CARTESIAN_POINT('',(0.36,-0.635,4.5E-02));
#349 = CARTESIAN_POINT('',(0.36,-0.365,4.5E-02));
#350 = CARTESIAN_POINT('',(0.36,-0.635,4.5E-02));
#351 = CARTESIAN_POINT('',(0.36,-0.635,-3.5E-02));
#352 = CARTESIAN_POINT('',(0.55,-0.635,4.5E-02));
#353 = CARTESIAN_POINT('',(0.53,-0.635,-3.5E-02));
#354 = CARTESIAN_POINT('',(0.36,-0.635,-3.5E-02));
#355 = CARTESIAN_POINT('',(0.53,-0.635,-3.5E-02));
#356 = CARTESIAN_POINT('',(0.36,-0.635,4.5E-02));
#357 = CARTESIAN_POINT('',(0.36,-0.635,-3.5E-02));
#358 = CARTESIAN_POINT('',(0.55,-0.635,4.5E-02));
#359 = CARTESIAN_POINT('',(0.36,-0.635,4.5E-02));
#360 = CARTESIAN_POINT('',(0.53,-0.365,-3.5E-02));
#361 = CARTESIAN_POINT('',(0.55,-0.365,4.499999999999E-02));
#362 = CARTESIAN_POINT('',(0.36,-0.365,4.5E-02));
#363 = CARTESIAN_POINT('',(0.55,-0.365,4.499999999999E-02));
#364 = CARTESIAN_POINT('',(0.36,-0.365,4.5E-02));
#365 = CARTESIAN_POINT('',(0.36,-0.365,-3.5E-02));
#366 = CARTESIAN_POINT('',(0.36,-0.365,-3.5E-02));
#367 = CARTESIAN_POINT('',(0.53,-0.365,-3.5E-02));
#368 = CARTESIAN_POINT('',(0.55,-0.635,4.5E-02));
#369 = CARTESIAN_POINT('',(0.36,-0.635,4.5E-02));
#370 = CARTESIAN_POINT('',(0.36,-0.635,4.5E-02));
#371 = CARTESIAN_POINT('',(0.36,-0.365,4.5E-02));
#372 = CARTESIAN_POINT('',(0.36,-0.365,4.5E-02));
#373 = CARTESIAN_POINT('',(0.55,-0.365,4.499999999999E-02));
#374 = CARTESIAN_POINT('',(0.55,-0.365,4.499999999999E-02));
#375 = CARTESIAN_POINT('',(0.55,-0.635,4.5E-02));
#376 = CARTESIAN_POINT('',(0.36,-0.135,-3.5E-02));
#377 = CARTESIAN_POINT('',(0.36,0.135,-3.5E-02));
#378 = CARTESIAN_POINT('',(0.36,0.135,4.5E-02));
#379 = CARTESIAN_POINT('',(0.36,0.135,-3.5E-02));
#380 = CARTESIAN_POINT('',(0.36,-0.135,4.5E-02));
#381 = CARTESIAN_POINT('',(0.36,0.135,4.5E-02));
#382 = CARTESIAN_POINT('',(0.36,-0.135,4.5E-02));
#383 = CARTESIAN_POINT('',(0.36,-0.135,-3.5E-02));
#384 = CARTESIAN_POINT('',(0.55,-0.135,4.5E-02));
#385 = CARTESIAN_POINT('',(0.53,-0.135,-3.5E-02));
#386 = CARTESIAN_POINT('',(0.36,-0.135,-3.5E-02));
#387 = CARTESIAN_POINT('',(0.53,-0.135,-3.5E-02));
#388 = CARTESIAN_POINT('',(0.36,-0.135,4.5E-02));
#389 = CARTESIAN_POINT('',(0.36,-0.135,-3.5E-02));
#390 = CARTESIAN_POINT('',(0.55,-0.135,4.5E-02));
#391 = CARTESIAN_POINT('',(0.36,-0.135,4.5E-02));
#392 = CARTESIAN_POINT('',(0.53,0.135,-3.5E-02));
#393 = CARTESIAN_POINT('',(0.55,0.135,4.499999999999E-02));
#394 = CARTESIAN_POINT('',(0.36,0.135,4.5E-02));
#395 = CARTESIAN_POINT('',(0.55,0.135,4.499999999999E-02));
#396 = CARTESIAN_POINT('',(0.36,0.135,4.5E-02));
#397 = CARTESIAN_POINT('',(0.36,0.135,-3.5E-02));
#398 = CARTESIAN_POINT('',(0.36,0.135,-3.5E-02));
#399 = CARTESIAN_POINT('',(0.53,0.135,-3.5E-02));
#400 = CARTESIAN_POINT('',(0.55,-0.135,4.5E-02));
#401 = CARTESIAN_POINT('',(0.36,-0.135,4.5E-02));
#402 = CARTESIAN_POINT('',(0.36,-0.135,4.5E-02));
#403 = CARTESIAN_POINT('',(0.36,0.135,4.5E-02));
#404 = CARTESIAN_POINT('',(0.36,0.135,4.5E-02));
#405 = CARTESIAN_POINT('',(0.55,0.135,4.499999999999E-02));
#406 = CARTESIAN_POINT('',(0.55,0.135,4.499999999999E-02));
#407 = CARTESIAN_POINT('',(0.55,-0.135,4.5E-02));
#408 = CARTESIAN_POINT('',(-0.608940672324,0.391294386114,4.5E-02));
#409 = CARTESIAN_POINT('',(-0.65,0.415,4.5E-02));
#410 = CARTESIAN_POINT('',(-0.593759601423,0.365,4.5E-02));
#411 = CARTESIAN_POINT('',(-0.608940672324,0.391294386114,4.5E-02));
#412 = CARTESIAN_POINT('',(-0.36,0.365,4.5E-02));
#413 = CARTESIAN_POINT('',(-0.593759601423,0.365,4.5E-02));
#414 = CARTESIAN_POINT('',(-0.36,0.635,4.5E-02));
#415 = CARTESIAN_POINT('',(-0.36,0.365,4.5E-02));
#416 = CARTESIAN_POINT('',(-0.593759601423,0.635,4.5E-02));
#417 = CARTESIAN_POINT('',(-0.36,0.635,4.5E-02));
#418 = CARTESIAN_POINT('',(-0.608940672324,0.608705613886,4.5E-02));
#419 = CARTESIAN_POINT('',(-0.593759601423,0.635,4.5E-02));
#420 = CARTESIAN_POINT('',(-0.65,0.585,4.5E-02));
#421 = CARTESIAN_POINT('',(-0.608940672324,0.608705613886,4.5E-02));
#422 = CARTESIAN_POINT('',(-0.75,0.585,4.5E-02));
#423 = CARTESIAN_POINT('',(-0.65,0.585,4.5E-02));
#424 = CARTESIAN_POINT('',(-0.75,0.415,4.5E-02));
#425 = CARTESIAN_POINT('',(-0.75,0.585,4.5E-02));
#426 = CARTESIAN_POINT('',(-0.65,0.415,4.5E-02));
#427 = CARTESIAN_POINT('',(-0.75,0.415,4.5E-02));
#428 = CARTESIAN_POINT('',(-0.608940672324,0.391294386114,-3.5E-02));
#429 = CARTESIAN_POINT('',(-0.65,0.415,-3.5E-02));
#430 = CARTESIAN_POINT('',(-0.65,0.415,-3.5E-02));
#431 = CARTESIAN_POINT('',(-0.75,0.415,-3.5E-02));
#432 = CARTESIAN_POINT('',(-0.75,0.415,-3.5E-02));
#433 = CARTESIAN_POINT('',(-0.75,0.585,-3.5E-02));
#434 = CARTESIAN_POINT('',(-0.75,0.585,-3.5E-02));
#435 = CARTESIAN_POINT('',(-0.65,0.585,-3.5E-02));
#436 = CARTESIAN_POINT('',(-0.65,0.585,-3.5E-02));
#437 = CARTESIAN_POINT('',(-0.608940672324,0.608705613886,-3.5E-02));
#438 = CARTESIAN_POINT('',(-0.608940672324,0.608705613886,-3.5E-02));
#439 = CARTESIAN_POINT('',(-0.593759601423,0.635,-3.5E-02));
#440 = CARTESIAN_POINT('',(-0.593759601423,0.635,-3.5E-02));
#441 = CARTESIAN_POINT('',(-0.36,0.635,-3.5E-02));
#442 = CARTESIAN_POINT('',(-0.36,0.635,-3.5E-02));
#443 = CARTESIAN_POINT('',(-0.36,0.365,-3.5E-02));
#444 = CARTESIAN_POINT('',(-0.36,0.365,-3.5E-02));
#445 = CARTESIAN_POINT('',(-0.593759601423,0.365,-3.5E-02));
#446 = CARTESIAN_POINT('',(-0.593759601423,0.365,-3.5E-02));
#447 = CARTESIAN_POINT('',(-0.608940672324,0.391294386114,-3.5E-02));
#448 = CARTESIAN_POINT('',(-0.65,0.415,4.5E-02));
#449 = CARTESIAN_POINT('',(-0.65,0.415,-3.5E-02));
#450 = CARTESIAN_POINT('',(-0.65,0.415,4.5E-02));
#451 = CARTESIAN_POINT('',(-0.75,0.415,4.5E-02));
#452 = CARTESIAN_POINT('',(-0.75,0.415,4.5E-02));
#453 = CARTESIAN_POINT('',(-0.75,0.415,-3.5E-02));
#454 = CARTESIAN_POINT('',(-0.65,0.415,-3.5E-02));
#455 = CARTESIAN_POINT('',(-0.75,0.415,-3.5E-02));
#456 = CARTESIAN_POINT('',(-0.75,0.415,4.5E-02));
#457 = CARTESIAN_POINT('',(-0.75,0.415,-3.5E-02));
#458 = CARTESIAN_POINT('',(-0.75,0.415,4.5E-02));
#459 = CARTESIAN_POINT('',(-0.75,0.585,4.5E-02));
#460 = CARTESIAN_POINT('',(-0.75,0.585,4.5E-02));
#461 = CARTESIAN_POINT('',(-0.75,0.585,-3.5E-02));
#462 = CARTESIAN_POINT('',(-0.75,0.415,-3.5E-02));
#463 = CARTESIAN_POINT('',(-0.75,0.585,-3.5E-02));
#464 = CARTESIAN_POINT('',(-0.75,0.585,4.5E-02));
#465 = CARTESIAN_POINT('',(-0.75,0.585,-3.5E-02));
#466 = CARTESIAN_POINT('',(-0.75,0.585,4.5E-02));
#467 = CARTESIAN_POINT('',(-0.65,0.585,4.5E-02));
#468 = CARTESIAN_POINT('',(-0.65,0.585,4.5E-02));
#469 = CARTESIAN_POINT('',(-0.65,0.585,-3.5E-02));
#470 = CARTESIAN_POINT('',(-0.75,0.585,-3.5E-02));
#471 = CARTESIAN_POINT('',(-0.65,0.585,-3.5E-02));
#472 = CARTESIAN_POINT('',(-0.65,0.585,4.5E-02));
#473 = CARTESIAN_POINT('',(-0.65,0.585,-3.5E-02));
#474 = CARTESIAN_POINT('',(-0.65,0.585,4.5E-02));
#475 = CARTESIAN_POINT('',(-0.608940672324,0.608705613886,4.5E-02));
#476 = CARTESIAN_POINT('',(-0.608940672324,0.608705613886,4.5E-02));
#477 = CARTESIAN_POINT('',(-0.608940672324,0.608705613886,-3.5E-02));
#478 = CARTESIAN_POINT('',(-0.65,0.585,-3.5E-02));
#479 = CARTESIAN_POINT('',(-0.608940672324,0.608705613886,-3.5E-02));
#480 = CARTESIAN_POINT('',(-0.608940672324,0.608705613886,4.5E-02));
#481 = CARTESIAN_POINT('',(-0.608940672324,0.608705613886,-3.5E-02));
#482 = CARTESIAN_POINT('',(-0.608940672324,0.608705613886,4.5E-02));
#483 = CARTESIAN_POINT('',(-0.593759601423,0.635,4.5E-02));
#484 = CARTESIAN_POINT('',(-0.593759601423,0.635,4.5E-02));
#485 = CARTESIAN_POINT('',(-0.593759601423,0.635,-3.5E-02));
#486 = CARTESIAN_POINT('',(-0.608940672324,0.608705613886,-3.5E-02));
#487 = CARTESIAN_POINT('',(-0.593759601423,0.635,-3.5E-02));
#488 = CARTESIAN_POINT('',(-0.593759601423,0.635,4.5E-02));
#489 = CARTESIAN_POINT('',(-0.593759601423,0.635,-3.5E-02));
#490 = CARTESIAN_POINT('',(-0.593759601423,0.635,4.5E-02));
#491 = CARTESIAN_POINT('',(-0.36,0.635,4.5E-02));
#492 = CARTESIAN_POINT('',(-0.36,0.635,4.5E-02));
#493 = CARTESIAN_POINT('',(-0.36,0.635,-3.5E-02));
#494 = CARTESIAN_POINT('',(-0.593759601423,0.635,-3.5E-02));
#495 = CARTESIAN_POINT('',(-0.36,0.635,-3.5E-02));
#496 = CARTESIAN_POINT('',(-0.36,0.635,4.5E-02));
#497 = CARTESIAN_POINT('',(-0.36,0.635,-3.5E-02));
#498 = CARTESIAN_POINT('',(-0.36,0.635,4.5E-02));
#499 = CARTESIAN_POINT('',(-0.36,0.365,4.5E-02));
#500 = CARTESIAN_POINT('',(-0.36,0.365,4.5E-02));
#501 = CARTESIAN_POINT('',(-0.36,0.365,-3.5E-02));
#502 = CARTESIAN_POINT('',(-0.36,0.635,-3.5E-02));
#503 = CARTESIAN_POINT('',(-0.36,0.365,-3.5E-02));
#504 = CARTESIAN_POINT('',(-0.36,0.365,4.5E-02));
#505 = CARTESIAN_POINT('',(-0.36,0.365,-3.5E-02));
#506 = CARTESIAN_POINT('',(-0.36,0.365,4.5E-02));
#507 = CARTESIAN_POINT('',(-0.593759601423,0.365,4.5E-02));
#508 = CARTESIAN_POINT('',(-0.593759601423,0.365,4.5E-02));
#509 = CARTESIAN_POINT('',(-0.593759601423,0.365,-3.5E-02));
#510 = CARTESIAN_POINT('',(-0.36,0.365,-3.5E-02));
#511 = CARTESIAN_POINT('',(-0.593759601423,0.365,-3.5E-02));
#512 = CARTESIAN_POINT('',(-0.593759601423,0.365,4.5E-02));
#513 = CARTESIAN_POINT('',(-0.593759601423,0.365,-3.5E-02));
#514 = CARTESIAN_POINT('',(-0.593759601423,0.365,4.5E-02));
#515 = CARTESIAN_POINT('',(-0.608940672324,0.391294386114,4.5E-02));
#516 = CARTESIAN_POINT('',(-0.608940672324,0.391294386114,4.5E-02));
#517 = CARTESIAN_POINT('',(-0.608940672324,0.391294386114,-3.5E-02));
#518 = CARTESIAN_POINT('',(-0.593759601423,0.365,-3.5E-02));
#519 = CARTESIAN_POINT('',(-0.608940672324,0.391294386114,-3.5E-02));
#520 = CARTESIAN_POINT('',(-0.608940672324,0.391294386114,4.5E-02));
#521 = CARTESIAN_POINT('',(-0.608940672324,0.391294386114,-3.5E-02));
#522 = CARTESIAN_POINT('',(-0.608940672324,0.391294386114,4.5E-02));
#523 = CARTESIAN_POINT('',(-0.65,0.415,4.5E-02));
#524 = CARTESIAN_POINT('',(-0.65,0.415,4.5E-02));
#525 = CARTESIAN_POINT('',(-0.65,0.415,-3.5E-02));
#526 = CARTESIAN_POINT('',(-0.608940672324,0.391294386114,-3.5E-02));
#527 = CARTESIAN_POINT('',(-0.65,0.415,-3.5E-02));
#528 = CARTESIAN_POINT('',(0.593759601423,0.365,4.5E-02));
#529 = CARTESIAN_POINT('',(0.36,0.365,4.5E-02));
#530 = CARTESIAN_POINT('',(0.608940672324,0.391294386114,4.5E-02));
#531 = CARTESIAN_POINT('',(0.593759601423,0.365,4.5E-02));
#532 = CARTESIAN_POINT('',(0.65,0.415,4.5E-02));
#533 = CARTESIAN_POINT('',(0.608940672324,0.391294386114,4.5E-02));
#534 = CARTESIAN_POINT('',(0.75,0.415,4.5E-02));
#535 = CARTESIAN_POINT('',(0.65,0.415,4.5E-02));
#536 = CARTESIAN_POINT('',(0.75,0.585,4.5E-02));
#537 = CARTESIAN_POINT('',(0.75,0.415,4.5E-02));
#538 = CARTESIAN_POINT('',(0.65,0.585,4.5E-02));
#539 = CARTESIAN_POINT('',(0.75,0.585,4.5E-02));
#540 = CARTESIAN_POINT('',(0.608940672324,0.608705613886,4.5E-02));
#541 = CARTESIAN_POINT('',(0.65,0.585,4.5E-02));
#542 = CARTESIAN_POINT('',(0.593759601423,0.635,4.5E-02));
#543 = CARTESIAN_POINT('',(0.608940672324,0.608705613886,4.5E-02));
#544 = CARTESIAN_POINT('',(0.36,0.635,4.5E-02));
#545 = CARTESIAN_POINT('',(0.593759601423,0.635,4.5E-02));
#546 = CARTESIAN_POINT('',(0.36,0.365,4.5E-02));
#547 = CARTESIAN_POINT('',(0.36,0.635,4.5E-02));
#548 = CARTESIAN_POINT('',(0.593759601423,0.365,-3.5E-02));
#549 = CARTESIAN_POINT('',(0.36,0.365,-3.5E-02));
#550 = CARTESIAN_POINT('',(0.36,0.365,-3.5E-02));
#551 = CARTESIAN_POINT('',(0.36,0.635,-3.5E-02));
#552 = CARTESIAN_POINT('',(0.36,0.635,-3.5E-02));
#553 = CARTESIAN_POINT('',(0.593759601423,0.635,-3.5E-02));
#554 = CARTESIAN_POINT('',(0.593759601423,0.635,-3.5E-02));
#555 = CARTESIAN_POINT('',(0.608940672324,0.608705613886,-3.5E-02));
#556 = CARTESIAN_POINT('',(0.608940672324,0.608705613886,-3.5E-02));
#557 = CARTESIAN_POINT('',(0.65,0.585,-3.5E-02));
#558 = CARTESIAN_POINT('',(0.65,0.585,-3.5E-02));
#559 = CARTESIAN_POINT('',(0.75,0.585,-3.5E-02));
#560 = CARTESIAN_POINT('',(0.75,0.585,-3.5E-02));
#561 = CARTESIAN_POINT('',(0.75,0.415,-3.5E-02));
#562 = CARTESIAN_POINT('',(0.75,0.415,-3.5E-02));
#563 = CARTESIAN_POINT('',(0.65,0.415,-3.5E-02));
#564 = CARTESIAN_POINT('',(0.65,0.415,-3.5E-02));
#565 = CARTESIAN_POINT('',(0.608940672324,0.391294386114,-3.5E-02));
#566 = CARTESIAN_POINT('',(0.608940672324,0.391294386114,-3.5E-02));
#567 = CARTESIAN_POINT('',(0.593759601423,0.365,-3.5E-02));
#568 = CARTESIAN_POINT('',(0.36,0.365,4.5E-02));
#569 = CARTESIAN_POINT('',(0.36,0.365,-3.5E-02));
#570 = CARTESIAN_POINT('',(0.36,0.365,4.5E-02));
#571 = CARTESIAN_POINT('',(0.36,0.635,4.5E-02));
#572 = CARTESIAN_POINT('',(0.36,0.635,4.5E-02));
#573 = CARTESIAN_POINT('',(0.36,0.635,-3.5E-02));
#574 = CARTESIAN_POINT('',(0.36,0.365,-3.5E-02));
#575 = CARTESIAN_POINT('',(0.36,0.635,-3.5E-02));
#576 = CARTESIAN_POINT('',(0.36,0.635,4.5E-02));
#577 = CARTESIAN_POINT('',(0.36,0.635,-3.5E-02));
#578 = CARTESIAN_POINT('',(0.36,0.635,4.5E-02));
#579 = CARTESIAN_POINT('',(0.593759601423,0.635,4.5E-02));
#580 = CARTESIAN_POINT('',(0.593759601423,0.635,4.5E-02));
#581 = CARTESIAN_POINT('',(0.593759601423,0.635,-3.5E-02));
#582 = CARTESIAN_POINT('',(0.36,0.635,-3.5E-02));
#583 = CARTESIAN_POINT('',(0.593759601423,0.635,-3.5E-02));
#584 = CARTESIAN_POINT('',(0.593759601423,0.635,4.5E-02));
#585 = CARTESIAN_POINT('',(0.593759601423,0.635,-3.5E-02));
#586 = CARTESIAN_POINT('',(0.593759601423,0.635,4.5E-02));
#587 = CARTESIAN_POINT('',(0.608940672324,0.608705613886,4.5E-02));
#588 = CARTESIAN_POINT('',(0.608940672324,0.608705613886,4.5E-02));
#589 = CARTESIAN_POINT('',(0.608940672324,0.608705613886,-3.5E-02));
#590 = CARTESIAN_POINT('',(0.593759601423,0.635,-3.5E-02));
#591 = CARTESIAN_POINT('',(0.608940672324,0.608705613886,-3.5E-02));
#592 = CARTESIAN_POINT('',(0.608940672324,0.608705613886,4.5E-02));
#593 = CARTESIAN_POINT('',(0.608940672324,0.608705613886,-3.5E-02));
#594 = CARTESIAN_POINT('',(0.608940672324,0.608705613886,4.5E-02));
#595 = CARTESIAN_POINT('',(0.65,0.585,4.5E-02));
#596 = CARTESIAN_POINT('',(0.65,0.585,4.5E-02));
#597 = CARTESIAN_POINT('',(0.65,0.585,-3.5E-02));
#598 = CARTESIAN_POINT('',(0.608940672324,0.608705613886,-3.5E-02));
#599 = CARTESIAN_POINT('',(0.65,0.585,-3.5E-02));
#600 = CARTESIAN_POINT('',(0.65,0.585,4.5E-02));
#601 = CARTESIAN_POINT('',(0.65,0.585,-3.5E-02));
#602 = CARTESIAN_POINT('',(0.65,0.585,4.5E-02));
#603 = CARTESIAN_POINT('',(0.75,0.585,4.5E-02));
#604 = CARTESIAN_POINT('',(0.75,0.585,4.5E-02));
#605 = CARTESIAN_POINT('',(0.75,0.585,-3.5E-02));
#606 = CARTESIAN_POINT('',(0.65,0.585,-3.5E-02));
#607 = CARTESIAN_POINT('',(0.75,0.585,-3.5E-02));
#608 = CARTESIAN_POINT('',(0.75,0.585,4.5E-02));
#609 = CARTESIAN_POINT('',(0.75,0.585,-3.5E-02));
#610 = CARTESIAN_POINT('',(0.75,0.585,4.5E-02));
#611 = CARTESIAN_POINT('',(0.75,0.415,4.5E-02));
#612 = CARTESIAN_POINT('',(0.75,0.415,4.5E-02));
#613 = CARTESIAN_POINT('',(0.75,0.415,-3.5E-02));
#614 = CARTESIAN_POINT('',(0.75,0.585,-3.5E-02));
#615 = CARTESIAN_POINT('',(0.75,0.415,-3.5E-02));
#616 = CARTESIAN_POINT('',(0.75,0.415,4.5E-02));
#617 = CARTESIAN_POINT('',(0.75,0.415,-3.5E-02));
#618 = CARTESIAN_POINT('',(0.75,0.415,4.5E-02));
#619 = CARTESIAN_POINT('',(0.65,0.415,4.5E-02));
#620 = CARTESIAN_POINT('',(0.65,0.415,4.5E-02));
#621 = CARTESIAN_POINT('',(0.65,0.415,-3.5E-02));
#622 = CARTESIAN_POINT('',(0.75,0.415,-3.5E-02));
#623 = CARTESIAN_POINT('',(0.65,0.415,-3.5E-02));
#624 = CARTESIAN_POINT('',(0.65,0.415,4.5E-02));
#625 = CARTESIAN_POINT('',(0.65,0.415,-3.5E-02));
#626 = CARTESIAN_POINT('',(0.65,0.415,4.5E-02));
#627 = CARTESIAN_POINT('',(0.608940672324,0.391294386114,4.5E-02));
#628 = CARTESIAN_POINT('',(0.608940672324,0.391294386114,4.5E-02));
#629 = CARTESIAN_POINT('',(0.608940672324,0.391294386114,-3.5E-02));
#630 = CARTESIAN_POINT('',(0.65,0.415,-3.5E-02));
#631 = CARTESIAN_POINT('',(0.608940672324,0.391294386114,-3.5E-02));
#632 = CARTESIAN_POINT('',(0.608940672324,0.391294386114,4.5E-02));
#633 = CARTESIAN_POINT('',(0.608940672324,0.391294386114,-3.5E-02));
#634 = CARTESIAN_POINT('',(0.608940672324,0.391294386114,4.5E-02));
#635 = CARTESIAN_POINT('',(0.593759601423,0.365,4.5E-02));
#636 = CARTESIAN_POINT('',(0.593759601423,0.365,4.5E-02));
#637 = CARTESIAN_POINT('',(0.593759601423,0.365,-3.5E-02));
#638 = CARTESIAN_POINT('',(0.608940672324,0.391294386114,-3.5E-02));
#639 = CARTESIAN_POINT('',(0.593759601423,0.365,-3.5E-02));
#640 = CARTESIAN_POINT('',(0.593759601423,0.365,4.5E-02));
#641 = CARTESIAN_POINT('',(0.593759601423,0.365,-3.5E-02));
#642 = CARTESIAN_POINT('',(0.593759601423,0.365,4.5E-02));
#643 = CARTESIAN_POINT('',(0.36,0.365,4.5E-02));
#644 = CARTESIAN_POINT('',(0.36,0.365,4.5E-02));
#645 = CARTESIAN_POINT('',(0.36,0.365,-3.5E-02));
#646 = CARTESIAN_POINT('',(0.593759601423,0.365,-3.5E-02));
#647 = CARTESIAN_POINT('',(0.36,0.365,-3.5E-02));
#648 = CARTESIAN_POINT('',(0.593759601423,-0.135,4.5E-02));
#649 = CARTESIAN_POINT('',(0.36,-0.135,4.5E-02));
#650 = CARTESIAN_POINT('',(0.608940672324,-0.108705613886,4.5E-02));
#651 = CARTESIAN_POINT('',(0.593759601423,-0.135,4.5E-02));
#652 = CARTESIAN_POINT('',(0.65,-8.5E-02,4.5E-02));
#653 = CARTESIAN_POINT('',(0.608940672324,-0.108705613886,4.5E-02));
#654 = CARTESIAN_POINT('',(0.75,-8.5E-02,4.5E-02));
#655 = CARTESIAN_POINT('',(0.65,-8.5E-02,4.5E-02));
#656 = CARTESIAN_POINT('',(0.75,8.5E-02,4.5E-02));
#657 = CARTESIAN_POINT('',(0.75,-8.5E-02,4.5E-02));
#658 = CARTESIAN_POINT('',(0.65,8.5E-02,4.5E-02));
#659 = CARTESIAN_POINT('',(0.75,8.5E-02,4.5E-02));
#660 = CARTESIAN_POINT('',(0.608940672324,0.108705613886,4.5E-02));
#661 = CARTESIAN_POINT('',(0.65,8.5E-02,4.5E-02));
#662 = CARTESIAN_POINT('',(0.593759601423,0.135,4.5E-02));
#663 = CARTESIAN_POINT('',(0.608940672324,0.108705613886,4.5E-02));
#664 = CARTESIAN_POINT('',(0.36,0.135,4.5E-02));
#665 = CARTESIAN_POINT('',(0.593759601423,0.135,4.5E-02));
#666 = CARTESIAN_POINT('',(0.36,-0.135,4.5E-02));
#667 = CARTESIAN_POINT('',(0.36,0.135,4.5E-02));
#668 = CARTESIAN_POINT('',(0.593759601423,-0.135,-3.5E-02));
#669 = CARTESIAN_POINT('',(0.36,-0.135,-3.5E-02));
#670 = CARTESIAN_POINT('',(0.36,-0.135,-3.5E-02));
#671 = CARTESIAN_POINT('',(0.36,0.135,-3.5E-02));
#672 = CARTESIAN_POINT('',(0.36,0.135,-3.5E-02));
#673 = CARTESIAN_POINT('',(0.593759601423,0.135,-3.5E-02));
#674 = CARTESIAN_POINT('',(0.593759601423,0.135,-3.5E-02));
#675 = CARTESIAN_POINT('',(0.608940672324,0.108705613886,-3.5E-02));
#676 = CARTESIAN_POINT('',(0.608940672324,0.108705613886,-3.5E-02));
#677 = CARTESIAN_POINT('',(0.65,8.5E-02,-3.5E-02));
#678 = CARTESIAN_POINT('',(0.65,8.5E-02,-3.5E-02));
#679 = CARTESIAN_POINT('',(0.75,8.5E-02,-3.5E-02));
#680 = CARTESIAN_POINT('',(0.75,8.5E-02,-3.5E-02));
#681 = CARTESIAN_POINT('',(0.75,-8.5E-02,-3.5E-02));
#682 = CARTESIAN_POINT('',(0.75,-8.5E-02,-3.5E-02));
#683 = CARTESIAN_POINT('',(0.65,-8.5E-02,-3.5E-02));
#684 = CARTESIAN_POINT('',(0.65,-8.5E-02,-3.5E-02));
#685 = CARTESIAN_POINT('',(0.608940672324,-0.108705613886,-3.5E-02));
#686 = CARTESIAN_POINT('',(0.608940672324,-0.108705613886,-3.5E-02));
#687 = CARTESIAN_POINT('',(0.593759601423,-0.135,-3.5E-02));
#688 = CARTESIAN_POINT('',(0.36,-0.135,4.5E-02));
#689 = CARTESIAN_POINT('',(0.36,-0.135,-3.5E-02));
#690 = CARTESIAN_POINT('',(0.36,-0.135,4.5E-02));
#691 = CARTESIAN_POINT('',(0.36,0.135,4.5E-02));
#692 = CARTESIAN_POINT('',(0.36,0.135,4.5E-02));
#693 = CARTESIAN_POINT('',(0.36,0.135,-3.5E-02));
#694 = CARTESIAN_POINT('',(0.36,-0.135,-3.5E-02));
#695 = CARTESIAN_POINT('',(0.36,0.135,-3.5E-02));
#696 = CARTESIAN_POINT('',(0.36,0.135,4.5E-02));
#697 = CARTESIAN_POINT('',(0.36,0.135,-3.5E-02));
#698 = CARTESIAN_POINT('',(0.36,0.135,4.5E-02));
#699 = CARTESIAN_POINT('',(0.593759601423,0.135,4.5E-02));
#700 = CARTESIAN_POINT('',(0.593759601423,0.135,4.5E-02));
#701 = CARTESIAN_POINT('',(0.593759601423,0.135,-3.5E-02));
#702 = CARTESIAN_POINT('',(0.36,0.135,-3.5E-02));
#703 = CARTESIAN_POINT('',(0.593759601423,0.135,-3.5E-02));
#704 = CARTESIAN_POINT('',(0.593759601423,0.135,4.5E-02));
#705 = CARTESIAN_POINT('',(0.593759601423,0.135,-3.5E-02));
#706 = CARTESIAN_POINT('',(0.593759601423,0.135,4.5E-02));
#707 = CARTESIAN_POINT('',(0.608940672324,0.108705613886,4.5E-02));
#708 = CARTESIAN_POINT('',(0.608940672324,0.108705613886,4.5E-02));
#709 = CARTESIAN_POINT('',(0.608940672324,0.108705613886,-3.5E-02));
#710 = CARTESIAN_POINT('',(0.593759601423,0.135,-3.5E-02));
#711 = CARTESIAN_POINT('',(0.608940672324,0.108705613886,-3.5E-02));
#712 = CARTESIAN_POINT('',(0.608940672324,0.108705613886,4.5E-02));
#713 = CARTESIAN_POINT('',(0.608940672324,0.108705613886,-3.5E-02));
#714 = CARTESIAN_POINT('',(0.608940672324,0.108705613886,4.5E-02));
#715 = CARTESIAN_POINT('',(0.65,8.5E-02,4.5E-02));
#716 = CARTESIAN_POINT('',(0.65,8.5E-02,4.5E-02));
#717 = CARTESIAN_POINT('',(0.65,8.5E-02,-3.5E-02));
#718 = CARTESIAN_POINT('',(0.608940672324,0.108705613886,-3.5E-02));
#719 = CARTESIAN_POINT('',(0.65,8.5E-02,-3.5E-02));
#720 = CARTESIAN_POINT('',(0.65,8.5E-02,4.5E-02));
#721 = CARTESIAN_POINT('',(0.65,8.5E-02,-3.5E-02));
#722 = CARTESIAN_POINT('',(0.65,8.5E-02,4.5E-02));
#723 = CARTESIAN_POINT('',(0.75,8.5E-02,4.5E-02));
#724 = CARTESIAN_POINT('',(0.75,8.5E-02,4.5E-02));
#725 = CARTESIAN_POINT('',(0.75,8.5E-02,-3.5E-02));
#726 = CARTESIAN_POINT('',(0.65,8.5E-02,-3.5E-02));
#727 = CARTESIAN_POINT('',(0.75,8.5E-02,-3.5E-02));
#728 = CARTESIAN_POINT('',(0.75,8.5E-02,4.5E-02));
#729 = CARTESIAN_POINT('',(0.75,8.5E-02,-3.5E-02));
#730 = CARTESIAN_POINT('',(0.75,8.5E-02,4.5E-02));
#731 = CARTESIAN_POINT('',(0.75,-8.5E-02,4.5E-02));
#732 = CARTESIAN_POINT('',(0.75,-8.5E-02,4.5E-02));
#733 = CARTESIAN_POINT('',(0.75,-8.5E-02,-3.5E-02));
#734 = CARTESIAN_POINT('',(0.75,8.5E-02,-3.5E-02));
#735 = CARTESIAN_POINT('',(0.75,-8.5E-02,-3.5E-02));
#736 = CARTESIAN_POINT('',(0.75,-8.5E-02,4.5E-02));
#737 = CARTESIAN_POINT('',(0.75,-8.5E-02,-3.5E-02));
#738 = CARTESIAN_POINT('',(0.75,-8.5E-02,4.5E-02));
#739 = CARTESIAN_POINT('',(0.65,-8.5E-02,4.5E-02));
#740 = CARTESIAN_POINT('',(0.65,-8.5E-02,4.5E-02));
#741 = CARTESIAN_POINT('',(0.65,-8.5E-02,-3.5E-02));
#742 = CARTESIAN_POINT('',(0.75,-8.5E-02,-3.5E-02));
#743 = CARTESIAN_POINT('',(0.65,-8.5E-02,-3.5E-02));
#744 = CARTESIAN_POINT('',(0.65,-8.5E-02,4.5E-02));
#745 = CARTESIAN_POINT('',(0.65,-8.5E-02,-3.5E-02));
#746 = CARTESIAN_POINT('',(0.65,-8.5E-02,4.5E-02));
#747 = CARTESIAN_POINT('',(0.608940672324,-0.108705613886,4.5E-02));
#748 = CARTESIAN_POINT('',(0.608940672324,-0.108705613886,4.5E-02));
#749 = CARTESIAN_POINT('',(0.608940672324,-0.108705613886,-3.5E-02));
#750 = CARTESIAN_POINT('',(0.65,-8.5E-02,-3.5E-02));
#751 = CARTESIAN_POINT('',(0.608940672324,-0.108705613886,-3.5E-02));
#752 = CARTESIAN_POINT('',(0.608940672324,-0.108705613886,4.5E-02));
#753 = CARTESIAN_POINT('',(0.608940672324,-0.108705613886,-3.5E-02));
#754 = CARTESIAN_POINT('',(0.608940672324,-0.108705613886,4.5E-02));
#755 = CARTESIAN_POINT('',(0.593759601423,-0.135,4.5E-02));
#756 = CARTESIAN_POINT('',(0.593759601423,-0.135,4.5E-02));
#757 = CARTESIAN_POINT('',(0.593759601423,-0.135,-3.5E-02));
#758 = CARTESIAN_POINT('',(0.608940672324,-0.108705613886,-3.5E-02));
#759 = CARTESIAN_POINT('',(0.593759601423,-0.135,-3.5E-02));
#760 = CARTESIAN_POINT('',(0.593759601423,-0.135,4.5E-02));
#761 = CARTESIAN_POINT('',(0.593759601423,-0.135,-3.5E-02));
#762 = CARTESIAN_POINT('',(0.593759601423,-0.135,4.5E-02));
#763 = CARTESIAN_POINT('',(0.36,-0.135,4.5E-02));
#764 = CARTESIAN_POINT('',(0.36,-0.135,4.5E-02));
#765 = CARTESIAN_POINT('',(0.36,-0.135,-3.5E-02));
#766 = CARTESIAN_POINT('',(0.593759601423,-0.135,-3.5E-02));
#767 = CARTESIAN_POINT('',(0.36,-0.135,-3.5E-02));
#768 = CARTESIAN_POINT('',(0.593759601423,-0.635,4.5E-02));
#769 = CARTESIAN_POINT('',(0.36,-0.635,4.5E-02));
#770 = CARTESIAN_POINT('',(0.608940672324,-0.608705613886,4.5E-02));
#771 = CARTESIAN_POINT('',(0.593759601423,-0.635,4.5E-02));
#772 = CARTESIAN_POINT('',(0.65,-0.585,4.5E-02));
#773 = CARTESIAN_POINT('',(0.608940672324,-0.608705613886,4.5E-02));
#774 = CARTESIAN_POINT('',(0.75,-0.585,4.5E-02));
#775 = CARTESIAN_POINT('',(0.65,-0.585,4.5E-02));
#776 = CARTESIAN_POINT('',(0.75,-0.415,4.5E-02));
#777 = CARTESIAN_POINT('',(0.75,-0.585,4.5E-02));
#778 = CARTESIAN_POINT('',(0.65,-0.415,4.5E-02));
#779 = CARTESIAN_POINT('',(0.75,-0.415,4.5E-02));
#780 = CARTESIAN_POINT('',(0.608940672324,-0.391294386114,4.5E-02));
#781 = CARTESIAN_POINT('',(0.65,-0.415,4.5E-02));
#782 = CARTESIAN_POINT('',(0.593759601423,-0.365,4.5E-02));
#783 = CARTESIAN_POINT('',(0.608940672324,-0.391294386114,4.5E-02));
#784 = CARTESIAN_POINT('',(0.36,-0.365,4.5E-02));
#785 = CARTESIAN_POINT('',(0.593759601423,-0.365,4.5E-02));
#786 = CARTESIAN_POINT('',(0.36,-0.635,4.5E-02));
#787 = CARTESIAN_POINT('',(0.36,-0.365,4.5E-02));
#788 = CARTESIAN_POINT('',(0.593759601423,-0.635,-3.5E-02));
#789 = CARTESIAN_POINT('',(0.36,-0.635,-3.5E-02));
#790 = CARTESIAN_POINT('',(0.36,-0.635,-3.5E-02));
#791 = CARTESIAN_POINT('',(0.36,-0.365,-3.5E-02));
#792 = CARTESIAN_POINT('',(0.36,-0.365,-3.5E-02));
#793 = CARTESIAN_POINT('',(0.593759601423,-0.365,-3.5E-02));
#794 = CARTESIAN_POINT('',(0.593759601423,-0.365,-3.5E-02));
#795 = CARTESIAN_POINT('',(0.608940672324,-0.391294386114,-3.5E-02));
#796 = CARTESIAN_POINT('',(0.608940672324,-0.391294386114,-3.5E-02));
#797 = CARTESIAN_POINT('',(0.65,-0.415,-3.5E-02));
#798 = CARTESIAN_POINT('',(0.65,-0.415,-3.5E-02));
#799 = CARTESIAN_POINT('',(0.75,-0.415,-3.5E-02));
#800 = CARTESIAN_POINT('',(0.75,-0.415,-3.5E-02));
#801 = CARTESIAN_POINT('',(0.75,-0.585,-3.5E-02));
#802 = CARTESIAN_POINT('',(0.75,-0.585,-3.5E-02));
#803 = CARTESIAN_POINT('',(0.65,-0.585,-3.5E-02));
#804 = CARTESIAN_POINT('',(0.65,-0.585,-3.5E-02));
#805 = CARTESIAN_POINT('',(0.608940672324,-0.608705613886,-3.5E-02));
#806 = CARTESIAN_POINT('',(0.608940672324,-0.608705613886,-3.5E-02));
#807 = CARTESIAN_POINT('',(0.593759601423,-0.635,-3.5E-02));
#808 = CARTESIAN_POINT('',(0.36,-0.635,4.5E-02));
#809 = CARTESIAN_POINT('',(0.36,-0.635,-3.5E-02));
#810 = CARTESIAN_POINT('',(0.36,-0.635,4.5E-02));
#811 = CARTESIAN_POINT('',(0.36,-0.365,4.5E-02));
#812 = CARTESIAN_POINT('',(0.36,-0.365,4.5E-02));
#813 = CARTESIAN_POINT('',(0.36,-0.365,-3.5E-02));
#814 = CARTESIAN_POINT('',(0.36,-0.635,-3.5E-02));
#815 = CARTESIAN_POINT('',(0.36,-0.365,-3.5E-02));
#816 = CARTESIAN_POINT('',(0.36,-0.365,4.5E-02));
#817 = CARTESIAN_POINT('',(0.36,-0.365,-3.5E-02));
#818 = CARTESIAN_POINT('',(0.36,-0.365,4.5E-02));
#819 = CARTESIAN_POINT('',(0.593759601423,-0.365,4.5E-02));
#820 = CARTESIAN_POINT('',(0.593759601423,-0.365,4.5E-02));
#821 = CARTESIAN_POINT('',(0.593759601423,-0.365,-3.5E-02));
#822 = CARTESIAN_POINT('',(0.36,-0.365,-3.5E-02));
#823 = CARTESIAN_POINT('',(0.593759601423,-0.365,-3.5E-02));
#824 = CARTESIAN_POINT('',(0.593759601423,-0.365,4.5E-02));
#825 = CARTESIAN_POINT('',(0.593759601423,-0.365,-3.5E-02));
#826 = CARTESIAN_POINT('',(0.593759601423,-0.365,4.5E-02));
#827 = CARTESIAN_POINT('',(0.608940672324,-0.391294386114,4.5E-02));
#828 = CARTESIAN_POINT('',(0.608940672324,-0.391294386114,4.5E-02));
#829 = CARTESIAN_POINT('',(0.608940672324,-0.391294386114,-3.5E-02));
#830 = CARTESIAN_POINT('',(0.593759601423,-0.365,-3.5E-02));
#831 = CARTESIAN_POINT('',(0.608940672324,-0.391294386114,-3.5E-02));
#832 = CARTESIAN_POINT('',(0.608940672324,-0.391294386114,4.5E-02));
#833 = CARTESIAN_POINT('',(0.608940672324,-0.391294386114,-3.5E-02));
#834 = CARTESIAN_POINT('',(0.608940672324,-0.391294386114,4.5E-02));
#835 = CARTESIAN_POINT('',(0.65,-0.415,4.5E-02));
#836 = CARTESIAN_POINT('',(0.65,-0.415,4.5E-02));
#837 = CARTESIAN_POINT('',(0.65,-0.415,-3.5E-02));
#838 = CARTESIAN_POINT('',(0.608940672324,-0.391294386114,-3.5E-02));
#839 = CARTESIAN_POINT('',(0.65,-0.415,-3.5E-02));
#840 = CARTESIAN_POINT('',(0.65,-0.415,4.5E-02));
#841 = CARTESIAN_POINT('',(0.65,-0.415,-3.5E-02));
#842 = CARTESIAN_POINT('',(0.65,-0.415,4.5E-02));
#843 = CARTESIAN_POINT('',(0.75,-0.415,4.5E-02));
#844 = CARTESIAN_POINT('',(0.75,-0.415,4.5E-02));
#845 = CARTESIAN_POINT('',(0.75,-0.415,-3.5E-02));
#846 = CARTESIAN_POINT('',(0.65,-0.415,-3.5E-02));
#847 = CARTESIAN_POINT('',(0.75,-0.415,-3.5E-02));
#848 = CARTESIAN_POINT('',(0.75,-0.415,4.5E-02));
#849 = CARTESIAN_POINT('',(0.75,-0.415,-3.5E-02));
#850 = CARTESIAN_POINT('',(0.75,-0.415,4.5E-02));
#851 = CARTESIAN_POINT('',(0.75,-0.585,4.5E-02));
#852 = CARTESIAN_POINT('',(0.75,-0.585,4.5E-02));
#853 = CARTESIAN_POINT('',(0.75,-0.585,-3.5E-02));
#854 = CARTESIAN_POINT('',(0.75,-0.415,-3.5E-02));
#855 = CARTESIAN_POINT('',(0.75,-0.585,-3.5E-02));
#856 = CARTESIAN_POINT('',(0.75,-0.585,4.5E-02));
#857 = CARTESIAN_POINT('',(0.75,-0.585,-3.5E-02));
#858 = CARTESIAN_POINT('',(0.75,-0.585,4.5E-02));
#859 = CARTESIAN_POINT('',(0.65,-0.585,4.5E-02));
#860 = CARTESIAN_POINT('',(0.65,-0.585,4.5E-02));
#861 = CARTESIAN_POINT('',(0.65,-0.585,-3.5E-02));
#862 = CARTESIAN_POINT('',(0.75,-0.585,-3.5E-02));
#863 = CARTESIAN_POINT('',(0.65,-0.585,-3.5E-02));
#864 = CARTESIAN_POINT('',(0.65,-0.585,4.5E-02));
#865 = CARTESIAN_POINT('',(0.65,-0.585,-3.5E-02));
#866 = CARTESIAN_POINT('',(0.65,-0.585,4.5E-02));
#867 = CARTESIAN_POINT('',(0.608940672324,-0.608705613886,4.5E-02));
#868 = CARTESIAN_POINT('',(0.608940672324,-0.608705613886,4.5E-02));
#869 = CARTESIAN_POINT('',(0.608940672324,-0.608705613886,-3.5E-02));
#870 = CARTESIAN_POINT('',(0.65,-0.585,-3.5E-02));
#871 = CARTESIAN_POINT('',(0.608940672324,-0.608705613886,-3.5E-02));
#872 = CARTESIAN_POINT('',(0.608940672324,-0.608705613886,4.5E-02));
#873 = CARTESIAN_POINT('',(0.608940672324,-0.608705613886,-3.5E-02));
#874 = CARTESIAN_POINT('',(0.608940672324,-0.608705613886,4.5E-02));
#875 = CARTESIAN_POINT('',(0.593759601423,-0.635,4.5E-02));
#876 = CARTESIAN_POINT('',(0.593759601423,-0.635,4.5E-02));
#877 = CARTESIAN_POINT('',(0.593759601423,-0.635,-3.5E-02));
#878 = CARTESIAN_POINT('',(0.608940672324,-0.608705613886,-3.5E-02));
#879 = CARTESIAN_POINT('',(0.593759601423,-0.635,-3.5E-02));
#880 = CARTESIAN_POINT('',(0.593759601423,-0.635,4.5E-02));
#881 = CARTESIAN_POINT('',(0.593759601423,-0.635,-3.5E-02));
#882 = CARTESIAN_POINT('',(0.593759601423,-0.635,4.5E-02));
#883 = CARTESIAN_POINT('',(0.36,-0.635,4.5E-02));
#884 = CARTESIAN_POINT('',(0.36,-0.635,4.5E-02));
#885 = CARTESIAN_POINT('',(0.36,-0.635,-3.5E-02));
#886 = CARTESIAN_POINT('',(0.593759601423,-0.635,-3.5E-02));
#887 = CARTESIAN_POINT('',(0.36,-0.635,-3.5E-02));
#888 = CARTESIAN_POINT('',(-0.608940672324,-0.108705613886,4.5E-02));
#889 = CARTESIAN_POINT('',(-0.65,-8.5E-02,4.5E-02));
#890 = CARTESIAN_POINT('',(-0.593759601423,-0.135,4.5E-02));
#891 = CARTESIAN_POINT('',(-0.608940672324,-0.108705613886,4.5E-02));
#892 = CARTESIAN_POINT('',(-0.36,-0.135,4.5E-02));
#893 = CARTESIAN_POINT('',(-0.593759601423,-0.135,4.5E-02));
#894 = CARTESIAN_POINT('',(-0.36,0.135,4.5E-02));
#895 = CARTESIAN_POINT('',(-0.36,-0.135,4.5E-02));
#896 = CARTESIAN_POINT('',(-0.593759601423,0.135,4.5E-02));
#897 = CARTESIAN_POINT('',(-0.36,0.135,4.5E-02));
#898 = CARTESIAN_POINT('',(-0.608940672324,0.108705613886,4.5E-02));
#899 = CARTESIAN_POINT('',(-0.593759601423,0.135,4.5E-02));
#900 = CARTESIAN_POINT('',(-0.65,8.5E-02,4.5E-02));
#901 = CARTESIAN_POINT('',(-0.608940672324,0.108705613886,4.5E-02));
#902 = CARTESIAN_POINT('',(-0.75,8.5E-02,4.5E-02));
#903 = CARTESIAN_POINT('',(-0.65,8.5E-02,4.5E-02));
#904 = CARTESIAN_POINT('',(-0.75,-8.5E-02,4.5E-02));
#905 = CARTESIAN_POINT('',(-0.75,8.5E-02,4.5E-02));
#906 = CARTESIAN_POINT('',(-0.65,-8.5E-02,4.5E-02));
#907 = CARTESIAN_POINT('',(-0.75,-8.5E-02,4.5E-02));
#908 = CARTESIAN_POINT('',(-0.608940672324,-0.108705613886,-3.5E-02));
#909 = CARTESIAN_POINT('',(-0.65,-8.5E-02,-3.5E-02));
#910 = CARTESIAN_POINT('',(-0.65,-8.5E-02,-3.5E-02));
#911 = CARTESIAN_POINT('',(-0.75,-8.5E-02,-3.5E-02));
#912 = CARTESIAN_POINT('',(-0.75,-8.5E-02,-3.5E-02));
#913 = CARTESIAN_POINT('',(-0.75,8.5E-02,-3.5E-02));
#914 = CARTESIAN_POINT('',(-0.75,8.5E-02,-3.5E-02));
#915 = CARTESIAN_POINT('',(-0.65,8.5E-02,-3.5E-02));
#916 = CARTESIAN_POINT('',(-0.65,8.5E-02,-3.5E-02));
#917 = CARTESIAN_POINT('',(-0.608940672324,0.108705613886,-3.5E-02));
#918 = CARTESIAN_POINT('',(-0.608940672324,0.108705613886,-3.5E-02));
#919 = CARTESIAN_POINT('',(-0.593759601423,0.135,-3.5E-02));
#920 = CARTESIAN_POINT('',(-0.593759601423,0.135,-3.5E-02));
#921 = CARTESIAN_POINT('',(-0.36,0.135,-3.5E-02));
#922 = CARTESIAN_POINT('',(-0.36,0.135,-3.5E-02));
#923 = CARTESIAN_POINT('',(-0.36,-0.135,-3.5E-02));
#924 = CARTESIAN_POINT('',(-0.36,-0.135,-3.5E-02));
#925 = CARTESIAN_POINT('',(-0.593759601423,-0.135,-3.5E-02));
#926 = CARTESIAN_POINT('',(-0.593759601423,-0.135,-3.5E-02));
#927 = CARTESIAN_POINT('',(-0.608940672324,-0.108705613886,-3.5E-02));
#928 = CARTESIAN_POINT('',(-0.65,-8.5E-02,4.5E-02));
#929 = CARTESIAN_POINT('',(-0.65,-8.5E-02,-3.5E-02));
#930 = CARTESIAN_POINT('',(-0.65,-8.5E-02,4.5E-02));
#931 = CARTESIAN_POINT('',(-0.75,-8.5E-02,4.5E-02));
#932 = CARTESIAN_POINT('',(-0.75,-8.5E-02,4.5E-02));
#933 = CARTESIAN_POINT('',(-0.75,-8.5E-02,-3.5E-02));
#934 = CARTESIAN_POINT('',(-0.65,-8.5E-02,-3.5E-02));
#935 = CARTESIAN_POINT('',(-0.75,-8.5E-02,-3.5E-02));
#936 = CARTESIAN_POINT('',(-0.75,-8.5E-02,4.5E-02));
#937 = CARTESIAN_POINT('',(-0.75,-8.5E-02,-3.5E-02));
#938 = CARTESIAN_POINT('',(-0.75,-8.5E-02,4.5E-02));
#939 = CARTESIAN_POINT('',(-0.75,8.5E-02,4.5E-02));
#940 = CARTESIAN_POINT('',(-0.75,8.5E-02,4.5E-02));
#941 = CARTESIAN_POINT('',(-0.75,8.5E-02,-3.5E-02));
#942 = CARTESIAN_POINT('',(-0.75,-8.5E-02,-3.5E-02));
#943 = CARTESIAN_POINT('',(-0.75,8.5E-02,-3.5E-02));
#944 = CARTESIAN_POINT('',(-0.75,8.5E-02,4.5E-02));
#945 = CARTESIAN_POINT('',(-0.75,8.5E-02,-3.5E-02));
#946 = CARTESIAN_POINT('',(-0.75,8.5E-02,4.5E-02));
#947 = CARTESIAN_POINT('',(-0.65,8.5E-02,4.5E-02));
#948 = CARTESIAN_POINT('',(-0.65,8.5E-02,4.5E-02));
#949 = CARTESIAN_POINT('',(-0.65,8.5E-02,-3.5E-02));
#950 = CARTESIAN_POINT('',(-0.75,8.5E-02,-3.5E-02));
#951 = CARTESIAN_POINT('',(-0.65,8.5E-02,-3.5E-02));
#952 = CARTESIAN_POINT('',(-0.65,8.5E-02,4.5E-02));
#953 = CARTESIAN_POINT('',(-0.65,8.5E-02,-3.5E-02));
#954 = CARTESIAN_POINT('',(-0.65,8.5E-02,4.5E-02));
#955 = CARTESIAN_POINT('',(-0.608940672324,0.108705613886,4.5E-02));
#956 = CARTESIAN_POINT('',(-0.608940672324,0.108705613886,4.5E-02));
#957 = CARTESIAN_POINT('',(-0.608940672324,0.108705613886,-3.5E-02));
#958 = CARTESIAN_POINT('',(-0.65,8.5E-02,-3.5E-02));
#959 = CARTESIAN_POINT('',(-0.608940672324,0.108705613886,-3.5E-02));
#960 = CARTESIAN_POINT('',(-0.608940672324,0.108705613886,4.5E-02));
#961 = CARTESIAN_POINT('',(-0.608940672324,0.108705613886,-3.5E-02));
#962 = CARTESIAN_POINT('',(-0.608940672324,0.108705613886,4.5E-02));
#963 = CARTESIAN_POINT('',(-0.593759601423,0.135,4.5E-02));
#964 = CARTESIAN_POINT('',(-0.593759601423,0.135,4.5E-02));
#965 = CARTESIAN_POINT('',(-0.593759601423,0.135,-3.5E-02));
#966 = CARTESIAN_POINT('',(-0.608940672324,0.108705613886,-3.5E-02));
#967 = CARTESIAN_POINT('',(-0.593759601423,0.135,-3.5E-02));
#968 = CARTESIAN_POINT('',(-0.593759601423,0.135,4.5E-02));
#969 = CARTESIAN_POINT('',(-0.593759601423,0.135,-3.5E-02));
#970 = CARTESIAN_POINT('',(-0.593759601423,0.135,4.5E-02));
#971 = CARTESIAN_POINT('',(-0.36,0.135,4.5E-02));
#972 = CARTESIAN_POINT('',(-0.36,0.135,4.5E-02));
#973 = CARTESIAN_POINT('',(-0.36,0.135,-3.5E-02));
#974 = CARTESIAN_POINT('',(-0.593759601423,0.135,-3.5E-02));
#975 = CARTESIAN_POINT('',(-0.36,0.135,-3.5E-02));
#976 = CARTESIAN_POINT('',(-0.36,0.135,4.5E-02));
#977 = CARTESIAN_POINT('',(-0.36,0.135,-3.5E-02));
#978 = CARTESIAN_POINT('',(-0.36,0.135,4.5E-02));
#979 = CARTESIAN_POINT('',(-0.36,-0.135,4.5E-02));
#980 = CARTESIAN_POINT('',(-0.36,-0.135,4.5E-02));
#981 = CARTESIAN_POINT('',(-0.36,-0.135,-3.5E-02));
#982 = CARTESIAN_POINT('',(-0.36,0.135,-3.5E-02));
#983 = CARTESIAN_POINT('',(-0.36,-0.135,-3.5E-02));
#984 = CARTESIAN_POINT('',(-0.36,-0.135,4.5E-02));
#985 = CARTESIAN_POINT('',(-0.36,-0.135,-3.5E-02));
#986 = CARTESIAN_POINT('',(-0.36,-0.135,4.5E-02));
#987 = CARTESIAN_POINT('',(-0.593759601423,-0.135,4.5E-02));
#988 = CARTESIAN_POINT('',(-0.593759601423,-0.135,4.5E-02));
#989 = CARTESIAN_POINT('',(-0.593759601423,-0.135,-3.5E-02));
#990 = CARTESIAN_POINT('',(-0.36,-0.135,-3.5E-02));
#991 = CARTESIAN_POINT('',(-0.593759601423,-0.135,-3.5E-02));
#992 = CARTESIAN_POINT('',(-0.593759601423,-0.135,4.5E-02));
#993 = CARTESIAN_POINT('',(-0.593759601423,-0.135,-3.5E-02));
#994 = CARTESIAN_POINT('',(-0.593759601423,-0.135,4.5E-02));
#995 = CARTESIAN_POINT('',(-0.608940672324,-0.108705613886,4.5E-02));
#996 = CARTESIAN_POINT('',(-0.608940672324,-0.108705613886,4.5E-02));
#997 = CARTESIAN_POINT('',(-0.608940672324,-0.108705613886,-3.5E-02));
#998 = CARTESIAN_POINT('',(-0.593759601423,-0.135,-3.5E-02));
#999 = CARTESIAN_POINT('',(-0.608940672324,-0.108705613886,-3.5E-02));
#1000 = CARTESIAN_POINT('',(-0.608940672324,-0.108705613886,4.5E-02));
#1001 = CARTESIAN_POINT('',(-0.608940672324,-0.108705613886,-3.5E-02));
#1002 = CARTESIAN_POINT('',(-0.608940672324,-0.108705613886,4.5E-02));
#1003 = CARTESIAN_POINT('',(-0.65,-8.5E-02,4.5E-02));
#1004 = CARTESIAN_POINT('',(-0.65,-8.5E-02,4.5E-02));
#1005 = CARTESIAN_POINT('',(-0.65,-8.5E-02,-3.5E-02));
#1006 = CARTESIAN_POINT('',(-0.608940672324,-0.108705613886,-3.5E-02));
#1007 = CARTESIAN_POINT('',(-0.65,-8.5E-02,-3.5E-02));
#1008 = CARTESIAN_POINT('',(-0.608940672324,-0.608705613886,4.5E-02));
#1009 = CARTESIAN_POINT('',(-0.65,-0.585,4.5E-02));
#1010 = CARTESIAN_POINT('',(-0.593759601423,-0.635,4.5E-02));
#1011 = CARTESIAN_POINT('',(-0.608940672324,-0.608705613886,4.5E-02));
#1012 = CARTESIAN_POINT('',(-0.36,-0.635,4.5E-02));
#1013 = CARTESIAN_POINT('',(-0.593759601423,-0.635,4.5E-02));
#1014 = CARTESIAN_POINT('',(-0.36,-0.365,4.5E-02));
#1015 = CARTESIAN_POINT('',(-0.36,-0.635,4.5E-02));
#1016 = CARTESIAN_POINT('',(-0.593759601423,-0.365,4.5E-02));
#1017 = CARTESIAN_POINT('',(-0.36,-0.365,4.5E-02));
#1018 = CARTESIAN_POINT('',(-0.608940672324,-0.391294386114,4.5E-02));
#1019 = CARTESIAN_POINT('',(-0.593759601423,-0.365,4.5E-02));
#1020 = CARTESIAN_POINT('',(-0.65,-0.415,4.5E-02));
#1021 = CARTESIAN_POINT('',(-0.608940672324,-0.391294386114,4.5E-02));
#1022 = CARTESIAN_POINT('',(-0.75,-0.415,4.5E-02));
#1023 = CARTESIAN_POINT('',(-0.65,-0.415,4.5E-02));
#1024 = CARTESIAN_POINT('',(-0.75,-0.585,4.5E-02));
#1025 = CARTESIAN_POINT('',(-0.75,-0.415,4.5E-02));
#1026 = CARTESIAN_POINT('',(-0.65,-0.585,4.5E-02));
#1027 = CARTESIAN_POINT('',(-0.75,-0.585,4.5E-02));
#1028 = CARTESIAN_POINT('',(-0.608940672324,-0.608705613886,-3.5E-02));
#1029 = CARTESIAN_POINT('',(-0.65,-0.585,-3.5E-02));
#1030 = CARTESIAN_POINT('',(-0.65,-0.585,-3.5E-02));
#1031 = CARTESIAN_POINT('',(-0.75,-0.585,-3.5E-02));
#1032 = CARTESIAN_POINT('',(-0.75,-0.585,-3.5E-02));
#1033 = CARTESIAN_POINT('',(-0.75,-0.415,-3.5E-02));
#1034 = CARTESIAN_POINT('',(-0.75,-0.415,-3.5E-02));
#1035 = CARTESIAN_POINT('',(-0.65,-0.415,-3.5E-02));
#1036 = CARTESIAN_POINT('',(-0.65,-0.415,-3.5E-02));
#1037 = CARTESIAN_POINT('',(-0.608940672324,-0.391294386114,-3.5E-02));
#1038 = CARTESIAN_POINT('',(-0.608940672324,-0.391294386114,-3.5E-02));
#1039 = CARTESIAN_POINT('',(-0.593759601423,-0.365,-3.5E-02));
#1040 = CARTESIAN_POINT('',(-0.593759601423,-0.365,-3.5E-02));
#1041 = CARTESIAN_POINT('',(-0.36,-0.365,-3.5E-02));
#1042 = CARTESIAN_POINT('',(-0.36,-0.365,-3.5E-02));
#1043 = CARTESIAN_POINT('',(-0.36,-0.635,-3.5E-02));
#1044 = CARTESIAN_POINT('',(-0.36,-0.635,-3.5E-02));
#1045 = CARTESIAN_POINT('',(-0.593759601423,-0.635,-3.5E-02));
#1046 = CARTESIAN_POINT('',(-0.593759601423,-0.635,-3.5E-02));
#1047 = CARTESIAN_POINT('',(-0.608940672324,-0.608705613886,-3.5E-02));
#1048 = CARTESIAN_POINT('',(-0.65,-0.585,4.5E-02));
#1049 = CARTESIAN_POINT('',(-0.65,-0.585,-3.5E-02));
#1050 = CARTESIAN_POINT('',(-0.65,-0.585,4.5E-02));
#1051 = CARTESIAN_POINT('',(-0.75,-0.585,4.5E-02));
#1052 = CARTESIAN_POINT('',(-0.75,-0.585,4.5E-02));
#1053 = CARTESIAN_POINT('',(-0.75,-0.585,-3.5E-02));
#1054 = CARTESIAN_POINT('',(-0.65,-0.585,-3.5E-02));
#1055 = CARTESIAN_POINT('',(-0.75,-0.585,-3.5E-02));
#1056 = CARTESIAN_POINT('',(-0.75,-0.585,4.5E-02));
#1057 = CARTESIAN_POINT('',(-0.75,-0.585,-3.5E-02));
#1058 = CARTESIAN_POINT('',(-0.75,-0.585,4.5E-02));
#1059 = CARTESIAN_POINT('',(-0.75,-0.415,4.5E-02));
#1060 = CARTESIAN_POINT('',(-0.75,-0.415,4.5E-02));
#1061 = CARTESIAN_POINT('',(-0.75,-0.415,-3.5E-02));
#1062 = CARTESIAN_POINT('',(-0.75,-0.585,-3.5E-02));
#1063 = CARTESIAN_POINT('',(-0.75,-0.415,-3.5E-02));
#1064 = CARTESIAN_POINT('',(-0.75,-0.415,4.5E-02));
#1065 = CARTESIAN_POINT('',(-0.75,-0.415,-3.5E-02));
#1066 = CARTESIAN_POINT('',(-0.75,-0.415,4.5E-02));
#1067 = CARTESIAN_POINT('',(-0.65,-0.415,4.5E-02));
#1068 = CARTESIAN_POINT('',(-0.65,-0.415,4.5E-02));
#1069 = CARTESIAN_POINT('',(-0.65,-0.415,-3.5E-02));
#1070 = CARTESIAN_POINT('',(-0.75,-0.415,-3.5E-02));
#1071 = CARTESIAN_POINT('',(-0.65,-0.415,-3.5E-02));
#1072 = CARTESIAN_POINT('',(-0.65,-0.415,4.5E-02));
#1073 = CARTESIAN_POINT('',(-0.65,-0.415,-3.5E-02));
#1074 = CARTESIAN_POINT('',(-0.65,-0.415,4.5E-02));
#1075 = CARTESIAN_POINT('',(-0.608940672324,-0.391294386114,4.5E-02));
#1076 = CARTESIAN_POINT('',(-0.608940672324,-0.391294386114,4.5E-02));
#1077 = CARTESIAN_POINT('',(-0.608940672324,-0.391294386114,-3.5E-02));
#1078 = CARTESIAN_POINT('',(-0.65,-0.415,-3.5E-02));
#1079 = CARTESIAN_POINT('',(-0.608940672324,-0.391294386114,-3.5E-02));
#1080 = CARTESIAN_POINT('',(-0.608940672324,-0.391294386114,4.5E-02));
#1081 = CARTESIAN_POINT('',(-0.608940672324,-0.391294386114,-3.5E-02));
#1082 = CARTESIAN_POINT('',(-0.608940672324,-0.391294386114,4.5E-02));
#1083 = CARTESIAN_POINT('',(-0.593759601423,-0.365,4.5E-02));
#1084 = CARTESIAN_POINT('',(-0.593759601423,-0.365,4.5E-02));
#1085 = CARTESIAN_POINT('',(-0.593759601423,-0.365,-3.5E-02));
#1086 = CARTESIAN_POINT('',(-0.608940672324,-0.391294386114,-3.5E-02));
#1087 = CARTESIAN_POINT('',(-0.593759601423,-0.365,-3.5E-02));
#1088 = CARTESIAN_POINT('',(-0.593759601423,-0.365,4.5E-02));
#1089 = CARTESIAN_POINT('',(-0.593759601423,-0.365,-3.5E-02));
#1090 = CARTESIAN_POINT('',(-0.593759601423,-0.365,4.5E-02));
#1091 = CARTESIAN_POINT('',(-0.36,-0.365,4.5E-02));
#1092 = CARTESIAN_POINT('',(-0.36,-0.365,4.5E-02));
#1093 = CARTESIAN_POINT('',(-0.36,-0.365,-3.5E-02));
#1094 = CARTESIAN_POINT('',(-0.593759601423,-0.365,-3.5E-02));
#1095 = CARTESIAN_POINT('',(-0.36,-0.365,-3.5E-02));
#1096 = CARTESIAN_POINT('',(-0.36,-0.365,4.5E-02));
#1097 = CARTESIAN_POINT('',(-0.36,-0.365,-3.5E-02));
#1098 = CARTESIAN_POINT('',(-0.36,-0.365,4.5E-02));
#1099 = CARTESIAN_POINT('',(-0.36,-0.635,4.5E-02));
#1100 = CARTESIAN_POINT('',(-0.36,-0.635,4.5E-02));
#1101 = CARTESIAN_POINT('',(-0.36,-0.635,-3.5E-02));
#1102 = CARTESIAN_POINT('',(-0.36,-0.365,-3.5E-02));
#1103 = CARTESIAN_POINT('',(-0.36,-0.635,-3.5E-02));
#1104 = CARTESIAN_POINT('',(-0.36,-0.635,4.5E-02));
#1105 = CARTESIAN_POINT('',(-0.36,-0.635,-3.5E-02));
#1106 = CARTESIAN_POINT('',(-0.36,-0.635,4.5E-02));
#1107 = CARTESIAN_POINT('',(-0.593759601423,-0.635,4.5E-02));
#1108 = CARTESIAN_POINT('',(-0.593759601423,-0.635,4.5E-02));
#1109 = CARTESIAN_POINT('',(-0.593759601423,-0.635,-3.5E-02));
#1110 = CARTESIAN_POINT('',(-0.36,-0.635,-3.5E-02));
#1111 = CARTESIAN_POINT('',(-0.593759601423,-0.635,-3.5E-02));
#1112 = CARTESIAN_POINT('',(-0.593759601423,-0.635,4.5E-02));
#1113 = CARTESIAN_POINT('',(-0.593759601423,-0.635,-3.5E-02));
#1114 = CARTESIAN_POINT('',(-0.593759601423,-0.635,4.5E-02));
#1115 = CARTESIAN_POINT('',(-0.608940672324,-0.608705613886,4.5E-02));
#1116 = CARTESIAN_POINT('',(-0.608940672324,-0.608705613886,4.5E-02));
#1117 = CARTESIAN_POINT('',(-0.608940672324,-0.608705613886,-3.5E-02));
#1118 = CARTESIAN_POINT('',(-0.593759601423,-0.635,-3.5E-02));
#1119 = CARTESIAN_POINT('',(-0.608940672324,-0.608705613886,-3.5E-02));
#1120 = CARTESIAN_POINT('',(-0.608940672324,-0.608705613886,4.5E-02));
#1121 = CARTESIAN_POINT('',(-0.608940672324,-0.608705613886,-3.5E-02));
#1122 = CARTESIAN_POINT('',(-0.608940672324,-0.608705613886,4.5E-02));
#1123 = CARTESIAN_POINT('',(-0.65,-0.585,4.5E-02));
#1124 = CARTESIAN_POINT('',(-0.65,-0.585,4.5E-02));
#1125 = CARTESIAN_POINT('',(-0.65,-0.585,-3.5E-02));
#1126 = CARTESIAN_POINT('',(-0.608940672324,-0.608705613886,-3.5E-02));
#1127 = CARTESIAN_POINT('',(-0.65,-0.585,-3.5E-02));
#1128 = MANIFOLD_SOLID_BREP('',#1129);
#1129 = CLOSED_SHELL('',(#1130,#1170,#1210,#1250,#1290,#1330,#1370,#1410
    ,#1588,#1640,#1662,#1686,#1726,#1748,#1760,#1777,#1794,#1825,#1842,
    #1859,#1871,#1902,#1919,#1936,#1948,#1979,#1996,#2013,#2025,#2056,
    #2073,#2090,#2102,#2133,#2150,#2167,#2179,#2210,#2227,#2244));
#1130 = ADVANCED_FACE('',(#1131),#1165,.F.);
#1131 = FACE_BOUND('',#1132,.T.);
#1132 = EDGE_LOOP('',(#1133,#1143,#1151,#1159));
#1133 = ORIENTED_EDGE('',*,*,#1134,.F.);
#1134 = EDGE_CURVE('',#1135,#1137,#1139,.T.);
#1135 = VERTEX_POINT('',#1136);
#1136 = CARTESIAN_POINT('',(0.55,-0.135,4.5E-02));
#1137 = VERTEX_POINT('',#1138);
#1138 = CARTESIAN_POINT('',(0.53,-0.135,-3.5E-02));
#1139 = LINE('',#1140,#1141);
#1140 = CARTESIAN_POINT('',(0.55,-0.135,4.5E-02));
#1141 = VECTOR('',#1142,1.);
#1142 = DIRECTION('',(-0.242535625036,-4.783177304388E-18,
    -0.970142500145));
#1143 = ORIENTED_EDGE('',*,*,#1144,.T.);
#1144 = EDGE_CURVE('',#1135,#1145,#1147,.T.);
#1145 = VERTEX_POINT('',#1146);
#1146 = CARTESIAN_POINT('',(0.55,-0.365,4.499999999999E-02));
#1147 = LINE('',#1148,#1149);
#1148 = CARTESIAN_POINT('',(0.55,-0.75,4.499999999999E-02));
#1149 = VECTOR('',#1150,1.);
#1150 = DIRECTION('',(5.886494995148E-16,-1.,-2.22044604925E-16));
#1151 = ORIENTED_EDGE('',*,*,#1152,.F.);
#1152 = EDGE_CURVE('',#1153,#1145,#1155,.T.);
#1153 = VERTEX_POINT('',#1154);
#1154 = CARTESIAN_POINT('',(0.53,-0.365,-3.5E-02));
#1155 = LINE('',#1156,#1157);
#1156 = CARTESIAN_POINT('',(0.55,-0.365,4.5E-02));
#1157 = VECTOR('',#1158,1.);
#1158 = DIRECTION('',(0.242535625036,1.172738086917E-16,0.970142500145)
  );
#1159 = ORIENTED_EDGE('',*,*,#1160,.F.);
#1160 = EDGE_CURVE('',#1137,#1153,#1161,.T.);
#1161 = LINE('',#1162,#1163);
#1162 = CARTESIAN_POINT('',(0.53,3.61944270851E-16,-3.5E-02));
#1163 = VECTOR('',#1164,1.);
#1164 = DIRECTION('',(5.886494995148E-16,-1.,-2.22044604925E-16));
#1165 = PLANE('',#1166);
#1166 = AXIS2_PLACEMENT_3D('',#1167,#1168,#1169);
#1167 = CARTESIAN_POINT('',(0.55,0.75,4.5E-02));
#1168 = DIRECTION('',(-0.970142500145,-6.2492762421E-16,0.242535625036)
  );
#1169 = DIRECTION('',(-5.886494995148E-16,1.,2.22044604925E-16));
#1170 = ADVANCED_FACE('',(#1171),#1205,.F.);
#1171 = FACE_BOUND('',#1172,.T.);
#1172 = EDGE_LOOP('',(#1173,#1183,#1191,#1199));
#1173 = ORIENTED_EDGE('',*,*,#1174,.F.);
#1174 = EDGE_CURVE('',#1175,#1177,#1179,.T.);
#1175 = VERTEX_POINT('',#1176);
#1176 = CARTESIAN_POINT('',(0.55,-0.635,4.5E-02));
#1177 = VERTEX_POINT('',#1178);
#1178 = CARTESIAN_POINT('',(0.53,-0.635,-3.5E-02));
#1179 = LINE('',#1180,#1181);
#1180 = CARTESIAN_POINT('',(0.55,-0.635,4.5E-02));
#1181 = VECTOR('',#1182,1.);
#1182 = DIRECTION('',(-0.242535625036,-4.783177304388E-18,
    -0.970142500145));
#1183 = ORIENTED_EDGE('',*,*,#1184,.T.);
#1184 = EDGE_CURVE('',#1175,#1185,#1187,.T.);
#1185 = VERTEX_POINT('',#1186);
#1186 = CARTESIAN_POINT('',(0.55,-0.75,4.499999999999E-02));
#1187 = LINE('',#1188,#1189);
#1188 = CARTESIAN_POINT('',(0.55,-0.75,4.499999999999E-02));
#1189 = VECTOR('',#1190,1.);
#1190 = DIRECTION('',(5.886494995148E-16,-1.,-2.22044604925E-16));
#1191 = ORIENTED_EDGE('',*,*,#1192,.T.);
#1192 = EDGE_CURVE('',#1185,#1193,#1195,.T.);
#1193 = VERTEX_POINT('',#1194);
#1194 = CARTESIAN_POINT('',(0.53,-0.73,-3.5E-02));
#1195 = LINE('',#1196,#1197);
#1196 = CARTESIAN_POINT('',(0.55,-0.75,4.5E-02));
#1197 = VECTOR('',#1198,1.);
#1198 = DIRECTION('',(-0.235702260396,0.235702260396,-0.942809041582));
#1199 = ORIENTED_EDGE('',*,*,#1200,.F.);
#1200 = EDGE_CURVE('',#1177,#1193,#1201,.T.);
#1201 = LINE('',#1202,#1203);
#1202 = CARTESIAN_POINT('',(0.53,3.61944270851E-16,-3.5E-02));
#1203 = VECTOR('',#1204,1.);
#1204 = DIRECTION('',(5.886494995148E-16,-1.,-2.22044604925E-16));
#1205 = PLANE('',#1206);
#1206 = AXIS2_PLACEMENT_3D('',#1207,#1208,#1209);
#1207 = CARTESIAN_POINT('',(0.55,0.75,4.5E-02));
#1208 = DIRECTION('',(-0.970142500145,-6.2492762421E-16,0.242535625036)
  );
#1209 = DIRECTION('',(-5.886494995148E-16,1.,2.22044604925E-16));
#1210 = ADVANCED_FACE('',(#1211),#1245,.F.);
#1211 = FACE_BOUND('',#1212,.T.);
#1212 = EDGE_LOOP('',(#1213,#1223,#1231,#1239));
#1213 = ORIENTED_EDGE('',*,*,#1214,.F.);
#1214 = EDGE_CURVE('',#1215,#1217,#1219,.T.);
#1215 = VERTEX_POINT('',#1216);
#1216 = CARTESIAN_POINT('',(-0.55,-0.365,4.5E-02));
#1217 = VERTEX_POINT('',#1218);
#1218 = CARTESIAN_POINT('',(-0.53,-0.365,-3.5E-02));
#1219 = LINE('',#1220,#1221);
#1220 = CARTESIAN_POINT('',(-0.55,-0.365,4.5E-02));
#1221 = VECTOR('',#1222,1.);
#1222 = DIRECTION('',(0.242535625036,3.231223622486E-16,-0.970142500145)
  );
#1223 = ORIENTED_EDGE('',*,*,#1224,.T.);
#1224 = EDGE_CURVE('',#1215,#1225,#1227,.T.);
#1225 = VERTEX_POINT('',#1226);
#1226 = CARTESIAN_POINT('',(-0.55,-0.135,4.499999999999E-02));
#1227 = LINE('',#1228,#1229);
#1228 = CARTESIAN_POINT('',(-0.55,0.75,4.499999999999E-02));
#1229 = VECTOR('',#1230,1.);
#1230 = DIRECTION('',(-6.609296443472E-16,1.,2.22044604925E-16));
#1231 = ORIENTED_EDGE('',*,*,#1232,.F.);
#1232 = EDGE_CURVE('',#1233,#1225,#1235,.T.);
#1233 = VERTEX_POINT('',#1234);
#1234 = CARTESIAN_POINT('',(-0.53,-0.135,-3.5E-02));
#1235 = LINE('',#1236,#1237);
#1236 = CARTESIAN_POINT('',(-0.55,-0.135,4.5E-02));
#1237 = VECTOR('',#1238,1.);
#1238 = DIRECTION('',(-0.242535625036,-3.231223622486E-16,0.970142500145
    ));
#1239 = ORIENTED_EDGE('',*,*,#1240,.F.);
#1240 = EDGE_CURVE('',#1217,#1233,#1241,.T.);
#1241 = LINE('',#1242,#1243);
#1242 = CARTESIAN_POINT('',(-0.53,-3.003326753959E-16,-3.5E-02));
#1243 = VECTOR('',#1244,1.);
#1244 = DIRECTION('',(-6.609296443472E-16,1.,2.22044604925E-16));
#1245 = PLANE('',#1246);
#1246 = AXIS2_PLACEMENT_3D('',#1247,#1248,#1249);
#1247 = CARTESIAN_POINT('',(-0.55,0.75,4.5E-02));
#1248 = DIRECTION('',(0.970142500145,5.873422105457E-16,0.242535625036)
  );
#1249 = DIRECTION('',(6.609296443472E-16,-1.,-2.22044604925E-16));
#1250 = ADVANCED_FACE('',(#1251),#1285,.F.);
#1251 = FACE_BOUND('',#1252,.T.);
#1252 = EDGE_LOOP('',(#1253,#1263,#1271,#1279));
#1253 = ORIENTED_EDGE('',*,*,#1254,.F.);
#1254 = EDGE_CURVE('',#1255,#1257,#1259,.T.);
#1255 = VERTEX_POINT('',#1256);
#1256 = CARTESIAN_POINT('',(-0.55,0.135,4.5E-02));
#1257 = VERTEX_POINT('',#1258);
#1258 = CARTESIAN_POINT('',(-0.53,0.135,-3.5E-02));
#1259 = LINE('',#1260,#1261);
#1260 = CARTESIAN_POINT('',(-0.55,0.135,4.5E-02));
#1261 = VECTOR('',#1262,1.);
#1262 = DIRECTION('',(0.242535625036,3.231223622486E-16,-0.970142500145)
  );
#1263 = ORIENTED_EDGE('',*,*,#1264,.T.);
#1264 = EDGE_CURVE('',#1255,#1265,#1267,.T.);
#1265 = VERTEX_POINT('',#1266);
#1266 = CARTESIAN_POINT('',(-0.55,0.365,4.499999999999E-02));
#1267 = LINE('',#1268,#1269);
#1268 = CARTESIAN_POINT('',(-0.55,0.75,4.499999999999E-02));
#1269 = VECTOR('',#1270,1.);
#1270 = DIRECTION('',(-6.609296443472E-16,1.,2.22044604925E-16));
#1271 = ORIENTED_EDGE('',*,*,#1272,.F.);
#1272 = EDGE_CURVE('',#1273,#1265,#1275,.T.);
#1273 = VERTEX_POINT('',#1274);
#1274 = CARTESIAN_POINT('',(-0.53,0.365,-3.5E-02));
#1275 = LINE('',#1276,#1277);
#1276 = CARTESIAN_POINT('',(-0.55,0.365,4.5E-02));
#1277 = VECTOR('',#1278,1.);
#1278 = DIRECTION('',(-0.242535625036,-3.231223622486E-16,0.970142500145
    ));
#1279 = ORIENTED_EDGE('',*,*,#1280,.F.);
#1280 = EDGE_CURVE('',#1257,#1273,#1281,.T.);
#1281 = LINE('',#1282,#1283);
#1282 = CARTESIAN_POINT('',(-0.53,-3.003326753959E-16,-3.5E-02));
#1283 = VECTOR('',#1284,1.);
#1284 = DIRECTION('',(-6.609296443472E-16,1.,2.22044604925E-16));
#1285 = PLANE('',#1286);
#1286 = AXIS2_PLACEMENT_3D('',#1287,#1288,#1289);
#1287 = CARTESIAN_POINT('',(-0.55,0.75,4.5E-02));
#1288 = DIRECTION('',(0.970142500145,5.873422105457E-16,0.242535625036)
  );
#1289 = DIRECTION('',(6.609296443472E-16,-1.,-2.22044604925E-16));
#1290 = ADVANCED_FACE('',(#1291),#1325,.F.);
#1291 = FACE_BOUND('',#1292,.T.);
#1292 = EDGE_LOOP('',(#1293,#1303,#1311,#1319));
#1293 = ORIENTED_EDGE('',*,*,#1294,.F.);
#1294 = EDGE_CURVE('',#1295,#1297,#1299,.T.);
#1295 = VERTEX_POINT('',#1296);
#1296 = CARTESIAN_POINT('',(-0.55,0.635,4.5E-02));
#1297 = VERTEX_POINT('',#1298);
#1298 = CARTESIAN_POINT('',(-0.53,0.635,-3.5E-02));
#1299 = LINE('',#1300,#1301);
#1300 = CARTESIAN_POINT('',(-0.55,0.635,4.5E-02));
#1301 = VECTOR('',#1302,1.);
#1302 = DIRECTION('',(0.242535625036,3.231223622486E-16,-0.970142500145)
  );
#1303 = ORIENTED_EDGE('',*,*,#1304,.T.);
#1304 = EDGE_CURVE('',#1295,#1305,#1307,.T.);
#1305 = VERTEX_POINT('',#1306);
#1306 = CARTESIAN_POINT('',(-0.55,0.75,4.499999999999E-02));
#1307 = LINE('',#1308,#1309);
#1308 = CARTESIAN_POINT('',(-0.55,0.75,4.499999999999E-02));
#1309 = VECTOR('',#1310,1.);
#1310 = DIRECTION('',(-6.609296443472E-16,1.,2.22044604925E-16));
#1311 = ORIENTED_EDGE('',*,*,#1312,.F.);
#1312 = EDGE_CURVE('',#1313,#1305,#1315,.T.);
#1313 = VERTEX_POINT('',#1314);
#1314 = CARTESIAN_POINT('',(-0.53,0.73,-3.5E-02));
#1315 = LINE('',#1316,#1317);
#1316 = CARTESIAN_POINT('',(-0.55,0.75,4.5E-02));
#1317 = VECTOR('',#1318,1.);
#1318 = DIRECTION('',(-0.235702260396,0.235702260396,0.942809041582));
#1319 = ORIENTED_EDGE('',*,*,#1320,.F.);
#1320 = EDGE_CURVE('',#1297,#1313,#1321,.T.);
#1321 = LINE('',#1322,#1323);
#1322 = CARTESIAN_POINT('',(-0.53,-3.003326753959E-16,-3.5E-02));
#1323 = VECTOR('',#1324,1.);
#1324 = DIRECTION('',(-6.609296443472E-16,1.,2.22044604925E-16));
#1325 = PLANE('',#1326);
#1326 = AXIS2_PLACEMENT_3D('',#1327,#1328,#1329);
#1327 = CARTESIAN_POINT('',(-0.55,0.75,4.5E-02));
#1328 = DIRECTION('',(0.970142500145,5.873422105457E-16,0.242535625036)
  );
#1329 = DIRECTION('',(6.609296443472E-16,-1.,-2.22044604925E-16));
#1330 = ADVANCED_FACE('',(#1331),#1365,.F.);
#1331 = FACE_BOUND('',#1332,.T.);
#1332 = EDGE_LOOP('',(#1333,#1343,#1351,#1359));
#1333 = ORIENTED_EDGE('',*,*,#1334,.F.);
#1334 = EDGE_CURVE('',#1335,#1337,#1339,.T.);
#1335 = VERTEX_POINT('',#1336);
#1336 = CARTESIAN_POINT('',(0.53,0.135,-3.5E-02));
#1337 = VERTEX_POINT('',#1338);
#1338 = CARTESIAN_POINT('',(0.55,0.135,4.499999999999E-02));
#1339 = LINE('',#1340,#1341);
#1340 = CARTESIAN_POINT('',(0.55,0.135,4.5E-02));
#1341 = VECTOR('',#1342,1.);
#1342 = DIRECTION('',(0.242535625036,1.172738086917E-16,0.970142500145)
  );
#1343 = ORIENTED_EDGE('',*,*,#1344,.F.);
#1344 = EDGE_CURVE('',#1345,#1335,#1347,.T.);
#1345 = VERTEX_POINT('',#1346);
#1346 = CARTESIAN_POINT('',(0.53,0.365,-3.5E-02));
#1347 = LINE('',#1348,#1349);
#1348 = CARTESIAN_POINT('',(0.53,3.61944270851E-16,-3.5E-02));
#1349 = VECTOR('',#1350,1.);
#1350 = DIRECTION('',(5.886494995148E-16,-1.,-2.22044604925E-16));
#1351 = ORIENTED_EDGE('',*,*,#1352,.F.);
#1352 = EDGE_CURVE('',#1353,#1345,#1355,.T.);
#1353 = VERTEX_POINT('',#1354);
#1354 = CARTESIAN_POINT('',(0.55,0.365,4.5E-02));
#1355 = LINE('',#1356,#1357);
#1356 = CARTESIAN_POINT('',(0.55,0.365,4.5E-02));
#1357 = VECTOR('',#1358,1.);
#1358 = DIRECTION('',(-0.242535625036,-4.783177304388E-18,
    -0.970142500145));
#1359 = ORIENTED_EDGE('',*,*,#1360,.T.);
#1360 = EDGE_CURVE('',#1353,#1337,#1361,.T.);
#1361 = LINE('',#1362,#1363);
#1362 = CARTESIAN_POINT('',(0.55,-0.75,4.499999999999E-02));
#1363 = VECTOR('',#1364,1.);
#1364 = DIRECTION('',(5.886494995148E-16,-1.,-2.22044604925E-16));
#1365 = PLANE('',#1366);
#1366 = AXIS2_PLACEMENT_3D('',#1367,#1368,#1369);
#1367 = CARTESIAN_POINT('',(0.55,0.75,4.5E-02));
#1368 = DIRECTION('',(-0.970142500145,-6.2492762421E-16,0.242535625036)
  );
#1369 = DIRECTION('',(-5.886494995148E-16,1.,2.22044604925E-16));
#1370 = ADVANCED_FACE('',(#1371),#1405,.T.);
#1371 = FACE_BOUND('',#1372,.T.);
#1372 = EDGE_LOOP('',(#1373,#1383,#1391,#1399));
#1373 = ORIENTED_EDGE('',*,*,#1374,.T.);
#1374 = EDGE_CURVE('',#1375,#1377,#1379,.T.);
#1375 = VERTEX_POINT('',#1376);
#1376 = CARTESIAN_POINT('',(0.5,0.7,0.415));
#1377 = VERTEX_POINT('',#1378);
#1378 = CARTESIAN_POINT('',(-0.5,0.7,0.415));
#1379 = LINE('',#1380,#1381);
#1380 = CARTESIAN_POINT('',(-0.55,0.7,0.415));
#1381 = VECTOR('',#1382,1.);
#1382 = DIRECTION('',(-1.,-4.440892098501E-16,2.22044604925E-16));
#1383 = ORIENTED_EDGE('',*,*,#1384,.T.);
#1384 = EDGE_CURVE('',#1377,#1385,#1387,.T.);
#1385 = VERTEX_POINT('',#1386);
#1386 = CARTESIAN_POINT('',(-0.5,-0.7,0.415));
#1387 = LINE('',#1388,#1389);
#1388 = CARTESIAN_POINT('',(-0.5,-0.75,0.415));
#1389 = VECTOR('',#1390,1.);
#1390 = DIRECTION('',(6.609296443472E-16,-1.,-2.22044604925E-16));
#1391 = ORIENTED_EDGE('',*,*,#1392,.T.);
#1392 = EDGE_CURVE('',#1385,#1393,#1395,.T.);
#1393 = VERTEX_POINT('',#1394);
#1394 = CARTESIAN_POINT('',(0.5,-0.7,0.415));
#1395 = LINE('',#1396,#1397);
#1396 = CARTESIAN_POINT('',(0.55,-0.7,0.415));
#1397 = VECTOR('',#1398,1.);
#1398 = DIRECTION('',(1.,4.440892098501E-16,-2.22044604925E-16));
#1399 = ORIENTED_EDGE('',*,*,#1400,.T.);
#1400 = EDGE_CURVE('',#1393,#1375,#1401,.T.);
#1401 = LINE('',#1402,#1403);
#1402 = CARTESIAN_POINT('',(0.5,0.75,0.415));
#1403 = VECTOR('',#1404,1.);
#1404 = DIRECTION('',(-5.886494995148E-16,1.,2.22044604925E-16));
#1405 = PLANE('',#1406);
#1406 = AXIS2_PLACEMENT_3D('',#1407,#1408,#1409);
#1407 = CARTESIAN_POINT('',(4.996003610813E-17,-4.996003610813E-17,0.415
    ));
#1408 = DIRECTION('',(2.22044604925E-16,-2.22044604925E-16,1.));
#1409 = DIRECTION('',(1.,4.440892098501E-16,-2.22044604925E-16));
#1410 = ADVANCED_FACE('',(#1411),#1583,.F.);
#1411 = FACE_BOUND('',#1412,.T.);
#1412 = EDGE_LOOP('',(#1413,#1423,#1429,#1430,#1438,#1446,#1452,#1453,
    #1461,#1469,#1477,#1485,#1491,#1492,#1500,#1508,#1514,#1515,#1523,
    #1531,#1537,#1538,#1546,#1554,#1562,#1570,#1576,#1577));
#1413 = ORIENTED_EDGE('',*,*,#1414,.F.);
#1414 = EDGE_CURVE('',#1415,#1417,#1419,.T.);
#1415 = VERTEX_POINT('',#1416);
#1416 = CARTESIAN_POINT('',(0.36,-0.135,-3.5E-02));
#1417 = VERTEX_POINT('',#1418);
#1418 = CARTESIAN_POINT('',(0.36,0.135,-3.5E-02));
#1419 = LINE('',#1420,#1421);
#1420 = CARTESIAN_POINT('',(0.36,-0.135,-3.5E-02));
#1421 = VECTOR('',#1422,1.);
#1422 = DIRECTION('',(-8.456455700299E-16,1.,2.22044604925E-16));
#1423 = ORIENTED_EDGE('',*,*,#1424,.T.);
#1424 = EDGE_CURVE('',#1415,#1137,#1425,.T.);
#1425 = LINE('',#1426,#1427);
#1426 = CARTESIAN_POINT('',(7.260645916041E-17,-0.135,-3.5E-02));
#1427 = VECTOR('',#1428,1.);
#1428 = DIRECTION('',(1.,9.078999649522E-16,-2.22044604925E-16));
#1429 = ORIENTED_EDGE('',*,*,#1160,.T.);
#1430 = ORIENTED_EDGE('',*,*,#1431,.F.);
#1431 = EDGE_CURVE('',#1432,#1153,#1434,.T.);
#1432 = VERTEX_POINT('',#1433);
#1433 = CARTESIAN_POINT('',(0.36,-0.365,-3.5E-02));
#1434 = LINE('',#1435,#1436);
#1435 = CARTESIAN_POINT('',(0.36,-0.365,-3.5E-02));
#1436 = VECTOR('',#1437,1.);
#1437 = DIRECTION('',(1.,1.371710720054E-15,-2.22044604925E-16));
#1438 = ORIENTED_EDGE('',*,*,#1439,.F.);
#1439 = EDGE_CURVE('',#1440,#1432,#1442,.T.);
#1440 = VERTEX_POINT('',#1441);
#1441 = CARTESIAN_POINT('',(0.36,-0.635,-3.5E-02));
#1442 = LINE('',#1443,#1444);
#1443 = CARTESIAN_POINT('',(0.36,-0.635,-3.5E-02));
#1444 = VECTOR('',#1445,1.);
#1445 = DIRECTION('',(-8.456455700299E-16,1.,2.22044604925E-16));
#1446 = ORIENTED_EDGE('',*,*,#1447,.T.);
#1447 = EDGE_CURVE('',#1440,#1177,#1448,.T.);
#1448 = LINE('',#1449,#1450);
#1449 = CARTESIAN_POINT('',(5.265564416365E-16,-0.635,-3.5E-02));
#1450 = VECTOR('',#1451,1.);
#1451 = DIRECTION('',(1.,9.078999649522E-16,-2.22044604925E-16));
#1452 = ORIENTED_EDGE('',*,*,#1200,.T.);
#1453 = ORIENTED_EDGE('',*,*,#1454,.T.);
#1454 = EDGE_CURVE('',#1193,#1455,#1457,.T.);
#1455 = VERTEX_POINT('',#1456);
#1456 = CARTESIAN_POINT('',(-0.53,-0.73,-3.5E-02));
#1457 = LINE('',#1458,#1459);
#1458 = CARTESIAN_POINT('',(2.742250870824E-16,-0.73,-3.5E-02));
#1459 = VECTOR('',#1460,1.);
#1460 = DIRECTION('',(-1.,-4.440892098501E-16,2.22044604925E-16));
#1461 = ORIENTED_EDGE('',*,*,#1462,.T.);
#1462 = EDGE_CURVE('',#1455,#1463,#1465,.T.);
#1463 = VERTEX_POINT('',#1464);
#1464 = CARTESIAN_POINT('',(-0.53,-0.635,-3.5E-02));
#1465 = LINE('',#1466,#1467);
#1466 = CARTESIAN_POINT('',(-0.53,-3.003326753959E-16,-3.5E-02));
#1467 = VECTOR('',#1468,1.);
#1468 = DIRECTION('',(-6.609296443472E-16,1.,2.22044604925E-16));
#1469 = ORIENTED_EDGE('',*,*,#1470,.F.);
#1470 = EDGE_CURVE('',#1471,#1463,#1473,.T.);
#1471 = VERTEX_POINT('',#1472);
#1472 = CARTESIAN_POINT('',(-0.36,-0.635,-3.5E-02));
#1473 = LINE('',#1474,#1475);
#1474 = CARTESIAN_POINT('',(-0.36,-0.635,-3.5E-02));
#1475 = VECTOR('',#1476,1.);
#1476 = DIRECTION('',(-1.,-4.440892098501E-16,2.22044604925E-16));
#1477 = ORIENTED_EDGE('',*,*,#1478,.F.);
#1478 = EDGE_CURVE('',#1479,#1471,#1481,.T.);
#1479 = VERTEX_POINT('',#1480);
#1480 = CARTESIAN_POINT('',(-0.36,-0.365,-3.5E-02));
#1481 = LINE('',#1482,#1483);
#1482 = CARTESIAN_POINT('',(-0.36,-0.635,-3.5E-02));
#1483 = VECTOR('',#1484,1.);
#1484 = DIRECTION('',(4.440892098501E-16,-1.,-2.22044604925E-16));
#1485 = ORIENTED_EDGE('',*,*,#1486,.F.);
#1486 = EDGE_CURVE('',#1217,#1479,#1487,.T.);
#1487 = LINE('',#1488,#1489);
#1488 = CARTESIAN_POINT('',(-0.36,-0.365,-3.5E-02));
#1489 = VECTOR('',#1490,1.);
#1490 = DIRECTION('',(1.,4.440892098501E-16,-2.22044604925E-16));
#1491 = ORIENTED_EDGE('',*,*,#1240,.T.);
#1492 = ORIENTED_EDGE('',*,*,#1493,.F.);
#1493 = EDGE_CURVE('',#1494,#1233,#1496,.T.);
#1494 = VERTEX_POINT('',#1495);
#1495 = CARTESIAN_POINT('',(-0.36,-0.135,-3.5E-02));
#1496 = LINE('',#1497,#1498);
#1497 = CARTESIAN_POINT('',(-0.36,-0.135,-3.5E-02));
#1498 = VECTOR('',#1499,1.);
#1499 = DIRECTION('',(-1.,-4.440892098501E-16,2.22044604925E-16));
#1500 = ORIENTED_EDGE('',*,*,#1501,.F.);
#1501 = EDGE_CURVE('',#1502,#1494,#1504,.T.);
#1502 = VERTEX_POINT('',#1503);
#1503 = CARTESIAN_POINT('',(-0.36,0.135,-3.5E-02));
#1504 = LINE('',#1505,#1506);
#1505 = CARTESIAN_POINT('',(-0.36,-0.135,-3.5E-02));
#1506 = VECTOR('',#1507,1.);
#1507 = DIRECTION('',(4.440892098501E-16,-1.,-2.22044604925E-16));
#1508 = ORIENTED_EDGE('',*,*,#1509,.F.);
#1509 = EDGE_CURVE('',#1257,#1502,#1510,.T.);
#1510 = LINE('',#1511,#1512);
#1511 = CARTESIAN_POINT('',(-0.36,0.135,-3.5E-02));
#1512 = VECTOR('',#1513,1.);
#1513 = DIRECTION('',(1.,4.440892098501E-16,-2.22044604925E-16));
#1514 = ORIENTED_EDGE('',*,*,#1280,.T.);
#1515 = ORIENTED_EDGE('',*,*,#1516,.F.);
#1516 = EDGE_CURVE('',#1517,#1273,#1519,.T.);
#1517 = VERTEX_POINT('',#1518);
#1518 = CARTESIAN_POINT('',(-0.36,0.365,-3.5E-02));
#1519 = LINE('',#1520,#1521);
#1520 = CARTESIAN_POINT('',(-0.36,0.365,-3.5E-02));
#1521 = VECTOR('',#1522,1.);
#1522 = DIRECTION('',(-1.,-4.440892098501E-16,2.22044604925E-16));
#1523 = ORIENTED_EDGE('',*,*,#1524,.F.);
#1524 = EDGE_CURVE('',#1525,#1517,#1527,.T.);
#1525 = VERTEX_POINT('',#1526);
#1526 = CARTESIAN_POINT('',(-0.36,0.635,-3.5E-02));
#1527 = LINE('',#1528,#1529);
#1528 = CARTESIAN_POINT('',(-0.36,0.365,-3.5E-02));
#1529 = VECTOR('',#1530,1.);
#1530 = DIRECTION('',(4.440892098501E-16,-1.,-2.22044604925E-16));
#1531 = ORIENTED_EDGE('',*,*,#1532,.F.);
#1532 = EDGE_CURVE('',#1297,#1525,#1533,.T.);
#1533 = LINE('',#1534,#1535);
#1534 = CARTESIAN_POINT('',(-0.36,0.635,-3.5E-02));
#1535 = VECTOR('',#1536,1.);
#1536 = DIRECTION('',(1.,4.440892098501E-16,-2.22044604925E-16));
#1537 = ORIENTED_EDGE('',*,*,#1320,.T.);
#1538 = ORIENTED_EDGE('',*,*,#1539,.T.);
#1539 = EDGE_CURVE('',#1313,#1540,#1542,.T.);
#1540 = VERTEX_POINT('',#1541);
#1541 = CARTESIAN_POINT('',(0.53,0.73,-3.5E-02));
#1542 = LINE('',#1543,#1544);
#1543 = CARTESIAN_POINT('',(-3.741451592987E-16,0.73,-3.5E-02));
#1544 = VECTOR('',#1545,1.);
#1545 = DIRECTION('',(1.,4.440892098501E-16,-2.22044604925E-16));
#1546 = ORIENTED_EDGE('',*,*,#1547,.T.);
#1547 = EDGE_CURVE('',#1540,#1548,#1550,.T.);
#1548 = VERTEX_POINT('',#1549);
#1549 = CARTESIAN_POINT('',(0.53,0.635,-3.5E-02));
#1550 = LINE('',#1551,#1552);
#1551 = CARTESIAN_POINT('',(0.53,3.61944270851E-16,-3.5E-02));
#1552 = VECTOR('',#1553,1.);
#1553 = DIRECTION('',(5.886494995148E-16,-1.,-2.22044604925E-16));
#1554 = ORIENTED_EDGE('',*,*,#1555,.F.);
#1555 = EDGE_CURVE('',#1556,#1548,#1558,.T.);
#1556 = VERTEX_POINT('',#1557);
#1557 = CARTESIAN_POINT('',(0.36,0.635,-3.5E-02));
#1558 = LINE('',#1559,#1560);
#1559 = CARTESIAN_POINT('',(0.36,0.635,-3.5E-02));
#1560 = VECTOR('',#1561,1.);
#1561 = DIRECTION('',(1.,1.371710720054E-15,-2.22044604925E-16));
#1562 = ORIENTED_EDGE('',*,*,#1563,.F.);
#1563 = EDGE_CURVE('',#1564,#1556,#1566,.T.);
#1564 = VERTEX_POINT('',#1565);
#1565 = CARTESIAN_POINT('',(0.36,0.365,-3.5E-02));
#1566 = LINE('',#1567,#1568);
#1567 = CARTESIAN_POINT('',(0.36,0.365,-3.5E-02));
#1568 = VECTOR('',#1569,1.);
#1569 = DIRECTION('',(-8.456455700299E-16,1.,2.22044604925E-16));
#1570 = ORIENTED_EDGE('',*,*,#1571,.F.);
#1571 = EDGE_CURVE('',#1345,#1564,#1572,.T.);
#1572 = LINE('',#1573,#1574);
#1573 = CARTESIAN_POINT('',(0.36,0.365,-3.5E-02));
#1574 = VECTOR('',#1575,1.);
#1575 = DIRECTION('',(-1.,-9.078999649522E-16,2.22044604925E-16));
#1576 = ORIENTED_EDGE('',*,*,#1344,.T.);
#1577 = ORIENTED_EDGE('',*,*,#1578,.F.);
#1578 = EDGE_CURVE('',#1417,#1335,#1579,.T.);
#1579 = LINE('',#1580,#1581);
#1580 = CARTESIAN_POINT('',(0.36,0.135,-3.5E-02));
#1581 = VECTOR('',#1582,1.);
#1582 = DIRECTION('',(1.,1.371710720054E-15,-2.22044604925E-16));
#1583 = PLANE('',#1584);
#1584 = AXIS2_PLACEMENT_3D('',#1585,#1586,#1587);
#1585 = CARTESIAN_POINT('',(-4.996003610813E-17,4.996003610813E-17,
    -3.5E-02));
#1586 = DIRECTION('',(2.22044604925E-16,-2.22044604925E-16,1.));
#1587 = DIRECTION('',(1.,4.440892098501E-16,-2.22044604925E-16));
#1588 = ADVANCED_FACE('',(#1589),#1635,.T.);
#1589 = FACE_BOUND('',#1590,.T.);
#1590 = EDGE_LOOP('',(#1591,#1597,#1598,#1604,#1605,#1611,#1612,#1620,
    #1628,#1634));
#1591 = ORIENTED_EDGE('',*,*,#1592,.F.);
#1592 = EDGE_CURVE('',#1185,#1393,#1593,.T.);
#1593 = LINE('',#1594,#1595);
#1594 = CARTESIAN_POINT('',(0.491190979563,-0.691190979563,
    0.480186751233));
#1595 = VECTOR('',#1596,1.);
#1596 = DIRECTION('',(-0.1327329683,0.1327329683,0.982223965424));
#1597 = ORIENTED_EDGE('',*,*,#1184,.F.);
#1598 = ORIENTED_EDGE('',*,*,#1599,.F.);
#1599 = EDGE_CURVE('',#1145,#1175,#1600,.T.);
#1600 = LINE('',#1601,#1602);
#1601 = CARTESIAN_POINT('',(0.55,-0.75,4.499999999999E-02));
#1602 = VECTOR('',#1603,1.);
#1603 = DIRECTION('',(5.886494995148E-16,-1.,-2.22044604925E-16));
#1604 = ORIENTED_EDGE('',*,*,#1144,.F.);
#1605 = ORIENTED_EDGE('',*,*,#1606,.F.);
#1606 = EDGE_CURVE('',#1337,#1135,#1607,.T.);
#1607 = LINE('',#1608,#1609);
#1608 = CARTESIAN_POINT('',(0.55,-0.75,4.499999999999E-02));
#1609 = VECTOR('',#1610,1.);
#1610 = DIRECTION('',(5.886494995148E-16,-1.,-2.22044604925E-16));
#1611 = ORIENTED_EDGE('',*,*,#1360,.F.);
#1612 = ORIENTED_EDGE('',*,*,#1613,.F.);
#1613 = EDGE_CURVE('',#1614,#1353,#1616,.T.);
#1614 = VERTEX_POINT('',#1615);
#1615 = CARTESIAN_POINT('',(0.55,0.635,4.499999999999E-02));
#1616 = LINE('',#1617,#1618);
#1617 = CARTESIAN_POINT('',(0.55,-0.75,4.499999999999E-02));
#1618 = VECTOR('',#1619,1.);
#1619 = DIRECTION('',(5.886494995148E-16,-1.,-2.22044604925E-16));
#1620 = ORIENTED_EDGE('',*,*,#1621,.F.);
#1621 = EDGE_CURVE('',#1622,#1614,#1624,.T.);
#1622 = VERTEX_POINT('',#1623);
#1623 = CARTESIAN_POINT('',(0.55,0.75,4.499999999999E-02));
#1624 = LINE('',#1625,#1626);
#1625 = CARTESIAN_POINT('',(0.55,-0.75,4.499999999999E-02));
#1626 = VECTOR('',#1627,1.);
#1627 = DIRECTION('',(5.886494995148E-16,-1.,-2.22044604925E-16));
#1628 = ORIENTED_EDGE('',*,*,#1629,.F.);
#1629 = EDGE_CURVE('',#1375,#1622,#1630,.T.);
#1630 = LINE('',#1631,#1632);
#1631 = CARTESIAN_POINT('',(0.487667371388,0.687667371388,0.506261451727
    ));
#1632 = VECTOR('',#1633,1.);
#1633 = DIRECTION('',(0.1327329683,0.1327329683,-0.982223965424));
#1634 = ORIENTED_EDGE('',*,*,#1400,.F.);
#1635 = PLANE('',#1636);
#1636 = AXIS2_PLACEMENT_3D('',#1637,#1638,#1639);
#1637 = CARTESIAN_POINT('',(0.5,2.443647136493E-16,0.415));
#1638 = DIRECTION('',(0.99099243041,5.53611451874E-16,0.133917896001));
#1639 = DIRECTION('',(5.886494995148E-16,-1.,-2.22044604925E-16));
#1640 = ADVANCED_FACE('',(#1641),#1657,.T.);
#1641 = FACE_BOUND('',#1642,.T.);
#1642 = EDGE_LOOP('',(#1643,#1644,#1650,#1656));
#1643 = ORIENTED_EDGE('',*,*,#1629,.T.);
#1644 = ORIENTED_EDGE('',*,*,#1645,.F.);
#1645 = EDGE_CURVE('',#1305,#1622,#1646,.T.);
#1646 = LINE('',#1647,#1648);
#1647 = CARTESIAN_POINT('',(0.55,0.75,4.499999999999E-02));
#1648 = VECTOR('',#1649,1.);
#1649 = DIRECTION('',(1.,4.440892098501E-16,-2.22044604925E-16));
#1650 = ORIENTED_EDGE('',*,*,#1651,.F.);
#1651 = EDGE_CURVE('',#1377,#1305,#1652,.T.);
#1652 = LINE('',#1653,#1654);
#1653 = CARTESIAN_POINT('',(-0.491190979563,0.691190979563,
    0.480186751233));
#1654 = VECTOR('',#1655,1.);
#1655 = DIRECTION('',(-0.1327329683,0.1327329683,-0.982223965424));
#1656 = ORIENTED_EDGE('',*,*,#1374,.F.);
#1657 = PLANE('',#1658);
#1658 = AXIS2_PLACEMENT_3D('',#1659,#1660,#1661);
#1659 = CARTESIAN_POINT('',(-2.609024107869E-16,0.7,0.415));
#1660 = DIRECTION('',(-4.103532990783E-16,0.99099243041,0.133917896001)
  );
#1661 = DIRECTION('',(1.,4.440892098501E-16,-2.22044604925E-16));
#1662 = ADVANCED_FACE('',(#1663),#1681,.T.);
#1663 = FACE_BOUND('',#1664,.T.);
#1664 = EDGE_LOOP('',(#1665,#1666,#1667,#1675));
#1665 = ORIENTED_EDGE('',*,*,#1592,.T.);
#1666 = ORIENTED_EDGE('',*,*,#1392,.F.);
#1667 = ORIENTED_EDGE('',*,*,#1668,.F.);
#1668 = EDGE_CURVE('',#1669,#1385,#1671,.T.);
#1669 = VERTEX_POINT('',#1670);
#1670 = CARTESIAN_POINT('',(-0.55,-0.75,4.499999999999E-02));
#1671 = LINE('',#1672,#1673);
#1672 = CARTESIAN_POINT('',(-0.491190979563,-0.691190979563,
    0.480186751233));
#1673 = VECTOR('',#1674,1.);
#1674 = DIRECTION('',(0.1327329683,0.1327329683,0.982223965424));
#1675 = ORIENTED_EDGE('',*,*,#1676,.F.);
#1676 = EDGE_CURVE('',#1185,#1669,#1677,.T.);
#1677 = LINE('',#1678,#1679);
#1678 = CARTESIAN_POINT('',(-0.55,-0.75,4.499999999999E-02));
#1679 = VECTOR('',#1680,1.);
#1680 = DIRECTION('',(-1.,-4.440892098501E-16,2.22044604925E-16));
#1681 = PLANE('',#1682);
#1682 = AXIS2_PLACEMENT_3D('',#1683,#1684,#1685);
#1683 = CARTESIAN_POINT('',(3.608224830032E-16,-0.7,0.415));
#1684 = DIRECTION('',(4.698247916983E-16,-0.99099243041,0.133917896001)
  );
#1685 = DIRECTION('',(-1.,-4.440892098501E-16,2.22044604925E-16));
#1686 = ADVANCED_FACE('',(#1687),#1721,.T.);
#1687 = FACE_BOUND('',#1688,.T.);
#1688 = EDGE_LOOP('',(#1689,#1690,#1691,#1697,#1698,#1704,#1705,#1713,
    #1719,#1720));
#1689 = ORIENTED_EDGE('',*,*,#1651,.T.);
#1690 = ORIENTED_EDGE('',*,*,#1304,.F.);
#1691 = ORIENTED_EDGE('',*,*,#1692,.F.);
#1692 = EDGE_CURVE('',#1265,#1295,#1693,.T.);
#1693 = LINE('',#1694,#1695);
#1694 = CARTESIAN_POINT('',(-0.55,0.75,4.499999999999E-02));
#1695 = VECTOR('',#1696,1.);
#1696 = DIRECTION('',(-6.609296443472E-16,1.,2.22044604925E-16));
#1697 = ORIENTED_EDGE('',*,*,#1264,.F.);
#1698 = ORIENTED_EDGE('',*,*,#1699,.F.);
#1699 = EDGE_CURVE('',#1225,#1255,#1700,.T.);
#1700 = LINE('',#1701,#1702);
#1701 = CARTESIAN_POINT('',(-0.55,0.75,4.499999999999E-02));
#1702 = VECTOR('',#1703,1.);
#1703 = DIRECTION('',(-6.609296443472E-16,1.,2.22044604925E-16));
#1704 = ORIENTED_EDGE('',*,*,#1224,.F.);
#1705 = ORIENTED_EDGE('',*,*,#1706,.F.);
#1706 = EDGE_CURVE('',#1707,#1215,#1709,.T.);
#1707 = VERTEX_POINT('',#1708);
#1708 = CARTESIAN_POINT('',(-0.55,-0.635,4.499999999999E-02));
#1709 = LINE('',#1710,#1711);
#1710 = CARTESIAN_POINT('',(-0.55,0.75,4.499999999999E-02));
#1711 = VECTOR('',#1712,1.);
#1712 = DIRECTION('',(-6.609296443472E-16,1.,2.22044604925E-16));
#1713 = ORIENTED_EDGE('',*,*,#1714,.F.);
#1714 = EDGE_CURVE('',#1669,#1707,#1715,.T.);
#1715 = LINE('',#1716,#1717);
#1716 = CARTESIAN_POINT('',(-0.55,0.75,4.499999999999E-02));
#1717 = VECTOR('',#1718,1.);
#1718 = DIRECTION('',(-6.609296443472E-16,1.,2.22044604925E-16));
#1719 = ORIENTED_EDGE('',*,*,#1668,.T.);
#1720 = ORIENTED_EDGE('',*,*,#1384,.F.);
#1721 = PLANE('',#1722);
#1722 = AXIS2_PLACEMENT_3D('',#1723,#1724,#1725);
#1723 = CARTESIAN_POINT('',(-0.5,-3.804248582817E-16,0.415));
#1724 = DIRECTION('',(-0.99099243041,-6.847120208918E-16,0.133917896001)
  );
#1725 = DIRECTION('',(-6.609296443472E-16,1.,2.22044604925E-16));
#1726 = ADVANCED_FACE('',(#1727),#1743,.F.);
#1727 = FACE_BOUND('',#1728,.T.);
#1728 = EDGE_LOOP('',(#1729,#1735,#1736,#1742));
#1729 = ORIENTED_EDGE('',*,*,#1730,.F.);
#1730 = EDGE_CURVE('',#1463,#1707,#1731,.T.);
#1731 = LINE('',#1732,#1733);
#1732 = CARTESIAN_POINT('',(-0.55,-0.635,4.5E-02));
#1733 = VECTOR('',#1734,1.);
#1734 = DIRECTION('',(-0.242535625036,-3.231223622486E-16,0.970142500145
    ));
#1735 = ORIENTED_EDGE('',*,*,#1462,.F.);
#1736 = ORIENTED_EDGE('',*,*,#1737,.F.);
#1737 = EDGE_CURVE('',#1669,#1455,#1738,.T.);
#1738 = LINE('',#1739,#1740);
#1739 = CARTESIAN_POINT('',(-0.488888888889,-0.688888888889,
    -0.199444444444));
#1740 = VECTOR('',#1741,1.);
#1741 = DIRECTION('',(0.235702260396,0.235702260396,-0.942809041582));
#1742 = ORIENTED_EDGE('',*,*,#1714,.T.);
#1743 = PLANE('',#1744);
#1744 = AXIS2_PLACEMENT_3D('',#1745,#1746,#1747);
#1745 = CARTESIAN_POINT('',(-0.55,0.75,4.5E-02));
#1746 = DIRECTION('',(0.970142500145,5.873422105457E-16,0.242535625036)
  );
#1747 = DIRECTION('',(6.609296443472E-16,-1.,-2.22044604925E-16));
#1748 = ADVANCED_FACE('',(#1749),#1755,.F.);
#1749 = FACE_BOUND('',#1750,.T.);
#1750 = EDGE_LOOP('',(#1751,#1752,#1753,#1754));
#1751 = ORIENTED_EDGE('',*,*,#1737,.T.);
#1752 = ORIENTED_EDGE('',*,*,#1454,.F.);
#1753 = ORIENTED_EDGE('',*,*,#1192,.F.);
#1754 = ORIENTED_EDGE('',*,*,#1676,.T.);
#1755 = PLANE('',#1756);
#1756 = AXIS2_PLACEMENT_3D('',#1757,#1758,#1759);
#1757 = CARTESIAN_POINT('',(0.55,-0.75,4.5E-02));
#1758 = DIRECTION('',(-3.769760892901E-16,0.970142500145,0.242535625036)
  );
#1759 = DIRECTION('',(1.,4.440892098501E-16,-2.22044604925E-16));
#1760 = ADVANCED_FACE('',(#1761),#1772,.F.);
#1761 = FACE_BOUND('',#1762,.T.);
#1762 = EDGE_LOOP('',(#1763,#1764,#1765,#1771));
#1763 = ORIENTED_EDGE('',*,*,#1312,.T.);
#1764 = ORIENTED_EDGE('',*,*,#1645,.T.);
#1765 = ORIENTED_EDGE('',*,*,#1766,.F.);
#1766 = EDGE_CURVE('',#1540,#1622,#1767,.T.);
#1767 = LINE('',#1768,#1769);
#1768 = CARTESIAN_POINT('',(0.55,0.75,4.5E-02));
#1769 = VECTOR('',#1770,1.);
#1770 = DIRECTION('',(0.235702260396,0.235702260396,0.942809041582));
#1771 = ORIENTED_EDGE('',*,*,#1539,.F.);
#1772 = PLANE('',#1773);
#1773 = AXIS2_PLACEMENT_3D('',#1774,#1775,#1776);
#1774 = CARTESIAN_POINT('',(0.55,0.75,4.5E-02));
#1775 = DIRECTION('',(4.846835433729E-16,-0.970142500145,0.242535625036)
  );
#1776 = DIRECTION('',(-1.,-4.440892098501E-16,2.22044604925E-16));
#1777 = ADVANCED_FACE('',(#1778),#1789,.F.);
#1778 = FACE_BOUND('',#1779,.T.);
#1779 = EDGE_LOOP('',(#1780,#1786,#1787,#1788));
#1780 = ORIENTED_EDGE('',*,*,#1781,.F.);
#1781 = EDGE_CURVE('',#1548,#1614,#1782,.T.);
#1782 = LINE('',#1783,#1784);
#1783 = CARTESIAN_POINT('',(0.55,0.635,4.5E-02));
#1784 = VECTOR('',#1785,1.);
#1785 = DIRECTION('',(0.242535625036,1.172738086917E-16,0.970142500145)
  );
#1786 = ORIENTED_EDGE('',*,*,#1547,.F.);
#1787 = ORIENTED_EDGE('',*,*,#1766,.T.);
#1788 = ORIENTED_EDGE('',*,*,#1621,.T.);
#1789 = PLANE('',#1790);
#1790 = AXIS2_PLACEMENT_3D('',#1791,#1792,#1793);
#1791 = CARTESIAN_POINT('',(0.55,0.75,4.5E-02));
#1792 = DIRECTION('',(-0.970142500145,-6.2492762421E-16,0.242535625036)
  );
#1793 = DIRECTION('',(-5.886494995148E-16,1.,2.22044604925E-16));
#1794 = ADVANCED_FACE('',(#1795),#1820,.F.);
#1795 = FACE_BOUND('',#1796,.T.);
#1796 = EDGE_LOOP('',(#1797,#1798,#1806,#1814));
#1797 = ORIENTED_EDGE('',*,*,#1563,.T.);
#1798 = ORIENTED_EDGE('',*,*,#1799,.F.);
#1799 = EDGE_CURVE('',#1800,#1556,#1802,.T.);
#1800 = VERTEX_POINT('',#1801);
#1801 = CARTESIAN_POINT('',(0.36,0.635,4.5E-02));
#1802 = LINE('',#1803,#1804);
#1803 = CARTESIAN_POINT('',(0.36,0.635,4.5E-02));
#1804 = VECTOR('',#1805,1.);
#1805 = DIRECTION('',(-2.22044604925E-16,2.22044604925E-16,-1.));
#1806 = ORIENTED_EDGE('',*,*,#1807,.F.);
#1807 = EDGE_CURVE('',#1808,#1800,#1810,.T.);
#1808 = VERTEX_POINT('',#1809);
#1809 = CARTESIAN_POINT('',(0.36,0.365,4.5E-02));
#1810 = LINE('',#1811,#1812);
#1811 = CARTESIAN_POINT('',(0.36,0.365,4.5E-02));
#1812 = VECTOR('',#1813,1.);
#1813 = DIRECTION('',(-8.456455700299E-16,1.,2.22044604925E-16));
#1814 = ORIENTED_EDGE('',*,*,#1815,.T.);
#1815 = EDGE_CURVE('',#1808,#1564,#1816,.T.);
#1816 = LINE('',#1817,#1818);
#1817 = CARTESIAN_POINT('',(0.36,0.365,4.5E-02));
#1818 = VECTOR('',#1819,1.);
#1819 = DIRECTION('',(-2.22044604925E-16,2.22044604925E-16,-1.));
#1820 = PLANE('',#1821);
#1821 = AXIS2_PLACEMENT_3D('',#1822,#1823,#1824);
#1822 = CARTESIAN_POINT('',(0.36,0.365,4.5E-02));
#1823 = DIRECTION('',(-1.,-8.456455700299E-16,2.22044604925E-16));
#1824 = DIRECTION('',(8.456455700299E-16,-1.,-2.22044604925E-16));
#1825 = ADVANCED_FACE('',(#1826),#1837,.F.);
#1826 = FACE_BOUND('',#1827,.T.);
#1827 = EDGE_LOOP('',(#1828,#1829,#1830,#1831));
#1828 = ORIENTED_EDGE('',*,*,#1352,.T.);
#1829 = ORIENTED_EDGE('',*,*,#1571,.T.);
#1830 = ORIENTED_EDGE('',*,*,#1815,.F.);
#1831 = ORIENTED_EDGE('',*,*,#1832,.F.);
#1832 = EDGE_CURVE('',#1353,#1808,#1833,.T.);
#1833 = LINE('',#1834,#1835);
#1834 = CARTESIAN_POINT('',(0.36,0.365,4.5E-02));
#1835 = VECTOR('',#1836,1.);
#1836 = DIRECTION('',(-1.,-9.078999649522E-16,2.22044604925E-16));
#1837 = PLANE('',#1838);
#1838 = AXIS2_PLACEMENT_3D('',#1839,#1840,#1841);
#1839 = CARTESIAN_POINT('',(0.36,0.365,4.5E-02));
#1840 = DIRECTION('',(9.078999649522E-16,-1.,-2.22044604925E-16));
#1841 = DIRECTION('',(1.,9.078999649522E-16,-2.22044604925E-16));
#1842 = ADVANCED_FACE('',(#1843),#1854,.F.);
#1843 = FACE_BOUND('',#1844,.T.);
#1844 = EDGE_LOOP('',(#1845,#1846,#1852,#1853));
#1845 = ORIENTED_EDGE('',*,*,#1781,.T.);
#1846 = ORIENTED_EDGE('',*,*,#1847,.F.);
#1847 = EDGE_CURVE('',#1800,#1614,#1848,.T.);
#1848 = LINE('',#1849,#1850);
#1849 = CARTESIAN_POINT('',(0.36,0.635,4.5E-02));
#1850 = VECTOR('',#1851,1.);
#1851 = DIRECTION('',(1.,1.371710720054E-15,-2.22044604925E-16));
#1852 = ORIENTED_EDGE('',*,*,#1799,.T.);
#1853 = ORIENTED_EDGE('',*,*,#1555,.T.);
#1854 = PLANE('',#1855);
#1855 = AXIS2_PLACEMENT_3D('',#1856,#1857,#1858);
#1856 = CARTESIAN_POINT('',(0.36,0.635,4.5E-02));
#1857 = DIRECTION('',(-1.371710720054E-15,1.,2.22044604925E-16));
#1858 = DIRECTION('',(-1.,-1.371710720054E-15,2.22044604925E-16));
#1859 = ADVANCED_FACE('',(#1860),#1866,.T.);
#1860 = FACE_BOUND('',#1861,.T.);
#1861 = EDGE_LOOP('',(#1862,#1863,#1864,#1865));
#1862 = ORIENTED_EDGE('',*,*,#1832,.T.);
#1863 = ORIENTED_EDGE('',*,*,#1807,.T.);
#1864 = ORIENTED_EDGE('',*,*,#1847,.T.);
#1865 = ORIENTED_EDGE('',*,*,#1613,.T.);
#1866 = PLANE('',#1867);
#1867 = AXIS2_PLACEMENT_3D('',#1868,#1869,#1870);
#1868 = CARTESIAN_POINT('',(-3.219646771413E-17,3.219646771413E-17,
    4.5E-02));
#1869 = DIRECTION('',(-2.22044604925E-16,2.22044604925E-16,-1.));
#1870 = DIRECTION('',(-1.,-4.440892098501E-16,2.22044604925E-16));
#1871 = ADVANCED_FACE('',(#1872),#1897,.F.);
#1872 = FACE_BOUND('',#1873,.T.);
#1873 = EDGE_LOOP('',(#1874,#1875,#1883,#1891));
#1874 = ORIENTED_EDGE('',*,*,#1524,.T.);
#1875 = ORIENTED_EDGE('',*,*,#1876,.F.);
#1876 = EDGE_CURVE('',#1877,#1517,#1879,.T.);
#1877 = VERTEX_POINT('',#1878);
#1878 = CARTESIAN_POINT('',(-0.36,0.365,4.5E-02));
#1879 = LINE('',#1880,#1881);
#1880 = CARTESIAN_POINT('',(-0.36,0.365,4.5E-02));
#1881 = VECTOR('',#1882,1.);
#1882 = DIRECTION('',(-2.22044604925E-16,2.22044604925E-16,-1.));
#1883 = ORIENTED_EDGE('',*,*,#1884,.F.);
#1884 = EDGE_CURVE('',#1885,#1877,#1887,.T.);
#1885 = VERTEX_POINT('',#1886);
#1886 = CARTESIAN_POINT('',(-0.36,0.635,4.5E-02));
#1887 = LINE('',#1888,#1889);
#1888 = CARTESIAN_POINT('',(-0.36,0.365,4.5E-02));
#1889 = VECTOR('',#1890,1.);
#1890 = DIRECTION('',(4.440892098501E-16,-1.,-2.22044604925E-16));
#1891 = ORIENTED_EDGE('',*,*,#1892,.T.);
#1892 = EDGE_CURVE('',#1885,#1525,#1893,.T.);
#1893 = LINE('',#1894,#1895);
#1894 = CARTESIAN_POINT('',(-0.36,0.635,4.5E-02));
#1895 = VECTOR('',#1896,1.);
#1896 = DIRECTION('',(-2.22044604925E-16,2.22044604925E-16,-1.));
#1897 = PLANE('',#1898);
#1898 = AXIS2_PLACEMENT_3D('',#1899,#1900,#1901);
#1899 = CARTESIAN_POINT('',(-0.36,0.365,4.5E-02));
#1900 = DIRECTION('',(1.,4.440892098501E-16,-2.22044604925E-16));
#1901 = DIRECTION('',(-4.440892098501E-16,1.,2.22044604925E-16));
#1902 = ADVANCED_FACE('',(#1903),#1914,.F.);
#1903 = FACE_BOUND('',#1904,.T.);
#1904 = EDGE_LOOP('',(#1905,#1906,#1907,#1908));
#1905 = ORIENTED_EDGE('',*,*,#1294,.T.);
#1906 = ORIENTED_EDGE('',*,*,#1532,.T.);
#1907 = ORIENTED_EDGE('',*,*,#1892,.F.);
#1908 = ORIENTED_EDGE('',*,*,#1909,.F.);
#1909 = EDGE_CURVE('',#1295,#1885,#1910,.T.);
#1910 = LINE('',#1911,#1912);
#1911 = CARTESIAN_POINT('',(-0.36,0.635,4.5E-02));
#1912 = VECTOR('',#1913,1.);
#1913 = DIRECTION('',(1.,4.440892098501E-16,-2.22044604925E-16));
#1914 = PLANE('',#1915);
#1915 = AXIS2_PLACEMENT_3D('',#1916,#1917,#1918);
#1916 = CARTESIAN_POINT('',(-0.36,0.635,4.5E-02));
#1917 = DIRECTION('',(-4.440892098501E-16,1.,2.22044604925E-16));
#1918 = DIRECTION('',(-1.,-4.440892098501E-16,2.22044604925E-16));
#1919 = ADVANCED_FACE('',(#1920),#1931,.F.);
#1920 = FACE_BOUND('',#1921,.T.);
#1921 = EDGE_LOOP('',(#1922,#1923,#1929,#1930));
#1922 = ORIENTED_EDGE('',*,*,#1272,.T.);
#1923 = ORIENTED_EDGE('',*,*,#1924,.F.);
#1924 = EDGE_CURVE('',#1877,#1265,#1925,.T.);
#1925 = LINE('',#1926,#1927);
#1926 = CARTESIAN_POINT('',(-0.36,0.365,4.5E-02));
#1927 = VECTOR('',#1928,1.);
#1928 = DIRECTION('',(-1.,-4.440892098501E-16,2.22044604925E-16));
#1929 = ORIENTED_EDGE('',*,*,#1876,.T.);
#1930 = ORIENTED_EDGE('',*,*,#1516,.T.);
#1931 = PLANE('',#1932);
#1932 = AXIS2_PLACEMENT_3D('',#1933,#1934,#1935);
#1933 = CARTESIAN_POINT('',(-0.36,0.365,4.5E-02));
#1934 = DIRECTION('',(4.440892098501E-16,-1.,-2.22044604925E-16));
#1935 = DIRECTION('',(1.,4.440892098501E-16,-2.22044604925E-16));
#1936 = ADVANCED_FACE('',(#1937),#1943,.F.);
#1937 = FACE_BOUND('',#1938,.T.);
#1938 = EDGE_LOOP('',(#1939,#1940,#1941,#1942));
#1939 = ORIENTED_EDGE('',*,*,#1692,.T.);
#1940 = ORIENTED_EDGE('',*,*,#1909,.T.);
#1941 = ORIENTED_EDGE('',*,*,#1884,.T.);
#1942 = ORIENTED_EDGE('',*,*,#1924,.T.);
#1943 = PLANE('',#1944);
#1944 = AXIS2_PLACEMENT_3D('',#1945,#1946,#1947);
#1945 = CARTESIAN_POINT('',(-3.219646771413E-17,3.219646771413E-17,
    4.5E-02));
#1946 = DIRECTION('',(2.22044604925E-16,-2.22044604925E-16,1.));
#1947 = DIRECTION('',(1.,4.440892098501E-16,-2.22044604925E-16));
#1948 = ADVANCED_FACE('',(#1949),#1974,.F.);
#1949 = FACE_BOUND('',#1950,.T.);
#1950 = EDGE_LOOP('',(#1951,#1952,#1960,#1968));
#1951 = ORIENTED_EDGE('',*,*,#1501,.T.);
#1952 = ORIENTED_EDGE('',*,*,#1953,.F.);
#1953 = EDGE_CURVE('',#1954,#1494,#1956,.T.);
#1954 = VERTEX_POINT('',#1955);
#1955 = CARTESIAN_POINT('',(-0.36,-0.135,4.5E-02));
#1956 = LINE('',#1957,#1958);
#1957 = CARTESIAN_POINT('',(-0.36,-0.135,4.5E-02));
#1958 = VECTOR('',#1959,1.);
#1959 = DIRECTION('',(-2.22044604925E-16,2.22044604925E-16,-1.));
#1960 = ORIENTED_EDGE('',*,*,#1961,.F.);
#1961 = EDGE_CURVE('',#1962,#1954,#1964,.T.);
#1962 = VERTEX_POINT('',#1963);
#1963 = CARTESIAN_POINT('',(-0.36,0.135,4.5E-02));
#1964 = LINE('',#1965,#1966);
#1965 = CARTESIAN_POINT('',(-0.36,-0.135,4.5E-02));
#1966 = VECTOR('',#1967,1.);
#1967 = DIRECTION('',(4.440892098501E-16,-1.,-2.22044604925E-16));
#1968 = ORIENTED_EDGE('',*,*,#1969,.T.);
#1969 = EDGE_CURVE('',#1962,#1502,#1970,.T.);
#1970 = LINE('',#1971,#1972);
#1971 = CARTESIAN_POINT('',(-0.36,0.135,4.5E-02));
#1972 = VECTOR('',#1973,1.);
#1973 = DIRECTION('',(-2.22044604925E-16,2.22044604925E-16,-1.));
#1974 = PLANE('',#1975);
#1975 = AXIS2_PLACEMENT_3D('',#1976,#1977,#1978);
#1976 = CARTESIAN_POINT('',(-0.36,-0.135,4.5E-02));
#1977 = DIRECTION('',(1.,4.440892098501E-16,-2.22044604925E-16));
#1978 = DIRECTION('',(-4.440892098501E-16,1.,2.22044604925E-16));
#1979 = ADVANCED_FACE('',(#1980),#1991,.F.);
#1980 = FACE_BOUND('',#1981,.T.);
#1981 = EDGE_LOOP('',(#1982,#1983,#1984,#1985));
#1982 = ORIENTED_EDGE('',*,*,#1254,.T.);
#1983 = ORIENTED_EDGE('',*,*,#1509,.T.);
#1984 = ORIENTED_EDGE('',*,*,#1969,.F.);
#1985 = ORIENTED_EDGE('',*,*,#1986,.F.);
#1986 = EDGE_CURVE('',#1255,#1962,#1987,.T.);
#1987 = LINE('',#1988,#1989);
#1988 = CARTESIAN_POINT('',(-0.36,0.135,4.5E-02));
#1989 = VECTOR('',#1990,1.);
#1990 = DIRECTION('',(1.,4.440892098501E-16,-2.22044604925E-16));
#1991 = PLANE('',#1992);
#1992 = AXIS2_PLACEMENT_3D('',#1993,#1994,#1995);
#1993 = CARTESIAN_POINT('',(-0.36,0.135,4.5E-02));
#1994 = DIRECTION('',(-4.440892098501E-16,1.,2.22044604925E-16));
#1995 = DIRECTION('',(-1.,-4.440892098501E-16,2.22044604925E-16));
#1996 = ADVANCED_FACE('',(#1997),#2008,.F.);
#1997 = FACE_BOUND('',#1998,.T.);
#1998 = EDGE_LOOP('',(#1999,#2000,#2006,#2007));
#1999 = ORIENTED_EDGE('',*,*,#1232,.T.);
#2000 = ORIENTED_EDGE('',*,*,#2001,.F.);
#2001 = EDGE_CURVE('',#1954,#1225,#2002,.T.);
#2002 = LINE('',#2003,#2004);
#2003 = CARTESIAN_POINT('',(-0.36,-0.135,4.5E-02));
#2004 = VECTOR('',#2005,1.);
#2005 = DIRECTION('',(-1.,-4.440892098501E-16,2.22044604925E-16));
#2006 = ORIENTED_EDGE('',*,*,#1953,.T.);
#2007 = ORIENTED_EDGE('',*,*,#1493,.T.);
#2008 = PLANE('',#2009);
#2009 = AXIS2_PLACEMENT_3D('',#2010,#2011,#2012);
#2010 = CARTESIAN_POINT('',(-0.36,-0.135,4.5E-02));
#2011 = DIRECTION('',(4.440892098501E-16,-1.,-2.22044604925E-16));
#2012 = DIRECTION('',(1.,4.440892098501E-16,-2.22044604925E-16));
#2013 = ADVANCED_FACE('',(#2014),#2020,.F.);
#2014 = FACE_BOUND('',#2015,.T.);
#2015 = EDGE_LOOP('',(#2016,#2017,#2018,#2019));
#2016 = ORIENTED_EDGE('',*,*,#1699,.T.);
#2017 = ORIENTED_EDGE('',*,*,#1986,.T.);
#2018 = ORIENTED_EDGE('',*,*,#1961,.T.);
#2019 = ORIENTED_EDGE('',*,*,#2001,.T.);
#2020 = PLANE('',#2021);
#2021 = AXIS2_PLACEMENT_3D('',#2022,#2023,#2024);
#2022 = CARTESIAN_POINT('',(2.393550857262E-16,-0.5,4.5E-02));
#2023 = DIRECTION('',(2.22044604925E-16,-2.22044604925E-16,1.));
#2024 = DIRECTION('',(1.,4.440892098501E-16,-2.22044604925E-16));
#2025 = ADVANCED_FACE('',(#2026),#2051,.F.);
#2026 = FACE_BOUND('',#2027,.T.);
#2027 = EDGE_LOOP('',(#2028,#2029,#2037,#2045));
#2028 = ORIENTED_EDGE('',*,*,#1478,.T.);
#2029 = ORIENTED_EDGE('',*,*,#2030,.F.);
#2030 = EDGE_CURVE('',#2031,#1471,#2033,.T.);
#2031 = VERTEX_POINT('',#2032);
#2032 = CARTESIAN_POINT('',(-0.36,-0.635,4.5E-02));
#2033 = LINE('',#2034,#2035);
#2034 = CARTESIAN_POINT('',(-0.36,-0.635,4.5E-02));
#2035 = VECTOR('',#2036,1.);
#2036 = DIRECTION('',(-2.22044604925E-16,2.22044604925E-16,-1.));
#2037 = ORIENTED_EDGE('',*,*,#2038,.F.);
#2038 = EDGE_CURVE('',#2039,#2031,#2041,.T.);
#2039 = VERTEX_POINT('',#2040);
#2040 = CARTESIAN_POINT('',(-0.36,-0.365,4.5E-02));
#2041 = LINE('',#2042,#2043);
#2042 = CARTESIAN_POINT('',(-0.36,-0.635,4.5E-02));
#2043 = VECTOR('',#2044,1.);
#2044 = DIRECTION('',(4.440892098501E-16,-1.,-2.22044604925E-16));
#2045 = ORIENTED_EDGE('',*,*,#2046,.T.);
#2046 = EDGE_CURVE('',#2039,#1479,#2047,.T.);
#2047 = LINE('',#2048,#2049);
#2048 = CARTESIAN_POINT('',(-0.36,-0.365,4.5E-02));
#2049 = VECTOR('',#2050,1.);
#2050 = DIRECTION('',(-2.22044604925E-16,2.22044604925E-16,-1.));
#2051 = PLANE('',#2052);
#2052 = AXIS2_PLACEMENT_3D('',#2053,#2054,#2055);
#2053 = CARTESIAN_POINT('',(-0.36,-0.635,4.5E-02));
#2054 = DIRECTION('',(1.,4.440892098501E-16,-2.22044604925E-16));
#2055 = DIRECTION('',(-4.440892098501E-16,1.,2.22044604925E-16));
#2056 = ADVANCED_FACE('',(#2057),#2068,.F.);
#2057 = FACE_BOUND('',#2058,.T.);
#2058 = EDGE_LOOP('',(#2059,#2060,#2061,#2062));
#2059 = ORIENTED_EDGE('',*,*,#1214,.T.);
#2060 = ORIENTED_EDGE('',*,*,#1486,.T.);
#2061 = ORIENTED_EDGE('',*,*,#2046,.F.);
#2062 = ORIENTED_EDGE('',*,*,#2063,.F.);
#2063 = EDGE_CURVE('',#1215,#2039,#2064,.T.);
#2064 = LINE('',#2065,#2066);
#2065 = CARTESIAN_POINT('',(-0.36,-0.365,4.5E-02));
#2066 = VECTOR('',#2067,1.);
#2067 = DIRECTION('',(1.,4.440892098501E-16,-2.22044604925E-16));
#2068 = PLANE('',#2069);
#2069 = AXIS2_PLACEMENT_3D('',#2070,#2071,#2072);
#2070 = CARTESIAN_POINT('',(-0.36,-0.365,4.5E-02));
#2071 = DIRECTION('',(-4.440892098501E-16,1.,2.22044604925E-16));
#2072 = DIRECTION('',(-1.,-4.440892098501E-16,2.22044604925E-16));
#2073 = ADVANCED_FACE('',(#2074),#2085,.F.);
#2074 = FACE_BOUND('',#2075,.T.);
#2075 = EDGE_LOOP('',(#2076,#2077,#2083,#2084));
#2076 = ORIENTED_EDGE('',*,*,#1730,.T.);
#2077 = ORIENTED_EDGE('',*,*,#2078,.F.);
#2078 = EDGE_CURVE('',#2031,#1707,#2079,.T.);
#2079 = LINE('',#2080,#2081);
#2080 = CARTESIAN_POINT('',(-0.36,-0.635,4.5E-02));
#2081 = VECTOR('',#2082,1.);
#2082 = DIRECTION('',(-1.,-4.440892098501E-16,2.22044604925E-16));
#2083 = ORIENTED_EDGE('',*,*,#2030,.T.);
#2084 = ORIENTED_EDGE('',*,*,#1470,.T.);
#2085 = PLANE('',#2086);
#2086 = AXIS2_PLACEMENT_3D('',#2087,#2088,#2089);
#2087 = CARTESIAN_POINT('',(-0.36,-0.635,4.5E-02));
#2088 = DIRECTION('',(4.440892098501E-16,-1.,-2.22044604925E-16));
#2089 = DIRECTION('',(1.,4.440892098501E-16,-2.22044604925E-16));
#2090 = ADVANCED_FACE('',(#2091),#2097,.F.);
#2091 = FACE_BOUND('',#2092,.T.);
#2092 = EDGE_LOOP('',(#2093,#2094,#2095,#2096));
#2093 = ORIENTED_EDGE('',*,*,#1706,.T.);
#2094 = ORIENTED_EDGE('',*,*,#2063,.T.);
#2095 = ORIENTED_EDGE('',*,*,#2038,.T.);
#2096 = ORIENTED_EDGE('',*,*,#2078,.T.);
#2097 = PLANE('',#2098);
#2098 = AXIS2_PLACEMENT_3D('',#2099,#2100,#2101);
#2099 = CARTESIAN_POINT('',(5.109066391666E-16,-1.,4.5E-02));
#2100 = DIRECTION('',(2.22044604925E-16,-2.22044604925E-16,1.));
#2101 = DIRECTION('',(1.,4.440892098501E-16,-2.22044604925E-16));
#2102 = ADVANCED_FACE('',(#2103),#2128,.F.);
#2103 = FACE_BOUND('',#2104,.T.);
#2104 = EDGE_LOOP('',(#2105,#2106,#2114,#2122));
#2105 = ORIENTED_EDGE('',*,*,#1439,.T.);
#2106 = ORIENTED_EDGE('',*,*,#2107,.F.);
#2107 = EDGE_CURVE('',#2108,#1432,#2110,.T.);
#2108 = VERTEX_POINT('',#2109);
#2109 = CARTESIAN_POINT('',(0.36,-0.365,4.5E-02));
#2110 = LINE('',#2111,#2112);
#2111 = CARTESIAN_POINT('',(0.36,-0.365,4.5E-02));
#2112 = VECTOR('',#2113,1.);
#2113 = DIRECTION('',(-2.22044604925E-16,2.22044604925E-16,-1.));
#2114 = ORIENTED_EDGE('',*,*,#2115,.F.);
#2115 = EDGE_CURVE('',#2116,#2108,#2118,.T.);
#2116 = VERTEX_POINT('',#2117);
#2117 = CARTESIAN_POINT('',(0.36,-0.635,4.5E-02));
#2118 = LINE('',#2119,#2120);
#2119 = CARTESIAN_POINT('',(0.36,-0.635,4.5E-02));
#2120 = VECTOR('',#2121,1.);
#2121 = DIRECTION('',(-8.456455700299E-16,1.,2.22044604925E-16));
#2122 = ORIENTED_EDGE('',*,*,#2123,.T.);
#2123 = EDGE_CURVE('',#2116,#1440,#2124,.T.);
#2124 = LINE('',#2125,#2126);
#2125 = CARTESIAN_POINT('',(0.36,-0.635,4.5E-02));
#2126 = VECTOR('',#2127,1.);
#2127 = DIRECTION('',(-2.22044604925E-16,2.22044604925E-16,-1.));
#2128 = PLANE('',#2129);
#2129 = AXIS2_PLACEMENT_3D('',#2130,#2131,#2132);
#2130 = CARTESIAN_POINT('',(0.36,-0.635,4.5E-02));
#2131 = DIRECTION('',(-1.,-8.456455700299E-16,2.22044604925E-16));
#2132 = DIRECTION('',(8.456455700299E-16,-1.,-2.22044604925E-16));
#2133 = ADVANCED_FACE('',(#2134),#2145,.F.);
#2134 = FACE_BOUND('',#2135,.T.);
#2135 = EDGE_LOOP('',(#2136,#2137,#2138,#2139));
#2136 = ORIENTED_EDGE('',*,*,#1174,.T.);
#2137 = ORIENTED_EDGE('',*,*,#1447,.F.);
#2138 = ORIENTED_EDGE('',*,*,#2123,.F.);
#2139 = ORIENTED_EDGE('',*,*,#2140,.F.);
#2140 = EDGE_CURVE('',#1175,#2116,#2141,.T.);
#2141 = LINE('',#2142,#2143);
#2142 = CARTESIAN_POINT('',(0.36,-0.635,4.5E-02));
#2143 = VECTOR('',#2144,1.);
#2144 = DIRECTION('',(-1.,-9.078999649522E-16,2.22044604925E-16));
#2145 = PLANE('',#2146);
#2146 = AXIS2_PLACEMENT_3D('',#2147,#2148,#2149);
#2147 = CARTESIAN_POINT('',(0.36,-0.635,4.5E-02));
#2148 = DIRECTION('',(9.078999649522E-16,-1.,-2.22044604925E-16));
#2149 = DIRECTION('',(1.,9.078999649522E-16,-2.22044604925E-16));
#2150 = ADVANCED_FACE('',(#2151),#2162,.F.);
#2151 = FACE_BOUND('',#2152,.T.);
#2152 = EDGE_LOOP('',(#2153,#2154,#2160,#2161));
#2153 = ORIENTED_EDGE('',*,*,#1152,.T.);
#2154 = ORIENTED_EDGE('',*,*,#2155,.F.);
#2155 = EDGE_CURVE('',#2108,#1145,#2156,.T.);
#2156 = LINE('',#2157,#2158);
#2157 = CARTESIAN_POINT('',(0.36,-0.365,4.5E-02));
#2158 = VECTOR('',#2159,1.);
#2159 = DIRECTION('',(1.,1.371710720054E-15,-2.22044604925E-16));
#2160 = ORIENTED_EDGE('',*,*,#2107,.T.);
#2161 = ORIENTED_EDGE('',*,*,#1431,.T.);
#2162 = PLANE('',#2163);
#2163 = AXIS2_PLACEMENT_3D('',#2164,#2165,#2166);
#2164 = CARTESIAN_POINT('',(0.36,-0.365,4.5E-02));
#2165 = DIRECTION('',(-1.371710720054E-15,1.,2.22044604925E-16));
#2166 = DIRECTION('',(-1.,-1.371710720054E-15,2.22044604925E-16));
#2167 = ADVANCED_FACE('',(#2168),#2174,.T.);
#2168 = FACE_BOUND('',#2169,.T.);
#2169 = EDGE_LOOP('',(#2170,#2171,#2172,#2173));
#2170 = ORIENTED_EDGE('',*,*,#2140,.T.);
#2171 = ORIENTED_EDGE('',*,*,#2115,.T.);
#2172 = ORIENTED_EDGE('',*,*,#2155,.T.);
#2173 = ORIENTED_EDGE('',*,*,#1599,.T.);
#2174 = PLANE('',#2175);
#2175 = AXIS2_PLACEMENT_3D('',#2176,#2177,#2178);
#2176 = CARTESIAN_POINT('',(5.109066391666E-16,-1.,4.5E-02));
#2177 = DIRECTION('',(-2.22044604925E-16,2.22044604925E-16,-1.));
#2178 = DIRECTION('',(-1.,-4.440892098501E-16,2.22044604925E-16));
#2179 = ADVANCED_FACE('',(#2180),#2205,.F.);
#2180 = FACE_BOUND('',#2181,.T.);
#2181 = EDGE_LOOP('',(#2182,#2183,#2191,#2199));
#2182 = ORIENTED_EDGE('',*,*,#1414,.T.);
#2183 = ORIENTED_EDGE('',*,*,#2184,.F.);
#2184 = EDGE_CURVE('',#2185,#1417,#2187,.T.);
#2185 = VERTEX_POINT('',#2186);
#2186 = CARTESIAN_POINT('',(0.36,0.135,4.5E-02));
#2187 = LINE('',#2188,#2189);
#2188 = CARTESIAN_POINT('',(0.36,0.135,4.5E-02));
#2189 = VECTOR('',#2190,1.);
#2190 = DIRECTION('',(-2.22044604925E-16,2.22044604925E-16,-1.));
#2191 = ORIENTED_EDGE('',*,*,#2192,.F.);
#2192 = EDGE_CURVE('',#2193,#2185,#2195,.T.);
#2193 = VERTEX_POINT('',#2194);
#2194 = CARTESIAN_POINT('',(0.36,-0.135,4.5E-02));
#2195 = LINE('',#2196,#2197);
#2196 = CARTESIAN_POINT('',(0.36,-0.135,4.5E-02));
#2197 = VECTOR('',#2198,1.);
#2198 = DIRECTION('',(-8.456455700299E-16,1.,2.22044604925E-16));
#2199 = ORIENTED_EDGE('',*,*,#2200,.T.);
#2200 = EDGE_CURVE('',#2193,#1415,#2201,.T.);
#2201 = LINE('',#2202,#2203);
#2202 = CARTESIAN_POINT('',(0.36,-0.135,4.5E-02));
#2203 = VECTOR('',#2204,1.);
#2204 = DIRECTION('',(-2.22044604925E-16,2.22044604925E-16,-1.));
#2205 = PLANE('',#2206);
#2206 = AXIS2_PLACEMENT_3D('',#2207,#2208,#2209);
#2207 = CARTESIAN_POINT('',(0.36,-0.135,4.5E-02));
#2208 = DIRECTION('',(-1.,-8.456455700299E-16,2.22044604925E-16));
#2209 = DIRECTION('',(8.456455700299E-16,-1.,-2.22044604925E-16));
#2210 = ADVANCED_FACE('',(#2211),#2222,.F.);
#2211 = FACE_BOUND('',#2212,.T.);
#2212 = EDGE_LOOP('',(#2213,#2214,#2215,#2216));
#2213 = ORIENTED_EDGE('',*,*,#1134,.T.);
#2214 = ORIENTED_EDGE('',*,*,#1424,.F.);
#2215 = ORIENTED_EDGE('',*,*,#2200,.F.);
#2216 = ORIENTED_EDGE('',*,*,#2217,.F.);
#2217 = EDGE_CURVE('',#1135,#2193,#2218,.T.);
#2218 = LINE('',#2219,#2220);
#2219 = CARTESIAN_POINT('',(0.36,-0.135,4.5E-02));
#2220 = VECTOR('',#2221,1.);
#2221 = DIRECTION('',(-1.,-9.078999649522E-16,2.22044604925E-16));
#2222 = PLANE('',#2223);
#2223 = AXIS2_PLACEMENT_3D('',#2224,#2225,#2226);
#2224 = CARTESIAN_POINT('',(0.36,-0.135,4.5E-02));
#2225 = DIRECTION('',(9.078999649522E-16,-1.,-2.22044604925E-16));
#2226 = DIRECTION('',(1.,9.078999649522E-16,-2.22044604925E-16));
#2227 = ADVANCED_FACE('',(#2228),#2239,.F.);
#2228 = FACE_BOUND('',#2229,.T.);
#2229 = EDGE_LOOP('',(#2230,#2231,#2237,#2238));
#2230 = ORIENTED_EDGE('',*,*,#1334,.T.);
#2231 = ORIENTED_EDGE('',*,*,#2232,.F.);
#2232 = EDGE_CURVE('',#2185,#1337,#2233,.T.);
#2233 = LINE('',#2234,#2235);
#2234 = CARTESIAN_POINT('',(0.36,0.135,4.5E-02));
#2235 = VECTOR('',#2236,1.);
#2236 = DIRECTION('',(1.,1.371710720054E-15,-2.22044604925E-16));
#2237 = ORIENTED_EDGE('',*,*,#2184,.T.);
#2238 = ORIENTED_EDGE('',*,*,#1578,.T.);
#2239 = PLANE('',#2240);
#2240 = AXIS2_PLACEMENT_3D('',#2241,#2242,#2243);
#2241 = CARTESIAN_POINT('',(0.36,0.135,4.5E-02));
#2242 = DIRECTION('',(-1.371710720054E-15,1.,2.22044604925E-16));
#2243 = DIRECTION('',(-1.,-1.371710720054E-15,2.22044604925E-16));
#2244 = ADVANCED_FACE('',(#2245),#2251,.T.);
#2245 = FACE_BOUND('',#2246,.T.);
#2246 = EDGE_LOOP('',(#2247,#2248,#2249,#2250));
#2247 = ORIENTED_EDGE('',*,*,#2217,.T.);
#2248 = ORIENTED_EDGE('',*,*,#2192,.T.);
#2249 = ORIENTED_EDGE('',*,*,#2232,.T.);
#2250 = ORIENTED_EDGE('',*,*,#1606,.T.);
#2251 = PLANE('',#2252);
#2252 = AXIS2_PLACEMENT_3D('',#2253,#2254,#2255);
#2253 = CARTESIAN_POINT('',(2.393550857262E-16,-0.5,4.5E-02));
#2254 = DIRECTION('',(-2.22044604925E-16,2.22044604925E-16,-1.));
#2255 = DIRECTION('',(-1.,-4.440892098501E-16,2.22044604925E-16));
#2256 = MANIFOLD_SOLID_BREP('',#2257);
#2257 = CLOSED_SHELL('',(#2258,#2346,#2434,#2456,#2473,#2490,#2507,#2524
    ,#2541,#2558,#2575,#2592));
#2258 = ADVANCED_FACE('',(#2259),#2341,.T.);
#2259 = FACE_BOUND('',#2260,.T.);
#2260 = EDGE_LOOP('',(#2261,#2271,#2279,#2287,#2295,#2303,#2311,#2319,
    #2327,#2335));
#2261 = ORIENTED_EDGE('',*,*,#2262,.F.);
#2262 = EDGE_CURVE('',#2263,#2265,#2267,.T.);
#2263 = VERTEX_POINT('',#2264);
#2264 = CARTESIAN_POINT('',(-0.608940672324,0.391294386114,4.5E-02));
#2265 = VERTEX_POINT('',#2266);
#2266 = CARTESIAN_POINT('',(-0.65,0.415,4.5E-02));
#2267 = LINE('',#2268,#2269);
#2268 = CARTESIAN_POINT('',(-0.608940672324,0.391294386114,4.5E-02));
#2269 = VECTOR('',#2270,1.);
#2270 = DIRECTION('',(-0.866025403784,0.5,3.033185711009E-16));
#2271 = ORIENTED_EDGE('',*,*,#2272,.F.);
#2272 = EDGE_CURVE('',#2273,#2263,#2275,.T.);
#2273 = VERTEX_POINT('',#2274);
#2274 = CARTESIAN_POINT('',(-0.593759601423,0.365,4.5E-02));
#2275 = LINE('',#2276,#2277);
#2276 = CARTESIAN_POINT('',(-0.593759601423,0.365,4.5E-02));
#2277 = VECTOR('',#2278,1.);
#2278 = DIRECTION('',(-0.5,0.866025403784,3.033185711009E-16));
#2279 = ORIENTED_EDGE('',*,*,#2280,.F.);
#2280 = EDGE_CURVE('',#2281,#2273,#2283,.T.);
#2281 = VERTEX_POINT('',#2282);
#2282 = CARTESIAN_POINT('',(-0.36,0.365,4.5E-02));
#2283 = LINE('',#2284,#2285);
#2284 = CARTESIAN_POINT('',(-0.36,0.365,4.5E-02));
#2285 = VECTOR('',#2286,1.);
#2286 = DIRECTION('',(-1.,-4.440892098501E-16,2.22044604925E-16));
#2287 = ORIENTED_EDGE('',*,*,#2288,.F.);
#2288 = EDGE_CURVE('',#2289,#2281,#2291,.T.);
#2289 = VERTEX_POINT('',#2290);
#2290 = CARTESIAN_POINT('',(-0.36,0.635,4.5E-02));
#2291 = LINE('',#2292,#2293);
#2292 = CARTESIAN_POINT('',(-0.36,0.365,4.5E-02));
#2293 = VECTOR('',#2294,1.);
#2294 = DIRECTION('',(4.440892098501E-16,-1.,-2.22044604925E-16));
#2295 = ORIENTED_EDGE('',*,*,#2296,.F.);
#2296 = EDGE_CURVE('',#2297,#2289,#2299,.T.);
#2297 = VERTEX_POINT('',#2298);
#2298 = CARTESIAN_POINT('',(-0.593759601423,0.635,4.5E-02));
#2299 = LINE('',#2300,#2301);
#2300 = CARTESIAN_POINT('',(-0.36,0.635,4.5E-02));
#2301 = VECTOR('',#2302,1.);
#2302 = DIRECTION('',(1.,4.440892098501E-16,-2.22044604925E-16));
#2303 = ORIENTED_EDGE('',*,*,#2304,.F.);
#2304 = EDGE_CURVE('',#2305,#2297,#2307,.T.);
#2305 = VERTEX_POINT('',#2306);
#2306 = CARTESIAN_POINT('',(-0.608940672324,0.608705613886,4.5E-02));
#2307 = LINE('',#2308,#2309);
#2308 = CARTESIAN_POINT('',(-0.593759601423,0.635,4.5E-02));
#2309 = VECTOR('',#2310,1.);
#2310 = DIRECTION('',(0.5,0.866025403784,8.127396617584E-17));
#2311 = ORIENTED_EDGE('',*,*,#2312,.F.);
#2312 = EDGE_CURVE('',#2313,#2305,#2315,.T.);
#2313 = VERTEX_POINT('',#2314);
#2314 = CARTESIAN_POINT('',(-0.65,0.585,4.5E-02));
#2315 = LINE('',#2316,#2317);
#2316 = CARTESIAN_POINT('',(-0.608940672324,0.608705613886,4.5E-02));
#2317 = VECTOR('',#2318,1.);
#2318 = DIRECTION('',(0.866025403784,0.5,-8.127396617584E-17));
#2319 = ORIENTED_EDGE('',*,*,#2320,.F.);
#2320 = EDGE_CURVE('',#2321,#2313,#2323,.T.);
#2321 = VERTEX_POINT('',#2322);
#2322 = CARTESIAN_POINT('',(-0.75,0.585,4.5E-02));
#2323 = LINE('',#2324,#2325);
#2324 = CARTESIAN_POINT('',(-0.65,0.585,4.5E-02));
#2325 = VECTOR('',#2326,1.);
#2326 = DIRECTION('',(1.,-6.401129626354E-16,-2.22044604925E-16));
#2327 = ORIENTED_EDGE('',*,*,#2328,.F.);
#2328 = EDGE_CURVE('',#2329,#2321,#2331,.T.);
#2329 = VERTEX_POINT('',#2330);
#2330 = CARTESIAN_POINT('',(-0.75,0.415,4.5E-02));
#2331 = LINE('',#2332,#2333);
#2332 = CARTESIAN_POINT('',(-0.75,0.585,4.5E-02));
#2333 = VECTOR('',#2334,1.);
#2334 = DIRECTION('',(-4.440892098501E-16,1.,2.22044604925E-16));
#2335 = ORIENTED_EDGE('',*,*,#2336,.F.);
#2336 = EDGE_CURVE('',#2265,#2329,#2337,.T.);
#2337 = LINE('',#2338,#2339);
#2338 = CARTESIAN_POINT('',(-0.65,0.415,4.5E-02));
#2339 = VECTOR('',#2340,1.);
#2340 = DIRECTION('',(-1.,-1.528291382336E-15,2.22044604925E-16));
#2341 = PLANE('',#2342);
#2342 = AXIS2_PLACEMENT_3D('',#2343,#2344,#2345);
#2343 = CARTESIAN_POINT('',(-3.219646771413E-17,3.219646771413E-17,
    4.5E-02));
#2344 = DIRECTION('',(2.22044604925E-16,-2.22044604925E-16,1.));
#2345 = DIRECTION('',(1.,4.440892098501E-16,-2.22044604925E-16));
#2346 = ADVANCED_FACE('',(#2347),#2429,.F.);
#2347 = FACE_BOUND('',#2348,.T.);
#2348 = EDGE_LOOP('',(#2349,#2359,#2367,#2375,#2383,#2391,#2399,#2407,
    #2415,#2423));
#2349 = ORIENTED_EDGE('',*,*,#2350,.T.);
#2350 = EDGE_CURVE('',#2351,#2353,#2355,.T.);
#2351 = VERTEX_POINT('',#2352);
#2352 = CARTESIAN_POINT('',(-0.608940672324,0.391294386114,-3.5E-02));
#2353 = VERTEX_POINT('',#2354);
#2354 = CARTESIAN_POINT('',(-0.65,0.415,-3.5E-02));
#2355 = LINE('',#2356,#2357);
#2356 = CARTESIAN_POINT('',(-0.608940672324,0.391294386114,-3.5E-02));
#2357 = VECTOR('',#2358,1.);
#2358 = DIRECTION('',(-0.866025403784,0.5,3.033185711009E-16));
#2359 = ORIENTED_EDGE('',*,*,#2360,.T.);
#2360 = EDGE_CURVE('',#2353,#2361,#2363,.T.);
#2361 = VERTEX_POINT('',#2362);
#2362 = CARTESIAN_POINT('',(-0.75,0.415,-3.5E-02));
#2363 = LINE('',#2364,#2365);
#2364 = CARTESIAN_POINT('',(-0.65,0.415,-3.5E-02));
#2365 = VECTOR('',#2366,1.);
#2366 = DIRECTION('',(-1.,-1.528291382336E-15,2.22044604925E-16));
#2367 = ORIENTED_EDGE('',*,*,#2368,.T.);
#2368 = EDGE_CURVE('',#2361,#2369,#2371,.T.);
#2369 = VERTEX_POINT('',#2370);
#2370 = CARTESIAN_POINT('',(-0.75,0.585,-3.5E-02));
#2371 = LINE('',#2372,#2373);
#2372 = CARTESIAN_POINT('',(-0.75,0.585,-3.5E-02));
#2373 = VECTOR('',#2374,1.);
#2374 = DIRECTION('',(-4.440892098501E-16,1.,2.22044604925E-16));
#2375 = ORIENTED_EDGE('',*,*,#2376,.T.);
#2376 = EDGE_CURVE('',#2369,#2377,#2379,.T.);
#2377 = VERTEX_POINT('',#2378);
#2378 = CARTESIAN_POINT('',(-0.65,0.585,-3.5E-02));
#2379 = LINE('',#2380,#2381);
#2380 = CARTESIAN_POINT('',(-0.65,0.585,-3.5E-02));
#2381 = VECTOR('',#2382,1.);
#2382 = DIRECTION('',(1.,-6.401129626354E-16,-2.22044604925E-16));
#2383 = ORIENTED_EDGE('',*,*,#2384,.T.);
#2384 = EDGE_CURVE('',#2377,#2385,#2387,.T.);
#2385 = VERTEX_POINT('',#2386);
#2386 = CARTESIAN_POINT('',(-0.608940672324,0.608705613886,-3.5E-02));
#2387 = LINE('',#2388,#2389);
#2388 = CARTESIAN_POINT('',(-0.608940672324,0.608705613886,-3.5E-02));
#2389 = VECTOR('',#2390,1.);
#2390 = DIRECTION('',(0.866025403784,0.5,-8.127396617584E-17));
#2391 = ORIENTED_EDGE('',*,*,#2392,.T.);
#2392 = EDGE_CURVE('',#2385,#2393,#2395,.T.);
#2393 = VERTEX_POINT('',#2394);
#2394 = CARTESIAN_POINT('',(-0.593759601423,0.635,-3.5E-02));
#2395 = LINE('',#2396,#2397);
#2396 = CARTESIAN_POINT('',(-0.593759601423,0.635,-3.5E-02));
#2397 = VECTOR('',#2398,1.);
#2398 = DIRECTION('',(0.5,0.866025403784,8.127396617584E-17));
#2399 = ORIENTED_EDGE('',*,*,#2400,.T.);
#2400 = EDGE_CURVE('',#2393,#2401,#2403,.T.);
#2401 = VERTEX_POINT('',#2402);
#2402 = CARTESIAN_POINT('',(-0.36,0.635,-3.5E-02));
#2403 = LINE('',#2404,#2405);
#2404 = CARTESIAN_POINT('',(-0.36,0.635,-3.5E-02));
#2405 = VECTOR('',#2406,1.);
#2406 = DIRECTION('',(1.,4.440892098501E-16,-2.22044604925E-16));
#2407 = ORIENTED_EDGE('',*,*,#2408,.T.);
#2408 = EDGE_CURVE('',#2401,#2409,#2411,.T.);
#2409 = VERTEX_POINT('',#2410);
#2410 = CARTESIAN_POINT('',(-0.36,0.365,-3.5E-02));
#2411 = LINE('',#2412,#2413);
#2412 = CARTESIAN_POINT('',(-0.36,0.365,-3.5E-02));
#2413 = VECTOR('',#2414,1.);
#2414 = DIRECTION('',(4.440892098501E-16,-1.,-2.22044604925E-16));
#2415 = ORIENTED_EDGE('',*,*,#2416,.T.);
#2416 = EDGE_CURVE('',#2409,#2417,#2419,.T.);
#2417 = VERTEX_POINT('',#2418);
#2418 = CARTESIAN_POINT('',(-0.593759601423,0.365,-3.5E-02));
#2419 = LINE('',#2420,#2421);
#2420 = CARTESIAN_POINT('',(-0.36,0.365,-3.5E-02));
#2421 = VECTOR('',#2422,1.);
#2422 = DIRECTION('',(-1.,-4.440892098501E-16,2.22044604925E-16));
#2423 = ORIENTED_EDGE('',*,*,#2424,.T.);
#2424 = EDGE_CURVE('',#2417,#2351,#2425,.T.);
#2425 = LINE('',#2426,#2427);
#2426 = CARTESIAN_POINT('',(-0.593759601423,0.365,-3.5E-02));
#2427 = VECTOR('',#2428,1.);
#2428 = DIRECTION('',(-0.5,0.866025403784,3.033185711009E-16));
#2429 = PLANE('',#2430);
#2430 = AXIS2_PLACEMENT_3D('',#2431,#2432,#2433);
#2431 = CARTESIAN_POINT('',(-4.996003610813E-17,4.996003610813E-17,
    -3.5E-02));
#2432 = DIRECTION('',(2.22044604925E-16,-2.22044604925E-16,1.));
#2433 = DIRECTION('',(1.,4.440892098501E-16,-2.22044604925E-16));
#2434 = ADVANCED_FACE('',(#2435),#2451,.T.);
#2435 = FACE_BOUND('',#2436,.T.);
#2436 = EDGE_LOOP('',(#2437,#2443,#2444,#2450));
#2437 = ORIENTED_EDGE('',*,*,#2438,.F.);
#2438 = EDGE_CURVE('',#2265,#2353,#2439,.T.);
#2439 = LINE('',#2440,#2441);
#2440 = CARTESIAN_POINT('',(-0.65,0.415,0.519341649025));
#2441 = VECTOR('',#2442,1.);
#2442 = DIRECTION('',(-2.22044604925E-16,2.22044604925E-16,-1.));
#2443 = ORIENTED_EDGE('',*,*,#2336,.T.);
#2444 = ORIENTED_EDGE('',*,*,#2445,.T.);
#2445 = EDGE_CURVE('',#2329,#2361,#2446,.T.);
#2446 = LINE('',#2447,#2448);
#2447 = CARTESIAN_POINT('',(-0.75,0.415,0.519341649025));
#2448 = VECTOR('',#2449,1.);
#2449 = DIRECTION('',(-2.22044604925E-16,2.22044604925E-16,-1.));
#2450 = ORIENTED_EDGE('',*,*,#2360,.F.);
#2451 = PLANE('',#2452);
#2452 = AXIS2_PLACEMENT_3D('',#2453,#2454,#2455);
#2453 = CARTESIAN_POINT('',(-0.65,0.415,0.519341649025));
#2454 = DIRECTION('',(1.528291382336E-15,-1.,-2.22044604925E-16));
#2455 = DIRECTION('',(1.,1.528291382336E-15,-2.22044604925E-16));
#2456 = ADVANCED_FACE('',(#2457),#2468,.T.);
#2457 = FACE_BOUND('',#2458,.T.);
#2458 = EDGE_LOOP('',(#2459,#2460,#2461,#2467));
#2459 = ORIENTED_EDGE('',*,*,#2445,.F.);
#2460 = ORIENTED_EDGE('',*,*,#2328,.T.);
#2461 = ORIENTED_EDGE('',*,*,#2462,.T.);
#2462 = EDGE_CURVE('',#2321,#2369,#2463,.T.);
#2463 = LINE('',#2464,#2465);
#2464 = CARTESIAN_POINT('',(-0.75,0.585,0.519341649025));
#2465 = VECTOR('',#2466,1.);
#2466 = DIRECTION('',(-2.22044604925E-16,2.22044604925E-16,-1.));
#2467 = ORIENTED_EDGE('',*,*,#2368,.F.);
#2468 = PLANE('',#2469);
#2469 = AXIS2_PLACEMENT_3D('',#2470,#2471,#2472);
#2470 = CARTESIAN_POINT('',(-0.75,0.585,0.519341649025));
#2471 = DIRECTION('',(-1.,-4.440892098501E-16,2.22044604925E-16));
#2472 = DIRECTION('',(4.440892098501E-16,-1.,-2.22044604925E-16));
#2473 = ADVANCED_FACE('',(#2474),#2485,.T.);
#2474 = FACE_BOUND('',#2475,.T.);
#2475 = EDGE_LOOP('',(#2476,#2477,#2478,#2484));
#2476 = ORIENTED_EDGE('',*,*,#2462,.F.);
#2477 = ORIENTED_EDGE('',*,*,#2320,.T.);
#2478 = ORIENTED_EDGE('',*,*,#2479,.T.);
#2479 = EDGE_CURVE('',#2313,#2377,#2480,.T.);
#2480 = LINE('',#2481,#2482);
#2481 = CARTESIAN_POINT('',(-0.65,0.585,0.519341649025));
#2482 = VECTOR('',#2483,1.);
#2483 = DIRECTION('',(-2.22044604925E-16,2.22044604925E-16,-1.));
#2484 = ORIENTED_EDGE('',*,*,#2376,.F.);
#2485 = PLANE('',#2486);
#2486 = AXIS2_PLACEMENT_3D('',#2487,#2488,#2489);
#2487 = CARTESIAN_POINT('',(-0.65,0.585,0.519341649025));
#2488 = DIRECTION('',(6.401129626354E-16,1.,2.22044604925E-16));
#2489 = DIRECTION('',(-1.,6.401129626354E-16,2.22044604925E-16));
#2490 = ADVANCED_FACE('',(#2491),#2502,.T.);
#2491 = FACE_BOUND('',#2492,.T.);
#2492 = EDGE_LOOP('',(#2493,#2494,#2495,#2501));
#2493 = ORIENTED_EDGE('',*,*,#2479,.F.);
#2494 = ORIENTED_EDGE('',*,*,#2312,.T.);
#2495 = ORIENTED_EDGE('',*,*,#2496,.T.);
#2496 = EDGE_CURVE('',#2305,#2385,#2497,.T.);
#2497 = LINE('',#2498,#2499);
#2498 = CARTESIAN_POINT('',(-0.608940672324,0.608705613886,
    0.519341649025));
#2499 = VECTOR('',#2500,1.);
#2500 = DIRECTION('',(-2.22044604925E-16,2.22044604925E-16,-1.));
#2501 = ORIENTED_EDGE('',*,*,#2384,.F.);
#2502 = PLANE('',#2503);
#2503 = AXIS2_PLACEMENT_3D('',#2504,#2505,#2506);
#2504 = CARTESIAN_POINT('',(-0.608940672324,0.608705613886,
    0.519341649025));
#2505 = DIRECTION('',(-0.5,0.866025403784,3.033185711009E-16));
#2506 = DIRECTION('',(-0.866025403784,-0.5,8.127396617584E-17));
#2507 = ADVANCED_FACE('',(#2508),#2519,.T.);
#2508 = FACE_BOUND('',#2509,.T.);
#2509 = EDGE_LOOP('',(#2510,#2511,#2512,#2518));
#2510 = ORIENTED_EDGE('',*,*,#2496,.F.);
#2511 = ORIENTED_EDGE('',*,*,#2304,.T.);
#2512 = ORIENTED_EDGE('',*,*,#2513,.T.);
#2513 = EDGE_CURVE('',#2297,#2393,#2514,.T.);
#2514 = LINE('',#2515,#2516);
#2515 = CARTESIAN_POINT('',(-0.593759601423,0.635,0.519341649025));
#2516 = VECTOR('',#2517,1.);
#2517 = DIRECTION('',(-2.22044604925E-16,2.22044604925E-16,-1.));
#2518 = ORIENTED_EDGE('',*,*,#2392,.F.);
#2519 = PLANE('',#2520);
#2520 = AXIS2_PLACEMENT_3D('',#2521,#2522,#2523);
#2521 = CARTESIAN_POINT('',(-0.593759601423,0.635,0.519341649025));
#2522 = DIRECTION('',(-0.866025403784,0.5,3.033185711009E-16));
#2523 = DIRECTION('',(-0.5,-0.866025403784,-8.127396617584E-17));
#2524 = ADVANCED_FACE('',(#2525),#2536,.T.);
#2525 = FACE_BOUND('',#2526,.T.);
#2526 = EDGE_LOOP('',(#2527,#2528,#2529,#2535));
#2527 = ORIENTED_EDGE('',*,*,#2513,.F.);
#2528 = ORIENTED_EDGE('',*,*,#2296,.T.);
#2529 = ORIENTED_EDGE('',*,*,#2530,.T.);
#2530 = EDGE_CURVE('',#2289,#2401,#2531,.T.);
#2531 = LINE('',#2532,#2533);
#2532 = CARTESIAN_POINT('',(-0.36,0.635,0.519341649025));
#2533 = VECTOR('',#2534,1.);
#2534 = DIRECTION('',(-2.22044604925E-16,2.22044604925E-16,-1.));
#2535 = ORIENTED_EDGE('',*,*,#2400,.F.);
#2536 = PLANE('',#2537);
#2537 = AXIS2_PLACEMENT_3D('',#2538,#2539,#2540);
#2538 = CARTESIAN_POINT('',(-0.36,0.635,0.519341649025));
#2539 = DIRECTION('',(-4.440892098501E-16,1.,2.22044604925E-16));
#2540 = DIRECTION('',(-1.,-4.440892098501E-16,2.22044604925E-16));
#2541 = ADVANCED_FACE('',(#2542),#2553,.T.);
#2542 = FACE_BOUND('',#2543,.T.);
#2543 = EDGE_LOOP('',(#2544,#2545,#2546,#2552));
#2544 = ORIENTED_EDGE('',*,*,#2530,.F.);
#2545 = ORIENTED_EDGE('',*,*,#2288,.T.);
#2546 = ORIENTED_EDGE('',*,*,#2547,.T.);
#2547 = EDGE_CURVE('',#2281,#2409,#2548,.T.);
#2548 = LINE('',#2549,#2550);
#2549 = CARTESIAN_POINT('',(-0.36,0.365,0.519341649025));
#2550 = VECTOR('',#2551,1.);
#2551 = DIRECTION('',(-2.22044604925E-16,2.22044604925E-16,-1.));
#2552 = ORIENTED_EDGE('',*,*,#2408,.F.);
#2553 = PLANE('',#2554);
#2554 = AXIS2_PLACEMENT_3D('',#2555,#2556,#2557);
#2555 = CARTESIAN_POINT('',(-0.36,0.365,0.519341649025));
#2556 = DIRECTION('',(1.,4.440892098501E-16,-2.22044604925E-16));
#2557 = DIRECTION('',(-4.440892098501E-16,1.,2.22044604925E-16));
#2558 = ADVANCED_FACE('',(#2559),#2570,.T.);
#2559 = FACE_BOUND('',#2560,.T.);
#2560 = EDGE_LOOP('',(#2561,#2562,#2563,#2569));
#2561 = ORIENTED_EDGE('',*,*,#2547,.F.);
#2562 = ORIENTED_EDGE('',*,*,#2280,.T.);
#2563 = ORIENTED_EDGE('',*,*,#2564,.T.);
#2564 = EDGE_CURVE('',#2273,#2417,#2565,.T.);
#2565 = LINE('',#2566,#2567);
#2566 = CARTESIAN_POINT('',(-0.593759601423,0.365,0.519341649025));
#2567 = VECTOR('',#2568,1.);
#2568 = DIRECTION('',(-2.22044604925E-16,2.22044604925E-16,-1.));
#2569 = ORIENTED_EDGE('',*,*,#2416,.F.);
#2570 = PLANE('',#2571);
#2571 = AXIS2_PLACEMENT_3D('',#2572,#2573,#2574);
#2572 = CARTESIAN_POINT('',(-0.36,0.365,0.519341649025));
#2573 = DIRECTION('',(4.440892098501E-16,-1.,-2.22044604925E-16));
#2574 = DIRECTION('',(1.,4.440892098501E-16,-2.22044604925E-16));
#2575 = ADVANCED_FACE('',(#2576),#2587,.T.);
#2576 = FACE_BOUND('',#2577,.T.);
#2577 = EDGE_LOOP('',(#2578,#2579,#2580,#2586));
#2578 = ORIENTED_EDGE('',*,*,#2564,.F.);
#2579 = ORIENTED_EDGE('',*,*,#2272,.T.);
#2580 = ORIENTED_EDGE('',*,*,#2581,.T.);
#2581 = EDGE_CURVE('',#2263,#2351,#2582,.T.);
#2582 = LINE('',#2583,#2584);
#2583 = CARTESIAN_POINT('',(-0.608940672324,0.391294386114,
    0.519341649025));
#2584 = VECTOR('',#2585,1.);
#2585 = DIRECTION('',(-2.22044604925E-16,2.22044604925E-16,-1.));
#2586 = ORIENTED_EDGE('',*,*,#2424,.F.);
#2587 = PLANE('',#2588);
#2588 = AXIS2_PLACEMENT_3D('',#2589,#2590,#2591);
#2589 = CARTESIAN_POINT('',(-0.593759601423,0.365,0.519341649025));
#2590 = DIRECTION('',(-0.866025403784,-0.5,8.127396617584E-17));
#2591 = DIRECTION('',(0.5,-0.866025403784,-3.033185711009E-16));
#2592 = ADVANCED_FACE('',(#2593),#2599,.T.);
#2593 = FACE_BOUND('',#2594,.T.);
#2594 = EDGE_LOOP('',(#2595,#2596,#2597,#2598));
#2595 = ORIENTED_EDGE('',*,*,#2581,.F.);
#2596 = ORIENTED_EDGE('',*,*,#2262,.T.);
#2597 = ORIENTED_EDGE('',*,*,#2438,.T.);
#2598 = ORIENTED_EDGE('',*,*,#2350,.F.);
#2599 = PLANE('',#2600);
#2600 = AXIS2_PLACEMENT_3D('',#2601,#2602,#2603);
#2601 = CARTESIAN_POINT('',(-0.608940672324,0.391294386114,
    0.519341649025));
#2602 = DIRECTION('',(-0.5,-0.866025403784,-8.127396617584E-17));
#2603 = DIRECTION('',(0.866025403784,-0.5,-3.033185711009E-16));
#2604 = MANIFOLD_SOLID_BREP('',#2605);
#2605 = CLOSED_SHELL('',(#2606,#2694,#2782,#2804,#2821,#2838,#2855,#2872
    ,#2889,#2906,#2923,#2940));
#2606 = ADVANCED_FACE('',(#2607),#2689,.T.);
#2607 = FACE_BOUND('',#2608,.T.);
#2608 = EDGE_LOOP('',(#2609,#2619,#2627,#2635,#2643,#2651,#2659,#2667,
    #2675,#2683));
#2609 = ORIENTED_EDGE('',*,*,#2610,.F.);
#2610 = EDGE_CURVE('',#2611,#2613,#2615,.T.);
#2611 = VERTEX_POINT('',#2612);
#2612 = CARTESIAN_POINT('',(0.593759601423,0.365,4.5E-02));
#2613 = VERTEX_POINT('',#2614);
#2614 = CARTESIAN_POINT('',(0.36,0.365,4.5E-02));
#2615 = LINE('',#2616,#2617);
#2616 = CARTESIAN_POINT('',(0.36,0.365,4.5E-02));
#2617 = VECTOR('',#2618,1.);
#2618 = DIRECTION('',(-1.,-9.078999649522E-16,2.22044604925E-16));
#2619 = ORIENTED_EDGE('',*,*,#2620,.F.);
#2620 = EDGE_CURVE('',#2621,#2611,#2623,.T.);
#2621 = VERTEX_POINT('',#2622);
#2622 = CARTESIAN_POINT('',(0.608940672324,0.391294386114,4.5E-02));
#2623 = LINE('',#2624,#2625);
#2624 = CARTESIAN_POINT('',(0.593759601423,0.365,4.5E-02));
#2625 = VECTOR('',#2626,1.);
#2626 = DIRECTION('',(-0.5,-0.866025403784,-8.127396617584E-17));
#2627 = ORIENTED_EDGE('',*,*,#2628,.F.);
#2628 = EDGE_CURVE('',#2629,#2621,#2631,.T.);
#2629 = VERTEX_POINT('',#2630);
#2630 = CARTESIAN_POINT('',(0.65,0.415,4.5E-02));
#2631 = LINE('',#2632,#2633);
#2632 = CARTESIAN_POINT('',(0.608940672324,0.391294386114,4.5E-02));
#2633 = VECTOR('',#2634,1.);
#2634 = DIRECTION('',(-0.866025403784,-0.5,8.127396617584E-17));
#2635 = ORIENTED_EDGE('',*,*,#2636,.F.);
#2636 = EDGE_CURVE('',#2637,#2629,#2639,.T.);
#2637 = VERTEX_POINT('',#2638);
#2638 = CARTESIAN_POINT('',(0.75,0.415,4.5E-02));
#2639 = LINE('',#2640,#2641);
#2640 = CARTESIAN_POINT('',(0.65,0.415,4.5E-02));
#2641 = VECTOR('',#2642,1.);
#2642 = DIRECTION('',(-1.,-4.440892098501E-16,2.22044604925E-16));
#2643 = ORIENTED_EDGE('',*,*,#2644,.F.);
#2644 = EDGE_CURVE('',#2645,#2637,#2647,.T.);
#2645 = VERTEX_POINT('',#2646);
#2646 = CARTESIAN_POINT('',(0.75,0.585,4.5E-02));
#2647 = LINE('',#2648,#2649);
#2648 = CARTESIAN_POINT('',(0.75,0.585,4.5E-02));
#2649 = VECTOR('',#2650,1.);
#2650 = DIRECTION('',(1.71962117748E-15,-1.,-2.22044604925E-16));
#2651 = ORIENTED_EDGE('',*,*,#2652,.F.);
#2652 = EDGE_CURVE('',#2653,#2645,#2655,.T.);
#2653 = VERTEX_POINT('',#2654);
#2654 = CARTESIAN_POINT('',(0.65,0.585,4.5E-02));
#2655 = LINE('',#2656,#2657);
#2656 = CARTESIAN_POINT('',(0.65,0.585,4.5E-02));
#2657 = VECTOR('',#2658,1.);
#2658 = DIRECTION('',(1.,1.528291382336E-15,-2.22044604925E-16));
#2659 = ORIENTED_EDGE('',*,*,#2660,.F.);
#2660 = EDGE_CURVE('',#2661,#2653,#2663,.T.);
#2661 = VERTEX_POINT('',#2662);
#2662 = CARTESIAN_POINT('',(0.608940672324,0.608705613886,4.5E-02));
#2663 = LINE('',#2664,#2665);
#2664 = CARTESIAN_POINT('',(0.608940672324,0.608705613886,4.5E-02));
#2665 = VECTOR('',#2666,1.);
#2666 = DIRECTION('',(0.866025403784,-0.5,-3.033185711009E-16));
#2667 = ORIENTED_EDGE('',*,*,#2668,.F.);
#2668 = EDGE_CURVE('',#2669,#2661,#2671,.T.);
#2669 = VERTEX_POINT('',#2670);
#2670 = CARTESIAN_POINT('',(0.593759601423,0.635,4.5E-02));
#2671 = LINE('',#2672,#2673);
#2672 = CARTESIAN_POINT('',(0.593759601423,0.635,4.5E-02));
#2673 = VECTOR('',#2674,1.);
#2674 = DIRECTION('',(0.5,-0.866025403784,-3.033185711009E-16));
#2675 = ORIENTED_EDGE('',*,*,#2676,.F.);
#2676 = EDGE_CURVE('',#2677,#2669,#2679,.T.);
#2677 = VERTEX_POINT('',#2678);
#2678 = CARTESIAN_POINT('',(0.36,0.635,4.5E-02));
#2679 = LINE('',#2680,#2681);
#2680 = CARTESIAN_POINT('',(0.36,0.635,4.5E-02));
#2681 = VECTOR('',#2682,1.);
#2682 = DIRECTION('',(1.,1.371710720054E-15,-2.22044604925E-16));
#2683 = ORIENTED_EDGE('',*,*,#2684,.F.);
#2684 = EDGE_CURVE('',#2613,#2677,#2685,.T.);
#2685 = LINE('',#2686,#2687);
#2686 = CARTESIAN_POINT('',(0.36,0.365,4.5E-02));
#2687 = VECTOR('',#2688,1.);
#2688 = DIRECTION('',(-8.456455700299E-16,1.,2.22044604925E-16));
#2689 = PLANE('',#2690);
#2690 = AXIS2_PLACEMENT_3D('',#2691,#2692,#2693);
#2691 = CARTESIAN_POINT('',(-3.219646771413E-17,3.219646771413E-17,
    4.5E-02));
#2692 = DIRECTION('',(2.22044604925E-16,-2.22044604925E-16,1.));
#2693 = DIRECTION('',(1.,4.440892098501E-16,-2.22044604925E-16));
#2694 = ADVANCED_FACE('',(#2695),#2777,.T.);
#2695 = FACE_BOUND('',#2696,.T.);
#2696 = EDGE_LOOP('',(#2697,#2707,#2715,#2723,#2731,#2739,#2747,#2755,
    #2763,#2771));
#2697 = ORIENTED_EDGE('',*,*,#2698,.T.);
#2698 = EDGE_CURVE('',#2699,#2701,#2703,.T.);
#2699 = VERTEX_POINT('',#2700);
#2700 = CARTESIAN_POINT('',(0.593759601423,0.365,-3.5E-02));
#2701 = VERTEX_POINT('',#2702);
#2702 = CARTESIAN_POINT('',(0.36,0.365,-3.5E-02));
#2703 = LINE('',#2704,#2705);
#2704 = CARTESIAN_POINT('',(0.36,0.365,-3.5E-02));
#2705 = VECTOR('',#2706,1.);
#2706 = DIRECTION('',(-1.,-9.078999649522E-16,2.22044604925E-16));
#2707 = ORIENTED_EDGE('',*,*,#2708,.T.);
#2708 = EDGE_CURVE('',#2701,#2709,#2711,.T.);
#2709 = VERTEX_POINT('',#2710);
#2710 = CARTESIAN_POINT('',(0.36,0.635,-3.5E-02));
#2711 = LINE('',#2712,#2713);
#2712 = CARTESIAN_POINT('',(0.36,0.365,-3.5E-02));
#2713 = VECTOR('',#2714,1.);
#2714 = DIRECTION('',(-8.456455700299E-16,1.,2.22044604925E-16));
#2715 = ORIENTED_EDGE('',*,*,#2716,.T.);
#2716 = EDGE_CURVE('',#2709,#2717,#2719,.T.);
#2717 = VERTEX_POINT('',#2718);
#2718 = CARTESIAN_POINT('',(0.593759601423,0.635,-3.5E-02));
#2719 = LINE('',#2720,#2721);
#2720 = CARTESIAN_POINT('',(0.36,0.635,-3.5E-02));
#2721 = VECTOR('',#2722,1.);
#2722 = DIRECTION('',(1.,1.371710720054E-15,-2.22044604925E-16));
#2723 = ORIENTED_EDGE('',*,*,#2724,.T.);
#2724 = EDGE_CURVE('',#2717,#2725,#2727,.T.);
#2725 = VERTEX_POINT('',#2726);
#2726 = CARTESIAN_POINT('',(0.608940672324,0.608705613886,-3.5E-02));
#2727 = LINE('',#2728,#2729);
#2728 = CARTESIAN_POINT('',(0.593759601423,0.635,-3.5E-02));
#2729 = VECTOR('',#2730,1.);
#2730 = DIRECTION('',(0.5,-0.866025403784,-3.033185711009E-16));
#2731 = ORIENTED_EDGE('',*,*,#2732,.T.);
#2732 = EDGE_CURVE('',#2725,#2733,#2735,.T.);
#2733 = VERTEX_POINT('',#2734);
#2734 = CARTESIAN_POINT('',(0.65,0.585,-3.5E-02));
#2735 = LINE('',#2736,#2737);
#2736 = CARTESIAN_POINT('',(0.608940672324,0.608705613886,-3.5E-02));
#2737 = VECTOR('',#2738,1.);
#2738 = DIRECTION('',(0.866025403784,-0.5,-3.033185711009E-16));
#2739 = ORIENTED_EDGE('',*,*,#2740,.T.);
#2740 = EDGE_CURVE('',#2733,#2741,#2743,.T.);
#2741 = VERTEX_POINT('',#2742);
#2742 = CARTESIAN_POINT('',(0.75,0.585,-3.5E-02));
#2743 = LINE('',#2744,#2745);
#2744 = CARTESIAN_POINT('',(0.65,0.585,-3.5E-02));
#2745 = VECTOR('',#2746,1.);
#2746 = DIRECTION('',(1.,1.528291382336E-15,-2.22044604925E-16));
#2747 = ORIENTED_EDGE('',*,*,#2748,.T.);
#2748 = EDGE_CURVE('',#2741,#2749,#2751,.T.);
#2749 = VERTEX_POINT('',#2750);
#2750 = CARTESIAN_POINT('',(0.75,0.415,-3.5E-02));
#2751 = LINE('',#2752,#2753);
#2752 = CARTESIAN_POINT('',(0.75,0.585,-3.5E-02));
#2753 = VECTOR('',#2754,1.);
#2754 = DIRECTION('',(1.71962117748E-15,-1.,-2.22044604925E-16));
#2755 = ORIENTED_EDGE('',*,*,#2756,.T.);
#2756 = EDGE_CURVE('',#2749,#2757,#2759,.T.);
#2757 = VERTEX_POINT('',#2758);
#2758 = CARTESIAN_POINT('',(0.65,0.415,-3.5E-02));
#2759 = LINE('',#2760,#2761);
#2760 = CARTESIAN_POINT('',(0.65,0.415,-3.5E-02));
#2761 = VECTOR('',#2762,1.);
#2762 = DIRECTION('',(-1.,-4.440892098501E-16,2.22044604925E-16));
#2763 = ORIENTED_EDGE('',*,*,#2764,.T.);
#2764 = EDGE_CURVE('',#2757,#2765,#2767,.T.);
#2765 = VERTEX_POINT('',#2766);
#2766 = CARTESIAN_POINT('',(0.608940672324,0.391294386114,-3.5E-02));
#2767 = LINE('',#2768,#2769);
#2768 = CARTESIAN_POINT('',(0.608940672324,0.391294386114,-3.5E-02));
#2769 = VECTOR('',#2770,1.);
#2770 = DIRECTION('',(-0.866025403784,-0.5,8.127396617584E-17));
#2771 = ORIENTED_EDGE('',*,*,#2772,.T.);
#2772 = EDGE_CURVE('',#2765,#2699,#2773,.T.);
#2773 = LINE('',#2774,#2775);
#2774 = CARTESIAN_POINT('',(0.593759601423,0.365,-3.5E-02));
#2775 = VECTOR('',#2776,1.);
#2776 = DIRECTION('',(-0.5,-0.866025403784,-8.127396617584E-17));
#2777 = PLANE('',#2778);
#2778 = AXIS2_PLACEMENT_3D('',#2779,#2780,#2781);
#2779 = CARTESIAN_POINT('',(-4.996003610813E-17,4.996003610813E-17,
    -3.5E-02));
#2780 = DIRECTION('',(-2.22044604925E-16,2.22044604925E-16,-1.));
#2781 = DIRECTION('',(-1.,-4.440892098501E-16,2.22044604925E-16));
#2782 = ADVANCED_FACE('',(#2783),#2799,.T.);
#2783 = FACE_BOUND('',#2784,.T.);
#2784 = EDGE_LOOP('',(#2785,#2791,#2792,#2798));
#2785 = ORIENTED_EDGE('',*,*,#2786,.F.);
#2786 = EDGE_CURVE('',#2613,#2701,#2787,.T.);
#2787 = LINE('',#2788,#2789);
#2788 = CARTESIAN_POINT('',(0.36,0.365,0.519341649025));
#2789 = VECTOR('',#2790,1.);
#2790 = DIRECTION('',(-2.22044604925E-16,2.22044604925E-16,-1.));
#2791 = ORIENTED_EDGE('',*,*,#2684,.T.);
#2792 = ORIENTED_EDGE('',*,*,#2793,.T.);
#2793 = EDGE_CURVE('',#2677,#2709,#2794,.T.);
#2794 = LINE('',#2795,#2796);
#2795 = CARTESIAN_POINT('',(0.36,0.635,0.519341649025));
#2796 = VECTOR('',#2797,1.);
#2797 = DIRECTION('',(-2.22044604925E-16,2.22044604925E-16,-1.));
#2798 = ORIENTED_EDGE('',*,*,#2708,.F.);
#2799 = PLANE('',#2800);
#2800 = AXIS2_PLACEMENT_3D('',#2801,#2802,#2803);
#2801 = CARTESIAN_POINT('',(0.36,0.365,0.519341649025));
#2802 = DIRECTION('',(-1.,-8.456455700299E-16,2.22044604925E-16));
#2803 = DIRECTION('',(8.456455700299E-16,-1.,-2.22044604925E-16));
#2804 = ADVANCED_FACE('',(#2805),#2816,.T.);
#2805 = FACE_BOUND('',#2806,.T.);
#2806 = EDGE_LOOP('',(#2807,#2808,#2809,#2815));
#2807 = ORIENTED_EDGE('',*,*,#2793,.F.);
#2808 = ORIENTED_EDGE('',*,*,#2676,.T.);
#2809 = ORIENTED_EDGE('',*,*,#2810,.T.);
#2810 = EDGE_CURVE('',#2669,#2717,#2811,.T.);
#2811 = LINE('',#2812,#2813);
#2812 = CARTESIAN_POINT('',(0.593759601423,0.635,0.519341649025));
#2813 = VECTOR('',#2814,1.);
#2814 = DIRECTION('',(-2.22044604925E-16,2.22044604925E-16,-1.));
#2815 = ORIENTED_EDGE('',*,*,#2716,.F.);
#2816 = PLANE('',#2817);
#2817 = AXIS2_PLACEMENT_3D('',#2818,#2819,#2820);
#2818 = CARTESIAN_POINT('',(0.36,0.635,0.519341649025));
#2819 = DIRECTION('',(-1.371710720054E-15,1.,2.22044604925E-16));
#2820 = DIRECTION('',(-1.,-1.371710720054E-15,2.22044604925E-16));
#2821 = ADVANCED_FACE('',(#2822),#2833,.T.);
#2822 = FACE_BOUND('',#2823,.T.);
#2823 = EDGE_LOOP('',(#2824,#2825,#2826,#2832));
#2824 = ORIENTED_EDGE('',*,*,#2810,.F.);
#2825 = ORIENTED_EDGE('',*,*,#2668,.T.);
#2826 = ORIENTED_EDGE('',*,*,#2827,.T.);
#2827 = EDGE_CURVE('',#2661,#2725,#2828,.T.);
#2828 = LINE('',#2829,#2830);
#2829 = CARTESIAN_POINT('',(0.608940672324,0.608705613886,0.519341649025
    ));
#2830 = VECTOR('',#2831,1.);
#2831 = DIRECTION('',(-2.22044604925E-16,2.22044604925E-16,-1.));
#2832 = ORIENTED_EDGE('',*,*,#2724,.F.);
#2833 = PLANE('',#2834);
#2834 = AXIS2_PLACEMENT_3D('',#2835,#2836,#2837);
#2835 = CARTESIAN_POINT('',(0.593759601423,0.635,0.519341649025));
#2836 = DIRECTION('',(0.866025403784,0.5,-8.127396617584E-17));
#2837 = DIRECTION('',(-0.5,0.866025403784,3.033185711009E-16));
#2838 = ADVANCED_FACE('',(#2839),#2850,.T.);
#2839 = FACE_BOUND('',#2840,.T.);
#2840 = EDGE_LOOP('',(#2841,#2842,#2843,#2849));
#2841 = ORIENTED_EDGE('',*,*,#2827,.F.);
#2842 = ORIENTED_EDGE('',*,*,#2660,.T.);
#2843 = ORIENTED_EDGE('',*,*,#2844,.T.);
#2844 = EDGE_CURVE('',#2653,#2733,#2845,.T.);
#2845 = LINE('',#2846,#2847);
#2846 = CARTESIAN_POINT('',(0.65,0.585,0.519341649025));
#2847 = VECTOR('',#2848,1.);
#2848 = DIRECTION('',(-2.22044604925E-16,2.22044604925E-16,-1.));
#2849 = ORIENTED_EDGE('',*,*,#2732,.F.);
#2850 = PLANE('',#2851);
#2851 = AXIS2_PLACEMENT_3D('',#2852,#2853,#2854);
#2852 = CARTESIAN_POINT('',(0.608940672324,0.608705613886,0.519341649025
    ));
#2853 = DIRECTION('',(0.5,0.866025403784,8.127396617584E-17));
#2854 = DIRECTION('',(-0.866025403784,0.5,3.033185711009E-16));
#2855 = ADVANCED_FACE('',(#2856),#2867,.T.);
#2856 = FACE_BOUND('',#2857,.T.);
#2857 = EDGE_LOOP('',(#2858,#2859,#2860,#2866));
#2858 = ORIENTED_EDGE('',*,*,#2844,.F.);
#2859 = ORIENTED_EDGE('',*,*,#2652,.T.);
#2860 = ORIENTED_EDGE('',*,*,#2861,.T.);
#2861 = EDGE_CURVE('',#2645,#2741,#2862,.T.);
#2862 = LINE('',#2863,#2864);
#2863 = CARTESIAN_POINT('',(0.75,0.585,0.519341649025));
#2864 = VECTOR('',#2865,1.);
#2865 = DIRECTION('',(-2.22044604925E-16,2.22044604925E-16,-1.));
#2866 = ORIENTED_EDGE('',*,*,#2740,.F.);
#2867 = PLANE('',#2868);
#2868 = AXIS2_PLACEMENT_3D('',#2869,#2870,#2871);
#2869 = CARTESIAN_POINT('',(0.65,0.585,0.519341649025));
#2870 = DIRECTION('',(-1.528291382336E-15,1.,2.22044604925E-16));
#2871 = DIRECTION('',(-1.,-1.528291382336E-15,2.22044604925E-16));
#2872 = ADVANCED_FACE('',(#2873),#2884,.T.);
#2873 = FACE_BOUND('',#2874,.T.);
#2874 = EDGE_LOOP('',(#2875,#2876,#2877,#2883));
#2875 = ORIENTED_EDGE('',*,*,#2861,.F.);
#2876 = ORIENTED_EDGE('',*,*,#2644,.T.);
#2877 = ORIENTED_EDGE('',*,*,#2878,.T.);
#2878 = EDGE_CURVE('',#2637,#2749,#2879,.T.);
#2879 = LINE('',#2880,#2881);
#2880 = CARTESIAN_POINT('',(0.75,0.415,0.519341649025));
#2881 = VECTOR('',#2882,1.);
#2882 = DIRECTION('',(-2.22044604925E-16,2.22044604925E-16,-1.));
#2883 = ORIENTED_EDGE('',*,*,#2748,.F.);
#2884 = PLANE('',#2885);
#2885 = AXIS2_PLACEMENT_3D('',#2886,#2887,#2888);
#2886 = CARTESIAN_POINT('',(0.75,0.585,0.519341649025));
#2887 = DIRECTION('',(1.,1.71962117748E-15,-2.22044604925E-16));
#2888 = DIRECTION('',(-1.71962117748E-15,1.,2.22044604925E-16));
#2889 = ADVANCED_FACE('',(#2890),#2901,.T.);
#2890 = FACE_BOUND('',#2891,.T.);
#2891 = EDGE_LOOP('',(#2892,#2893,#2894,#2900));
#2892 = ORIENTED_EDGE('',*,*,#2878,.F.);
#2893 = ORIENTED_EDGE('',*,*,#2636,.T.);
#2894 = ORIENTED_EDGE('',*,*,#2895,.T.);
#2895 = EDGE_CURVE('',#2629,#2757,#2896,.T.);
#2896 = LINE('',#2897,#2898);
#2897 = CARTESIAN_POINT('',(0.65,0.415,0.519341649025));
#2898 = VECTOR('',#2899,1.);
#2899 = DIRECTION('',(-2.22044604925E-16,2.22044604925E-16,-1.));
#2900 = ORIENTED_EDGE('',*,*,#2756,.F.);
#2901 = PLANE('',#2902);
#2902 = AXIS2_PLACEMENT_3D('',#2903,#2904,#2905);
#2903 = CARTESIAN_POINT('',(0.65,0.415,0.519341649025));
#2904 = DIRECTION('',(4.440892098501E-16,-1.,-2.22044604925E-16));
#2905 = DIRECTION('',(1.,4.440892098501E-16,-2.22044604925E-16));
#2906 = ADVANCED_FACE('',(#2907),#2918,.T.);
#2907 = FACE_BOUND('',#2908,.T.);
#2908 = EDGE_LOOP('',(#2909,#2910,#2911,#2917));
#2909 = ORIENTED_EDGE('',*,*,#2895,.F.);
#2910 = ORIENTED_EDGE('',*,*,#2628,.T.);
#2911 = ORIENTED_EDGE('',*,*,#2912,.T.);
#2912 = EDGE_CURVE('',#2621,#2765,#2913,.T.);
#2913 = LINE('',#2914,#2915);
#2914 = CARTESIAN_POINT('',(0.608940672324,0.391294386114,0.519341649025
    ));
#2915 = VECTOR('',#2916,1.);
#2916 = DIRECTION('',(-2.22044604925E-16,2.22044604925E-16,-1.));
#2917 = ORIENTED_EDGE('',*,*,#2764,.F.);
#2918 = PLANE('',#2919);
#2919 = AXIS2_PLACEMENT_3D('',#2920,#2921,#2922);
#2920 = CARTESIAN_POINT('',(0.608940672324,0.391294386114,0.519341649025
    ));
#2921 = DIRECTION('',(0.5,-0.866025403784,-3.033185711009E-16));
#2922 = DIRECTION('',(0.866025403784,0.5,-8.127396617584E-17));
#2923 = ADVANCED_FACE('',(#2924),#2935,.T.);
#2924 = FACE_BOUND('',#2925,.T.);
#2925 = EDGE_LOOP('',(#2926,#2927,#2928,#2934));
#2926 = ORIENTED_EDGE('',*,*,#2912,.F.);
#2927 = ORIENTED_EDGE('',*,*,#2620,.T.);
#2928 = ORIENTED_EDGE('',*,*,#2929,.T.);
#2929 = EDGE_CURVE('',#2611,#2699,#2930,.T.);
#2930 = LINE('',#2931,#2932);
#2931 = CARTESIAN_POINT('',(0.593759601423,0.365,0.519341649025));
#2932 = VECTOR('',#2933,1.);
#2933 = DIRECTION('',(-2.22044604925E-16,2.22044604925E-16,-1.));
#2934 = ORIENTED_EDGE('',*,*,#2772,.F.);
#2935 = PLANE('',#2936);
#2936 = AXIS2_PLACEMENT_3D('',#2937,#2938,#2939);
#2937 = CARTESIAN_POINT('',(0.593759601423,0.365,0.519341649025));
#2938 = DIRECTION('',(0.866025403784,-0.5,-3.033185711009E-16));
#2939 = DIRECTION('',(0.5,0.866025403784,8.127396617584E-17));
#2940 = ADVANCED_FACE('',(#2941),#2947,.T.);
#2941 = FACE_BOUND('',#2942,.T.);
#2942 = EDGE_LOOP('',(#2943,#2944,#2945,#2946));
#2943 = ORIENTED_EDGE('',*,*,#2929,.F.);
#2944 = ORIENTED_EDGE('',*,*,#2610,.T.);
#2945 = ORIENTED_EDGE('',*,*,#2786,.T.);
#2946 = ORIENTED_EDGE('',*,*,#2698,.F.);
#2947 = PLANE('',#2948);
#2948 = AXIS2_PLACEMENT_3D('',#2949,#2950,#2951);
#2949 = CARTESIAN_POINT('',(0.36,0.365,0.519341649025));
#2950 = DIRECTION('',(9.078999649522E-16,-1.,-2.22044604925E-16));
#2951 = DIRECTION('',(1.,9.078999649522E-16,-2.22044604925E-16));
#2952 = MANIFOLD_SOLID_BREP('',#2953);
#2953 = CLOSED_SHELL('',(#2954,#3042,#3130,#3152,#3169,#3186,#3203,#3220
    ,#3237,#3254,#3271,#3288));
#2954 = ADVANCED_FACE('',(#2955),#3037,.T.);
#2955 = FACE_BOUND('',#2956,.T.);
#2956 = EDGE_LOOP('',(#2957,#2967,#2975,#2983,#2991,#2999,#3007,#3015,
    #3023,#3031));
#2957 = ORIENTED_EDGE('',*,*,#2958,.F.);
#2958 = EDGE_CURVE('',#2959,#2961,#2963,.T.);
#2959 = VERTEX_POINT('',#2960);
#2960 = CARTESIAN_POINT('',(0.593759601423,-0.135,4.5E-02));
#2961 = VERTEX_POINT('',#2962);
#2962 = CARTESIAN_POINT('',(0.36,-0.135,4.5E-02));
#2963 = LINE('',#2964,#2965);
#2964 = CARTESIAN_POINT('',(0.36,-0.135,4.5E-02));
#2965 = VECTOR('',#2966,1.);
#2966 = DIRECTION('',(-1.,-9.078999649522E-16,2.22044604925E-16));
#2967 = ORIENTED_EDGE('',*,*,#2968,.F.);
#2968 = EDGE_CURVE('',#2969,#2959,#2971,.T.);
#2969 = VERTEX_POINT('',#2970);
#2970 = CARTESIAN_POINT('',(0.608940672324,-0.108705613886,4.5E-02));
#2971 = LINE('',#2972,#2973);
#2972 = CARTESIAN_POINT('',(0.593759601423,-0.135,4.5E-02));
#2973 = VECTOR('',#2974,1.);
#2974 = DIRECTION('',(-0.5,-0.866025403784,-8.127396617584E-17));
#2975 = ORIENTED_EDGE('',*,*,#2976,.F.);
#2976 = EDGE_CURVE('',#2977,#2969,#2979,.T.);
#2977 = VERTEX_POINT('',#2978);
#2978 = CARTESIAN_POINT('',(0.65,-8.5E-02,4.5E-02));
#2979 = LINE('',#2980,#2981);
#2980 = CARTESIAN_POINT('',(0.608940672324,-0.108705613886,4.5E-02));
#2981 = VECTOR('',#2982,1.);
#2982 = DIRECTION('',(-0.866025403784,-0.5,8.127396617584E-17));
#2983 = ORIENTED_EDGE('',*,*,#2984,.F.);
#2984 = EDGE_CURVE('',#2985,#2977,#2987,.T.);
#2985 = VERTEX_POINT('',#2986);
#2986 = CARTESIAN_POINT('',(0.75,-8.5E-02,4.5E-02));
#2987 = LINE('',#2988,#2989);
#2988 = CARTESIAN_POINT('',(0.65,-8.5E-02,4.5E-02));
#2989 = VECTOR('',#2990,1.);
#2990 = DIRECTION('',(-1.,-4.440892098501E-16,2.22044604925E-16));
#2991 = ORIENTED_EDGE('',*,*,#2992,.F.);
#2992 = EDGE_CURVE('',#2993,#2985,#2995,.T.);
#2993 = VERTEX_POINT('',#2994);
#2994 = CARTESIAN_POINT('',(0.75,8.5E-02,4.5E-02));
#2995 = LINE('',#2996,#2997);
#2996 = CARTESIAN_POINT('',(0.75,8.5E-02,4.5E-02));
#2997 = VECTOR('',#2998,1.);
#2998 = DIRECTION('',(1.71962117748E-15,-1.,-2.22044604925E-16));
#2999 = ORIENTED_EDGE('',*,*,#3000,.F.);
#3000 = EDGE_CURVE('',#3001,#2993,#3003,.T.);
#3001 = VERTEX_POINT('',#3002);
#3002 = CARTESIAN_POINT('',(0.65,8.5E-02,4.5E-02));
#3003 = LINE('',#3004,#3005);
#3004 = CARTESIAN_POINT('',(0.65,8.5E-02,4.5E-02));
#3005 = VECTOR('',#3006,1.);
#3006 = DIRECTION('',(1.,1.528291382336E-15,-2.22044604925E-16));
#3007 = ORIENTED_EDGE('',*,*,#3008,.F.);
#3008 = EDGE_CURVE('',#3009,#3001,#3011,.T.);
#3009 = VERTEX_POINT('',#3010);
#3010 = CARTESIAN_POINT('',(0.608940672324,0.108705613886,4.5E-02));
#3011 = LINE('',#3012,#3013);
#3012 = CARTESIAN_POINT('',(0.608940672324,0.108705613886,4.5E-02));
#3013 = VECTOR('',#3014,1.);
#3014 = DIRECTION('',(0.866025403784,-0.5,-3.033185711009E-16));
#3015 = ORIENTED_EDGE('',*,*,#3016,.F.);
#3016 = EDGE_CURVE('',#3017,#3009,#3019,.T.);
#3017 = VERTEX_POINT('',#3018);
#3018 = CARTESIAN_POINT('',(0.593759601423,0.135,4.5E-02));
#3019 = LINE('',#3020,#3021);
#3020 = CARTESIAN_POINT('',(0.593759601423,0.135,4.5E-02));
#3021 = VECTOR('',#3022,1.);
#3022 = DIRECTION('',(0.5,-0.866025403784,-3.033185711009E-16));
#3023 = ORIENTED_EDGE('',*,*,#3024,.F.);
#3024 = EDGE_CURVE('',#3025,#3017,#3027,.T.);
#3025 = VERTEX_POINT('',#3026);
#3026 = CARTESIAN_POINT('',(0.36,0.135,4.5E-02));
#3027 = LINE('',#3028,#3029);
#3028 = CARTESIAN_POINT('',(0.36,0.135,4.5E-02));
#3029 = VECTOR('',#3030,1.);
#3030 = DIRECTION('',(1.,1.371710720054E-15,-2.22044604925E-16));
#3031 = ORIENTED_EDGE('',*,*,#3032,.F.);
#3032 = EDGE_CURVE('',#2961,#3025,#3033,.T.);
#3033 = LINE('',#3034,#3035);
#3034 = CARTESIAN_POINT('',(0.36,-0.135,4.5E-02));
#3035 = VECTOR('',#3036,1.);
#3036 = DIRECTION('',(-8.456455700299E-16,1.,2.22044604925E-16));
#3037 = PLANE('',#3038);
#3038 = AXIS2_PLACEMENT_3D('',#3039,#3040,#3041);
#3039 = CARTESIAN_POINT('',(1.898481372109E-16,-0.5,4.5E-02));
#3040 = DIRECTION('',(2.22044604925E-16,-2.22044604925E-16,1.));
#3041 = DIRECTION('',(1.,4.440892098501E-16,-2.22044604925E-16));
#3042 = ADVANCED_FACE('',(#3043),#3125,.T.);
#3043 = FACE_BOUND('',#3044,.T.);
#3044 = EDGE_LOOP('',(#3045,#3055,#3063,#3071,#3079,#3087,#3095,#3103,
    #3111,#3119));
#3045 = ORIENTED_EDGE('',*,*,#3046,.T.);
#3046 = EDGE_CURVE('',#3047,#3049,#3051,.T.);
#3047 = VERTEX_POINT('',#3048);
#3048 = CARTESIAN_POINT('',(0.593759601423,-0.135,-3.5E-02));
#3049 = VERTEX_POINT('',#3050);
#3050 = CARTESIAN_POINT('',(0.36,-0.135,-3.5E-02));
#3051 = LINE('',#3052,#3053);
#3052 = CARTESIAN_POINT('',(0.36,-0.135,-3.5E-02));
#3053 = VECTOR('',#3054,1.);
#3054 = DIRECTION('',(-1.,-9.078999649522E-16,2.22044604925E-16));
#3055 = ORIENTED_EDGE('',*,*,#3056,.T.);
#3056 = EDGE_CURVE('',#3049,#3057,#3059,.T.);
#3057 = VERTEX_POINT('',#3058);
#3058 = CARTESIAN_POINT('',(0.36,0.135,-3.5E-02));
#3059 = LINE('',#3060,#3061);
#3060 = CARTESIAN_POINT('',(0.36,-0.135,-3.5E-02));
#3061 = VECTOR('',#3062,1.);
#3062 = DIRECTION('',(-8.456455700299E-16,1.,2.22044604925E-16));
#3063 = ORIENTED_EDGE('',*,*,#3064,.T.);
#3064 = EDGE_CURVE('',#3057,#3065,#3067,.T.);
#3065 = VERTEX_POINT('',#3066);
#3066 = CARTESIAN_POINT('',(0.593759601423,0.135,-3.5E-02));
#3067 = LINE('',#3068,#3069);
#3068 = CARTESIAN_POINT('',(0.36,0.135,-3.5E-02));
#3069 = VECTOR('',#3070,1.);
#3070 = DIRECTION('',(1.,1.371710720054E-15,-2.22044604925E-16));
#3071 = ORIENTED_EDGE('',*,*,#3072,.T.);
#3072 = EDGE_CURVE('',#3065,#3073,#3075,.T.);
#3073 = VERTEX_POINT('',#3074);
#3074 = CARTESIAN_POINT('',(0.608940672324,0.108705613886,-3.5E-02));
#3075 = LINE('',#3076,#3077);
#3076 = CARTESIAN_POINT('',(0.593759601423,0.135,-3.5E-02));
#3077 = VECTOR('',#3078,1.);
#3078 = DIRECTION('',(0.5,-0.866025403784,-3.033185711009E-16));
#3079 = ORIENTED_EDGE('',*,*,#3080,.T.);
#3080 = EDGE_CURVE('',#3073,#3081,#3083,.T.);
#3081 = VERTEX_POINT('',#3082);
#3082 = CARTESIAN_POINT('',(0.65,8.5E-02,-3.5E-02));
#3083 = LINE('',#3084,#3085);
#3084 = CARTESIAN_POINT('',(0.608940672324,0.108705613886,-3.5E-02));
#3085 = VECTOR('',#3086,1.);
#3086 = DIRECTION('',(0.866025403784,-0.5,-3.033185711009E-16));
#3087 = ORIENTED_EDGE('',*,*,#3088,.T.);
#3088 = EDGE_CURVE('',#3081,#3089,#3091,.T.);
#3089 = VERTEX_POINT('',#3090);
#3090 = CARTESIAN_POINT('',(0.75,8.5E-02,-3.5E-02));
#3091 = LINE('',#3092,#3093);
#3092 = CARTESIAN_POINT('',(0.65,8.5E-02,-3.5E-02));
#3093 = VECTOR('',#3094,1.);
#3094 = DIRECTION('',(1.,1.528291382336E-15,-2.22044604925E-16));
#3095 = ORIENTED_EDGE('',*,*,#3096,.T.);
#3096 = EDGE_CURVE('',#3089,#3097,#3099,.T.);
#3097 = VERTEX_POINT('',#3098);
#3098 = CARTESIAN_POINT('',(0.75,-8.5E-02,-3.5E-02));
#3099 = LINE('',#3100,#3101);
#3100 = CARTESIAN_POINT('',(0.75,8.5E-02,-3.5E-02));
#3101 = VECTOR('',#3102,1.);
#3102 = DIRECTION('',(1.71962117748E-15,-1.,-2.22044604925E-16));
#3103 = ORIENTED_EDGE('',*,*,#3104,.T.);
#3104 = EDGE_CURVE('',#3097,#3105,#3107,.T.);
#3105 = VERTEX_POINT('',#3106);
#3106 = CARTESIAN_POINT('',(0.65,-8.5E-02,-3.5E-02));
#3107 = LINE('',#3108,#3109);
#3108 = CARTESIAN_POINT('',(0.65,-8.5E-02,-3.5E-02));
#3109 = VECTOR('',#3110,1.);
#3110 = DIRECTION('',(-1.,-4.440892098501E-16,2.22044604925E-16));
#3111 = ORIENTED_EDGE('',*,*,#3112,.T.);
#3112 = EDGE_CURVE('',#3105,#3113,#3115,.T.);
#3113 = VERTEX_POINT('',#3114);
#3114 = CARTESIAN_POINT('',(0.608940672324,-0.108705613886,-3.5E-02));
#3115 = LINE('',#3116,#3117);
#3116 = CARTESIAN_POINT('',(0.608940672324,-0.108705613886,-3.5E-02));
#3117 = VECTOR('',#3118,1.);
#3118 = DIRECTION('',(-0.866025403784,-0.5,8.127396617584E-17));
#3119 = ORIENTED_EDGE('',*,*,#3120,.T.);
#3120 = EDGE_CURVE('',#3113,#3047,#3121,.T.);
#3121 = LINE('',#3122,#3123);
#3122 = CARTESIAN_POINT('',(0.593759601423,-0.135,-3.5E-02));
#3123 = VECTOR('',#3124,1.);
#3124 = DIRECTION('',(-0.5,-0.866025403784,-8.127396617584E-17));
#3125 = PLANE('',#3126);
#3126 = AXIS2_PLACEMENT_3D('',#3127,#3128,#3129);
#3127 = CARTESIAN_POINT('',(1.720845688169E-16,-0.5,-3.5E-02));
#3128 = DIRECTION('',(-2.22044604925E-16,2.22044604925E-16,-1.));
#3129 = DIRECTION('',(-1.,-4.440892098501E-16,2.22044604925E-16));
#3130 = ADVANCED_FACE('',(#3131),#3147,.T.);
#3131 = FACE_BOUND('',#3132,.T.);
#3132 = EDGE_LOOP('',(#3133,#3139,#3140,#3146));
#3133 = ORIENTED_EDGE('',*,*,#3134,.F.);
#3134 = EDGE_CURVE('',#2961,#3049,#3135,.T.);
#3135 = LINE('',#3136,#3137);
#3136 = CARTESIAN_POINT('',(0.36,-0.135,0.519341649025));
#3137 = VECTOR('',#3138,1.);
#3138 = DIRECTION('',(-2.22044604925E-16,2.22044604925E-16,-1.));
#3139 = ORIENTED_EDGE('',*,*,#3032,.T.);
#3140 = ORIENTED_EDGE('',*,*,#3141,.T.);
#3141 = EDGE_CURVE('',#3025,#3057,#3142,.T.);
#3142 = LINE('',#3143,#3144);
#3143 = CARTESIAN_POINT('',(0.36,0.135,0.519341649025));
#3144 = VECTOR('',#3145,1.);
#3145 = DIRECTION('',(-2.22044604925E-16,2.22044604925E-16,-1.));
#3146 = ORIENTED_EDGE('',*,*,#3056,.F.);
#3147 = PLANE('',#3148);
#3148 = AXIS2_PLACEMENT_3D('',#3149,#3150,#3151);
#3149 = CARTESIAN_POINT('',(0.36,-0.135,0.519341649025));
#3150 = DIRECTION('',(-1.,-8.456455700299E-16,2.22044604925E-16));
#3151 = DIRECTION('',(8.456455700299E-16,-1.,-2.22044604925E-16));
#3152 = ADVANCED_FACE('',(#3153),#3164,.T.);
#3153 = FACE_BOUND('',#3154,.T.);
#3154 = EDGE_LOOP('',(#3155,#3156,#3157,#3163));
#3155 = ORIENTED_EDGE('',*,*,#3141,.F.);
#3156 = ORIENTED_EDGE('',*,*,#3024,.T.);
#3157 = ORIENTED_EDGE('',*,*,#3158,.T.);
#3158 = EDGE_CURVE('',#3017,#3065,#3159,.T.);
#3159 = LINE('',#3160,#3161);
#3160 = CARTESIAN_POINT('',(0.593759601423,0.135,0.519341649025));
#3161 = VECTOR('',#3162,1.);
#3162 = DIRECTION('',(-2.22044604925E-16,2.22044604925E-16,-1.));
#3163 = ORIENTED_EDGE('',*,*,#3064,.F.);
#3164 = PLANE('',#3165);
#3165 = AXIS2_PLACEMENT_3D('',#3166,#3167,#3168);
#3166 = CARTESIAN_POINT('',(0.36,0.135,0.519341649025));
#3167 = DIRECTION('',(-1.371710720054E-15,1.,2.22044604925E-16));
#3168 = DIRECTION('',(-1.,-1.371710720054E-15,2.22044604925E-16));
#3169 = ADVANCED_FACE('',(#3170),#3181,.T.);
#3170 = FACE_BOUND('',#3171,.T.);
#3171 = EDGE_LOOP('',(#3172,#3173,#3174,#3180));
#3172 = ORIENTED_EDGE('',*,*,#3158,.F.);
#3173 = ORIENTED_EDGE('',*,*,#3016,.T.);
#3174 = ORIENTED_EDGE('',*,*,#3175,.T.);
#3175 = EDGE_CURVE('',#3009,#3073,#3176,.T.);
#3176 = LINE('',#3177,#3178);
#3177 = CARTESIAN_POINT('',(0.608940672324,0.108705613886,0.519341649025
    ));
#3178 = VECTOR('',#3179,1.);
#3179 = DIRECTION('',(-2.22044604925E-16,2.22044604925E-16,-1.));
#3180 = ORIENTED_EDGE('',*,*,#3072,.F.);
#3181 = PLANE('',#3182);
#3182 = AXIS2_PLACEMENT_3D('',#3183,#3184,#3185);
#3183 = CARTESIAN_POINT('',(0.593759601423,0.135,0.519341649025));
#3184 = DIRECTION('',(0.866025403784,0.5,-8.127396617584E-17));
#3185 = DIRECTION('',(-0.5,0.866025403784,3.033185711009E-16));
#3186 = ADVANCED_FACE('',(#3187),#3198,.T.);
#3187 = FACE_BOUND('',#3188,.T.);
#3188 = EDGE_LOOP('',(#3189,#3190,#3191,#3197));
#3189 = ORIENTED_EDGE('',*,*,#3175,.F.);
#3190 = ORIENTED_EDGE('',*,*,#3008,.T.);
#3191 = ORIENTED_EDGE('',*,*,#3192,.T.);
#3192 = EDGE_CURVE('',#3001,#3081,#3193,.T.);
#3193 = LINE('',#3194,#3195);
#3194 = CARTESIAN_POINT('',(0.65,8.5E-02,0.519341649025));
#3195 = VECTOR('',#3196,1.);
#3196 = DIRECTION('',(-2.22044604925E-16,2.22044604925E-16,-1.));
#3197 = ORIENTED_EDGE('',*,*,#3080,.F.);
#3198 = PLANE('',#3199);
#3199 = AXIS2_PLACEMENT_3D('',#3200,#3201,#3202);
#3200 = CARTESIAN_POINT('',(0.608940672324,0.108705613886,0.519341649025
    ));
#3201 = DIRECTION('',(0.5,0.866025403784,8.127396617584E-17));
#3202 = DIRECTION('',(-0.866025403784,0.5,3.033185711009E-16));
#3203 = ADVANCED_FACE('',(#3204),#3215,.T.);
#3204 = FACE_BOUND('',#3205,.T.);
#3205 = EDGE_LOOP('',(#3206,#3207,#3208,#3214));
#3206 = ORIENTED_EDGE('',*,*,#3192,.F.);
#3207 = ORIENTED_EDGE('',*,*,#3000,.T.);
#3208 = ORIENTED_EDGE('',*,*,#3209,.T.);
#3209 = EDGE_CURVE('',#2993,#3089,#3210,.T.);
#3210 = LINE('',#3211,#3212);
#3211 = CARTESIAN_POINT('',(0.75,8.5E-02,0.519341649025));
#3212 = VECTOR('',#3213,1.);
#3213 = DIRECTION('',(-2.22044604925E-16,2.22044604925E-16,-1.));
#3214 = ORIENTED_EDGE('',*,*,#3088,.F.);
#3215 = PLANE('',#3216);
#3216 = AXIS2_PLACEMENT_3D('',#3217,#3218,#3219);
#3217 = CARTESIAN_POINT('',(0.65,8.5E-02,0.519341649025));
#3218 = DIRECTION('',(-1.528291382336E-15,1.,2.22044604925E-16));
#3219 = DIRECTION('',(-1.,-1.528291382336E-15,2.22044604925E-16));
#3220 = ADVANCED_FACE('',(#3221),#3232,.T.);
#3221 = FACE_BOUND('',#3222,.T.);
#3222 = EDGE_LOOP('',(#3223,#3224,#3225,#3231));
#3223 = ORIENTED_EDGE('',*,*,#3209,.F.);
#3224 = ORIENTED_EDGE('',*,*,#2992,.T.);
#3225 = ORIENTED_EDGE('',*,*,#3226,.T.);
#3226 = EDGE_CURVE('',#2985,#3097,#3227,.T.);
#3227 = LINE('',#3228,#3229);
#3228 = CARTESIAN_POINT('',(0.75,-8.5E-02,0.519341649025));
#3229 = VECTOR('',#3230,1.);
#3230 = DIRECTION('',(-2.22044604925E-16,2.22044604925E-16,-1.));
#3231 = ORIENTED_EDGE('',*,*,#3096,.F.);
#3232 = PLANE('',#3233);
#3233 = AXIS2_PLACEMENT_3D('',#3234,#3235,#3236);
#3234 = CARTESIAN_POINT('',(0.75,8.5E-02,0.519341649025));
#3235 = DIRECTION('',(1.,1.71962117748E-15,-2.22044604925E-16));
#3236 = DIRECTION('',(-1.71962117748E-15,1.,2.22044604925E-16));
#3237 = ADVANCED_FACE('',(#3238),#3249,.T.);
#3238 = FACE_BOUND('',#3239,.T.);
#3239 = EDGE_LOOP('',(#3240,#3241,#3242,#3248));
#3240 = ORIENTED_EDGE('',*,*,#3226,.F.);
#3241 = ORIENTED_EDGE('',*,*,#2984,.T.);
#3242 = ORIENTED_EDGE('',*,*,#3243,.T.);
#3243 = EDGE_CURVE('',#2977,#3105,#3244,.T.);
#3244 = LINE('',#3245,#3246);
#3245 = CARTESIAN_POINT('',(0.65,-8.5E-02,0.519341649025));
#3246 = VECTOR('',#3247,1.);
#3247 = DIRECTION('',(-2.22044604925E-16,2.22044604925E-16,-1.));
#3248 = ORIENTED_EDGE('',*,*,#3104,.F.);
#3249 = PLANE('',#3250);
#3250 = AXIS2_PLACEMENT_3D('',#3251,#3252,#3253);
#3251 = CARTESIAN_POINT('',(0.65,-8.5E-02,0.519341649025));
#3252 = DIRECTION('',(4.440892098501E-16,-1.,-2.22044604925E-16));
#3253 = DIRECTION('',(1.,4.440892098501E-16,-2.22044604925E-16));
#3254 = ADVANCED_FACE('',(#3255),#3266,.T.);
#3255 = FACE_BOUND('',#3256,.T.);
#3256 = EDGE_LOOP('',(#3257,#3258,#3259,#3265));
#3257 = ORIENTED_EDGE('',*,*,#3243,.F.);
#3258 = ORIENTED_EDGE('',*,*,#2976,.T.);
#3259 = ORIENTED_EDGE('',*,*,#3260,.T.);
#3260 = EDGE_CURVE('',#2969,#3113,#3261,.T.);
#3261 = LINE('',#3262,#3263);
#3262 = CARTESIAN_POINT('',(0.608940672324,-0.108705613886,
    0.519341649025));
#3263 = VECTOR('',#3264,1.);
#3264 = DIRECTION('',(-2.22044604925E-16,2.22044604925E-16,-1.));
#3265 = ORIENTED_EDGE('',*,*,#3112,.F.);
#3266 = PLANE('',#3267);
#3267 = AXIS2_PLACEMENT_3D('',#3268,#3269,#3270);
#3268 = CARTESIAN_POINT('',(0.608940672324,-0.108705613886,
    0.519341649025));
#3269 = DIRECTION('',(0.5,-0.866025403784,-3.033185711009E-16));
#3270 = DIRECTION('',(0.866025403784,0.5,-8.127396617584E-17));
#3271 = ADVANCED_FACE('',(#3272),#3283,.T.);
#3272 = FACE_BOUND('',#3273,.T.);
#3273 = EDGE_LOOP('',(#3274,#3275,#3276,#3282));
#3274 = ORIENTED_EDGE('',*,*,#3260,.F.);
#3275 = ORIENTED_EDGE('',*,*,#2968,.T.);
#3276 = ORIENTED_EDGE('',*,*,#3277,.T.);
#3277 = EDGE_CURVE('',#2959,#3047,#3278,.T.);
#3278 = LINE('',#3279,#3280);
#3279 = CARTESIAN_POINT('',(0.593759601423,-0.135,0.519341649025));
#3280 = VECTOR('',#3281,1.);
#3281 = DIRECTION('',(-2.22044604925E-16,2.22044604925E-16,-1.));
#3282 = ORIENTED_EDGE('',*,*,#3120,.F.);
#3283 = PLANE('',#3284);
#3284 = AXIS2_PLACEMENT_3D('',#3285,#3286,#3287);
#3285 = CARTESIAN_POINT('',(0.593759601423,-0.135,0.519341649025));
#3286 = DIRECTION('',(0.866025403784,-0.5,-3.033185711009E-16));
#3287 = DIRECTION('',(0.5,0.866025403784,8.127396617584E-17));
#3288 = ADVANCED_FACE('',(#3289),#3295,.T.);
#3289 = FACE_BOUND('',#3290,.T.);
#3290 = EDGE_LOOP('',(#3291,#3292,#3293,#3294));
#3291 = ORIENTED_EDGE('',*,*,#3277,.F.);
#3292 = ORIENTED_EDGE('',*,*,#2958,.T.);
#3293 = ORIENTED_EDGE('',*,*,#3134,.T.);
#3294 = ORIENTED_EDGE('',*,*,#3046,.F.);
#3295 = PLANE('',#3296);
#3296 = AXIS2_PLACEMENT_3D('',#3297,#3298,#3299);
#3297 = CARTESIAN_POINT('',(0.36,-0.135,0.519341649025));
#3298 = DIRECTION('',(9.078999649522E-16,-1.,-2.22044604925E-16));
#3299 = DIRECTION('',(1.,9.078999649522E-16,-2.22044604925E-16));
#3300 = MANIFOLD_SOLID_BREP('',#3301);
#3301 = CLOSED_SHELL('',(#3302,#3390,#3478,#3500,#3517,#3534,#3551,#3568
    ,#3585,#3602,#3619,#3636));
#3302 = ADVANCED_FACE('',(#3303),#3385,.T.);
#3303 = FACE_BOUND('',#3304,.T.);
#3304 = EDGE_LOOP('',(#3305,#3315,#3323,#3331,#3339,#3347,#3355,#3363,
    #3371,#3379));
#3305 = ORIENTED_EDGE('',*,*,#3306,.F.);
#3306 = EDGE_CURVE('',#3307,#3309,#3311,.T.);
#3307 = VERTEX_POINT('',#3308);
#3308 = CARTESIAN_POINT('',(0.593759601423,-0.635,4.5E-02));
#3309 = VERTEX_POINT('',#3310);
#3310 = CARTESIAN_POINT('',(0.36,-0.635,4.5E-02));
#3311 = LINE('',#3312,#3313);
#3312 = CARTESIAN_POINT('',(0.36,-0.635,4.5E-02));
#3313 = VECTOR('',#3314,1.);
#3314 = DIRECTION('',(-1.,-9.078999649522E-16,2.22044604925E-16));
#3315 = ORIENTED_EDGE('',*,*,#3316,.F.);
#3316 = EDGE_CURVE('',#3317,#3307,#3319,.T.);
#3317 = VERTEX_POINT('',#3318);
#3318 = CARTESIAN_POINT('',(0.608940672324,-0.608705613886,4.5E-02));
#3319 = LINE('',#3320,#3321);
#3320 = CARTESIAN_POINT('',(0.593759601423,-0.635,4.5E-02));
#3321 = VECTOR('',#3322,1.);
#3322 = DIRECTION('',(-0.5,-0.866025403784,-8.127396617584E-17));
#3323 = ORIENTED_EDGE('',*,*,#3324,.F.);
#3324 = EDGE_CURVE('',#3325,#3317,#3327,.T.);
#3325 = VERTEX_POINT('',#3326);
#3326 = CARTESIAN_POINT('',(0.65,-0.585,4.5E-02));
#3327 = LINE('',#3328,#3329);
#3328 = CARTESIAN_POINT('',(0.608940672324,-0.608705613886,4.5E-02));
#3329 = VECTOR('',#3330,1.);
#3330 = DIRECTION('',(-0.866025403784,-0.5,8.127396617584E-17));
#3331 = ORIENTED_EDGE('',*,*,#3332,.F.);
#3332 = EDGE_CURVE('',#3333,#3325,#3335,.T.);
#3333 = VERTEX_POINT('',#3334);
#3334 = CARTESIAN_POINT('',(0.75,-0.585,4.5E-02));
#3335 = LINE('',#3336,#3337);
#3336 = CARTESIAN_POINT('',(0.65,-0.585,4.5E-02));
#3337 = VECTOR('',#3338,1.);
#3338 = DIRECTION('',(-1.,-4.440892098501E-16,2.22044604925E-16));
#3339 = ORIENTED_EDGE('',*,*,#3340,.F.);
#3340 = EDGE_CURVE('',#3341,#3333,#3343,.T.);
#3341 = VERTEX_POINT('',#3342);
#3342 = CARTESIAN_POINT('',(0.75,-0.415,4.5E-02));
#3343 = LINE('',#3344,#3345);
#3344 = CARTESIAN_POINT('',(0.75,-0.415,4.5E-02));
#3345 = VECTOR('',#3346,1.);
#3346 = DIRECTION('',(1.71962117748E-15,-1.,-2.22044604925E-16));
#3347 = ORIENTED_EDGE('',*,*,#3348,.F.);
#3348 = EDGE_CURVE('',#3349,#3341,#3351,.T.);
#3349 = VERTEX_POINT('',#3350);
#3350 = CARTESIAN_POINT('',(0.65,-0.415,4.5E-02));
#3351 = LINE('',#3352,#3353);
#3352 = CARTESIAN_POINT('',(0.65,-0.415,4.5E-02));
#3353 = VECTOR('',#3354,1.);
#3354 = DIRECTION('',(1.,1.528291382336E-15,-2.22044604925E-16));
#3355 = ORIENTED_EDGE('',*,*,#3356,.F.);
#3356 = EDGE_CURVE('',#3357,#3349,#3359,.T.);
#3357 = VERTEX_POINT('',#3358);
#3358 = CARTESIAN_POINT('',(0.608940672324,-0.391294386114,4.5E-02));
#3359 = LINE('',#3360,#3361);
#3360 = CARTESIAN_POINT('',(0.608940672324,-0.391294386114,4.5E-02));
#3361 = VECTOR('',#3362,1.);
#3362 = DIRECTION('',(0.866025403784,-0.5,-3.033185711009E-16));
#3363 = ORIENTED_EDGE('',*,*,#3364,.F.);
#3364 = EDGE_CURVE('',#3365,#3357,#3367,.T.);
#3365 = VERTEX_POINT('',#3366);
#3366 = CARTESIAN_POINT('',(0.593759601423,-0.365,4.5E-02));
#3367 = LINE('',#3368,#3369);
#3368 = CARTESIAN_POINT('',(0.593759601423,-0.365,4.5E-02));
#3369 = VECTOR('',#3370,1.);
#3370 = DIRECTION('',(0.5,-0.866025403784,-3.033185711009E-16));
#3371 = ORIENTED_EDGE('',*,*,#3372,.F.);
#3372 = EDGE_CURVE('',#3373,#3365,#3375,.T.);
#3373 = VERTEX_POINT('',#3374);
#3374 = CARTESIAN_POINT('',(0.36,-0.365,4.5E-02));
#3375 = LINE('',#3376,#3377);
#3376 = CARTESIAN_POINT('',(0.36,-0.365,4.5E-02));
#3377 = VECTOR('',#3378,1.);
#3378 = DIRECTION('',(1.,1.371710720054E-15,-2.22044604925E-16));
#3379 = ORIENTED_EDGE('',*,*,#3380,.F.);
#3380 = EDGE_CURVE('',#3309,#3373,#3381,.T.);
#3381 = LINE('',#3382,#3383);
#3382 = CARTESIAN_POINT('',(0.36,-0.635,4.5E-02));
#3383 = VECTOR('',#3384,1.);
#3384 = DIRECTION('',(-8.456455700299E-16,1.,2.22044604925E-16));
#3385 = PLANE('',#3386);
#3386 = AXIS2_PLACEMENT_3D('',#3387,#3388,#3389);
#3387 = CARTESIAN_POINT('',(4.118927421359E-16,-1.,4.5E-02));
#3388 = DIRECTION('',(2.22044604925E-16,-2.22044604925E-16,1.));
#3389 = DIRECTION('',(1.,4.440892098501E-16,-2.22044604925E-16));
#3390 = ADVANCED_FACE('',(#3391),#3473,.T.);
#3391 = FACE_BOUND('',#3392,.T.);
#3392 = EDGE_LOOP('',(#3393,#3403,#3411,#3419,#3427,#3435,#3443,#3451,
    #3459,#3467));
#3393 = ORIENTED_EDGE('',*,*,#3394,.T.);
#3394 = EDGE_CURVE('',#3395,#3397,#3399,.T.);
#3395 = VERTEX_POINT('',#3396);
#3396 = CARTESIAN_POINT('',(0.593759601423,-0.635,-3.5E-02));
#3397 = VERTEX_POINT('',#3398);
#3398 = CARTESIAN_POINT('',(0.36,-0.635,-3.5E-02));
#3399 = LINE('',#3400,#3401);
#3400 = CARTESIAN_POINT('',(0.36,-0.635,-3.5E-02));
#3401 = VECTOR('',#3402,1.);
#3402 = DIRECTION('',(-1.,-9.078999649522E-16,2.22044604925E-16));
#3403 = ORIENTED_EDGE('',*,*,#3404,.T.);
#3404 = EDGE_CURVE('',#3397,#3405,#3407,.T.);
#3405 = VERTEX_POINT('',#3406);
#3406 = CARTESIAN_POINT('',(0.36,-0.365,-3.5E-02));
#3407 = LINE('',#3408,#3409);
#3408 = CARTESIAN_POINT('',(0.36,-0.635,-3.5E-02));
#3409 = VECTOR('',#3410,1.);
#3410 = DIRECTION('',(-8.456455700299E-16,1.,2.22044604925E-16));
#3411 = ORIENTED_EDGE('',*,*,#3412,.T.);
#3412 = EDGE_CURVE('',#3405,#3413,#3415,.T.);
#3413 = VERTEX_POINT('',#3414);
#3414 = CARTESIAN_POINT('',(0.593759601423,-0.365,-3.5E-02));
#3415 = LINE('',#3416,#3417);
#3416 = CARTESIAN_POINT('',(0.36,-0.365,-3.5E-02));
#3417 = VECTOR('',#3418,1.);
#3418 = DIRECTION('',(1.,1.371710720054E-15,-2.22044604925E-16));
#3419 = ORIENTED_EDGE('',*,*,#3420,.T.);
#3420 = EDGE_CURVE('',#3413,#3421,#3423,.T.);
#3421 = VERTEX_POINT('',#3422);
#3422 = CARTESIAN_POINT('',(0.608940672324,-0.391294386114,-3.5E-02));
#3423 = LINE('',#3424,#3425);
#3424 = CARTESIAN_POINT('',(0.593759601423,-0.365,-3.5E-02));
#3425 = VECTOR('',#3426,1.);
#3426 = DIRECTION('',(0.5,-0.866025403784,-3.033185711009E-16));
#3427 = ORIENTED_EDGE('',*,*,#3428,.T.);
#3428 = EDGE_CURVE('',#3421,#3429,#3431,.T.);
#3429 = VERTEX_POINT('',#3430);
#3430 = CARTESIAN_POINT('',(0.65,-0.415,-3.5E-02));
#3431 = LINE('',#3432,#3433);
#3432 = CARTESIAN_POINT('',(0.608940672324,-0.391294386114,-3.5E-02));
#3433 = VECTOR('',#3434,1.);
#3434 = DIRECTION('',(0.866025403784,-0.5,-3.033185711009E-16));
#3435 = ORIENTED_EDGE('',*,*,#3436,.T.);
#3436 = EDGE_CURVE('',#3429,#3437,#3439,.T.);
#3437 = VERTEX_POINT('',#3438);
#3438 = CARTESIAN_POINT('',(0.75,-0.415,-3.5E-02));
#3439 = LINE('',#3440,#3441);
#3440 = CARTESIAN_POINT('',(0.65,-0.415,-3.5E-02));
#3441 = VECTOR('',#3442,1.);
#3442 = DIRECTION('',(1.,1.528291382336E-15,-2.22044604925E-16));
#3443 = ORIENTED_EDGE('',*,*,#3444,.T.);
#3444 = EDGE_CURVE('',#3437,#3445,#3447,.T.);
#3445 = VERTEX_POINT('',#3446);
#3446 = CARTESIAN_POINT('',(0.75,-0.585,-3.5E-02));
#3447 = LINE('',#3448,#3449);
#3448 = CARTESIAN_POINT('',(0.75,-0.415,-3.5E-02));
#3449 = VECTOR('',#3450,1.);
#3450 = DIRECTION('',(1.71962117748E-15,-1.,-2.22044604925E-16));
#3451 = ORIENTED_EDGE('',*,*,#3452,.T.);
#3452 = EDGE_CURVE('',#3445,#3453,#3455,.T.);
#3453 = VERTEX_POINT('',#3454);
#3454 = CARTESIAN_POINT('',(0.65,-0.585,-3.5E-02));
#3455 = LINE('',#3456,#3457);
#3456 = CARTESIAN_POINT('',(0.65,-0.585,-3.5E-02));
#3457 = VECTOR('',#3458,1.);
#3458 = DIRECTION('',(-1.,-4.440892098501E-16,2.22044604925E-16));
#3459 = ORIENTED_EDGE('',*,*,#3460,.T.);
#3460 = EDGE_CURVE('',#3453,#3461,#3463,.T.);
#3461 = VERTEX_POINT('',#3462);
#3462 = CARTESIAN_POINT('',(0.608940672324,-0.608705613886,-3.5E-02));
#3463 = LINE('',#3464,#3465);
#3464 = CARTESIAN_POINT('',(0.608940672324,-0.608705613886,-3.5E-02));
#3465 = VECTOR('',#3466,1.);
#3466 = DIRECTION('',(-0.866025403784,-0.5,8.127396617584E-17));
#3467 = ORIENTED_EDGE('',*,*,#3468,.T.);
#3468 = EDGE_CURVE('',#3461,#3395,#3469,.T.);
#3469 = LINE('',#3470,#3471);
#3470 = CARTESIAN_POINT('',(0.593759601423,-0.635,-3.5E-02));
#3471 = VECTOR('',#3472,1.);
#3472 = DIRECTION('',(-0.5,-0.866025403784,-8.127396617584E-17));
#3473 = PLANE('',#3474);
#3474 = AXIS2_PLACEMENT_3D('',#3475,#3476,#3477);
#3475 = CARTESIAN_POINT('',(3.941291737419E-16,-1.,-3.5E-02));
#3476 = DIRECTION('',(-2.22044604925E-16,2.22044604925E-16,-1.));
#3477 = DIRECTION('',(-1.,-4.440892098501E-16,2.22044604925E-16));
#3478 = ADVANCED_FACE('',(#3479),#3495,.T.);
#3479 = FACE_BOUND('',#3480,.T.);
#3480 = EDGE_LOOP('',(#3481,#3487,#3488,#3494));
#3481 = ORIENTED_EDGE('',*,*,#3482,.F.);
#3482 = EDGE_CURVE('',#3309,#3397,#3483,.T.);
#3483 = LINE('',#3484,#3485);
#3484 = CARTESIAN_POINT('',(0.36,-0.635,0.519341649025));
#3485 = VECTOR('',#3486,1.);
#3486 = DIRECTION('',(-2.22044604925E-16,2.22044604925E-16,-1.));
#3487 = ORIENTED_EDGE('',*,*,#3380,.T.);
#3488 = ORIENTED_EDGE('',*,*,#3489,.T.);
#3489 = EDGE_CURVE('',#3373,#3405,#3490,.T.);
#3490 = LINE('',#3491,#3492);
#3491 = CARTESIAN_POINT('',(0.36,-0.365,0.519341649025));
#3492 = VECTOR('',#3493,1.);
#3493 = DIRECTION('',(-2.22044604925E-16,2.22044604925E-16,-1.));
#3494 = ORIENTED_EDGE('',*,*,#3404,.F.);
#3495 = PLANE('',#3496);
#3496 = AXIS2_PLACEMENT_3D('',#3497,#3498,#3499);
#3497 = CARTESIAN_POINT('',(0.36,-0.635,0.519341649025));
#3498 = DIRECTION('',(-1.,-8.456455700299E-16,2.22044604925E-16));
#3499 = DIRECTION('',(8.456455700299E-16,-1.,-2.22044604925E-16));
#3500 = ADVANCED_FACE('',(#3501),#3512,.T.);
#3501 = FACE_BOUND('',#3502,.T.);
#3502 = EDGE_LOOP('',(#3503,#3504,#3505,#3511));
#3503 = ORIENTED_EDGE('',*,*,#3489,.F.);
#3504 = ORIENTED_EDGE('',*,*,#3372,.T.);
#3505 = ORIENTED_EDGE('',*,*,#3506,.T.);
#3506 = EDGE_CURVE('',#3365,#3413,#3507,.T.);
#3507 = LINE('',#3508,#3509);
#3508 = CARTESIAN_POINT('',(0.593759601423,-0.365,0.519341649025));
#3509 = VECTOR('',#3510,1.);
#3510 = DIRECTION('',(-2.22044604925E-16,2.22044604925E-16,-1.));
#3511 = ORIENTED_EDGE('',*,*,#3412,.F.);
#3512 = PLANE('',#3513);
#3513 = AXIS2_PLACEMENT_3D('',#3514,#3515,#3516);
#3514 = CARTESIAN_POINT('',(0.36,-0.365,0.519341649025));
#3515 = DIRECTION('',(-1.371710720054E-15,1.,2.22044604925E-16));
#3516 = DIRECTION('',(-1.,-1.371710720054E-15,2.22044604925E-16));
#3517 = ADVANCED_FACE('',(#3518),#3529,.T.);
#3518 = FACE_BOUND('',#3519,.T.);
#3519 = EDGE_LOOP('',(#3520,#3521,#3522,#3528));
#3520 = ORIENTED_EDGE('',*,*,#3506,.F.);
#3521 = ORIENTED_EDGE('',*,*,#3364,.T.);
#3522 = ORIENTED_EDGE('',*,*,#3523,.T.);
#3523 = EDGE_CURVE('',#3357,#3421,#3524,.T.);
#3524 = LINE('',#3525,#3526);
#3525 = CARTESIAN_POINT('',(0.608940672324,-0.391294386114,
    0.519341649025));
#3526 = VECTOR('',#3527,1.);
#3527 = DIRECTION('',(-2.22044604925E-16,2.22044604925E-16,-1.));
#3528 = ORIENTED_EDGE('',*,*,#3420,.F.);
#3529 = PLANE('',#3530);
#3530 = AXIS2_PLACEMENT_3D('',#3531,#3532,#3533);
#3531 = CARTESIAN_POINT('',(0.593759601423,-0.365,0.519341649025));
#3532 = DIRECTION('',(0.866025403784,0.5,-8.127396617584E-17));
#3533 = DIRECTION('',(-0.5,0.866025403784,3.033185711009E-16));
#3534 = ADVANCED_FACE('',(#3535),#3546,.T.);
#3535 = FACE_BOUND('',#3536,.T.);
#3536 = EDGE_LOOP('',(#3537,#3538,#3539,#3545));
#3537 = ORIENTED_EDGE('',*,*,#3523,.F.);
#3538 = ORIENTED_EDGE('',*,*,#3356,.T.);
#3539 = ORIENTED_EDGE('',*,*,#3540,.T.);
#3540 = EDGE_CURVE('',#3349,#3429,#3541,.T.);
#3541 = LINE('',#3542,#3543);
#3542 = CARTESIAN_POINT('',(0.65,-0.415,0.519341649025));
#3543 = VECTOR('',#3544,1.);
#3544 = DIRECTION('',(-2.22044604925E-16,2.22044604925E-16,-1.));
#3545 = ORIENTED_EDGE('',*,*,#3428,.F.);
#3546 = PLANE('',#3547);
#3547 = AXIS2_PLACEMENT_3D('',#3548,#3549,#3550);
#3548 = CARTESIAN_POINT('',(0.608940672324,-0.391294386114,
    0.519341649025));
#3549 = DIRECTION('',(0.5,0.866025403784,8.127396617584E-17));
#3550 = DIRECTION('',(-0.866025403784,0.5,3.033185711009E-16));
#3551 = ADVANCED_FACE('',(#3552),#3563,.T.);
#3552 = FACE_BOUND('',#3553,.T.);
#3553 = EDGE_LOOP('',(#3554,#3555,#3556,#3562));
#3554 = ORIENTED_EDGE('',*,*,#3540,.F.);
#3555 = ORIENTED_EDGE('',*,*,#3348,.T.);
#3556 = ORIENTED_EDGE('',*,*,#3557,.T.);
#3557 = EDGE_CURVE('',#3341,#3437,#3558,.T.);
#3558 = LINE('',#3559,#3560);
#3559 = CARTESIAN_POINT('',(0.75,-0.415,0.519341649025));
#3560 = VECTOR('',#3561,1.);
#3561 = DIRECTION('',(-2.22044604925E-16,2.22044604925E-16,-1.));
#3562 = ORIENTED_EDGE('',*,*,#3436,.F.);
#3563 = PLANE('',#3564);
#3564 = AXIS2_PLACEMENT_3D('',#3565,#3566,#3567);
#3565 = CARTESIAN_POINT('',(0.65,-0.415,0.519341649025));
#3566 = DIRECTION('',(-1.528291382336E-15,1.,2.22044604925E-16));
#3567 = DIRECTION('',(-1.,-1.528291382336E-15,2.22044604925E-16));
#3568 = ADVANCED_FACE('',(#3569),#3580,.T.);
#3569 = FACE_BOUND('',#3570,.T.);
#3570 = EDGE_LOOP('',(#3571,#3572,#3573,#3579));
#3571 = ORIENTED_EDGE('',*,*,#3557,.F.);
#3572 = ORIENTED_EDGE('',*,*,#3340,.T.);
#3573 = ORIENTED_EDGE('',*,*,#3574,.T.);
#3574 = EDGE_CURVE('',#3333,#3445,#3575,.T.);
#3575 = LINE('',#3576,#3577);
#3576 = CARTESIAN_POINT('',(0.75,-0.585,0.519341649025));
#3577 = VECTOR('',#3578,1.);
#3578 = DIRECTION('',(-2.22044604925E-16,2.22044604925E-16,-1.));
#3579 = ORIENTED_EDGE('',*,*,#3444,.F.);
#3580 = PLANE('',#3581);
#3581 = AXIS2_PLACEMENT_3D('',#3582,#3583,#3584);
#3582 = CARTESIAN_POINT('',(0.75,-0.415,0.519341649025));
#3583 = DIRECTION('',(1.,1.71962117748E-15,-2.22044604925E-16));
#3584 = DIRECTION('',(-1.71962117748E-15,1.,2.22044604925E-16));
#3585 = ADVANCED_FACE('',(#3586),#3597,.T.);
#3586 = FACE_BOUND('',#3587,.T.);
#3587 = EDGE_LOOP('',(#3588,#3589,#3590,#3596));
#3588 = ORIENTED_EDGE('',*,*,#3574,.F.);
#3589 = ORIENTED_EDGE('',*,*,#3332,.T.);
#3590 = ORIENTED_EDGE('',*,*,#3591,.T.);
#3591 = EDGE_CURVE('',#3325,#3453,#3592,.T.);
#3592 = LINE('',#3593,#3594);
#3593 = CARTESIAN_POINT('',(0.65,-0.585,0.519341649025));
#3594 = VECTOR('',#3595,1.);
#3595 = DIRECTION('',(-2.22044604925E-16,2.22044604925E-16,-1.));
#3596 = ORIENTED_EDGE('',*,*,#3452,.F.);
#3597 = PLANE('',#3598);
#3598 = AXIS2_PLACEMENT_3D('',#3599,#3600,#3601);
#3599 = CARTESIAN_POINT('',(0.65,-0.585,0.519341649025));
#3600 = DIRECTION('',(4.440892098501E-16,-1.,-2.22044604925E-16));
#3601 = DIRECTION('',(1.,4.440892098501E-16,-2.22044604925E-16));
#3602 = ADVANCED_FACE('',(#3603),#3614,.T.);
#3603 = FACE_BOUND('',#3604,.T.);
#3604 = EDGE_LOOP('',(#3605,#3606,#3607,#3613));
#3605 = ORIENTED_EDGE('',*,*,#3591,.F.);
#3606 = ORIENTED_EDGE('',*,*,#3324,.T.);
#3607 = ORIENTED_EDGE('',*,*,#3608,.T.);
#3608 = EDGE_CURVE('',#3317,#3461,#3609,.T.);
#3609 = LINE('',#3610,#3611);
#3610 = CARTESIAN_POINT('',(0.608940672324,-0.608705613886,
    0.519341649025));
#3611 = VECTOR('',#3612,1.);
#3612 = DIRECTION('',(-2.22044604925E-16,2.22044604925E-16,-1.));
#3613 = ORIENTED_EDGE('',*,*,#3460,.F.);
#3614 = PLANE('',#3615);
#3615 = AXIS2_PLACEMENT_3D('',#3616,#3617,#3618);
#3616 = CARTESIAN_POINT('',(0.608940672324,-0.608705613886,
    0.519341649025));
#3617 = DIRECTION('',(0.5,-0.866025403784,-3.033185711009E-16));
#3618 = DIRECTION('',(0.866025403784,0.5,-8.127396617584E-17));
#3619 = ADVANCED_FACE('',(#3620),#3631,.T.);
#3620 = FACE_BOUND('',#3621,.T.);
#3621 = EDGE_LOOP('',(#3622,#3623,#3624,#3630));
#3622 = ORIENTED_EDGE('',*,*,#3608,.F.);
#3623 = ORIENTED_EDGE('',*,*,#3316,.T.);
#3624 = ORIENTED_EDGE('',*,*,#3625,.T.);
#3625 = EDGE_CURVE('',#3307,#3395,#3626,.T.);
#3626 = LINE('',#3627,#3628);
#3627 = CARTESIAN_POINT('',(0.593759601423,-0.635,0.519341649025));
#3628 = VECTOR('',#3629,1.);
#3629 = DIRECTION('',(-2.22044604925E-16,2.22044604925E-16,-1.));
#3630 = ORIENTED_EDGE('',*,*,#3468,.F.);
#3631 = PLANE('',#3632);
#3632 = AXIS2_PLACEMENT_3D('',#3633,#3634,#3635);
#3633 = CARTESIAN_POINT('',(0.593759601423,-0.635,0.519341649025));
#3634 = DIRECTION('',(0.866025403784,-0.5,-3.033185711009E-16));
#3635 = DIRECTION('',(0.5,0.866025403784,8.127396617584E-17));
#3636 = ADVANCED_FACE('',(#3637),#3643,.T.);
#3637 = FACE_BOUND('',#3638,.T.);
#3638 = EDGE_LOOP('',(#3639,#3640,#3641,#3642));
#3639 = ORIENTED_EDGE('',*,*,#3625,.F.);
#3640 = ORIENTED_EDGE('',*,*,#3306,.T.);
#3641 = ORIENTED_EDGE('',*,*,#3482,.T.);
#3642 = ORIENTED_EDGE('',*,*,#3394,.F.);
#3643 = PLANE('',#3644);
#3644 = AXIS2_PLACEMENT_3D('',#3645,#3646,#3647);
#3645 = CARTESIAN_POINT('',(0.36,-0.635,0.519341649025));
#3646 = DIRECTION('',(9.078999649522E-16,-1.,-2.22044604925E-16));
#3647 = DIRECTION('',(1.,9.078999649522E-16,-2.22044604925E-16));
#3648 = MANIFOLD_SOLID_BREP('',#3649);
#3649 = CLOSED_SHELL('',(#3650,#3738,#3826,#3848,#3865,#3882,#3899,#3916
    ,#3933,#3950,#3967,#3984));
#3650 = ADVANCED_FACE('',(#3651),#3733,.T.);
#3651 = FACE_BOUND('',#3652,.T.);
#3652 = EDGE_LOOP('',(#3653,#3663,#3671,#3679,#3687,#3695,#3703,#3711,
    #3719,#3727));
#3653 = ORIENTED_EDGE('',*,*,#3654,.F.);
#3654 = EDGE_CURVE('',#3655,#3657,#3659,.T.);
#3655 = VERTEX_POINT('',#3656);
#3656 = CARTESIAN_POINT('',(-0.608940672324,-0.108705613886,4.5E-02));
#3657 = VERTEX_POINT('',#3658);
#3658 = CARTESIAN_POINT('',(-0.65,-8.5E-02,4.5E-02));
#3659 = LINE('',#3660,#3661);
#3660 = CARTESIAN_POINT('',(-0.608940672324,-0.108705613886,4.5E-02));
#3661 = VECTOR('',#3662,1.);
#3662 = DIRECTION('',(-0.866025403784,0.5,3.033185711009E-16));
#3663 = ORIENTED_EDGE('',*,*,#3664,.F.);
#3664 = EDGE_CURVE('',#3665,#3655,#3667,.T.);
#3665 = VERTEX_POINT('',#3666);
#3666 = CARTESIAN_POINT('',(-0.593759601423,-0.135,4.5E-02));
#3667 = LINE('',#3668,#3669);
#3668 = CARTESIAN_POINT('',(-0.593759601423,-0.135,4.5E-02));
#3669 = VECTOR('',#3670,1.);
#3670 = DIRECTION('',(-0.5,0.866025403784,3.033185711009E-16));
#3671 = ORIENTED_EDGE('',*,*,#3672,.F.);
#3672 = EDGE_CURVE('',#3673,#3665,#3675,.T.);
#3673 = VERTEX_POINT('',#3674);
#3674 = CARTESIAN_POINT('',(-0.36,-0.135,4.5E-02));
#3675 = LINE('',#3676,#3677);
#3676 = CARTESIAN_POINT('',(-0.36,-0.135,4.5E-02));
#3677 = VECTOR('',#3678,1.);
#3678 = DIRECTION('',(-1.,-4.440892098501E-16,2.22044604925E-16));
#3679 = ORIENTED_EDGE('',*,*,#3680,.F.);
#3680 = EDGE_CURVE('',#3681,#3673,#3683,.T.);
#3681 = VERTEX_POINT('',#3682);
#3682 = CARTESIAN_POINT('',(-0.36,0.135,4.5E-02));
#3683 = LINE('',#3684,#3685);
#3684 = CARTESIAN_POINT('',(-0.36,-0.135,4.5E-02));
#3685 = VECTOR('',#3686,1.);
#3686 = DIRECTION('',(4.440892098501E-16,-1.,-2.22044604925E-16));
#3687 = ORIENTED_EDGE('',*,*,#3688,.F.);
#3688 = EDGE_CURVE('',#3689,#3681,#3691,.T.);
#3689 = VERTEX_POINT('',#3690);
#3690 = CARTESIAN_POINT('',(-0.593759601423,0.135,4.5E-02));
#3691 = LINE('',#3692,#3693);
#3692 = CARTESIAN_POINT('',(-0.36,0.135,4.5E-02));
#3693 = VECTOR('',#3694,1.);
#3694 = DIRECTION('',(1.,4.440892098501E-16,-2.22044604925E-16));
#3695 = ORIENTED_EDGE('',*,*,#3696,.F.);
#3696 = EDGE_CURVE('',#3697,#3689,#3699,.T.);
#3697 = VERTEX_POINT('',#3698);
#3698 = CARTESIAN_POINT('',(-0.608940672324,0.108705613886,4.5E-02));
#3699 = LINE('',#3700,#3701);
#3700 = CARTESIAN_POINT('',(-0.593759601423,0.135,4.5E-02));
#3701 = VECTOR('',#3702,1.);
#3702 = DIRECTION('',(0.5,0.866025403784,8.127396617584E-17));
#3703 = ORIENTED_EDGE('',*,*,#3704,.F.);
#3704 = EDGE_CURVE('',#3705,#3697,#3707,.T.);
#3705 = VERTEX_POINT('',#3706);
#3706 = CARTESIAN_POINT('',(-0.65,8.5E-02,4.5E-02));
#3707 = LINE('',#3708,#3709);
#3708 = CARTESIAN_POINT('',(-0.608940672324,0.108705613886,4.5E-02));
#3709 = VECTOR('',#3710,1.);
#3710 = DIRECTION('',(0.866025403784,0.5,-8.127396617584E-17));
#3711 = ORIENTED_EDGE('',*,*,#3712,.F.);
#3712 = EDGE_CURVE('',#3713,#3705,#3715,.T.);
#3713 = VERTEX_POINT('',#3714);
#3714 = CARTESIAN_POINT('',(-0.75,8.5E-02,4.5E-02));
#3715 = LINE('',#3716,#3717);
#3716 = CARTESIAN_POINT('',(-0.65,8.5E-02,4.5E-02));
#3717 = VECTOR('',#3718,1.);
#3718 = DIRECTION('',(1.,-6.401129626354E-16,-2.22044604925E-16));
#3719 = ORIENTED_EDGE('',*,*,#3720,.F.);
#3720 = EDGE_CURVE('',#3721,#3713,#3723,.T.);
#3721 = VERTEX_POINT('',#3722);
#3722 = CARTESIAN_POINT('',(-0.75,-8.5E-02,4.5E-02));
#3723 = LINE('',#3724,#3725);
#3724 = CARTESIAN_POINT('',(-0.75,8.5E-02,4.5E-02));
#3725 = VECTOR('',#3726,1.);
#3726 = DIRECTION('',(-4.440892098501E-16,1.,2.22044604925E-16));
#3727 = ORIENTED_EDGE('',*,*,#3728,.F.);
#3728 = EDGE_CURVE('',#3657,#3721,#3729,.T.);
#3729 = LINE('',#3730,#3731);
#3730 = CARTESIAN_POINT('',(-0.65,-8.5E-02,4.5E-02));
#3731 = VECTOR('',#3732,1.);
#3732 = DIRECTION('',(-1.,-1.528291382336E-15,2.22044604925E-16));
#3733 = PLANE('',#3734);
#3734 = AXIS2_PLACEMENT_3D('',#3735,#3736,#3737);
#3735 = CARTESIAN_POINT('',(1.898481372109E-16,-0.5,4.5E-02));
#3736 = DIRECTION('',(2.22044604925E-16,-2.22044604925E-16,1.));
#3737 = DIRECTION('',(1.,4.440892098501E-16,-2.22044604925E-16));
#3738 = ADVANCED_FACE('',(#3739),#3821,.F.);
#3739 = FACE_BOUND('',#3740,.T.);
#3740 = EDGE_LOOP('',(#3741,#3751,#3759,#3767,#3775,#3783,#3791,#3799,
    #3807,#3815));
#3741 = ORIENTED_EDGE('',*,*,#3742,.T.);
#3742 = EDGE_CURVE('',#3743,#3745,#3747,.T.);
#3743 = VERTEX_POINT('',#3744);
#3744 = CARTESIAN_POINT('',(-0.608940672324,-0.108705613886,-3.5E-02));
#3745 = VERTEX_POINT('',#3746);
#3746 = CARTESIAN_POINT('',(-0.65,-8.5E-02,-3.5E-02));
#3747 = LINE('',#3748,#3749);
#3748 = CARTESIAN_POINT('',(-0.608940672324,-0.108705613886,-3.5E-02));
#3749 = VECTOR('',#3750,1.);
#3750 = DIRECTION('',(-0.866025403784,0.5,3.033185711009E-16));
#3751 = ORIENTED_EDGE('',*,*,#3752,.T.);
#3752 = EDGE_CURVE('',#3745,#3753,#3755,.T.);
#3753 = VERTEX_POINT('',#3754);
#3754 = CARTESIAN_POINT('',(-0.75,-8.5E-02,-3.5E-02));
#3755 = LINE('',#3756,#3757);
#3756 = CARTESIAN_POINT('',(-0.65,-8.5E-02,-3.5E-02));
#3757 = VECTOR('',#3758,1.);
#3758 = DIRECTION('',(-1.,-1.528291382336E-15,2.22044604925E-16));
#3759 = ORIENTED_EDGE('',*,*,#3760,.T.);
#3760 = EDGE_CURVE('',#3753,#3761,#3763,.T.);
#3761 = VERTEX_POINT('',#3762);
#3762 = CARTESIAN_POINT('',(-0.75,8.5E-02,-3.5E-02));
#3763 = LINE('',#3764,#3765);
#3764 = CARTESIAN_POINT('',(-0.75,8.5E-02,-3.5E-02));
#3765 = VECTOR('',#3766,1.);
#3766 = DIRECTION('',(-4.440892098501E-16,1.,2.22044604925E-16));
#3767 = ORIENTED_EDGE('',*,*,#3768,.T.);
#3768 = EDGE_CURVE('',#3761,#3769,#3771,.T.);
#3769 = VERTEX_POINT('',#3770);
#3770 = CARTESIAN_POINT('',(-0.65,8.5E-02,-3.5E-02));
#3771 = LINE('',#3772,#3773);
#3772 = CARTESIAN_POINT('',(-0.65,8.5E-02,-3.5E-02));
#3773 = VECTOR('',#3774,1.);
#3774 = DIRECTION('',(1.,-6.401129626354E-16,-2.22044604925E-16));
#3775 = ORIENTED_EDGE('',*,*,#3776,.T.);
#3776 = EDGE_CURVE('',#3769,#3777,#3779,.T.);
#3777 = VERTEX_POINT('',#3778);
#3778 = CARTESIAN_POINT('',(-0.608940672324,0.108705613886,-3.5E-02));
#3779 = LINE('',#3780,#3781);
#3780 = CARTESIAN_POINT('',(-0.608940672324,0.108705613886,-3.5E-02));
#3781 = VECTOR('',#3782,1.);
#3782 = DIRECTION('',(0.866025403784,0.5,-8.127396617584E-17));
#3783 = ORIENTED_EDGE('',*,*,#3784,.T.);
#3784 = EDGE_CURVE('',#3777,#3785,#3787,.T.);
#3785 = VERTEX_POINT('',#3786);
#3786 = CARTESIAN_POINT('',(-0.593759601423,0.135,-3.5E-02));
#3787 = LINE('',#3788,#3789);
#3788 = CARTESIAN_POINT('',(-0.593759601423,0.135,-3.5E-02));
#3789 = VECTOR('',#3790,1.);
#3790 = DIRECTION('',(0.5,0.866025403784,8.127396617584E-17));
#3791 = ORIENTED_EDGE('',*,*,#3792,.T.);
#3792 = EDGE_CURVE('',#3785,#3793,#3795,.T.);
#3793 = VERTEX_POINT('',#3794);
#3794 = CARTESIAN_POINT('',(-0.36,0.135,-3.5E-02));
#3795 = LINE('',#3796,#3797);
#3796 = CARTESIAN_POINT('',(-0.36,0.135,-3.5E-02));
#3797 = VECTOR('',#3798,1.);
#3798 = DIRECTION('',(1.,4.440892098501E-16,-2.22044604925E-16));
#3799 = ORIENTED_EDGE('',*,*,#3800,.T.);
#3800 = EDGE_CURVE('',#3793,#3801,#3803,.T.);
#3801 = VERTEX_POINT('',#3802);
#3802 = CARTESIAN_POINT('',(-0.36,-0.135,-3.5E-02));
#3803 = LINE('',#3804,#3805);
#3804 = CARTESIAN_POINT('',(-0.36,-0.135,-3.5E-02));
#3805 = VECTOR('',#3806,1.);
#3806 = DIRECTION('',(4.440892098501E-16,-1.,-2.22044604925E-16));
#3807 = ORIENTED_EDGE('',*,*,#3808,.T.);
#3808 = EDGE_CURVE('',#3801,#3809,#3811,.T.);
#3809 = VERTEX_POINT('',#3810);
#3810 = CARTESIAN_POINT('',(-0.593759601423,-0.135,-3.5E-02));
#3811 = LINE('',#3812,#3813);
#3812 = CARTESIAN_POINT('',(-0.36,-0.135,-3.5E-02));
#3813 = VECTOR('',#3814,1.);
#3814 = DIRECTION('',(-1.,-4.440892098501E-16,2.22044604925E-16));
#3815 = ORIENTED_EDGE('',*,*,#3816,.T.);
#3816 = EDGE_CURVE('',#3809,#3743,#3817,.T.);
#3817 = LINE('',#3818,#3819);
#3818 = CARTESIAN_POINT('',(-0.593759601423,-0.135,-3.5E-02));
#3819 = VECTOR('',#3820,1.);
#3820 = DIRECTION('',(-0.5,0.866025403784,3.033185711009E-16));
#3821 = PLANE('',#3822);
#3822 = AXIS2_PLACEMENT_3D('',#3823,#3824,#3825);
#3823 = CARTESIAN_POINT('',(1.720845688169E-16,-0.5,-3.5E-02));
#3824 = DIRECTION('',(2.22044604925E-16,-2.22044604925E-16,1.));
#3825 = DIRECTION('',(1.,4.440892098501E-16,-2.22044604925E-16));
#3826 = ADVANCED_FACE('',(#3827),#3843,.T.);
#3827 = FACE_BOUND('',#3828,.T.);
#3828 = EDGE_LOOP('',(#3829,#3835,#3836,#3842));
#3829 = ORIENTED_EDGE('',*,*,#3830,.F.);
#3830 = EDGE_CURVE('',#3657,#3745,#3831,.T.);
#3831 = LINE('',#3832,#3833);
#3832 = CARTESIAN_POINT('',(-0.65,-8.5E-02,0.519341649025));
#3833 = VECTOR('',#3834,1.);
#3834 = DIRECTION('',(-2.22044604925E-16,2.22044604925E-16,-1.));
#3835 = ORIENTED_EDGE('',*,*,#3728,.T.);
#3836 = ORIENTED_EDGE('',*,*,#3837,.T.);
#3837 = EDGE_CURVE('',#3721,#3753,#3838,.T.);
#3838 = LINE('',#3839,#3840);
#3839 = CARTESIAN_POINT('',(-0.75,-8.5E-02,0.519341649025));
#3840 = VECTOR('',#3841,1.);
#3841 = DIRECTION('',(-2.22044604925E-16,2.22044604925E-16,-1.));
#3842 = ORIENTED_EDGE('',*,*,#3752,.F.);
#3843 = PLANE('',#3844);
#3844 = AXIS2_PLACEMENT_3D('',#3845,#3846,#3847);
#3845 = CARTESIAN_POINT('',(-0.65,-8.5E-02,0.519341649025));
#3846 = DIRECTION('',(1.528291382336E-15,-1.,-2.22044604925E-16));
#3847 = DIRECTION('',(1.,1.528291382336E-15,-2.22044604925E-16));
#3848 = ADVANCED_FACE('',(#3849),#3860,.T.);
#3849 = FACE_BOUND('',#3850,.T.);
#3850 = EDGE_LOOP('',(#3851,#3852,#3853,#3859));
#3851 = ORIENTED_EDGE('',*,*,#3837,.F.);
#3852 = ORIENTED_EDGE('',*,*,#3720,.T.);
#3853 = ORIENTED_EDGE('',*,*,#3854,.T.);
#3854 = EDGE_CURVE('',#3713,#3761,#3855,.T.);
#3855 = LINE('',#3856,#3857);
#3856 = CARTESIAN_POINT('',(-0.75,8.5E-02,0.519341649025));
#3857 = VECTOR('',#3858,1.);
#3858 = DIRECTION('',(-2.22044604925E-16,2.22044604925E-16,-1.));
#3859 = ORIENTED_EDGE('',*,*,#3760,.F.);
#3860 = PLANE('',#3861);
#3861 = AXIS2_PLACEMENT_3D('',#3862,#3863,#3864);
#3862 = CARTESIAN_POINT('',(-0.75,8.5E-02,0.519341649025));
#3863 = DIRECTION('',(-1.,-4.440892098501E-16,2.22044604925E-16));
#3864 = DIRECTION('',(4.440892098501E-16,-1.,-2.22044604925E-16));
#3865 = ADVANCED_FACE('',(#3866),#3877,.T.);
#3866 = FACE_BOUND('',#3867,.T.);
#3867 = EDGE_LOOP('',(#3868,#3869,#3870,#3876));
#3868 = ORIENTED_EDGE('',*,*,#3854,.F.);
#3869 = ORIENTED_EDGE('',*,*,#3712,.T.);
#3870 = ORIENTED_EDGE('',*,*,#3871,.T.);
#3871 = EDGE_CURVE('',#3705,#3769,#3872,.T.);
#3872 = LINE('',#3873,#3874);
#3873 = CARTESIAN_POINT('',(-0.65,8.5E-02,0.519341649025));
#3874 = VECTOR('',#3875,1.);
#3875 = DIRECTION('',(-2.22044604925E-16,2.22044604925E-16,-1.));
#3876 = ORIENTED_EDGE('',*,*,#3768,.F.);
#3877 = PLANE('',#3878);
#3878 = AXIS2_PLACEMENT_3D('',#3879,#3880,#3881);
#3879 = CARTESIAN_POINT('',(-0.65,8.5E-02,0.519341649025));
#3880 = DIRECTION('',(6.401129626354E-16,1.,2.22044604925E-16));
#3881 = DIRECTION('',(-1.,6.401129626354E-16,2.22044604925E-16));
#3882 = ADVANCED_FACE('',(#3883),#3894,.T.);
#3883 = FACE_BOUND('',#3884,.T.);
#3884 = EDGE_LOOP('',(#3885,#3886,#3887,#3893));
#3885 = ORIENTED_EDGE('',*,*,#3871,.F.);
#3886 = ORIENTED_EDGE('',*,*,#3704,.T.);
#3887 = ORIENTED_EDGE('',*,*,#3888,.T.);
#3888 = EDGE_CURVE('',#3697,#3777,#3889,.T.);
#3889 = LINE('',#3890,#3891);
#3890 = CARTESIAN_POINT('',(-0.608940672324,0.108705613886,
    0.519341649025));
#3891 = VECTOR('',#3892,1.);
#3892 = DIRECTION('',(-2.22044604925E-16,2.22044604925E-16,-1.));
#3893 = ORIENTED_EDGE('',*,*,#3776,.F.);
#3894 = PLANE('',#3895);
#3895 = AXIS2_PLACEMENT_3D('',#3896,#3897,#3898);
#3896 = CARTESIAN_POINT('',(-0.608940672324,0.108705613886,
    0.519341649025));
#3897 = DIRECTION('',(-0.5,0.866025403784,3.033185711009E-16));
#3898 = DIRECTION('',(-0.866025403784,-0.5,8.127396617584E-17));
#3899 = ADVANCED_FACE('',(#3900),#3911,.T.);
#3900 = FACE_BOUND('',#3901,.T.);
#3901 = EDGE_LOOP('',(#3902,#3903,#3904,#3910));
#3902 = ORIENTED_EDGE('',*,*,#3888,.F.);
#3903 = ORIENTED_EDGE('',*,*,#3696,.T.);
#3904 = ORIENTED_EDGE('',*,*,#3905,.T.);
#3905 = EDGE_CURVE('',#3689,#3785,#3906,.T.);
#3906 = LINE('',#3907,#3908);
#3907 = CARTESIAN_POINT('',(-0.593759601423,0.135,0.519341649025));
#3908 = VECTOR('',#3909,1.);
#3909 = DIRECTION('',(-2.22044604925E-16,2.22044604925E-16,-1.));
#3910 = ORIENTED_EDGE('',*,*,#3784,.F.);
#3911 = PLANE('',#3912);
#3912 = AXIS2_PLACEMENT_3D('',#3913,#3914,#3915);
#3913 = CARTESIAN_POINT('',(-0.593759601423,0.135,0.519341649025));
#3914 = DIRECTION('',(-0.866025403784,0.5,3.033185711009E-16));
#3915 = DIRECTION('',(-0.5,-0.866025403784,-8.127396617584E-17));
#3916 = ADVANCED_FACE('',(#3917),#3928,.T.);
#3917 = FACE_BOUND('',#3918,.T.);
#3918 = EDGE_LOOP('',(#3919,#3920,#3921,#3927));
#3919 = ORIENTED_EDGE('',*,*,#3905,.F.);
#3920 = ORIENTED_EDGE('',*,*,#3688,.T.);
#3921 = ORIENTED_EDGE('',*,*,#3922,.T.);
#3922 = EDGE_CURVE('',#3681,#3793,#3923,.T.);
#3923 = LINE('',#3924,#3925);
#3924 = CARTESIAN_POINT('',(-0.36,0.135,0.519341649025));
#3925 = VECTOR('',#3926,1.);
#3926 = DIRECTION('',(-2.22044604925E-16,2.22044604925E-16,-1.));
#3927 = ORIENTED_EDGE('',*,*,#3792,.F.);
#3928 = PLANE('',#3929);
#3929 = AXIS2_PLACEMENT_3D('',#3930,#3931,#3932);
#3930 = CARTESIAN_POINT('',(-0.36,0.135,0.519341649025));
#3931 = DIRECTION('',(-4.440892098501E-16,1.,2.22044604925E-16));
#3932 = DIRECTION('',(-1.,-4.440892098501E-16,2.22044604925E-16));
#3933 = ADVANCED_FACE('',(#3934),#3945,.T.);
#3934 = FACE_BOUND('',#3935,.T.);
#3935 = EDGE_LOOP('',(#3936,#3937,#3938,#3944));
#3936 = ORIENTED_EDGE('',*,*,#3922,.F.);
#3937 = ORIENTED_EDGE('',*,*,#3680,.T.);
#3938 = ORIENTED_EDGE('',*,*,#3939,.T.);
#3939 = EDGE_CURVE('',#3673,#3801,#3940,.T.);
#3940 = LINE('',#3941,#3942);
#3941 = CARTESIAN_POINT('',(-0.36,-0.135,0.519341649025));
#3942 = VECTOR('',#3943,1.);
#3943 = DIRECTION('',(-2.22044604925E-16,2.22044604925E-16,-1.));
#3944 = ORIENTED_EDGE('',*,*,#3800,.F.);
#3945 = PLANE('',#3946);
#3946 = AXIS2_PLACEMENT_3D('',#3947,#3948,#3949);
#3947 = CARTESIAN_POINT('',(-0.36,-0.135,0.519341649025));
#3948 = DIRECTION('',(1.,4.440892098501E-16,-2.22044604925E-16));
#3949 = DIRECTION('',(-4.440892098501E-16,1.,2.22044604925E-16));
#3950 = ADVANCED_FACE('',(#3951),#3962,.T.);
#3951 = FACE_BOUND('',#3952,.T.);
#3952 = EDGE_LOOP('',(#3953,#3954,#3955,#3961));
#3953 = ORIENTED_EDGE('',*,*,#3939,.F.);
#3954 = ORIENTED_EDGE('',*,*,#3672,.T.);
#3955 = ORIENTED_EDGE('',*,*,#3956,.T.);
#3956 = EDGE_CURVE('',#3665,#3809,#3957,.T.);
#3957 = LINE('',#3958,#3959);
#3958 = CARTESIAN_POINT('',(-0.593759601423,-0.135,0.519341649025));
#3959 = VECTOR('',#3960,1.);
#3960 = DIRECTION('',(-2.22044604925E-16,2.22044604925E-16,-1.));
#3961 = ORIENTED_EDGE('',*,*,#3808,.F.);
#3962 = PLANE('',#3963);
#3963 = AXIS2_PLACEMENT_3D('',#3964,#3965,#3966);
#3964 = CARTESIAN_POINT('',(-0.36,-0.135,0.519341649025));
#3965 = DIRECTION('',(4.440892098501E-16,-1.,-2.22044604925E-16));
#3966 = DIRECTION('',(1.,4.440892098501E-16,-2.22044604925E-16));
#3967 = ADVANCED_FACE('',(#3968),#3979,.T.);
#3968 = FACE_BOUND('',#3969,.T.);
#3969 = EDGE_LOOP('',(#3970,#3971,#3972,#3978));
#3970 = ORIENTED_EDGE('',*,*,#3956,.F.);
#3971 = ORIENTED_EDGE('',*,*,#3664,.T.);
#3972 = ORIENTED_EDGE('',*,*,#3973,.T.);
#3973 = EDGE_CURVE('',#3655,#3743,#3974,.T.);
#3974 = LINE('',#3975,#3976);
#3975 = CARTESIAN_POINT('',(-0.608940672324,-0.108705613886,
    0.519341649025));
#3976 = VECTOR('',#3977,1.);
#3977 = DIRECTION('',(-2.22044604925E-16,2.22044604925E-16,-1.));
#3978 = ORIENTED_EDGE('',*,*,#3816,.F.);
#3979 = PLANE('',#3980);
#3980 = AXIS2_PLACEMENT_3D('',#3981,#3982,#3983);
#3981 = CARTESIAN_POINT('',(-0.593759601423,-0.135,0.519341649025));
#3982 = DIRECTION('',(-0.866025403784,-0.5,8.127396617584E-17));
#3983 = DIRECTION('',(0.5,-0.866025403784,-3.033185711009E-16));
#3984 = ADVANCED_FACE('',(#3985),#3991,.T.);
#3985 = FACE_BOUND('',#3986,.T.);
#3986 = EDGE_LOOP('',(#3987,#3988,#3989,#3990));
#3987 = ORIENTED_EDGE('',*,*,#3973,.F.);
#3988 = ORIENTED_EDGE('',*,*,#3654,.T.);
#3989 = ORIENTED_EDGE('',*,*,#3830,.T.);
#3990 = ORIENTED_EDGE('',*,*,#3742,.F.);
#3991 = PLANE('',#3992);
#3992 = AXIS2_PLACEMENT_3D('',#3993,#3994,#3995);
#3993 = CARTESIAN_POINT('',(-0.608940672324,-0.108705613886,
    0.519341649025));
#3994 = DIRECTION('',(-0.5,-0.866025403784,-8.127396617584E-17));
#3995 = DIRECTION('',(0.866025403784,-0.5,-3.033185711009E-16));
#3996 = MANIFOLD_SOLID_BREP('',#3997);
#3997 = CLOSED_SHELL('',(#3998,#4086,#4174,#4196,#4213,#4230,#4247,#4264
    ,#4281,#4298,#4315,#4332));
#3998 = ADVANCED_FACE('',(#3999),#4081,.T.);
#3999 = FACE_BOUND('',#4000,.T.);
#4000 = EDGE_LOOP('',(#4001,#4011,#4019,#4027,#4035,#4043,#4051,#4059,
    #4067,#4075));
#4001 = ORIENTED_EDGE('',*,*,#4002,.F.);
#4002 = EDGE_CURVE('',#4003,#4005,#4007,.T.);
#4003 = VERTEX_POINT('',#4004);
#4004 = CARTESIAN_POINT('',(-0.608940672324,-0.608705613886,4.5E-02));
#4005 = VERTEX_POINT('',#4006);
#4006 = CARTESIAN_POINT('',(-0.65,-0.585,4.5E-02));
#4007 = LINE('',#4008,#4009);
#4008 = CARTESIAN_POINT('',(-0.608940672324,-0.608705613886,4.5E-02));
#4009 = VECTOR('',#4010,1.);
#4010 = DIRECTION('',(-0.866025403784,0.5,3.033185711009E-16));
#4011 = ORIENTED_EDGE('',*,*,#4012,.F.);
#4012 = EDGE_CURVE('',#4013,#4003,#4015,.T.);
#4013 = VERTEX_POINT('',#4014);
#4014 = CARTESIAN_POINT('',(-0.593759601423,-0.635,4.5E-02));
#4015 = LINE('',#4016,#4017);
#4016 = CARTESIAN_POINT('',(-0.593759601423,-0.635,4.5E-02));
#4017 = VECTOR('',#4018,1.);
#4018 = DIRECTION('',(-0.5,0.866025403784,3.033185711009E-16));
#4019 = ORIENTED_EDGE('',*,*,#4020,.F.);
#4020 = EDGE_CURVE('',#4021,#4013,#4023,.T.);
#4021 = VERTEX_POINT('',#4022);
#4022 = CARTESIAN_POINT('',(-0.36,-0.635,4.5E-02));
#4023 = LINE('',#4024,#4025);
#4024 = CARTESIAN_POINT('',(-0.36,-0.635,4.5E-02));
#4025 = VECTOR('',#4026,1.);
#4026 = DIRECTION('',(-1.,-4.440892098501E-16,2.22044604925E-16));
#4027 = ORIENTED_EDGE('',*,*,#4028,.F.);
#4028 = EDGE_CURVE('',#4029,#4021,#4031,.T.);
#4029 = VERTEX_POINT('',#4030);
#4030 = CARTESIAN_POINT('',(-0.36,-0.365,4.5E-02));
#4031 = LINE('',#4032,#4033);
#4032 = CARTESIAN_POINT('',(-0.36,-0.635,4.5E-02));
#4033 = VECTOR('',#4034,1.);
#4034 = DIRECTION('',(4.440892098501E-16,-1.,-2.22044604925E-16));
#4035 = ORIENTED_EDGE('',*,*,#4036,.F.);
#4036 = EDGE_CURVE('',#4037,#4029,#4039,.T.);
#4037 = VERTEX_POINT('',#4038);
#4038 = CARTESIAN_POINT('',(-0.593759601423,-0.365,4.5E-02));
#4039 = LINE('',#4040,#4041);
#4040 = CARTESIAN_POINT('',(-0.36,-0.365,4.5E-02));
#4041 = VECTOR('',#4042,1.);
#4042 = DIRECTION('',(1.,4.440892098501E-16,-2.22044604925E-16));
#4043 = ORIENTED_EDGE('',*,*,#4044,.F.);
#4044 = EDGE_CURVE('',#4045,#4037,#4047,.T.);
#4045 = VERTEX_POINT('',#4046);
#4046 = CARTESIAN_POINT('',(-0.608940672324,-0.391294386114,4.5E-02));
#4047 = LINE('',#4048,#4049);
#4048 = CARTESIAN_POINT('',(-0.593759601423,-0.365,4.5E-02));
#4049 = VECTOR('',#4050,1.);
#4050 = DIRECTION('',(0.5,0.866025403784,8.127396617584E-17));
#4051 = ORIENTED_EDGE('',*,*,#4052,.F.);
#4052 = EDGE_CURVE('',#4053,#4045,#4055,.T.);
#4053 = VERTEX_POINT('',#4054);
#4054 = CARTESIAN_POINT('',(-0.65,-0.415,4.5E-02));
#4055 = LINE('',#4056,#4057);
#4056 = CARTESIAN_POINT('',(-0.608940672324,-0.391294386114,4.5E-02));
#4057 = VECTOR('',#4058,1.);
#4058 = DIRECTION('',(0.866025403784,0.5,-8.127396617584E-17));
#4059 = ORIENTED_EDGE('',*,*,#4060,.F.);
#4060 = EDGE_CURVE('',#4061,#4053,#4063,.T.);
#4061 = VERTEX_POINT('',#4062);
#4062 = CARTESIAN_POINT('',(-0.75,-0.415,4.5E-02));
#4063 = LINE('',#4064,#4065);
#4064 = CARTESIAN_POINT('',(-0.65,-0.415,4.5E-02));
#4065 = VECTOR('',#4066,1.);
#4066 = DIRECTION('',(1.,-6.401129626354E-16,-2.22044604925E-16));
#4067 = ORIENTED_EDGE('',*,*,#4068,.F.);
#4068 = EDGE_CURVE('',#4069,#4061,#4071,.T.);
#4069 = VERTEX_POINT('',#4070);
#4070 = CARTESIAN_POINT('',(-0.75,-0.585,4.5E-02));
#4071 = LINE('',#4072,#4073);
#4072 = CARTESIAN_POINT('',(-0.75,-0.415,4.5E-02));
#4073 = VECTOR('',#4074,1.);
#4074 = DIRECTION('',(-4.440892098501E-16,1.,2.22044604925E-16));
#4075 = ORIENTED_EDGE('',*,*,#4076,.F.);
#4076 = EDGE_CURVE('',#4005,#4069,#4077,.T.);
#4077 = LINE('',#4078,#4079);
#4078 = CARTESIAN_POINT('',(-0.65,-0.585,4.5E-02));
#4079 = VECTOR('',#4080,1.);
#4080 = DIRECTION('',(-1.,-1.528291382336E-15,2.22044604925E-16));
#4081 = PLANE('',#4082);
#4082 = AXIS2_PLACEMENT_3D('',#4083,#4084,#4085);
#4083 = CARTESIAN_POINT('',(4.118927421359E-16,-1.,4.5E-02));
#4084 = DIRECTION('',(2.22044604925E-16,-2.22044604925E-16,1.));
#4085 = DIRECTION('',(1.,4.440892098501E-16,-2.22044604925E-16));
#4086 = ADVANCED_FACE('',(#4087),#4169,.F.);
#4087 = FACE_BOUND('',#4088,.T.);
#4088 = EDGE_LOOP('',(#4089,#4099,#4107,#4115,#4123,#4131,#4139,#4147,
    #4155,#4163));
#4089 = ORIENTED_EDGE('',*,*,#4090,.T.);
#4090 = EDGE_CURVE('',#4091,#4093,#4095,.T.);
#4091 = VERTEX_POINT('',#4092);
#4092 = CARTESIAN_POINT('',(-0.608940672324,-0.608705613886,-3.5E-02));
#4093 = VERTEX_POINT('',#4094);
#4094 = CARTESIAN_POINT('',(-0.65,-0.585,-3.5E-02));
#4095 = LINE('',#4096,#4097);
#4096 = CARTESIAN_POINT('',(-0.608940672324,-0.608705613886,-3.5E-02));
#4097 = VECTOR('',#4098,1.);
#4098 = DIRECTION('',(-0.866025403784,0.5,3.033185711009E-16));
#4099 = ORIENTED_EDGE('',*,*,#4100,.T.);
#4100 = EDGE_CURVE('',#4093,#4101,#4103,.T.);
#4101 = VERTEX_POINT('',#4102);
#4102 = CARTESIAN_POINT('',(-0.75,-0.585,-3.5E-02));
#4103 = LINE('',#4104,#4105);
#4104 = CARTESIAN_POINT('',(-0.65,-0.585,-3.5E-02));
#4105 = VECTOR('',#4106,1.);
#4106 = DIRECTION('',(-1.,-1.528291382336E-15,2.22044604925E-16));
#4107 = ORIENTED_EDGE('',*,*,#4108,.T.);
#4108 = EDGE_CURVE('',#4101,#4109,#4111,.T.);
#4109 = VERTEX_POINT('',#4110);
#4110 = CARTESIAN_POINT('',(-0.75,-0.415,-3.5E-02));
#4111 = LINE('',#4112,#4113);
#4112 = CARTESIAN_POINT('',(-0.75,-0.415,-3.5E-02));
#4113 = VECTOR('',#4114,1.);
#4114 = DIRECTION('',(-4.440892098501E-16,1.,2.22044604925E-16));
#4115 = ORIENTED_EDGE('',*,*,#4116,.T.);
#4116 = EDGE_CURVE('',#4109,#4117,#4119,.T.);
#4117 = VERTEX_POINT('',#4118);
#4118 = CARTESIAN_POINT('',(-0.65,-0.415,-3.5E-02));
#4119 = LINE('',#4120,#4121);
#4120 = CARTESIAN_POINT('',(-0.65,-0.415,-3.5E-02));
#4121 = VECTOR('',#4122,1.);
#4122 = DIRECTION('',(1.,-6.401129626354E-16,-2.22044604925E-16));
#4123 = ORIENTED_EDGE('',*,*,#4124,.T.);
#4124 = EDGE_CURVE('',#4117,#4125,#4127,.T.);
#4125 = VERTEX_POINT('',#4126);
#4126 = CARTESIAN_POINT('',(-0.608940672324,-0.391294386114,-3.5E-02));
#4127 = LINE('',#4128,#4129);
#4128 = CARTESIAN_POINT('',(-0.608940672324,-0.391294386114,-3.5E-02));
#4129 = VECTOR('',#4130,1.);
#4130 = DIRECTION('',(0.866025403784,0.5,-8.127396617584E-17));
#4131 = ORIENTED_EDGE('',*,*,#4132,.T.);
#4132 = EDGE_CURVE('',#4125,#4133,#4135,.T.);
#4133 = VERTEX_POINT('',#4134);
#4134 = CARTESIAN_POINT('',(-0.593759601423,-0.365,-3.5E-02));
#4135 = LINE('',#4136,#4137);
#4136 = CARTESIAN_POINT('',(-0.593759601423,-0.365,-3.5E-02));
#4137 = VECTOR('',#4138,1.);
#4138 = DIRECTION('',(0.5,0.866025403784,8.127396617584E-17));
#4139 = ORIENTED_EDGE('',*,*,#4140,.T.);
#4140 = EDGE_CURVE('',#4133,#4141,#4143,.T.);
#4141 = VERTEX_POINT('',#4142);
#4142 = CARTESIAN_POINT('',(-0.36,-0.365,-3.5E-02));
#4143 = LINE('',#4144,#4145);
#4144 = CARTESIAN_POINT('',(-0.36,-0.365,-3.5E-02));
#4145 = VECTOR('',#4146,1.);
#4146 = DIRECTION('',(1.,4.440892098501E-16,-2.22044604925E-16));
#4147 = ORIENTED_EDGE('',*,*,#4148,.T.);
#4148 = EDGE_CURVE('',#4141,#4149,#4151,.T.);
#4149 = VERTEX_POINT('',#4150);
#4150 = CARTESIAN_POINT('',(-0.36,-0.635,-3.5E-02));
#4151 = LINE('',#4152,#4153);
#4152 = CARTESIAN_POINT('',(-0.36,-0.635,-3.5E-02));
#4153 = VECTOR('',#4154,1.);
#4154 = DIRECTION('',(4.440892098501E-16,-1.,-2.22044604925E-16));
#4155 = ORIENTED_EDGE('',*,*,#4156,.T.);
#4156 = EDGE_CURVE('',#4149,#4157,#4159,.T.);
#4157 = VERTEX_POINT('',#4158);
#4158 = CARTESIAN_POINT('',(-0.593759601423,-0.635,-3.5E-02));
#4159 = LINE('',#4160,#4161);
#4160 = CARTESIAN_POINT('',(-0.36,-0.635,-3.5E-02));
#4161 = VECTOR('',#4162,1.);
#4162 = DIRECTION('',(-1.,-4.440892098501E-16,2.22044604925E-16));
#4163 = ORIENTED_EDGE('',*,*,#4164,.T.);
#4164 = EDGE_CURVE('',#4157,#4091,#4165,.T.);
#4165 = LINE('',#4166,#4167);
#4166 = CARTESIAN_POINT('',(-0.593759601423,-0.635,-3.5E-02));
#4167 = VECTOR('',#4168,1.);
#4168 = DIRECTION('',(-0.5,0.866025403784,3.033185711009E-16));
#4169 = PLANE('',#4170);
#4170 = AXIS2_PLACEMENT_3D('',#4171,#4172,#4173);
#4171 = CARTESIAN_POINT('',(3.941291737419E-16,-1.,-3.5E-02));
#4172 = DIRECTION('',(2.22044604925E-16,-2.22044604925E-16,1.));
#4173 = DIRECTION('',(1.,4.440892098501E-16,-2.22044604925E-16));
#4174 = ADVANCED_FACE('',(#4175),#4191,.T.);
#4175 = FACE_BOUND('',#4176,.T.);
#4176 = EDGE_LOOP('',(#4177,#4183,#4184,#4190));
#4177 = ORIENTED_EDGE('',*,*,#4178,.F.);
#4178 = EDGE_CURVE('',#4005,#4093,#4179,.T.);
#4179 = LINE('',#4180,#4181);
#4180 = CARTESIAN_POINT('',(-0.65,-0.585,0.519341649025));
#4181 = VECTOR('',#4182,1.);
#4182 = DIRECTION('',(-2.22044604925E-16,2.22044604925E-16,-1.));
#4183 = ORIENTED_EDGE('',*,*,#4076,.T.);
#4184 = ORIENTED_EDGE('',*,*,#4185,.T.);
#4185 = EDGE_CURVE('',#4069,#4101,#4186,.T.);
#4186 = LINE('',#4187,#4188);
#4187 = CARTESIAN_POINT('',(-0.75,-0.585,0.519341649025));
#4188 = VECTOR('',#4189,1.);
#4189 = DIRECTION('',(-2.22044604925E-16,2.22044604925E-16,-1.));
#4190 = ORIENTED_EDGE('',*,*,#4100,.F.);
#4191 = PLANE('',#4192);
#4192 = AXIS2_PLACEMENT_3D('',#4193,#4194,#4195);
#4193 = CARTESIAN_POINT('',(-0.65,-0.585,0.519341649025));
#4194 = DIRECTION('',(1.528291382336E-15,-1.,-2.22044604925E-16));
#4195 = DIRECTION('',(1.,1.528291382336E-15,-2.22044604925E-16));
#4196 = ADVANCED_FACE('',(#4197),#4208,.T.);
#4197 = FACE_BOUND('',#4198,.T.);
#4198 = EDGE_LOOP('',(#4199,#4200,#4201,#4207));
#4199 = ORIENTED_EDGE('',*,*,#4185,.F.);
#4200 = ORIENTED_EDGE('',*,*,#4068,.T.);
#4201 = ORIENTED_EDGE('',*,*,#4202,.T.);
#4202 = EDGE_CURVE('',#4061,#4109,#4203,.T.);
#4203 = LINE('',#4204,#4205);
#4204 = CARTESIAN_POINT('',(-0.75,-0.415,0.519341649025));
#4205 = VECTOR('',#4206,1.);
#4206 = DIRECTION('',(-2.22044604925E-16,2.22044604925E-16,-1.));
#4207 = ORIENTED_EDGE('',*,*,#4108,.F.);
#4208 = PLANE('',#4209);
#4209 = AXIS2_PLACEMENT_3D('',#4210,#4211,#4212);
#4210 = CARTESIAN_POINT('',(-0.75,-0.415,0.519341649025));
#4211 = DIRECTION('',(-1.,-4.440892098501E-16,2.22044604925E-16));
#4212 = DIRECTION('',(4.440892098501E-16,-1.,-2.22044604925E-16));
#4213 = ADVANCED_FACE('',(#4214),#4225,.T.);
#4214 = FACE_BOUND('',#4215,.T.);
#4215 = EDGE_LOOP('',(#4216,#4217,#4218,#4224));
#4216 = ORIENTED_EDGE('',*,*,#4202,.F.);
#4217 = ORIENTED_EDGE('',*,*,#4060,.T.);
#4218 = ORIENTED_EDGE('',*,*,#4219,.T.);
#4219 = EDGE_CURVE('',#4053,#4117,#4220,.T.);
#4220 = LINE('',#4221,#4222);
#4221 = CARTESIAN_POINT('',(-0.65,-0.415,0.519341649025));
#4222 = VECTOR('',#4223,1.);
#4223 = DIRECTION('',(-2.22044604925E-16,2.22044604925E-16,-1.));
#4224 = ORIENTED_EDGE('',*,*,#4116,.F.);
#4225 = PLANE('',#4226);
#4226 = AXIS2_PLACEMENT_3D('',#4227,#4228,#4229);
#4227 = CARTESIAN_POINT('',(-0.65,-0.415,0.519341649025));
#4228 = DIRECTION('',(6.401129626354E-16,1.,2.22044604925E-16));
#4229 = DIRECTION('',(-1.,6.401129626354E-16,2.22044604925E-16));
#4230 = ADVANCED_FACE('',(#4231),#4242,.T.);
#4231 = FACE_BOUND('',#4232,.T.);
#4232 = EDGE_LOOP('',(#4233,#4234,#4235,#4241));
#4233 = ORIENTED_EDGE('',*,*,#4219,.F.);
#4234 = ORIENTED_EDGE('',*,*,#4052,.T.);
#4235 = ORIENTED_EDGE('',*,*,#4236,.T.);
#4236 = EDGE_CURVE('',#4045,#4125,#4237,.T.);
#4237 = LINE('',#4238,#4239);
#4238 = CARTESIAN_POINT('',(-0.608940672324,-0.391294386114,
    0.519341649025));
#4239 = VECTOR('',#4240,1.);
#4240 = DIRECTION('',(-2.22044604925E-16,2.22044604925E-16,-1.));
#4241 = ORIENTED_EDGE('',*,*,#4124,.F.);
#4242 = PLANE('',#4243);
#4243 = AXIS2_PLACEMENT_3D('',#4244,#4245,#4246);
#4244 = CARTESIAN_POINT('',(-0.608940672324,-0.391294386114,
    0.519341649025));
#4245 = DIRECTION('',(-0.5,0.866025403784,3.033185711009E-16));
#4246 = DIRECTION('',(-0.866025403784,-0.5,8.127396617584E-17));
#4247 = ADVANCED_FACE('',(#4248),#4259,.T.);
#4248 = FACE_BOUND('',#4249,.T.);
#4249 = EDGE_LOOP('',(#4250,#4251,#4252,#4258));
#4250 = ORIENTED_EDGE('',*,*,#4236,.F.);
#4251 = ORIENTED_EDGE('',*,*,#4044,.T.);
#4252 = ORIENTED_EDGE('',*,*,#4253,.T.);
#4253 = EDGE_CURVE('',#4037,#4133,#4254,.T.);
#4254 = LINE('',#4255,#4256);
#4255 = CARTESIAN_POINT('',(-0.593759601423,-0.365,0.519341649025));
#4256 = VECTOR('',#4257,1.);
#4257 = DIRECTION('',(-2.22044604925E-16,2.22044604925E-16,-1.));
#4258 = ORIENTED_EDGE('',*,*,#4132,.F.);
#4259 = PLANE('',#4260);
#4260 = AXIS2_PLACEMENT_3D('',#4261,#4262,#4263);
#4261 = CARTESIAN_POINT('',(-0.593759601423,-0.365,0.519341649025));
#4262 = DIRECTION('',(-0.866025403784,0.5,3.033185711009E-16));
#4263 = DIRECTION('',(-0.5,-0.866025403784,-8.127396617584E-17));
#4264 = ADVANCED_FACE('',(#4265),#4276,.T.);
#4265 = FACE_BOUND('',#4266,.T.);
#4266 = EDGE_LOOP('',(#4267,#4268,#4269,#4275));
#4267 = ORIENTED_EDGE('',*,*,#4253,.F.);
#4268 = ORIENTED_EDGE('',*,*,#4036,.T.);
#4269 = ORIENTED_EDGE('',*,*,#4270,.T.);
#4270 = EDGE_CURVE('',#4029,#4141,#4271,.T.);
#4271 = LINE('',#4272,#4273);
#4272 = CARTESIAN_POINT('',(-0.36,-0.365,0.519341649025));
#4273 = VECTOR('',#4274,1.);
#4274 = DIRECTION('',(-2.22044604925E-16,2.22044604925E-16,-1.));
#4275 = ORIENTED_EDGE('',*,*,#4140,.F.);
#4276 = PLANE('',#4277);
#4277 = AXIS2_PLACEMENT_3D('',#4278,#4279,#4280);
#4278 = CARTESIAN_POINT('',(-0.36,-0.365,0.519341649025));
#4279 = DIRECTION('',(-4.440892098501E-16,1.,2.22044604925E-16));
#4280 = DIRECTION('',(-1.,-4.440892098501E-16,2.22044604925E-16));
#4281 = ADVANCED_FACE('',(#4282),#4293,.T.);
#4282 = FACE_BOUND('',#4283,.T.);
#4283 = EDGE_LOOP('',(#4284,#4285,#4286,#4292));
#4284 = ORIENTED_EDGE('',*,*,#4270,.F.);
#4285 = ORIENTED_EDGE('',*,*,#4028,.T.);
#4286 = ORIENTED_EDGE('',*,*,#4287,.T.);
#4287 = EDGE_CURVE('',#4021,#4149,#4288,.T.);
#4288 = LINE('',#4289,#4290);
#4289 = CARTESIAN_POINT('',(-0.36,-0.635,0.519341649025));
#4290 = VECTOR('',#4291,1.);
#4291 = DIRECTION('',(-2.22044604925E-16,2.22044604925E-16,-1.));
#4292 = ORIENTED_EDGE('',*,*,#4148,.F.);
#4293 = PLANE('',#4294);
#4294 = AXIS2_PLACEMENT_3D('',#4295,#4296,#4297);
#4295 = CARTESIAN_POINT('',(-0.36,-0.635,0.519341649025));
#4296 = DIRECTION('',(1.,4.440892098501E-16,-2.22044604925E-16));
#4297 = DIRECTION('',(-4.440892098501E-16,1.,2.22044604925E-16));
#4298 = ADVANCED_FACE('',(#4299),#4310,.T.);
#4299 = FACE_BOUND('',#4300,.T.);
#4300 = EDGE_LOOP('',(#4301,#4302,#4303,#4309));
#4301 = ORIENTED_EDGE('',*,*,#4287,.F.);
#4302 = ORIENTED_EDGE('',*,*,#4020,.T.);
#4303 = ORIENTED_EDGE('',*,*,#4304,.T.);
#4304 = EDGE_CURVE('',#4013,#4157,#4305,.T.);
#4305 = LINE('',#4306,#4307);
#4306 = CARTESIAN_POINT('',(-0.593759601423,-0.635,0.519341649025));
#4307 = VECTOR('',#4308,1.);
#4308 = DIRECTION('',(-2.22044604925E-16,2.22044604925E-16,-1.));
#4309 = ORIENTED_EDGE('',*,*,#4156,.F.);
#4310 = PLANE('',#4311);
#4311 = AXIS2_PLACEMENT_3D('',#4312,#4313,#4314);
#4312 = CARTESIAN_POINT('',(-0.36,-0.635,0.519341649025));
#4313 = DIRECTION('',(4.440892098501E-16,-1.,-2.22044604925E-16));
#4314 = DIRECTION('',(1.,4.440892098501E-16,-2.22044604925E-16));
#4315 = ADVANCED_FACE('',(#4316),#4327,.T.);
#4316 = FACE_BOUND('',#4317,.T.);
#4317 = EDGE_LOOP('',(#4318,#4319,#4320,#4326));
#4318 = ORIENTED_EDGE('',*,*,#4304,.F.);
#4319 = ORIENTED_EDGE('',*,*,#4012,.T.);
#4320 = ORIENTED_EDGE('',*,*,#4321,.T.);
#4321 = EDGE_CURVE('',#4003,#4091,#4322,.T.);
#4322 = LINE('',#4323,#4324);
#4323 = CARTESIAN_POINT('',(-0.608940672324,-0.608705613886,
    0.519341649025));
#4324 = VECTOR('',#4325,1.);
#4325 = DIRECTION('',(-2.22044604925E-16,2.22044604925E-16,-1.));
#4326 = ORIENTED_EDGE('',*,*,#4164,.F.);
#4327 = PLANE('',#4328);
#4328 = AXIS2_PLACEMENT_3D('',#4329,#4330,#4331);
#4329 = CARTESIAN_POINT('',(-0.593759601423,-0.635,0.519341649025));
#4330 = DIRECTION('',(-0.866025403784,-0.5,8.127396617584E-17));
#4331 = DIRECTION('',(0.5,-0.866025403784,-3.033185711009E-16));
#4332 = ADVANCED_FACE('',(#4333),#4339,.T.);
#4333 = FACE_BOUND('',#4334,.T.);
#4334 = EDGE_LOOP('',(#4335,#4336,#4337,#4338));
#4335 = ORIENTED_EDGE('',*,*,#4321,.F.);
#4336 = ORIENTED_EDGE('',*,*,#4002,.T.);
#4337 = ORIENTED_EDGE('',*,*,#4178,.T.);
#4338 = ORIENTED_EDGE('',*,*,#4090,.F.);
#4339 = PLANE('',#4340);
#4340 = AXIS2_PLACEMENT_3D('',#4341,#4342,#4343);
#4341 = CARTESIAN_POINT('',(-0.608940672324,-0.608705613886,
    0.519341649025));
#4342 = DIRECTION('',(-0.5,-0.866025403784,-8.127396617584E-17));
#4343 = DIRECTION('',(0.866025403784,-0.5,-3.033185711009E-16));
#4344 = GEOMETRIC_CURVE_SET('',(#4345));
#4345 = TRIMMED_CURVE('',#4346,(#4350,PARAMETER_VALUE(1.211708858432E-15
      )),(#4351,PARAMETER_VALUE(8.246211251235E-02)),.T.,.PARAMETER.);
#4346 = LINE('',#4347,#4348);
#4347 = CARTESIAN_POINT('',(0.55,-0.135,4.5E-02));
#4348 = VECTOR('',#4349,1.);
#4349 = DIRECTION('',(-0.242535625036,-4.783177304388E-18,
    -0.970142500145));
#4350 = CARTESIAN_POINT('',(0.55,-0.135,4.5E-02));
#4351 = CARTESIAN_POINT('',(0.53,-0.135,-3.5E-02));
#4352 = GEOMETRIC_CURVE_SET('',(#4353));
#4353 = TRIMMED_CURVE('',#4354,(#4358,PARAMETER_VALUE(-0.615)),(#4359,
    PARAMETER_VALUE(-0.385)),.T.,.PARAMETER.);
#4354 = LINE('',#4355,#4356);
#4355 = CARTESIAN_POINT('',(0.55,-0.75,4.499999999999E-02));
#4356 = VECTOR('',#4357,1.);
#4357 = DIRECTION('',(5.886494995148E-16,-1.,-2.22044604925E-16));
#4358 = CARTESIAN_POINT('',(0.55,-0.135,4.5E-02));
#4359 = CARTESIAN_POINT('',(0.55,-0.365,4.499999999999E-02));
#4360 = GEOMETRIC_CURVE_SET('',(#4361));
#4361 = TRIMMED_CURVE('',#4362,(#4366,PARAMETER_VALUE(
      -8.246211251235E-02)),(#4367,PARAMETER_VALUE(-1.068996481773E-14))
  ,.T.,.PARAMETER.);
#4362 = LINE('',#4363,#4364);
#4363 = CARTESIAN_POINT('',(0.55,-0.365,4.5E-02));
#4364 = VECTOR('',#4365,1.);
#4365 = DIRECTION('',(0.242535625036,1.172738086917E-16,0.970142500145)
  );
#4366 = CARTESIAN_POINT('',(0.53,-0.365,-3.5E-02));
#4367 = CARTESIAN_POINT('',(0.55,-0.365,4.499999999999E-02));
#4368 = GEOMETRIC_CURVE_SET('',(#4369));
#4369 = TRIMMED_CURVE('',#4370,(#4374,PARAMETER_VALUE(0.135)),(#4375,
    PARAMETER_VALUE(0.365)),.T.,.PARAMETER.);
#4370 = LINE('',#4371,#4372);
#4371 = CARTESIAN_POINT('',(0.53,3.61944270851E-16,-3.5E-02));
#4372 = VECTOR('',#4373,1.);
#4373 = DIRECTION('',(5.886494995148E-16,-1.,-2.22044604925E-16));
#4374 = CARTESIAN_POINT('',(0.53,-0.135,-3.5E-02));
#4375 = CARTESIAN_POINT('',(0.53,-0.365,-3.5E-02));
#4376 = GEOMETRIC_CURVE_SET('',(#4377));
#4377 = TRIMMED_CURVE('',#4378,(#4382,PARAMETER_VALUE(1.211708858432E-15
      )),(#4383,PARAMETER_VALUE(8.246211251235E-02)),.T.,.PARAMETER.);
#4378 = LINE('',#4379,#4380);
#4379 = CARTESIAN_POINT('',(0.55,-0.635,4.5E-02));
#4380 = VECTOR('',#4381,1.);
#4381 = DIRECTION('',(-0.242535625036,-4.783177304388E-18,
    -0.970142500145));
#4382 = CARTESIAN_POINT('',(0.55,-0.635,4.5E-02));
#4383 = CARTESIAN_POINT('',(0.53,-0.635,-3.5E-02));
#4384 = GEOMETRIC_CURVE_SET('',(#4385));
#4385 = TRIMMED_CURVE('',#4386,(#4390,PARAMETER_VALUE(-0.115)),(#4391,
    PARAMETER_VALUE(0.)),.T.,.PARAMETER.);
#4386 = LINE('',#4387,#4388);
#4387 = CARTESIAN_POINT('',(0.55,-0.75,4.499999999999E-02));
#4388 = VECTOR('',#4389,1.);
#4389 = DIRECTION('',(5.886494995148E-16,-1.,-2.22044604925E-16));
#4390 = CARTESIAN_POINT('',(0.55,-0.635,4.5E-02));
#4391 = CARTESIAN_POINT('',(0.55,-0.75,4.499999999999E-02));
#4392 = GEOMETRIC_CURVE_SET('',(#4393));
#4393 = TRIMMED_CURVE('',#4394,(#4398,PARAMETER_VALUE(1.038877843496E-14
      )),(#4399,PARAMETER_VALUE(8.485281374239E-02)),.T.,.PARAMETER.);
#4394 = LINE('',#4395,#4396);
#4395 = CARTESIAN_POINT('',(0.55,-0.75,4.5E-02));
#4396 = VECTOR('',#4397,1.);
#4397 = DIRECTION('',(-0.235702260396,0.235702260396,-0.942809041582));
#4398 = CARTESIAN_POINT('',(0.55,-0.75,4.499999999999E-02));
#4399 = CARTESIAN_POINT('',(0.53,-0.73,-3.5E-02));
#4400 = GEOMETRIC_CURVE_SET('',(#4401));
#4401 = TRIMMED_CURVE('',#4402,(#4406,PARAMETER_VALUE(0.635)),(#4407,
    PARAMETER_VALUE(0.73)),.T.,.PARAMETER.);
#4402 = LINE('',#4403,#4404);
#4403 = CARTESIAN_POINT('',(0.53,3.61944270851E-16,-3.5E-02));
#4404 = VECTOR('',#4405,1.);
#4405 = DIRECTION('',(5.886494995148E-16,-1.,-2.22044604925E-16));
#4406 = CARTESIAN_POINT('',(0.53,-0.635,-3.5E-02));
#4407 = CARTESIAN_POINT('',(0.53,-0.73,-3.5E-02));
#4408 = GEOMETRIC_CURVE_SET('',(#4409));
#4409 = TRIMMED_CURVE('',#4410,(#4414,PARAMETER_VALUE(9.693670867459E-16
      )),(#4415,PARAMETER_VALUE(8.246211251235E-02)),.T.,.PARAMETER.);
#4410 = LINE('',#4411,#4412);
#4411 = CARTESIAN_POINT('',(-0.55,-0.365,4.5E-02));
#4412 = VECTOR('',#4413,1.);
#4413 = DIRECTION('',(0.242535625036,3.231223622486E-16,-0.970142500145)
  );
#4414 = CARTESIAN_POINT('',(-0.55,-0.365,4.5E-02));
#4415 = CARTESIAN_POINT('',(-0.53,-0.365,-3.5E-02));
#4416 = GEOMETRIC_CURVE_SET('',(#4417));
#4417 = TRIMMED_CURVE('',#4418,(#4422,PARAMETER_VALUE(-1.115)),(#4423,
    PARAMETER_VALUE(-0.885)),.T.,.PARAMETER.);
#4418 = LINE('',#4419,#4420);
#4419 = CARTESIAN_POINT('',(-0.55,0.75,4.499999999999E-02));
#4420 = VECTOR('',#4421,1.);
#4421 = DIRECTION('',(-6.609296443472E-16,1.,2.22044604925E-16));
#4422 = CARTESIAN_POINT('',(-0.55,-0.365,4.5E-02));
#4423 = CARTESIAN_POINT('',(-0.55,-0.135,4.499999999999E-02));
#4424 = GEOMETRIC_CURVE_SET('',(#4425));
#4425 = TRIMMED_CURVE('',#4426,(#4430,PARAMETER_VALUE(
      -8.246211251235E-02)),(#4431,PARAMETER_VALUE(-1.068996481773E-14))
  ,.T.,.PARAMETER.);
#4426 = LINE('',#4427,#4428);
#4427 = CARTESIAN_POINT('',(-0.55,-0.135,4.5E-02));
#4428 = VECTOR('',#4429,1.);
#4429 = DIRECTION('',(-0.242535625036,-3.231223622486E-16,0.970142500145
    ));
#4430 = CARTESIAN_POINT('',(-0.53,-0.135,-3.5E-02));
#4431 = CARTESIAN_POINT('',(-0.55,-0.135,4.499999999999E-02));
#4432 = GEOMETRIC_CURVE_SET('',(#4433));
#4433 = TRIMMED_CURVE('',#4434,(#4438,PARAMETER_VALUE(-0.365)),(#4439,
    PARAMETER_VALUE(-0.135)),.T.,.PARAMETER.);
#4434 = LINE('',#4435,#4436);
#4435 = CARTESIAN_POINT('',(-0.53,-3.003326753959E-16,-3.5E-02));
#4436 = VECTOR('',#4437,1.);
#4437 = DIRECTION('',(-6.609296443472E-16,1.,2.22044604925E-16));
#4438 = CARTESIAN_POINT('',(-0.53,-0.365,-3.5E-02));
#4439 = CARTESIAN_POINT('',(-0.53,-0.135,-3.5E-02));
#4440 = GEOMETRIC_CURVE_SET('',(#4441));
#4441 = TRIMMED_CURVE('',#4442,(#4446,PARAMETER_VALUE(9.693670867459E-16
      )),(#4447,PARAMETER_VALUE(8.246211251235E-02)),.T.,.PARAMETER.);
#4442 = LINE('',#4443,#4444);
#4443 = CARTESIAN_POINT('',(-0.55,0.135,4.5E-02));
#4444 = VECTOR('',#4445,1.);
#4445 = DIRECTION('',(0.242535625036,3.231223622486E-16,-0.970142500145)
  );
#4446 = CARTESIAN_POINT('',(-0.55,0.135,4.5E-02));
#4447 = CARTESIAN_POINT('',(-0.53,0.135,-3.5E-02));
#4448 = GEOMETRIC_CURVE_SET('',(#4449));
#4449 = TRIMMED_CURVE('',#4450,(#4454,PARAMETER_VALUE(-0.615)),(#4455,
    PARAMETER_VALUE(-0.385)),.T.,.PARAMETER.);
#4450 = LINE('',#4451,#4452);
#4451 = CARTESIAN_POINT('',(-0.55,0.75,4.499999999999E-02));
#4452 = VECTOR('',#4453,1.);
#4453 = DIRECTION('',(-6.609296443472E-16,1.,2.22044604925E-16));
#4454 = CARTESIAN_POINT('',(-0.55,0.135,4.5E-02));
#4455 = CARTESIAN_POINT('',(-0.55,0.365,4.499999999999E-02));
#4456 = GEOMETRIC_CURVE_SET('',(#4457));
#4457 = TRIMMED_CURVE('',#4458,(#4462,PARAMETER_VALUE(
      -8.246211251235E-02)),(#4463,PARAMETER_VALUE(-1.068996481773E-14))
  ,.T.,.PARAMETER.);
#4458 = LINE('',#4459,#4460);
#4459 = CARTESIAN_POINT('',(-0.55,0.365,4.5E-02));
#4460 = VECTOR('',#4461,1.);
#4461 = DIRECTION('',(-0.242535625036,-3.231223622486E-16,0.970142500145
    ));
#4462 = CARTESIAN_POINT('',(-0.53,0.365,-3.5E-02));
#4463 = CARTESIAN_POINT('',(-0.55,0.365,4.499999999999E-02));
#4464 = GEOMETRIC_CURVE_SET('',(#4465));
#4465 = TRIMMED_CURVE('',#4466,(#4470,PARAMETER_VALUE(0.135)),(#4471,
    PARAMETER_VALUE(0.365)),.T.,.PARAMETER.);
#4466 = LINE('',#4467,#4468);
#4467 = CARTESIAN_POINT('',(-0.53,-3.003326753959E-16,-3.5E-02));
#4468 = VECTOR('',#4469,1.);
#4469 = DIRECTION('',(-6.609296443472E-16,1.,2.22044604925E-16));
#4470 = CARTESIAN_POINT('',(-0.53,0.135,-3.5E-02));
#4471 = CARTESIAN_POINT('',(-0.53,0.365,-3.5E-02));
#4472 = GEOMETRIC_CURVE_SET('',(#4473));
#4473 = TRIMMED_CURVE('',#4474,(#4478,PARAMETER_VALUE(9.693670867459E-16
      )),(#4479,PARAMETER_VALUE(8.246211251235E-02)),.T.,.PARAMETER.);
#4474 = LINE('',#4475,#4476);
#4475 = CARTESIAN_POINT('',(-0.55,0.635,4.5E-02));
#4476 = VECTOR('',#4477,1.);
#4477 = DIRECTION('',(0.242535625036,3.231223622486E-16,-0.970142500145)
  );
#4478 = CARTESIAN_POINT('',(-0.55,0.635,4.5E-02));
#4479 = CARTESIAN_POINT('',(-0.53,0.635,-3.5E-02));
#4480 = GEOMETRIC_CURVE_SET('',(#4481));
#4481 = TRIMMED_CURVE('',#4482,(#4486,PARAMETER_VALUE(-0.115)),(#4487,
    PARAMETER_VALUE(0.)),.T.,.PARAMETER.);
#4482 = LINE('',#4483,#4484);
#4483 = CARTESIAN_POINT('',(-0.55,0.75,4.499999999999E-02));
#4484 = VECTOR('',#4485,1.);
#4485 = DIRECTION('',(-6.609296443472E-16,1.,2.22044604925E-16));
#4486 = CARTESIAN_POINT('',(-0.55,0.635,4.5E-02));
#4487 = CARTESIAN_POINT('',(-0.55,0.75,4.499999999999E-02));
#4488 = GEOMETRIC_CURVE_SET('',(#4489));
#4489 = TRIMMED_CURVE('',#4490,(#4494,PARAMETER_VALUE(
      -8.485281374239E-02)),(#4495,PARAMETER_VALUE(-1.038877843496E-14))
  ,.T.,.PARAMETER.);
#4490 = LINE('',#4491,#4492);
#4491 = CARTESIAN_POINT('',(-0.55,0.75,4.5E-02));
#4492 = VECTOR('',#4493,1.);
#4493 = DIRECTION('',(-0.235702260396,0.235702260396,0.942809041582));
#4494 = CARTESIAN_POINT('',(-0.53,0.73,-3.5E-02));
#4495 = CARTESIAN_POINT('',(-0.55,0.75,4.499999999999E-02));
#4496 = GEOMETRIC_CURVE_SET('',(#4497));
#4497 = TRIMMED_CURVE('',#4498,(#4502,PARAMETER_VALUE(0.635)),(#4503,
    PARAMETER_VALUE(0.73)),.T.,.PARAMETER.);
#4498 = LINE('',#4499,#4500);
#4499 = CARTESIAN_POINT('',(-0.53,-3.003326753959E-16,-3.5E-02));
#4500 = VECTOR('',#4501,1.);
#4501 = DIRECTION('',(-6.609296443472E-16,1.,2.22044604925E-16));
#4502 = CARTESIAN_POINT('',(-0.53,0.635,-3.5E-02));
#4503 = CARTESIAN_POINT('',(-0.53,0.73,-3.5E-02));
#4504 = GEOMETRIC_CURVE_SET('',(#4505));
#4505 = TRIMMED_CURVE('',#4506,(#4510,PARAMETER_VALUE(
      -8.246211251235E-02)),(#4511,PARAMETER_VALUE(-1.068996481773E-14))
  ,.T.,.PARAMETER.);
#4506 = LINE('',#4507,#4508);
#4507 = CARTESIAN_POINT('',(0.55,0.135,4.5E-02));
#4508 = VECTOR('',#4509,1.);
#4509 = DIRECTION('',(0.242535625036,1.172738086917E-16,0.970142500145)
  );
#4510 = CARTESIAN_POINT('',(0.53,0.135,-3.5E-02));
#4511 = CARTESIAN_POINT('',(0.55,0.135,4.499999999999E-02));
#4512 = GEOMETRIC_CURVE_SET('',(#4513));
#4513 = TRIMMED_CURVE('',#4514,(#4518,PARAMETER_VALUE(-0.365)),(#4519,
    PARAMETER_VALUE(-0.135)),.T.,.PARAMETER.);
#4514 = LINE('',#4515,#4516);
#4515 = CARTESIAN_POINT('',(0.53,3.61944270851E-16,-3.5E-02));
#4516 = VECTOR('',#4517,1.);
#4517 = DIRECTION('',(5.886494995148E-16,-1.,-2.22044604925E-16));
#4518 = CARTESIAN_POINT('',(0.53,0.365,-3.5E-02));
#4519 = CARTESIAN_POINT('',(0.53,0.135,-3.5E-02));
#4520 = GEOMETRIC_CURVE_SET('',(#4521));
#4521 = TRIMMED_CURVE('',#4522,(#4526,PARAMETER_VALUE(9.693670867459E-16
      )),(#4527,PARAMETER_VALUE(8.246211251235E-02)),.T.,.PARAMETER.);
#4522 = LINE('',#4523,#4524);
#4523 = CARTESIAN_POINT('',(0.55,0.365,4.5E-02));
#4524 = VECTOR('',#4525,1.);
#4525 = DIRECTION('',(-0.242535625036,-4.783177304388E-18,
    -0.970142500145));
#4526 = CARTESIAN_POINT('',(0.55,0.365,4.5E-02));
#4527 = CARTESIAN_POINT('',(0.53,0.365,-3.5E-02));
#4528 = GEOMETRIC_CURVE_SET('',(#4529));
#4529 = TRIMMED_CURVE('',#4530,(#4534,PARAMETER_VALUE(-1.115)),(#4535,
    PARAMETER_VALUE(-0.885)),.T.,.PARAMETER.);
#4530 = LINE('',#4531,#4532);
#4531 = CARTESIAN_POINT('',(0.55,-0.75,4.499999999999E-02));
#4532 = VECTOR('',#4533,1.);
#4533 = DIRECTION('',(5.886494995148E-16,-1.,-2.22044604925E-16));
#4534 = CARTESIAN_POINT('',(0.55,0.365,4.5E-02));
#4535 = CARTESIAN_POINT('',(0.55,0.135,4.499999999999E-02));
#4536 = GEOMETRIC_CURVE_SET('',(#4537));
#4537 = TRIMMED_CURVE('',#4538,(#4542,PARAMETER_VALUE(-1.05)),(#4543,
    PARAMETER_VALUE(-5.E-02)),.T.,.PARAMETER.);
#4538 = LINE('',#4539,#4540);
#4539 = CARTESIAN_POINT('',(-0.55,0.7,0.415));
#4540 = VECTOR('',#4541,1.);
#4541 = DIRECTION('',(-1.,-4.440892098501E-16,2.22044604925E-16));
#4542 = CARTESIAN_POINT('',(0.5,0.7,0.415));
#4543 = CARTESIAN_POINT('',(-0.5,0.7,0.415));
#4544 = GEOMETRIC_CURVE_SET('',(#4545));
#4545 = TRIMMED_CURVE('',#4546,(#4550,PARAMETER_VALUE(-1.45)),(#4551,
    PARAMETER_VALUE(-5.E-02)),.T.,.PARAMETER.);
#4546 = LINE('',#4547,#4548);
#4547 = CARTESIAN_POINT('',(-0.5,-0.75,0.415));
#4548 = VECTOR('',#4549,1.);
#4549 = DIRECTION('',(6.609296443472E-16,-1.,-2.22044604925E-16));
#4550 = CARTESIAN_POINT('',(-0.5,0.7,0.415));
#4551 = CARTESIAN_POINT('',(-0.5,-0.7,0.415));
#4552 = GEOMETRIC_CURVE_SET('',(#4553));
#4553 = TRIMMED_CURVE('',#4554,(#4558,PARAMETER_VALUE(-1.05)),(#4559,
    PARAMETER_VALUE(-5.E-02)),.T.,.PARAMETER.);
#4554 = LINE('',#4555,#4556);
#4555 = CARTESIAN_POINT('',(0.55,-0.7,0.415));
#4556 = VECTOR('',#4557,1.);
#4557 = DIRECTION('',(1.,4.440892098501E-16,-2.22044604925E-16));
#4558 = CARTESIAN_POINT('',(-0.5,-0.7,0.415));
#4559 = CARTESIAN_POINT('',(0.5,-0.7,0.415));
#4560 = GEOMETRIC_CURVE_SET('',(#4561));
#4561 = TRIMMED_CURVE('',#4562,(#4566,PARAMETER_VALUE(-1.45)),(#4567,
    PARAMETER_VALUE(-5.E-02)),.T.,.PARAMETER.);
#4562 = LINE('',#4563,#4564);
#4563 = CARTESIAN_POINT('',(0.5,0.75,0.415));
#4564 = VECTOR('',#4565,1.);
#4565 = DIRECTION('',(-5.886494995148E-16,1.,2.22044604925E-16));
#4566 = CARTESIAN_POINT('',(0.5,-0.7,0.415));
#4567 = CARTESIAN_POINT('',(0.5,0.7,0.415));
#4568 = GEOMETRIC_CURVE_SET('',(#4569));
#4569 = TRIMMED_CURVE('',#4570,(#4574,PARAMETER_VALUE(0.)),(#4575,
    PARAMETER_VALUE(0.27)),.T.,.PARAMETER.);
#4570 = LINE('',#4571,#4572);
#4571 = CARTESIAN_POINT('',(0.36,-0.135,-3.5E-02));
#4572 = VECTOR('',#4573,1.);
#4573 = DIRECTION('',(-8.456455700299E-16,1.,2.22044604925E-16));
#4574 = CARTESIAN_POINT('',(0.36,-0.135,-3.5E-02));
#4575 = CARTESIAN_POINT('',(0.36,0.135,-3.5E-02));
#4576 = GEOMETRIC_CURVE_SET('',(#4577));
#4577 = TRIMMED_CURVE('',#4578,(#4582,PARAMETER_VALUE(0.36)),(#4583,
    PARAMETER_VALUE(0.53)),.T.,.PARAMETER.);
#4578 = LINE('',#4579,#4580);
#4579 = CARTESIAN_POINT('',(7.260645916041E-17,-0.135,-3.5E-02));
#4580 = VECTOR('',#4581,1.);
#4581 = DIRECTION('',(1.,9.078999649522E-16,-2.22044604925E-16));
#4582 = CARTESIAN_POINT('',(0.36,-0.135,-3.5E-02));
#4583 = CARTESIAN_POINT('',(0.53,-0.135,-3.5E-02));
#4584 = GEOMETRIC_CURVE_SET('',(#4585));
#4585 = TRIMMED_CURVE('',#4586,(#4590,PARAMETER_VALUE(0.135)),(#4591,
    PARAMETER_VALUE(0.365)),.T.,.PARAMETER.);
#4586 = LINE('',#4587,#4588);
#4587 = CARTESIAN_POINT('',(0.53,3.61944270851E-16,-3.5E-02));
#4588 = VECTOR('',#4589,1.);
#4589 = DIRECTION('',(5.886494995148E-16,-1.,-2.22044604925E-16));
#4590 = CARTESIAN_POINT('',(0.53,-0.135,-3.5E-02));
#4591 = CARTESIAN_POINT('',(0.53,-0.365,-3.5E-02));
#4592 = GEOMETRIC_CURVE_SET('',(#4593));
#4593 = TRIMMED_CURVE('',#4594,(#4598,PARAMETER_VALUE(0.)),(#4599,
    PARAMETER_VALUE(0.17)),.T.,.PARAMETER.);
#4594 = LINE('',#4595,#4596);
#4595 = CARTESIAN_POINT('',(0.36,-0.365,-3.5E-02));
#4596 = VECTOR('',#4597,1.);
#4597 = DIRECTION('',(1.,1.371710720054E-15,-2.22044604925E-16));
#4598 = CARTESIAN_POINT('',(0.36,-0.365,-3.5E-02));
#4599 = CARTESIAN_POINT('',(0.53,-0.365,-3.5E-02));
#4600 = GEOMETRIC_CURVE_SET('',(#4601));
#4601 = TRIMMED_CURVE('',#4602,(#4606,PARAMETER_VALUE(0.)),(#4607,
    PARAMETER_VALUE(0.27)),.T.,.PARAMETER.);
#4602 = LINE('',#4603,#4604);
#4603 = CARTESIAN_POINT('',(0.36,-0.635,-3.5E-02));
#4604 = VECTOR('',#4605,1.);
#4605 = DIRECTION('',(-8.456455700299E-16,1.,2.22044604925E-16));
#4606 = CARTESIAN_POINT('',(0.36,-0.635,-3.5E-02));
#4607 = CARTESIAN_POINT('',(0.36,-0.365,-3.5E-02));
#4608 = GEOMETRIC_CURVE_SET('',(#4609));
#4609 = TRIMMED_CURVE('',#4610,(#4614,PARAMETER_VALUE(0.36)),(#4615,
    PARAMETER_VALUE(0.53)),.T.,.PARAMETER.);
#4610 = LINE('',#4611,#4612);
#4611 = CARTESIAN_POINT('',(5.265564416365E-16,-0.635,-3.5E-02));
#4612 = VECTOR('',#4613,1.);
#4613 = DIRECTION('',(1.,9.078999649522E-16,-2.22044604925E-16));
#4614 = CARTESIAN_POINT('',(0.36,-0.635,-3.5E-02));
#4615 = CARTESIAN_POINT('',(0.53,-0.635,-3.5E-02));
#4616 = GEOMETRIC_CURVE_SET('',(#4617));
#4617 = TRIMMED_CURVE('',#4618,(#4622,PARAMETER_VALUE(0.635)),(#4623,
    PARAMETER_VALUE(0.73)),.T.,.PARAMETER.);
#4618 = LINE('',#4619,#4620);
#4619 = CARTESIAN_POINT('',(0.53,3.61944270851E-16,-3.5E-02));
#4620 = VECTOR('',#4621,1.);
#4621 = DIRECTION('',(5.886494995148E-16,-1.,-2.22044604925E-16));
#4622 = CARTESIAN_POINT('',(0.53,-0.635,-3.5E-02));
#4623 = CARTESIAN_POINT('',(0.53,-0.73,-3.5E-02));
#4624 = GEOMETRIC_CURVE_SET('',(#4625));
#4625 = TRIMMED_CURVE('',#4626,(#4630,PARAMETER_VALUE(-0.53)),(#4631,
    PARAMETER_VALUE(0.53)),.T.,.PARAMETER.);
#4626 = LINE('',#4627,#4628);
#4627 = CARTESIAN_POINT('',(2.742250870824E-16,-0.73,-3.5E-02));
#4628 = VECTOR('',#4629,1.);
#4629 = DIRECTION('',(-1.,-4.440892098501E-16,2.22044604925E-16));
#4630 = CARTESIAN_POINT('',(0.53,-0.73,-3.5E-02));
#4631 = CARTESIAN_POINT('',(-0.53,-0.73,-3.5E-02));
#4632 = GEOMETRIC_CURVE_SET('',(#4633));
#4633 = TRIMMED_CURVE('',#4634,(#4638,PARAMETER_VALUE(-0.73)),(#4639,
    PARAMETER_VALUE(-0.635)),.T.,.PARAMETER.);
#4634 = LINE('',#4635,#4636);
#4635 = CARTESIAN_POINT('',(-0.53,-3.003326753959E-16,-3.5E-02));
#4636 = VECTOR('',#4637,1.);
#4637 = DIRECTION('',(-6.609296443472E-16,1.,2.22044604925E-16));
#4638 = CARTESIAN_POINT('',(-0.53,-0.73,-3.5E-02));
#4639 = CARTESIAN_POINT('',(-0.53,-0.635,-3.5E-02));
#4640 = GEOMETRIC_CURVE_SET('',(#4641));
#4641 = TRIMMED_CURVE('',#4642,(#4646,PARAMETER_VALUE(0.)),(#4647,
    PARAMETER_VALUE(0.17)),.T.,.PARAMETER.);
#4642 = LINE('',#4643,#4644);
#4643 = CARTESIAN_POINT('',(-0.36,-0.635,-3.5E-02));
#4644 = VECTOR('',#4645,1.);
#4645 = DIRECTION('',(-1.,-4.440892098501E-16,2.22044604925E-16));
#4646 = CARTESIAN_POINT('',(-0.36,-0.635,-3.5E-02));
#4647 = CARTESIAN_POINT('',(-0.53,-0.635,-3.5E-02));
#4648 = GEOMETRIC_CURVE_SET('',(#4649));
#4649 = TRIMMED_CURVE('',#4650,(#4654,PARAMETER_VALUE(-0.27)),(#4655,
    PARAMETER_VALUE(0.)),.T.,.PARAMETER.);
#4650 = LINE('',#4651,#4652);
#4651 = CARTESIAN_POINT('',(-0.36,-0.635,-3.5E-02));
#4652 = VECTOR('',#4653,1.);
#4653 = DIRECTION('',(4.440892098501E-16,-1.,-2.22044604925E-16));
#4654 = CARTESIAN_POINT('',(-0.36,-0.365,-3.5E-02));
#4655 = CARTESIAN_POINT('',(-0.36,-0.635,-3.5E-02));
#4656 = GEOMETRIC_CURVE_SET('',(#4657));
#4657 = TRIMMED_CURVE('',#4658,(#4662,PARAMETER_VALUE(-0.17)),(#4663,
    PARAMETER_VALUE(0.)),.T.,.PARAMETER.);
#4658 = LINE('',#4659,#4660);
#4659 = CARTESIAN_POINT('',(-0.36,-0.365,-3.5E-02));
#4660 = VECTOR('',#4661,1.);
#4661 = DIRECTION('',(1.,4.440892098501E-16,-2.22044604925E-16));
#4662 = CARTESIAN_POINT('',(-0.53,-0.365,-3.5E-02));
#4663 = CARTESIAN_POINT('',(-0.36,-0.365,-3.5E-02));
#4664 = GEOMETRIC_CURVE_SET('',(#4665));
#4665 = TRIMMED_CURVE('',#4666,(#4670,PARAMETER_VALUE(-0.365)),(#4671,
    PARAMETER_VALUE(-0.135)),.T.,.PARAMETER.);
#4666 = LINE('',#4667,#4668);
#4667 = CARTESIAN_POINT('',(-0.53,-3.003326753959E-16,-3.5E-02));
#4668 = VECTOR('',#4669,1.);
#4669 = DIRECTION('',(-6.609296443472E-16,1.,2.22044604925E-16));
#4670 = CARTESIAN_POINT('',(-0.53,-0.365,-3.5E-02));
#4671 = CARTESIAN_POINT('',(-0.53,-0.135,-3.5E-02));
#4672 = GEOMETRIC_CURVE_SET('',(#4673));
#4673 = TRIMMED_CURVE('',#4674,(#4678,PARAMETER_VALUE(0.)),(#4679,
    PARAMETER_VALUE(0.17)),.T.,.PARAMETER.);
#4674 = LINE('',#4675,#4676);
#4675 = CARTESIAN_POINT('',(-0.36,-0.135,-3.5E-02));
#4676 = VECTOR('',#4677,1.);
#4677 = DIRECTION('',(-1.,-4.440892098501E-16,2.22044604925E-16));
#4678 = CARTESIAN_POINT('',(-0.36,-0.135,-3.5E-02));
#4679 = CARTESIAN_POINT('',(-0.53,-0.135,-3.5E-02));
#4680 = GEOMETRIC_CURVE_SET('',(#4681));
#4681 = TRIMMED_CURVE('',#4682,(#4686,PARAMETER_VALUE(-0.27)),(#4687,
    PARAMETER_VALUE(0.)),.T.,.PARAMETER.);
#4682 = LINE('',#4683,#4684);
#4683 = CARTESIAN_POINT('',(-0.36,-0.135,-3.5E-02));
#4684 = VECTOR('',#4685,1.);
#4685 = DIRECTION('',(4.440892098501E-16,-1.,-2.22044604925E-16));
#4686 = CARTESIAN_POINT('',(-0.36,0.135,-3.5E-02));
#4687 = CARTESIAN_POINT('',(-0.36,-0.135,-3.5E-02));
#4688 = GEOMETRIC_CURVE_SET('',(#4689));
#4689 = TRIMMED_CURVE('',#4690,(#4694,PARAMETER_VALUE(-0.17)),(#4695,
    PARAMETER_VALUE(0.)),.T.,.PARAMETER.);
#4690 = LINE('',#4691,#4692);
#4691 = CARTESIAN_POINT('',(-0.36,0.135,-3.5E-02));
#4692 = VECTOR('',#4693,1.);
#4693 = DIRECTION('',(1.,4.440892098501E-16,-2.22044604925E-16));
#4694 = CARTESIAN_POINT('',(-0.53,0.135,-3.5E-02));
#4695 = CARTESIAN_POINT('',(-0.36,0.135,-3.5E-02));
#4696 = GEOMETRIC_CURVE_SET('',(#4697));
#4697 = TRIMMED_CURVE('',#4698,(#4702,PARAMETER_VALUE(0.135)),(#4703,
    PARAMETER_VALUE(0.365)),.T.,.PARAMETER.);
#4698 = LINE('',#4699,#4700);
#4699 = CARTESIAN_POINT('',(-0.53,-3.003326753959E-16,-3.5E-02));
#4700 = VECTOR('',#4701,1.);
#4701 = DIRECTION('',(-6.609296443472E-16,1.,2.22044604925E-16));
#4702 = CARTESIAN_POINT('',(-0.53,0.135,-3.5E-02));
#4703 = CARTESIAN_POINT('',(-0.53,0.365,-3.5E-02));
#4704 = GEOMETRIC_CURVE_SET('',(#4705));
#4705 = TRIMMED_CURVE('',#4706,(#4710,PARAMETER_VALUE(0.)),(#4711,
    PARAMETER_VALUE(0.17)),.T.,.PARAMETER.);
#4706 = LINE('',#4707,#4708);
#4707 = CARTESIAN_POINT('',(-0.36,0.365,-3.5E-02));
#4708 = VECTOR('',#4709,1.);
#4709 = DIRECTION('',(-1.,-4.440892098501E-16,2.22044604925E-16));
#4710 = CARTESIAN_POINT('',(-0.36,0.365,-3.5E-02));
#4711 = CARTESIAN_POINT('',(-0.53,0.365,-3.5E-02));
#4712 = GEOMETRIC_CURVE_SET('',(#4713));
#4713 = TRIMMED_CURVE('',#4714,(#4718,PARAMETER_VALUE(-0.27)),(#4719,
    PARAMETER_VALUE(0.)),.T.,.PARAMETER.);
#4714 = LINE('',#4715,#4716);
#4715 = CARTESIAN_POINT('',(-0.36,0.365,-3.5E-02));
#4716 = VECTOR('',#4717,1.);
#4717 = DIRECTION('',(4.440892098501E-16,-1.,-2.22044604925E-16));
#4718 = CARTESIAN_POINT('',(-0.36,0.635,-3.5E-02));
#4719 = CARTESIAN_POINT('',(-0.36,0.365,-3.5E-02));
#4720 = GEOMETRIC_CURVE_SET('',(#4721));
#4721 = TRIMMED_CURVE('',#4722,(#4726,PARAMETER_VALUE(-0.17)),(#4727,
    PARAMETER_VALUE(0.)),.T.,.PARAMETER.);
#4722 = LINE('',#4723,#4724);
#4723 = CARTESIAN_POINT('',(-0.36,0.635,-3.5E-02));
#4724 = VECTOR('',#4725,1.);
#4725 = DIRECTION('',(1.,4.440892098501E-16,-2.22044604925E-16));
#4726 = CARTESIAN_POINT('',(-0.53,0.635,-3.5E-02));
#4727 = CARTESIAN_POINT('',(-0.36,0.635,-3.5E-02));
#4728 = GEOMETRIC_CURVE_SET('',(#4729));
#4729 = TRIMMED_CURVE('',#4730,(#4734,PARAMETER_VALUE(0.635)),(#4735,
    PARAMETER_VALUE(0.73)),.T.,.PARAMETER.);
#4730 = LINE('',#4731,#4732);
#4731 = CARTESIAN_POINT('',(-0.53,-3.003326753959E-16,-3.5E-02));
#4732 = VECTOR('',#4733,1.);
#4733 = DIRECTION('',(-6.609296443472E-16,1.,2.22044604925E-16));
#4734 = CARTESIAN_POINT('',(-0.53,0.635,-3.5E-02));
#4735 = CARTESIAN_POINT('',(-0.53,0.73,-3.5E-02));
#4736 = GEOMETRIC_CURVE_SET('',(#4737));
#4737 = TRIMMED_CURVE('',#4738,(#4742,PARAMETER_VALUE(-0.53)),(#4743,
    PARAMETER_VALUE(0.53)),.T.,.PARAMETER.);
#4738 = LINE('',#4739,#4740);
#4739 = CARTESIAN_POINT('',(-3.741451592987E-16,0.73,-3.5E-02));
#4740 = VECTOR('',#4741,1.);
#4741 = DIRECTION('',(1.,4.440892098501E-16,-2.22044604925E-16));
#4742 = CARTESIAN_POINT('',(-0.53,0.73,-3.5E-02));
#4743 = CARTESIAN_POINT('',(0.53,0.73,-3.5E-02));
#4744 = GEOMETRIC_CURVE_SET('',(#4745));
#4745 = TRIMMED_CURVE('',#4746,(#4750,PARAMETER_VALUE(-0.73)),(#4751,
    PARAMETER_VALUE(-0.635)),.T.,.PARAMETER.);
#4746 = LINE('',#4747,#4748);
#4747 = CARTESIAN_POINT('',(0.53,3.61944270851E-16,-3.5E-02));
#4748 = VECTOR('',#4749,1.);
#4749 = DIRECTION('',(5.886494995148E-16,-1.,-2.22044604925E-16));
#4750 = CARTESIAN_POINT('',(0.53,0.73,-3.5E-02));
#4751 = CARTESIAN_POINT('',(0.53,0.635,-3.5E-02));
#4752 = GEOMETRIC_CURVE_SET('',(#4753));
#4753 = TRIMMED_CURVE('',#4754,(#4758,PARAMETER_VALUE(0.)),(#4759,
    PARAMETER_VALUE(0.17)),.T.,.PARAMETER.);
#4754 = LINE('',#4755,#4756);
#4755 = CARTESIAN_POINT('',(0.36,0.635,-3.5E-02));
#4756 = VECTOR('',#4757,1.);
#4757 = DIRECTION('',(1.,1.371710720054E-15,-2.22044604925E-16));
#4758 = CARTESIAN_POINT('',(0.36,0.635,-3.5E-02));
#4759 = CARTESIAN_POINT('',(0.53,0.635,-3.5E-02));
#4760 = GEOMETRIC_CURVE_SET('',(#4761));
#4761 = TRIMMED_CURVE('',#4762,(#4766,PARAMETER_VALUE(0.)),(#4767,
    PARAMETER_VALUE(0.27)),.T.,.PARAMETER.);
#4762 = LINE('',#4763,#4764);
#4763 = CARTESIAN_POINT('',(0.36,0.365,-3.5E-02));
#4764 = VECTOR('',#4765,1.);
#4765 = DIRECTION('',(-8.456455700299E-16,1.,2.22044604925E-16));
#4766 = CARTESIAN_POINT('',(0.36,0.365,-3.5E-02));
#4767 = CARTESIAN_POINT('',(0.36,0.635,-3.5E-02));
#4768 = GEOMETRIC_CURVE_SET('',(#4769));
#4769 = TRIMMED_CURVE('',#4770,(#4774,PARAMETER_VALUE(-0.17)),(#4775,
    PARAMETER_VALUE(0.)),.T.,.PARAMETER.);
#4770 = LINE('',#4771,#4772);
#4771 = CARTESIAN_POINT('',(0.36,0.365,-3.5E-02));
#4772 = VECTOR('',#4773,1.);
#4773 = DIRECTION('',(-1.,-9.078999649522E-16,2.22044604925E-16));
#4774 = CARTESIAN_POINT('',(0.53,0.365,-3.5E-02));
#4775 = CARTESIAN_POINT('',(0.36,0.365,-3.5E-02));
#4776 = GEOMETRIC_CURVE_SET('',(#4777));
#4777 = TRIMMED_CURVE('',#4778,(#4782,PARAMETER_VALUE(-0.365)),(#4783,
    PARAMETER_VALUE(-0.135)),.T.,.PARAMETER.);
#4778 = LINE('',#4779,#4780);
#4779 = CARTESIAN_POINT('',(0.53,3.61944270851E-16,-3.5E-02));
#4780 = VECTOR('',#4781,1.);
#4781 = DIRECTION('',(5.886494995148E-16,-1.,-2.22044604925E-16));
#4782 = CARTESIAN_POINT('',(0.53,0.365,-3.5E-02));
#4783 = CARTESIAN_POINT('',(0.53,0.135,-3.5E-02));
#4784 = GEOMETRIC_CURVE_SET('',(#4785));
#4785 = TRIMMED_CURVE('',#4786,(#4790,PARAMETER_VALUE(0.)),(#4791,
    PARAMETER_VALUE(0.17)),.T.,.PARAMETER.);
#4786 = LINE('',#4787,#4788);
#4787 = CARTESIAN_POINT('',(0.36,0.135,-3.5E-02));
#4788 = VECTOR('',#4789,1.);
#4789 = DIRECTION('',(1.,1.371710720054E-15,-2.22044604925E-16));
#4790 = CARTESIAN_POINT('',(0.36,0.135,-3.5E-02));
#4791 = CARTESIAN_POINT('',(0.53,0.135,-3.5E-02));
#4792 = GEOMETRIC_CURVE_SET('',(#4793));
#4793 = TRIMMED_CURVE('',#4794,(#4798,PARAMETER_VALUE(-0.443062648187)),
  (#4799,PARAMETER_VALUE(-6.636648415024E-02)),.T.,.PARAMETER.);
#4794 = LINE('',#4795,#4796);
#4795 = CARTESIAN_POINT('',(0.491190979563,-0.691190979563,
    0.480186751233));
#4796 = VECTOR('',#4797,1.);
#4797 = DIRECTION('',(-0.1327329683,0.1327329683,0.982223965424));
#4798 = CARTESIAN_POINT('',(0.55,-0.75,4.499999999999E-02));
#4799 = CARTESIAN_POINT('',(0.5,-0.7,0.415));
#4800 = GEOMETRIC_CURVE_SET('',(#4801));
#4801 = TRIMMED_CURVE('',#4802,(#4806,PARAMETER_VALUE(-0.115)),(#4807,
    PARAMETER_VALUE(0.)),.T.,.PARAMETER.);
#4802 = LINE('',#4803,#4804);
#4803 = CARTESIAN_POINT('',(0.55,-0.75,4.499999999999E-02));
#4804 = VECTOR('',#4805,1.);
#4805 = DIRECTION('',(5.886494995148E-16,-1.,-2.22044604925E-16));
#4806 = CARTESIAN_POINT('',(0.55,-0.635,4.5E-02));
#4807 = CARTESIAN_POINT('',(0.55,-0.75,4.499999999999E-02));
#4808 = GEOMETRIC_CURVE_SET('',(#4809));
#4809 = TRIMMED_CURVE('',#4810,(#4814,PARAMETER_VALUE(-0.385)),(#4815,
    PARAMETER_VALUE(-0.115)),.T.,.PARAMETER.);
#4810 = LINE('',#4811,#4812);
#4811 = CARTESIAN_POINT('',(0.55,-0.75,4.499999999999E-02));
#4812 = VECTOR('',#4813,1.);
#4813 = DIRECTION('',(5.886494995148E-16,-1.,-2.22044604925E-16));
#4814 = CARTESIAN_POINT('',(0.55,-0.365,4.499999999999E-02));
#4815 = CARTESIAN_POINT('',(0.55,-0.635,4.5E-02));
#4816 = GEOMETRIC_CURVE_SET('',(#4817));
#4817 = TRIMMED_CURVE('',#4818,(#4822,PARAMETER_VALUE(-0.615)),(#4823,
    PARAMETER_VALUE(-0.385)),.T.,.PARAMETER.);
#4818 = LINE('',#4819,#4820);
#4819 = CARTESIAN_POINT('',(0.55,-0.75,4.499999999999E-02));
#4820 = VECTOR('',#4821,1.);
#4821 = DIRECTION('',(5.886494995148E-16,-1.,-2.22044604925E-16));
#4822 = CARTESIAN_POINT('',(0.55,-0.135,4.5E-02));
#4823 = CARTESIAN_POINT('',(0.55,-0.365,4.499999999999E-02));
#4824 = GEOMETRIC_CURVE_SET('',(#4825));
#4825 = TRIMMED_CURVE('',#4826,(#4830,PARAMETER_VALUE(-0.885)),(#4831,
    PARAMETER_VALUE(-0.615)),.T.,.PARAMETER.);
#4826 = LINE('',#4827,#4828);
#4827 = CARTESIAN_POINT('',(0.55,-0.75,4.499999999999E-02));
#4828 = VECTOR('',#4829,1.);
#4829 = DIRECTION('',(5.886494995148E-16,-1.,-2.22044604925E-16));
#4830 = CARTESIAN_POINT('',(0.55,0.135,4.499999999999E-02));
#4831 = CARTESIAN_POINT('',(0.55,-0.135,4.5E-02));
#4832 = GEOMETRIC_CURVE_SET('',(#4833));
#4833 = TRIMMED_CURVE('',#4834,(#4838,PARAMETER_VALUE(-1.115)),(#4839,
    PARAMETER_VALUE(-0.885)),.T.,.PARAMETER.);
#4834 = LINE('',#4835,#4836);
#4835 = CARTESIAN_POINT('',(0.55,-0.75,4.499999999999E-02));
#4836 = VECTOR('',#4837,1.);
#4837 = DIRECTION('',(5.886494995148E-16,-1.,-2.22044604925E-16));
#4838 = CARTESIAN_POINT('',(0.55,0.365,4.5E-02));
#4839 = CARTESIAN_POINT('',(0.55,0.135,4.499999999999E-02));
#4840 = GEOMETRIC_CURVE_SET('',(#4841));
#4841 = TRIMMED_CURVE('',#4842,(#4846,PARAMETER_VALUE(-1.385)),(#4847,
    PARAMETER_VALUE(-1.115)),.T.,.PARAMETER.);
#4842 = LINE('',#4843,#4844);
#4843 = CARTESIAN_POINT('',(0.55,-0.75,4.499999999999E-02));
#4844 = VECTOR('',#4845,1.);
#4845 = DIRECTION('',(5.886494995148E-16,-1.,-2.22044604925E-16));
#4846 = CARTESIAN_POINT('',(0.55,0.635,4.499999999999E-02));
#4847 = CARTESIAN_POINT('',(0.55,0.365,4.5E-02));
#4848 = GEOMETRIC_CURVE_SET('',(#4849));
#4849 = TRIMMED_CURVE('',#4850,(#4854,PARAMETER_VALUE(-1.5)),(#4855,
    PARAMETER_VALUE(-1.385)),.T.,.PARAMETER.);
#4850 = LINE('',#4851,#4852);
#4851 = CARTESIAN_POINT('',(0.55,-0.75,4.499999999999E-02));
#4852 = VECTOR('',#4853,1.);
#4853 = DIRECTION('',(5.886494995148E-16,-1.,-2.22044604925E-16));
#4854 = CARTESIAN_POINT('',(0.55,0.75,4.499999999999E-02));
#4855 = CARTESIAN_POINT('',(0.55,0.635,4.499999999999E-02));
#4856 = GEOMETRIC_CURVE_SET('',(#4857));
#4857 = TRIMMED_CURVE('',#4858,(#4862,PARAMETER_VALUE(9.291307781033E-02
      )),(#4863,PARAMETER_VALUE(0.469609241847)),.T.,.PARAMETER.);
#4858 = LINE('',#4859,#4860);
#4859 = CARTESIAN_POINT('',(0.487667371388,0.687667371388,0.506261451727
    ));
#4860 = VECTOR('',#4861,1.);
#4861 = DIRECTION('',(0.1327329683,0.1327329683,-0.982223965424));
#4862 = CARTESIAN_POINT('',(0.5,0.7,0.415));
#4863 = CARTESIAN_POINT('',(0.55,0.75,4.499999999999E-02));
#4864 = GEOMETRIC_CURVE_SET('',(#4865));
#4865 = TRIMMED_CURVE('',#4866,(#4870,PARAMETER_VALUE(-1.45)),(#4871,
    PARAMETER_VALUE(-5.E-02)),.T.,.PARAMETER.);
#4866 = LINE('',#4867,#4868);
#4867 = CARTESIAN_POINT('',(0.5,0.75,0.415));
#4868 = VECTOR('',#4869,1.);
#4869 = DIRECTION('',(-5.886494995148E-16,1.,2.22044604925E-16));
#4870 = CARTESIAN_POINT('',(0.5,-0.7,0.415));
#4871 = CARTESIAN_POINT('',(0.5,0.7,0.415));
#4872 = GEOMETRIC_CURVE_SET('',(#4873));
#4873 = TRIMMED_CURVE('',#4874,(#4878,PARAMETER_VALUE(9.291307781033E-02
      )),(#4879,PARAMETER_VALUE(0.469609241847)),.T.,.PARAMETER.);
#4874 = LINE('',#4875,#4876);
#4875 = CARTESIAN_POINT('',(0.487667371388,0.687667371388,0.506261451727
    ));
#4876 = VECTOR('',#4877,1.);
#4877 = DIRECTION('',(0.1327329683,0.1327329683,-0.982223965424));
#4878 = CARTESIAN_POINT('',(0.5,0.7,0.415));
#4879 = CARTESIAN_POINT('',(0.55,0.75,4.499999999999E-02));
#4880 = GEOMETRIC_CURVE_SET('',(#4881));
#4881 = TRIMMED_CURVE('',#4882,(#4886,PARAMETER_VALUE(-1.1)),(#4887,
    PARAMETER_VALUE(0.)),.T.,.PARAMETER.);
#4882 = LINE('',#4883,#4884);
#4883 = CARTESIAN_POINT('',(0.55,0.75,4.499999999999E-02));
#4884 = VECTOR('',#4885,1.);
#4885 = DIRECTION('',(1.,4.440892098501E-16,-2.22044604925E-16));
#4886 = CARTESIAN_POINT('',(-0.55,0.75,4.499999999999E-02));
#4887 = CARTESIAN_POINT('',(0.55,0.75,4.499999999999E-02));
#4888 = GEOMETRIC_CURVE_SET('',(#4889));
#4889 = TRIMMED_CURVE('',#4890,(#4894,PARAMETER_VALUE(6.636648415024E-02
      )),(#4895,PARAMETER_VALUE(0.443062648187)),.T.,.PARAMETER.);
#4890 = LINE('',#4891,#4892);
#4891 = CARTESIAN_POINT('',(-0.491190979563,0.691190979563,
    0.480186751233));
#4892 = VECTOR('',#4893,1.);
#4893 = DIRECTION('',(-0.1327329683,0.1327329683,-0.982223965424));
#4894 = CARTESIAN_POINT('',(-0.5,0.7,0.415));
#4895 = CARTESIAN_POINT('',(-0.55,0.75,4.499999999999E-02));
#4896 = GEOMETRIC_CURVE_SET('',(#4897));
#4897 = TRIMMED_CURVE('',#4898,(#4902,PARAMETER_VALUE(-1.05)),(#4903,
    PARAMETER_VALUE(-5.E-02)),.T.,.PARAMETER.);
#4898 = LINE('',#4899,#4900);
#4899 = CARTESIAN_POINT('',(-0.55,0.7,0.415));
#4900 = VECTOR('',#4901,1.);
#4901 = DIRECTION('',(-1.,-4.440892098501E-16,2.22044604925E-16));
#4902 = CARTESIAN_POINT('',(0.5,0.7,0.415));
#4903 = CARTESIAN_POINT('',(-0.5,0.7,0.415));
#4904 = GEOMETRIC_CURVE_SET('',(#4905));
#4905 = TRIMMED_CURVE('',#4906,(#4910,PARAMETER_VALUE(-0.443062648187)),
  (#4911,PARAMETER_VALUE(-6.636648415024E-02)),.T.,.PARAMETER.);
#4906 = LINE('',#4907,#4908);
#4907 = CARTESIAN_POINT('',(0.491190979563,-0.691190979563,
    0.480186751233));
#4908 = VECTOR('',#4909,1.);
#4909 = DIRECTION('',(-0.1327329683,0.1327329683,0.982223965424));
#4910 = CARTESIAN_POINT('',(0.55,-0.75,4.499999999999E-02));
#4911 = CARTESIAN_POINT('',(0.5,-0.7,0.415));
#4912 = GEOMETRIC_CURVE_SET('',(#4913));
#4913 = TRIMMED_CURVE('',#4914,(#4918,PARAMETER_VALUE(-1.05)),(#4919,
    PARAMETER_VALUE(-5.E-02)),.T.,.PARAMETER.);
#4914 = LINE('',#4915,#4916);
#4915 = CARTESIAN_POINT('',(0.55,-0.7,0.415));
#4916 = VECTOR('',#4917,1.);
#4917 = DIRECTION('',(1.,4.440892098501E-16,-2.22044604925E-16));
#4918 = CARTESIAN_POINT('',(-0.5,-0.7,0.415));
#4919 = CARTESIAN_POINT('',(0.5,-0.7,0.415));
#4920 = GEOMETRIC_CURVE_SET('',(#4921));
#4921 = TRIMMED_CURVE('',#4922,(#4926,PARAMETER_VALUE(-0.443062648187)),
  (#4927,PARAMETER_VALUE(-6.636648415024E-02)),.T.,.PARAMETER.);
#4922 = LINE('',#4923,#4924);
#4923 = CARTESIAN_POINT('',(-0.491190979563,-0.691190979563,
    0.480186751233));
#4924 = VECTOR('',#4925,1.);
#4925 = DIRECTION('',(0.1327329683,0.1327329683,0.982223965424));
#4926 = CARTESIAN_POINT('',(-0.55,-0.75,4.499999999999E-02));
#4927 = CARTESIAN_POINT('',(-0.5,-0.7,0.415));
#4928 = GEOMETRIC_CURVE_SET('',(#4929));
#4929 = TRIMMED_CURVE('',#4930,(#4934,PARAMETER_VALUE(-1.1)),(#4935,
    PARAMETER_VALUE(0.)),.T.,.PARAMETER.);
#4930 = LINE('',#4931,#4932);
#4931 = CARTESIAN_POINT('',(-0.55,-0.75,4.499999999999E-02));
#4932 = VECTOR('',#4933,1.);
#4933 = DIRECTION('',(-1.,-4.440892098501E-16,2.22044604925E-16));
#4934 = CARTESIAN_POINT('',(0.55,-0.75,4.499999999999E-02));
#4935 = CARTESIAN_POINT('',(-0.55,-0.75,4.499999999999E-02));
#4936 = GEOMETRIC_CURVE_SET('',(#4937));
#4937 = TRIMMED_CURVE('',#4938,(#4942,PARAMETER_VALUE(6.636648415024E-02
      )),(#4943,PARAMETER_VALUE(0.443062648187)),.T.,.PARAMETER.);
#4938 = LINE('',#4939,#4940);
#4939 = CARTESIAN_POINT('',(-0.491190979563,0.691190979563,
    0.480186751233));
#4940 = VECTOR('',#4941,1.);
#4941 = DIRECTION('',(-0.1327329683,0.1327329683,-0.982223965424));
#4942 = CARTESIAN_POINT('',(-0.5,0.7,0.415));
#4943 = CARTESIAN_POINT('',(-0.55,0.75,4.499999999999E-02));
#4944 = GEOMETRIC_CURVE_SET('',(#4945));
#4945 = TRIMMED_CURVE('',#4946,(#4950,PARAMETER_VALUE(-0.115)),(#4951,
    PARAMETER_VALUE(0.)),.T.,.PARAMETER.);
#4946 = LINE('',#4947,#4948);
#4947 = CARTESIAN_POINT('',(-0.55,0.75,4.499999999999E-02));
#4948 = VECTOR('',#4949,1.);
#4949 = DIRECTION('',(-6.609296443472E-16,1.,2.22044604925E-16));
#4950 = CARTESIAN_POINT('',(-0.55,0.635,4.5E-02));
#4951 = CARTESIAN_POINT('',(-0.55,0.75,4.499999999999E-02));
#4952 = GEOMETRIC_CURVE_SET('',(#4953));
#4953 = TRIMMED_CURVE('',#4954,(#4958,PARAMETER_VALUE(-0.385)),(#4959,
    PARAMETER_VALUE(-0.115)),.T.,.PARAMETER.);
#4954 = LINE('',#4955,#4956);
#4955 = CARTESIAN_POINT('',(-0.55,0.75,4.499999999999E-02));
#4956 = VECTOR('',#4957,1.);
#4957 = DIRECTION('',(-6.609296443472E-16,1.,2.22044604925E-16));
#4958 = CARTESIAN_POINT('',(-0.55,0.365,4.499999999999E-02));
#4959 = CARTESIAN_POINT('',(-0.55,0.635,4.5E-02));
#4960 = GEOMETRIC_CURVE_SET('',(#4961));
#4961 = TRIMMED_CURVE('',#4962,(#4966,PARAMETER_VALUE(-0.615)),(#4967,
    PARAMETER_VALUE(-0.385)),.T.,.PARAMETER.);
#4962 = LINE('',#4963,#4964);
#4963 = CARTESIAN_POINT('',(-0.55,0.75,4.499999999999E-02));
#4964 = VECTOR('',#4965,1.);
#4965 = DIRECTION('',(-6.609296443472E-16,1.,2.22044604925E-16));
#4966 = CARTESIAN_POINT('',(-0.55,0.135,4.5E-02));
#4967 = CARTESIAN_POINT('',(-0.55,0.365,4.499999999999E-02));
#4968 = GEOMETRIC_CURVE_SET('',(#4969));
#4969 = TRIMMED_CURVE('',#4970,(#4974,PARAMETER_VALUE(-0.885)),(#4975,
    PARAMETER_VALUE(-0.615)),.T.,.PARAMETER.);
#4970 = LINE('',#4971,#4972);
#4971 = CARTESIAN_POINT('',(-0.55,0.75,4.499999999999E-02));
#4972 = VECTOR('',#4973,1.);
#4973 = DIRECTION('',(-6.609296443472E-16,1.,2.22044604925E-16));
#4974 = CARTESIAN_POINT('',(-0.55,-0.135,4.499999999999E-02));
#4975 = CARTESIAN_POINT('',(-0.55,0.135,4.5E-02));
#4976 = GEOMETRIC_CURVE_SET('',(#4977));
#4977 = TRIMMED_CURVE('',#4978,(#4982,PARAMETER_VALUE(-1.115)),(#4983,
    PARAMETER_VALUE(-0.885)),.T.,.PARAMETER.);
#4978 = LINE('',#4979,#4980);
#4979 = CARTESIAN_POINT('',(-0.55,0.75,4.499999999999E-02));
#4980 = VECTOR('',#4981,1.);
#4981 = DIRECTION('',(-6.609296443472E-16,1.,2.22044604925E-16));
#4982 = CARTESIAN_POINT('',(-0.55,-0.365,4.5E-02));
#4983 = CARTESIAN_POINT('',(-0.55,-0.135,4.499999999999E-02));
#4984 = GEOMETRIC_CURVE_SET('',(#4985));
#4985 = TRIMMED_CURVE('',#4986,(#4990,PARAMETER_VALUE(-1.385)),(#4991,
    PARAMETER_VALUE(-1.115)),.T.,.PARAMETER.);
#4986 = LINE('',#4987,#4988);
#4987 = CARTESIAN_POINT('',(-0.55,0.75,4.499999999999E-02));
#4988 = VECTOR('',#4989,1.);
#4989 = DIRECTION('',(-6.609296443472E-16,1.,2.22044604925E-16));
#4990 = CARTESIAN_POINT('',(-0.55,-0.635,4.499999999999E-02));
#4991 = CARTESIAN_POINT('',(-0.55,-0.365,4.5E-02));
#4992 = GEOMETRIC_CURVE_SET('',(#4993));
#4993 = TRIMMED_CURVE('',#4994,(#4998,PARAMETER_VALUE(-1.5)),(#4999,
    PARAMETER_VALUE(-1.385)),.T.,.PARAMETER.);
#4994 = LINE('',#4995,#4996);
#4995 = CARTESIAN_POINT('',(-0.55,0.75,4.499999999999E-02));
#4996 = VECTOR('',#4997,1.);
#4997 = DIRECTION('',(-6.609296443472E-16,1.,2.22044604925E-16));
#4998 = CARTESIAN_POINT('',(-0.55,-0.75,4.499999999999E-02));
#4999 = CARTESIAN_POINT('',(-0.55,-0.635,4.499999999999E-02));
#5000 = GEOMETRIC_CURVE_SET('',(#5001));
#5001 = TRIMMED_CURVE('',#5002,(#5006,PARAMETER_VALUE(-0.443062648187)),
  (#5007,PARAMETER_VALUE(-6.636648415024E-02)),.T.,.PARAMETER.);
#5002 = LINE('',#5003,#5004);
#5003 = CARTESIAN_POINT('',(-0.491190979563,-0.691190979563,
    0.480186751233));
#5004 = VECTOR('',#5005,1.);
#5005 = DIRECTION('',(0.1327329683,0.1327329683,0.982223965424));
#5006 = CARTESIAN_POINT('',(-0.55,-0.75,4.499999999999E-02));
#5007 = CARTESIAN_POINT('',(-0.5,-0.7,0.415));
#5008 = GEOMETRIC_CURVE_SET('',(#5009));
#5009 = TRIMMED_CURVE('',#5010,(#5014,PARAMETER_VALUE(-1.45)),(#5015,
    PARAMETER_VALUE(-5.E-02)),.T.,.PARAMETER.);
#5010 = LINE('',#5011,#5012);
#5011 = CARTESIAN_POINT('',(-0.5,-0.75,0.415));
#5012 = VECTOR('',#5013,1.);
#5013 = DIRECTION('',(6.609296443472E-16,-1.,-2.22044604925E-16));
#5014 = CARTESIAN_POINT('',(-0.5,0.7,0.415));
#5015 = CARTESIAN_POINT('',(-0.5,-0.7,0.415));
#5016 = GEOMETRIC_CURVE_SET('',(#5017));
#5017 = TRIMMED_CURVE('',#5018,(#5022,PARAMETER_VALUE(
      -8.246211251235E-02)),(#5023,PARAMETER_VALUE(-1.068996481773E-14))
  ,.T.,.PARAMETER.);
#5018 = LINE('',#5019,#5020);
#5019 = CARTESIAN_POINT('',(-0.55,-0.635,4.5E-02));
#5020 = VECTOR('',#5021,1.);
#5021 = DIRECTION('',(-0.242535625036,-3.231223622486E-16,0.970142500145
    ));
#5022 = CARTESIAN_POINT('',(-0.53,-0.635,-3.5E-02));
#5023 = CARTESIAN_POINT('',(-0.55,-0.635,4.499999999999E-02));
#5024 = GEOMETRIC_CURVE_SET('',(#5025));
#5025 = TRIMMED_CURVE('',#5026,(#5030,PARAMETER_VALUE(-0.73)),(#5031,
    PARAMETER_VALUE(-0.635)),.T.,.PARAMETER.);
#5026 = LINE('',#5027,#5028);
#5027 = CARTESIAN_POINT('',(-0.53,-3.003326753959E-16,-3.5E-02));
#5028 = VECTOR('',#5029,1.);
#5029 = DIRECTION('',(-6.609296443472E-16,1.,2.22044604925E-16));
#5030 = CARTESIAN_POINT('',(-0.53,-0.73,-3.5E-02));
#5031 = CARTESIAN_POINT('',(-0.53,-0.635,-3.5E-02));
#5032 = GEOMETRIC_CURVE_SET('',(#5033));
#5033 = TRIMMED_CURVE('',#5034,(#5038,PARAMETER_VALUE(-0.259272486435)),
  (#5039,PARAMETER_VALUE(-0.174419672693)),.T.,.PARAMETER.);
#5034 = LINE('',#5035,#5036);
#5035 = CARTESIAN_POINT('',(-0.488888888889,-0.688888888889,
    -0.199444444444));
#5036 = VECTOR('',#5037,1.);
#5037 = DIRECTION('',(0.235702260396,0.235702260396,-0.942809041582));
#5038 = CARTESIAN_POINT('',(-0.55,-0.75,4.499999999999E-02));
#5039 = CARTESIAN_POINT('',(-0.53,-0.73,-3.5E-02));
#5040 = GEOMETRIC_CURVE_SET('',(#5041));
#5041 = TRIMMED_CURVE('',#5042,(#5046,PARAMETER_VALUE(-1.5)),(#5047,
    PARAMETER_VALUE(-1.385)),.T.,.PARAMETER.);
#5042 = LINE('',#5043,#5044);
#5043 = CARTESIAN_POINT('',(-0.55,0.75,4.499999999999E-02));
#5044 = VECTOR('',#5045,1.);
#5045 = DIRECTION('',(-6.609296443472E-16,1.,2.22044604925E-16));
#5046 = CARTESIAN_POINT('',(-0.55,-0.75,4.499999999999E-02));
#5047 = CARTESIAN_POINT('',(-0.55,-0.635,4.499999999999E-02));
#5048 = GEOMETRIC_CURVE_SET('',(#5049));
#5049 = TRIMMED_CURVE('',#5050,(#5054,PARAMETER_VALUE(-0.259272486435)),
  (#5055,PARAMETER_VALUE(-0.174419672693)),.T.,.PARAMETER.);
#5050 = LINE('',#5051,#5052);
#5051 = CARTESIAN_POINT('',(-0.488888888889,-0.688888888889,
    -0.199444444444));
#5052 = VECTOR('',#5053,1.);
#5053 = DIRECTION('',(0.235702260396,0.235702260396,-0.942809041582));
#5054 = CARTESIAN_POINT('',(-0.55,-0.75,4.499999999999E-02));
#5055 = CARTESIAN_POINT('',(-0.53,-0.73,-3.5E-02));
#5056 = GEOMETRIC_CURVE_SET('',(#5057));
#5057 = TRIMMED_CURVE('',#5058,(#5062,PARAMETER_VALUE(-0.53)),(#5063,
    PARAMETER_VALUE(0.53)),.T.,.PARAMETER.);
#5058 = LINE('',#5059,#5060);
#5059 = CARTESIAN_POINT('',(2.742250870824E-16,-0.73,-3.5E-02));
#5060 = VECTOR('',#5061,1.);
#5061 = DIRECTION('',(-1.,-4.440892098501E-16,2.22044604925E-16));
#5062 = CARTESIAN_POINT('',(0.53,-0.73,-3.5E-02));
#5063 = CARTESIAN_POINT('',(-0.53,-0.73,-3.5E-02));
#5064 = GEOMETRIC_CURVE_SET('',(#5065));
#5065 = TRIMMED_CURVE('',#5066,(#5070,PARAMETER_VALUE(1.038877843496E-14
      )),(#5071,PARAMETER_VALUE(8.485281374239E-02)),.T.,.PARAMETER.);
#5066 = LINE('',#5067,#5068);
#5067 = CARTESIAN_POINT('',(0.55,-0.75,4.5E-02));
#5068 = VECTOR('',#5069,1.);
#5069 = DIRECTION('',(-0.235702260396,0.235702260396,-0.942809041582));
#5070 = CARTESIAN_POINT('',(0.55,-0.75,4.499999999999E-02));
#5071 = CARTESIAN_POINT('',(0.53,-0.73,-3.5E-02));
#5072 = GEOMETRIC_CURVE_SET('',(#5073));
#5073 = TRIMMED_CURVE('',#5074,(#5078,PARAMETER_VALUE(-1.1)),(#5079,
    PARAMETER_VALUE(0.)),.T.,.PARAMETER.);
#5074 = LINE('',#5075,#5076);
#5075 = CARTESIAN_POINT('',(-0.55,-0.75,4.499999999999E-02));
#5076 = VECTOR('',#5077,1.);
#5077 = DIRECTION('',(-1.,-4.440892098501E-16,2.22044604925E-16));
#5078 = CARTESIAN_POINT('',(0.55,-0.75,4.499999999999E-02));
#5079 = CARTESIAN_POINT('',(-0.55,-0.75,4.499999999999E-02));
#5080 = GEOMETRIC_CURVE_SET('',(#5081));
#5081 = TRIMMED_CURVE('',#5082,(#5086,PARAMETER_VALUE(
      -8.485281374239E-02)),(#5087,PARAMETER_VALUE(-1.038877843496E-14))
  ,.T.,.PARAMETER.);
#5082 = LINE('',#5083,#5084);
#5083 = CARTESIAN_POINT('',(-0.55,0.75,4.5E-02));
#5084 = VECTOR('',#5085,1.);
#5085 = DIRECTION('',(-0.235702260396,0.235702260396,0.942809041582));
#5086 = CARTESIAN_POINT('',(-0.53,0.73,-3.5E-02));
#5087 = CARTESIAN_POINT('',(-0.55,0.75,4.499999999999E-02));
#5088 = GEOMETRIC_CURVE_SET('',(#5089));
#5089 = TRIMMED_CURVE('',#5090,(#5094,PARAMETER_VALUE(-1.1)),(#5095,
    PARAMETER_VALUE(0.)),.T.,.PARAMETER.);
#5090 = LINE('',#5091,#5092);
#5091 = CARTESIAN_POINT('',(0.55,0.75,4.499999999999E-02));
#5092 = VECTOR('',#5093,1.);
#5093 = DIRECTION('',(1.,4.440892098501E-16,-2.22044604925E-16));
#5094 = CARTESIAN_POINT('',(-0.55,0.75,4.499999999999E-02));
#5095 = CARTESIAN_POINT('',(0.55,0.75,4.499999999999E-02));
#5096 = GEOMETRIC_CURVE_SET('',(#5097));
#5097 = TRIMMED_CURVE('',#5098,(#5102,PARAMETER_VALUE(
      -8.485281374239E-02)),(#5103,PARAMETER_VALUE(-1.038877843496E-14))
  ,.T.,.PARAMETER.);
#5098 = LINE('',#5099,#5100);
#5099 = CARTESIAN_POINT('',(0.55,0.75,4.5E-02));
#5100 = VECTOR('',#5101,1.);
#5101 = DIRECTION('',(0.235702260396,0.235702260396,0.942809041582));
#5102 = CARTESIAN_POINT('',(0.53,0.73,-3.5E-02));
#5103 = CARTESIAN_POINT('',(0.55,0.75,4.499999999999E-02));
#5104 = GEOMETRIC_CURVE_SET('',(#5105));
#5105 = TRIMMED_CURVE('',#5106,(#5110,PARAMETER_VALUE(-0.53)),(#5111,
    PARAMETER_VALUE(0.53)),.T.,.PARAMETER.);
#5106 = LINE('',#5107,#5108);
#5107 = CARTESIAN_POINT('',(-3.741451592987E-16,0.73,-3.5E-02));
#5108 = VECTOR('',#5109,1.);
#5109 = DIRECTION('',(1.,4.440892098501E-16,-2.22044604925E-16));
#5110 = CARTESIAN_POINT('',(-0.53,0.73,-3.5E-02));
#5111 = CARTESIAN_POINT('',(0.53,0.73,-3.5E-02));
#5112 = GEOMETRIC_CURVE_SET('',(#5113));
#5113 = TRIMMED_CURVE('',#5114,(#5118,PARAMETER_VALUE(
      -8.246211251235E-02)),(#5119,PARAMETER_VALUE(-1.068996481773E-14))
  ,.T.,.PARAMETER.);
#5114 = LINE('',#5115,#5116);
#5115 = CARTESIAN_POINT('',(0.55,0.635,4.5E-02));
#5116 = VECTOR('',#5117,1.);
#5117 = DIRECTION('',(0.242535625036,1.172738086917E-16,0.970142500145)
  );
#5118 = CARTESIAN_POINT('',(0.53,0.635,-3.5E-02));
#5119 = CARTESIAN_POINT('',(0.55,0.635,4.499999999999E-02));
#5120 = GEOMETRIC_CURVE_SET('',(#5121));
#5121 = TRIMMED_CURVE('',#5122,(#5126,PARAMETER_VALUE(-0.73)),(#5127,
    PARAMETER_VALUE(-0.635)),.T.,.PARAMETER.);
#5122 = LINE('',#5123,#5124);
#5123 = CARTESIAN_POINT('',(0.53,3.61944270851E-16,-3.5E-02));
#5124 = VECTOR('',#5125,1.);
#5125 = DIRECTION('',(5.886494995148E-16,-1.,-2.22044604925E-16));
#5126 = CARTESIAN_POINT('',(0.53,0.73,-3.5E-02));
#5127 = CARTESIAN_POINT('',(0.53,0.635,-3.5E-02));
#5128 = GEOMETRIC_CURVE_SET('',(#5129));
#5129 = TRIMMED_CURVE('',#5130,(#5134,PARAMETER_VALUE(
      -8.485281374239E-02)),(#5135,PARAMETER_VALUE(-1.038877843496E-14))
  ,.T.,.PARAMETER.);
#5130 = LINE('',#5131,#5132);
#5131 = CARTESIAN_POINT('',(0.55,0.75,4.5E-02));
#5132 = VECTOR('',#5133,1.);
#5133 = DIRECTION('',(0.235702260396,0.235702260396,0.942809041582));
#5134 = CARTESIAN_POINT('',(0.53,0.73,-3.5E-02));
#5135 = CARTESIAN_POINT('',(0.55,0.75,4.499999999999E-02));
#5136 = GEOMETRIC_CURVE_SET('',(#5137));
#5137 = TRIMMED_CURVE('',#5138,(#5142,PARAMETER_VALUE(-1.5)),(#5143,
    PARAMETER_VALUE(-1.385)),.T.,.PARAMETER.);
#5138 = LINE('',#5139,#5140);
#5139 = CARTESIAN_POINT('',(0.55,-0.75,4.499999999999E-02));
#5140 = VECTOR('',#5141,1.);
#5141 = DIRECTION('',(5.886494995148E-16,-1.,-2.22044604925E-16));
#5142 = CARTESIAN_POINT('',(0.55,0.75,4.499999999999E-02));
#5143 = CARTESIAN_POINT('',(0.55,0.635,4.499999999999E-02));
#5144 = GEOMETRIC_CURVE_SET('',(#5145));
#5145 = TRIMMED_CURVE('',#5146,(#5150,PARAMETER_VALUE(0.)),(#5151,
    PARAMETER_VALUE(0.27)),.T.,.PARAMETER.);
#5146 = LINE('',#5147,#5148);
#5147 = CARTESIAN_POINT('',(0.36,0.365,-3.5E-02));
#5148 = VECTOR('',#5149,1.);
#5149 = DIRECTION('',(-8.456455700299E-16,1.,2.22044604925E-16));
#5150 = CARTESIAN_POINT('',(0.36,0.365,-3.5E-02));
#5151 = CARTESIAN_POINT('',(0.36,0.635,-3.5E-02));
#5152 = GEOMETRIC_CURVE_SET('',(#5153));
#5153 = TRIMMED_CURVE('',#5154,(#5158,PARAMETER_VALUE(0.)),(#5159,
    PARAMETER_VALUE(8.E-02)),.T.,.PARAMETER.);
#5154 = LINE('',#5155,#5156);
#5155 = CARTESIAN_POINT('',(0.36,0.635,4.5E-02));
#5156 = VECTOR('',#5157,1.);
#5157 = DIRECTION('',(-2.22044604925E-16,2.22044604925E-16,-1.));
#5158 = CARTESIAN_POINT('',(0.36,0.635,4.5E-02));
#5159 = CARTESIAN_POINT('',(0.36,0.635,-3.5E-02));
#5160 = GEOMETRIC_CURVE_SET('',(#5161));
#5161 = TRIMMED_CURVE('',#5162,(#5166,PARAMETER_VALUE(0.)),(#5167,
    PARAMETER_VALUE(0.27)),.T.,.PARAMETER.);
#5162 = LINE('',#5163,#5164);
#5163 = CARTESIAN_POINT('',(0.36,0.365,4.5E-02));
#5164 = VECTOR('',#5165,1.);
#5165 = DIRECTION('',(-8.456455700299E-16,1.,2.22044604925E-16));
#5166 = CARTESIAN_POINT('',(0.36,0.365,4.5E-02));
#5167 = CARTESIAN_POINT('',(0.36,0.635,4.5E-02));
#5168 = GEOMETRIC_CURVE_SET('',(#5169));
#5169 = TRIMMED_CURVE('',#5170,(#5174,PARAMETER_VALUE(0.)),(#5175,
    PARAMETER_VALUE(8.E-02)),.T.,.PARAMETER.);
#5170 = LINE('',#5171,#5172);
#5171 = CARTESIAN_POINT('',(0.36,0.365,4.5E-02));
#5172 = VECTOR('',#5173,1.);
#5173 = DIRECTION('',(-2.22044604925E-16,2.22044604925E-16,-1.));
#5174 = CARTESIAN_POINT('',(0.36,0.365,4.5E-02));
#5175 = CARTESIAN_POINT('',(0.36,0.365,-3.5E-02));
#5176 = GEOMETRIC_CURVE_SET('',(#5177));
#5177 = TRIMMED_CURVE('',#5178,(#5182,PARAMETER_VALUE(9.693670867459E-16
      )),(#5183,PARAMETER_VALUE(8.246211251235E-02)),.T.,.PARAMETER.);
#5178 = LINE('',#5179,#5180);
#5179 = CARTESIAN_POINT('',(0.55,0.365,4.5E-02));
#5180 = VECTOR('',#5181,1.);
#5181 = DIRECTION('',(-0.242535625036,-4.783177304388E-18,
    -0.970142500145));
#5182 = CARTESIAN_POINT('',(0.55,0.365,4.5E-02));
#5183 = CARTESIAN_POINT('',(0.53,0.365,-3.5E-02));
#5184 = GEOMETRIC_CURVE_SET('',(#5185));
#5185 = TRIMMED_CURVE('',#5186,(#5190,PARAMETER_VALUE(-0.17)),(#5191,
    PARAMETER_VALUE(0.)),.T.,.PARAMETER.);
#5186 = LINE('',#5187,#5188);
#5187 = CARTESIAN_POINT('',(0.36,0.365,-3.5E-02));
#5188 = VECTOR('',#5189,1.);
#5189 = DIRECTION('',(-1.,-9.078999649522E-16,2.22044604925E-16));
#5190 = CARTESIAN_POINT('',(0.53,0.365,-3.5E-02));
#5191 = CARTESIAN_POINT('',(0.36,0.365,-3.5E-02));
#5192 = GEOMETRIC_CURVE_SET('',(#5193));
#5193 = TRIMMED_CURVE('',#5194,(#5198,PARAMETER_VALUE(0.)),(#5199,
    PARAMETER_VALUE(8.E-02)),.T.,.PARAMETER.);
#5194 = LINE('',#5195,#5196);
#5195 = CARTESIAN_POINT('',(0.36,0.365,4.5E-02));
#5196 = VECTOR('',#5197,1.);
#5197 = DIRECTION('',(-2.22044604925E-16,2.22044604925E-16,-1.));
#5198 = CARTESIAN_POINT('',(0.36,0.365,4.5E-02));
#5199 = CARTESIAN_POINT('',(0.36,0.365,-3.5E-02));
#5200 = GEOMETRIC_CURVE_SET('',(#5201));
#5201 = TRIMMED_CURVE('',#5202,(#5206,PARAMETER_VALUE(-0.19)),(#5207,
    PARAMETER_VALUE(0.)),.T.,.PARAMETER.);
#5202 = LINE('',#5203,#5204);
#5203 = CARTESIAN_POINT('',(0.36,0.365,4.5E-02));
#5204 = VECTOR('',#5205,1.);
#5205 = DIRECTION('',(-1.,-9.078999649522E-16,2.22044604925E-16));
#5206 = CARTESIAN_POINT('',(0.55,0.365,4.5E-02));
#5207 = CARTESIAN_POINT('',(0.36,0.365,4.5E-02));
#5208 = GEOMETRIC_CURVE_SET('',(#5209));
#5209 = TRIMMED_CURVE('',#5210,(#5214,PARAMETER_VALUE(
      -8.246211251235E-02)),(#5215,PARAMETER_VALUE(-1.068996481773E-14))
  ,.T.,.PARAMETER.);
#5210 = LINE('',#5211,#5212);
#5211 = CARTESIAN_POINT('',(0.55,0.635,4.5E-02));
#5212 = VECTOR('',#5213,1.);
#5213 = DIRECTION('',(0.242535625036,1.172738086917E-16,0.970142500145)
  );
#5214 = CARTESIAN_POINT('',(0.53,0.635,-3.5E-02));
#5215 = CARTESIAN_POINT('',(0.55,0.635,4.499999999999E-02));
#5216 = GEOMETRIC_CURVE_SET('',(#5217));
#5217 = TRIMMED_CURVE('',#5218,(#5222,PARAMETER_VALUE(0.)),(#5223,
    PARAMETER_VALUE(0.19)),.T.,.PARAMETER.);
#5218 = LINE('',#5219,#5220);
#5219 = CARTESIAN_POINT('',(0.36,0.635,4.5E-02));
#5220 = VECTOR('',#5221,1.);
#5221 = DIRECTION('',(1.,1.371710720054E-15,-2.22044604925E-16));
#5222 = CARTESIAN_POINT('',(0.36,0.635,4.5E-02));
#5223 = CARTESIAN_POINT('',(0.55,0.635,4.499999999999E-02));
#5224 = GEOMETRIC_CURVE_SET('',(#5225));
#5225 = TRIMMED_CURVE('',#5226,(#5230,PARAMETER_VALUE(0.)),(#5231,
    PARAMETER_VALUE(8.E-02)),.T.,.PARAMETER.);
#5226 = LINE('',#5227,#5228);
#5227 = CARTESIAN_POINT('',(0.36,0.635,4.5E-02));
#5228 = VECTOR('',#5229,1.);
#5229 = DIRECTION('',(-2.22044604925E-16,2.22044604925E-16,-1.));
#5230 = CARTESIAN_POINT('',(0.36,0.635,4.5E-02));
#5231 = CARTESIAN_POINT('',(0.36,0.635,-3.5E-02));
#5232 = GEOMETRIC_CURVE_SET('',(#5233));
#5233 = TRIMMED_CURVE('',#5234,(#5238,PARAMETER_VALUE(0.)),(#5239,
    PARAMETER_VALUE(0.17)),.T.,.PARAMETER.);
#5234 = LINE('',#5235,#5236);
#5235 = CARTESIAN_POINT('',(0.36,0.635,-3.5E-02));
#5236 = VECTOR('',#5237,1.);
#5237 = DIRECTION('',(1.,1.371710720054E-15,-2.22044604925E-16));
#5238 = CARTESIAN_POINT('',(0.36,0.635,-3.5E-02));
#5239 = CARTESIAN_POINT('',(0.53,0.635,-3.5E-02));
#5240 = GEOMETRIC_CURVE_SET('',(#5241));
#5241 = TRIMMED_CURVE('',#5242,(#5246,PARAMETER_VALUE(-0.19)),(#5247,
    PARAMETER_VALUE(0.)),.T.,.PARAMETER.);
#5242 = LINE('',#5243,#5244);
#5243 = CARTESIAN_POINT('',(0.36,0.365,4.5E-02));
#5244 = VECTOR('',#5245,1.);
#5245 = DIRECTION('',(-1.,-9.078999649522E-16,2.22044604925E-16));
#5246 = CARTESIAN_POINT('',(0.55,0.365,4.5E-02));
#5247 = CARTESIAN_POINT('',(0.36,0.365,4.5E-02));
#5248 = GEOMETRIC_CURVE_SET('',(#5249));
#5249 = TRIMMED_CURVE('',#5250,(#5254,PARAMETER_VALUE(0.)),(#5255,
    PARAMETER_VALUE(0.27)),.T.,.PARAMETER.);
#5250 = LINE('',#5251,#5252);
#5251 = CARTESIAN_POINT('',(0.36,0.365,4.5E-02));
#5252 = VECTOR('',#5253,1.);
#5253 = DIRECTION('',(-8.456455700299E-16,1.,2.22044604925E-16));
#5254 = CARTESIAN_POINT('',(0.36,0.365,4.5E-02));
#5255 = CARTESIAN_POINT('',(0.36,0.635,4.5E-02));
#5256 = GEOMETRIC_CURVE_SET('',(#5257));
#5257 = TRIMMED_CURVE('',#5258,(#5262,PARAMETER_VALUE(0.)),(#5263,
    PARAMETER_VALUE(0.19)),.T.,.PARAMETER.);
#5258 = LINE('',#5259,#5260);
#5259 = CARTESIAN_POINT('',(0.36,0.635,4.5E-02));
#5260 = VECTOR('',#5261,1.);
#5261 = DIRECTION('',(1.,1.371710720054E-15,-2.22044604925E-16));
#5262 = CARTESIAN_POINT('',(0.36,0.635,4.5E-02));
#5263 = CARTESIAN_POINT('',(0.55,0.635,4.499999999999E-02));
#5264 = GEOMETRIC_CURVE_SET('',(#5265));
#5265 = TRIMMED_CURVE('',#5266,(#5270,PARAMETER_VALUE(-1.385)),(#5271,
    PARAMETER_VALUE(-1.115)),.T.,.PARAMETER.);
#5266 = LINE('',#5267,#5268);
#5267 = CARTESIAN_POINT('',(0.55,-0.75,4.499999999999E-02));
#5268 = VECTOR('',#5269,1.);
#5269 = DIRECTION('',(5.886494995148E-16,-1.,-2.22044604925E-16));
#5270 = CARTESIAN_POINT('',(0.55,0.635,4.499999999999E-02));
#5271 = CARTESIAN_POINT('',(0.55,0.365,4.5E-02));
#5272 = GEOMETRIC_CURVE_SET('',(#5273));
#5273 = TRIMMED_CURVE('',#5274,(#5278,PARAMETER_VALUE(-0.27)),(#5279,
    PARAMETER_VALUE(0.)),.T.,.PARAMETER.);
#5274 = LINE('',#5275,#5276);
#5275 = CARTESIAN_POINT('',(-0.36,0.365,-3.5E-02));
#5276 = VECTOR('',#5277,1.);
#5277 = DIRECTION('',(4.440892098501E-16,-1.,-2.22044604925E-16));
#5278 = CARTESIAN_POINT('',(-0.36,0.635,-3.5E-02));
#5279 = CARTESIAN_POINT('',(-0.36,0.365,-3.5E-02));
#5280 = GEOMETRIC_CURVE_SET('',(#5281));
#5281 = TRIMMED_CURVE('',#5282,(#5286,PARAMETER_VALUE(0.)),(#5287,
    PARAMETER_VALUE(8.E-02)),.T.,.PARAMETER.);
#5282 = LINE('',#5283,#5284);
#5283 = CARTESIAN_POINT('',(-0.36,0.365,4.5E-02));
#5284 = VECTOR('',#5285,1.);
#5285 = DIRECTION('',(-2.22044604925E-16,2.22044604925E-16,-1.));
#5286 = CARTESIAN_POINT('',(-0.36,0.365,4.5E-02));
#5287 = CARTESIAN_POINT('',(-0.36,0.365,-3.5E-02));
#5288 = GEOMETRIC_CURVE_SET('',(#5289));
#5289 = TRIMMED_CURVE('',#5290,(#5294,PARAMETER_VALUE(-0.27)),(#5295,
    PARAMETER_VALUE(0.)),.T.,.PARAMETER.);
#5290 = LINE('',#5291,#5292);
#5291 = CARTESIAN_POINT('',(-0.36,0.365,4.5E-02));
#5292 = VECTOR('',#5293,1.);
#5293 = DIRECTION('',(4.440892098501E-16,-1.,-2.22044604925E-16));
#5294 = CARTESIAN_POINT('',(-0.36,0.635,4.5E-02));
#5295 = CARTESIAN_POINT('',(-0.36,0.365,4.5E-02));
#5296 = GEOMETRIC_CURVE_SET('',(#5297));
#5297 = TRIMMED_CURVE('',#5298,(#5302,PARAMETER_VALUE(0.)),(#5303,
    PARAMETER_VALUE(8.E-02)),.T.,.PARAMETER.);
#5298 = LINE('',#5299,#5300);
#5299 = CARTESIAN_POINT('',(-0.36,0.635,4.5E-02));
#5300 = VECTOR('',#5301,1.);
#5301 = DIRECTION('',(-2.22044604925E-16,2.22044604925E-16,-1.));
#5302 = CARTESIAN_POINT('',(-0.36,0.635,4.5E-02));
#5303 = CARTESIAN_POINT('',(-0.36,0.635,-3.5E-02));
#5304 = GEOMETRIC_CURVE_SET('',(#5305));
#5305 = TRIMMED_CURVE('',#5306,(#5310,PARAMETER_VALUE(9.693670867459E-16
      )),(#5311,PARAMETER_VALUE(8.246211251235E-02)),.T.,.PARAMETER.);
#5306 = LINE('',#5307,#5308);
#5307 = CARTESIAN_POINT('',(-0.55,0.635,4.5E-02));
#5308 = VECTOR('',#5309,1.);
#5309 = DIRECTION('',(0.242535625036,3.231223622486E-16,-0.970142500145)
  );
#5310 = CARTESIAN_POINT('',(-0.55,0.635,4.5E-02));
#5311 = CARTESIAN_POINT('',(-0.53,0.635,-3.5E-02));
#5312 = GEOMETRIC_CURVE_SET('',(#5313));
#5313 = TRIMMED_CURVE('',#5314,(#5318,PARAMETER_VALUE(-0.17)),(#5319,
    PARAMETER_VALUE(0.)),.T.,.PARAMETER.);
#5314 = LINE('',#5315,#5316);
#5315 = CARTESIAN_POINT('',(-0.36,0.635,-3.5E-02));
#5316 = VECTOR('',#5317,1.);
#5317 = DIRECTION('',(1.,4.440892098501E-16,-2.22044604925E-16));
#5318 = CARTESIAN_POINT('',(-0.53,0.635,-3.5E-02));
#5319 = CARTESIAN_POINT('',(-0.36,0.635,-3.5E-02));
#5320 = GEOMETRIC_CURVE_SET('',(#5321));
#5321 = TRIMMED_CURVE('',#5322,(#5326,PARAMETER_VALUE(0.)),(#5327,
    PARAMETER_VALUE(8.E-02)),.T.,.PARAMETER.);
#5322 = LINE('',#5323,#5324);
#5323 = CARTESIAN_POINT('',(-0.36,0.635,4.5E-02));
#5324 = VECTOR('',#5325,1.);
#5325 = DIRECTION('',(-2.22044604925E-16,2.22044604925E-16,-1.));
#5326 = CARTESIAN_POINT('',(-0.36,0.635,4.5E-02));
#5327 = CARTESIAN_POINT('',(-0.36,0.635,-3.5E-02));
#5328 = GEOMETRIC_CURVE_SET('',(#5329));
#5329 = TRIMMED_CURVE('',#5330,(#5334,PARAMETER_VALUE(-0.19)),(#5335,
    PARAMETER_VALUE(0.)),.T.,.PARAMETER.);
#5330 = LINE('',#5331,#5332);
#5331 = CARTESIAN_POINT('',(-0.36,0.635,4.5E-02));
#5332 = VECTOR('',#5333,1.);
#5333 = DIRECTION('',(1.,4.440892098501E-16,-2.22044604925E-16));
#5334 = CARTESIAN_POINT('',(-0.55,0.635,4.5E-02));
#5335 = CARTESIAN_POINT('',(-0.36,0.635,4.5E-02));
#5336 = GEOMETRIC_CURVE_SET('',(#5337));
#5337 = TRIMMED_CURVE('',#5338,(#5342,PARAMETER_VALUE(
      -8.246211251235E-02)),(#5343,PARAMETER_VALUE(-1.068996481773E-14))
  ,.T.,.PARAMETER.);
#5338 = LINE('',#5339,#5340);
#5339 = CARTESIAN_POINT('',(-0.55,0.365,4.5E-02));
#5340 = VECTOR('',#5341,1.);
#5341 = DIRECTION('',(-0.242535625036,-3.231223622486E-16,0.970142500145
    ));
#5342 = CARTESIAN_POINT('',(-0.53,0.365,-3.5E-02));
#5343 = CARTESIAN_POINT('',(-0.55,0.365,4.499999999999E-02));
#5344 = GEOMETRIC_CURVE_SET('',(#5345));
#5345 = TRIMMED_CURVE('',#5346,(#5350,PARAMETER_VALUE(0.)),(#5351,
    PARAMETER_VALUE(0.19)),.T.,.PARAMETER.);
#5346 = LINE('',#5347,#5348);
#5347 = CARTESIAN_POINT('',(-0.36,0.365,4.5E-02));
#5348 = VECTOR('',#5349,1.);
#5349 = DIRECTION('',(-1.,-4.440892098501E-16,2.22044604925E-16));
#5350 = CARTESIAN_POINT('',(-0.36,0.365,4.5E-02));
#5351 = CARTESIAN_POINT('',(-0.55,0.365,4.499999999999E-02));
#5352 = GEOMETRIC_CURVE_SET('',(#5353));
#5353 = TRIMMED_CURVE('',#5354,(#5358,PARAMETER_VALUE(0.)),(#5359,
    PARAMETER_VALUE(8.E-02)),.T.,.PARAMETER.);
#5354 = LINE('',#5355,#5356);
#5355 = CARTESIAN_POINT('',(-0.36,0.365,4.5E-02));
#5356 = VECTOR('',#5357,1.);
#5357 = DIRECTION('',(-2.22044604925E-16,2.22044604925E-16,-1.));
#5358 = CARTESIAN_POINT('',(-0.36,0.365,4.5E-02));
#5359 = CARTESIAN_POINT('',(-0.36,0.365,-3.5E-02));
#5360 = GEOMETRIC_CURVE_SET('',(#5361));
#5361 = TRIMMED_CURVE('',#5362,(#5366,PARAMETER_VALUE(0.)),(#5367,
    PARAMETER_VALUE(0.17)),.T.,.PARAMETER.);
#5362 = LINE('',#5363,#5364);
#5363 = CARTESIAN_POINT('',(-0.36,0.365,-3.5E-02));
#5364 = VECTOR('',#5365,1.);
#5365 = DIRECTION('',(-1.,-4.440892098501E-16,2.22044604925E-16));
#5366 = CARTESIAN_POINT('',(-0.36,0.365,-3.5E-02));
#5367 = CARTESIAN_POINT('',(-0.53,0.365,-3.5E-02));
#5368 = GEOMETRIC_CURVE_SET('',(#5369));
#5369 = TRIMMED_CURVE('',#5370,(#5374,PARAMETER_VALUE(-0.385)),(#5375,
    PARAMETER_VALUE(-0.115)),.T.,.PARAMETER.);
#5370 = LINE('',#5371,#5372);
#5371 = CARTESIAN_POINT('',(-0.55,0.75,4.499999999999E-02));
#5372 = VECTOR('',#5373,1.);
#5373 = DIRECTION('',(-6.609296443472E-16,1.,2.22044604925E-16));
#5374 = CARTESIAN_POINT('',(-0.55,0.365,4.499999999999E-02));
#5375 = CARTESIAN_POINT('',(-0.55,0.635,4.5E-02));
#5376 = GEOMETRIC_CURVE_SET('',(#5377));
#5377 = TRIMMED_CURVE('',#5378,(#5382,PARAMETER_VALUE(-0.19)),(#5383,
    PARAMETER_VALUE(0.)),.T.,.PARAMETER.);
#5378 = LINE('',#5379,#5380);
#5379 = CARTESIAN_POINT('',(-0.36,0.635,4.5E-02));
#5380 = VECTOR('',#5381,1.);
#5381 = DIRECTION('',(1.,4.440892098501E-16,-2.22044604925E-16));
#5382 = CARTESIAN_POINT('',(-0.55,0.635,4.5E-02));
#5383 = CARTESIAN_POINT('',(-0.36,0.635,4.5E-02));
#5384 = GEOMETRIC_CURVE_SET('',(#5385));
#5385 = TRIMMED_CURVE('',#5386,(#5390,PARAMETER_VALUE(-0.27)),(#5391,
    PARAMETER_VALUE(0.)),.T.,.PARAMETER.);
#5386 = LINE('',#5387,#5388);
#5387 = CARTESIAN_POINT('',(-0.36,0.365,4.5E-02));
#5388 = VECTOR('',#5389,1.);
#5389 = DIRECTION('',(4.440892098501E-16,-1.,-2.22044604925E-16));
#5390 = CARTESIAN_POINT('',(-0.36,0.635,4.5E-02));
#5391 = CARTESIAN_POINT('',(-0.36,0.365,4.5E-02));
#5392 = GEOMETRIC_CURVE_SET('',(#5393));
#5393 = TRIMMED_CURVE('',#5394,(#5398,PARAMETER_VALUE(0.)),(#5399,
    PARAMETER_VALUE(0.19)),.T.,.PARAMETER.);
#5394 = LINE('',#5395,#5396);
#5395 = CARTESIAN_POINT('',(-0.36,0.365,4.5E-02));
#5396 = VECTOR('',#5397,1.);
#5397 = DIRECTION('',(-1.,-4.440892098501E-16,2.22044604925E-16));
#5398 = CARTESIAN_POINT('',(-0.36,0.365,4.5E-02));
#5399 = CARTESIAN_POINT('',(-0.55,0.365,4.499999999999E-02));
#5400 = GEOMETRIC_CURVE_SET('',(#5401));
#5401 = TRIMMED_CURVE('',#5402,(#5406,PARAMETER_VALUE(-0.27)),(#5407,
    PARAMETER_VALUE(0.)),.T.,.PARAMETER.);
#5402 = LINE('',#5403,#5404);
#5403 = CARTESIAN_POINT('',(-0.36,-0.135,-3.5E-02));
#5404 = VECTOR('',#5405,1.);
#5405 = DIRECTION('',(4.440892098501E-16,-1.,-2.22044604925E-16));
#5406 = CARTESIAN_POINT('',(-0.36,0.135,-3.5E-02));
#5407 = CARTESIAN_POINT('',(-0.36,-0.135,-3.5E-02));
#5408 = GEOMETRIC_CURVE_SET('',(#5409));
#5409 = TRIMMED_CURVE('',#5410,(#5414,PARAMETER_VALUE(0.)),(#5415,
    PARAMETER_VALUE(8.E-02)),.T.,.PARAMETER.);
#5410 = LINE('',#5411,#5412);
#5411 = CARTESIAN_POINT('',(-0.36,-0.135,4.5E-02));
#5412 = VECTOR('',#5413,1.);
#5413 = DIRECTION('',(-2.22044604925E-16,2.22044604925E-16,-1.));
#5414 = CARTESIAN_POINT('',(-0.36,-0.135,4.5E-02));
#5415 = CARTESIAN_POINT('',(-0.36,-0.135,-3.5E-02));
#5416 = GEOMETRIC_CURVE_SET('',(#5417));
#5417 = TRIMMED_CURVE('',#5418,(#5422,PARAMETER_VALUE(-0.27)),(#5423,
    PARAMETER_VALUE(0.)),.T.,.PARAMETER.);
#5418 = LINE('',#5419,#5420);
#5419 = CARTESIAN_POINT('',(-0.36,-0.135,4.5E-02));
#5420 = VECTOR('',#5421,1.);
#5421 = DIRECTION('',(4.440892098501E-16,-1.,-2.22044604925E-16));
#5422 = CARTESIAN_POINT('',(-0.36,0.135,4.5E-02));
#5423 = CARTESIAN_POINT('',(-0.36,-0.135,4.5E-02));
#5424 = GEOMETRIC_CURVE_SET('',(#5425));
#5425 = TRIMMED_CURVE('',#5426,(#5430,PARAMETER_VALUE(0.)),(#5431,
    PARAMETER_VALUE(8.E-02)),.T.,.PARAMETER.);
#5426 = LINE('',#5427,#5428);
#5427 = CARTESIAN_POINT('',(-0.36,0.135,4.5E-02));
#5428 = VECTOR('',#5429,1.);
#5429 = DIRECTION('',(-2.22044604925E-16,2.22044604925E-16,-1.));
#5430 = CARTESIAN_POINT('',(-0.36,0.135,4.5E-02));
#5431 = CARTESIAN_POINT('',(-0.36,0.135,-3.5E-02));
#5432 = GEOMETRIC_CURVE_SET('',(#5433));
#5433 = TRIMMED_CURVE('',#5434,(#5438,PARAMETER_VALUE(9.693670867459E-16
      )),(#5439,PARAMETER_VALUE(8.246211251235E-02)),.T.,.PARAMETER.);
#5434 = LINE('',#5435,#5436);
#5435 = CARTESIAN_POINT('',(-0.55,0.135,4.5E-02));
#5436 = VECTOR('',#5437,1.);
#5437 = DIRECTION('',(0.242535625036,3.231223622486E-16,-0.970142500145)
  );
#5438 = CARTESIAN_POINT('',(-0.55,0.135,4.5E-02));
#5439 = CARTESIAN_POINT('',(-0.53,0.135,-3.5E-02));
#5440 = GEOMETRIC_CURVE_SET('',(#5441));
#5441 = TRIMMED_CURVE('',#5442,(#5446,PARAMETER_VALUE(-0.17)),(#5447,
    PARAMETER_VALUE(0.)),.T.,.PARAMETER.);
#5442 = LINE('',#5443,#5444);
#5443 = CARTESIAN_POINT('',(-0.36,0.135,-3.5E-02));
#5444 = VECTOR('',#5445,1.);
#5445 = DIRECTION('',(1.,4.440892098501E-16,-2.22044604925E-16));
#5446 = CARTESIAN_POINT('',(-0.53,0.135,-3.5E-02));
#5447 = CARTESIAN_POINT('',(-0.36,0.135,-3.5E-02));
#5448 = GEOMETRIC_CURVE_SET('',(#5449));
#5449 = TRIMMED_CURVE('',#5450,(#5454,PARAMETER_VALUE(0.)),(#5455,
    PARAMETER_VALUE(8.E-02)),.T.,.PARAMETER.);
#5450 = LINE('',#5451,#5452);
#5451 = CARTESIAN_POINT('',(-0.36,0.135,4.5E-02));
#5452 = VECTOR('',#5453,1.);
#5453 = DIRECTION('',(-2.22044604925E-16,2.22044604925E-16,-1.));
#5454 = CARTESIAN_POINT('',(-0.36,0.135,4.5E-02));
#5455 = CARTESIAN_POINT('',(-0.36,0.135,-3.5E-02));
#5456 = GEOMETRIC_CURVE_SET('',(#5457));
#5457 = TRIMMED_CURVE('',#5458,(#5462,PARAMETER_VALUE(-0.19)),(#5463,
    PARAMETER_VALUE(0.)),.T.,.PARAMETER.);
#5458 = LINE('',#5459,#5460);
#5459 = CARTESIAN_POINT('',(-0.36,0.135,4.5E-02));
#5460 = VECTOR('',#5461,1.);
#5461 = DIRECTION('',(1.,4.440892098501E-16,-2.22044604925E-16));
#5462 = CARTESIAN_POINT('',(-0.55,0.135,4.5E-02));
#5463 = CARTESIAN_POINT('',(-0.36,0.135,4.5E-02));
#5464 = GEOMETRIC_CURVE_SET('',(#5465));
#5465 = TRIMMED_CURVE('',#5466,(#5470,PARAMETER_VALUE(
      -8.246211251235E-02)),(#5471,PARAMETER_VALUE(-1.068996481773E-14))
  ,.T.,.PARAMETER.);
#5466 = LINE('',#5467,#5468);
#5467 = CARTESIAN_POINT('',(-0.55,-0.135,4.5E-02));
#5468 = VECTOR('',#5469,1.);
#5469 = DIRECTION('',(-0.242535625036,-3.231223622486E-16,0.970142500145
    ));
#5470 = CARTESIAN_POINT('',(-0.53,-0.135,-3.5E-02));
#5471 = CARTESIAN_POINT('',(-0.55,-0.135,4.499999999999E-02));
#5472 = GEOMETRIC_CURVE_SET('',(#5473));
#5473 = TRIMMED_CURVE('',#5474,(#5478,PARAMETER_VALUE(0.)),(#5479,
    PARAMETER_VALUE(0.19)),.T.,.PARAMETER.);
#5474 = LINE('',#5475,#5476);
#5475 = CARTESIAN_POINT('',(-0.36,-0.135,4.5E-02));
#5476 = VECTOR('',#5477,1.);
#5477 = DIRECTION('',(-1.,-4.440892098501E-16,2.22044604925E-16));
#5478 = CARTESIAN_POINT('',(-0.36,-0.135,4.5E-02));
#5479 = CARTESIAN_POINT('',(-0.55,-0.135,4.499999999999E-02));
#5480 = GEOMETRIC_CURVE_SET('',(#5481));
#5481 = TRIMMED_CURVE('',#5482,(#5486,PARAMETER_VALUE(0.)),(#5487,
    PARAMETER_VALUE(8.E-02)),.T.,.PARAMETER.);
#5482 = LINE('',#5483,#5484);
#5483 = CARTESIAN_POINT('',(-0.36,-0.135,4.5E-02));
#5484 = VECTOR('',#5485,1.);
#5485 = DIRECTION('',(-2.22044604925E-16,2.22044604925E-16,-1.));
#5486 = CARTESIAN_POINT('',(-0.36,-0.135,4.5E-02));
#5487 = CARTESIAN_POINT('',(-0.36,-0.135,-3.5E-02));
#5488 = GEOMETRIC_CURVE_SET('',(#5489));
#5489 = TRIMMED_CURVE('',#5490,(#5494,PARAMETER_VALUE(0.)),(#5495,
    PARAMETER_VALUE(0.17)),.T.,.PARAMETER.);
#5490 = LINE('',#5491,#5492);
#5491 = CARTESIAN_POINT('',(-0.36,-0.135,-3.5E-02));
#5492 = VECTOR('',#5493,1.);
#5493 = DIRECTION('',(-1.,-4.440892098501E-16,2.22044604925E-16));
#5494 = CARTESIAN_POINT('',(-0.36,-0.135,-3.5E-02));
#5495 = CARTESIAN_POINT('',(-0.53,-0.135,-3.5E-02));
#5496 = GEOMETRIC_CURVE_SET('',(#5497));
#5497 = TRIMMED_CURVE('',#5498,(#5502,PARAMETER_VALUE(-0.885)),(#5503,
    PARAMETER_VALUE(-0.615)),.T.,.PARAMETER.);
#5498 = LINE('',#5499,#5500);
#5499 = CARTESIAN_POINT('',(-0.55,0.75,4.499999999999E-02));
#5500 = VECTOR('',#5501,1.);
#5501 = DIRECTION('',(-6.609296443472E-16,1.,2.22044604925E-16));
#5502 = CARTESIAN_POINT('',(-0.55,-0.135,4.499999999999E-02));
#5503 = CARTESIAN_POINT('',(-0.55,0.135,4.5E-02));
#5504 = GEOMETRIC_CURVE_SET('',(#5505));
#5505 = TRIMMED_CURVE('',#5506,(#5510,PARAMETER_VALUE(-0.19)),(#5511,
    PARAMETER_VALUE(0.)),.T.,.PARAMETER.);
#5506 = LINE('',#5507,#5508);
#5507 = CARTESIAN_POINT('',(-0.36,0.135,4.5E-02));
#5508 = VECTOR('',#5509,1.);
#5509 = DIRECTION('',(1.,4.440892098501E-16,-2.22044604925E-16));
#5510 = CARTESIAN_POINT('',(-0.55,0.135,4.5E-02));
#5511 = CARTESIAN_POINT('',(-0.36,0.135,4.5E-02));
#5512 = GEOMETRIC_CURVE_SET('',(#5513));
#5513 = TRIMMED_CURVE('',#5514,(#5518,PARAMETER_VALUE(-0.27)),(#5519,
    PARAMETER_VALUE(0.)),.T.,.PARAMETER.);
#5514 = LINE('',#5515,#5516);
#5515 = CARTESIAN_POINT('',(-0.36,-0.135,4.5E-02));
#5516 = VECTOR('',#5517,1.);
#5517 = DIRECTION('',(4.440892098501E-16,-1.,-2.22044604925E-16));
#5518 = CARTESIAN_POINT('',(-0.36,0.135,4.5E-02));
#5519 = CARTESIAN_POINT('',(-0.36,-0.135,4.5E-02));
#5520 = GEOMETRIC_CURVE_SET('',(#5521));
#5521 = TRIMMED_CURVE('',#5522,(#5526,PARAMETER_VALUE(0.)),(#5527,
    PARAMETER_VALUE(0.19)),.T.,.PARAMETER.);
#5522 = LINE('',#5523,#5524);
#5523 = CARTESIAN_POINT('',(-0.36,-0.135,4.5E-02));
#5524 = VECTOR('',#5525,1.);
#5525 = DIRECTION('',(-1.,-4.440892098501E-16,2.22044604925E-16));
#5526 = CARTESIAN_POINT('',(-0.36,-0.135,4.5E-02));
#5527 = CARTESIAN_POINT('',(-0.55,-0.135,4.499999999999E-02));
#5528 = GEOMETRIC_CURVE_SET('',(#5529));
#5529 = TRIMMED_CURVE('',#5530,(#5534,PARAMETER_VALUE(-0.27)),(#5535,
    PARAMETER_VALUE(0.)),.T.,.PARAMETER.);
#5530 = LINE('',#5531,#5532);
#5531 = CARTESIAN_POINT('',(-0.36,-0.635,-3.5E-02));
#5532 = VECTOR('',#5533,1.);
#5533 = DIRECTION('',(4.440892098501E-16,-1.,-2.22044604925E-16));
#5534 = CARTESIAN_POINT('',(-0.36,-0.365,-3.5E-02));
#5535 = CARTESIAN_POINT('',(-0.36,-0.635,-3.5E-02));
#5536 = GEOMETRIC_CURVE_SET('',(#5537));
#5537 = TRIMMED_CURVE('',#5538,(#5542,PARAMETER_VALUE(0.)),(#5543,
    PARAMETER_VALUE(8.E-02)),.T.,.PARAMETER.);
#5538 = LINE('',#5539,#5540);
#5539 = CARTESIAN_POINT('',(-0.36,-0.635,4.5E-02));
#5540 = VECTOR('',#5541,1.);
#5541 = DIRECTION('',(-2.22044604925E-16,2.22044604925E-16,-1.));
#5542 = CARTESIAN_POINT('',(-0.36,-0.635,4.5E-02));
#5543 = CARTESIAN_POINT('',(-0.36,-0.635,-3.5E-02));
#5544 = GEOMETRIC_CURVE_SET('',(#5545));
#5545 = TRIMMED_CURVE('',#5546,(#5550,PARAMETER_VALUE(-0.27)),(#5551,
    PARAMETER_VALUE(0.)),.T.,.PARAMETER.);
#5546 = LINE('',#5547,#5548);
#5547 = CARTESIAN_POINT('',(-0.36,-0.635,4.5E-02));
#5548 = VECTOR('',#5549,1.);
#5549 = DIRECTION('',(4.440892098501E-16,-1.,-2.22044604925E-16));
#5550 = CARTESIAN_POINT('',(-0.36,-0.365,4.5E-02));
#5551 = CARTESIAN_POINT('',(-0.36,-0.635,4.5E-02));
#5552 = GEOMETRIC_CURVE_SET('',(#5553));
#5553 = TRIMMED_CURVE('',#5554,(#5558,PARAMETER_VALUE(0.)),(#5559,
    PARAMETER_VALUE(8.E-02)),.T.,.PARAMETER.);
#5554 = LINE('',#5555,#5556);
#5555 = CARTESIAN_POINT('',(-0.36,-0.365,4.5E-02));
#5556 = VECTOR('',#5557,1.);
#5557 = DIRECTION('',(-2.22044604925E-16,2.22044604925E-16,-1.));
#5558 = CARTESIAN_POINT('',(-0.36,-0.365,4.5E-02));
#5559 = CARTESIAN_POINT('',(-0.36,-0.365,-3.5E-02));
#5560 = GEOMETRIC_CURVE_SET('',(#5561));
#5561 = TRIMMED_CURVE('',#5562,(#5566,PARAMETER_VALUE(9.693670867459E-16
      )),(#5567,PARAMETER_VALUE(8.246211251235E-02)),.T.,.PARAMETER.);
#5562 = LINE('',#5563,#5564);
#5563 = CARTESIAN_POINT('',(-0.55,-0.365,4.5E-02));
#5564 = VECTOR('',#5565,1.);
#5565 = DIRECTION('',(0.242535625036,3.231223622486E-16,-0.970142500145)
  );
#5566 = CARTESIAN_POINT('',(-0.55,-0.365,4.5E-02));
#5567 = CARTESIAN_POINT('',(-0.53,-0.365,-3.5E-02));
#5568 = GEOMETRIC_CURVE_SET('',(#5569));
#5569 = TRIMMED_CURVE('',#5570,(#5574,PARAMETER_VALUE(-0.17)),(#5575,
    PARAMETER_VALUE(0.)),.T.,.PARAMETER.);
#5570 = LINE('',#5571,#5572);
#5571 = CARTESIAN_POINT('',(-0.36,-0.365,-3.5E-02));
#5572 = VECTOR('',#5573,1.);
#5573 = DIRECTION('',(1.,4.440892098501E-16,-2.22044604925E-16));
#5574 = CARTESIAN_POINT('',(-0.53,-0.365,-3.5E-02));
#5575 = CARTESIAN_POINT('',(-0.36,-0.365,-3.5E-02));
#5576 = GEOMETRIC_CURVE_SET('',(#5577));
#5577 = TRIMMED_CURVE('',#5578,(#5582,PARAMETER_VALUE(0.)),(#5583,
    PARAMETER_VALUE(8.E-02)),.T.,.PARAMETER.);
#5578 = LINE('',#5579,#5580);
#5579 = CARTESIAN_POINT('',(-0.36,-0.365,4.5E-02));
#5580 = VECTOR('',#5581,1.);
#5581 = DIRECTION('',(-2.22044604925E-16,2.22044604925E-16,-1.));
#5582 = CARTESIAN_POINT('',(-0.36,-0.365,4.5E-02));
#5583 = CARTESIAN_POINT('',(-0.36,-0.365,-3.5E-02));
#5584 = GEOMETRIC_CURVE_SET('',(#5585));
#5585 = TRIMMED_CURVE('',#5586,(#5590,PARAMETER_VALUE(-0.19)),(#5591,
    PARAMETER_VALUE(0.)),.T.,.PARAMETER.);
#5586 = LINE('',#5587,#5588);
#5587 = CARTESIAN_POINT('',(-0.36,-0.365,4.5E-02));
#5588 = VECTOR('',#5589,1.);
#5589 = DIRECTION('',(1.,4.440892098501E-16,-2.22044604925E-16));
#5590 = CARTESIAN_POINT('',(-0.55,-0.365,4.5E-02));
#5591 = CARTESIAN_POINT('',(-0.36,-0.365,4.5E-02));
#5592 = GEOMETRIC_CURVE_SET('',(#5593));
#5593 = TRIMMED_CURVE('',#5594,(#5598,PARAMETER_VALUE(
      -8.246211251235E-02)),(#5599,PARAMETER_VALUE(-1.068996481773E-14))
  ,.T.,.PARAMETER.);
#5594 = LINE('',#5595,#5596);
#5595 = CARTESIAN_POINT('',(-0.55,-0.635,4.5E-02));
#5596 = VECTOR('',#5597,1.);
#5597 = DIRECTION('',(-0.242535625036,-3.231223622486E-16,0.970142500145
    ));
#5598 = CARTESIAN_POINT('',(-0.53,-0.635,-3.5E-02));
#5599 = CARTESIAN_POINT('',(-0.55,-0.635,4.499999999999E-02));
#5600 = GEOMETRIC_CURVE_SET('',(#5601));
#5601 = TRIMMED_CURVE('',#5602,(#5606,PARAMETER_VALUE(0.)),(#5607,
    PARAMETER_VALUE(0.19)),.T.,.PARAMETER.);
#5602 = LINE('',#5603,#5604);
#5603 = CARTESIAN_POINT('',(-0.36,-0.635,4.5E-02));
#5604 = VECTOR('',#5605,1.);
#5605 = DIRECTION('',(-1.,-4.440892098501E-16,2.22044604925E-16));
#5606 = CARTESIAN_POINT('',(-0.36,-0.635,4.5E-02));
#5607 = CARTESIAN_POINT('',(-0.55,-0.635,4.499999999999E-02));
#5608 = GEOMETRIC_CURVE_SET('',(#5609));
#5609 = TRIMMED_CURVE('',#5610,(#5614,PARAMETER_VALUE(0.)),(#5615,
    PARAMETER_VALUE(8.E-02)),.T.,.PARAMETER.);
#5610 = LINE('',#5611,#5612);
#5611 = CARTESIAN_POINT('',(-0.36,-0.635,4.5E-02));
#5612 = VECTOR('',#5613,1.);
#5613 = DIRECTION('',(-2.22044604925E-16,2.22044604925E-16,-1.));
#5614 = CARTESIAN_POINT('',(-0.36,-0.635,4.5E-02));
#5615 = CARTESIAN_POINT('',(-0.36,-0.635,-3.5E-02));
#5616 = GEOMETRIC_CURVE_SET('',(#5617));
#5617 = TRIMMED_CURVE('',#5618,(#5622,PARAMETER_VALUE(0.)),(#5623,
    PARAMETER_VALUE(0.17)),.T.,.PARAMETER.);
#5618 = LINE('',#5619,#5620);
#5619 = CARTESIAN_POINT('',(-0.36,-0.635,-3.5E-02));
#5620 = VECTOR('',#5621,1.);
#5621 = DIRECTION('',(-1.,-4.440892098501E-16,2.22044604925E-16));
#5622 = CARTESIAN_POINT('',(-0.36,-0.635,-3.5E-02));
#5623 = CARTESIAN_POINT('',(-0.53,-0.635,-3.5E-02));
#5624 = GEOMETRIC_CURVE_SET('',(#5625));
#5625 = TRIMMED_CURVE('',#5626,(#5630,PARAMETER_VALUE(-1.385)),(#5631,
    PARAMETER_VALUE(-1.115)),.T.,.PARAMETER.);
#5626 = LINE('',#5627,#5628);
#5627 = CARTESIAN_POINT('',(-0.55,0.75,4.499999999999E-02));
#5628 = VECTOR('',#5629,1.);
#5629 = DIRECTION('',(-6.609296443472E-16,1.,2.22044604925E-16));
#5630 = CARTESIAN_POINT('',(-0.55,-0.635,4.499999999999E-02));
#5631 = CARTESIAN_POINT('',(-0.55,-0.365,4.5E-02));
#5632 = GEOMETRIC_CURVE_SET('',(#5633));
#5633 = TRIMMED_CURVE('',#5634,(#5638,PARAMETER_VALUE(-0.19)),(#5639,
    PARAMETER_VALUE(0.)),.T.,.PARAMETER.);
#5634 = LINE('',#5635,#5636);
#5635 = CARTESIAN_POINT('',(-0.36,-0.365,4.5E-02));
#5636 = VECTOR('',#5637,1.);
#5637 = DIRECTION('',(1.,4.440892098501E-16,-2.22044604925E-16));
#5638 = CARTESIAN_POINT('',(-0.55,-0.365,4.5E-02));
#5639 = CARTESIAN_POINT('',(-0.36,-0.365,4.5E-02));
#5640 = GEOMETRIC_CURVE_SET('',(#5641));
#5641 = TRIMMED_CURVE('',#5642,(#5646,PARAMETER_VALUE(-0.27)),(#5647,
    PARAMETER_VALUE(0.)),.T.,.PARAMETER.);
#5642 = LINE('',#5643,#5644);
#5643 = CARTESIAN_POINT('',(-0.36,-0.635,4.5E-02));
#5644 = VECTOR('',#5645,1.);
#5645 = DIRECTION('',(4.440892098501E-16,-1.,-2.22044604925E-16));
#5646 = CARTESIAN_POINT('',(-0.36,-0.365,4.5E-02));
#5647 = CARTESIAN_POINT('',(-0.36,-0.635,4.5E-02));
#5648 = GEOMETRIC_CURVE_SET('',(#5649));
#5649 = TRIMMED_CURVE('',#5650,(#5654,PARAMETER_VALUE(0.)),(#5655,
    PARAMETER_VALUE(0.19)),.T.,.PARAMETER.);
#5650 = LINE('',#5651,#5652);
#5651 = CARTESIAN_POINT('',(-0.36,-0.635,4.5E-02));
#5652 = VECTOR('',#5653,1.);
#5653 = DIRECTION('',(-1.,-4.440892098501E-16,2.22044604925E-16));
#5654 = CARTESIAN_POINT('',(-0.36,-0.635,4.5E-02));
#5655 = CARTESIAN_POINT('',(-0.55,-0.635,4.499999999999E-02));
#5656 = GEOMETRIC_CURVE_SET('',(#5657));
#5657 = TRIMMED_CURVE('',#5658,(#5662,PARAMETER_VALUE(0.)),(#5663,
    PARAMETER_VALUE(0.27)),.T.,.PARAMETER.);
#5658 = LINE('',#5659,#5660);
#5659 = CARTESIAN_POINT('',(0.36,-0.635,-3.5E-02));
#5660 = VECTOR('',#5661,1.);
#5661 = DIRECTION('',(-8.456455700299E-16,1.,2.22044604925E-16));
#5662 = CARTESIAN_POINT('',(0.36,-0.635,-3.5E-02));
#5663 = CARTESIAN_POINT('',(0.36,-0.365,-3.5E-02));
#5664 = GEOMETRIC_CURVE_SET('',(#5665));
#5665 = TRIMMED_CURVE('',#5666,(#5670,PARAMETER_VALUE(0.)),(#5671,
    PARAMETER_VALUE(8.E-02)),.T.,.PARAMETER.);
#5666 = LINE('',#5667,#5668);
#5667 = CARTESIAN_POINT('',(0.36,-0.365,4.5E-02));
#5668 = VECTOR('',#5669,1.);
#5669 = DIRECTION('',(-2.22044604925E-16,2.22044604925E-16,-1.));
#5670 = CARTESIAN_POINT('',(0.36,-0.365,4.5E-02));
#5671 = CARTESIAN_POINT('',(0.36,-0.365,-3.5E-02));
#5672 = GEOMETRIC_CURVE_SET('',(#5673));
#5673 = TRIMMED_CURVE('',#5674,(#5678,PARAMETER_VALUE(0.)),(#5679,
    PARAMETER_VALUE(0.27)),.T.,.PARAMETER.);
#5674 = LINE('',#5675,#5676);
#5675 = CARTESIAN_POINT('',(0.36,-0.635,4.5E-02));
#5676 = VECTOR('',#5677,1.);
#5677 = DIRECTION('',(-8.456455700299E-16,1.,2.22044604925E-16));
#5678 = CARTESIAN_POINT('',(0.36,-0.635,4.5E-02));
#5679 = CARTESIAN_POINT('',(0.36,-0.365,4.5E-02));
#5680 = GEOMETRIC_CURVE_SET('',(#5681));
#5681 = TRIMMED_CURVE('',#5682,(#5686,PARAMETER_VALUE(0.)),(#5687,
    PARAMETER_VALUE(8.E-02)),.T.,.PARAMETER.);
#5682 = LINE('',#5683,#5684);
#5683 = CARTESIAN_POINT('',(0.36,-0.635,4.5E-02));
#5684 = VECTOR('',#5685,1.);
#5685 = DIRECTION('',(-2.22044604925E-16,2.22044604925E-16,-1.));
#5686 = CARTESIAN_POINT('',(0.36,-0.635,4.5E-02));
#5687 = CARTESIAN_POINT('',(0.36,-0.635,-3.5E-02));
#5688 = GEOMETRIC_CURVE_SET('',(#5689));
#5689 = TRIMMED_CURVE('',#5690,(#5694,PARAMETER_VALUE(1.211708858432E-15
      )),(#5695,PARAMETER_VALUE(8.246211251235E-02)),.T.,.PARAMETER.);
#5690 = LINE('',#5691,#5692);
#5691 = CARTESIAN_POINT('',(0.55,-0.635,4.5E-02));
#5692 = VECTOR('',#5693,1.);
#5693 = DIRECTION('',(-0.242535625036,-4.783177304388E-18,
    -0.970142500145));
#5694 = CARTESIAN_POINT('',(0.55,-0.635,4.5E-02));
#5695 = CARTESIAN_POINT('',(0.53,-0.635,-3.5E-02));
#5696 = GEOMETRIC_CURVE_SET('',(#5697));
#5697 = TRIMMED_CURVE('',#5698,(#5702,PARAMETER_VALUE(0.36)),(#5703,
    PARAMETER_VALUE(0.53)),.T.,.PARAMETER.);
#5698 = LINE('',#5699,#5700);
#5699 = CARTESIAN_POINT('',(5.265564416365E-16,-0.635,-3.5E-02));
#5700 = VECTOR('',#5701,1.);
#5701 = DIRECTION('',(1.,9.078999649522E-16,-2.22044604925E-16));
#5702 = CARTESIAN_POINT('',(0.36,-0.635,-3.5E-02));
#5703 = CARTESIAN_POINT('',(0.53,-0.635,-3.5E-02));
#5704 = GEOMETRIC_CURVE_SET('',(#5705));
#5705 = TRIMMED_CURVE('',#5706,(#5710,PARAMETER_VALUE(0.)),(#5711,
    PARAMETER_VALUE(8.E-02)),.T.,.PARAMETER.);
#5706 = LINE('',#5707,#5708);
#5707 = CARTESIAN_POINT('',(0.36,-0.635,4.5E-02));
#5708 = VECTOR('',#5709,1.);
#5709 = DIRECTION('',(-2.22044604925E-16,2.22044604925E-16,-1.));
#5710 = CARTESIAN_POINT('',(0.36,-0.635,4.5E-02));
#5711 = CARTESIAN_POINT('',(0.36,-0.635,-3.5E-02));
#5712 = GEOMETRIC_CURVE_SET('',(#5713));
#5713 = TRIMMED_CURVE('',#5714,(#5718,PARAMETER_VALUE(-0.19)),(#5719,
    PARAMETER_VALUE(0.)),.T.,.PARAMETER.);
#5714 = LINE('',#5715,#5716);
#5715 = CARTESIAN_POINT('',(0.36,-0.635,4.5E-02));
#5716 = VECTOR('',#5717,1.);
#5717 = DIRECTION('',(-1.,-9.078999649522E-16,2.22044604925E-16));
#5718 = CARTESIAN_POINT('',(0.55,-0.635,4.5E-02));
#5719 = CARTESIAN_POINT('',(0.36,-0.635,4.5E-02));
#5720 = GEOMETRIC_CURVE_SET('',(#5721));
#5721 = TRIMMED_CURVE('',#5722,(#5726,PARAMETER_VALUE(
      -8.246211251235E-02)),(#5727,PARAMETER_VALUE(-1.068996481773E-14))
  ,.T.,.PARAMETER.);
#5722 = LINE('',#5723,#5724);
#5723 = CARTESIAN_POINT('',(0.55,-0.365,4.5E-02));
#5724 = VECTOR('',#5725,1.);
#5725 = DIRECTION('',(0.242535625036,1.172738086917E-16,0.970142500145)
  );
#5726 = CARTESIAN_POINT('',(0.53,-0.365,-3.5E-02));
#5727 = CARTESIAN_POINT('',(0.55,-0.365,4.499999999999E-02));
#5728 = GEOMETRIC_CURVE_SET('',(#5729));
#5729 = TRIMMED_CURVE('',#5730,(#5734,PARAMETER_VALUE(0.)),(#5735,
    PARAMETER_VALUE(0.19)),.T.,.PARAMETER.);
#5730 = LINE('',#5731,#5732);
#5731 = CARTESIAN_POINT('',(0.36,-0.365,4.5E-02));
#5732 = VECTOR('',#5733,1.);
#5733 = DIRECTION('',(1.,1.371710720054E-15,-2.22044604925E-16));
#5734 = CARTESIAN_POINT('',(0.36,-0.365,4.5E-02));
#5735 = CARTESIAN_POINT('',(0.55,-0.365,4.499999999999E-02));
#5736 = GEOMETRIC_CURVE_SET('',(#5737));
#5737 = TRIMMED_CURVE('',#5738,(#5742,PARAMETER_VALUE(0.)),(#5743,
    PARAMETER_VALUE(8.E-02)),.T.,.PARAMETER.);
#5738 = LINE('',#5739,#5740);
#5739 = CARTESIAN_POINT('',(0.36,-0.365,4.5E-02));
#5740 = VECTOR('',#5741,1.);
#5741 = DIRECTION('',(-2.22044604925E-16,2.22044604925E-16,-1.));
#5742 = CARTESIAN_POINT('',(0.36,-0.365,4.5E-02));
#5743 = CARTESIAN_POINT('',(0.36,-0.365,-3.5E-02));
#5744 = GEOMETRIC_CURVE_SET('',(#5745));
#5745 = TRIMMED_CURVE('',#5746,(#5750,PARAMETER_VALUE(0.)),(#5751,
    PARAMETER_VALUE(0.17)),.T.,.PARAMETER.);
#5746 = LINE('',#5747,#5748);
#5747 = CARTESIAN_POINT('',(0.36,-0.365,-3.5E-02));
#5748 = VECTOR('',#5749,1.);
#5749 = DIRECTION('',(1.,1.371710720054E-15,-2.22044604925E-16));
#5750 = CARTESIAN_POINT('',(0.36,-0.365,-3.5E-02));
#5751 = CARTESIAN_POINT('',(0.53,-0.365,-3.5E-02));
#5752 = GEOMETRIC_CURVE_SET('',(#5753));
#5753 = TRIMMED_CURVE('',#5754,(#5758,PARAMETER_VALUE(-0.19)),(#5759,
    PARAMETER_VALUE(0.)),.T.,.PARAMETER.);
#5754 = LINE('',#5755,#5756);
#5755 = CARTESIAN_POINT('',(0.36,-0.635,4.5E-02));
#5756 = VECTOR('',#5757,1.);
#5757 = DIRECTION('',(-1.,-9.078999649522E-16,2.22044604925E-16));
#5758 = CARTESIAN_POINT('',(0.55,-0.635,4.5E-02));
#5759 = CARTESIAN_POINT('',(0.36,-0.635,4.5E-02));
#5760 = GEOMETRIC_CURVE_SET('',(#5761));
#5761 = TRIMMED_CURVE('',#5762,(#5766,PARAMETER_VALUE(0.)),(#5767,
    PARAMETER_VALUE(0.27)),.T.,.PARAMETER.);
#5762 = LINE('',#5763,#5764);
#5763 = CARTESIAN_POINT('',(0.36,-0.635,4.5E-02));
#5764 = VECTOR('',#5765,1.);
#5765 = DIRECTION('',(-8.456455700299E-16,1.,2.22044604925E-16));
#5766 = CARTESIAN_POINT('',(0.36,-0.635,4.5E-02));
#5767 = CARTESIAN_POINT('',(0.36,-0.365,4.5E-02));
#5768 = GEOMETRIC_CURVE_SET('',(#5769));
#5769 = TRIMMED_CURVE('',#5770,(#5774,PARAMETER_VALUE(0.)),(#5775,
    PARAMETER_VALUE(0.19)),.T.,.PARAMETER.);
#5770 = LINE('',#5771,#5772);
#5771 = CARTESIAN_POINT('',(0.36,-0.365,4.5E-02));
#5772 = VECTOR('',#5773,1.);
#5773 = DIRECTION('',(1.,1.371710720054E-15,-2.22044604925E-16));
#5774 = CARTESIAN_POINT('',(0.36,-0.365,4.5E-02));
#5775 = CARTESIAN_POINT('',(0.55,-0.365,4.499999999999E-02));
#5776 = GEOMETRIC_CURVE_SET('',(#5777));
#5777 = TRIMMED_CURVE('',#5778,(#5782,PARAMETER_VALUE(-0.385)),(#5783,
    PARAMETER_VALUE(-0.115)),.T.,.PARAMETER.);
#5778 = LINE('',#5779,#5780);
#5779 = CARTESIAN_POINT('',(0.55,-0.75,4.499999999999E-02));
#5780 = VECTOR('',#5781,1.);
#5781 = DIRECTION('',(5.886494995148E-16,-1.,-2.22044604925E-16));
#5782 = CARTESIAN_POINT('',(0.55,-0.365,4.499999999999E-02));
#5783 = CARTESIAN_POINT('',(0.55,-0.635,4.5E-02));
#5784 = GEOMETRIC_CURVE_SET('',(#5785));
#5785 = TRIMMED_CURVE('',#5786,(#5790,PARAMETER_VALUE(0.)),(#5791,
    PARAMETER_VALUE(0.27)),.T.,.PARAMETER.);
#5786 = LINE('',#5787,#5788);
#5787 = CARTESIAN_POINT('',(0.36,-0.135,-3.5E-02));
#5788 = VECTOR('',#5789,1.);
#5789 = DIRECTION('',(-8.456455700299E-16,1.,2.22044604925E-16));
#5790 = CARTESIAN_POINT('',(0.36,-0.135,-3.5E-02));
#5791 = CARTESIAN_POINT('',(0.36,0.135,-3.5E-02));
#5792 = GEOMETRIC_CURVE_SET('',(#5793));
#5793 = TRIMMED_CURVE('',#5794,(#5798,PARAMETER_VALUE(0.)),(#5799,
    PARAMETER_VALUE(8.E-02)),.T.,.PARAMETER.);
#5794 = LINE('',#5795,#5796);
#5795 = CARTESIAN_POINT('',(0.36,0.135,4.5E-02));
#5796 = VECTOR('',#5797,1.);
#5797 = DIRECTION('',(-2.22044604925E-16,2.22044604925E-16,-1.));
#5798 = CARTESIAN_POINT('',(0.36,0.135,4.5E-02));
#5799 = CARTESIAN_POINT('',(0.36,0.135,-3.5E-02));
#5800 = GEOMETRIC_CURVE_SET('',(#5801));
#5801 = TRIMMED_CURVE('',#5802,(#5806,PARAMETER_VALUE(0.)),(#5807,
    PARAMETER_VALUE(0.27)),.T.,.PARAMETER.);
#5802 = LINE('',#5803,#5804);
#5803 = CARTESIAN_POINT('',(0.36,-0.135,4.5E-02));
#5804 = VECTOR('',#5805,1.);
#5805 = DIRECTION('',(-8.456455700299E-16,1.,2.22044604925E-16));
#5806 = CARTESIAN_POINT('',(0.36,-0.135,4.5E-02));
#5807 = CARTESIAN_POINT('',(0.36,0.135,4.5E-02));
#5808 = GEOMETRIC_CURVE_SET('',(#5809));
#5809 = TRIMMED_CURVE('',#5810,(#5814,PARAMETER_VALUE(0.)),(#5815,
    PARAMETER_VALUE(8.E-02)),.T.,.PARAMETER.);
#5810 = LINE('',#5811,#5812);
#5811 = CARTESIAN_POINT('',(0.36,-0.135,4.5E-02));
#5812 = VECTOR('',#5813,1.);
#5813 = DIRECTION('',(-2.22044604925E-16,2.22044604925E-16,-1.));
#5814 = CARTESIAN_POINT('',(0.36,-0.135,4.5E-02));
#5815 = CARTESIAN_POINT('',(0.36,-0.135,-3.5E-02));
#5816 = GEOMETRIC_CURVE_SET('',(#5817));
#5817 = TRIMMED_CURVE('',#5818,(#5822,PARAMETER_VALUE(1.211708858432E-15
      )),(#5823,PARAMETER_VALUE(8.246211251235E-02)),.T.,.PARAMETER.);
#5818 = LINE('',#5819,#5820);
#5819 = CARTESIAN_POINT('',(0.55,-0.135,4.5E-02));
#5820 = VECTOR('',#5821,1.);
#5821 = DIRECTION('',(-0.242535625036,-4.783177304388E-18,
    -0.970142500145));
#5822 = CARTESIAN_POINT('',(0.55,-0.135,4.5E-02));
#5823 = CARTESIAN_POINT('',(0.53,-0.135,-3.5E-02));
#5824 = GEOMETRIC_CURVE_SET('',(#5825));
#5825 = TRIMMED_CURVE('',#5826,(#5830,PARAMETER_VALUE(0.36)),(#5831,
    PARAMETER_VALUE(0.53)),.T.,.PARAMETER.);
#5826 = LINE('',#5827,#5828);
#5827 = CARTESIAN_POINT('',(7.260645916041E-17,-0.135,-3.5E-02));
#5828 = VECTOR('',#5829,1.);
#5829 = DIRECTION('',(1.,9.078999649522E-16,-2.22044604925E-16));
#5830 = CARTESIAN_POINT('',(0.36,-0.135,-3.5E-02));
#5831 = CARTESIAN_POINT('',(0.53,-0.135,-3.5E-02));
#5832 = GEOMETRIC_CURVE_SET('',(#5833));
#5833 = TRIMMED_CURVE('',#5834,(#5838,PARAMETER_VALUE(0.)),(#5839,
    PARAMETER_VALUE(8.E-02)),.T.,.PARAMETER.);
#5834 = LINE('',#5835,#5836);
#5835 = CARTESIAN_POINT('',(0.36,-0.135,4.5E-02));
#5836 = VECTOR('',#5837,1.);
#5837 = DIRECTION('',(-2.22044604925E-16,2.22044604925E-16,-1.));
#5838 = CARTESIAN_POINT('',(0.36,-0.135,4.5E-02));
#5839 = CARTESIAN_POINT('',(0.36,-0.135,-3.5E-02));
#5840 = GEOMETRIC_CURVE_SET('',(#5841));
#5841 = TRIMMED_CURVE('',#5842,(#5846,PARAMETER_VALUE(-0.19)),(#5847,
    PARAMETER_VALUE(0.)),.T.,.PARAMETER.);
#5842 = LINE('',#5843,#5844);
#5843 = CARTESIAN_POINT('',(0.36,-0.135,4.5E-02));
#5844 = VECTOR('',#5845,1.);
#5845 = DIRECTION('',(-1.,-9.078999649522E-16,2.22044604925E-16));
#5846 = CARTESIAN_POINT('',(0.55,-0.135,4.5E-02));
#5847 = CARTESIAN_POINT('',(0.36,-0.135,4.5E-02));
#5848 = GEOMETRIC_CURVE_SET('',(#5849));
#5849 = TRIMMED_CURVE('',#5850,(#5854,PARAMETER_VALUE(
      -8.246211251235E-02)),(#5855,PARAMETER_VALUE(-1.068996481773E-14))
  ,.T.,.PARAMETER.);
#5850 = LINE('',#5851,#5852);
#5851 = CARTESIAN_POINT('',(0.55,0.135,4.5E-02));
#5852 = VECTOR('',#5853,1.);
#5853 = DIRECTION('',(0.242535625036,1.172738086917E-16,0.970142500145)
  );
#5854 = CARTESIAN_POINT('',(0.53,0.135,-3.5E-02));
#5855 = CARTESIAN_POINT('',(0.55,0.135,4.499999999999E-02));
#5856 = GEOMETRIC_CURVE_SET('',(#5857));
#5857 = TRIMMED_CURVE('',#5858,(#5862,PARAMETER_VALUE(0.)),(#5863,
    PARAMETER_VALUE(0.19)),.T.,.PARAMETER.);
#5858 = LINE('',#5859,#5860);
#5859 = CARTESIAN_POINT('',(0.36,0.135,4.5E-02));
#5860 = VECTOR('',#5861,1.);
#5861 = DIRECTION('',(1.,1.371710720054E-15,-2.22044604925E-16));
#5862 = CARTESIAN_POINT('',(0.36,0.135,4.5E-02));
#5863 = CARTESIAN_POINT('',(0.55,0.135,4.499999999999E-02));
#5864 = GEOMETRIC_CURVE_SET('',(#5865));
#5865 = TRIMMED_CURVE('',#5866,(#5870,PARAMETER_VALUE(0.)),(#5871,
    PARAMETER_VALUE(8.E-02)),.T.,.PARAMETER.);
#5866 = LINE('',#5867,#5868);
#5867 = CARTESIAN_POINT('',(0.36,0.135,4.5E-02));
#5868 = VECTOR('',#5869,1.);
#5869 = DIRECTION('',(-2.22044604925E-16,2.22044604925E-16,-1.));
#5870 = CARTESIAN_POINT('',(0.36,0.135,4.5E-02));
#5871 = CARTESIAN_POINT('',(0.36,0.135,-3.5E-02));
#5872 = GEOMETRIC_CURVE_SET('',(#5873));
#5873 = TRIMMED_CURVE('',#5874,(#5878,PARAMETER_VALUE(0.)),(#5879,
    PARAMETER_VALUE(0.17)),.T.,.PARAMETER.);
#5874 = LINE('',#5875,#5876);
#5875 = CARTESIAN_POINT('',(0.36,0.135,-3.5E-02));
#5876 = VECTOR('',#5877,1.);
#5877 = DIRECTION('',(1.,1.371710720054E-15,-2.22044604925E-16));
#5878 = CARTESIAN_POINT('',(0.36,0.135,-3.5E-02));
#5879 = CARTESIAN_POINT('',(0.53,0.135,-3.5E-02));
#5880 = GEOMETRIC_CURVE_SET('',(#5881));
#5881 = TRIMMED_CURVE('',#5882,(#5886,PARAMETER_VALUE(-0.19)),(#5887,
    PARAMETER_VALUE(0.)),.T.,.PARAMETER.);
#5882 = LINE('',#5883,#5884);
#5883 = CARTESIAN_POINT('',(0.36,-0.135,4.5E-02));
#5884 = VECTOR('',#5885,1.);
#5885 = DIRECTION('',(-1.,-9.078999649522E-16,2.22044604925E-16));
#5886 = CARTESIAN_POINT('',(0.55,-0.135,4.5E-02));
#5887 = CARTESIAN_POINT('',(0.36,-0.135,4.5E-02));
#5888 = GEOMETRIC_CURVE_SET('',(#5889));
#5889 = TRIMMED_CURVE('',#5890,(#5894,PARAMETER_VALUE(0.)),(#5895,
    PARAMETER_VALUE(0.27)),.T.,.PARAMETER.);
#5890 = LINE('',#5891,#5892);
#5891 = CARTESIAN_POINT('',(0.36,-0.135,4.5E-02));
#5892 = VECTOR('',#5893,1.);
#5893 = DIRECTION('',(-8.456455700299E-16,1.,2.22044604925E-16));
#5894 = CARTESIAN_POINT('',(0.36,-0.135,4.5E-02));
#5895 = CARTESIAN_POINT('',(0.36,0.135,4.5E-02));
#5896 = GEOMETRIC_CURVE_SET('',(#5897));
#5897 = TRIMMED_CURVE('',#5898,(#5902,PARAMETER_VALUE(0.)),(#5903,
    PARAMETER_VALUE(0.19)),.T.,.PARAMETER.);
#5898 = LINE('',#5899,#5900);
#5899 = CARTESIAN_POINT('',(0.36,0.135,4.5E-02));
#5900 = VECTOR('',#5901,1.);
#5901 = DIRECTION('',(1.,1.371710720054E-15,-2.22044604925E-16));
#5902 = CARTESIAN_POINT('',(0.36,0.135,4.5E-02));
#5903 = CARTESIAN_POINT('',(0.55,0.135,4.499999999999E-02));
#5904 = GEOMETRIC_CURVE_SET('',(#5905));
#5905 = TRIMMED_CURVE('',#5906,(#5910,PARAMETER_VALUE(-0.885)),(#5911,
    PARAMETER_VALUE(-0.615)),.T.,.PARAMETER.);
#5906 = LINE('',#5907,#5908);
#5907 = CARTESIAN_POINT('',(0.55,-0.75,4.499999999999E-02));
#5908 = VECTOR('',#5909,1.);
#5909 = DIRECTION('',(5.886494995148E-16,-1.,-2.22044604925E-16));
#5910 = CARTESIAN_POINT('',(0.55,0.135,4.499999999999E-02));
#5911 = CARTESIAN_POINT('',(0.55,-0.135,4.5E-02));
#5912 = GEOMETRIC_CURVE_SET('',(#5913));
#5913 = TRIMMED_CURVE('',#5914,(#5918,PARAMETER_VALUE(0.)),(#5919,
    PARAMETER_VALUE(4.741122777263E-02)),.T.,.PARAMETER.);
#5914 = LINE('',#5915,#5916);
#5915 = CARTESIAN_POINT('',(-0.608940672324,0.391294386114,4.5E-02));
#5916 = VECTOR('',#5917,1.);
#5917 = DIRECTION('',(-0.866025403784,0.5,3.033185711009E-16));
#5918 = CARTESIAN_POINT('',(-0.608940672324,0.391294386114,4.5E-02));
#5919 = CARTESIAN_POINT('',(-0.65,0.415,4.5E-02));
#5920 = GEOMETRIC_CURVE_SET('',(#5921));
#5921 = TRIMMED_CURVE('',#5922,(#5926,PARAMETER_VALUE(0.)),(#5927,
    PARAMETER_VALUE(3.036214180183E-02)),.T.,.PARAMETER.);
#5922 = LINE('',#5923,#5924);
#5923 = CARTESIAN_POINT('',(-0.593759601423,0.365,4.5E-02));
#5924 = VECTOR('',#5925,1.);
#5925 = DIRECTION('',(-0.5,0.866025403784,3.033185711009E-16));
#5926 = CARTESIAN_POINT('',(-0.593759601423,0.365,4.5E-02));
#5927 = CARTESIAN_POINT('',(-0.608940672324,0.391294386114,4.5E-02));
#5928 = GEOMETRIC_CURVE_SET('',(#5929));
#5929 = TRIMMED_CURVE('',#5930,(#5934,PARAMETER_VALUE(0.)),(#5935,
    PARAMETER_VALUE(0.233759601423)),.T.,.PARAMETER.);
#5930 = LINE('',#5931,#5932);
#5931 = CARTESIAN_POINT('',(-0.36,0.365,4.5E-02));
#5932 = VECTOR('',#5933,1.);
#5933 = DIRECTION('',(-1.,-4.440892098501E-16,2.22044604925E-16));
#5934 = CARTESIAN_POINT('',(-0.36,0.365,4.5E-02));
#5935 = CARTESIAN_POINT('',(-0.593759601423,0.365,4.5E-02));
#5936 = GEOMETRIC_CURVE_SET('',(#5937));
#5937 = TRIMMED_CURVE('',#5938,(#5942,PARAMETER_VALUE(-0.27)),(#5943,
    PARAMETER_VALUE(0.)),.T.,.PARAMETER.);
#5938 = LINE('',#5939,#5940);
#5939 = CARTESIAN_POINT('',(-0.36,0.365,4.5E-02));
#5940 = VECTOR('',#5941,1.);
#5941 = DIRECTION('',(4.440892098501E-16,-1.,-2.22044604925E-16));
#5942 = CARTESIAN_POINT('',(-0.36,0.635,4.5E-02));
#5943 = CARTESIAN_POINT('',(-0.36,0.365,4.5E-02));
#5944 = GEOMETRIC_CURVE_SET('',(#5945));
#5945 = TRIMMED_CURVE('',#5946,(#5950,PARAMETER_VALUE(-0.233759601423)),
  (#5951,PARAMETER_VALUE(0.)),.T.,.PARAMETER.);
#5946 = LINE('',#5947,#5948);
#5947 = CARTESIAN_POINT('',(-0.36,0.635,4.5E-02));
#5948 = VECTOR('',#5949,1.);
#5949 = DIRECTION('',(1.,4.440892098501E-16,-2.22044604925E-16));
#5950 = CARTESIAN_POINT('',(-0.593759601423,0.635,4.5E-02));
#5951 = CARTESIAN_POINT('',(-0.36,0.635,4.5E-02));
#5952 = GEOMETRIC_CURVE_SET('',(#5953));
#5953 = TRIMMED_CURVE('',#5954,(#5958,PARAMETER_VALUE(
      -3.036214180183E-02)),(#5959,PARAMETER_VALUE(0.)),.T.,
  .PARAMETER.);
#5954 = LINE('',#5955,#5956);
#5955 = CARTESIAN_POINT('',(-0.593759601423,0.635,4.5E-02));
#5956 = VECTOR('',#5957,1.);
#5957 = DIRECTION('',(0.5,0.866025403784,8.127396617584E-17));
#5958 = CARTESIAN_POINT('',(-0.608940672324,0.608705613886,4.5E-02));
#5959 = CARTESIAN_POINT('',(-0.593759601423,0.635,4.5E-02));
#5960 = GEOMETRIC_CURVE_SET('',(#5961));
#5961 = TRIMMED_CURVE('',#5962,(#5966,PARAMETER_VALUE(
      -4.741122777263E-02)),(#5967,PARAMETER_VALUE(0.)),.T.,
  .PARAMETER.);
#5962 = LINE('',#5963,#5964);
#5963 = CARTESIAN_POINT('',(-0.608940672324,0.608705613886,4.5E-02));
#5964 = VECTOR('',#5965,1.);
#5965 = DIRECTION('',(0.866025403784,0.5,-8.127396617584E-17));
#5966 = CARTESIAN_POINT('',(-0.65,0.585,4.5E-02));
#5967 = CARTESIAN_POINT('',(-0.608940672324,0.608705613886,4.5E-02));
#5968 = GEOMETRIC_CURVE_SET('',(#5969));
#5969 = TRIMMED_CURVE('',#5970,(#5974,PARAMETER_VALUE(-1.E-01)),(#5975,
    PARAMETER_VALUE(0.)),.T.,.PARAMETER.);
#5970 = LINE('',#5971,#5972);
#5971 = CARTESIAN_POINT('',(-0.65,0.585,4.5E-02));
#5972 = VECTOR('',#5973,1.);
#5973 = DIRECTION('',(1.,-6.401129626354E-16,-2.22044604925E-16));
#5974 = CARTESIAN_POINT('',(-0.75,0.585,4.5E-02));
#5975 = CARTESIAN_POINT('',(-0.65,0.585,4.5E-02));
#5976 = GEOMETRIC_CURVE_SET('',(#5977));
#5977 = TRIMMED_CURVE('',#5978,(#5982,PARAMETER_VALUE(-0.17)),(#5983,
    PARAMETER_VALUE(0.)),.T.,.PARAMETER.);
#5978 = LINE('',#5979,#5980);
#5979 = CARTESIAN_POINT('',(-0.75,0.585,4.5E-02));
#5980 = VECTOR('',#5981,1.);
#5981 = DIRECTION('',(-4.440892098501E-16,1.,2.22044604925E-16));
#5982 = CARTESIAN_POINT('',(-0.75,0.415,4.5E-02));
#5983 = CARTESIAN_POINT('',(-0.75,0.585,4.5E-02));
#5984 = GEOMETRIC_CURVE_SET('',(#5985));
#5985 = TRIMMED_CURVE('',#5986,(#5990,PARAMETER_VALUE(0.)),(#5991,
    PARAMETER_VALUE(1.E-01)),.T.,.PARAMETER.);
#5986 = LINE('',#5987,#5988);
#5987 = CARTESIAN_POINT('',(-0.65,0.415,4.5E-02));
#5988 = VECTOR('',#5989,1.);
#5989 = DIRECTION('',(-1.,-1.528291382336E-15,2.22044604925E-16));
#5990 = CARTESIAN_POINT('',(-0.65,0.415,4.5E-02));
#5991 = CARTESIAN_POINT('',(-0.75,0.415,4.5E-02));
#5992 = GEOMETRIC_CURVE_SET('',(#5993));
#5993 = TRIMMED_CURVE('',#5994,(#5998,PARAMETER_VALUE(0.)),(#5999,
    PARAMETER_VALUE(4.741122777263E-02)),.T.,.PARAMETER.);
#5994 = LINE('',#5995,#5996);
#5995 = CARTESIAN_POINT('',(-0.608940672324,0.391294386114,-3.5E-02));
#5996 = VECTOR('',#5997,1.);
#5997 = DIRECTION('',(-0.866025403784,0.5,3.033185711009E-16));
#5998 = CARTESIAN_POINT('',(-0.608940672324,0.391294386114,-3.5E-02));
#5999 = CARTESIAN_POINT('',(-0.65,0.415,-3.5E-02));
#6000 = GEOMETRIC_CURVE_SET('',(#6001));
#6001 = TRIMMED_CURVE('',#6002,(#6006,PARAMETER_VALUE(0.)),(#6007,
    PARAMETER_VALUE(1.E-01)),.T.,.PARAMETER.);
#6002 = LINE('',#6003,#6004);
#6003 = CARTESIAN_POINT('',(-0.65,0.415,-3.5E-02));
#6004 = VECTOR('',#6005,1.);
#6005 = DIRECTION('',(-1.,-1.528291382336E-15,2.22044604925E-16));
#6006 = CARTESIAN_POINT('',(-0.65,0.415,-3.5E-02));
#6007 = CARTESIAN_POINT('',(-0.75,0.415,-3.5E-02));
#6008 = GEOMETRIC_CURVE_SET('',(#6009));
#6009 = TRIMMED_CURVE('',#6010,(#6014,PARAMETER_VALUE(-0.17)),(#6015,
    PARAMETER_VALUE(0.)),.T.,.PARAMETER.);
#6010 = LINE('',#6011,#6012);
#6011 = CARTESIAN_POINT('',(-0.75,0.585,-3.5E-02));
#6012 = VECTOR('',#6013,1.);
#6013 = DIRECTION('',(-4.440892098501E-16,1.,2.22044604925E-16));
#6014 = CARTESIAN_POINT('',(-0.75,0.415,-3.5E-02));
#6015 = CARTESIAN_POINT('',(-0.75,0.585,-3.5E-02));
#6016 = GEOMETRIC_CURVE_SET('',(#6017));
#6017 = TRIMMED_CURVE('',#6018,(#6022,PARAMETER_VALUE(-1.E-01)),(#6023,
    PARAMETER_VALUE(0.)),.T.,.PARAMETER.);
#6018 = LINE('',#6019,#6020);
#6019 = CARTESIAN_POINT('',(-0.65,0.585,-3.5E-02));
#6020 = VECTOR('',#6021,1.);
#6021 = DIRECTION('',(1.,-6.401129626354E-16,-2.22044604925E-16));
#6022 = CARTESIAN_POINT('',(-0.75,0.585,-3.5E-02));
#6023 = CARTESIAN_POINT('',(-0.65,0.585,-3.5E-02));
#6024 = GEOMETRIC_CURVE_SET('',(#6025));
#6025 = TRIMMED_CURVE('',#6026,(#6030,PARAMETER_VALUE(
      -4.741122777263E-02)),(#6031,PARAMETER_VALUE(0.)),.T.,
  .PARAMETER.);
#6026 = LINE('',#6027,#6028);
#6027 = CARTESIAN_POINT('',(-0.608940672324,0.608705613886,-3.5E-02));
#6028 = VECTOR('',#6029,1.);
#6029 = DIRECTION('',(0.866025403784,0.5,-8.127396617584E-17));
#6030 = CARTESIAN_POINT('',(-0.65,0.585,-3.5E-02));
#6031 = CARTESIAN_POINT('',(-0.608940672324,0.608705613886,-3.5E-02));
#6032 = GEOMETRIC_CURVE_SET('',(#6033));
#6033 = TRIMMED_CURVE('',#6034,(#6038,PARAMETER_VALUE(
      -3.036214180183E-02)),(#6039,PARAMETER_VALUE(0.)),.T.,
  .PARAMETER.);
#6034 = LINE('',#6035,#6036);
#6035 = CARTESIAN_POINT('',(-0.593759601423,0.635,-3.5E-02));
#6036 = VECTOR('',#6037,1.);
#6037 = DIRECTION('',(0.5,0.866025403784,8.127396617584E-17));
#6038 = CARTESIAN_POINT('',(-0.608940672324,0.608705613886,-3.5E-02));
#6039 = CARTESIAN_POINT('',(-0.593759601423,0.635,-3.5E-02));
#6040 = GEOMETRIC_CURVE_SET('',(#6041));
#6041 = TRIMMED_CURVE('',#6042,(#6046,PARAMETER_VALUE(-0.233759601423)),
  (#6047,PARAMETER_VALUE(0.)),.T.,.PARAMETER.);
#6042 = LINE('',#6043,#6044);
#6043 = CARTESIAN_POINT('',(-0.36,0.635,-3.5E-02));
#6044 = VECTOR('',#6045,1.);
#6045 = DIRECTION('',(1.,4.440892098501E-16,-2.22044604925E-16));
#6046 = CARTESIAN_POINT('',(-0.593759601423,0.635,-3.5E-02));
#6047 = CARTESIAN_POINT('',(-0.36,0.635,-3.5E-02));
#6048 = GEOMETRIC_CURVE_SET('',(#6049));
#6049 = TRIMMED_CURVE('',#6050,(#6054,PARAMETER_VALUE(-0.27)),(#6055,
    PARAMETER_VALUE(0.)),.T.,.PARAMETER.);
#6050 = LINE('',#6051,#6052);
#6051 = CARTESIAN_POINT('',(-0.36,0.365,-3.5E-02));
#6052 = VECTOR('',#6053,1.);
#6053 = DIRECTION('',(4.440892098501E-16,-1.,-2.22044604925E-16));
#6054 = CARTESIAN_POINT('',(-0.36,0.635,-3.5E-02));
#6055 = CARTESIAN_POINT('',(-0.36,0.365,-3.5E-02));
#6056 = GEOMETRIC_CURVE_SET('',(#6057));
#6057 = TRIMMED_CURVE('',#6058,(#6062,PARAMETER_VALUE(0.)),(#6063,
    PARAMETER_VALUE(0.233759601423)),.T.,.PARAMETER.);
#6058 = LINE('',#6059,#6060);
#6059 = CARTESIAN_POINT('',(-0.36,0.365,-3.5E-02));
#6060 = VECTOR('',#6061,1.);
#6061 = DIRECTION('',(-1.,-4.440892098501E-16,2.22044604925E-16));
#6062 = CARTESIAN_POINT('',(-0.36,0.365,-3.5E-02));
#6063 = CARTESIAN_POINT('',(-0.593759601423,0.365,-3.5E-02));
#6064 = GEOMETRIC_CURVE_SET('',(#6065));
#6065 = TRIMMED_CURVE('',#6066,(#6070,PARAMETER_VALUE(0.)),(#6071,
    PARAMETER_VALUE(3.036214180183E-02)),.T.,.PARAMETER.);
#6066 = LINE('',#6067,#6068);
#6067 = CARTESIAN_POINT('',(-0.593759601423,0.365,-3.5E-02));
#6068 = VECTOR('',#6069,1.);
#6069 = DIRECTION('',(-0.5,0.866025403784,3.033185711009E-16));
#6070 = CARTESIAN_POINT('',(-0.593759601423,0.365,-3.5E-02));
#6071 = CARTESIAN_POINT('',(-0.608940672324,0.391294386114,-3.5E-02));
#6072 = GEOMETRIC_CURVE_SET('',(#6073));
#6073 = TRIMMED_CURVE('',#6074,(#6078,PARAMETER_VALUE(0.474341649025)),(
    #6079,PARAMETER_VALUE(0.554341649025)),.T.,.PARAMETER.);
#6074 = LINE('',#6075,#6076);
#6075 = CARTESIAN_POINT('',(-0.65,0.415,0.519341649025));
#6076 = VECTOR('',#6077,1.);
#6077 = DIRECTION('',(-2.22044604925E-16,2.22044604925E-16,-1.));
#6078 = CARTESIAN_POINT('',(-0.65,0.415,4.5E-02));
#6079 = CARTESIAN_POINT('',(-0.65,0.415,-3.5E-02));
#6080 = GEOMETRIC_CURVE_SET('',(#6081));
#6081 = TRIMMED_CURVE('',#6082,(#6086,PARAMETER_VALUE(0.)),(#6087,
    PARAMETER_VALUE(1.E-01)),.T.,.PARAMETER.);
#6082 = LINE('',#6083,#6084);
#6083 = CARTESIAN_POINT('',(-0.65,0.415,4.5E-02));
#6084 = VECTOR('',#6085,1.);
#6085 = DIRECTION('',(-1.,-1.528291382336E-15,2.22044604925E-16));
#6086 = CARTESIAN_POINT('',(-0.65,0.415,4.5E-02));
#6087 = CARTESIAN_POINT('',(-0.75,0.415,4.5E-02));
#6088 = GEOMETRIC_CURVE_SET('',(#6089));
#6089 = TRIMMED_CURVE('',#6090,(#6094,PARAMETER_VALUE(0.474341649025)),(
    #6095,PARAMETER_VALUE(0.554341649025)),.T.,.PARAMETER.);
#6090 = LINE('',#6091,#6092);
#6091 = CARTESIAN_POINT('',(-0.75,0.415,0.519341649025));
#6092 = VECTOR('',#6093,1.);
#6093 = DIRECTION('',(-2.22044604925E-16,2.22044604925E-16,-1.));
#6094 = CARTESIAN_POINT('',(-0.75,0.415,4.5E-02));
#6095 = CARTESIAN_POINT('',(-0.75,0.415,-3.5E-02));
#6096 = GEOMETRIC_CURVE_SET('',(#6097));
#6097 = TRIMMED_CURVE('',#6098,(#6102,PARAMETER_VALUE(0.)),(#6103,
    PARAMETER_VALUE(1.E-01)),.T.,.PARAMETER.);
#6098 = LINE('',#6099,#6100);
#6099 = CARTESIAN_POINT('',(-0.65,0.415,-3.5E-02));
#6100 = VECTOR('',#6101,1.);
#6101 = DIRECTION('',(-1.,-1.528291382336E-15,2.22044604925E-16));
#6102 = CARTESIAN_POINT('',(-0.65,0.415,-3.5E-02));
#6103 = CARTESIAN_POINT('',(-0.75,0.415,-3.5E-02));
#6104 = GEOMETRIC_CURVE_SET('',(#6105));
#6105 = TRIMMED_CURVE('',#6106,(#6110,PARAMETER_VALUE(0.474341649025)),(
    #6111,PARAMETER_VALUE(0.554341649025)),.T.,.PARAMETER.);
#6106 = LINE('',#6107,#6108);
#6107 = CARTESIAN_POINT('',(-0.75,0.415,0.519341649025));
#6108 = VECTOR('',#6109,1.);
#6109 = DIRECTION('',(-2.22044604925E-16,2.22044604925E-16,-1.));
#6110 = CARTESIAN_POINT('',(-0.75,0.415,4.5E-02));
#6111 = CARTESIAN_POINT('',(-0.75,0.415,-3.5E-02));
#6112 = GEOMETRIC_CURVE_SET('',(#6113));
#6113 = TRIMMED_CURVE('',#6114,(#6118,PARAMETER_VALUE(-0.17)),(#6119,
    PARAMETER_VALUE(0.)),.T.,.PARAMETER.);
#6114 = LINE('',#6115,#6116);
#6115 = CARTESIAN_POINT('',(-0.75,0.585,4.5E-02));
#6116 = VECTOR('',#6117,1.);
#6117 = DIRECTION('',(-4.440892098501E-16,1.,2.22044604925E-16));
#6118 = CARTESIAN_POINT('',(-0.75,0.415,4.5E-02));
#6119 = CARTESIAN_POINT('',(-0.75,0.585,4.5E-02));
#6120 = GEOMETRIC_CURVE_SET('',(#6121));
#6121 = TRIMMED_CURVE('',#6122,(#6126,PARAMETER_VALUE(0.474341649025)),(
    #6127,PARAMETER_VALUE(0.554341649025)),.T.,.PARAMETER.);
#6122 = LINE('',#6123,#6124);
#6123 = CARTESIAN_POINT('',(-0.75,0.585,0.519341649025));
#6124 = VECTOR('',#6125,1.);
#6125 = DIRECTION('',(-2.22044604925E-16,2.22044604925E-16,-1.));
#6126 = CARTESIAN_POINT('',(-0.75,0.585,4.5E-02));
#6127 = CARTESIAN_POINT('',(-0.75,0.585,-3.5E-02));
#6128 = GEOMETRIC_CURVE_SET('',(#6129));
#6129 = TRIMMED_CURVE('',#6130,(#6134,PARAMETER_VALUE(-0.17)),(#6135,
    PARAMETER_VALUE(0.)),.T.,.PARAMETER.);
#6130 = LINE('',#6131,#6132);
#6131 = CARTESIAN_POINT('',(-0.75,0.585,-3.5E-02));
#6132 = VECTOR('',#6133,1.);
#6133 = DIRECTION('',(-4.440892098501E-16,1.,2.22044604925E-16));
#6134 = CARTESIAN_POINT('',(-0.75,0.415,-3.5E-02));
#6135 = CARTESIAN_POINT('',(-0.75,0.585,-3.5E-02));
#6136 = GEOMETRIC_CURVE_SET('',(#6137));
#6137 = TRIMMED_CURVE('',#6138,(#6142,PARAMETER_VALUE(0.474341649025)),(
    #6143,PARAMETER_VALUE(0.554341649025)),.T.,.PARAMETER.);
#6138 = LINE('',#6139,#6140);
#6139 = CARTESIAN_POINT('',(-0.75,0.585,0.519341649025));
#6140 = VECTOR('',#6141,1.);
#6141 = DIRECTION('',(-2.22044604925E-16,2.22044604925E-16,-1.));
#6142 = CARTESIAN_POINT('',(-0.75,0.585,4.5E-02));
#6143 = CARTESIAN_POINT('',(-0.75,0.585,-3.5E-02));
#6144 = GEOMETRIC_CURVE_SET('',(#6145));
#6145 = TRIMMED_CURVE('',#6146,(#6150,PARAMETER_VALUE(-1.E-01)),(#6151,
    PARAMETER_VALUE(0.)),.T.,.PARAMETER.);
#6146 = LINE('',#6147,#6148);
#6147 = CARTESIAN_POINT('',(-0.65,0.585,4.5E-02));
#6148 = VECTOR('',#6149,1.);
#6149 = DIRECTION('',(1.,-6.401129626354E-16,-2.22044604925E-16));
#6150 = CARTESIAN_POINT('',(-0.75,0.585,4.5E-02));
#6151 = CARTESIAN_POINT('',(-0.65,0.585,4.5E-02));
#6152 = GEOMETRIC_CURVE_SET('',(#6153));
#6153 = TRIMMED_CURVE('',#6154,(#6158,PARAMETER_VALUE(0.474341649025)),(
    #6159,PARAMETER_VALUE(0.554341649025)),.T.,.PARAMETER.);
#6154 = LINE('',#6155,#6156);
#6155 = CARTESIAN_POINT('',(-0.65,0.585,0.519341649025));
#6156 = VECTOR('',#6157,1.);
#6157 = DIRECTION('',(-2.22044604925E-16,2.22044604925E-16,-1.));
#6158 = CARTESIAN_POINT('',(-0.65,0.585,4.5E-02));
#6159 = CARTESIAN_POINT('',(-0.65,0.585,-3.5E-02));
#6160 = GEOMETRIC_CURVE_SET('',(#6161));
#6161 = TRIMMED_CURVE('',#6162,(#6166,PARAMETER_VALUE(-1.E-01)),(#6167,
    PARAMETER_VALUE(0.)),.T.,.PARAMETER.);
#6162 = LINE('',#6163,#6164);
#6163 = CARTESIAN_POINT('',(-0.65,0.585,-3.5E-02));
#6164 = VECTOR('',#6165,1.);
#6165 = DIRECTION('',(1.,-6.401129626354E-16,-2.22044604925E-16));
#6166 = CARTESIAN_POINT('',(-0.75,0.585,-3.5E-02));
#6167 = CARTESIAN_POINT('',(-0.65,0.585,-3.5E-02));
#6168 = GEOMETRIC_CURVE_SET('',(#6169));
#6169 = TRIMMED_CURVE('',#6170,(#6174,PARAMETER_VALUE(0.474341649025)),(
    #6175,PARAMETER_VALUE(0.554341649025)),.T.,.PARAMETER.);
#6170 = LINE('',#6171,#6172);
#6171 = CARTESIAN_POINT('',(-0.65,0.585,0.519341649025));
#6172 = VECTOR('',#6173,1.);
#6173 = DIRECTION('',(-2.22044604925E-16,2.22044604925E-16,-1.));
#6174 = CARTESIAN_POINT('',(-0.65,0.585,4.5E-02));
#6175 = CARTESIAN_POINT('',(-0.65,0.585,-3.5E-02));
#6176 = GEOMETRIC_CURVE_SET('',(#6177));
#6177 = TRIMMED_CURVE('',#6178,(#6182,PARAMETER_VALUE(
      -4.741122777263E-02)),(#6183,PARAMETER_VALUE(0.)),.T.,
  .PARAMETER.);
#6178 = LINE('',#6179,#6180);
#6179 = CARTESIAN_POINT('',(-0.608940672324,0.608705613886,4.5E-02));
#6180 = VECTOR('',#6181,1.);
#6181 = DIRECTION('',(0.866025403784,0.5,-8.127396617584E-17));
#6182 = CARTESIAN_POINT('',(-0.65,0.585,4.5E-02));
#6183 = CARTESIAN_POINT('',(-0.608940672324,0.608705613886,4.5E-02));
#6184 = GEOMETRIC_CURVE_SET('',(#6185));
#6185 = TRIMMED_CURVE('',#6186,(#6190,PARAMETER_VALUE(0.474341649025)),(
    #6191,PARAMETER_VALUE(0.554341649025)),.T.,.PARAMETER.);
#6186 = LINE('',#6187,#6188);
#6187 = CARTESIAN_POINT('',(-0.608940672324,0.608705613886,
    0.519341649025));
#6188 = VECTOR('',#6189,1.);
#6189 = DIRECTION('',(-2.22044604925E-16,2.22044604925E-16,-1.));
#6190 = CARTESIAN_POINT('',(-0.608940672324,0.608705613886,4.5E-02));
#6191 = CARTESIAN_POINT('',(-0.608940672324,0.608705613886,-3.5E-02));
#6192 = GEOMETRIC_CURVE_SET('',(#6193));
#6193 = TRIMMED_CURVE('',#6194,(#6198,PARAMETER_VALUE(
      -4.741122777263E-02)),(#6199,PARAMETER_VALUE(0.)),.T.,
  .PARAMETER.);
#6194 = LINE('',#6195,#6196);
#6195 = CARTESIAN_POINT('',(-0.608940672324,0.608705613886,-3.5E-02));
#6196 = VECTOR('',#6197,1.);
#6197 = DIRECTION('',(0.866025403784,0.5,-8.127396617584E-17));
#6198 = CARTESIAN_POINT('',(-0.65,0.585,-3.5E-02));
#6199 = CARTESIAN_POINT('',(-0.608940672324,0.608705613886,-3.5E-02));
#6200 = GEOMETRIC_CURVE_SET('',(#6201));
#6201 = TRIMMED_CURVE('',#6202,(#6206,PARAMETER_VALUE(0.474341649025)),(
    #6207,PARAMETER_VALUE(0.554341649025)),.T.,.PARAMETER.);
#6202 = LINE('',#6203,#6204);
#6203 = CARTESIAN_POINT('',(-0.608940672324,0.608705613886,
    0.519341649025));
#6204 = VECTOR('',#6205,1.);
#6205 = DIRECTION('',(-2.22044604925E-16,2.22044604925E-16,-1.));
#6206 = CARTESIAN_POINT('',(-0.608940672324,0.608705613886,4.5E-02));
#6207 = CARTESIAN_POINT('',(-0.608940672324,0.608705613886,-3.5E-02));
#6208 = GEOMETRIC_CURVE_SET('',(#6209));
#6209 = TRIMMED_CURVE('',#6210,(#6214,PARAMETER_VALUE(
      -3.036214180183E-02)),(#6215,PARAMETER_VALUE(0.)),.T.,
  .PARAMETER.);
#6210 = LINE('',#6211,#6212);
#6211 = CARTESIAN_POINT('',(-0.593759601423,0.635,4.5E-02));
#6212 = VECTOR('',#6213,1.);
#6213 = DIRECTION('',(0.5,0.866025403784,8.127396617584E-17));
#6214 = CARTESIAN_POINT('',(-0.608940672324,0.608705613886,4.5E-02));
#6215 = CARTESIAN_POINT('',(-0.593759601423,0.635,4.5E-02));
#6216 = GEOMETRIC_CURVE_SET('',(#6217));
#6217 = TRIMMED_CURVE('',#6218,(#6222,PARAMETER_VALUE(0.474341649025)),(
    #6223,PARAMETER_VALUE(0.554341649025)),.T.,.PARAMETER.);
#6218 = LINE('',#6219,#6220);
#6219 = CARTESIAN_POINT('',(-0.593759601423,0.635,0.519341649025));
#6220 = VECTOR('',#6221,1.);
#6221 = DIRECTION('',(-2.22044604925E-16,2.22044604925E-16,-1.));
#6222 = CARTESIAN_POINT('',(-0.593759601423,0.635,4.5E-02));
#6223 = CARTESIAN_POINT('',(-0.593759601423,0.635,-3.5E-02));
#6224 = GEOMETRIC_CURVE_SET('',(#6225));
#6225 = TRIMMED_CURVE('',#6226,(#6230,PARAMETER_VALUE(
      -3.036214180183E-02)),(#6231,PARAMETER_VALUE(0.)),.T.,
  .PARAMETER.);
#6226 = LINE('',#6227,#6228);
#6227 = CARTESIAN_POINT('',(-0.593759601423,0.635,-3.5E-02));
#6228 = VECTOR('',#6229,1.);
#6229 = DIRECTION('',(0.5,0.866025403784,8.127396617584E-17));
#6230 = CARTESIAN_POINT('',(-0.608940672324,0.608705613886,-3.5E-02));
#6231 = CARTESIAN_POINT('',(-0.593759601423,0.635,-3.5E-02));
#6232 = GEOMETRIC_CURVE_SET('',(#6233));
#6233 = TRIMMED_CURVE('',#6234,(#6238,PARAMETER_VALUE(0.474341649025)),(
    #6239,PARAMETER_VALUE(0.554341649025)),.T.,.PARAMETER.);
#6234 = LINE('',#6235,#6236);
#6235 = CARTESIAN_POINT('',(-0.593759601423,0.635,0.519341649025));
#6236 = VECTOR('',#6237,1.);
#6237 = DIRECTION('',(-2.22044604925E-16,2.22044604925E-16,-1.));
#6238 = CARTESIAN_POINT('',(-0.593759601423,0.635,4.5E-02));
#6239 = CARTESIAN_POINT('',(-0.593759601423,0.635,-3.5E-02));
#6240 = GEOMETRIC_CURVE_SET('',(#6241));
#6241 = TRIMMED_CURVE('',#6242,(#6246,PARAMETER_VALUE(-0.233759601423)),
  (#6247,PARAMETER_VALUE(0.)),.T.,.PARAMETER.);
#6242 = LINE('',#6243,#6244);
#6243 = CARTESIAN_POINT('',(-0.36,0.635,4.5E-02));
#6244 = VECTOR('',#6245,1.);
#6245 = DIRECTION('',(1.,4.440892098501E-16,-2.22044604925E-16));
#6246 = CARTESIAN_POINT('',(-0.593759601423,0.635,4.5E-02));
#6247 = CARTESIAN_POINT('',(-0.36,0.635,4.5E-02));
#6248 = GEOMETRIC_CURVE_SET('',(#6249));
#6249 = TRIMMED_CURVE('',#6250,(#6254,PARAMETER_VALUE(0.474341649025)),(
    #6255,PARAMETER_VALUE(0.554341649025)),.T.,.PARAMETER.);
#6250 = LINE('',#6251,#6252);
#6251 = CARTESIAN_POINT('',(-0.36,0.635,0.519341649025));
#6252 = VECTOR('',#6253,1.);
#6253 = DIRECTION('',(-2.22044604925E-16,2.22044604925E-16,-1.));
#6254 = CARTESIAN_POINT('',(-0.36,0.635,4.5E-02));
#6255 = CARTESIAN_POINT('',(-0.36,0.635,-3.5E-02));
#6256 = GEOMETRIC_CURVE_SET('',(#6257));
#6257 = TRIMMED_CURVE('',#6258,(#6262,PARAMETER_VALUE(-0.233759601423)),
  (#6263,PARAMETER_VALUE(0.)),.T.,.PARAMETER.);
#6258 = LINE('',#6259,#6260);
#6259 = CARTESIAN_POINT('',(-0.36,0.635,-3.5E-02));
#6260 = VECTOR('',#6261,1.);
#6261 = DIRECTION('',(1.,4.440892098501E-16,-2.22044604925E-16));
#6262 = CARTESIAN_POINT('',(-0.593759601423,0.635,-3.5E-02));
#6263 = CARTESIAN_POINT('',(-0.36,0.635,-3.5E-02));
#6264 = GEOMETRIC_CURVE_SET('',(#6265));
#6265 = TRIMMED_CURVE('',#6266,(#6270,PARAMETER_VALUE(0.474341649025)),(
    #6271,PARAMETER_VALUE(0.554341649025)),.T.,.PARAMETER.);
#6266 = LINE('',#6267,#6268);
#6267 = CARTESIAN_POINT('',(-0.36,0.635,0.519341649025));
#6268 = VECTOR('',#6269,1.);
#6269 = DIRECTION('',(-2.22044604925E-16,2.22044604925E-16,-1.));
#6270 = CARTESIAN_POINT('',(-0.36,0.635,4.5E-02));
#6271 = CARTESIAN_POINT('',(-0.36,0.635,-3.5E-02));
#6272 = GEOMETRIC_CURVE_SET('',(#6273));
#6273 = TRIMMED_CURVE('',#6274,(#6278,PARAMETER_VALUE(-0.27)),(#6279,
    PARAMETER_VALUE(0.)),.T.,.PARAMETER.);
#6274 = LINE('',#6275,#6276);
#6275 = CARTESIAN_POINT('',(-0.36,0.365,4.5E-02));
#6276 = VECTOR('',#6277,1.);
#6277 = DIRECTION('',(4.440892098501E-16,-1.,-2.22044604925E-16));
#6278 = CARTESIAN_POINT('',(-0.36,0.635,4.5E-02));
#6279 = CARTESIAN_POINT('',(-0.36,0.365,4.5E-02));
#6280 = GEOMETRIC_CURVE_SET('',(#6281));
#6281 = TRIMMED_CURVE('',#6282,(#6286,PARAMETER_VALUE(0.474341649025)),(
    #6287,PARAMETER_VALUE(0.554341649025)),.T.,.PARAMETER.);
#6282 = LINE('',#6283,#6284);
#6283 = CARTESIAN_POINT('',(-0.36,0.365,0.519341649025));
#6284 = VECTOR('',#6285,1.);
#6285 = DIRECTION('',(-2.22044604925E-16,2.22044604925E-16,-1.));
#6286 = CARTESIAN_POINT('',(-0.36,0.365,4.5E-02));
#6287 = CARTESIAN_POINT('',(-0.36,0.365,-3.5E-02));
#6288 = GEOMETRIC_CURVE_SET('',(#6289));
#6289 = TRIMMED_CURVE('',#6290,(#6294,PARAMETER_VALUE(-0.27)),(#6295,
    PARAMETER_VALUE(0.)),.T.,.PARAMETER.);
#6290 = LINE('',#6291,#6292);
#6291 = CARTESIAN_POINT('',(-0.36,0.365,-3.5E-02));
#6292 = VECTOR('',#6293,1.);
#6293 = DIRECTION('',(4.440892098501E-16,-1.,-2.22044604925E-16));
#6294 = CARTESIAN_POINT('',(-0.36,0.635,-3.5E-02));
#6295 = CARTESIAN_POINT('',(-0.36,0.365,-3.5E-02));
#6296 = GEOMETRIC_CURVE_SET('',(#6297));
#6297 = TRIMMED_CURVE('',#6298,(#6302,PARAMETER_VALUE(0.474341649025)),(
    #6303,PARAMETER_VALUE(0.554341649025)),.T.,.PARAMETER.);
#6298 = LINE('',#6299,#6300);
#6299 = CARTESIAN_POINT('',(-0.36,0.365,0.519341649025));
#6300 = VECTOR('',#6301,1.);
#6301 = DIRECTION('',(-2.22044604925E-16,2.22044604925E-16,-1.));
#6302 = CARTESIAN_POINT('',(-0.36,0.365,4.5E-02));
#6303 = CARTESIAN_POINT('',(-0.36,0.365,-3.5E-02));
#6304 = GEOMETRIC_CURVE_SET('',(#6305));
#6305 = TRIMMED_CURVE('',#6306,(#6310,PARAMETER_VALUE(0.)),(#6311,
    PARAMETER_VALUE(0.233759601423)),.T.,.PARAMETER.);
#6306 = LINE('',#6307,#6308);
#6307 = CARTESIAN_POINT('',(-0.36,0.365,4.5E-02));
#6308 = VECTOR('',#6309,1.);
#6309 = DIRECTION('',(-1.,-4.440892098501E-16,2.22044604925E-16));
#6310 = CARTESIAN_POINT('',(-0.36,0.365,4.5E-02));
#6311 = CARTESIAN_POINT('',(-0.593759601423,0.365,4.5E-02));
#6312 = GEOMETRIC_CURVE_SET('',(#6313));
#6313 = TRIMMED_CURVE('',#6314,(#6318,PARAMETER_VALUE(0.474341649025)),(
    #6319,PARAMETER_VALUE(0.554341649025)),.T.,.PARAMETER.);
#6314 = LINE('',#6315,#6316);
#6315 = CARTESIAN_POINT('',(-0.593759601423,0.365,0.519341649025));
#6316 = VECTOR('',#6317,1.);
#6317 = DIRECTION('',(-2.22044604925E-16,2.22044604925E-16,-1.));
#6318 = CARTESIAN_POINT('',(-0.593759601423,0.365,4.5E-02));
#6319 = CARTESIAN_POINT('',(-0.593759601423,0.365,-3.5E-02));
#6320 = GEOMETRIC_CURVE_SET('',(#6321));
#6321 = TRIMMED_CURVE('',#6322,(#6326,PARAMETER_VALUE(0.)),(#6327,
    PARAMETER_VALUE(0.233759601423)),.T.,.PARAMETER.);
#6322 = LINE('',#6323,#6324);
#6323 = CARTESIAN_POINT('',(-0.36,0.365,-3.5E-02));
#6324 = VECTOR('',#6325,1.);
#6325 = DIRECTION('',(-1.,-4.440892098501E-16,2.22044604925E-16));
#6326 = CARTESIAN_POINT('',(-0.36,0.365,-3.5E-02));
#6327 = CARTESIAN_POINT('',(-0.593759601423,0.365,-3.5E-02));
#6328 = GEOMETRIC_CURVE_SET('',(#6329));
#6329 = TRIMMED_CURVE('',#6330,(#6334,PARAMETER_VALUE(0.474341649025)),(
    #6335,PARAMETER_VALUE(0.554341649025)),.T.,.PARAMETER.);
#6330 = LINE('',#6331,#6332);
#6331 = CARTESIAN_POINT('',(-0.593759601423,0.365,0.519341649025));
#6332 = VECTOR('',#6333,1.);
#6333 = DIRECTION('',(-2.22044604925E-16,2.22044604925E-16,-1.));
#6334 = CARTESIAN_POINT('',(-0.593759601423,0.365,4.5E-02));
#6335 = CARTESIAN_POINT('',(-0.593759601423,0.365,-3.5E-02));
#6336 = GEOMETRIC_CURVE_SET('',(#6337));
#6337 = TRIMMED_CURVE('',#6338,(#6342,PARAMETER_VALUE(0.)),(#6343,
    PARAMETER_VALUE(3.036214180183E-02)),.T.,.PARAMETER.);
#6338 = LINE('',#6339,#6340);
#6339 = CARTESIAN_POINT('',(-0.593759601423,0.365,4.5E-02));
#6340 = VECTOR('',#6341,1.);
#6341 = DIRECTION('',(-0.5,0.866025403784,3.033185711009E-16));
#6342 = CARTESIAN_POINT('',(-0.593759601423,0.365,4.5E-02));
#6343 = CARTESIAN_POINT('',(-0.608940672324,0.391294386114,4.5E-02));
#6344 = GEOMETRIC_CURVE_SET('',(#6345));
#6345 = TRIMMED_CURVE('',#6346,(#6350,PARAMETER_VALUE(0.474341649025)),(
    #6351,PARAMETER_VALUE(0.554341649025)),.T.,.PARAMETER.);
#6346 = LINE('',#6347,#6348);
#6347 = CARTESIAN_POINT('',(-0.608940672324,0.391294386114,
    0.519341649025));
#6348 = VECTOR('',#6349,1.);
#6349 = DIRECTION('',(-2.22044604925E-16,2.22044604925E-16,-1.));
#6350 = CARTESIAN_POINT('',(-0.608940672324,0.391294386114,4.5E-02));
#6351 = CARTESIAN_POINT('',(-0.608940672324,0.391294386114,-3.5E-02));
#6352 = GEOMETRIC_CURVE_SET('',(#6353));
#6353 = TRIMMED_CURVE('',#6354,(#6358,PARAMETER_VALUE(0.)),(#6359,
    PARAMETER_VALUE(3.036214180183E-02)),.T.,.PARAMETER.);
#6354 = LINE('',#6355,#6356);
#6355 = CARTESIAN_POINT('',(-0.593759601423,0.365,-3.5E-02));
#6356 = VECTOR('',#6357,1.);
#6357 = DIRECTION('',(-0.5,0.866025403784,3.033185711009E-16));
#6358 = CARTESIAN_POINT('',(-0.593759601423,0.365,-3.5E-02));
#6359 = CARTESIAN_POINT('',(-0.608940672324,0.391294386114,-3.5E-02));
#6360 = GEOMETRIC_CURVE_SET('',(#6361));
#6361 = TRIMMED_CURVE('',#6362,(#6366,PARAMETER_VALUE(0.474341649025)),(
    #6367,PARAMETER_VALUE(0.554341649025)),.T.,.PARAMETER.);
#6362 = LINE('',#6363,#6364);
#6363 = CARTESIAN_POINT('',(-0.608940672324,0.391294386114,
    0.519341649025));
#6364 = VECTOR('',#6365,1.);
#6365 = DIRECTION('',(-2.22044604925E-16,2.22044604925E-16,-1.));
#6366 = CARTESIAN_POINT('',(-0.608940672324,0.391294386114,4.5E-02));
#6367 = CARTESIAN_POINT('',(-0.608940672324,0.391294386114,-3.5E-02));
#6368 = GEOMETRIC_CURVE_SET('',(#6369));
#6369 = TRIMMED_CURVE('',#6370,(#6374,PARAMETER_VALUE(0.)),(#6375,
    PARAMETER_VALUE(4.741122777263E-02)),.T.,.PARAMETER.);
#6370 = LINE('',#6371,#6372);
#6371 = CARTESIAN_POINT('',(-0.608940672324,0.391294386114,4.5E-02));
#6372 = VECTOR('',#6373,1.);
#6373 = DIRECTION('',(-0.866025403784,0.5,3.033185711009E-16));
#6374 = CARTESIAN_POINT('',(-0.608940672324,0.391294386114,4.5E-02));
#6375 = CARTESIAN_POINT('',(-0.65,0.415,4.5E-02));
#6376 = GEOMETRIC_CURVE_SET('',(#6377));
#6377 = TRIMMED_CURVE('',#6378,(#6382,PARAMETER_VALUE(0.474341649025)),(
    #6383,PARAMETER_VALUE(0.554341649025)),.T.,.PARAMETER.);
#6378 = LINE('',#6379,#6380);
#6379 = CARTESIAN_POINT('',(-0.65,0.415,0.519341649025));
#6380 = VECTOR('',#6381,1.);
#6381 = DIRECTION('',(-2.22044604925E-16,2.22044604925E-16,-1.));
#6382 = CARTESIAN_POINT('',(-0.65,0.415,4.5E-02));
#6383 = CARTESIAN_POINT('',(-0.65,0.415,-3.5E-02));
#6384 = GEOMETRIC_CURVE_SET('',(#6385));
#6385 = TRIMMED_CURVE('',#6386,(#6390,PARAMETER_VALUE(0.)),(#6391,
    PARAMETER_VALUE(4.741122777263E-02)),.T.,.PARAMETER.);
#6386 = LINE('',#6387,#6388);
#6387 = CARTESIAN_POINT('',(-0.608940672324,0.391294386114,-3.5E-02));
#6388 = VECTOR('',#6389,1.);
#6389 = DIRECTION('',(-0.866025403784,0.5,3.033185711009E-16));
#6390 = CARTESIAN_POINT('',(-0.608940672324,0.391294386114,-3.5E-02));
#6391 = CARTESIAN_POINT('',(-0.65,0.415,-3.5E-02));
#6392 = GEOMETRIC_CURVE_SET('',(#6393));
#6393 = TRIMMED_CURVE('',#6394,(#6398,PARAMETER_VALUE(-0.233759601423)),
  (#6399,PARAMETER_VALUE(0.)),.T.,.PARAMETER.);
#6394 = LINE('',#6395,#6396);
#6395 = CARTESIAN_POINT('',(0.36,0.365,4.5E-02));
#6396 = VECTOR('',#6397,1.);
#6397 = DIRECTION('',(-1.,-9.078999649522E-16,2.22044604925E-16));
#6398 = CARTESIAN_POINT('',(0.593759601423,0.365,4.5E-02));
#6399 = CARTESIAN_POINT('',(0.36,0.365,4.5E-02));
#6400 = GEOMETRIC_CURVE_SET('',(#6401));
#6401 = TRIMMED_CURVE('',#6402,(#6406,PARAMETER_VALUE(
      -3.036214180183E-02)),(#6407,PARAMETER_VALUE(0.)),.T.,
  .PARAMETER.);
#6402 = LINE('',#6403,#6404);
#6403 = CARTESIAN_POINT('',(0.593759601423,0.365,4.5E-02));
#6404 = VECTOR('',#6405,1.);
#6405 = DIRECTION('',(-0.5,-0.866025403784,-8.127396617584E-17));
#6406 = CARTESIAN_POINT('',(0.608940672324,0.391294386114,4.5E-02));
#6407 = CARTESIAN_POINT('',(0.593759601423,0.365,4.5E-02));
#6408 = GEOMETRIC_CURVE_SET('',(#6409));
#6409 = TRIMMED_CURVE('',#6410,(#6414,PARAMETER_VALUE(
      -4.741122777263E-02)),(#6415,PARAMETER_VALUE(0.)),.T.,
  .PARAMETER.);
#6410 = LINE('',#6411,#6412);
#6411 = CARTESIAN_POINT('',(0.608940672324,0.391294386114,4.5E-02));
#6412 = VECTOR('',#6413,1.);
#6413 = DIRECTION('',(-0.866025403784,-0.5,8.127396617584E-17));
#6414 = CARTESIAN_POINT('',(0.65,0.415,4.5E-02));
#6415 = CARTESIAN_POINT('',(0.608940672324,0.391294386114,4.5E-02));
#6416 = GEOMETRIC_CURVE_SET('',(#6417));
#6417 = TRIMMED_CURVE('',#6418,(#6422,PARAMETER_VALUE(-1.E-01)),(#6423,
    PARAMETER_VALUE(0.)),.T.,.PARAMETER.);
#6418 = LINE('',#6419,#6420);
#6419 = CARTESIAN_POINT('',(0.65,0.415,4.5E-02));
#6420 = VECTOR('',#6421,1.);
#6421 = DIRECTION('',(-1.,-4.440892098501E-16,2.22044604925E-16));
#6422 = CARTESIAN_POINT('',(0.75,0.415,4.5E-02));
#6423 = CARTESIAN_POINT('',(0.65,0.415,4.5E-02));
#6424 = GEOMETRIC_CURVE_SET('',(#6425));
#6425 = TRIMMED_CURVE('',#6426,(#6430,PARAMETER_VALUE(0.)),(#6431,
    PARAMETER_VALUE(0.17)),.T.,.PARAMETER.);
#6426 = LINE('',#6427,#6428);
#6427 = CARTESIAN_POINT('',(0.75,0.585,4.5E-02));
#6428 = VECTOR('',#6429,1.);
#6429 = DIRECTION('',(1.71962117748E-15,-1.,-2.22044604925E-16));
#6430 = CARTESIAN_POINT('',(0.75,0.585,4.5E-02));
#6431 = CARTESIAN_POINT('',(0.75,0.415,4.5E-02));
#6432 = GEOMETRIC_CURVE_SET('',(#6433));
#6433 = TRIMMED_CURVE('',#6434,(#6438,PARAMETER_VALUE(0.)),(#6439,
    PARAMETER_VALUE(1.E-01)),.T.,.PARAMETER.);
#6434 = LINE('',#6435,#6436);
#6435 = CARTESIAN_POINT('',(0.65,0.585,4.5E-02));
#6436 = VECTOR('',#6437,1.);
#6437 = DIRECTION('',(1.,1.528291382336E-15,-2.22044604925E-16));
#6438 = CARTESIAN_POINT('',(0.65,0.585,4.5E-02));
#6439 = CARTESIAN_POINT('',(0.75,0.585,4.5E-02));
#6440 = GEOMETRIC_CURVE_SET('',(#6441));
#6441 = TRIMMED_CURVE('',#6442,(#6446,PARAMETER_VALUE(0.)),(#6447,
    PARAMETER_VALUE(4.741122777263E-02)),.T.,.PARAMETER.);
#6442 = LINE('',#6443,#6444);
#6443 = CARTESIAN_POINT('',(0.608940672324,0.608705613886,4.5E-02));
#6444 = VECTOR('',#6445,1.);
#6445 = DIRECTION('',(0.866025403784,-0.5,-3.033185711009E-16));
#6446 = CARTESIAN_POINT('',(0.608940672324,0.608705613886,4.5E-02));
#6447 = CARTESIAN_POINT('',(0.65,0.585,4.5E-02));
#6448 = GEOMETRIC_CURVE_SET('',(#6449));
#6449 = TRIMMED_CURVE('',#6450,(#6454,PARAMETER_VALUE(0.)),(#6455,
    PARAMETER_VALUE(3.036214180183E-02)),.T.,.PARAMETER.);
#6450 = LINE('',#6451,#6452);
#6451 = CARTESIAN_POINT('',(0.593759601423,0.635,4.5E-02));
#6452 = VECTOR('',#6453,1.);
#6453 = DIRECTION('',(0.5,-0.866025403784,-3.033185711009E-16));
#6454 = CARTESIAN_POINT('',(0.593759601423,0.635,4.5E-02));
#6455 = CARTESIAN_POINT('',(0.608940672324,0.608705613886,4.5E-02));
#6456 = GEOMETRIC_CURVE_SET('',(#6457));
#6457 = TRIMMED_CURVE('',#6458,(#6462,PARAMETER_VALUE(0.)),(#6463,
    PARAMETER_VALUE(0.233759601423)),.T.,.PARAMETER.);
#6458 = LINE('',#6459,#6460);
#6459 = CARTESIAN_POINT('',(0.36,0.635,4.5E-02));
#6460 = VECTOR('',#6461,1.);
#6461 = DIRECTION('',(1.,1.371710720054E-15,-2.22044604925E-16));
#6462 = CARTESIAN_POINT('',(0.36,0.635,4.5E-02));
#6463 = CARTESIAN_POINT('',(0.593759601423,0.635,4.5E-02));
#6464 = GEOMETRIC_CURVE_SET('',(#6465));
#6465 = TRIMMED_CURVE('',#6466,(#6470,PARAMETER_VALUE(0.)),(#6471,
    PARAMETER_VALUE(0.27)),.T.,.PARAMETER.);
#6466 = LINE('',#6467,#6468);
#6467 = CARTESIAN_POINT('',(0.36,0.365,4.5E-02));
#6468 = VECTOR('',#6469,1.);
#6469 = DIRECTION('',(-8.456455700299E-16,1.,2.22044604925E-16));
#6470 = CARTESIAN_POINT('',(0.36,0.365,4.5E-02));
#6471 = CARTESIAN_POINT('',(0.36,0.635,4.5E-02));
#6472 = GEOMETRIC_CURVE_SET('',(#6473));
#6473 = TRIMMED_CURVE('',#6474,(#6478,PARAMETER_VALUE(-0.233759601423)),
  (#6479,PARAMETER_VALUE(0.)),.T.,.PARAMETER.);
#6474 = LINE('',#6475,#6476);
#6475 = CARTESIAN_POINT('',(0.36,0.365,-3.5E-02));
#6476 = VECTOR('',#6477,1.);
#6477 = DIRECTION('',(-1.,-9.078999649522E-16,2.22044604925E-16));
#6478 = CARTESIAN_POINT('',(0.593759601423,0.365,-3.5E-02));
#6479 = CARTESIAN_POINT('',(0.36,0.365,-3.5E-02));
#6480 = GEOMETRIC_CURVE_SET('',(#6481));
#6481 = TRIMMED_CURVE('',#6482,(#6486,PARAMETER_VALUE(0.)),(#6487,
    PARAMETER_VALUE(0.27)),.T.,.PARAMETER.);
#6482 = LINE('',#6483,#6484);
#6483 = CARTESIAN_POINT('',(0.36,0.365,-3.5E-02));
#6484 = VECTOR('',#6485,1.);
#6485 = DIRECTION('',(-8.456455700299E-16,1.,2.22044604925E-16));
#6486 = CARTESIAN_POINT('',(0.36,0.365,-3.5E-02));
#6487 = CARTESIAN_POINT('',(0.36,0.635,-3.5E-02));
#6488 = GEOMETRIC_CURVE_SET('',(#6489));
#6489 = TRIMMED_CURVE('',#6490,(#6494,PARAMETER_VALUE(0.)),(#6495,
    PARAMETER_VALUE(0.233759601423)),.T.,.PARAMETER.);
#6490 = LINE('',#6491,#6492);
#6491 = CARTESIAN_POINT('',(0.36,0.635,-3.5E-02));
#6492 = VECTOR('',#6493,1.);
#6493 = DIRECTION('',(1.,1.371710720054E-15,-2.22044604925E-16));
#6494 = CARTESIAN_POINT('',(0.36,0.635,-3.5E-02));
#6495 = CARTESIAN_POINT('',(0.593759601423,0.635,-3.5E-02));
#6496 = GEOMETRIC_CURVE_SET('',(#6497));
#6497 = TRIMMED_CURVE('',#6498,(#6502,PARAMETER_VALUE(0.)),(#6503,
    PARAMETER_VALUE(3.036214180183E-02)),.T.,.PARAMETER.);
#6498 = LINE('',#6499,#6500);
#6499 = CARTESIAN_POINT('',(0.593759601423,0.635,-3.5E-02));
#6500 = VECTOR('',#6501,1.);
#6501 = DIRECTION('',(0.5,-0.866025403784,-3.033185711009E-16));
#6502 = CARTESIAN_POINT('',(0.593759601423,0.635,-3.5E-02));
#6503 = CARTESIAN_POINT('',(0.608940672324,0.608705613886,-3.5E-02));
#6504 = GEOMETRIC_CURVE_SET('',(#6505));
#6505 = TRIMMED_CURVE('',#6506,(#6510,PARAMETER_VALUE(0.)),(#6511,
    PARAMETER_VALUE(4.741122777263E-02)),.T.,.PARAMETER.);
#6506 = LINE('',#6507,#6508);
#6507 = CARTESIAN_POINT('',(0.608940672324,0.608705613886,-3.5E-02));
#6508 = VECTOR('',#6509,1.);
#6509 = DIRECTION('',(0.866025403784,-0.5,-3.033185711009E-16));
#6510 = CARTESIAN_POINT('',(0.608940672324,0.608705613886,-3.5E-02));
#6511 = CARTESIAN_POINT('',(0.65,0.585,-3.5E-02));
#6512 = GEOMETRIC_CURVE_SET('',(#6513));
#6513 = TRIMMED_CURVE('',#6514,(#6518,PARAMETER_VALUE(0.)),(#6519,
    PARAMETER_VALUE(1.E-01)),.T.,.PARAMETER.);
#6514 = LINE('',#6515,#6516);
#6515 = CARTESIAN_POINT('',(0.65,0.585,-3.5E-02));
#6516 = VECTOR('',#6517,1.);
#6517 = DIRECTION('',(1.,1.528291382336E-15,-2.22044604925E-16));
#6518 = CARTESIAN_POINT('',(0.65,0.585,-3.5E-02));
#6519 = CARTESIAN_POINT('',(0.75,0.585,-3.5E-02));
#6520 = GEOMETRIC_CURVE_SET('',(#6521));
#6521 = TRIMMED_CURVE('',#6522,(#6526,PARAMETER_VALUE(0.)),(#6527,
    PARAMETER_VALUE(0.17)),.T.,.PARAMETER.);
#6522 = LINE('',#6523,#6524);
#6523 = CARTESIAN_POINT('',(0.75,0.585,-3.5E-02));
#6524 = VECTOR('',#6525,1.);
#6525 = DIRECTION('',(1.71962117748E-15,-1.,-2.22044604925E-16));
#6526 = CARTESIAN_POINT('',(0.75,0.585,-3.5E-02));
#6527 = CARTESIAN_POINT('',(0.75,0.415,-3.5E-02));
#6528 = GEOMETRIC_CURVE_SET('',(#6529));
#6529 = TRIMMED_CURVE('',#6530,(#6534,PARAMETER_VALUE(-1.E-01)),(#6535,
    PARAMETER_VALUE(0.)),.T.,.PARAMETER.);
#6530 = LINE('',#6531,#6532);
#6531 = CARTESIAN_POINT('',(0.65,0.415,-3.5E-02));
#6532 = VECTOR('',#6533,1.);
#6533 = DIRECTION('',(-1.,-4.440892098501E-16,2.22044604925E-16));
#6534 = CARTESIAN_POINT('',(0.75,0.415,-3.5E-02));
#6535 = CARTESIAN_POINT('',(0.65,0.415,-3.5E-02));
#6536 = GEOMETRIC_CURVE_SET('',(#6537));
#6537 = TRIMMED_CURVE('',#6538,(#6542,PARAMETER_VALUE(
      -4.741122777263E-02)),(#6543,PARAMETER_VALUE(0.)),.T.,
  .PARAMETER.);
#6538 = LINE('',#6539,#6540);
#6539 = CARTESIAN_POINT('',(0.608940672324,0.391294386114,-3.5E-02));
#6540 = VECTOR('',#6541,1.);
#6541 = DIRECTION('',(-0.866025403784,-0.5,8.127396617584E-17));
#6542 = CARTESIAN_POINT('',(0.65,0.415,-3.5E-02));
#6543 = CARTESIAN_POINT('',(0.608940672324,0.391294386114,-3.5E-02));
#6544 = GEOMETRIC_CURVE_SET('',(#6545));
#6545 = TRIMMED_CURVE('',#6546,(#6550,PARAMETER_VALUE(
      -3.036214180183E-02)),(#6551,PARAMETER_VALUE(0.)),.T.,
  .PARAMETER.);
#6546 = LINE('',#6547,#6548);
#6547 = CARTESIAN_POINT('',(0.593759601423,0.365,-3.5E-02));
#6548 = VECTOR('',#6549,1.);
#6549 = DIRECTION('',(-0.5,-0.866025403784,-8.127396617584E-17));
#6550 = CARTESIAN_POINT('',(0.608940672324,0.391294386114,-3.5E-02));
#6551 = CARTESIAN_POINT('',(0.593759601423,0.365,-3.5E-02));
#6552 = GEOMETRIC_CURVE_SET('',(#6553));
#6553 = TRIMMED_CURVE('',#6554,(#6558,PARAMETER_VALUE(0.474341649025)),(
    #6559,PARAMETER_VALUE(0.554341649025)),.T.,.PARAMETER.);
#6554 = LINE('',#6555,#6556);
#6555 = CARTESIAN_POINT('',(0.36,0.365,0.519341649025));
#6556 = VECTOR('',#6557,1.);
#6557 = DIRECTION('',(-2.22044604925E-16,2.22044604925E-16,-1.));
#6558 = CARTESIAN_POINT('',(0.36,0.365,4.5E-02));
#6559 = CARTESIAN_POINT('',(0.36,0.365,-3.5E-02));
#6560 = GEOMETRIC_CURVE_SET('',(#6561));
#6561 = TRIMMED_CURVE('',#6562,(#6566,PARAMETER_VALUE(0.)),(#6567,
    PARAMETER_VALUE(0.27)),.T.,.PARAMETER.);
#6562 = LINE('',#6563,#6564);
#6563 = CARTESIAN_POINT('',(0.36,0.365,4.5E-02));
#6564 = VECTOR('',#6565,1.);
#6565 = DIRECTION('',(-8.456455700299E-16,1.,2.22044604925E-16));
#6566 = CARTESIAN_POINT('',(0.36,0.365,4.5E-02));
#6567 = CARTESIAN_POINT('',(0.36,0.635,4.5E-02));
#6568 = GEOMETRIC_CURVE_SET('',(#6569));
#6569 = TRIMMED_CURVE('',#6570,(#6574,PARAMETER_VALUE(0.474341649025)),(
    #6575,PARAMETER_VALUE(0.554341649025)),.T.,.PARAMETER.);
#6570 = LINE('',#6571,#6572);
#6571 = CARTESIAN_POINT('',(0.36,0.635,0.519341649025));
#6572 = VECTOR('',#6573,1.);
#6573 = DIRECTION('',(-2.22044604925E-16,2.22044604925E-16,-1.));
#6574 = CARTESIAN_POINT('',(0.36,0.635,4.5E-02));
#6575 = CARTESIAN_POINT('',(0.36,0.635,-3.5E-02));
#6576 = GEOMETRIC_CURVE_SET('',(#6577));
#6577 = TRIMMED_CURVE('',#6578,(#6582,PARAMETER_VALUE(0.)),(#6583,
    PARAMETER_VALUE(0.27)),.T.,.PARAMETER.);
#6578 = LINE('',#6579,#6580);
#6579 = CARTESIAN_POINT('',(0.36,0.365,-3.5E-02));
#6580 = VECTOR('',#6581,1.);
#6581 = DIRECTION('',(-8.456455700299E-16,1.,2.22044604925E-16));
#6582 = CARTESIAN_POINT('',(0.36,0.365,-3.5E-02));
#6583 = CARTESIAN_POINT('',(0.36,0.635,-3.5E-02));
#6584 = GEOMETRIC_CURVE_SET('',(#6585));
#6585 = TRIMMED_CURVE('',#6586,(#6590,PARAMETER_VALUE(0.474341649025)),(
    #6591,PARAMETER_VALUE(0.554341649025)),.T.,.PARAMETER.);
#6586 = LINE('',#6587,#6588);
#6587 = CARTESIAN_POINT('',(0.36,0.635,0.519341649025));
#6588 = VECTOR('',#6589,1.);
#6589 = DIRECTION('',(-2.22044604925E-16,2.22044604925E-16,-1.));
#6590 = CARTESIAN_POINT('',(0.36,0.635,4.5E-02));
#6591 = CARTESIAN_POINT('',(0.36,0.635,-3.5E-02));
#6592 = GEOMETRIC_CURVE_SET('',(#6593));
#6593 = TRIMMED_CURVE('',#6594,(#6598,PARAMETER_VALUE(0.)),(#6599,
    PARAMETER_VALUE(0.233759601423)),.T.,.PARAMETER.);
#6594 = LINE('',#6595,#6596);
#6595 = CARTESIAN_POINT('',(0.36,0.635,4.5E-02));
#6596 = VECTOR('',#6597,1.);
#6597 = DIRECTION('',(1.,1.371710720054E-15,-2.22044604925E-16));
#6598 = CARTESIAN_POINT('',(0.36,0.635,4.5E-02));
#6599 = CARTESIAN_POINT('',(0.593759601423,0.635,4.5E-02));
#6600 = GEOMETRIC_CURVE_SET('',(#6601));
#6601 = TRIMMED_CURVE('',#6602,(#6606,PARAMETER_VALUE(0.474341649025)),(
    #6607,PARAMETER_VALUE(0.554341649025)),.T.,.PARAMETER.);
#6602 = LINE('',#6603,#6604);
#6603 = CARTESIAN_POINT('',(0.593759601423,0.635,0.519341649025));
#6604 = VECTOR('',#6605,1.);
#6605 = DIRECTION('',(-2.22044604925E-16,2.22044604925E-16,-1.));
#6606 = CARTESIAN_POINT('',(0.593759601423,0.635,4.5E-02));
#6607 = CARTESIAN_POINT('',(0.593759601423,0.635,-3.5E-02));
#6608 = GEOMETRIC_CURVE_SET('',(#6609));
#6609 = TRIMMED_CURVE('',#6610,(#6614,PARAMETER_VALUE(0.)),(#6615,
    PARAMETER_VALUE(0.233759601423)),.T.,.PARAMETER.);
#6610 = LINE('',#6611,#6612);
#6611 = CARTESIAN_POINT('',(0.36,0.635,-3.5E-02));
#6612 = VECTOR('',#6613,1.);
#6613 = DIRECTION('',(1.,1.371710720054E-15,-2.22044604925E-16));
#6614 = CARTESIAN_POINT('',(0.36,0.635,-3.5E-02));
#6615 = CARTESIAN_POINT('',(0.593759601423,0.635,-3.5E-02));
#6616 = GEOMETRIC_CURVE_SET('',(#6617));
#6617 = TRIMMED_CURVE('',#6618,(#6622,PARAMETER_VALUE(0.474341649025)),(
    #6623,PARAMETER_VALUE(0.554341649025)),.T.,.PARAMETER.);
#6618 = LINE('',#6619,#6620);
#6619 = CARTESIAN_POINT('',(0.593759601423,0.635,0.519341649025));
#6620 = VECTOR('',#6621,1.);
#6621 = DIRECTION('',(-2.22044604925E-16,2.22044604925E-16,-1.));
#6622 = CARTESIAN_POINT('',(0.593759601423,0.635,4.5E-02));
#6623 = CARTESIAN_POINT('',(0.593759601423,0.635,-3.5E-02));
#6624 = GEOMETRIC_CURVE_SET('',(#6625));
#6625 = TRIMMED_CURVE('',#6626,(#6630,PARAMETER_VALUE(0.)),(#6631,
    PARAMETER_VALUE(3.036214180183E-02)),.T.,.PARAMETER.);
#6626 = LINE('',#6627,#6628);
#6627 = CARTESIAN_POINT('',(0.593759601423,0.635,4.5E-02));
#6628 = VECTOR('',#6629,1.);
#6629 = DIRECTION('',(0.5,-0.866025403784,-3.033185711009E-16));
#6630 = CARTESIAN_POINT('',(0.593759601423,0.635,4.5E-02));
#6631 = CARTESIAN_POINT('',(0.608940672324,0.608705613886,4.5E-02));
#6632 = GEOMETRIC_CURVE_SET('',(#6633));
#6633 = TRIMMED_CURVE('',#6634,(#6638,PARAMETER_VALUE(0.474341649025)),(
    #6639,PARAMETER_VALUE(0.554341649025)),.T.,.PARAMETER.);
#6634 = LINE('',#6635,#6636);
#6635 = CARTESIAN_POINT('',(0.608940672324,0.608705613886,0.519341649025
    ));
#6636 = VECTOR('',#6637,1.);
#6637 = DIRECTION('',(-2.22044604925E-16,2.22044604925E-16,-1.));
#6638 = CARTESIAN_POINT('',(0.608940672324,0.608705613886,4.5E-02));
#6639 = CARTESIAN_POINT('',(0.608940672324,0.608705613886,-3.5E-02));
#6640 = GEOMETRIC_CURVE_SET('',(#6641));
#6641 = TRIMMED_CURVE('',#6642,(#6646,PARAMETER_VALUE(0.)),(#6647,
    PARAMETER_VALUE(3.036214180183E-02)),.T.,.PARAMETER.);
#6642 = LINE('',#6643,#6644);
#6643 = CARTESIAN_POINT('',(0.593759601423,0.635,-3.5E-02));
#6644 = VECTOR('',#6645,1.);
#6645 = DIRECTION('',(0.5,-0.866025403784,-3.033185711009E-16));
#6646 = CARTESIAN_POINT('',(0.593759601423,0.635,-3.5E-02));
#6647 = CARTESIAN_POINT('',(0.608940672324,0.608705613886,-3.5E-02));
#6648 = GEOMETRIC_CURVE_SET('',(#6649));
#6649 = TRIMMED_CURVE('',#6650,(#6654,PARAMETER_VALUE(0.474341649025)),(
    #6655,PARAMETER_VALUE(0.554341649025)),.T.,.PARAMETER.);
#6650 = LINE('',#6651,#6652);
#6651 = CARTESIAN_POINT('',(0.608940672324,0.608705613886,0.519341649025
    ));
#6652 = VECTOR('',#6653,1.);
#6653 = DIRECTION('',(-2.22044604925E-16,2.22044604925E-16,-1.));
#6654 = CARTESIAN_POINT('',(0.608940672324,0.608705613886,4.5E-02));
#6655 = CARTESIAN_POINT('',(0.608940672324,0.608705613886,-3.5E-02));
#6656 = GEOMETRIC_CURVE_SET('',(#6657));
#6657 = TRIMMED_CURVE('',#6658,(#6662,PARAMETER_VALUE(0.)),(#6663,
    PARAMETER_VALUE(4.741122777263E-02)),.T.,.PARAMETER.);
#6658 = LINE('',#6659,#6660);
#6659 = CARTESIAN_POINT('',(0.608940672324,0.608705613886,4.5E-02));
#6660 = VECTOR('',#6661,1.);
#6661 = DIRECTION('',(0.866025403784,-0.5,-3.033185711009E-16));
#6662 = CARTESIAN_POINT('',(0.608940672324,0.608705613886,4.5E-02));
#6663 = CARTESIAN_POINT('',(0.65,0.585,4.5E-02));
#6664 = GEOMETRIC_CURVE_SET('',(#6665));
#6665 = TRIMMED_CURVE('',#6666,(#6670,PARAMETER_VALUE(0.474341649025)),(
    #6671,PARAMETER_VALUE(0.554341649025)),.T.,.PARAMETER.);
#6666 = LINE('',#6667,#6668);
#6667 = CARTESIAN_POINT('',(0.65,0.585,0.519341649025));
#6668 = VECTOR('',#6669,1.);
#6669 = DIRECTION('',(-2.22044604925E-16,2.22044604925E-16,-1.));
#6670 = CARTESIAN_POINT('',(0.65,0.585,4.5E-02));
#6671 = CARTESIAN_POINT('',(0.65,0.585,-3.5E-02));
#6672 = GEOMETRIC_CURVE_SET('',(#6673));
#6673 = TRIMMED_CURVE('',#6674,(#6678,PARAMETER_VALUE(0.)),(#6679,
    PARAMETER_VALUE(4.741122777263E-02)),.T.,.PARAMETER.);
#6674 = LINE('',#6675,#6676);
#6675 = CARTESIAN_POINT('',(0.608940672324,0.608705613886,-3.5E-02));
#6676 = VECTOR('',#6677,1.);
#6677 = DIRECTION('',(0.866025403784,-0.5,-3.033185711009E-16));
#6678 = CARTESIAN_POINT('',(0.608940672324,0.608705613886,-3.5E-02));
#6679 = CARTESIAN_POINT('',(0.65,0.585,-3.5E-02));
#6680 = GEOMETRIC_CURVE_SET('',(#6681));
#6681 = TRIMMED_CURVE('',#6682,(#6686,PARAMETER_VALUE(0.474341649025)),(
    #6687,PARAMETER_VALUE(0.554341649025)),.T.,.PARAMETER.);
#6682 = LINE('',#6683,#6684);
#6683 = CARTESIAN_POINT('',(0.65,0.585,0.519341649025));
#6684 = VECTOR('',#6685,1.);
#6685 = DIRECTION('',(-2.22044604925E-16,2.22044604925E-16,-1.));
#6686 = CARTESIAN_POINT('',(0.65,0.585,4.5E-02));
#6687 = CARTESIAN_POINT('',(0.65,0.585,-3.5E-02));
#6688 = GEOMETRIC_CURVE_SET('',(#6689));
#6689 = TRIMMED_CURVE('',#6690,(#6694,PARAMETER_VALUE(0.)),(#6695,
    PARAMETER_VALUE(1.E-01)),.T.,.PARAMETER.);
#6690 = LINE('',#6691,#6692);
#6691 = CARTESIAN_POINT('',(0.65,0.585,4.5E-02));
#6692 = VECTOR('',#6693,1.);
#6693 = DIRECTION('',(1.,1.528291382336E-15,-2.22044604925E-16));
#6694 = CARTESIAN_POINT('',(0.65,0.585,4.5E-02));
#6695 = CARTESIAN_POINT('',(0.75,0.585,4.5E-02));
#6696 = GEOMETRIC_CURVE_SET('',(#6697));
#6697 = TRIMMED_CURVE('',#6698,(#6702,PARAMETER_VALUE(0.474341649025)),(
    #6703,PARAMETER_VALUE(0.554341649025)),.T.,.PARAMETER.);
#6698 = LINE('',#6699,#6700);
#6699 = CARTESIAN_POINT('',(0.75,0.585,0.519341649025));
#6700 = VECTOR('',#6701,1.);
#6701 = DIRECTION('',(-2.22044604925E-16,2.22044604925E-16,-1.));
#6702 = CARTESIAN_POINT('',(0.75,0.585,4.5E-02));
#6703 = CARTESIAN_POINT('',(0.75,0.585,-3.5E-02));
#6704 = GEOMETRIC_CURVE_SET('',(#6705));
#6705 = TRIMMED_CURVE('',#6706,(#6710,PARAMETER_VALUE(0.)),(#6711,
    PARAMETER_VALUE(1.E-01)),.T.,.PARAMETER.);
#6706 = LINE('',#6707,#6708);
#6707 = CARTESIAN_POINT('',(0.65,0.585,-3.5E-02));
#6708 = VECTOR('',#6709,1.);
#6709 = DIRECTION('',(1.,1.528291382336E-15,-2.22044604925E-16));
#6710 = CARTESIAN_POINT('',(0.65,0.585,-3.5E-02));
#6711 = CARTESIAN_POINT('',(0.75,0.585,-3.5E-02));
#6712 = GEOMETRIC_CURVE_SET('',(#6713));
#6713 = TRIMMED_CURVE('',#6714,(#6718,PARAMETER_VALUE(0.474341649025)),(
    #6719,PARAMETER_VALUE(0.554341649025)),.T.,.PARAMETER.);
#6714 = LINE('',#6715,#6716);
#6715 = CARTESIAN_POINT('',(0.75,0.585,0.519341649025));
#6716 = VECTOR('',#6717,1.);
#6717 = DIRECTION('',(-2.22044604925E-16,2.22044604925E-16,-1.));
#6718 = CARTESIAN_POINT('',(0.75,0.585,4.5E-02));
#6719 = CARTESIAN_POINT('',(0.75,0.585,-3.5E-02));
#6720 = GEOMETRIC_CURVE_SET('',(#6721));
#6721 = TRIMMED_CURVE('',#6722,(#6726,PARAMETER_VALUE(0.)),(#6727,
    PARAMETER_VALUE(0.17)),.T.,.PARAMETER.);
#6722 = LINE('',#6723,#6724);
#6723 = CARTESIAN_POINT('',(0.75,0.585,4.5E-02));
#6724 = VECTOR('',#6725,1.);
#6725 = DIRECTION('',(1.71962117748E-15,-1.,-2.22044604925E-16));
#6726 = CARTESIAN_POINT('',(0.75,0.585,4.5E-02));
#6727 = CARTESIAN_POINT('',(0.75,0.415,4.5E-02));
#6728 = GEOMETRIC_CURVE_SET('',(#6729));
#6729 = TRIMMED_CURVE('',#6730,(#6734,PARAMETER_VALUE(0.474341649025)),(
    #6735,PARAMETER_VALUE(0.554341649025)),.T.,.PARAMETER.);
#6730 = LINE('',#6731,#6732);
#6731 = CARTESIAN_POINT('',(0.75,0.415,0.519341649025));
#6732 = VECTOR('',#6733,1.);
#6733 = DIRECTION('',(-2.22044604925E-16,2.22044604925E-16,-1.));
#6734 = CARTESIAN_POINT('',(0.75,0.415,4.5E-02));
#6735 = CARTESIAN_POINT('',(0.75,0.415,-3.5E-02));
#6736 = GEOMETRIC_CURVE_SET('',(#6737));
#6737 = TRIMMED_CURVE('',#6738,(#6742,PARAMETER_VALUE(0.)),(#6743,
    PARAMETER_VALUE(0.17)),.T.,.PARAMETER.);
#6738 = LINE('',#6739,#6740);
#6739 = CARTESIAN_POINT('',(0.75,0.585,-3.5E-02));
#6740 = VECTOR('',#6741,1.);
#6741 = DIRECTION('',(1.71962117748E-15,-1.,-2.22044604925E-16));
#6742 = CARTESIAN_POINT('',(0.75,0.585,-3.5E-02));
#6743 = CARTESIAN_POINT('',(0.75,0.415,-3.5E-02));
#6744 = GEOMETRIC_CURVE_SET('',(#6745));
#6745 = TRIMMED_CURVE('',#6746,(#6750,PARAMETER_VALUE(0.474341649025)),(
    #6751,PARAMETER_VALUE(0.554341649025)),.T.,.PARAMETER.);
#6746 = LINE('',#6747,#6748);
#6747 = CARTESIAN_POINT('',(0.75,0.415,0.519341649025));
#6748 = VECTOR('',#6749,1.);
#6749 = DIRECTION('',(-2.22044604925E-16,2.22044604925E-16,-1.));
#6750 = CARTESIAN_POINT('',(0.75,0.415,4.5E-02));
#6751 = CARTESIAN_POINT('',(0.75,0.415,-3.5E-02));
#6752 = GEOMETRIC_CURVE_SET('',(#6753));
#6753 = TRIMMED_CURVE('',#6754,(#6758,PARAMETER_VALUE(-1.E-01)),(#6759,
    PARAMETER_VALUE(0.)),.T.,.PARAMETER.);
#6754 = LINE('',#6755,#6756);
#6755 = CARTESIAN_POINT('',(0.65,0.415,4.5E-02));
#6756 = VECTOR('',#6757,1.);
#6757 = DIRECTION('',(-1.,-4.440892098501E-16,2.22044604925E-16));
#6758 = CARTESIAN_POINT('',(0.75,0.415,4.5E-02));
#6759 = CARTESIAN_POINT('',(0.65,0.415,4.5E-02));
#6760 = GEOMETRIC_CURVE_SET('',(#6761));
#6761 = TRIMMED_CURVE('',#6762,(#6766,PARAMETER_VALUE(0.474341649025)),(
    #6767,PARAMETER_VALUE(0.554341649025)),.T.,.PARAMETER.);
#6762 = LINE('',#6763,#6764);
#6763 = CARTESIAN_POINT('',(0.65,0.415,0.519341649025));
#6764 = VECTOR('',#6765,1.);
#6765 = DIRECTION('',(-2.22044604925E-16,2.22044604925E-16,-1.));
#6766 = CARTESIAN_POINT('',(0.65,0.415,4.5E-02));
#6767 = CARTESIAN_POINT('',(0.65,0.415,-3.5E-02));
#6768 = GEOMETRIC_CURVE_SET('',(#6769));
#6769 = TRIMMED_CURVE('',#6770,(#6774,PARAMETER_VALUE(-1.E-01)),(#6775,
    PARAMETER_VALUE(0.)),.T.,.PARAMETER.);
#6770 = LINE('',#6771,#6772);
#6771 = CARTESIAN_POINT('',(0.65,0.415,-3.5E-02));
#6772 = VECTOR('',#6773,1.);
#6773 = DIRECTION('',(-1.,-4.440892098501E-16,2.22044604925E-16));
#6774 = CARTESIAN_POINT('',(0.75,0.415,-3.5E-02));
#6775 = CARTESIAN_POINT('',(0.65,0.415,-3.5E-02));
#6776 = GEOMETRIC_CURVE_SET('',(#6777));
#6777 = TRIMMED_CURVE('',#6778,(#6782,PARAMETER_VALUE(0.474341649025)),(
    #6783,PARAMETER_VALUE(0.554341649025)),.T.,.PARAMETER.);
#6778 = LINE('',#6779,#6780);
#6779 = CARTESIAN_POINT('',(0.65,0.415,0.519341649025));
#6780 = VECTOR('',#6781,1.);
#6781 = DIRECTION('',(-2.22044604925E-16,2.22044604925E-16,-1.));
#6782 = CARTESIAN_POINT('',(0.65,0.415,4.5E-02));
#6783 = CARTESIAN_POINT('',(0.65,0.415,-3.5E-02));
#6784 = GEOMETRIC_CURVE_SET('',(#6785));
#6785 = TRIMMED_CURVE('',#6786,(#6790,PARAMETER_VALUE(
      -4.741122777263E-02)),(#6791,PARAMETER_VALUE(0.)),.T.,
  .PARAMETER.);
#6786 = LINE('',#6787,#6788);
#6787 = CARTESIAN_POINT('',(0.608940672324,0.391294386114,4.5E-02));
#6788 = VECTOR('',#6789,1.);
#6789 = DIRECTION('',(-0.866025403784,-0.5,8.127396617584E-17));
#6790 = CARTESIAN_POINT('',(0.65,0.415,4.5E-02));
#6791 = CARTESIAN_POINT('',(0.608940672324,0.391294386114,4.5E-02));
#6792 = GEOMETRIC_CURVE_SET('',(#6793));
#6793 = TRIMMED_CURVE('',#6794,(#6798,PARAMETER_VALUE(0.474341649025)),(
    #6799,PARAMETER_VALUE(0.554341649025)),.T.,.PARAMETER.);
#6794 = LINE('',#6795,#6796);
#6795 = CARTESIAN_POINT('',(0.608940672324,0.391294386114,0.519341649025
    ));
#6796 = VECTOR('',#6797,1.);
#6797 = DIRECTION('',(-2.22044604925E-16,2.22044604925E-16,-1.));
#6798 = CARTESIAN_POINT('',(0.608940672324,0.391294386114,4.5E-02));
#6799 = CARTESIAN_POINT('',(0.608940672324,0.391294386114,-3.5E-02));
#6800 = GEOMETRIC_CURVE_SET('',(#6801));
#6801 = TRIMMED_CURVE('',#6802,(#6806,PARAMETER_VALUE(
      -4.741122777263E-02)),(#6807,PARAMETER_VALUE(0.)),.T.,
  .PARAMETER.);
#6802 = LINE('',#6803,#6804);
#6803 = CARTESIAN_POINT('',(0.608940672324,0.391294386114,-3.5E-02));
#6804 = VECTOR('',#6805,1.);
#6805 = DIRECTION('',(-0.866025403784,-0.5,8.127396617584E-17));
#6806 = CARTESIAN_POINT('',(0.65,0.415,-3.5E-02));
#6807 = CARTESIAN_POINT('',(0.608940672324,0.391294386114,-3.5E-02));
#6808 = GEOMETRIC_CURVE_SET('',(#6809));
#6809 = TRIMMED_CURVE('',#6810,(#6814,PARAMETER_VALUE(0.474341649025)),(
    #6815,PARAMETER_VALUE(0.554341649025)),.T.,.PARAMETER.);
#6810 = LINE('',#6811,#6812);
#6811 = CARTESIAN_POINT('',(0.608940672324,0.391294386114,0.519341649025
    ));
#6812 = VECTOR('',#6813,1.);
#6813 = DIRECTION('',(-2.22044604925E-16,2.22044604925E-16,-1.));
#6814 = CARTESIAN_POINT('',(0.608940672324,0.391294386114,4.5E-02));
#6815 = CARTESIAN_POINT('',(0.608940672324,0.391294386114,-3.5E-02));
#6816 = GEOMETRIC_CURVE_SET('',(#6817));
#6817 = TRIMMED_CURVE('',#6818,(#6822,PARAMETER_VALUE(
      -3.036214180183E-02)),(#6823,PARAMETER_VALUE(0.)),.T.,
  .PARAMETER.);
#6818 = LINE('',#6819,#6820);
#6819 = CARTESIAN_POINT('',(0.593759601423,0.365,4.5E-02));
#6820 = VECTOR('',#6821,1.);
#6821 = DIRECTION('',(-0.5,-0.866025403784,-8.127396617584E-17));
#6822 = CARTESIAN_POINT('',(0.608940672324,0.391294386114,4.5E-02));
#6823 = CARTESIAN_POINT('',(0.593759601423,0.365,4.5E-02));
#6824 = GEOMETRIC_CURVE_SET('',(#6825));
#6825 = TRIMMED_CURVE('',#6826,(#6830,PARAMETER_VALUE(0.474341649025)),(
    #6831,PARAMETER_VALUE(0.554341649025)),.T.,.PARAMETER.);
#6826 = LINE('',#6827,#6828);
#6827 = CARTESIAN_POINT('',(0.593759601423,0.365,0.519341649025));
#6828 = VECTOR('',#6829,1.);
#6829 = DIRECTION('',(-2.22044604925E-16,2.22044604925E-16,-1.));
#6830 = CARTESIAN_POINT('',(0.593759601423,0.365,4.5E-02));
#6831 = CARTESIAN_POINT('',(0.593759601423,0.365,-3.5E-02));
#6832 = GEOMETRIC_CURVE_SET('',(#6833));
#6833 = TRIMMED_CURVE('',#6834,(#6838,PARAMETER_VALUE(
      -3.036214180183E-02)),(#6839,PARAMETER_VALUE(0.)),.T.,
  .PARAMETER.);
#6834 = LINE('',#6835,#6836);
#6835 = CARTESIAN_POINT('',(0.593759601423,0.365,-3.5E-02));
#6836 = VECTOR('',#6837,1.);
#6837 = DIRECTION('',(-0.5,-0.866025403784,-8.127396617584E-17));
#6838 = CARTESIAN_POINT('',(0.608940672324,0.391294386114,-3.5E-02));
#6839 = CARTESIAN_POINT('',(0.593759601423,0.365,-3.5E-02));
#6840 = GEOMETRIC_CURVE_SET('',(#6841));
#6841 = TRIMMED_CURVE('',#6842,(#6846,PARAMETER_VALUE(0.474341649025)),(
    #6847,PARAMETER_VALUE(0.554341649025)),.T.,.PARAMETER.);
#6842 = LINE('',#6843,#6844);
#6843 = CARTESIAN_POINT('',(0.593759601423,0.365,0.519341649025));
#6844 = VECTOR('',#6845,1.);
#6845 = DIRECTION('',(-2.22044604925E-16,2.22044604925E-16,-1.));
#6846 = CARTESIAN_POINT('',(0.593759601423,0.365,4.5E-02));
#6847 = CARTESIAN_POINT('',(0.593759601423,0.365,-3.5E-02));
#6848 = GEOMETRIC_CURVE_SET('',(#6849));
#6849 = TRIMMED_CURVE('',#6850,(#6854,PARAMETER_VALUE(-0.233759601423)),
  (#6855,PARAMETER_VALUE(0.)),.T.,.PARAMETER.);
#6850 = LINE('',#6851,#6852);
#6851 = CARTESIAN_POINT('',(0.36,0.365,4.5E-02));
#6852 = VECTOR('',#6853,1.);
#6853 = DIRECTION('',(-1.,-9.078999649522E-16,2.22044604925E-16));
#6854 = CARTESIAN_POINT('',(0.593759601423,0.365,4.5E-02));
#6855 = CARTESIAN_POINT('',(0.36,0.365,4.5E-02));
#6856 = GEOMETRIC_CURVE_SET('',(#6857));
#6857 = TRIMMED_CURVE('',#6858,(#6862,PARAMETER_VALUE(0.474341649025)),(
    #6863,PARAMETER_VALUE(0.554341649025)),.T.,.PARAMETER.);
#6858 = LINE('',#6859,#6860);
#6859 = CARTESIAN_POINT('',(0.36,0.365,0.519341649025));
#6860 = VECTOR('',#6861,1.);
#6861 = DIRECTION('',(-2.22044604925E-16,2.22044604925E-16,-1.));
#6862 = CARTESIAN_POINT('',(0.36,0.365,4.5E-02));
#6863 = CARTESIAN_POINT('',(0.36,0.365,-3.5E-02));
#6864 = GEOMETRIC_CURVE_SET('',(#6865));
#6865 = TRIMMED_CURVE('',#6866,(#6870,PARAMETER_VALUE(-0.233759601423)),
  (#6871,PARAMETER_VALUE(0.)),.T.,.PARAMETER.);
#6866 = LINE('',#6867,#6868);
#6867 = CARTESIAN_POINT('',(0.36,0.365,-3.5E-02));
#6868 = VECTOR('',#6869,1.);
#6869 = DIRECTION('',(-1.,-9.078999649522E-16,2.22044604925E-16));
#6870 = CARTESIAN_POINT('',(0.593759601423,0.365,-3.5E-02));
#6871 = CARTESIAN_POINT('',(0.36,0.365,-3.5E-02));
#6872 = GEOMETRIC_CURVE_SET('',(#6873));
#6873 = TRIMMED_CURVE('',#6874,(#6878,PARAMETER_VALUE(-0.233759601423)),
  (#6879,PARAMETER_VALUE(0.)),.T.,.PARAMETER.);
#6874 = LINE('',#6875,#6876);
#6875 = CARTESIAN_POINT('',(0.36,-0.135,4.5E-02));
#6876 = VECTOR('',#6877,1.);
#6877 = DIRECTION('',(-1.,-9.078999649522E-16,2.22044604925E-16));
#6878 = CARTESIAN_POINT('',(0.593759601423,-0.135,4.5E-02));
#6879 = CARTESIAN_POINT('',(0.36,-0.135,4.5E-02));
#6880 = GEOMETRIC_CURVE_SET('',(#6881));
#6881 = TRIMMED_CURVE('',#6882,(#6886,PARAMETER_VALUE(
      -3.036214180183E-02)),(#6887,PARAMETER_VALUE(0.)),.T.,
  .PARAMETER.);
#6882 = LINE('',#6883,#6884);
#6883 = CARTESIAN_POINT('',(0.593759601423,-0.135,4.5E-02));
#6884 = VECTOR('',#6885,1.);
#6885 = DIRECTION('',(-0.5,-0.866025403784,-8.127396617584E-17));
#6886 = CARTESIAN_POINT('',(0.608940672324,-0.108705613886,4.5E-02));
#6887 = CARTESIAN_POINT('',(0.593759601423,-0.135,4.5E-02));
#6888 = GEOMETRIC_CURVE_SET('',(#6889));
#6889 = TRIMMED_CURVE('',#6890,(#6894,PARAMETER_VALUE(
      -4.741122777263E-02)),(#6895,PARAMETER_VALUE(0.)),.T.,
  .PARAMETER.);
#6890 = LINE('',#6891,#6892);
#6891 = CARTESIAN_POINT('',(0.608940672324,-0.108705613886,4.5E-02));
#6892 = VECTOR('',#6893,1.);
#6893 = DIRECTION('',(-0.866025403784,-0.5,8.127396617584E-17));
#6894 = CARTESIAN_POINT('',(0.65,-8.5E-02,4.5E-02));
#6895 = CARTESIAN_POINT('',(0.608940672324,-0.108705613886,4.5E-02));
#6896 = GEOMETRIC_CURVE_SET('',(#6897));
#6897 = TRIMMED_CURVE('',#6898,(#6902,PARAMETER_VALUE(-1.E-01)),(#6903,
    PARAMETER_VALUE(0.)),.T.,.PARAMETER.);
#6898 = LINE('',#6899,#6900);
#6899 = CARTESIAN_POINT('',(0.65,-8.5E-02,4.5E-02));
#6900 = VECTOR('',#6901,1.);
#6901 = DIRECTION('',(-1.,-4.440892098501E-16,2.22044604925E-16));
#6902 = CARTESIAN_POINT('',(0.75,-8.5E-02,4.5E-02));
#6903 = CARTESIAN_POINT('',(0.65,-8.5E-02,4.5E-02));
#6904 = GEOMETRIC_CURVE_SET('',(#6905));
#6905 = TRIMMED_CURVE('',#6906,(#6910,PARAMETER_VALUE(0.)),(#6911,
    PARAMETER_VALUE(0.17)),.T.,.PARAMETER.);
#6906 = LINE('',#6907,#6908);
#6907 = CARTESIAN_POINT('',(0.75,8.5E-02,4.5E-02));
#6908 = VECTOR('',#6909,1.);
#6909 = DIRECTION('',(1.71962117748E-15,-1.,-2.22044604925E-16));
#6910 = CARTESIAN_POINT('',(0.75,8.5E-02,4.5E-02));
#6911 = CARTESIAN_POINT('',(0.75,-8.5E-02,4.5E-02));
#6912 = GEOMETRIC_CURVE_SET('',(#6913));
#6913 = TRIMMED_CURVE('',#6914,(#6918,PARAMETER_VALUE(0.)),(#6919,
    PARAMETER_VALUE(1.E-01)),.T.,.PARAMETER.);
#6914 = LINE('',#6915,#6916);
#6915 = CARTESIAN_POINT('',(0.65,8.5E-02,4.5E-02));
#6916 = VECTOR('',#6917,1.);
#6917 = DIRECTION('',(1.,1.528291382336E-15,-2.22044604925E-16));
#6918 = CARTESIAN_POINT('',(0.65,8.5E-02,4.5E-02));
#6919 = CARTESIAN_POINT('',(0.75,8.5E-02,4.5E-02));
#6920 = GEOMETRIC_CURVE_SET('',(#6921));
#6921 = TRIMMED_CURVE('',#6922,(#6926,PARAMETER_VALUE(0.)),(#6927,
    PARAMETER_VALUE(4.741122777263E-02)),.T.,.PARAMETER.);
#6922 = LINE('',#6923,#6924);
#6923 = CARTESIAN_POINT('',(0.608940672324,0.108705613886,4.5E-02));
#6924 = VECTOR('',#6925,1.);
#6925 = DIRECTION('',(0.866025403784,-0.5,-3.033185711009E-16));
#6926 = CARTESIAN_POINT('',(0.608940672324,0.108705613886,4.5E-02));
#6927 = CARTESIAN_POINT('',(0.65,8.5E-02,4.5E-02));
#6928 = GEOMETRIC_CURVE_SET('',(#6929));
#6929 = TRIMMED_CURVE('',#6930,(#6934,PARAMETER_VALUE(0.)),(#6935,
    PARAMETER_VALUE(3.036214180183E-02)),.T.,.PARAMETER.);
#6930 = LINE('',#6931,#6932);
#6931 = CARTESIAN_POINT('',(0.593759601423,0.135,4.5E-02));
#6932 = VECTOR('',#6933,1.);
#6933 = DIRECTION('',(0.5,-0.866025403784,-3.033185711009E-16));
#6934 = CARTESIAN_POINT('',(0.593759601423,0.135,4.5E-02));
#6935 = CARTESIAN_POINT('',(0.608940672324,0.108705613886,4.5E-02));
#6936 = GEOMETRIC_CURVE_SET('',(#6937));
#6937 = TRIMMED_CURVE('',#6938,(#6942,PARAMETER_VALUE(0.)),(#6943,
    PARAMETER_VALUE(0.233759601423)),.T.,.PARAMETER.);
#6938 = LINE('',#6939,#6940);
#6939 = CARTESIAN_POINT('',(0.36,0.135,4.5E-02));
#6940 = VECTOR('',#6941,1.);
#6941 = DIRECTION('',(1.,1.371710720054E-15,-2.22044604925E-16));
#6942 = CARTESIAN_POINT('',(0.36,0.135,4.5E-02));
#6943 = CARTESIAN_POINT('',(0.593759601423,0.135,4.5E-02));
#6944 = GEOMETRIC_CURVE_SET('',(#6945));
#6945 = TRIMMED_CURVE('',#6946,(#6950,PARAMETER_VALUE(0.)),(#6951,
    PARAMETER_VALUE(0.27)),.T.,.PARAMETER.);
#6946 = LINE('',#6947,#6948);
#6947 = CARTESIAN_POINT('',(0.36,-0.135,4.5E-02));
#6948 = VECTOR('',#6949,1.);
#6949 = DIRECTION('',(-8.456455700299E-16,1.,2.22044604925E-16));
#6950 = CARTESIAN_POINT('',(0.36,-0.135,4.5E-02));
#6951 = CARTESIAN_POINT('',(0.36,0.135,4.5E-02));
#6952 = GEOMETRIC_CURVE_SET('',(#6953));
#6953 = TRIMMED_CURVE('',#6954,(#6958,PARAMETER_VALUE(-0.233759601423)),
  (#6959,PARAMETER_VALUE(0.)),.T.,.PARAMETER.);
#6954 = LINE('',#6955,#6956);
#6955 = CARTESIAN_POINT('',(0.36,-0.135,-3.5E-02));
#6956 = VECTOR('',#6957,1.);
#6957 = DIRECTION('',(-1.,-9.078999649522E-16,2.22044604925E-16));
#6958 = CARTESIAN_POINT('',(0.593759601423,-0.135,-3.5E-02));
#6959 = CARTESIAN_POINT('',(0.36,-0.135,-3.5E-02));
#6960 = GEOMETRIC_CURVE_SET('',(#6961));
#6961 = TRIMMED_CURVE('',#6962,(#6966,PARAMETER_VALUE(0.)),(#6967,
    PARAMETER_VALUE(0.27)),.T.,.PARAMETER.);
#6962 = LINE('',#6963,#6964);
#6963 = CARTESIAN_POINT('',(0.36,-0.135,-3.5E-02));
#6964 = VECTOR('',#6965,1.);
#6965 = DIRECTION('',(-8.456455700299E-16,1.,2.22044604925E-16));
#6966 = CARTESIAN_POINT('',(0.36,-0.135,-3.5E-02));
#6967 = CARTESIAN_POINT('',(0.36,0.135,-3.5E-02));
#6968 = GEOMETRIC_CURVE_SET('',(#6969));
#6969 = TRIMMED_CURVE('',#6970,(#6974,PARAMETER_VALUE(0.)),(#6975,
    PARAMETER_VALUE(0.233759601423)),.T.,.PARAMETER.);
#6970 = LINE('',#6971,#6972);
#6971 = CARTESIAN_POINT('',(0.36,0.135,-3.5E-02));
#6972 = VECTOR('',#6973,1.);
#6973 = DIRECTION('',(1.,1.371710720054E-15,-2.22044604925E-16));
#6974 = CARTESIAN_POINT('',(0.36,0.135,-3.5E-02));
#6975 = CARTESIAN_POINT('',(0.593759601423,0.135,-3.5E-02));
#6976 = GEOMETRIC_CURVE_SET('',(#6977));
#6977 = TRIMMED_CURVE('',#6978,(#6982,PARAMETER_VALUE(0.)),(#6983,
    PARAMETER_VALUE(3.036214180183E-02)),.T.,.PARAMETER.);
#6978 = LINE('',#6979,#6980);
#6979 = CARTESIAN_POINT('',(0.593759601423,0.135,-3.5E-02));
#6980 = VECTOR('',#6981,1.);
#6981 = DIRECTION('',(0.5,-0.866025403784,-3.033185711009E-16));
#6982 = CARTESIAN_POINT('',(0.593759601423,0.135,-3.5E-02));
#6983 = CARTESIAN_POINT('',(0.608940672324,0.108705613886,-3.5E-02));
#6984 = GEOMETRIC_CURVE_SET('',(#6985));
#6985 = TRIMMED_CURVE('',#6986,(#6990,PARAMETER_VALUE(0.)),(#6991,
    PARAMETER_VALUE(4.741122777263E-02)),.T.,.PARAMETER.);
#6986 = LINE('',#6987,#6988);
#6987 = CARTESIAN_POINT('',(0.608940672324,0.108705613886,-3.5E-02));
#6988 = VECTOR('',#6989,1.);
#6989 = DIRECTION('',(0.866025403784,-0.5,-3.033185711009E-16));
#6990 = CARTESIAN_POINT('',(0.608940672324,0.108705613886,-3.5E-02));
#6991 = CARTESIAN_POINT('',(0.65,8.5E-02,-3.5E-02));
#6992 = GEOMETRIC_CURVE_SET('',(#6993));
#6993 = TRIMMED_CURVE('',#6994,(#6998,PARAMETER_VALUE(0.)),(#6999,
    PARAMETER_VALUE(1.E-01)),.T.,.PARAMETER.);
#6994 = LINE('',#6995,#6996);
#6995 = CARTESIAN_POINT('',(0.65,8.5E-02,-3.5E-02));
#6996 = VECTOR('',#6997,1.);
#6997 = DIRECTION('',(1.,1.528291382336E-15,-2.22044604925E-16));
#6998 = CARTESIAN_POINT('',(0.65,8.5E-02,-3.5E-02));
#6999 = CARTESIAN_POINT('',(0.75,8.5E-02,-3.5E-02));
#7000 = GEOMETRIC_CURVE_SET('',(#7001));
#7001 = TRIMMED_CURVE('',#7002,(#7006,PARAMETER_VALUE(0.)),(#7007,
    PARAMETER_VALUE(0.17)),.T.,.PARAMETER.);
#7002 = LINE('',#7003,#7004);
#7003 = CARTESIAN_POINT('',(0.75,8.5E-02,-3.5E-02));
#7004 = VECTOR('',#7005,1.);
#7005 = DIRECTION('',(1.71962117748E-15,-1.,-2.22044604925E-16));
#7006 = CARTESIAN_POINT('',(0.75,8.5E-02,-3.5E-02));
#7007 = CARTESIAN_POINT('',(0.75,-8.5E-02,-3.5E-02));
#7008 = GEOMETRIC_CURVE_SET('',(#7009));
#7009 = TRIMMED_CURVE('',#7010,(#7014,PARAMETER_VALUE(-1.E-01)),(#7015,
    PARAMETER_VALUE(0.)),.T.,.PARAMETER.);
#7010 = LINE('',#7011,#7012);
#7011 = CARTESIAN_POINT('',(0.65,-8.5E-02,-3.5E-02));
#7012 = VECTOR('',#7013,1.);
#7013 = DIRECTION('',(-1.,-4.440892098501E-16,2.22044604925E-16));
#7014 = CARTESIAN_POINT('',(0.75,-8.5E-02,-3.5E-02));
#7015 = CARTESIAN_POINT('',(0.65,-8.5E-02,-3.5E-02));
#7016 = GEOMETRIC_CURVE_SET('',(#7017));
#7017 = TRIMMED_CURVE('',#7018,(#7022,PARAMETER_VALUE(
      -4.741122777263E-02)),(#7023,PARAMETER_VALUE(0.)),.T.,
  .PARAMETER.);
#7018 = LINE('',#7019,#7020);
#7019 = CARTESIAN_POINT('',(0.608940672324,-0.108705613886,-3.5E-02));
#7020 = VECTOR('',#7021,1.);
#7021 = DIRECTION('',(-0.866025403784,-0.5,8.127396617584E-17));
#7022 = CARTESIAN_POINT('',(0.65,-8.5E-02,-3.5E-02));
#7023 = CARTESIAN_POINT('',(0.608940672324,-0.108705613886,-3.5E-02));
#7024 = GEOMETRIC_CURVE_SET('',(#7025));
#7025 = TRIMMED_CURVE('',#7026,(#7030,PARAMETER_VALUE(
      -3.036214180183E-02)),(#7031,PARAMETER_VALUE(0.)),.T.,
  .PARAMETER.);
#7026 = LINE('',#7027,#7028);
#7027 = CARTESIAN_POINT('',(0.593759601423,-0.135,-3.5E-02));
#7028 = VECTOR('',#7029,1.);
#7029 = DIRECTION('',(-0.5,-0.866025403784,-8.127396617584E-17));
#7030 = CARTESIAN_POINT('',(0.608940672324,-0.108705613886,-3.5E-02));
#7031 = CARTESIAN_POINT('',(0.593759601423,-0.135,-3.5E-02));
#7032 = GEOMETRIC_CURVE_SET('',(#7033));
#7033 = TRIMMED_CURVE('',#7034,(#7038,PARAMETER_VALUE(0.474341649025)),(
    #7039,PARAMETER_VALUE(0.554341649025)),.T.,.PARAMETER.);
#7034 = LINE('',#7035,#7036);
#7035 = CARTESIAN_POINT('',(0.36,-0.135,0.519341649025));
#7036 = VECTOR('',#7037,1.);
#7037 = DIRECTION('',(-2.22044604925E-16,2.22044604925E-16,-1.));
#7038 = CARTESIAN_POINT('',(0.36,-0.135,4.5E-02));
#7039 = CARTESIAN_POINT('',(0.36,-0.135,-3.5E-02));
#7040 = GEOMETRIC_CURVE_SET('',(#7041));
#7041 = TRIMMED_CURVE('',#7042,(#7046,PARAMETER_VALUE(0.)),(#7047,
    PARAMETER_VALUE(0.27)),.T.,.PARAMETER.);
#7042 = LINE('',#7043,#7044);
#7043 = CARTESIAN_POINT('',(0.36,-0.135,4.5E-02));
#7044 = VECTOR('',#7045,1.);
#7045 = DIRECTION('',(-8.456455700299E-16,1.,2.22044604925E-16));
#7046 = CARTESIAN_POINT('',(0.36,-0.135,4.5E-02));
#7047 = CARTESIAN_POINT('',(0.36,0.135,4.5E-02));
#7048 = GEOMETRIC_CURVE_SET('',(#7049));
#7049 = TRIMMED_CURVE('',#7050,(#7054,PARAMETER_VALUE(0.474341649025)),(
    #7055,PARAMETER_VALUE(0.554341649025)),.T.,.PARAMETER.);
#7050 = LINE('',#7051,#7052);
#7051 = CARTESIAN_POINT('',(0.36,0.135,0.519341649025));
#7052 = VECTOR('',#7053,1.);
#7053 = DIRECTION('',(-2.22044604925E-16,2.22044604925E-16,-1.));
#7054 = CARTESIAN_POINT('',(0.36,0.135,4.5E-02));
#7055 = CARTESIAN_POINT('',(0.36,0.135,-3.5E-02));
#7056 = GEOMETRIC_CURVE_SET('',(#7057));
#7057 = TRIMMED_CURVE('',#7058,(#7062,PARAMETER_VALUE(0.)),(#7063,
    PARAMETER_VALUE(0.27)),.T.,.PARAMETER.);
#7058 = LINE('',#7059,#7060);
#7059 = CARTESIAN_POINT('',(0.36,-0.135,-3.5E-02));
#7060 = VECTOR('',#7061,1.);
#7061 = DIRECTION('',(-8.456455700299E-16,1.,2.22044604925E-16));
#7062 = CARTESIAN_POINT('',(0.36,-0.135,-3.5E-02));
#7063 = CARTESIAN_POINT('',(0.36,0.135,-3.5E-02));
#7064 = GEOMETRIC_CURVE_SET('',(#7065));
#7065 = TRIMMED_CURVE('',#7066,(#7070,PARAMETER_VALUE(0.474341649025)),(
    #7071,PARAMETER_VALUE(0.554341649025)),.T.,.PARAMETER.);
#7066 = LINE('',#7067,#7068);
#7067 = CARTESIAN_POINT('',(0.36,0.135,0.519341649025));
#7068 = VECTOR('',#7069,1.);
#7069 = DIRECTION('',(-2.22044604925E-16,2.22044604925E-16,-1.));
#7070 = CARTESIAN_POINT('',(0.36,0.135,4.5E-02));
#7071 = CARTESIAN_POINT('',(0.36,0.135,-3.5E-02));
#7072 = GEOMETRIC_CURVE_SET('',(#7073));
#7073 = TRIMMED_CURVE('',#7074,(#7078,PARAMETER_VALUE(0.)),(#7079,
    PARAMETER_VALUE(0.233759601423)),.T.,.PARAMETER.);
#7074 = LINE('',#7075,#7076);
#7075 = CARTESIAN_POINT('',(0.36,0.135,4.5E-02));
#7076 = VECTOR('',#7077,1.);
#7077 = DIRECTION('',(1.,1.371710720054E-15,-2.22044604925E-16));
#7078 = CARTESIAN_POINT('',(0.36,0.135,4.5E-02));
#7079 = CARTESIAN_POINT('',(0.593759601423,0.135,4.5E-02));
#7080 = GEOMETRIC_CURVE_SET('',(#7081));
#7081 = TRIMMED_CURVE('',#7082,(#7086,PARAMETER_VALUE(0.474341649025)),(
    #7087,PARAMETER_VALUE(0.554341649025)),.T.,.PARAMETER.);
#7082 = LINE('',#7083,#7084);
#7083 = CARTESIAN_POINT('',(0.593759601423,0.135,0.519341649025));
#7084 = VECTOR('',#7085,1.);
#7085 = DIRECTION('',(-2.22044604925E-16,2.22044604925E-16,-1.));
#7086 = CARTESIAN_POINT('',(0.593759601423,0.135,4.5E-02));
#7087 = CARTESIAN_POINT('',(0.593759601423,0.135,-3.5E-02));
#7088 = GEOMETRIC_CURVE_SET('',(#7089));
#7089 = TRIMMED_CURVE('',#7090,(#7094,PARAMETER_VALUE(0.)),(#7095,
    PARAMETER_VALUE(0.233759601423)),.T.,.PARAMETER.);
#7090 = LINE('',#7091,#7092);
#7091 = CARTESIAN_POINT('',(0.36,0.135,-3.5E-02));
#7092 = VECTOR('',#7093,1.);
#7093 = DIRECTION('',(1.,1.371710720054E-15,-2.22044604925E-16));
#7094 = CARTESIAN_POINT('',(0.36,0.135,-3.5E-02));
#7095 = CARTESIAN_POINT('',(0.593759601423,0.135,-3.5E-02));
#7096 = GEOMETRIC_CURVE_SET('',(#7097));
#7097 = TRIMMED_CURVE('',#7098,(#7102,PARAMETER_VALUE(0.474341649025)),(
    #7103,PARAMETER_VALUE(0.554341649025)),.T.,.PARAMETER.);
#7098 = LINE('',#7099,#7100);
#7099 = CARTESIAN_POINT('',(0.593759601423,0.135,0.519341649025));
#7100 = VECTOR('',#7101,1.);
#7101 = DIRECTION('',(-2.22044604925E-16,2.22044604925E-16,-1.));
#7102 = CARTESIAN_POINT('',(0.593759601423,0.135,4.5E-02));
#7103 = CARTESIAN_POINT('',(0.593759601423,0.135,-3.5E-02));
#7104 = GEOMETRIC_CURVE_SET('',(#7105));
#7105 = TRIMMED_CURVE('',#7106,(#7110,PARAMETER_VALUE(0.)),(#7111,
    PARAMETER_VALUE(3.036214180183E-02)),.T.,.PARAMETER.);
#7106 = LINE('',#7107,#7108);
#7107 = CARTESIAN_POINT('',(0.593759601423,0.135,4.5E-02));
#7108 = VECTOR('',#7109,1.);
#7109 = DIRECTION('',(0.5,-0.866025403784,-3.033185711009E-16));
#7110 = CARTESIAN_POINT('',(0.593759601423,0.135,4.5E-02));
#7111 = CARTESIAN_POINT('',(0.608940672324,0.108705613886,4.5E-02));
#7112 = GEOMETRIC_CURVE_SET('',(#7113));
#7113 = TRIMMED_CURVE('',#7114,(#7118,PARAMETER_VALUE(0.474341649025)),(
    #7119,PARAMETER_VALUE(0.554341649025)),.T.,.PARAMETER.);
#7114 = LINE('',#7115,#7116);
#7115 = CARTESIAN_POINT('',(0.608940672324,0.108705613886,0.519341649025
    ));
#7116 = VECTOR('',#7117,1.);
#7117 = DIRECTION('',(-2.22044604925E-16,2.22044604925E-16,-1.));
#7118 = CARTESIAN_POINT('',(0.608940672324,0.108705613886,4.5E-02));
#7119 = CARTESIAN_POINT('',(0.608940672324,0.108705613886,-3.5E-02));
#7120 = GEOMETRIC_CURVE_SET('',(#7121));
#7121 = TRIMMED_CURVE('',#7122,(#7126,PARAMETER_VALUE(0.)),(#7127,
    PARAMETER_VALUE(3.036214180183E-02)),.T.,.PARAMETER.);
#7122 = LINE('',#7123,#7124);
#7123 = CARTESIAN_POINT('',(0.593759601423,0.135,-3.5E-02));
#7124 = VECTOR('',#7125,1.);
#7125 = DIRECTION('',(0.5,-0.866025403784,-3.033185711009E-16));
#7126 = CARTESIAN_POINT('',(0.593759601423,0.135,-3.5E-02));
#7127 = CARTESIAN_POINT('',(0.608940672324,0.108705613886,-3.5E-02));
#7128 = GEOMETRIC_CURVE_SET('',(#7129));
#7129 = TRIMMED_CURVE('',#7130,(#7134,PARAMETER_VALUE(0.474341649025)),(
    #7135,PARAMETER_VALUE(0.554341649025)),.T.,.PARAMETER.);
#7130 = LINE('',#7131,#7132);
#7131 = CARTESIAN_POINT('',(0.608940672324,0.108705613886,0.519341649025
    ));
#7132 = VECTOR('',#7133,1.);
#7133 = DIRECTION('',(-2.22044604925E-16,2.22044604925E-16,-1.));
#7134 = CARTESIAN_POINT('',(0.608940672324,0.108705613886,4.5E-02));
#7135 = CARTESIAN_POINT('',(0.608940672324,0.108705613886,-3.5E-02));
#7136 = GEOMETRIC_CURVE_SET('',(#7137));
#7137 = TRIMMED_CURVE('',#7138,(#7142,PARAMETER_VALUE(0.)),(#7143,
    PARAMETER_VALUE(4.741122777263E-02)),.T.,.PARAMETER.);
#7138 = LINE('',#7139,#7140);
#7139 = CARTESIAN_POINT('',(0.608940672324,0.108705613886,4.5E-02));
#7140 = VECTOR('',#7141,1.);
#7141 = DIRECTION('',(0.866025403784,-0.5,-3.033185711009E-16));
#7142 = CARTESIAN_POINT('',(0.608940672324,0.108705613886,4.5E-02));
#7143 = CARTESIAN_POINT('',(0.65,8.5E-02,4.5E-02));
#7144 = GEOMETRIC_CURVE_SET('',(#7145));
#7145 = TRIMMED_CURVE('',#7146,(#7150,PARAMETER_VALUE(0.474341649025)),(
    #7151,PARAMETER_VALUE(0.554341649025)),.T.,.PARAMETER.);
#7146 = LINE('',#7147,#7148);
#7147 = CARTESIAN_POINT('',(0.65,8.5E-02,0.519341649025));
#7148 = VECTOR('',#7149,1.);
#7149 = DIRECTION('',(-2.22044604925E-16,2.22044604925E-16,-1.));
#7150 = CARTESIAN_POINT('',(0.65,8.5E-02,4.5E-02));
#7151 = CARTESIAN_POINT('',(0.65,8.5E-02,-3.5E-02));
#7152 = GEOMETRIC_CURVE_SET('',(#7153));
#7153 = TRIMMED_CURVE('',#7154,(#7158,PARAMETER_VALUE(0.)),(#7159,
    PARAMETER_VALUE(4.741122777263E-02)),.T.,.PARAMETER.);
#7154 = LINE('',#7155,#7156);
#7155 = CARTESIAN_POINT('',(0.608940672324,0.108705613886,-3.5E-02));
#7156 = VECTOR('',#7157,1.);
#7157 = DIRECTION('',(0.866025403784,-0.5,-3.033185711009E-16));
#7158 = CARTESIAN_POINT('',(0.608940672324,0.108705613886,-3.5E-02));
#7159 = CARTESIAN_POINT('',(0.65,8.5E-02,-3.5E-02));
#7160 = GEOMETRIC_CURVE_SET('',(#7161));
#7161 = TRIMMED_CURVE('',#7162,(#7166,PARAMETER_VALUE(0.474341649025)),(
    #7167,PARAMETER_VALUE(0.554341649025)),.T.,.PARAMETER.);
#7162 = LINE('',#7163,#7164);
#7163 = CARTESIAN_POINT('',(0.65,8.5E-02,0.519341649025));
#7164 = VECTOR('',#7165,1.);
#7165 = DIRECTION('',(-2.22044604925E-16,2.22044604925E-16,-1.));
#7166 = CARTESIAN_POINT('',(0.65,8.5E-02,4.5E-02));
#7167 = CARTESIAN_POINT('',(0.65,8.5E-02,-3.5E-02));
#7168 = GEOMETRIC_CURVE_SET('',(#7169));
#7169 = TRIMMED_CURVE('',#7170,(#7174,PARAMETER_VALUE(0.)),(#7175,
    PARAMETER_VALUE(1.E-01)),.T.,.PARAMETER.);
#7170 = LINE('',#7171,#7172);
#7171 = CARTESIAN_POINT('',(0.65,8.5E-02,4.5E-02));
#7172 = VECTOR('',#7173,1.);
#7173 = DIRECTION('',(1.,1.528291382336E-15,-2.22044604925E-16));
#7174 = CARTESIAN_POINT('',(0.65,8.5E-02,4.5E-02));
#7175 = CARTESIAN_POINT('',(0.75,8.5E-02,4.5E-02));
#7176 = GEOMETRIC_CURVE_SET('',(#7177));
#7177 = TRIMMED_CURVE('',#7178,(#7182,PARAMETER_VALUE(0.474341649025)),(
    #7183,PARAMETER_VALUE(0.554341649025)),.T.,.PARAMETER.);
#7178 = LINE('',#7179,#7180);
#7179 = CARTESIAN_POINT('',(0.75,8.5E-02,0.519341649025));
#7180 = VECTOR('',#7181,1.);
#7181 = DIRECTION('',(-2.22044604925E-16,2.22044604925E-16,-1.));
#7182 = CARTESIAN_POINT('',(0.75,8.5E-02,4.5E-02));
#7183 = CARTESIAN_POINT('',(0.75,8.5E-02,-3.5E-02));
#7184 = GEOMETRIC_CURVE_SET('',(#7185));
#7185 = TRIMMED_CURVE('',#7186,(#7190,PARAMETER_VALUE(0.)),(#7191,
    PARAMETER_VALUE(1.E-01)),.T.,.PARAMETER.);
#7186 = LINE('',#7187,#7188);
#7187 = CARTESIAN_POINT('',(0.65,8.5E-02,-3.5E-02));
#7188 = VECTOR('',#7189,1.);
#7189 = DIRECTION('',(1.,1.528291382336E-15,-2.22044604925E-16));
#7190 = CARTESIAN_POINT('',(0.65,8.5E-02,-3.5E-02));
#7191 = CARTESIAN_POINT('',(0.75,8.5E-02,-3.5E-02));
#7192 = GEOMETRIC_CURVE_SET('',(#7193));
#7193 = TRIMMED_CURVE('',#7194,(#7198,PARAMETER_VALUE(0.474341649025)),(
    #7199,PARAMETER_VALUE(0.554341649025)),.T.,.PARAMETER.);
#7194 = LINE('',#7195,#7196);
#7195 = CARTESIAN_POINT('',(0.75,8.5E-02,0.519341649025));
#7196 = VECTOR('',#7197,1.);
#7197 = DIRECTION('',(-2.22044604925E-16,2.22044604925E-16,-1.));
#7198 = CARTESIAN_POINT('',(0.75,8.5E-02,4.5E-02));
#7199 = CARTESIAN_POINT('',(0.75,8.5E-02,-3.5E-02));
#7200 = GEOMETRIC_CURVE_SET('',(#7201));
#7201 = TRIMMED_CURVE('',#7202,(#7206,PARAMETER_VALUE(0.)),(#7207,
    PARAMETER_VALUE(0.17)),.T.,.PARAMETER.);
#7202 = LINE('',#7203,#7204);
#7203 = CARTESIAN_POINT('',(0.75,8.5E-02,4.5E-02));
#7204 = VECTOR('',#7205,1.);
#7205 = DIRECTION('',(1.71962117748E-15,-1.,-2.22044604925E-16));
#7206 = CARTESIAN_POINT('',(0.75,8.5E-02,4.5E-02));
#7207 = CARTESIAN_POINT('',(0.75,-8.5E-02,4.5E-02));
#7208 = GEOMETRIC_CURVE_SET('',(#7209));
#7209 = TRIMMED_CURVE('',#7210,(#7214,PARAMETER_VALUE(0.474341649025)),(
    #7215,PARAMETER_VALUE(0.554341649025)),.T.,.PARAMETER.);
#7210 = LINE('',#7211,#7212);
#7211 = CARTESIAN_POINT('',(0.75,-8.5E-02,0.519341649025));
#7212 = VECTOR('',#7213,1.);
#7213 = DIRECTION('',(-2.22044604925E-16,2.22044604925E-16,-1.));
#7214 = CARTESIAN_POINT('',(0.75,-8.5E-02,4.5E-02));
#7215 = CARTESIAN_POINT('',(0.75,-8.5E-02,-3.5E-02));
#7216 = GEOMETRIC_CURVE_SET('',(#7217));
#7217 = TRIMMED_CURVE('',#7218,(#7222,PARAMETER_VALUE(0.)),(#7223,
    PARAMETER_VALUE(0.17)),.T.,.PARAMETER.);
#7218 = LINE('',#7219,#7220);
#7219 = CARTESIAN_POINT('',(0.75,8.5E-02,-3.5E-02));
#7220 = VECTOR('',#7221,1.);
#7221 = DIRECTION('',(1.71962117748E-15,-1.,-2.22044604925E-16));
#7222 = CARTESIAN_POINT('',(0.75,8.5E-02,-3.5E-02));
#7223 = CARTESIAN_POINT('',(0.75,-8.5E-02,-3.5E-02));
#7224 = GEOMETRIC_CURVE_SET('',(#7225));
#7225 = TRIMMED_CURVE('',#7226,(#7230,PARAMETER_VALUE(0.474341649025)),(
    #7231,PARAMETER_VALUE(0.554341649025)),.T.,.PARAMETER.);
#7226 = LINE('',#7227,#7228);
#7227 = CARTESIAN_POINT('',(0.75,-8.5E-02,0.519341649025));
#7228 = VECTOR('',#7229,1.);
#7229 = DIRECTION('',(-2.22044604925E-16,2.22044604925E-16,-1.));
#7230 = CARTESIAN_POINT('',(0.75,-8.5E-02,4.5E-02));
#7231 = CARTESIAN_POINT('',(0.75,-8.5E-02,-3.5E-02));
#7232 = GEOMETRIC_CURVE_SET('',(#7233));
#7233 = TRIMMED_CURVE('',#7234,(#7238,PARAMETER_VALUE(-1.E-01)),(#7239,
    PARAMETER_VALUE(0.)),.T.,.PARAMETER.);
#7234 = LINE('',#7235,#7236);
#7235 = CARTESIAN_POINT('',(0.65,-8.5E-02,4.5E-02));
#7236 = VECTOR('',#7237,1.);
#7237 = DIRECTION('',(-1.,-4.440892098501E-16,2.22044604925E-16));
#7238 = CARTESIAN_POINT('',(0.75,-8.5E-02,4.5E-02));
#7239 = CARTESIAN_POINT('',(0.65,-8.5E-02,4.5E-02));
#7240 = GEOMETRIC_CURVE_SET('',(#7241));
#7241 = TRIMMED_CURVE('',#7242,(#7246,PARAMETER_VALUE(0.474341649025)),(
    #7247,PARAMETER_VALUE(0.554341649025)),.T.,.PARAMETER.);
#7242 = LINE('',#7243,#7244);
#7243 = CARTESIAN_POINT('',(0.65,-8.5E-02,0.519341649025));
#7244 = VECTOR('',#7245,1.);
#7245 = DIRECTION('',(-2.22044604925E-16,2.22044604925E-16,-1.));
#7246 = CARTESIAN_POINT('',(0.65,-8.5E-02,4.5E-02));
#7247 = CARTESIAN_POINT('',(0.65,-8.5E-02,-3.5E-02));
#7248 = GEOMETRIC_CURVE_SET('',(#7249));
#7249 = TRIMMED_CURVE('',#7250,(#7254,PARAMETER_VALUE(-1.E-01)),(#7255,
    PARAMETER_VALUE(0.)),.T.,.PARAMETER.);
#7250 = LINE('',#7251,#7252);
#7251 = CARTESIAN_POINT('',(0.65,-8.5E-02,-3.5E-02));
#7252 = VECTOR('',#7253,1.);
#7253 = DIRECTION('',(-1.,-4.440892098501E-16,2.22044604925E-16));
#7254 = CARTESIAN_POINT('',(0.75,-8.5E-02,-3.5E-02));
#7255 = CARTESIAN_POINT('',(0.65,-8.5E-02,-3.5E-02));
#7256 = GEOMETRIC_CURVE_SET('',(#7257));
#7257 = TRIMMED_CURVE('',#7258,(#7262,PARAMETER_VALUE(0.474341649025)),(
    #7263,PARAMETER_VALUE(0.554341649025)),.T.,.PARAMETER.);
#7258 = LINE('',#7259,#7260);
#7259 = CARTESIAN_POINT('',(0.65,-8.5E-02,0.519341649025));
#7260 = VECTOR('',#7261,1.);
#7261 = DIRECTION('',(-2.22044604925E-16,2.22044604925E-16,-1.));
#7262 = CARTESIAN_POINT('',(0.65,-8.5E-02,4.5E-02));
#7263 = CARTESIAN_POINT('',(0.65,-8.5E-02,-3.5E-02));
#7264 = GEOMETRIC_CURVE_SET('',(#7265));
#7265 = TRIMMED_CURVE('',#7266,(#7270,PARAMETER_VALUE(
      -4.741122777263E-02)),(#7271,PARAMETER_VALUE(0.)),.T.,
  .PARAMETER.);
#7266 = LINE('',#7267,#7268);
#7267 = CARTESIAN_POINT('',(0.608940672324,-0.108705613886,4.5E-02));
#7268 = VECTOR('',#7269,1.);
#7269 = DIRECTION('',(-0.866025403784,-0.5,8.127396617584E-17));
#7270 = CARTESIAN_POINT('',(0.65,-8.5E-02,4.5E-02));
#7271 = CARTESIAN_POINT('',(0.608940672324,-0.108705613886,4.5E-02));
#7272 = GEOMETRIC_CURVE_SET('',(#7273));
#7273 = TRIMMED_CURVE('',#7274,(#7278,PARAMETER_VALUE(0.474341649025)),(
    #7279,PARAMETER_VALUE(0.554341649025)),.T.,.PARAMETER.);
#7274 = LINE('',#7275,#7276);
#7275 = CARTESIAN_POINT('',(0.608940672324,-0.108705613886,
    0.519341649025));
#7276 = VECTOR('',#7277,1.);
#7277 = DIRECTION('',(-2.22044604925E-16,2.22044604925E-16,-1.));
#7278 = CARTESIAN_POINT('',(0.608940672324,-0.108705613886,4.5E-02));
#7279 = CARTESIAN_POINT('',(0.608940672324,-0.108705613886,-3.5E-02));
#7280 = GEOMETRIC_CURVE_SET('',(#7281));
#7281 = TRIMMED_CURVE('',#7282,(#7286,PARAMETER_VALUE(
      -4.741122777263E-02)),(#7287,PARAMETER_VALUE(0.)),.T.,
  .PARAMETER.);
#7282 = LINE('',#7283,#7284);
#7283 = CARTESIAN_POINT('',(0.608940672324,-0.108705613886,-3.5E-02));
#7284 = VECTOR('',#7285,1.);
#7285 = DIRECTION('',(-0.866025403784,-0.5,8.127396617584E-17));
#7286 = CARTESIAN_POINT('',(0.65,-8.5E-02,-3.5E-02));
#7287 = CARTESIAN_POINT('',(0.608940672324,-0.108705613886,-3.5E-02));
#7288 = GEOMETRIC_CURVE_SET('',(#7289));
#7289 = TRIMMED_CURVE('',#7290,(#7294,PARAMETER_VALUE(0.474341649025)),(
    #7295,PARAMETER_VALUE(0.554341649025)),.T.,.PARAMETER.);
#7290 = LINE('',#7291,#7292);
#7291 = CARTESIAN_POINT('',(0.608940672324,-0.108705613886,
    0.519341649025));
#7292 = VECTOR('',#7293,1.);
#7293 = DIRECTION('',(-2.22044604925E-16,2.22044604925E-16,-1.));
#7294 = CARTESIAN_POINT('',(0.608940672324,-0.108705613886,4.5E-02));
#7295 = CARTESIAN_POINT('',(0.608940672324,-0.108705613886,-3.5E-02));
#7296 = GEOMETRIC_CURVE_SET('',(#7297));
#7297 = TRIMMED_CURVE('',#7298,(#7302,PARAMETER_VALUE(
      -3.036214180183E-02)),(#7303,PARAMETER_VALUE(0.)),.T.,
  .PARAMETER.);
#7298 = LINE('',#7299,#7300);
#7299 = CARTESIAN_POINT('',(0.593759601423,-0.135,4.5E-02));
#7300 = VECTOR('',#7301,1.);
#7301 = DIRECTION('',(-0.5,-0.866025403784,-8.127396617584E-17));
#7302 = CARTESIAN_POINT('',(0.608940672324,-0.108705613886,4.5E-02));
#7303 = CARTESIAN_POINT('',(0.593759601423,-0.135,4.5E-02));
#7304 = GEOMETRIC_CURVE_SET('',(#7305));
#7305 = TRIMMED_CURVE('',#7306,(#7310,PARAMETER_VALUE(0.474341649025)),(
    #7311,PARAMETER_VALUE(0.554341649025)),.T.,.PARAMETER.);
#7306 = LINE('',#7307,#7308);
#7307 = CARTESIAN_POINT('',(0.593759601423,-0.135,0.519341649025));
#7308 = VECTOR('',#7309,1.);
#7309 = DIRECTION('',(-2.22044604925E-16,2.22044604925E-16,-1.));
#7310 = CARTESIAN_POINT('',(0.593759601423,-0.135,4.5E-02));
#7311 = CARTESIAN_POINT('',(0.593759601423,-0.135,-3.5E-02));
#7312 = GEOMETRIC_CURVE_SET('',(#7313));
#7313 = TRIMMED_CURVE('',#7314,(#7318,PARAMETER_VALUE(
      -3.036214180183E-02)),(#7319,PARAMETER_VALUE(0.)),.T.,
  .PARAMETER.);
#7314 = LINE('',#7315,#7316);
#7315 = CARTESIAN_POINT('',(0.593759601423,-0.135,-3.5E-02));
#7316 = VECTOR('',#7317,1.);
#7317 = DIRECTION('',(-0.5,-0.866025403784,-8.127396617584E-17));
#7318 = CARTESIAN_POINT('',(0.608940672324,-0.108705613886,-3.5E-02));
#7319 = CARTESIAN_POINT('',(0.593759601423,-0.135,-3.5E-02));
#7320 = GEOMETRIC_CURVE_SET('',(#7321));
#7321 = TRIMMED_CURVE('',#7322,(#7326,PARAMETER_VALUE(0.474341649025)),(
    #7327,PARAMETER_VALUE(0.554341649025)),.T.,.PARAMETER.);
#7322 = LINE('',#7323,#7324);
#7323 = CARTESIAN_POINT('',(0.593759601423,-0.135,0.519341649025));
#7324 = VECTOR('',#7325,1.);
#7325 = DIRECTION('',(-2.22044604925E-16,2.22044604925E-16,-1.));
#7326 = CARTESIAN_POINT('',(0.593759601423,-0.135,4.5E-02));
#7327 = CARTESIAN_POINT('',(0.593759601423,-0.135,-3.5E-02));
#7328 = GEOMETRIC_CURVE_SET('',(#7329));
#7329 = TRIMMED_CURVE('',#7330,(#7334,PARAMETER_VALUE(-0.233759601423)),
  (#7335,PARAMETER_VALUE(0.)),.T.,.PARAMETER.);
#7330 = LINE('',#7331,#7332);
#7331 = CARTESIAN_POINT('',(0.36,-0.135,4.5E-02));
#7332 = VECTOR('',#7333,1.);
#7333 = DIRECTION('',(-1.,-9.078999649522E-16,2.22044604925E-16));
#7334 = CARTESIAN_POINT('',(0.593759601423,-0.135,4.5E-02));
#7335 = CARTESIAN_POINT('',(0.36,-0.135,4.5E-02));
#7336 = GEOMETRIC_CURVE_SET('',(#7337));
#7337 = TRIMMED_CURVE('',#7338,(#7342,PARAMETER_VALUE(0.474341649025)),(
    #7343,PARAMETER_VALUE(0.554341649025)),.T.,.PARAMETER.);
#7338 = LINE('',#7339,#7340);
#7339 = CARTESIAN_POINT('',(0.36,-0.135,0.519341649025));
#7340 = VECTOR('',#7341,1.);
#7341 = DIRECTION('',(-2.22044604925E-16,2.22044604925E-16,-1.));
#7342 = CARTESIAN_POINT('',(0.36,-0.135,4.5E-02));
#7343 = CARTESIAN_POINT('',(0.36,-0.135,-3.5E-02));
#7344 = GEOMETRIC_CURVE_SET('',(#7345));
#7345 = TRIMMED_CURVE('',#7346,(#7350,PARAMETER_VALUE(-0.233759601423)),
  (#7351,PARAMETER_VALUE(0.)),.T.,.PARAMETER.);
#7346 = LINE('',#7347,#7348);
#7347 = CARTESIAN_POINT('',(0.36,-0.135,-3.5E-02));
#7348 = VECTOR('',#7349,1.);
#7349 = DIRECTION('',(-1.,-9.078999649522E-16,2.22044604925E-16));
#7350 = CARTESIAN_POINT('',(0.593759601423,-0.135,-3.5E-02));
#7351 = CARTESIAN_POINT('',(0.36,-0.135,-3.5E-02));
#7352 = GEOMETRIC_CURVE_SET('',(#7353));
#7353 = TRIMMED_CURVE('',#7354,(#7358,PARAMETER_VALUE(-0.233759601423)),
  (#7359,PARAMETER_VALUE(0.)),.T.,.PARAMETER.);
#7354 = LINE('',#7355,#7356);
#7355 = CARTESIAN_POINT('',(0.36,-0.635,4.5E-02));
#7356 = VECTOR('',#7357,1.);
#7357 = DIRECTION('',(-1.,-9.078999649522E-16,2.22044604925E-16));
#7358 = CARTESIAN_POINT('',(0.593759601423,-0.635,4.5E-02));
#7359 = CARTESIAN_POINT('',(0.36,-0.635,4.5E-02));
#7360 = GEOMETRIC_CURVE_SET('',(#7361));
#7361 = TRIMMED_CURVE('',#7362,(#7366,PARAMETER_VALUE(
      -3.036214180183E-02)),(#7367,PARAMETER_VALUE(0.)),.T.,
  .PARAMETER.);
#7362 = LINE('',#7363,#7364);
#7363 = CARTESIAN_POINT('',(0.593759601423,-0.635,4.5E-02));
#7364 = VECTOR('',#7365,1.);
#7365 = DIRECTION('',(-0.5,-0.866025403784,-8.127396617584E-17));
#7366 = CARTESIAN_POINT('',(0.608940672324,-0.608705613886,4.5E-02));
#7367 = CARTESIAN_POINT('',(0.593759601423,-0.635,4.5E-02));
#7368 = GEOMETRIC_CURVE_SET('',(#7369));
#7369 = TRIMMED_CURVE('',#7370,(#7374,PARAMETER_VALUE(
      -4.741122777263E-02)),(#7375,PARAMETER_VALUE(0.)),.T.,
  .PARAMETER.);
#7370 = LINE('',#7371,#7372);
#7371 = CARTESIAN_POINT('',(0.608940672324,-0.608705613886,4.5E-02));
#7372 = VECTOR('',#7373,1.);
#7373 = DIRECTION('',(-0.866025403784,-0.5,8.127396617584E-17));
#7374 = CARTESIAN_POINT('',(0.65,-0.585,4.5E-02));
#7375 = CARTESIAN_POINT('',(0.608940672324,-0.608705613886,4.5E-02));
#7376 = GEOMETRIC_CURVE_SET('',(#7377));
#7377 = TRIMMED_CURVE('',#7378,(#7382,PARAMETER_VALUE(-1.E-01)),(#7383,
    PARAMETER_VALUE(0.)),.T.,.PARAMETER.);
#7378 = LINE('',#7379,#7380);
#7379 = CARTESIAN_POINT('',(0.65,-0.585,4.5E-02));
#7380 = VECTOR('',#7381,1.);
#7381 = DIRECTION('',(-1.,-4.440892098501E-16,2.22044604925E-16));
#7382 = CARTESIAN_POINT('',(0.75,-0.585,4.5E-02));
#7383 = CARTESIAN_POINT('',(0.65,-0.585,4.5E-02));
#7384 = GEOMETRIC_CURVE_SET('',(#7385));
#7385 = TRIMMED_CURVE('',#7386,(#7390,PARAMETER_VALUE(0.)),(#7391,
    PARAMETER_VALUE(0.17)),.T.,.PARAMETER.);
#7386 = LINE('',#7387,#7388);
#7387 = CARTESIAN_POINT('',(0.75,-0.415,4.5E-02));
#7388 = VECTOR('',#7389,1.);
#7389 = DIRECTION('',(1.71962117748E-15,-1.,-2.22044604925E-16));
#7390 = CARTESIAN_POINT('',(0.75,-0.415,4.5E-02));
#7391 = CARTESIAN_POINT('',(0.75,-0.585,4.5E-02));
#7392 = GEOMETRIC_CURVE_SET('',(#7393));
#7393 = TRIMMED_CURVE('',#7394,(#7398,PARAMETER_VALUE(0.)),(#7399,
    PARAMETER_VALUE(1.E-01)),.T.,.PARAMETER.);
#7394 = LINE('',#7395,#7396);
#7395 = CARTESIAN_POINT('',(0.65,-0.415,4.5E-02));
#7396 = VECTOR('',#7397,1.);
#7397 = DIRECTION('',(1.,1.528291382336E-15,-2.22044604925E-16));
#7398 = CARTESIAN_POINT('',(0.65,-0.415,4.5E-02));
#7399 = CARTESIAN_POINT('',(0.75,-0.415,4.5E-02));
#7400 = GEOMETRIC_CURVE_SET('',(#7401));
#7401 = TRIMMED_CURVE('',#7402,(#7406,PARAMETER_VALUE(0.)),(#7407,
    PARAMETER_VALUE(4.741122777263E-02)),.T.,.PARAMETER.);
#7402 = LINE('',#7403,#7404);
#7403 = CARTESIAN_POINT('',(0.608940672324,-0.391294386114,4.5E-02));
#7404 = VECTOR('',#7405,1.);
#7405 = DIRECTION('',(0.866025403784,-0.5,-3.033185711009E-16));
#7406 = CARTESIAN_POINT('',(0.608940672324,-0.391294386114,4.5E-02));
#7407 = CARTESIAN_POINT('',(0.65,-0.415,4.5E-02));
#7408 = GEOMETRIC_CURVE_SET('',(#7409));
#7409 = TRIMMED_CURVE('',#7410,(#7414,PARAMETER_VALUE(0.)),(#7415,
    PARAMETER_VALUE(3.036214180183E-02)),.T.,.PARAMETER.);
#7410 = LINE('',#7411,#7412);
#7411 = CARTESIAN_POINT('',(0.593759601423,-0.365,4.5E-02));
#7412 = VECTOR('',#7413,1.);
#7413 = DIRECTION('',(0.5,-0.866025403784,-3.033185711009E-16));
#7414 = CARTESIAN_POINT('',(0.593759601423,-0.365,4.5E-02));
#7415 = CARTESIAN_POINT('',(0.608940672324,-0.391294386114,4.5E-02));
#7416 = GEOMETRIC_CURVE_SET('',(#7417));
#7417 = TRIMMED_CURVE('',#7418,(#7422,PARAMETER_VALUE(0.)),(#7423,
    PARAMETER_VALUE(0.233759601423)),.T.,.PARAMETER.);
#7418 = LINE('',#7419,#7420);
#7419 = CARTESIAN_POINT('',(0.36,-0.365,4.5E-02));
#7420 = VECTOR('',#7421,1.);
#7421 = DIRECTION('',(1.,1.371710720054E-15,-2.22044604925E-16));
#7422 = CARTESIAN_POINT('',(0.36,-0.365,4.5E-02));
#7423 = CARTESIAN_POINT('',(0.593759601423,-0.365,4.5E-02));
#7424 = GEOMETRIC_CURVE_SET('',(#7425));
#7425 = TRIMMED_CURVE('',#7426,(#7430,PARAMETER_VALUE(0.)),(#7431,
    PARAMETER_VALUE(0.27)),.T.,.PARAMETER.);
#7426 = LINE('',#7427,#7428);
#7427 = CARTESIAN_POINT('',(0.36,-0.635,4.5E-02));
#7428 = VECTOR('',#7429,1.);
#7429 = DIRECTION('',(-8.456455700299E-16,1.,2.22044604925E-16));
#7430 = CARTESIAN_POINT('',(0.36,-0.635,4.5E-02));
#7431 = CARTESIAN_POINT('',(0.36,-0.365,4.5E-02));
#7432 = GEOMETRIC_CURVE_SET('',(#7433));
#7433 = TRIMMED_CURVE('',#7434,(#7438,PARAMETER_VALUE(-0.233759601423)),
  (#7439,PARAMETER_VALUE(0.)),.T.,.PARAMETER.);
#7434 = LINE('',#7435,#7436);
#7435 = CARTESIAN_POINT('',(0.36,-0.635,-3.5E-02));
#7436 = VECTOR('',#7437,1.);
#7437 = DIRECTION('',(-1.,-9.078999649522E-16,2.22044604925E-16));
#7438 = CARTESIAN_POINT('',(0.593759601423,-0.635,-3.5E-02));
#7439 = CARTESIAN_POINT('',(0.36,-0.635,-3.5E-02));
#7440 = GEOMETRIC_CURVE_SET('',(#7441));
#7441 = TRIMMED_CURVE('',#7442,(#7446,PARAMETER_VALUE(0.)),(#7447,
    PARAMETER_VALUE(0.27)),.T.,.PARAMETER.);
#7442 = LINE('',#7443,#7444);
#7443 = CARTESIAN_POINT('',(0.36,-0.635,-3.5E-02));
#7444 = VECTOR('',#7445,1.);
#7445 = DIRECTION('',(-8.456455700299E-16,1.,2.22044604925E-16));
#7446 = CARTESIAN_POINT('',(0.36,-0.635,-3.5E-02));
#7447 = CARTESIAN_POINT('',(0.36,-0.365,-3.5E-02));
#7448 = GEOMETRIC_CURVE_SET('',(#7449));
#7449 = TRIMMED_CURVE('',#7450,(#7454,PARAMETER_VALUE(0.)),(#7455,
    PARAMETER_VALUE(0.233759601423)),.T.,.PARAMETER.);
#7450 = LINE('',#7451,#7452);
#7451 = CARTESIAN_POINT('',(0.36,-0.365,-3.5E-02));
#7452 = VECTOR('',#7453,1.);
#7453 = DIRECTION('',(1.,1.371710720054E-15,-2.22044604925E-16));
#7454 = CARTESIAN_POINT('',(0.36,-0.365,-3.5E-02));
#7455 = CARTESIAN_POINT('',(0.593759601423,-0.365,-3.5E-02));
#7456 = GEOMETRIC_CURVE_SET('',(#7457));
#7457 = TRIMMED_CURVE('',#7458,(#7462,PARAMETER_VALUE(0.)),(#7463,
    PARAMETER_VALUE(3.036214180183E-02)),.T.,.PARAMETER.);
#7458 = LINE('',#7459,#7460);
#7459 = CARTESIAN_POINT('',(0.593759601423,-0.365,-3.5E-02));
#7460 = VECTOR('',#7461,1.);
#7461 = DIRECTION('',(0.5,-0.866025403784,-3.033185711009E-16));
#7462 = CARTESIAN_POINT('',(0.593759601423,-0.365,-3.5E-02));
#7463 = CARTESIAN_POINT('',(0.608940672324,-0.391294386114,-3.5E-02));
#7464 = GEOMETRIC_CURVE_SET('',(#7465));
#7465 = TRIMMED_CURVE('',#7466,(#7470,PARAMETER_VALUE(0.)),(#7471,
    PARAMETER_VALUE(4.741122777263E-02)),.T.,.PARAMETER.);
#7466 = LINE('',#7467,#7468);
#7467 = CARTESIAN_POINT('',(0.608940672324,-0.391294386114,-3.5E-02));
#7468 = VECTOR('',#7469,1.);
#7469 = DIRECTION('',(0.866025403784,-0.5,-3.033185711009E-16));
#7470 = CARTESIAN_POINT('',(0.608940672324,-0.391294386114,-3.5E-02));
#7471 = CARTESIAN_POINT('',(0.65,-0.415,-3.5E-02));
#7472 = GEOMETRIC_CURVE_SET('',(#7473));
#7473 = TRIMMED_CURVE('',#7474,(#7478,PARAMETER_VALUE(0.)),(#7479,
    PARAMETER_VALUE(1.E-01)),.T.,.PARAMETER.);
#7474 = LINE('',#7475,#7476);
#7475 = CARTESIAN_POINT('',(0.65,-0.415,-3.5E-02));
#7476 = VECTOR('',#7477,1.);
#7477 = DIRECTION('',(1.,1.528291382336E-15,-2.22044604925E-16));
#7478 = CARTESIAN_POINT('',(0.65,-0.415,-3.5E-02));
#7479 = CARTESIAN_POINT('',(0.75,-0.415,-3.5E-02));
#7480 = GEOMETRIC_CURVE_SET('',(#7481));
#7481 = TRIMMED_CURVE('',#7482,(#7486,PARAMETER_VALUE(0.)),(#7487,
    PARAMETER_VALUE(0.17)),.T.,.PARAMETER.);
#7482 = LINE('',#7483,#7484);
#7483 = CARTESIAN_POINT('',(0.75,-0.415,-3.5E-02));
#7484 = VECTOR('',#7485,1.);
#7485 = DIRECTION('',(1.71962117748E-15,-1.,-2.22044604925E-16));
#7486 = CARTESIAN_POINT('',(0.75,-0.415,-3.5E-02));
#7487 = CARTESIAN_POINT('',(0.75,-0.585,-3.5E-02));
#7488 = GEOMETRIC_CURVE_SET('',(#7489));
#7489 = TRIMMED_CURVE('',#7490,(#7494,PARAMETER_VALUE(-1.E-01)),(#7495,
    PARAMETER_VALUE(0.)),.T.,.PARAMETER.);
#7490 = LINE('',#7491,#7492);
#7491 = CARTESIAN_POINT('',(0.65,-0.585,-3.5E-02));
#7492 = VECTOR('',#7493,1.);
#7493 = DIRECTION('',(-1.,-4.440892098501E-16,2.22044604925E-16));
#7494 = CARTESIAN_POINT('',(0.75,-0.585,-3.5E-02));
#7495 = CARTESIAN_POINT('',(0.65,-0.585,-3.5E-02));
#7496 = GEOMETRIC_CURVE_SET('',(#7497));
#7497 = TRIMMED_CURVE('',#7498,(#7502,PARAMETER_VALUE(
      -4.741122777263E-02)),(#7503,PARAMETER_VALUE(0.)),.T.,
  .PARAMETER.);
#7498 = LINE('',#7499,#7500);
#7499 = CARTESIAN_POINT('',(0.608940672324,-0.608705613886,-3.5E-02));
#7500 = VECTOR('',#7501,1.);
#7501 = DIRECTION('',(-0.866025403784,-0.5,8.127396617584E-17));
#7502 = CARTESIAN_POINT('',(0.65,-0.585,-3.5E-02));
#7503 = CARTESIAN_POINT('',(0.608940672324,-0.608705613886,-3.5E-02));
#7504 = GEOMETRIC_CURVE_SET('',(#7505));
#7505 = TRIMMED_CURVE('',#7506,(#7510,PARAMETER_VALUE(
      -3.036214180183E-02)),(#7511,PARAMETER_VALUE(0.)),.T.,
  .PARAMETER.);
#7506 = LINE('',#7507,#7508);
#7507 = CARTESIAN_POINT('',(0.593759601423,-0.635,-3.5E-02));
#7508 = VECTOR('',#7509,1.);
#7509 = DIRECTION('',(-0.5,-0.866025403784,-8.127396617584E-17));
#7510 = CARTESIAN_POINT('',(0.608940672324,-0.608705613886,-3.5E-02));
#7511 = CARTESIAN_POINT('',(0.593759601423,-0.635,-3.5E-02));
#7512 = GEOMETRIC_CURVE_SET('',(#7513));
#7513 = TRIMMED_CURVE('',#7514,(#7518,PARAMETER_VALUE(0.474341649025)),(
    #7519,PARAMETER_VALUE(0.554341649025)),.T.,.PARAMETER.);
#7514 = LINE('',#7515,#7516);
#7515 = CARTESIAN_POINT('',(0.36,-0.635,0.519341649025));
#7516 = VECTOR('',#7517,1.);
#7517 = DIRECTION('',(-2.22044604925E-16,2.22044604925E-16,-1.));
#7518 = CARTESIAN_POINT('',(0.36,-0.635,4.5E-02));
#7519 = CARTESIAN_POINT('',(0.36,-0.635,-3.5E-02));
#7520 = GEOMETRIC_CURVE_SET('',(#7521));
#7521 = TRIMMED_CURVE('',#7522,(#7526,PARAMETER_VALUE(0.)),(#7527,
    PARAMETER_VALUE(0.27)),.T.,.PARAMETER.);
#7522 = LINE('',#7523,#7524);
#7523 = CARTESIAN_POINT('',(0.36,-0.635,4.5E-02));
#7524 = VECTOR('',#7525,1.);
#7525 = DIRECTION('',(-8.456455700299E-16,1.,2.22044604925E-16));
#7526 = CARTESIAN_POINT('',(0.36,-0.635,4.5E-02));
#7527 = CARTESIAN_POINT('',(0.36,-0.365,4.5E-02));
#7528 = GEOMETRIC_CURVE_SET('',(#7529));
#7529 = TRIMMED_CURVE('',#7530,(#7534,PARAMETER_VALUE(0.474341649025)),(
    #7535,PARAMETER_VALUE(0.554341649025)),.T.,.PARAMETER.);
#7530 = LINE('',#7531,#7532);
#7531 = CARTESIAN_POINT('',(0.36,-0.365,0.519341649025));
#7532 = VECTOR('',#7533,1.);
#7533 = DIRECTION('',(-2.22044604925E-16,2.22044604925E-16,-1.));
#7534 = CARTESIAN_POINT('',(0.36,-0.365,4.5E-02));
#7535 = CARTESIAN_POINT('',(0.36,-0.365,-3.5E-02));
#7536 = GEOMETRIC_CURVE_SET('',(#7537));
#7537 = TRIMMED_CURVE('',#7538,(#7542,PARAMETER_VALUE(0.)),(#7543,
    PARAMETER_VALUE(0.27)),.T.,.PARAMETER.);
#7538 = LINE('',#7539,#7540);
#7539 = CARTESIAN_POINT('',(0.36,-0.635,-3.5E-02));
#7540 = VECTOR('',#7541,1.);
#7541 = DIRECTION('',(-8.456455700299E-16,1.,2.22044604925E-16));
#7542 = CARTESIAN_POINT('',(0.36,-0.635,-3.5E-02));
#7543 = CARTESIAN_POINT('',(0.36,-0.365,-3.5E-02));
#7544 = GEOMETRIC_CURVE_SET('',(#7545));
#7545 = TRIMMED_CURVE('',#7546,(#7550,PARAMETER_VALUE(0.474341649025)),(
    #7551,PARAMETER_VALUE(0.554341649025)),.T.,.PARAMETER.);
#7546 = LINE('',#7547,#7548);
#7547 = CARTESIAN_POINT('',(0.36,-0.365,0.519341649025));
#7548 = VECTOR('',#7549,1.);
#7549 = DIRECTION('',(-2.22044604925E-16,2.22044604925E-16,-1.));
#7550 = CARTESIAN_POINT('',(0.36,-0.365,4.5E-02));
#7551 = CARTESIAN_POINT('',(0.36,-0.365,-3.5E-02));
#7552 = GEOMETRIC_CURVE_SET('',(#7553));
#7553 = TRIMMED_CURVE('',#7554,(#7558,PARAMETER_VALUE(0.)),(#7559,
    PARAMETER_VALUE(0.233759601423)),.T.,.PARAMETER.);
#7554 = LINE('',#7555,#7556);
#7555 = CARTESIAN_POINT('',(0.36,-0.365,4.5E-02));
#7556 = VECTOR('',#7557,1.);
#7557 = DIRECTION('',(1.,1.371710720054E-15,-2.22044604925E-16));
#7558 = CARTESIAN_POINT('',(0.36,-0.365,4.5E-02));
#7559 = CARTESIAN_POINT('',(0.593759601423,-0.365,4.5E-02));
#7560 = GEOMETRIC_CURVE_SET('',(#7561));
#7561 = TRIMMED_CURVE('',#7562,(#7566,PARAMETER_VALUE(0.474341649025)),(
    #7567,PARAMETER_VALUE(0.554341649025)),.T.,.PARAMETER.);
#7562 = LINE('',#7563,#7564);
#7563 = CARTESIAN_POINT('',(0.593759601423,-0.365,0.519341649025));
#7564 = VECTOR('',#7565,1.);
#7565 = DIRECTION('',(-2.22044604925E-16,2.22044604925E-16,-1.));
#7566 = CARTESIAN_POINT('',(0.593759601423,-0.365,4.5E-02));
#7567 = CARTESIAN_POINT('',(0.593759601423,-0.365,-3.5E-02));
#7568 = GEOMETRIC_CURVE_SET('',(#7569));
#7569 = TRIMMED_CURVE('',#7570,(#7574,PARAMETER_VALUE(0.)),(#7575,
    PARAMETER_VALUE(0.233759601423)),.T.,.PARAMETER.);
#7570 = LINE('',#7571,#7572);
#7571 = CARTESIAN_POINT('',(0.36,-0.365,-3.5E-02));
#7572 = VECTOR('',#7573,1.);
#7573 = DIRECTION('',(1.,1.371710720054E-15,-2.22044604925E-16));
#7574 = CARTESIAN_POINT('',(0.36,-0.365,-3.5E-02));
#7575 = CARTESIAN_POINT('',(0.593759601423,-0.365,-3.5E-02));
#7576 = GEOMETRIC_CURVE_SET('',(#7577));
#7577 = TRIMMED_CURVE('',#7578,(#7582,PARAMETER_VALUE(0.474341649025)),(
    #7583,PARAMETER_VALUE(0.554341649025)),.T.,.PARAMETER.);
#7578 = LINE('',#7579,#7580);
#7579 = CARTESIAN_POINT('',(0.593759601423,-0.365,0.519341649025));
#7580 = VECTOR('',#7581,1.);
#7581 = DIRECTION('',(-2.22044604925E-16,2.22044604925E-16,-1.));
#7582 = CARTESIAN_POINT('',(0.593759601423,-0.365,4.5E-02));
#7583 = CARTESIAN_POINT('',(0.593759601423,-0.365,-3.5E-02));
#7584 = GEOMETRIC_CURVE_SET('',(#7585));
#7585 = TRIMMED_CURVE('',#7586,(#7590,PARAMETER_VALUE(0.)),(#7591,
    PARAMETER_VALUE(3.036214180183E-02)),.T.,.PARAMETER.);
#7586 = LINE('',#7587,#7588);
#7587 = CARTESIAN_POINT('',(0.593759601423,-0.365,4.5E-02));
#7588 = VECTOR('',#7589,1.);
#7589 = DIRECTION('',(0.5,-0.866025403784,-3.033185711009E-16));
#7590 = CARTESIAN_POINT('',(0.593759601423,-0.365,4.5E-02));
#7591 = CARTESIAN_POINT('',(0.608940672324,-0.391294386114,4.5E-02));
#7592 = GEOMETRIC_CURVE_SET('',(#7593));
#7593 = TRIMMED_CURVE('',#7594,(#7598,PARAMETER_VALUE(0.474341649025)),(
    #7599,PARAMETER_VALUE(0.554341649025)),.T.,.PARAMETER.);
#7594 = LINE('',#7595,#7596);
#7595 = CARTESIAN_POINT('',(0.608940672324,-0.391294386114,
    0.519341649025));
#7596 = VECTOR('',#7597,1.);
#7597 = DIRECTION('',(-2.22044604925E-16,2.22044604925E-16,-1.));
#7598 = CARTESIAN_POINT('',(0.608940672324,-0.391294386114,4.5E-02));
#7599 = CARTESIAN_POINT('',(0.608940672324,-0.391294386114,-3.5E-02));
#7600 = GEOMETRIC_CURVE_SET('',(#7601));
#7601 = TRIMMED_CURVE('',#7602,(#7606,PARAMETER_VALUE(0.)),(#7607,
    PARAMETER_VALUE(3.036214180183E-02)),.T.,.PARAMETER.);
#7602 = LINE('',#7603,#7604);
#7603 = CARTESIAN_POINT('',(0.593759601423,-0.365,-3.5E-02));
#7604 = VECTOR('',#7605,1.);
#7605 = DIRECTION('',(0.5,-0.866025403784,-3.033185711009E-16));
#7606 = CARTESIAN_POINT('',(0.593759601423,-0.365,-3.5E-02));
#7607 = CARTESIAN_POINT('',(0.608940672324,-0.391294386114,-3.5E-02));
#7608 = GEOMETRIC_CURVE_SET('',(#7609));
#7609 = TRIMMED_CURVE('',#7610,(#7614,PARAMETER_VALUE(0.474341649025)),(
    #7615,PARAMETER_VALUE(0.554341649025)),.T.,.PARAMETER.);
#7610 = LINE('',#7611,#7612);
#7611 = CARTESIAN_POINT('',(0.608940672324,-0.391294386114,
    0.519341649025));
#7612 = VECTOR('',#7613,1.);
#7613 = DIRECTION('',(-2.22044604925E-16,2.22044604925E-16,-1.));
#7614 = CARTESIAN_POINT('',(0.608940672324,-0.391294386114,4.5E-02));
#7615 = CARTESIAN_POINT('',(0.608940672324,-0.391294386114,-3.5E-02));
#7616 = GEOMETRIC_CURVE_SET('',(#7617));
#7617 = TRIMMED_CURVE('',#7618,(#7622,PARAMETER_VALUE(0.)),(#7623,
    PARAMETER_VALUE(4.741122777263E-02)),.T.,.PARAMETER.);
#7618 = LINE('',#7619,#7620);
#7619 = CARTESIAN_POINT('',(0.608940672324,-0.391294386114,4.5E-02));
#7620 = VECTOR('',#7621,1.);
#7621 = DIRECTION('',(0.866025403784,-0.5,-3.033185711009E-16));
#7622 = CARTESIAN_POINT('',(0.608940672324,-0.391294386114,4.5E-02));
#7623 = CARTESIAN_POINT('',(0.65,-0.415,4.5E-02));
#7624 = GEOMETRIC_CURVE_SET('',(#7625));
#7625 = TRIMMED_CURVE('',#7626,(#7630,PARAMETER_VALUE(0.474341649025)),(
    #7631,PARAMETER_VALUE(0.554341649025)),.T.,.PARAMETER.);
#7626 = LINE('',#7627,#7628);
#7627 = CARTESIAN_POINT('',(0.65,-0.415,0.519341649025));
#7628 = VECTOR('',#7629,1.);
#7629 = DIRECTION('',(-2.22044604925E-16,2.22044604925E-16,-1.));
#7630 = CARTESIAN_POINT('',(0.65,-0.415,4.5E-02));
#7631 = CARTESIAN_POINT('',(0.65,-0.415,-3.5E-02));
#7632 = GEOMETRIC_CURVE_SET('',(#7633));
#7633 = TRIMMED_CURVE('',#7634,(#7638,PARAMETER_VALUE(0.)),(#7639,
    PARAMETER_VALUE(4.741122777263E-02)),.T.,.PARAMETER.);
#7634 = LINE('',#7635,#7636);
#7635 = CARTESIAN_POINT('',(0.608940672324,-0.391294386114,-3.5E-02));
#7636 = VECTOR('',#7637,1.);
#7637 = DIRECTION('',(0.866025403784,-0.5,-3.033185711009E-16));
#7638 = CARTESIAN_POINT('',(0.608940672324,-0.391294386114,-3.5E-02));
#7639 = CARTESIAN_POINT('',(0.65,-0.415,-3.5E-02));
#7640 = GEOMETRIC_CURVE_SET('',(#7641));
#7641 = TRIMMED_CURVE('',#7642,(#7646,PARAMETER_VALUE(0.474341649025)),(
    #7647,PARAMETER_VALUE(0.554341649025)),.T.,.PARAMETER.);
#7642 = LINE('',#7643,#7644);
#7643 = CARTESIAN_POINT('',(0.65,-0.415,0.519341649025));
#7644 = VECTOR('',#7645,1.);
#7645 = DIRECTION('',(-2.22044604925E-16,2.22044604925E-16,-1.));
#7646 = CARTESIAN_POINT('',(0.65,-0.415,4.5E-02));
#7647 = CARTESIAN_POINT('',(0.65,-0.415,-3.5E-02));
#7648 = GEOMETRIC_CURVE_SET('',(#7649));
#7649 = TRIMMED_CURVE('',#7650,(#7654,PARAMETER_VALUE(0.)),(#7655,
    PARAMETER_VALUE(1.E-01)),.T.,.PARAMETER.);
#7650 = LINE('',#7651,#7652);
#7651 = CARTESIAN_POINT('',(0.65,-0.415,4.5E-02));
#7652 = VECTOR('',#7653,1.);
#7653 = DIRECTION('',(1.,1.528291382336E-15,-2.22044604925E-16));
#7654 = CARTESIAN_POINT('',(0.65,-0.415,4.5E-02));
#7655 = CARTESIAN_POINT('',(0.75,-0.415,4.5E-02));
#7656 = GEOMETRIC_CURVE_SET('',(#7657));
#7657 = TRIMMED_CURVE('',#7658,(#7662,PARAMETER_VALUE(0.474341649025)),(
    #7663,PARAMETER_VALUE(0.554341649025)),.T.,.PARAMETER.);
#7658 = LINE('',#7659,#7660);
#7659 = CARTESIAN_POINT('',(0.75,-0.415,0.519341649025));
#7660 = VECTOR('',#7661,1.);
#7661 = DIRECTION('',(-2.22044604925E-16,2.22044604925E-16,-1.));
#7662 = CARTESIAN_POINT('',(0.75,-0.415,4.5E-02));
#7663 = CARTESIAN_POINT('',(0.75,-0.415,-3.5E-02));
#7664 = GEOMETRIC_CURVE_SET('',(#7665));
#7665 = TRIMMED_CURVE('',#7666,(#7670,PARAMETER_VALUE(0.)),(#7671,
    PARAMETER_VALUE(1.E-01)),.T.,.PARAMETER.);
#7666 = LINE('',#7667,#7668);
#7667 = CARTESIAN_POINT('',(0.65,-0.415,-3.5E-02));
#7668 = VECTOR('',#7669,1.);
#7669 = DIRECTION('',(1.,1.528291382336E-15,-2.22044604925E-16));
#7670 = CARTESIAN_POINT('',(0.65,-0.415,-3.5E-02));
#7671 = CARTESIAN_POINT('',(0.75,-0.415,-3.5E-02));
#7672 = GEOMETRIC_CURVE_SET('',(#7673));
#7673 = TRIMMED_CURVE('',#7674,(#7678,PARAMETER_VALUE(0.474341649025)),(
    #7679,PARAMETER_VALUE(0.554341649025)),.T.,.PARAMETER.);
#7674 = LINE('',#7675,#7676);
#7675 = CARTESIAN_POINT('',(0.75,-0.415,0.519341649025));
#7676 = VECTOR('',#7677,1.);
#7677 = DIRECTION('',(-2.22044604925E-16,2.22044604925E-16,-1.));
#7678 = CARTESIAN_POINT('',(0.75,-0.415,4.5E-02));
#7679 = CARTESIAN_POINT('',(0.75,-0.415,-3.5E-02));
#7680 = GEOMETRIC_CURVE_SET('',(#7681));
#7681 = TRIMMED_CURVE('',#7682,(#7686,PARAMETER_VALUE(0.)),(#7687,
    PARAMETER_VALUE(0.17)),.T.,.PARAMETER.);
#7682 = LINE('',#7683,#7684);
#7683 = CARTESIAN_POINT('',(0.75,-0.415,4.5E-02));
#7684 = VECTOR('',#7685,1.);
#7685 = DIRECTION('',(1.71962117748E-15,-1.,-2.22044604925E-16));
#7686 = CARTESIAN_POINT('',(0.75,-0.415,4.5E-02));
#7687 = CARTESIAN_POINT('',(0.75,-0.585,4.5E-02));
#7688 = GEOMETRIC_CURVE_SET('',(#7689));
#7689 = TRIMMED_CURVE('',#7690,(#7694,PARAMETER_VALUE(0.474341649025)),(
    #7695,PARAMETER_VALUE(0.554341649025)),.T.,.PARAMETER.);
#7690 = LINE('',#7691,#7692);
#7691 = CARTESIAN_POINT('',(0.75,-0.585,0.519341649025));
#7692 = VECTOR('',#7693,1.);
#7693 = DIRECTION('',(-2.22044604925E-16,2.22044604925E-16,-1.));
#7694 = CARTESIAN_POINT('',(0.75,-0.585,4.5E-02));
#7695 = CARTESIAN_POINT('',(0.75,-0.585,-3.5E-02));
#7696 = GEOMETRIC_CURVE_SET('',(#7697));
#7697 = TRIMMED_CURVE('',#7698,(#7702,PARAMETER_VALUE(0.)),(#7703,
    PARAMETER_VALUE(0.17)),.T.,.PARAMETER.);
#7698 = LINE('',#7699,#7700);
#7699 = CARTESIAN_POINT('',(0.75,-0.415,-3.5E-02));
#7700 = VECTOR('',#7701,1.);
#7701 = DIRECTION('',(1.71962117748E-15,-1.,-2.22044604925E-16));
#7702 = CARTESIAN_POINT('',(0.75,-0.415,-3.5E-02));
#7703 = CARTESIAN_POINT('',(0.75,-0.585,-3.5E-02));
#7704 = GEOMETRIC_CURVE_SET('',(#7705));
#7705 = TRIMMED_CURVE('',#7706,(#7710,PARAMETER_VALUE(0.474341649025)),(
    #7711,PARAMETER_VALUE(0.554341649025)),.T.,.PARAMETER.);
#7706 = LINE('',#7707,#7708);
#7707 = CARTESIAN_POINT('',(0.75,-0.585,0.519341649025));
#7708 = VECTOR('',#7709,1.);
#7709 = DIRECTION('',(-2.22044604925E-16,2.22044604925E-16,-1.));
#7710 = CARTESIAN_POINT('',(0.75,-0.585,4.5E-02));
#7711 = CARTESIAN_POINT('',(0.75,-0.585,-3.5E-02));
#7712 = GEOMETRIC_CURVE_SET('',(#7713));
#7713 = TRIMMED_CURVE('',#7714,(#7718,PARAMETER_VALUE(-1.E-01)),(#7719,
    PARAMETER_VALUE(0.)),.T.,.PARAMETER.);
#7714 = LINE('',#7715,#7716);
#7715 = CARTESIAN_POINT('',(0.65,-0.585,4.5E-02));
#7716 = VECTOR('',#7717,1.);
#7717 = DIRECTION('',(-1.,-4.440892098501E-16,2.22044604925E-16));
#7718 = CARTESIAN_POINT('',(0.75,-0.585,4.5E-02));
#7719 = CARTESIAN_POINT('',(0.65,-0.585,4.5E-02));
#7720 = GEOMETRIC_CURVE_SET('',(#7721));
#7721 = TRIMMED_CURVE('',#7722,(#7726,PARAMETER_VALUE(0.474341649025)),(
    #7727,PARAMETER_VALUE(0.554341649025)),.T.,.PARAMETER.);
#7722 = LINE('',#7723,#7724);
#7723 = CARTESIAN_POINT('',(0.65,-0.585,0.519341649025));
#7724 = VECTOR('',#7725,1.);
#7725 = DIRECTION('',(-2.22044604925E-16,2.22044604925E-16,-1.));
#7726 = CARTESIAN_POINT('',(0.65,-0.585,4.5E-02));
#7727 = CARTESIAN_POINT('',(0.65,-0.585,-3.5E-02));
#7728 = GEOMETRIC_CURVE_SET('',(#7729));
#7729 = TRIMMED_CURVE('',#7730,(#7734,PARAMETER_VALUE(-1.E-01)),(#7735,
    PARAMETER_VALUE(0.)),.T.,.PARAMETER.);
#7730 = LINE('',#7731,#7732);
#7731 = CARTESIAN_POINT('',(0.65,-0.585,-3.5E-02));
#7732 = VECTOR('',#7733,1.);
#7733 = DIRECTION('',(-1.,-4.440892098501E-16,2.22044604925E-16));
#7734 = CARTESIAN_POINT('',(0.75,-0.585,-3.5E-02));
#7735 = CARTESIAN_POINT('',(0.65,-0.585,-3.5E-02));
#7736 = GEOMETRIC_CURVE_SET('',(#7737));
#7737 = TRIMMED_CURVE('',#7738,(#7742,PARAMETER_VALUE(0.474341649025)),(
    #7743,PARAMETER_VALUE(0.554341649025)),.T.,.PARAMETER.);
#7738 = LINE('',#7739,#7740);
#7739 = CARTESIAN_POINT('',(0.65,-0.585,0.519341649025));
#7740 = VECTOR('',#7741,1.);
#7741 = DIRECTION('',(-2.22044604925E-16,2.22044604925E-16,-1.));
#7742 = CARTESIAN_POINT('',(0.65,-0.585,4.5E-02));
#7743 = CARTESIAN_POINT('',(0.65,-0.585,-3.5E-02));
#7744 = GEOMETRIC_CURVE_SET('',(#7745));
#7745 = TRIMMED_CURVE('',#7746,(#7750,PARAMETER_VALUE(
      -4.741122777263E-02)),(#7751,PARAMETER_VALUE(0.)),.T.,
  .PARAMETER.);
#7746 = LINE('',#7747,#7748);
#7747 = CARTESIAN_POINT('',(0.608940672324,-0.608705613886,4.5E-02));
#7748 = VECTOR('',#7749,1.);
#7749 = DIRECTION('',(-0.866025403784,-0.5,8.127396617584E-17));
#7750 = CARTESIAN_POINT('',(0.65,-0.585,4.5E-02));
#7751 = CARTESIAN_POINT('',(0.608940672324,-0.608705613886,4.5E-02));
#7752 = GEOMETRIC_CURVE_SET('',(#7753));
#7753 = TRIMMED_CURVE('',#7754,(#7758,PARAMETER_VALUE(0.474341649025)),(
    #7759,PARAMETER_VALUE(0.554341649025)),.T.,.PARAMETER.);
#7754 = LINE('',#7755,#7756);
#7755 = CARTESIAN_POINT('',(0.608940672324,-0.608705613886,
    0.519341649025));
#7756 = VECTOR('',#7757,1.);
#7757 = DIRECTION('',(-2.22044604925E-16,2.22044604925E-16,-1.));
#7758 = CARTESIAN_POINT('',(0.608940672324,-0.608705613886,4.5E-02));
#7759 = CARTESIAN_POINT('',(0.608940672324,-0.608705613886,-3.5E-02));
#7760 = GEOMETRIC_CURVE_SET('',(#7761));
#7761 = TRIMMED_CURVE('',#7762,(#7766,PARAMETER_VALUE(
      -4.741122777263E-02)),(#7767,PARAMETER_VALUE(0.)),.T.,
  .PARAMETER.);
#7762 = LINE('',#7763,#7764);
#7763 = CARTESIAN_POINT('',(0.608940672324,-0.608705613886,-3.5E-02));
#7764 = VECTOR('',#7765,1.);
#7765 = DIRECTION('',(-0.866025403784,-0.5,8.127396617584E-17));
#7766 = CARTESIAN_POINT('',(0.65,-0.585,-3.5E-02));
#7767 = CARTESIAN_POINT('',(0.608940672324,-0.608705613886,-3.5E-02));
#7768 = GEOMETRIC_CURVE_SET('',(#7769));
#7769 = TRIMMED_CURVE('',#7770,(#7774,PARAMETER_VALUE(0.474341649025)),(
    #7775,PARAMETER_VALUE(0.554341649025)),.T.,.PARAMETER.);
#7770 = LINE('',#7771,#7772);
#7771 = CARTESIAN_POINT('',(0.608940672324,-0.608705613886,
    0.519341649025));
#7772 = VECTOR('',#7773,1.);
#7773 = DIRECTION('',(-2.22044604925E-16,2.22044604925E-16,-1.));
#7774 = CARTESIAN_POINT('',(0.608940672324,-0.608705613886,4.5E-02));
#7775 = CARTESIAN_POINT('',(0.608940672324,-0.608705613886,-3.5E-02));
#7776 = GEOMETRIC_CURVE_SET('',(#7777));
#7777 = TRIMMED_CURVE('',#7778,(#7782,PARAMETER_VALUE(
      -3.036214180183E-02)),(#7783,PARAMETER_VALUE(0.)),.T.,
  .PARAMETER.);
#7778 = LINE('',#7779,#7780);
#7779 = CARTESIAN_POINT('',(0.593759601423,-0.635,4.5E-02));
#7780 = VECTOR('',#7781,1.);
#7781 = DIRECTION('',(-0.5,-0.866025403784,-8.127396617584E-17));
#7782 = CARTESIAN_POINT('',(0.608940672324,-0.608705613886,4.5E-02));
#7783 = CARTESIAN_POINT('',(0.593759601423,-0.635,4.5E-02));
#7784 = GEOMETRIC_CURVE_SET('',(#7785));
#7785 = TRIMMED_CURVE('',#7786,(#7790,PARAMETER_VALUE(0.474341649025)),(
    #7791,PARAMETER_VALUE(0.554341649025)),.T.,.PARAMETER.);
#7786 = LINE('',#7787,#7788);
#7787 = CARTESIAN_POINT('',(0.593759601423,-0.635,0.519341649025));
#7788 = VECTOR('',#7789,1.);
#7789 = DIRECTION('',(-2.22044604925E-16,2.22044604925E-16,-1.));
#7790 = CARTESIAN_POINT('',(0.593759601423,-0.635,4.5E-02));
#7791 = CARTESIAN_POINT('',(0.593759601423,-0.635,-3.5E-02));
#7792 = GEOMETRIC_CURVE_SET('',(#7793));
#7793 = TRIMMED_CURVE('',#7794,(#7798,PARAMETER_VALUE(
      -3.036214180183E-02)),(#7799,PARAMETER_VALUE(0.)),.T.,
  .PARAMETER.);
#7794 = LINE('',#7795,#7796);
#7795 = CARTESIAN_POINT('',(0.593759601423,-0.635,-3.5E-02));
#7796 = VECTOR('',#7797,1.);
#7797 = DIRECTION('',(-0.5,-0.866025403784,-8.127396617584E-17));
#7798 = CARTESIAN_POINT('',(0.608940672324,-0.608705613886,-3.5E-02));
#7799 = CARTESIAN_POINT('',(0.593759601423,-0.635,-3.5E-02));
#7800 = GEOMETRIC_CURVE_SET('',(#7801));
#7801 = TRIMMED_CURVE('',#7802,(#7806,PARAMETER_VALUE(0.474341649025)),(
    #7807,PARAMETER_VALUE(0.554341649025)),.T.,.PARAMETER.);
#7802 = LINE('',#7803,#7804);
#7803 = CARTESIAN_POINT('',(0.593759601423,-0.635,0.519341649025));
#7804 = VECTOR('',#7805,1.);
#7805 = DIRECTION('',(-2.22044604925E-16,2.22044604925E-16,-1.));
#7806 = CARTESIAN_POINT('',(0.593759601423,-0.635,4.5E-02));
#7807 = CARTESIAN_POINT('',(0.593759601423,-0.635,-3.5E-02));
#7808 = GEOMETRIC_CURVE_SET('',(#7809));
#7809 = TRIMMED_CURVE('',#7810,(#7814,PARAMETER_VALUE(-0.233759601423)),
  (#7815,PARAMETER_VALUE(0.)),.T.,.PARAMETER.);
#7810 = LINE('',#7811,#7812);
#7811 = CARTESIAN_POINT('',(0.36,-0.635,4.5E-02));
#7812 = VECTOR('',#7813,1.);
#7813 = DIRECTION('',(-1.,-9.078999649522E-16,2.22044604925E-16));
#7814 = CARTESIAN_POINT('',(0.593759601423,-0.635,4.5E-02));
#7815 = CARTESIAN_POINT('',(0.36,-0.635,4.5E-02));
#7816 = GEOMETRIC_CURVE_SET('',(#7817));
#7817 = TRIMMED_CURVE('',#7818,(#7822,PARAMETER_VALUE(0.474341649025)),(
    #7823,PARAMETER_VALUE(0.554341649025)),.T.,.PARAMETER.);
#7818 = LINE('',#7819,#7820);
#7819 = CARTESIAN_POINT('',(0.36,-0.635,0.519341649025));
#7820 = VECTOR('',#7821,1.);
#7821 = DIRECTION('',(-2.22044604925E-16,2.22044604925E-16,-1.));
#7822 = CARTESIAN_POINT('',(0.36,-0.635,4.5E-02));
#7823 = CARTESIAN_POINT('',(0.36,-0.635,-3.5E-02));
#7824 = GEOMETRIC_CURVE_SET('',(#7825));
#7825 = TRIMMED_CURVE('',#7826,(#7830,PARAMETER_VALUE(-0.233759601423)),
  (#7831,PARAMETER_VALUE(0.)),.T.,.PARAMETER.);
#7826 = LINE('',#7827,#7828);
#7827 = CARTESIAN_POINT('',(0.36,-0.635,-3.5E-02));
#7828 = VECTOR('',#7829,1.);
#7829 = DIRECTION('',(-1.,-9.078999649522E-16,2.22044604925E-16));
#7830 = CARTESIAN_POINT('',(0.593759601423,-0.635,-3.5E-02));
#7831 = CARTESIAN_POINT('',(0.36,-0.635,-3.5E-02));
#7832 = GEOMETRIC_CURVE_SET('',(#7833));
#7833 = TRIMMED_CURVE('',#7834,(#7838,PARAMETER_VALUE(0.)),(#7839,
    PARAMETER_VALUE(4.741122777263E-02)),.T.,.PARAMETER.);
#7834 = LINE('',#7835,#7836);
#7835 = CARTESIAN_POINT('',(-0.608940672324,-0.108705613886,4.5E-02));
#7836 = VECTOR('',#7837,1.);
#7837 = DIRECTION('',(-0.866025403784,0.5,3.033185711009E-16));
#7838 = CARTESIAN_POINT('',(-0.608940672324,-0.108705613886,4.5E-02));
#7839 = CARTESIAN_POINT('',(-0.65,-8.5E-02,4.5E-02));
#7840 = GEOMETRIC_CURVE_SET('',(#7841));
#7841 = TRIMMED_CURVE('',#7842,(#7846,PARAMETER_VALUE(0.)),(#7847,
    PARAMETER_VALUE(3.036214180183E-02)),.T.,.PARAMETER.);
#7842 = LINE('',#7843,#7844);
#7843 = CARTESIAN_POINT('',(-0.593759601423,-0.135,4.5E-02));
#7844 = VECTOR('',#7845,1.);
#7845 = DIRECTION('',(-0.5,0.866025403784,3.033185711009E-16));
#7846 = CARTESIAN_POINT('',(-0.593759601423,-0.135,4.5E-02));
#7847 = CARTESIAN_POINT('',(-0.608940672324,-0.108705613886,4.5E-02));
#7848 = GEOMETRIC_CURVE_SET('',(#7849));
#7849 = TRIMMED_CURVE('',#7850,(#7854,PARAMETER_VALUE(0.)),(#7855,
    PARAMETER_VALUE(0.233759601423)),.T.,.PARAMETER.);
#7850 = LINE('',#7851,#7852);
#7851 = CARTESIAN_POINT('',(-0.36,-0.135,4.5E-02));
#7852 = VECTOR('',#7853,1.);
#7853 = DIRECTION('',(-1.,-4.440892098501E-16,2.22044604925E-16));
#7854 = CARTESIAN_POINT('',(-0.36,-0.135,4.5E-02));
#7855 = CARTESIAN_POINT('',(-0.593759601423,-0.135,4.5E-02));
#7856 = GEOMETRIC_CURVE_SET('',(#7857));
#7857 = TRIMMED_CURVE('',#7858,(#7862,PARAMETER_VALUE(-0.27)),(#7863,
    PARAMETER_VALUE(0.)),.T.,.PARAMETER.);
#7858 = LINE('',#7859,#7860);
#7859 = CARTESIAN_POINT('',(-0.36,-0.135,4.5E-02));
#7860 = VECTOR('',#7861,1.);
#7861 = DIRECTION('',(4.440892098501E-16,-1.,-2.22044604925E-16));
#7862 = CARTESIAN_POINT('',(-0.36,0.135,4.5E-02));
#7863 = CARTESIAN_POINT('',(-0.36,-0.135,4.5E-02));
#7864 = GEOMETRIC_CURVE_SET('',(#7865));
#7865 = TRIMMED_CURVE('',#7866,(#7870,PARAMETER_VALUE(-0.233759601423)),
  (#7871,PARAMETER_VALUE(0.)),.T.,.PARAMETER.);
#7866 = LINE('',#7867,#7868);
#7867 = CARTESIAN_POINT('',(-0.36,0.135,4.5E-02));
#7868 = VECTOR('',#7869,1.);
#7869 = DIRECTION('',(1.,4.440892098501E-16,-2.22044604925E-16));
#7870 = CARTESIAN_POINT('',(-0.593759601423,0.135,4.5E-02));
#7871 = CARTESIAN_POINT('',(-0.36,0.135,4.5E-02));
#7872 = GEOMETRIC_CURVE_SET('',(#7873));
#7873 = TRIMMED_CURVE('',#7874,(#7878,PARAMETER_VALUE(
      -3.036214180183E-02)),(#7879,PARAMETER_VALUE(0.)),.T.,
  .PARAMETER.);
#7874 = LINE('',#7875,#7876);
#7875 = CARTESIAN_POINT('',(-0.593759601423,0.135,4.5E-02));
#7876 = VECTOR('',#7877,1.);
#7877 = DIRECTION('',(0.5,0.866025403784,8.127396617584E-17));
#7878 = CARTESIAN_POINT('',(-0.608940672324,0.108705613886,4.5E-02));
#7879 = CARTESIAN_POINT('',(-0.593759601423,0.135,4.5E-02));
#7880 = GEOMETRIC_CURVE_SET('',(#7881));
#7881 = TRIMMED_CURVE('',#7882,(#7886,PARAMETER_VALUE(
      -4.741122777263E-02)),(#7887,PARAMETER_VALUE(0.)),.T.,
  .PARAMETER.);
#7882 = LINE('',#7883,#7884);
#7883 = CARTESIAN_POINT('',(-0.608940672324,0.108705613886,4.5E-02));
#7884 = VECTOR('',#7885,1.);
#7885 = DIRECTION('',(0.866025403784,0.5,-8.127396617584E-17));
#7886 = CARTESIAN_POINT('',(-0.65,8.5E-02,4.5E-02));
#7887 = CARTESIAN_POINT('',(-0.608940672324,0.108705613886,4.5E-02));
#7888 = GEOMETRIC_CURVE_SET('',(#7889));
#7889 = TRIMMED_CURVE('',#7890,(#7894,PARAMETER_VALUE(-1.E-01)),(#7895,
    PARAMETER_VALUE(0.)),.T.,.PARAMETER.);
#7890 = LINE('',#7891,#7892);
#7891 = CARTESIAN_POINT('',(-0.65,8.5E-02,4.5E-02));
#7892 = VECTOR('',#7893,1.);
#7893 = DIRECTION('',(1.,-6.401129626354E-16,-2.22044604925E-16));
#7894 = CARTESIAN_POINT('',(-0.75,8.5E-02,4.5E-02));
#7895 = CARTESIAN_POINT('',(-0.65,8.5E-02,4.5E-02));
#7896 = GEOMETRIC_CURVE_SET('',(#7897));
#7897 = TRIMMED_CURVE('',#7898,(#7902,PARAMETER_VALUE(-0.17)),(#7903,
    PARAMETER_VALUE(0.)),.T.,.PARAMETER.);
#7898 = LINE('',#7899,#7900);
#7899 = CARTESIAN_POINT('',(-0.75,8.5E-02,4.5E-02));
#7900 = VECTOR('',#7901,1.);
#7901 = DIRECTION('',(-4.440892098501E-16,1.,2.22044604925E-16));
#7902 = CARTESIAN_POINT('',(-0.75,-8.5E-02,4.5E-02));
#7903 = CARTESIAN_POINT('',(-0.75,8.5E-02,4.5E-02));
#7904 = GEOMETRIC_CURVE_SET('',(#7905));
#7905 = TRIMMED_CURVE('',#7906,(#7910,PARAMETER_VALUE(0.)),(#7911,
    PARAMETER_VALUE(1.E-01)),.T.,.PARAMETER.);
#7906 = LINE('',#7907,#7908);
#7907 = CARTESIAN_POINT('',(-0.65,-8.5E-02,4.5E-02));
#7908 = VECTOR('',#7909,1.);
#7909 = DIRECTION('',(-1.,-1.528291382336E-15,2.22044604925E-16));
#7910 = CARTESIAN_POINT('',(-0.65,-8.5E-02,4.5E-02));
#7911 = CARTESIAN_POINT('',(-0.75,-8.5E-02,4.5E-02));
#7912 = GEOMETRIC_CURVE_SET('',(#7913));
#7913 = TRIMMED_CURVE('',#7914,(#7918,PARAMETER_VALUE(0.)),(#7919,
    PARAMETER_VALUE(4.741122777263E-02)),.T.,.PARAMETER.);
#7914 = LINE('',#7915,#7916);
#7915 = CARTESIAN_POINT('',(-0.608940672324,-0.108705613886,-3.5E-02));
#7916 = VECTOR('',#7917,1.);
#7917 = DIRECTION('',(-0.866025403784,0.5,3.033185711009E-16));
#7918 = CARTESIAN_POINT('',(-0.608940672324,-0.108705613886,-3.5E-02));
#7919 = CARTESIAN_POINT('',(-0.65,-8.5E-02,-3.5E-02));
#7920 = GEOMETRIC_CURVE_SET('',(#7921));
#7921 = TRIMMED_CURVE('',#7922,(#7926,PARAMETER_VALUE(0.)),(#7927,
    PARAMETER_VALUE(1.E-01)),.T.,.PARAMETER.);
#7922 = LINE('',#7923,#7924);
#7923 = CARTESIAN_POINT('',(-0.65,-8.5E-02,-3.5E-02));
#7924 = VECTOR('',#7925,1.);
#7925 = DIRECTION('',(-1.,-1.528291382336E-15,2.22044604925E-16));
#7926 = CARTESIAN_POINT('',(-0.65,-8.5E-02,-3.5E-02));
#7927 = CARTESIAN_POINT('',(-0.75,-8.5E-02,-3.5E-02));
#7928 = GEOMETRIC_CURVE_SET('',(#7929));
#7929 = TRIMMED_CURVE('',#7930,(#7934,PARAMETER_VALUE(-0.17)),(#7935,
    PARAMETER_VALUE(0.)),.T.,.PARAMETER.);
#7930 = LINE('',#7931,#7932);
#7931 = CARTESIAN_POINT('',(-0.75,8.5E-02,-3.5E-02));
#7932 = VECTOR('',#7933,1.);
#7933 = DIRECTION('',(-4.440892098501E-16,1.,2.22044604925E-16));
#7934 = CARTESIAN_POINT('',(-0.75,-8.5E-02,-3.5E-02));
#7935 = CARTESIAN_POINT('',(-0.75,8.5E-02,-3.5E-02));
#7936 = GEOMETRIC_CURVE_SET('',(#7937));
#7937 = TRIMMED_CURVE('',#7938,(#7942,PARAMETER_VALUE(-1.E-01)),(#7943,
    PARAMETER_VALUE(0.)),.T.,.PARAMETER.);
#7938 = LINE('',#7939,#7940);
#7939 = CARTESIAN_POINT('',(-0.65,8.5E-02,-3.5E-02));
#7940 = VECTOR('',#7941,1.);
#7941 = DIRECTION('',(1.,-6.401129626354E-16,-2.22044604925E-16));
#7942 = CARTESIAN_POINT('',(-0.75,8.5E-02,-3.5E-02));
#7943 = CARTESIAN_POINT('',(-0.65,8.5E-02,-3.5E-02));
#7944 = GEOMETRIC_CURVE_SET('',(#7945));
#7945 = TRIMMED_CURVE('',#7946,(#7950,PARAMETER_VALUE(
      -4.741122777263E-02)),(#7951,PARAMETER_VALUE(0.)),.T.,
  .PARAMETER.);
#7946 = LINE('',#7947,#7948);
#7947 = CARTESIAN_POINT('',(-0.608940672324,0.108705613886,-3.5E-02));
#7948 = VECTOR('',#7949,1.);
#7949 = DIRECTION('',(0.866025403784,0.5,-8.127396617584E-17));
#7950 = CARTESIAN_POINT('',(-0.65,8.5E-02,-3.5E-02));
#7951 = CARTESIAN_POINT('',(-0.608940672324,0.108705613886,-3.5E-02));
#7952 = GEOMETRIC_CURVE_SET('',(#7953));
#7953 = TRIMMED_CURVE('',#7954,(#7958,PARAMETER_VALUE(
      -3.036214180183E-02)),(#7959,PARAMETER_VALUE(0.)),.T.,
  .PARAMETER.);
#7954 = LINE('',#7955,#7956);
#7955 = CARTESIAN_POINT('',(-0.593759601423,0.135,-3.5E-02));
#7956 = VECTOR('',#7957,1.);
#7957 = DIRECTION('',(0.5,0.866025403784,8.127396617584E-17));
#7958 = CARTESIAN_POINT('',(-0.608940672324,0.108705613886,-3.5E-02));
#7959 = CARTESIAN_POINT('',(-0.593759601423,0.135,-3.5E-02));
#7960 = GEOMETRIC_CURVE_SET('',(#7961));
#7961 = TRIMMED_CURVE('',#7962,(#7966,PARAMETER_VALUE(-0.233759601423)),
  (#7967,PARAMETER_VALUE(0.)),.T.,.PARAMETER.);
#7962 = LINE('',#7963,#7964);
#7963 = CARTESIAN_POINT('',(-0.36,0.135,-3.5E-02));
#7964 = VECTOR('',#7965,1.);
#7965 = DIRECTION('',(1.,4.440892098501E-16,-2.22044604925E-16));
#7966 = CARTESIAN_POINT('',(-0.593759601423,0.135,-3.5E-02));
#7967 = CARTESIAN_POINT('',(-0.36,0.135,-3.5E-02));
#7968 = GEOMETRIC_CURVE_SET('',(#7969));
#7969 = TRIMMED_CURVE('',#7970,(#7974,PARAMETER_VALUE(-0.27)),(#7975,
    PARAMETER_VALUE(0.)),.T.,.PARAMETER.);
#7970 = LINE('',#7971,#7972);
#7971 = CARTESIAN_POINT('',(-0.36,-0.135,-3.5E-02));
#7972 = VECTOR('',#7973,1.);
#7973 = DIRECTION('',(4.440892098501E-16,-1.,-2.22044604925E-16));
#7974 = CARTESIAN_POINT('',(-0.36,0.135,-3.5E-02));
#7975 = CARTESIAN_POINT('',(-0.36,-0.135,-3.5E-02));
#7976 = GEOMETRIC_CURVE_SET('',(#7977));
#7977 = TRIMMED_CURVE('',#7978,(#7982,PARAMETER_VALUE(0.)),(#7983,
    PARAMETER_VALUE(0.233759601423)),.T.,.PARAMETER.);
#7978 = LINE('',#7979,#7980);
#7979 = CARTESIAN_POINT('',(-0.36,-0.135,-3.5E-02));
#7980 = VECTOR('',#7981,1.);
#7981 = DIRECTION('',(-1.,-4.440892098501E-16,2.22044604925E-16));
#7982 = CARTESIAN_POINT('',(-0.36,-0.135,-3.5E-02));
#7983 = CARTESIAN_POINT('',(-0.593759601423,-0.135,-3.5E-02));
#7984 = GEOMETRIC_CURVE_SET('',(#7985));
#7985 = TRIMMED_CURVE('',#7986,(#7990,PARAMETER_VALUE(0.)),(#7991,
    PARAMETER_VALUE(3.036214180183E-02)),.T.,.PARAMETER.);
#7986 = LINE('',#7987,#7988);
#7987 = CARTESIAN_POINT('',(-0.593759601423,-0.135,-3.5E-02));
#7988 = VECTOR('',#7989,1.);
#7989 = DIRECTION('',(-0.5,0.866025403784,3.033185711009E-16));
#7990 = CARTESIAN_POINT('',(-0.593759601423,-0.135,-3.5E-02));
#7991 = CARTESIAN_POINT('',(-0.608940672324,-0.108705613886,-3.5E-02));
#7992 = GEOMETRIC_CURVE_SET('',(#7993));
#7993 = TRIMMED_CURVE('',#7994,(#7998,PARAMETER_VALUE(0.474341649025)),(
    #7999,PARAMETER_VALUE(0.554341649025)),.T.,.PARAMETER.);
#7994 = LINE('',#7995,#7996);
#7995 = CARTESIAN_POINT('',(-0.65,-8.5E-02,0.519341649025));
#7996 = VECTOR('',#7997,1.);
#7997 = DIRECTION('',(-2.22044604925E-16,2.22044604925E-16,-1.));
#7998 = CARTESIAN_POINT('',(-0.65,-8.5E-02,4.5E-02));
#7999 = CARTESIAN_POINT('',(-0.65,-8.5E-02,-3.5E-02));
#8000 = GEOMETRIC_CURVE_SET('',(#8001));
#8001 = TRIMMED_CURVE('',#8002,(#8006,PARAMETER_VALUE(0.)),(#8007,
    PARAMETER_VALUE(1.E-01)),.T.,.PARAMETER.);
#8002 = LINE('',#8003,#8004);
#8003 = CARTESIAN_POINT('',(-0.65,-8.5E-02,4.5E-02));
#8004 = VECTOR('',#8005,1.);
#8005 = DIRECTION('',(-1.,-1.528291382336E-15,2.22044604925E-16));
#8006 = CARTESIAN_POINT('',(-0.65,-8.5E-02,4.5E-02));
#8007 = CARTESIAN_POINT('',(-0.75,-8.5E-02,4.5E-02));
#8008 = GEOMETRIC_CURVE_SET('',(#8009));
#8009 = TRIMMED_CURVE('',#8010,(#8014,PARAMETER_VALUE(0.474341649025)),(
    #8015,PARAMETER_VALUE(0.554341649025)),.T.,.PARAMETER.);
#8010 = LINE('',#8011,#8012);
#8011 = CARTESIAN_POINT('',(-0.75,-8.5E-02,0.519341649025));
#8012 = VECTOR('',#8013,1.);
#8013 = DIRECTION('',(-2.22044604925E-16,2.22044604925E-16,-1.));
#8014 = CARTESIAN_POINT('',(-0.75,-8.5E-02,4.5E-02));
#8015 = CARTESIAN_POINT('',(-0.75,-8.5E-02,-3.5E-02));
#8016 = GEOMETRIC_CURVE_SET('',(#8017));
#8017 = TRIMMED_CURVE('',#8018,(#8022,PARAMETER_VALUE(0.)),(#8023,
    PARAMETER_VALUE(1.E-01)),.T.,.PARAMETER.);
#8018 = LINE('',#8019,#8020);
#8019 = CARTESIAN_POINT('',(-0.65,-8.5E-02,-3.5E-02));
#8020 = VECTOR('',#8021,1.);
#8021 = DIRECTION('',(-1.,-1.528291382336E-15,2.22044604925E-16));
#8022 = CARTESIAN_POINT('',(-0.65,-8.5E-02,-3.5E-02));
#8023 = CARTESIAN_POINT('',(-0.75,-8.5E-02,-3.5E-02));
#8024 = GEOMETRIC_CURVE_SET('',(#8025));
#8025 = TRIMMED_CURVE('',#8026,(#8030,PARAMETER_VALUE(0.474341649025)),(
    #8031,PARAMETER_VALUE(0.554341649025)),.T.,.PARAMETER.);
#8026 = LINE('',#8027,#8028);
#8027 = CARTESIAN_POINT('',(-0.75,-8.5E-02,0.519341649025));
#8028 = VECTOR('',#8029,1.);
#8029 = DIRECTION('',(-2.22044604925E-16,2.22044604925E-16,-1.));
#8030 = CARTESIAN_POINT('',(-0.75,-8.5E-02,4.5E-02));
#8031 = CARTESIAN_POINT('',(-0.75,-8.5E-02,-3.5E-02));
#8032 = GEOMETRIC_CURVE_SET('',(#8033));
#8033 = TRIMMED_CURVE('',#8034,(#8038,PARAMETER_VALUE(-0.17)),(#8039,
    PARAMETER_VALUE(0.)),.T.,.PARAMETER.);
#8034 = LINE('',#8035,#8036);
#8035 = CARTESIAN_POINT('',(-0.75,8.5E-02,4.5E-02));
#8036 = VECTOR('',#8037,1.);
#8037 = DIRECTION('',(-4.440892098501E-16,1.,2.22044604925E-16));
#8038 = CARTESIAN_POINT('',(-0.75,-8.5E-02,4.5E-02));
#8039 = CARTESIAN_POINT('',(-0.75,8.5E-02,4.5E-02));
#8040 = GEOMETRIC_CURVE_SET('',(#8041));
#8041 = TRIMMED_CURVE('',#8042,(#8046,PARAMETER_VALUE(0.474341649025)),(
    #8047,PARAMETER_VALUE(0.554341649025)),.T.,.PARAMETER.);
#8042 = LINE('',#8043,#8044);
#8043 = CARTESIAN_POINT('',(-0.75,8.5E-02,0.519341649025));
#8044 = VECTOR('',#8045,1.);
#8045 = DIRECTION('',(-2.22044604925E-16,2.22044604925E-16,-1.));
#8046 = CARTESIAN_POINT('',(-0.75,8.5E-02,4.5E-02));
#8047 = CARTESIAN_POINT('',(-0.75,8.5E-02,-3.5E-02));
#8048 = GEOMETRIC_CURVE_SET('',(#8049));
#8049 = TRIMMED_CURVE('',#8050,(#8054,PARAMETER_VALUE(-0.17)),(#8055,
    PARAMETER_VALUE(0.)),.T.,.PARAMETER.);
#8050 = LINE('',#8051,#8052);
#8051 = CARTESIAN_POINT('',(-0.75,8.5E-02,-3.5E-02));
#8052 = VECTOR('',#8053,1.);
#8053 = DIRECTION('',(-4.440892098501E-16,1.,2.22044604925E-16));
#8054 = CARTESIAN_POINT('',(-0.75,-8.5E-02,-3.5E-02));
#8055 = CARTESIAN_POINT('',(-0.75,8.5E-02,-3.5E-02));
#8056 = GEOMETRIC_CURVE_SET('',(#8057));
#8057 = TRIMMED_CURVE('',#8058,(#8062,PARAMETER_VALUE(0.474341649025)),(
    #8063,PARAMETER_VALUE(0.554341649025)),.T.,.PARAMETER.);
#8058 = LINE('',#8059,#8060);
#8059 = CARTESIAN_POINT('',(-0.75,8.5E-02,0.519341649025));
#8060 = VECTOR('',#8061,1.);
#8061 = DIRECTION('',(-2.22044604925E-16,2.22044604925E-16,-1.));
#8062 = CARTESIAN_POINT('',(-0.75,8.5E-02,4.5E-02));
#8063 = CARTESIAN_POINT('',(-0.75,8.5E-02,-3.5E-02));
#8064 = GEOMETRIC_CURVE_SET('',(#8065));
#8065 = TRIMMED_CURVE('',#8066,(#8070,PARAMETER_VALUE(-1.E-01)),(#8071,
    PARAMETER_VALUE(0.)),.T.,.PARAMETER.);
#8066 = LINE('',#8067,#8068);
#8067 = CARTESIAN_POINT('',(-0.65,8.5E-02,4.5E-02));
#8068 = VECTOR('',#8069,1.);
#8069 = DIRECTION('',(1.,-6.401129626354E-16,-2.22044604925E-16));
#8070 = CARTESIAN_POINT('',(-0.75,8.5E-02,4.5E-02));
#8071 = CARTESIAN_POINT('',(-0.65,8.5E-02,4.5E-02));
#8072 = GEOMETRIC_CURVE_SET('',(#8073));
#8073 = TRIMMED_CURVE('',#8074,(#8078,PARAMETER_VALUE(0.474341649025)),(
    #8079,PARAMETER_VALUE(0.554341649025)),.T.,.PARAMETER.);
#8074 = LINE('',#8075,#8076);
#8075 = CARTESIAN_POINT('',(-0.65,8.5E-02,0.519341649025));
#8076 = VECTOR('',#8077,1.);
#8077 = DIRECTION('',(-2.22044604925E-16,2.22044604925E-16,-1.));
#8078 = CARTESIAN_POINT('',(-0.65,8.5E-02,4.5E-02));
#8079 = CARTESIAN_POINT('',(-0.65,8.5E-02,-3.5E-02));
#8080 = GEOMETRIC_CURVE_SET('',(#8081));
#8081 = TRIMMED_CURVE('',#8082,(#8086,PARAMETER_VALUE(-1.E-01)),(#8087,
    PARAMETER_VALUE(0.)),.T.,.PARAMETER.);
#8082 = LINE('',#8083,#8084);
#8083 = CARTESIAN_POINT('',(-0.65,8.5E-02,-3.5E-02));
#8084 = VECTOR('',#8085,1.);
#8085 = DIRECTION('',(1.,-6.401129626354E-16,-2.22044604925E-16));
#8086 = CARTESIAN_POINT('',(-0.75,8.5E-02,-3.5E-02));
#8087 = CARTESIAN_POINT('',(-0.65,8.5E-02,-3.5E-02));
#8088 = GEOMETRIC_CURVE_SET('',(#8089));
#8089 = TRIMMED_CURVE('',#8090,(#8094,PARAMETER_VALUE(0.474341649025)),(
    #8095,PARAMETER_VALUE(0.554341649025)),.T.,.PARAMETER.);
#8090 = LINE('',#8091,#8092);
#8091 = CARTESIAN_POINT('',(-0.65,8.5E-02,0.519341649025));
#8092 = VECTOR('',#8093,1.);
#8093 = DIRECTION('',(-2.22044604925E-16,2.22044604925E-16,-1.));
#8094 = CARTESIAN_POINT('',(-0.65,8.5E-02,4.5E-02));
#8095 = CARTESIAN_POINT('',(-0.65,8.5E-02,-3.5E-02));
#8096 = GEOMETRIC_CURVE_SET('',(#8097));
#8097 = TRIMMED_CURVE('',#8098,(#8102,PARAMETER_VALUE(
      -4.741122777263E-02)),(#8103,PARAMETER_VALUE(0.)),.T.,
  .PARAMETER.);
#8098 = LINE('',#8099,#8100);
#8099 = CARTESIAN_POINT('',(-0.608940672324,0.108705613886,4.5E-02));
#8100 = VECTOR('',#8101,1.);
#8101 = DIRECTION('',(0.866025403784,0.5,-8.127396617584E-17));
#8102 = CARTESIAN_POINT('',(-0.65,8.5E-02,4.5E-02));
#8103 = CARTESIAN_POINT('',(-0.608940672324,0.108705613886,4.5E-02));
#8104 = GEOMETRIC_CURVE_SET('',(#8105));
#8105 = TRIMMED_CURVE('',#8106,(#8110,PARAMETER_VALUE(0.474341649025)),(
    #8111,PARAMETER_VALUE(0.554341649025)),.T.,.PARAMETER.);
#8106 = LINE('',#8107,#8108);
#8107 = CARTESIAN_POINT('',(-0.608940672324,0.108705613886,
    0.519341649025));
#8108 = VECTOR('',#8109,1.);
#8109 = DIRECTION('',(-2.22044604925E-16,2.22044604925E-16,-1.));
#8110 = CARTESIAN_POINT('',(-0.608940672324,0.108705613886,4.5E-02));
#8111 = CARTESIAN_POINT('',(-0.608940672324,0.108705613886,-3.5E-02));
#8112 = GEOMETRIC_CURVE_SET('',(#8113));
#8113 = TRIMMED_CURVE('',#8114,(#8118,PARAMETER_VALUE(
      -4.741122777263E-02)),(#8119,PARAMETER_VALUE(0.)),.T.,
  .PARAMETER.);
#8114 = LINE('',#8115,#8116);
#8115 = CARTESIAN_POINT('',(-0.608940672324,0.108705613886,-3.5E-02));
#8116 = VECTOR('',#8117,1.);
#8117 = DIRECTION('',(0.866025403784,0.5,-8.127396617584E-17));
#8118 = CARTESIAN_POINT('',(-0.65,8.5E-02,-3.5E-02));
#8119 = CARTESIAN_POINT('',(-0.608940672324,0.108705613886,-3.5E-02));
#8120 = GEOMETRIC_CURVE_SET('',(#8121));
#8121 = TRIMMED_CURVE('',#8122,(#8126,PARAMETER_VALUE(0.474341649025)),(
    #8127,PARAMETER_VALUE(0.554341649025)),.T.,.PARAMETER.);
#8122 = LINE('',#8123,#8124);
#8123 = CARTESIAN_POINT('',(-0.608940672324,0.108705613886,
    0.519341649025));
#8124 = VECTOR('',#8125,1.);
#8125 = DIRECTION('',(-2.22044604925E-16,2.22044604925E-16,-1.));
#8126 = CARTESIAN_POINT('',(-0.608940672324,0.108705613886,4.5E-02));
#8127 = CARTESIAN_POINT('',(-0.608940672324,0.108705613886,-3.5E-02));
#8128 = GEOMETRIC_CURVE_SET('',(#8129));
#8129 = TRIMMED_CURVE('',#8130,(#8134,PARAMETER_VALUE(
      -3.036214180183E-02)),(#8135,PARAMETER_VALUE(0.)),.T.,
  .PARAMETER.);
#8130 = LINE('',#8131,#8132);
#8131 = CARTESIAN_POINT('',(-0.593759601423,0.135,4.5E-02));
#8132 = VECTOR('',#8133,1.);
#8133 = DIRECTION('',(0.5,0.866025403784,8.127396617584E-17));
#8134 = CARTESIAN_POINT('',(-0.608940672324,0.108705613886,4.5E-02));
#8135 = CARTESIAN_POINT('',(-0.593759601423,0.135,4.5E-02));
#8136 = GEOMETRIC_CURVE_SET('',(#8137));
#8137 = TRIMMED_CURVE('',#8138,(#8142,PARAMETER_VALUE(0.474341649025)),(
    #8143,PARAMETER_VALUE(0.554341649025)),.T.,.PARAMETER.);
#8138 = LINE('',#8139,#8140);
#8139 = CARTESIAN_POINT('',(-0.593759601423,0.135,0.519341649025));
#8140 = VECTOR('',#8141,1.);
#8141 = DIRECTION('',(-2.22044604925E-16,2.22044604925E-16,-1.));
#8142 = CARTESIAN_POINT('',(-0.593759601423,0.135,4.5E-02));
#8143 = CARTESIAN_POINT('',(-0.593759601423,0.135,-3.5E-02));
#8144 = GEOMETRIC_CURVE_SET('',(#8145));
#8145 = TRIMMED_CURVE('',#8146,(#8150,PARAMETER_VALUE(
      -3.036214180183E-02)),(#8151,PARAMETER_VALUE(0.)),.T.,
  .PARAMETER.);
#8146 = LINE('',#8147,#8148);
#8147 = CARTESIAN_POINT('',(-0.593759601423,0.135,-3.5E-02));
#8148 = VECTOR('',#8149,1.);
#8149 = DIRECTION('',(0.5,0.866025403784,8.127396617584E-17));
#8150 = CARTESIAN_POINT('',(-0.608940672324,0.108705613886,-3.5E-02));
#8151 = CARTESIAN_POINT('',(-0.593759601423,0.135,-3.5E-02));
#8152 = GEOMETRIC_CURVE_SET('',(#8153));
#8153 = TRIMMED_CURVE('',#8154,(#8158,PARAMETER_VALUE(0.474341649025)),(
    #8159,PARAMETER_VALUE(0.554341649025)),.T.,.PARAMETER.);
#8154 = LINE('',#8155,#8156);
#8155 = CARTESIAN_POINT('',(-0.593759601423,0.135,0.519341649025));
#8156 = VECTOR('',#8157,1.);
#8157 = DIRECTION('',(-2.22044604925E-16,2.22044604925E-16,-1.));
#8158 = CARTESIAN_POINT('',(-0.593759601423,0.135,4.5E-02));
#8159 = CARTESIAN_POINT('',(-0.593759601423,0.135,-3.5E-02));
#8160 = GEOMETRIC_CURVE_SET('',(#8161));
#8161 = TRIMMED_CURVE('',#8162,(#8166,PARAMETER_VALUE(-0.233759601423)),
  (#8167,PARAMETER_VALUE(0.)),.T.,.PARAMETER.);
#8162 = LINE('',#8163,#8164);
#8163 = CARTESIAN_POINT('',(-0.36,0.135,4.5E-02));
#8164 = VECTOR('',#8165,1.);
#8165 = DIRECTION('',(1.,4.440892098501E-16,-2.22044604925E-16));
#8166 = CARTESIAN_POINT('',(-0.593759601423,0.135,4.5E-02));
#8167 = CARTESIAN_POINT('',(-0.36,0.135,4.5E-02));
#8168 = GEOMETRIC_CURVE_SET('',(#8169));
#8169 = TRIMMED_CURVE('',#8170,(#8174,PARAMETER_VALUE(0.474341649025)),(
    #8175,PARAMETER_VALUE(0.554341649025)),.T.,.PARAMETER.);
#8170 = LINE('',#8171,#8172);
#8171 = CARTESIAN_POINT('',(-0.36,0.135,0.519341649025));
#8172 = VECTOR('',#8173,1.);
#8173 = DIRECTION('',(-2.22044604925E-16,2.22044604925E-16,-1.));
#8174 = CARTESIAN_POINT('',(-0.36,0.135,4.5E-02));
#8175 = CARTESIAN_POINT('',(-0.36,0.135,-3.5E-02));
#8176 = GEOMETRIC_CURVE_SET('',(#8177));
#8177 = TRIMMED_CURVE('',#8178,(#8182,PARAMETER_VALUE(-0.233759601423)),
  (#8183,PARAMETER_VALUE(0.)),.T.,.PARAMETER.);
#8178 = LINE('',#8179,#8180);
#8179 = CARTESIAN_POINT('',(-0.36,0.135,-3.5E-02));
#8180 = VECTOR('',#8181,1.);
#8181 = DIRECTION('',(1.,4.440892098501E-16,-2.22044604925E-16));
#8182 = CARTESIAN_POINT('',(-0.593759601423,0.135,-3.5E-02));
#8183 = CARTESIAN_POINT('',(-0.36,0.135,-3.5E-02));
#8184 = GEOMETRIC_CURVE_SET('',(#8185));
#8185 = TRIMMED_CURVE('',#8186,(#8190,PARAMETER_VALUE(0.474341649025)),(
    #8191,PARAMETER_VALUE(0.554341649025)),.T.,.PARAMETER.);
#8186 = LINE('',#8187,#8188);
#8187 = CARTESIAN_POINT('',(-0.36,0.135,0.519341649025));
#8188 = VECTOR('',#8189,1.);
#8189 = DIRECTION('',(-2.22044604925E-16,2.22044604925E-16,-1.));
#8190 = CARTESIAN_POINT('',(-0.36,0.135,4.5E-02));
#8191 = CARTESIAN_POINT('',(-0.36,0.135,-3.5E-02));
#8192 = GEOMETRIC_CURVE_SET('',(#8193));
#8193 = TRIMMED_CURVE('',#8194,(#8198,PARAMETER_VALUE(-0.27)),(#8199,
    PARAMETER_VALUE(0.)),.T.,.PARAMETER.);
#8194 = LINE('',#8195,#8196);
#8195 = CARTESIAN_POINT('',(-0.36,-0.135,4.5E-02));
#8196 = VECTOR('',#8197,1.);
#8197 = DIRECTION('',(4.440892098501E-16,-1.,-2.22044604925E-16));
#8198 = CARTESIAN_POINT('',(-0.36,0.135,4.5E-02));
#8199 = CARTESIAN_POINT('',(-0.36,-0.135,4.5E-02));
#8200 = GEOMETRIC_CURVE_SET('',(#8201));
#8201 = TRIMMED_CURVE('',#8202,(#8206,PARAMETER_VALUE(0.474341649025)),(
    #8207,PARAMETER_VALUE(0.554341649025)),.T.,.PARAMETER.);
#8202 = LINE('',#8203,#8204);
#8203 = CARTESIAN_POINT('',(-0.36,-0.135,0.519341649025));
#8204 = VECTOR('',#8205,1.);
#8205 = DIRECTION('',(-2.22044604925E-16,2.22044604925E-16,-1.));
#8206 = CARTESIAN_POINT('',(-0.36,-0.135,4.5E-02));
#8207 = CARTESIAN_POINT('',(-0.36,-0.135,-3.5E-02));
#8208 = GEOMETRIC_CURVE_SET('',(#8209));
#8209 = TRIMMED_CURVE('',#8210,(#8214,PARAMETER_VALUE(-0.27)),(#8215,
    PARAMETER_VALUE(0.)),.T.,.PARAMETER.);
#8210 = LINE('',#8211,#8212);
#8211 = CARTESIAN_POINT('',(-0.36,-0.135,-3.5E-02));
#8212 = VECTOR('',#8213,1.);
#8213 = DIRECTION('',(4.440892098501E-16,-1.,-2.22044604925E-16));
#8214 = CARTESIAN_POINT('',(-0.36,0.135,-3.5E-02));
#8215 = CARTESIAN_POINT('',(-0.36,-0.135,-3.5E-02));
#8216 = GEOMETRIC_CURVE_SET('',(#8217));
#8217 = TRIMMED_CURVE('',#8218,(#8222,PARAMETER_VALUE(0.474341649025)),(
    #8223,PARAMETER_VALUE(0.554341649025)),.T.,.PARAMETER.);
#8218 = LINE('',#8219,#8220);
#8219 = CARTESIAN_POINT('',(-0.36,-0.135,0.519341649025));
#8220 = VECTOR('',#8221,1.);
#8221 = DIRECTION('',(-2.22044604925E-16,2.22044604925E-16,-1.));
#8222 = CARTESIAN_POINT('',(-0.36,-0.135,4.5E-02));
#8223 = CARTESIAN_POINT('',(-0.36,-0.135,-3.5E-02));
#8224 = GEOMETRIC_CURVE_SET('',(#8225));
#8225 = TRIMMED_CURVE('',#8226,(#8230,PARAMETER_VALUE(0.)),(#8231,
    PARAMETER_VALUE(0.233759601423)),.T.,.PARAMETER.);
#8226 = LINE('',#8227,#8228);
#8227 = CARTESIAN_POINT('',(-0.36,-0.135,4.5E-02));
#8228 = VECTOR('',#8229,1.);
#8229 = DIRECTION('',(-1.,-4.440892098501E-16,2.22044604925E-16));
#8230 = CARTESIAN_POINT('',(-0.36,-0.135,4.5E-02));
#8231 = CARTESIAN_POINT('',(-0.593759601423,-0.135,4.5E-02));
#8232 = GEOMETRIC_CURVE_SET('',(#8233));
#8233 = TRIMMED_CURVE('',#8234,(#8238,PARAMETER_VALUE(0.474341649025)),(
    #8239,PARAMETER_VALUE(0.554341649025)),.T.,.PARAMETER.);
#8234 = LINE('',#8235,#8236);
#8235 = CARTESIAN_POINT('',(-0.593759601423,-0.135,0.519341649025));
#8236 = VECTOR('',#8237,1.);
#8237 = DIRECTION('',(-2.22044604925E-16,2.22044604925E-16,-1.));
#8238 = CARTESIAN_POINT('',(-0.593759601423,-0.135,4.5E-02));
#8239 = CARTESIAN_POINT('',(-0.593759601423,-0.135,-3.5E-02));
#8240 = GEOMETRIC_CURVE_SET('',(#8241));
#8241 = TRIMMED_CURVE('',#8242,(#8246,PARAMETER_VALUE(0.)),(#8247,
    PARAMETER_VALUE(0.233759601423)),.T.,.PARAMETER.);
#8242 = LINE('',#8243,#8244);
#8243 = CARTESIAN_POINT('',(-0.36,-0.135,-3.5E-02));
#8244 = VECTOR('',#8245,1.);
#8245 = DIRECTION('',(-1.,-4.440892098501E-16,2.22044604925E-16));
#8246 = CARTESIAN_POINT('',(-0.36,-0.135,-3.5E-02));
#8247 = CARTESIAN_POINT('',(-0.593759601423,-0.135,-3.5E-02));
#8248 = GEOMETRIC_CURVE_SET('',(#8249));
#8249 = TRIMMED_CURVE('',#8250,(#8254,PARAMETER_VALUE(0.474341649025)),(
    #8255,PARAMETER_VALUE(0.554341649025)),.T.,.PARAMETER.);
#8250 = LINE('',#8251,#8252);
#8251 = CARTESIAN_POINT('',(-0.593759601423,-0.135,0.519341649025));
#8252 = VECTOR('',#8253,1.);
#8253 = DIRECTION('',(-2.22044604925E-16,2.22044604925E-16,-1.));
#8254 = CARTESIAN_POINT('',(-0.593759601423,-0.135,4.5E-02));
#8255 = CARTESIAN_POINT('',(-0.593759601423,-0.135,-3.5E-02));
#8256 = GEOMETRIC_CURVE_SET('',(#8257));
#8257 = TRIMMED_CURVE('',#8258,(#8262,PARAMETER_VALUE(0.)),(#8263,
    PARAMETER_VALUE(3.036214180183E-02)),.T.,.PARAMETER.);
#8258 = LINE('',#8259,#8260);
#8259 = CARTESIAN_POINT('',(-0.593759601423,-0.135,4.5E-02));
#8260 = VECTOR('',#8261,1.);
#8261 = DIRECTION('',(-0.5,0.866025403784,3.033185711009E-16));
#8262 = CARTESIAN_POINT('',(-0.593759601423,-0.135,4.5E-02));
#8263 = CARTESIAN_POINT('',(-0.608940672324,-0.108705613886,4.5E-02));
#8264 = GEOMETRIC_CURVE_SET('',(#8265));
#8265 = TRIMMED_CURVE('',#8266,(#8270,PARAMETER_VALUE(0.474341649025)),(
    #8271,PARAMETER_VALUE(0.554341649025)),.T.,.PARAMETER.);
#8266 = LINE('',#8267,#8268);
#8267 = CARTESIAN_POINT('',(-0.608940672324,-0.108705613886,
    0.519341649025));
#8268 = VECTOR('',#8269,1.);
#8269 = DIRECTION('',(-2.22044604925E-16,2.22044604925E-16,-1.));
#8270 = CARTESIAN_POINT('',(-0.608940672324,-0.108705613886,4.5E-02));
#8271 = CARTESIAN_POINT('',(-0.608940672324,-0.108705613886,-3.5E-02));
#8272 = GEOMETRIC_CURVE_SET('',(#8273));
#8273 = TRIMMED_CURVE('',#8274,(#8278,PARAMETER_VALUE(0.)),(#8279,
    PARAMETER_VALUE(3.036214180183E-02)),.T.,.PARAMETER.);
#8274 = LINE('',#8275,#8276);
#8275 = CARTESIAN_POINT('',(-0.593759601423,-0.135,-3.5E-02));
#8276 = VECTOR('',#8277,1.);
#8277 = DIRECTION('',(-0.5,0.866025403784,3.033185711009E-16));
#8278 = CARTESIAN_POINT('',(-0.593759601423,-0.135,-3.5E-02));
#8279 = CARTESIAN_POINT('',(-0.608940672324,-0.108705613886,-3.5E-02));
#8280 = GEOMETRIC_CURVE_SET('',(#8281));
#8281 = TRIMMED_CURVE('',#8282,(#8286,PARAMETER_VALUE(0.474341649025)),(
    #8287,PARAMETER_VALUE(0.554341649025)),.T.,.PARAMETER.);
#8282 = LINE('',#8283,#8284);
#8283 = CARTESIAN_POINT('',(-0.608940672324,-0.108705613886,
    0.519341649025));
#8284 = VECTOR('',#8285,1.);
#8285 = DIRECTION('',(-2.22044604925E-16,2.22044604925E-16,-1.));
#8286 = CARTESIAN_POINT('',(-0.608940672324,-0.108705613886,4.5E-02));
#8287 = CARTESIAN_POINT('',(-0.608940672324,-0.108705613886,-3.5E-02));
#8288 = GEOMETRIC_CURVE_SET('',(#8289));
#8289 = TRIMMED_CURVE('',#8290,(#8294,PARAMETER_VALUE(0.)),(#8295,
    PARAMETER_VALUE(4.741122777263E-02)),.T.,.PARAMETER.);
#8290 = LINE('',#8291,#8292);
#8291 = CARTESIAN_POINT('',(-0.608940672324,-0.108705613886,4.5E-02));
#8292 = VECTOR('',#8293,1.);
#8293 = DIRECTION('',(-0.866025403784,0.5,3.033185711009E-16));
#8294 = CARTESIAN_POINT('',(-0.608940672324,-0.108705613886,4.5E-02));
#8295 = CARTESIAN_POINT('',(-0.65,-8.5E-02,4.5E-02));
#8296 = GEOMETRIC_CURVE_SET('',(#8297));
#8297 = TRIMMED_CURVE('',#8298,(#8302,PARAMETER_VALUE(0.474341649025)),(
    #8303,PARAMETER_VALUE(0.554341649025)),.T.,.PARAMETER.);
#8298 = LINE('',#8299,#8300);
#8299 = CARTESIAN_POINT('',(-0.65,-8.5E-02,0.519341649025));
#8300 = VECTOR('',#8301,1.);
#8301 = DIRECTION('',(-2.22044604925E-16,2.22044604925E-16,-1.));
#8302 = CARTESIAN_POINT('',(-0.65,-8.5E-02,4.5E-02));
#8303 = CARTESIAN_POINT('',(-0.65,-8.5E-02,-3.5E-02));
#8304 = GEOMETRIC_CURVE_SET('',(#8305));
#8305 = TRIMMED_CURVE('',#8306,(#8310,PARAMETER_VALUE(0.)),(#8311,
    PARAMETER_VALUE(4.741122777263E-02)),.T.,.PARAMETER.);
#8306 = LINE('',#8307,#8308);
#8307 = CARTESIAN_POINT('',(-0.608940672324,-0.108705613886,-3.5E-02));
#8308 = VECTOR('',#8309,1.);
#8309 = DIRECTION('',(-0.866025403784,0.5,3.033185711009E-16));
#8310 = CARTESIAN_POINT('',(-0.608940672324,-0.108705613886,-3.5E-02));
#8311 = CARTESIAN_POINT('',(-0.65,-8.5E-02,-3.5E-02));
#8312 = GEOMETRIC_CURVE_SET('',(#8313));
#8313 = TRIMMED_CURVE('',#8314,(#8318,PARAMETER_VALUE(0.)),(#8319,
    PARAMETER_VALUE(4.741122777263E-02)),.T.,.PARAMETER.);
#8314 = LINE('',#8315,#8316);
#8315 = CARTESIAN_POINT('',(-0.608940672324,-0.608705613886,4.5E-02));
#8316 = VECTOR('',#8317,1.);
#8317 = DIRECTION('',(-0.866025403784,0.5,3.033185711009E-16));
#8318 = CARTESIAN_POINT('',(-0.608940672324,-0.608705613886,4.5E-02));
#8319 = CARTESIAN_POINT('',(-0.65,-0.585,4.5E-02));
#8320 = GEOMETRIC_CURVE_SET('',(#8321));
#8321 = TRIMMED_CURVE('',#8322,(#8326,PARAMETER_VALUE(0.)),(#8327,
    PARAMETER_VALUE(3.036214180183E-02)),.T.,.PARAMETER.);
#8322 = LINE('',#8323,#8324);
#8323 = CARTESIAN_POINT('',(-0.593759601423,-0.635,4.5E-02));
#8324 = VECTOR('',#8325,1.);
#8325 = DIRECTION('',(-0.5,0.866025403784,3.033185711009E-16));
#8326 = CARTESIAN_POINT('',(-0.593759601423,-0.635,4.5E-02));
#8327 = CARTESIAN_POINT('',(-0.608940672324,-0.608705613886,4.5E-02));
#8328 = GEOMETRIC_CURVE_SET('',(#8329));
#8329 = TRIMMED_CURVE('',#8330,(#8334,PARAMETER_VALUE(0.)),(#8335,
    PARAMETER_VALUE(0.233759601423)),.T.,.PARAMETER.);
#8330 = LINE('',#8331,#8332);
#8331 = CARTESIAN_POINT('',(-0.36,-0.635,4.5E-02));
#8332 = VECTOR('',#8333,1.);
#8333 = DIRECTION('',(-1.,-4.440892098501E-16,2.22044604925E-16));
#8334 = CARTESIAN_POINT('',(-0.36,-0.635,4.5E-02));
#8335 = CARTESIAN_POINT('',(-0.593759601423,-0.635,4.5E-02));
#8336 = GEOMETRIC_CURVE_SET('',(#8337));
#8337 = TRIMMED_CURVE('',#8338,(#8342,PARAMETER_VALUE(-0.27)),(#8343,
    PARAMETER_VALUE(0.)),.T.,.PARAMETER.);
#8338 = LINE('',#8339,#8340);
#8339 = CARTESIAN_POINT('',(-0.36,-0.635,4.5E-02));
#8340 = VECTOR('',#8341,1.);
#8341 = DIRECTION('',(4.440892098501E-16,-1.,-2.22044604925E-16));
#8342 = CARTESIAN_POINT('',(-0.36,-0.365,4.5E-02));
#8343 = CARTESIAN_POINT('',(-0.36,-0.635,4.5E-02));
#8344 = GEOMETRIC_CURVE_SET('',(#8345));
#8345 = TRIMMED_CURVE('',#8346,(#8350,PARAMETER_VALUE(-0.233759601423)),
  (#8351,PARAMETER_VALUE(0.)),.T.,.PARAMETER.);
#8346 = LINE('',#8347,#8348);
#8347 = CARTESIAN_POINT('',(-0.36,-0.365,4.5E-02));
#8348 = VECTOR('',#8349,1.);
#8349 = DIRECTION('',(1.,4.440892098501E-16,-2.22044604925E-16));
#8350 = CARTESIAN_POINT('',(-0.593759601423,-0.365,4.5E-02));
#8351 = CARTESIAN_POINT('',(-0.36,-0.365,4.5E-02));
#8352 = GEOMETRIC_CURVE_SET('',(#8353));
#8353 = TRIMMED_CURVE('',#8354,(#8358,PARAMETER_VALUE(
      -3.036214180183E-02)),(#8359,PARAMETER_VALUE(0.)),.T.,
  .PARAMETER.);
#8354 = LINE('',#8355,#8356);
#8355 = CARTESIAN_POINT('',(-0.593759601423,-0.365,4.5E-02));
#8356 = VECTOR('',#8357,1.);
#8357 = DIRECTION('',(0.5,0.866025403784,8.127396617584E-17));
#8358 = CARTESIAN_POINT('',(-0.608940672324,-0.391294386114,4.5E-02));
#8359 = CARTESIAN_POINT('',(-0.593759601423,-0.365,4.5E-02));
#8360 = GEOMETRIC_CURVE_SET('',(#8361));
#8361 = TRIMMED_CURVE('',#8362,(#8366,PARAMETER_VALUE(
      -4.741122777263E-02)),(#8367,PARAMETER_VALUE(0.)),.T.,
  .PARAMETER.);
#8362 = LINE('',#8363,#8364);
#8363 = CARTESIAN_POINT('',(-0.608940672324,-0.391294386114,4.5E-02));
#8364 = VECTOR('',#8365,1.);
#8365 = DIRECTION('',(0.866025403784,0.5,-8.127396617584E-17));
#8366 = CARTESIAN_POINT('',(-0.65,-0.415,4.5E-02));
#8367 = CARTESIAN_POINT('',(-0.608940672324,-0.391294386114,4.5E-02));
#8368 = GEOMETRIC_CURVE_SET('',(#8369));
#8369 = TRIMMED_CURVE('',#8370,(#8374,PARAMETER_VALUE(-1.E-01)),(#8375,
    PARAMETER_VALUE(0.)),.T.,.PARAMETER.);
#8370 = LINE('',#8371,#8372);
#8371 = CARTESIAN_POINT('',(-0.65,-0.415,4.5E-02));
#8372 = VECTOR('',#8373,1.);
#8373 = DIRECTION('',(1.,-6.401129626354E-16,-2.22044604925E-16));
#8374 = CARTESIAN_POINT('',(-0.75,-0.415,4.5E-02));
#8375 = CARTESIAN_POINT('',(-0.65,-0.415,4.5E-02));
#8376 = GEOMETRIC_CURVE_SET('',(#8377));
#8377 = TRIMMED_CURVE('',#8378,(#8382,PARAMETER_VALUE(-0.17)),(#8383,
    PARAMETER_VALUE(0.)),.T.,.PARAMETER.);
#8378 = LINE('',#8379,#8380);
#8379 = CARTESIAN_POINT('',(-0.75,-0.415,4.5E-02));
#8380 = VECTOR('',#8381,1.);
#8381 = DIRECTION('',(-4.440892098501E-16,1.,2.22044604925E-16));
#8382 = CARTESIAN_POINT('',(-0.75,-0.585,4.5E-02));
#8383 = CARTESIAN_POINT('',(-0.75,-0.415,4.5E-02));
#8384 = GEOMETRIC_CURVE_SET('',(#8385));
#8385 = TRIMMED_CURVE('',#8386,(#8390,PARAMETER_VALUE(0.)),(#8391,
    PARAMETER_VALUE(1.E-01)),.T.,.PARAMETER.);
#8386 = LINE('',#8387,#8388);
#8387 = CARTESIAN_POINT('',(-0.65,-0.585,4.5E-02));
#8388 = VECTOR('',#8389,1.);
#8389 = DIRECTION('',(-1.,-1.528291382336E-15,2.22044604925E-16));
#8390 = CARTESIAN_POINT('',(-0.65,-0.585,4.5E-02));
#8391 = CARTESIAN_POINT('',(-0.75,-0.585,4.5E-02));
#8392 = GEOMETRIC_CURVE_SET('',(#8393));
#8393 = TRIMMED_CURVE('',#8394,(#8398,PARAMETER_VALUE(0.)),(#8399,
    PARAMETER_VALUE(4.741122777263E-02)),.T.,.PARAMETER.);
#8394 = LINE('',#8395,#8396);
#8395 = CARTESIAN_POINT('',(-0.608940672324,-0.608705613886,-3.5E-02));
#8396 = VECTOR('',#8397,1.);
#8397 = DIRECTION('',(-0.866025403784,0.5,3.033185711009E-16));
#8398 = CARTESIAN_POINT('',(-0.608940672324,-0.608705613886,-3.5E-02));
#8399 = CARTESIAN_POINT('',(-0.65,-0.585,-3.5E-02));
#8400 = GEOMETRIC_CURVE_SET('',(#8401));
#8401 = TRIMMED_CURVE('',#8402,(#8406,PARAMETER_VALUE(0.)),(#8407,
    PARAMETER_VALUE(1.E-01)),.T.,.PARAMETER.);
#8402 = LINE('',#8403,#8404);
#8403 = CARTESIAN_POINT('',(-0.65,-0.585,-3.5E-02));
#8404 = VECTOR('',#8405,1.);
#8405 = DIRECTION('',(-1.,-1.528291382336E-15,2.22044604925E-16));
#8406 = CARTESIAN_POINT('',(-0.65,-0.585,-3.5E-02));
#8407 = CARTESIAN_POINT('',(-0.75,-0.585,-3.5E-02));
#8408 = GEOMETRIC_CURVE_SET('',(#8409));
#8409 = TRIMMED_CURVE('',#8410,(#8414,PARAMETER_VALUE(-0.17)),(#8415,
    PARAMETER_VALUE(0.)),.T.,.PARAMETER.);
#8410 = LINE('',#8411,#8412);
#8411 = CARTESIAN_POINT('',(-0.75,-0.415,-3.5E-02));
#8412 = VECTOR('',#8413,1.);
#8413 = DIRECTION('',(-4.440892098501E-16,1.,2.22044604925E-16));
#8414 = CARTESIAN_POINT('',(-0.75,-0.585,-3.5E-02));
#8415 = CARTESIAN_POINT('',(-0.75,-0.415,-3.5E-02));
#8416 = GEOMETRIC_CURVE_SET('',(#8417));
#8417 = TRIMMED_CURVE('',#8418,(#8422,PARAMETER_VALUE(-1.E-01)),(#8423,
    PARAMETER_VALUE(0.)),.T.,.PARAMETER.);
#8418 = LINE('',#8419,#8420);
#8419 = CARTESIAN_POINT('',(-0.65,-0.415,-3.5E-02));
#8420 = VECTOR('',#8421,1.);
#8421 = DIRECTION('',(1.,-6.401129626354E-16,-2.22044604925E-16));
#8422 = CARTESIAN_POINT('',(-0.75,-0.415,-3.5E-02));
#8423 = CARTESIAN_POINT('',(-0.65,-0.415,-3.5E-02));
#8424 = GEOMETRIC_CURVE_SET('',(#8425));
#8425 = TRIMMED_CURVE('',#8426,(#8430,PARAMETER_VALUE(
      -4.741122777263E-02)),(#8431,PARAMETER_VALUE(0.)),.T.,
  .PARAMETER.);
#8426 = LINE('',#8427,#8428);
#8427 = CARTESIAN_POINT('',(-0.608940672324,-0.391294386114,-3.5E-02));
#8428 = VECTOR('',#8429,1.);
#8429 = DIRECTION('',(0.866025403784,0.5,-8.127396617584E-17));
#8430 = CARTESIAN_POINT('',(-0.65,-0.415,-3.5E-02));
#8431 = CARTESIAN_POINT('',(-0.608940672324,-0.391294386114,-3.5E-02));
#8432 = GEOMETRIC_CURVE_SET('',(#8433));
#8433 = TRIMMED_CURVE('',#8434,(#8438,PARAMETER_VALUE(
      -3.036214180183E-02)),(#8439,PARAMETER_VALUE(0.)),.T.,
  .PARAMETER.);
#8434 = LINE('',#8435,#8436);
#8435 = CARTESIAN_POINT('',(-0.593759601423,-0.365,-3.5E-02));
#8436 = VECTOR('',#8437,1.);
#8437 = DIRECTION('',(0.5,0.866025403784,8.127396617584E-17));
#8438 = CARTESIAN_POINT('',(-0.608940672324,-0.391294386114,-3.5E-02));
#8439 = CARTESIAN_POINT('',(-0.593759601423,-0.365,-3.5E-02));
#8440 = GEOMETRIC_CURVE_SET('',(#8441));
#8441 = TRIMMED_CURVE('',#8442,(#8446,PARAMETER_VALUE(-0.233759601423)),
  (#8447,PARAMETER_VALUE(0.)),.T.,.PARAMETER.);
#8442 = LINE('',#8443,#8444);
#8443 = CARTESIAN_POINT('',(-0.36,-0.365,-3.5E-02));
#8444 = VECTOR('',#8445,1.);
#8445 = DIRECTION('',(1.,4.440892098501E-16,-2.22044604925E-16));
#8446 = CARTESIAN_POINT('',(-0.593759601423,-0.365,-3.5E-02));
#8447 = CARTESIAN_POINT('',(-0.36,-0.365,-3.5E-02));
#8448 = GEOMETRIC_CURVE_SET('',(#8449));
#8449 = TRIMMED_CURVE('',#8450,(#8454,PARAMETER_VALUE(-0.27)),(#8455,
    PARAMETER_VALUE(0.)),.T.,.PARAMETER.);
#8450 = LINE('',#8451,#8452);
#8451 = CARTESIAN_POINT('',(-0.36,-0.635,-3.5E-02));
#8452 = VECTOR('',#8453,1.);
#8453 = DIRECTION('',(4.440892098501E-16,-1.,-2.22044604925E-16));
#8454 = CARTESIAN_POINT('',(-0.36,-0.365,-3.5E-02));
#8455 = CARTESIAN_POINT('',(-0.36,-0.635,-3.5E-02));
#8456 = GEOMETRIC_CURVE_SET('',(#8457));
#8457 = TRIMMED_CURVE('',#8458,(#8462,PARAMETER_VALUE(0.)),(#8463,
    PARAMETER_VALUE(0.233759601423)),.T.,.PARAMETER.);
#8458 = LINE('',#8459,#8460);
#8459 = CARTESIAN_POINT('',(-0.36,-0.635,-3.5E-02));
#8460 = VECTOR('',#8461,1.);
#8461 = DIRECTION('',(-1.,-4.440892098501E-16,2.22044604925E-16));
#8462 = CARTESIAN_POINT('',(-0.36,-0.635,-3.5E-02));
#8463 = CARTESIAN_POINT('',(-0.593759601423,-0.635,-3.5E-02));
#8464 = GEOMETRIC_CURVE_SET('',(#8465));
#8465 = TRIMMED_CURVE('',#8466,(#8470,PARAMETER_VALUE(0.)),(#8471,
    PARAMETER_VALUE(3.036214180183E-02)),.T.,.PARAMETER.);
#8466 = LINE('',#8467,#8468);
#8467 = CARTESIAN_POINT('',(-0.593759601423,-0.635,-3.5E-02));
#8468 = VECTOR('',#8469,1.);
#8469 = DIRECTION('',(-0.5,0.866025403784,3.033185711009E-16));
#8470 = CARTESIAN_POINT('',(-0.593759601423,-0.635,-3.5E-02));
#8471 = CARTESIAN_POINT('',(-0.608940672324,-0.608705613886,-3.5E-02));
#8472 = GEOMETRIC_CURVE_SET('',(#8473));
#8473 = TRIMMED_CURVE('',#8474,(#8478,PARAMETER_VALUE(0.474341649025)),(
    #8479,PARAMETER_VALUE(0.554341649025)),.T.,.PARAMETER.);
#8474 = LINE('',#8475,#8476);
#8475 = CARTESIAN_POINT('',(-0.65,-0.585,0.519341649025));
#8476 = VECTOR('',#8477,1.);
#8477 = DIRECTION('',(-2.22044604925E-16,2.22044604925E-16,-1.));
#8478 = CARTESIAN_POINT('',(-0.65,-0.585,4.5E-02));
#8479 = CARTESIAN_POINT('',(-0.65,-0.585,-3.5E-02));
#8480 = GEOMETRIC_CURVE_SET('',(#8481));
#8481 = TRIMMED_CURVE('',#8482,(#8486,PARAMETER_VALUE(0.)),(#8487,
    PARAMETER_VALUE(1.E-01)),.T.,.PARAMETER.);
#8482 = LINE('',#8483,#8484);
#8483 = CARTESIAN_POINT('',(-0.65,-0.585,4.5E-02));
#8484 = VECTOR('',#8485,1.);
#8485 = DIRECTION('',(-1.,-1.528291382336E-15,2.22044604925E-16));
#8486 = CARTESIAN_POINT('',(-0.65,-0.585,4.5E-02));
#8487 = CARTESIAN_POINT('',(-0.75,-0.585,4.5E-02));
#8488 = GEOMETRIC_CURVE_SET('',(#8489));
#8489 = TRIMMED_CURVE('',#8490,(#8494,PARAMETER_VALUE(0.474341649025)),(
    #8495,PARAMETER_VALUE(0.554341649025)),.T.,.PARAMETER.);
#8490 = LINE('',#8491,#8492);
#8491 = CARTESIAN_POINT('',(-0.75,-0.585,0.519341649025));
#8492 = VECTOR('',#8493,1.);
#8493 = DIRECTION('',(-2.22044604925E-16,2.22044604925E-16,-1.));
#8494 = CARTESIAN_POINT('',(-0.75,-0.585,4.5E-02));
#8495 = CARTESIAN_POINT('',(-0.75,-0.585,-3.5E-02));
#8496 = GEOMETRIC_CURVE_SET('',(#8497));
#8497 = TRIMMED_CURVE('',#8498,(#8502,PARAMETER_VALUE(0.)),(#8503,
    PARAMETER_VALUE(1.E-01)),.T.,.PARAMETER.);
#8498 = LINE('',#8499,#8500);
#8499 = CARTESIAN_POINT('',(-0.65,-0.585,-3.5E-02));
#8500 = VECTOR('',#8501,1.);
#8501 = DIRECTION('',(-1.,-1.528291382336E-15,2.22044604925E-16));
#8502 = CARTESIAN_POINT('',(-0.65,-0.585,-3.5E-02));
#8503 = CARTESIAN_POINT('',(-0.75,-0.585,-3.5E-02));
#8504 = GEOMETRIC_CURVE_SET('',(#8505));
#8505 = TRIMMED_CURVE('',#8506,(#8510,PARAMETER_VALUE(0.474341649025)),(
    #8511,PARAMETER_VALUE(0.554341649025)),.T.,.PARAMETER.);
#8506 = LINE('',#8507,#8508);
#8507 = CARTESIAN_POINT('',(-0.75,-0.585,0.519341649025));
#8508 = VECTOR('',#8509,1.);
#8509 = DIRECTION('',(-2.22044604925E-16,2.22044604925E-16,-1.));
#8510 = CARTESIAN_POINT('',(-0.75,-0.585,4.5E-02));
#8511 = CARTESIAN_POINT('',(-0.75,-0.585,-3.5E-02));
#8512 = GEOMETRIC_CURVE_SET('',(#8513));
#8513 = TRIMMED_CURVE('',#8514,(#8518,PARAMETER_VALUE(-0.17)),(#8519,
    PARAMETER_VALUE(0.)),.T.,.PARAMETER.);
#8514 = LINE('',#8515,#8516);
#8515 = CARTESIAN_POINT('',(-0.75,-0.415,4.5E-02));
#8516 = VECTOR('',#8517,1.);
#8517 = DIRECTION('',(-4.440892098501E-16,1.,2.22044604925E-16));
#8518 = CARTESIAN_POINT('',(-0.75,-0.585,4.5E-02));
#8519 = CARTESIAN_POINT('',(-0.75,-0.415,4.5E-02));
#8520 = GEOMETRIC_CURVE_SET('',(#8521));
#8521 = TRIMMED_CURVE('',#8522,(#8526,PARAMETER_VALUE(0.474341649025)),(
    #8527,PARAMETER_VALUE(0.554341649025)),.T.,.PARAMETER.);
#8522 = LINE('',#8523,#8524);
#8523 = CARTESIAN_POINT('',(-0.75,-0.415,0.519341649025));
#8524 = VECTOR('',#8525,1.);
#8525 = DIRECTION('',(-2.22044604925E-16,2.22044604925E-16,-1.));
#8526 = CARTESIAN_POINT('',(-0.75,-0.415,4.5E-02));
#8527 = CARTESIAN_POINT('',(-0.75,-0.415,-3.5E-02));
#8528 = GEOMETRIC_CURVE_SET('',(#8529));
#8529 = TRIMMED_CURVE('',#8530,(#8534,PARAMETER_VALUE(-0.17)),(#8535,
    PARAMETER_VALUE(0.)),.T.,.PARAMETER.);
#8530 = LINE('',#8531,#8532);
#8531 = CARTESIAN_POINT('',(-0.75,-0.415,-3.5E-02));
#8532 = VECTOR('',#8533,1.);
#8533 = DIRECTION('',(-4.440892098501E-16,1.,2.22044604925E-16));
#8534 = CARTESIAN_POINT('',(-0.75,-0.585,-3.5E-02));
#8535 = CARTESIAN_POINT('',(-0.75,-0.415,-3.5E-02));
#8536 = GEOMETRIC_CURVE_SET('',(#8537));
#8537 = TRIMMED_CURVE('',#8538,(#8542,PARAMETER_VALUE(0.474341649025)),(
    #8543,PARAMETER_VALUE(0.554341649025)),.T.,.PARAMETER.);
#8538 = LINE('',#8539,#8540);
#8539 = CARTESIAN_POINT('',(-0.75,-0.415,0.519341649025));
#8540 = VECTOR('',#8541,1.);
#8541 = DIRECTION('',(-2.22044604925E-16,2.22044604925E-16,-1.));
#8542 = CARTESIAN_POINT('',(-0.75,-0.415,4.5E-02));
#8543 = CARTESIAN_POINT('',(-0.75,-0.415,-3.5E-02));
#8544 = GEOMETRIC_CURVE_SET('',(#8545));
#8545 = TRIMMED_CURVE('',#8546,(#8550,PARAMETER_VALUE(-1.E-01)),(#8551,
    PARAMETER_VALUE(0.)),.T.,.PARAMETER.);
#8546 = LINE('',#8547,#8548);
#8547 = CARTESIAN_POINT('',(-0.65,-0.415,4.5E-02));
#8548 = VECTOR('',#8549,1.);
#8549 = DIRECTION('',(1.,-6.401129626354E-16,-2.22044604925E-16));
#8550 = CARTESIAN_POINT('',(-0.75,-0.415,4.5E-02));
#8551 = CARTESIAN_POINT('',(-0.65,-0.415,4.5E-02));
#8552 = GEOMETRIC_CURVE_SET('',(#8553));
#8553 = TRIMMED_CURVE('',#8554,(#8558,PARAMETER_VALUE(0.474341649025)),(
    #8559,PARAMETER_VALUE(0.554341649025)),.T.,.PARAMETER.);
#8554 = LINE('',#8555,#8556);
#8555 = CARTESIAN_POINT('',(-0.65,-0.415,0.519341649025));
#8556 = VECTOR('',#8557,1.);
#8557 = DIRECTION('',(-2.22044604925E-16,2.22044604925E-16,-1.));
#8558 = CARTESIAN_POINT('',(-0.65,-0.415,4.5E-02));
#8559 = CARTESIAN_POINT('',(-0.65,-0.415,-3.5E-02));
#8560 = GEOMETRIC_CURVE_SET('',(#8561));
#8561 = TRIMMED_CURVE('',#8562,(#8566,PARAMETER_VALUE(-1.E-01)),(#8567,
    PARAMETER_VALUE(0.)),.T.,.PARAMETER.);
#8562 = LINE('',#8563,#8564);
#8563 = CARTESIAN_POINT('',(-0.65,-0.415,-3.5E-02));
#8564 = VECTOR('',#8565,1.);
#8565 = DIRECTION('',(1.,-6.401129626354E-16,-2.22044604925E-16));
#8566 = CARTESIAN_POINT('',(-0.75,-0.415,-3.5E-02));
#8567 = CARTESIAN_POINT('',(-0.65,-0.415,-3.5E-02));
#8568 = GEOMETRIC_CURVE_SET('',(#8569));
#8569 = TRIMMED_CURVE('',#8570,(#8574,PARAMETER_VALUE(0.474341649025)),(
    #8575,PARAMETER_VALUE(0.554341649025)),.T.,.PARAMETER.);
#8570 = LINE('',#8571,#8572);
#8571 = CARTESIAN_POINT('',(-0.65,-0.415,0.519341649025));
#8572 = VECTOR('',#8573,1.);
#8573 = DIRECTION('',(-2.22044604925E-16,2.22044604925E-16,-1.));
#8574 = CARTESIAN_POINT('',(-0.65,-0.415,4.5E-02));
#8575 = CARTESIAN_POINT('',(-0.65,-0.415,-3.5E-02));
#8576 = GEOMETRIC_CURVE_SET('',(#8577));
#8577 = TRIMMED_CURVE('',#8578,(#8582,PARAMETER_VALUE(
      -4.741122777263E-02)),(#8583,PARAMETER_VALUE(0.)),.T.,
  .PARAMETER.);
#8578 = LINE('',#8579,#8580);
#8579 = CARTESIAN_POINT('',(-0.608940672324,-0.391294386114,4.5E-02));
#8580 = VECTOR('',#8581,1.);
#8581 = DIRECTION('',(0.866025403784,0.5,-8.127396617584E-17));
#8582 = CARTESIAN_POINT('',(-0.65,-0.415,4.5E-02));
#8583 = CARTESIAN_POINT('',(-0.608940672324,-0.391294386114,4.5E-02));
#8584 = GEOMETRIC_CURVE_SET('',(#8585));
#8585 = TRIMMED_CURVE('',#8586,(#8590,PARAMETER_VALUE(0.474341649025)),(
    #8591,PARAMETER_VALUE(0.554341649025)),.T.,.PARAMETER.);
#8586 = LINE('',#8587,#8588);
#8587 = CARTESIAN_POINT('',(-0.608940672324,-0.391294386114,
    0.519341649025));
#8588 = VECTOR('',#8589,1.);
#8589 = DIRECTION('',(-2.22044604925E-16,2.22044604925E-16,-1.));
#8590 = CARTESIAN_POINT('',(-0.608940672324,-0.391294386114,4.5E-02));
#8591 = CARTESIAN_POINT('',(-0.608940672324,-0.391294386114,-3.5E-02));
#8592 = GEOMETRIC_CURVE_SET('',(#8593));
#8593 = TRIMMED_CURVE('',#8594,(#8598,PARAMETER_VALUE(
      -4.741122777263E-02)),(#8599,PARAMETER_VALUE(0.)),.T.,
  .PARAMETER.);
#8594 = LINE('',#8595,#8596);
#8595 = CARTESIAN_POINT('',(-0.608940672324,-0.391294386114,-3.5E-02));
#8596 = VECTOR('',#8597,1.);
#8597 = DIRECTION('',(0.866025403784,0.5,-8.127396617584E-17));
#8598 = CARTESIAN_POINT('',(-0.65,-0.415,-3.5E-02));
#8599 = CARTESIAN_POINT('',(-0.608940672324,-0.391294386114,-3.5E-02));
#8600 = GEOMETRIC_CURVE_SET('',(#8601));
#8601 = TRIMMED_CURVE('',#8602,(#8606,PARAMETER_VALUE(0.474341649025)),(
    #8607,PARAMETER_VALUE(0.554341649025)),.T.,.PARAMETER.);
#8602 = LINE('',#8603,#8604);
#8603 = CARTESIAN_POINT('',(-0.608940672324,-0.391294386114,
    0.519341649025));
#8604 = VECTOR('',#8605,1.);
#8605 = DIRECTION('',(-2.22044604925E-16,2.22044604925E-16,-1.));
#8606 = CARTESIAN_POINT('',(-0.608940672324,-0.391294386114,4.5E-02));
#8607 = CARTESIAN_POINT('',(-0.608940672324,-0.391294386114,-3.5E-02));
#8608 = GEOMETRIC_CURVE_SET('',(#8609));
#8609 = TRIMMED_CURVE('',#8610,(#8614,PARAMETER_VALUE(
      -3.036214180183E-02)),(#8615,PARAMETER_VALUE(0.)),.T.,
  .PARAMETER.);
#8610 = LINE('',#8611,#8612);
#8611 = CARTESIAN_POINT('',(-0.593759601423,-0.365,4.5E-02));
#8612 = VECTOR('',#8613,1.);
#8613 = DIRECTION('',(0.5,0.866025403784,8.127396617584E-17));
#8614 = CARTESIAN_POINT('',(-0.608940672324,-0.391294386114,4.5E-02));
#8615 = CARTESIAN_POINT('',(-0.593759601423,-0.365,4.5E-02));
#8616 = GEOMETRIC_CURVE_SET('',(#8617));
#8617 = TRIMMED_CURVE('',#8618,(#8622,PARAMETER_VALUE(0.474341649025)),(
    #8623,PARAMETER_VALUE(0.554341649025)),.T.,.PARAMETER.);
#8618 = LINE('',#8619,#8620);
#8619 = CARTESIAN_POINT('',(-0.593759601423,-0.365,0.519341649025));
#8620 = VECTOR('',#8621,1.);
#8621 = DIRECTION('',(-2.22044604925E-16,2.22044604925E-16,-1.));
#8622 = CARTESIAN_POINT('',(-0.593759601423,-0.365,4.5E-02));
#8623 = CARTESIAN_POINT('',(-0.593759601423,-0.365,-3.5E-02));
#8624 = GEOMETRIC_CURVE_SET('',(#8625));
#8625 = TRIMMED_CURVE('',#8626,(#8630,PARAMETER_VALUE(
      -3.036214180183E-02)),(#8631,PARAMETER_VALUE(0.)),.T.,
  .PARAMETER.);
#8626 = LINE('',#8627,#8628);
#8627 = CARTESIAN_POINT('',(-0.593759601423,-0.365,-3.5E-02));
#8628 = VECTOR('',#8629,1.);
#8629 = DIRECTION('',(0.5,0.866025403784,8.127396617584E-17));
#8630 = CARTESIAN_POINT('',(-0.608940672324,-0.391294386114,-3.5E-02));
#8631 = CARTESIAN_POINT('',(-0.593759601423,-0.365,-3.5E-02));
#8632 = GEOMETRIC_CURVE_SET('',(#8633));
#8633 = TRIMMED_CURVE('',#8634,(#8638,PARAMETER_VALUE(0.474341649025)),(
    #8639,PARAMETER_VALUE(0.554341649025)),.T.,.PARAMETER.);
#8634 = LINE('',#8635,#8636);
#8635 = CARTESIAN_POINT('',(-0.593759601423,-0.365,0.519341649025));
#8636 = VECTOR('',#8637,1.);
#8637 = DIRECTION('',(-2.22044604925E-16,2.22044604925E-16,-1.));
#8638 = CARTESIAN_POINT('',(-0.593759601423,-0.365,4.5E-02));
#8639 = CARTESIAN_POINT('',(-0.593759601423,-0.365,-3.5E-02));
#8640 = GEOMETRIC_CURVE_SET('',(#8641));
#8641 = TRIMMED_CURVE('',#8642,(#8646,PARAMETER_VALUE(-0.233759601423)),
  (#8647,PARAMETER_VALUE(0.)),.T.,.PARAMETER.);
#8642 = LINE('',#8643,#8644);
#8643 = CARTESIAN_POINT('',(-0.36,-0.365,4.5E-02));
#8644 = VECTOR('',#8645,1.);
#8645 = DIRECTION('',(1.,4.440892098501E-16,-2.22044604925E-16));
#8646 = CARTESIAN_POINT('',(-0.593759601423,-0.365,4.5E-02));
#8647 = CARTESIAN_POINT('',(-0.36,-0.365,4.5E-02));
#8648 = GEOMETRIC_CURVE_SET('',(#8649));
#8649 = TRIMMED_CURVE('',#8650,(#8654,PARAMETER_VALUE(0.474341649025)),(
    #8655,PARAMETER_VALUE(0.554341649025)),.T.,.PARAMETER.);
#8650 = LINE('',#8651,#8652);
#8651 = CARTESIAN_POINT('',(-0.36,-0.365,0.519341649025));
#8652 = VECTOR('',#8653,1.);
#8653 = DIRECTION('',(-2.22044604925E-16,2.22044604925E-16,-1.));
#8654 = CARTESIAN_POINT('',(-0.36,-0.365,4.5E-02));
#8655 = CARTESIAN_POINT('',(-0.36,-0.365,-3.5E-02));
#8656 = GEOMETRIC_CURVE_SET('',(#8657));
#8657 = TRIMMED_CURVE('',#8658,(#8662,PARAMETER_VALUE(-0.233759601423)),
  (#8663,PARAMETER_VALUE(0.)),.T.,.PARAMETER.);
#8658 = LINE('',#8659,#8660);
#8659 = CARTESIAN_POINT('',(-0.36,-0.365,-3.5E-02));
#8660 = VECTOR('',#8661,1.);
#8661 = DIRECTION('',(1.,4.440892098501E-16,-2.22044604925E-16));
#8662 = CARTESIAN_POINT('',(-0.593759601423,-0.365,-3.5E-02));
#8663 = CARTESIAN_POINT('',(-0.36,-0.365,-3.5E-02));
#8664 = GEOMETRIC_CURVE_SET('',(#8665));
#8665 = TRIMMED_CURVE('',#8666,(#8670,PARAMETER_VALUE(0.474341649025)),(
    #8671,PARAMETER_VALUE(0.554341649025)),.T.,.PARAMETER.);
#8666 = LINE('',#8667,#8668);
#8667 = CARTESIAN_POINT('',(-0.36,-0.365,0.519341649025));
#8668 = VECTOR('',#8669,1.);
#8669 = DIRECTION('',(-2.22044604925E-16,2.22044604925E-16,-1.));
#8670 = CARTESIAN_POINT('',(-0.36,-0.365,4.5E-02));
#8671 = CARTESIAN_POINT('',(-0.36,-0.365,-3.5E-02));
#8672 = GEOMETRIC_CURVE_SET('',(#8673));
#8673 = TRIMMED_CURVE('',#8674,(#8678,PARAMETER_VALUE(-0.27)),(#8679,
    PARAMETER_VALUE(0.)),.T.,.PARAMETER.);
#8674 = LINE('',#8675,#8676);
#8675 = CARTESIAN_POINT('',(-0.36,-0.635,4.5E-02));
#8676 = VECTOR('',#8677,1.);
#8677 = DIRECTION('',(4.440892098501E-16,-1.,-2.22044604925E-16));
#8678 = CARTESIAN_POINT('',(-0.36,-0.365,4.5E-02));
#8679 = CARTESIAN_POINT('',(-0.36,-0.635,4.5E-02));
#8680 = GEOMETRIC_CURVE_SET('',(#8681));
#8681 = TRIMMED_CURVE('',#8682,(#8686,PARAMETER_VALUE(0.474341649025)),(
    #8687,PARAMETER_VALUE(0.554341649025)),.T.,.PARAMETER.);
#8682 = LINE('',#8683,#8684);
#8683 = CARTESIAN_POINT('',(-0.36,-0.635,0.519341649025));
#8684 = VECTOR('',#8685,1.);
#8685 = DIRECTION('',(-2.22044604925E-16,2.22044604925E-16,-1.));
#8686 = CARTESIAN_POINT('',(-0.36,-0.635,4.5E-02));
#8687 = CARTESIAN_POINT('',(-0.36,-0.635,-3.5E-02));
#8688 = GEOMETRIC_CURVE_SET('',(#8689));
#8689 = TRIMMED_CURVE('',#8690,(#8694,PARAMETER_VALUE(-0.27)),(#8695,
    PARAMETER_VALUE(0.)),.T.,.PARAMETER.);
#8690 = LINE('',#8691,#8692);
#8691 = CARTESIAN_POINT('',(-0.36,-0.635,-3.5E-02));
#8692 = VECTOR('',#8693,1.);
#8693 = DIRECTION('',(4.440892098501E-16,-1.,-2.22044604925E-16));
#8694 = CARTESIAN_POINT('',(-0.36,-0.365,-3.5E-02));
#8695 = CARTESIAN_POINT('',(-0.36,-0.635,-3.5E-02));
#8696 = GEOMETRIC_CURVE_SET('',(#8697));
#8697 = TRIMMED_CURVE('',#8698,(#8702,PARAMETER_VALUE(0.474341649025)),(
    #8703,PARAMETER_VALUE(0.554341649025)),.T.,.PARAMETER.);
#8698 = LINE('',#8699,#8700);
#8699 = CARTESIAN_POINT('',(-0.36,-0.635,0.519341649025));
#8700 = VECTOR('',#8701,1.);
#8701 = DIRECTION('',(-2.22044604925E-16,2.22044604925E-16,-1.));
#8702 = CARTESIAN_POINT('',(-0.36,-0.635,4.5E-02));
#8703 = CARTESIAN_POINT('',(-0.36,-0.635,-3.5E-02));
#8704 = GEOMETRIC_CURVE_SET('',(#8705));
#8705 = TRIMMED_CURVE('',#8706,(#8710,PARAMETER_VALUE(0.)),(#8711,
    PARAMETER_VALUE(0.233759601423)),.T.,.PARAMETER.);
#8706 = LINE('',#8707,#8708);
#8707 = CARTESIAN_POINT('',(-0.36,-0.635,4.5E-02));
#8708 = VECTOR('',#8709,1.);
#8709 = DIRECTION('',(-1.,-4.440892098501E-16,2.22044604925E-16));
#8710 = CARTESIAN_POINT('',(-0.36,-0.635,4.5E-02));
#8711 = CARTESIAN_POINT('',(-0.593759601423,-0.635,4.5E-02));
#8712 = GEOMETRIC_CURVE_SET('',(#8713));
#8713 = TRIMMED_CURVE('',#8714,(#8718,PARAMETER_VALUE(0.474341649025)),(
    #8719,PARAMETER_VALUE(0.554341649025)),.T.,.PARAMETER.);
#8714 = LINE('',#8715,#8716);
#8715 = CARTESIAN_POINT('',(-0.593759601423,-0.635,0.519341649025));
#8716 = VECTOR('',#8717,1.);
#8717 = DIRECTION('',(-2.22044604925E-16,2.22044604925E-16,-1.));
#8718 = CARTESIAN_POINT('',(-0.593759601423,-0.635,4.5E-02));
#8719 = CARTESIAN_POINT('',(-0.593759601423,-0.635,-3.5E-02));
#8720 = GEOMETRIC_CURVE_SET('',(#8721));
#8721 = TRIMMED_CURVE('',#8722,(#8726,PARAMETER_VALUE(0.)),(#8727,
    PARAMETER_VALUE(0.233759601423)),.T.,.PARAMETER.);
#8722 = LINE('',#8723,#8724);
#8723 = CARTESIAN_POINT('',(-0.36,-0.635,-3.5E-02));
#8724 = VECTOR('',#8725,1.);
#8725 = DIRECTION('',(-1.,-4.440892098501E-16,2.22044604925E-16));
#8726 = CARTESIAN_POINT('',(-0.36,-0.635,-3.5E-02));
#8727 = CARTESIAN_POINT('',(-0.593759601423,-0.635,-3.5E-02));
#8728 = GEOMETRIC_CURVE_SET('',(#8729));
#8729 = TRIMMED_CURVE('',#8730,(#8734,PARAMETER_VALUE(0.474341649025)),(
    #8735,PARAMETER_VALUE(0.554341649025)),.T.,.PARAMETER.);
#8730 = LINE('',#8731,#8732);
#8731 = CARTESIAN_POINT('',(-0.593759601423,-0.635,0.519341649025));
#8732 = VECTOR('',#8733,1.);
#8733 = DIRECTION('',(-2.22044604925E-16,2.22044604925E-16,-1.));
#8734 = CARTESIAN_POINT('',(-0.593759601423,-0.635,4.5E-02));
#8735 = CARTESIAN_POINT('',(-0.593759601423,-0.635,-3.5E-02));
#8736 = GEOMETRIC_CURVE_SET('',(#8737));
#8737 = TRIMMED_CURVE('',#8738,(#8742,PARAMETER_VALUE(0.)),(#8743,
    PARAMETER_VALUE(3.036214180183E-02)),.T.,.PARAMETER.);
#8738 = LINE('',#8739,#8740);
#8739 = CARTESIAN_POINT('',(-0.593759601423,-0.635,4.5E-02));
#8740 = VECTOR('',#8741,1.);
#8741 = DIRECTION('',(-0.5,0.866025403784,3.033185711009E-16));
#8742 = CARTESIAN_POINT('',(-0.593759601423,-0.635,4.5E-02));
#8743 = CARTESIAN_POINT('',(-0.608940672324,-0.608705613886,4.5E-02));
#8744 = GEOMETRIC_CURVE_SET('',(#8745));
#8745 = TRIMMED_CURVE('',#8746,(#8750,PARAMETER_VALUE(0.474341649025)),(
    #8751,PARAMETER_VALUE(0.554341649025)),.T.,.PARAMETER.);
#8746 = LINE('',#8747,#8748);
#8747 = CARTESIAN_POINT('',(-0.608940672324,-0.608705613886,
    0.519341649025));
#8748 = VECTOR('',#8749,1.);
#8749 = DIRECTION('',(-2.22044604925E-16,2.22044604925E-16,-1.));
#8750 = CARTESIAN_POINT('',(-0.608940672324,-0.608705613886,4.5E-02));
#8751 = CARTESIAN_POINT('',(-0.608940672324,-0.608705613886,-3.5E-02));
#8752 = GEOMETRIC_CURVE_SET('',(#8753));
#8753 = TRIMMED_CURVE('',#8754,(#8758,PARAMETER_VALUE(0.)),(#8759,
    PARAMETER_VALUE(3.036214180183E-02)),.T.,.PARAMETER.);
#8754 = LINE('',#8755,#8756);
#8755 = CARTESIAN_POINT('',(-0.593759601423,-0.635,-3.5E-02));
#8756 = VECTOR('',#8757,1.);
#8757 = DIRECTION('',(-0.5,0.866025403784,3.033185711009E-16));
#8758 = CARTESIAN_POINT('',(-0.593759601423,-0.635,-3.5E-02));
#8759 = CARTESIAN_POINT('',(-0.608940672324,-0.608705613886,-3.5E-02));
#8760 = GEOMETRIC_CURVE_SET('',(#8761));
#8761 = TRIMMED_CURVE('',#8762,(#8766,PARAMETER_VALUE(0.474341649025)),(
    #8767,PARAMETER_VALUE(0.554341649025)),.T.,.PARAMETER.);
#8762 = LINE('',#8763,#8764);
#8763 = CARTESIAN_POINT('',(-0.608940672324,-0.608705613886,
    0.519341649025));
#8764 = VECTOR('',#8765,1.);
#8765 = DIRECTION('',(-2.22044604925E-16,2.22044604925E-16,-1.));
#8766 = CARTESIAN_POINT('',(-0.608940672324,-0.608705613886,4.5E-02));
#8767 = CARTESIAN_POINT('',(-0.608940672324,-0.608705613886,-3.5E-02));
#8768 = GEOMETRIC_CURVE_SET('',(#8769));
#8769 = TRIMMED_CURVE('',#8770,(#8774,PARAMETER_VALUE(0.)),(#8775,
    PARAMETER_VALUE(4.741122777263E-02)),.T.,.PARAMETER.);
#8770 = LINE('',#8771,#8772);
#8771 = CARTESIAN_POINT('',(-0.608940672324,-0.608705613886,4.5E-02));
#8772 = VECTOR('',#8773,1.);
#8773 = DIRECTION('',(-0.866025403784,0.5,3.033185711009E-16));
#8774 = CARTESIAN_POINT('',(-0.608940672324,-0.608705613886,4.5E-02));
#8775 = CARTESIAN_POINT('',(-0.65,-0.585,4.5E-02));
#8776 = GEOMETRIC_CURVE_SET('',(#8777));
#8777 = TRIMMED_CURVE('',#8778,(#8782,PARAMETER_VALUE(0.474341649025)),(
    #8783,PARAMETER_VALUE(0.554341649025)),.T.,.PARAMETER.);
#8778 = LINE('',#8779,#8780);
#8779 = CARTESIAN_POINT('',(-0.65,-0.585,0.519341649025));
#8780 = VECTOR('',#8781,1.);
#8781 = DIRECTION('',(-2.22044604925E-16,2.22044604925E-16,-1.));
#8782 = CARTESIAN_POINT('',(-0.65,-0.585,4.5E-02));
#8783 = CARTESIAN_POINT('',(-0.65,-0.585,-3.5E-02));
#8784 = GEOMETRIC_CURVE_SET('',(#8785));
#8785 = TRIMMED_CURVE('',#8786,(#8790,PARAMETER_VALUE(0.)),(#8791,
    PARAMETER_VALUE(4.741122777263E-02)),.T.,.PARAMETER.);
#8786 = LINE('',#8787,#8788);
#8787 = CARTESIAN_POINT('',(-0.608940672324,-0.608705613886,-3.5E-02));
#8788 = VECTOR('',#8789,1.);
#8789 = DIRECTION('',(-0.866025403784,0.5,3.033185711009E-16));
#8790 = CARTESIAN_POINT('',(-0.608940672324,-0.608705613886,-3.5E-02));
#8791 = CARTESIAN_POINT('',(-0.65,-0.585,-3.5E-02));
#8792 = ( GEOMETRIC_REPRESENTATION_CONTEXT(3) 
GLOBAL_UNCERTAINTY_ASSIGNED_CONTEXT((#8796)) 
GLOBAL_UNIT_ASSIGNED_CONTEXT((#8793,#8794,#8795)) REPRESENTATION_CONTEXT
('Context #1','3D Context with UNIT and UNCERTAINTY') );
#8793 = ( LENGTH_UNIT() NAMED_UNIT(*) SI_UNIT(.MILLI.,.METRE.) );
#8794 = ( NAMED_UNIT(*) PLANE_ANGLE_UNIT() SI_UNIT($,.RADIAN.) );
#8795 = ( NAMED_UNIT(*) SI_UNIT($,.STERADIAN.) SOLID_ANGLE_UNIT() );
#8796 = UNCERTAINTY_MEASURE_WITH_UNIT(LENGTH_MEASURE(1.E-07),#8793,
  'distance_accuracy_value','confusion accuracy');
#8797 = PRODUCT_RELATED_PRODUCT_CATEGORY('part',$,(#7));
#8798 = MECHANICAL_DESIGN_GEOMETRIC_PRESENTATION_REPRESENTATION('',(
    #8799,#8810,#8819,#8827,#8834,#8841,#8848,#8855,#8862,#8869,#8876,
    #8883,#8890,#8897,#8904,#8913,#8920,#8927,#8934,#8941,#8948,#8955,
    #8962,#8969,#8976,#8983,#8990,#8997,#9006,#9013,#9020,#9027,#9034,
    #9041,#9048,#9055,#9062,#9069,#9076,#9083,#9090,#9099,#9106,#9113,
    #9120,#9127,#9134,#9141,#9148,#9155,#9162,#9169,#9176,#9183,#9192,
    #9199,#9206,#9213,#9220,#9227,#9234,#9241,#9248,#9255,#9262,#9269,
    #9276,#9285,#9292,#9299,#9306,#9313,#9320,#9327,#9334,#9341,#9348,
    #9355,#9362,#9369,#9378,#9387,#9396,#9405,#9414,#9423,#9432,#9441,
    #9450,#9459,#9468,#9477,#9486,#9495,#9504,#9513,#9522,#9531,#9540,
    #9549,#9558,#9567,#9576,#9585,#9594,#9603,#9612,#9621,#9630,#9639,
    #9648,#9657,#9666,#9675,#9684,#9693,#9702,#9711,#9720,#9729,#9738,
    #9747,#9756,#9765,#9774,#9783,#9792,#9801,#9810,#9819,#9828,#9837,
    #9846,#9855,#9864,#9873,#9882,#9891,#9900,#9909,#9918,#9927,#9936,
    #9945,#9954,#9963,#9972,#9981,#9990,#9999,#10008,#10017,#10026,
    #10035,#10044,#10053,#10062,#10071,#10080,#10089,#10098,#10107,
    #10116,#10125,#10134,#10143,#10152,#10161,#10170,#10179,#10188,
    #10197,#10206,#10215,#10224,#10233,#10242,#10251,#10260,#10269,
    #10278,#10287,#10296,#10305,#10314,#10323,#10332,#10341,#10350,
    #10359,#10368,#10377,#10386,#10395,#10404,#10413,#10422,#10431,
    #10440,#10449,#10458,#10467,#10476,#10485,#10494,#10503,#10512,
    #10521,#10530,#10539,#10548,#10557,#10566,#10575,#10584,#10593,
    #10602,#10611,#10620,#10629,#10638,#10647,#10656,#10665,#10674,
    #10683,#10692,#10701,#10710,#10719,#10728,#10737,#10746,#10755,
    #10764,#10773,#10782,#10791,#10800,#10809,#10818,#10827,#10836,
    #10845,#10854,#10863,#10872,#10881,#10890,#10899,#10908,#10917,
    #10926,#10935,#10944,#10953,#10962,#10971,#10980),#8792);
#8799 = STYLED_ITEM('color',(#8800),#1128);
#8800 = PRESENTATION_STYLE_ASSIGNMENT((#8801,#8807));
#8801 = SURFACE_STYLE_USAGE(.BOTH.,#8802);
#8802 = SURFACE_SIDE_STYLE('',(#8803));
#8803 = SURFACE_STYLE_FILL_AREA(#8804);
#8804 = FILL_AREA_STYLE('',(#8805));
#8805 = FILL_AREA_STYLE_COLOUR('',#8806);
#8806 = COLOUR_RGB('',0.25098037884,0.25098037884,0.25098037884);
#8807 = CURVE_STYLE('',#8808,POSITIVE_LENGTH_MEASURE(0.1),#8809);
#8808 = DRAUGHTING_PRE_DEFINED_CURVE_FONT('continuous');
#8809 = COLOUR_RGB('',9.803921802644E-02,9.803921802644E-02,
  9.803921802644E-02);
#8810 = STYLED_ITEM('color',(#8811),#2256);
#8811 = PRESENTATION_STYLE_ASSIGNMENT((#8812,#8817));
#8812 = SURFACE_STYLE_USAGE(.BOTH.,#8813);
#8813 = SURFACE_SIDE_STYLE('',(#8814));
#8814 = SURFACE_STYLE_FILL_AREA(#8815);
#8815 = FILL_AREA_STYLE('',(#8816));
#8816 = FILL_AREA_STYLE_COLOUR('',#8806);
#8817 = CURVE_STYLE('',#8818,POSITIVE_LENGTH_MEASURE(0.1),#8809);
#8818 = DRAUGHTING_PRE_DEFINED_CURVE_FONT('continuous');
#8819 = OVER_RIDING_STYLED_ITEM('overriding color',(#8820),#2258,#8810);
#8820 = PRESENTATION_STYLE_ASSIGNMENT((#8821));
#8821 = SURFACE_STYLE_USAGE(.BOTH.,#8822);
#8822 = SURFACE_SIDE_STYLE('',(#8823));
#8823 = SURFACE_STYLE_FILL_AREA(#8824);
#8824 = FILL_AREA_STYLE('',(#8825));
#8825 = FILL_AREA_STYLE_COLOUR('',#8826);
#8826 = DRAUGHTING_PRE_DEFINED_COLOUR('white');
#8827 = OVER_RIDING_STYLED_ITEM('overriding color',(#8828),#2346,#8810);
#8828 = PRESENTATION_STYLE_ASSIGNMENT((#8829));
#8829 = SURFACE_STYLE_USAGE(.BOTH.,#8830);
#8830 = SURFACE_SIDE_STYLE('',(#8831));
#8831 = SURFACE_STYLE_FILL_AREA(#8832);
#8832 = FILL_AREA_STYLE('',(#8833));
#8833 = FILL_AREA_STYLE_COLOUR('',#8826);
#8834 = OVER_RIDING_STYLED_ITEM('overriding color',(#8835),#2434,#8810);
#8835 = PRESENTATION_STYLE_ASSIGNMENT((#8836));
#8836 = SURFACE_STYLE_USAGE(.BOTH.,#8837);
#8837 = SURFACE_SIDE_STYLE('',(#8838));
#8838 = SURFACE_STYLE_FILL_AREA(#8839);
#8839 = FILL_AREA_STYLE('',(#8840));
#8840 = FILL_AREA_STYLE_COLOUR('',#8826);
#8841 = OVER_RIDING_STYLED_ITEM('overriding color',(#8842),#2456,#8810);
#8842 = PRESENTATION_STYLE_ASSIGNMENT((#8843));
#8843 = SURFACE_STYLE_USAGE(.BOTH.,#8844);
#8844 = SURFACE_SIDE_STYLE('',(#8845));
#8845 = SURFACE_STYLE_FILL_AREA(#8846);
#8846 = FILL_AREA_STYLE('',(#8847));
#8847 = FILL_AREA_STYLE_COLOUR('',#8826);
#8848 = OVER_RIDING_STYLED_ITEM('overriding color',(#8849),#2473,#8810);
#8849 = PRESENTATION_STYLE_ASSIGNMENT((#8850));
#8850 = SURFACE_STYLE_USAGE(.BOTH.,#8851);
#8851 = SURFACE_SIDE_STYLE('',(#8852));
#8852 = SURFACE_STYLE_FILL_AREA(#8853);
#8853 = FILL_AREA_STYLE('',(#8854));
#8854 = FILL_AREA_STYLE_COLOUR('',#8826);
#8855 = OVER_RIDING_STYLED_ITEM('overriding color',(#8856),#2490,#8810);
#8856 = PRESENTATION_STYLE_ASSIGNMENT((#8857));
#8857 = SURFACE_STYLE_USAGE(.BOTH.,#8858);
#8858 = SURFACE_SIDE_STYLE('',(#8859));
#8859 = SURFACE_STYLE_FILL_AREA(#8860);
#8860 = FILL_AREA_STYLE('',(#8861));
#8861 = FILL_AREA_STYLE_COLOUR('',#8826);
#8862 = OVER_RIDING_STYLED_ITEM('overriding color',(#8863),#2507,#8810);
#8863 = PRESENTATION_STYLE_ASSIGNMENT((#8864));
#8864 = SURFACE_STYLE_USAGE(.BOTH.,#8865);
#8865 = SURFACE_SIDE_STYLE('',(#8866));
#8866 = SURFACE_STYLE_FILL_AREA(#8867);
#8867 = FILL_AREA_STYLE('',(#8868));
#8868 = FILL_AREA_STYLE_COLOUR('',#8826);
#8869 = OVER_RIDING_STYLED_ITEM('overriding color',(#8870),#2524,#8810);
#8870 = PRESENTATION_STYLE_ASSIGNMENT((#8871));
#8871 = SURFACE_STYLE_USAGE(.BOTH.,#8872);
#8872 = SURFACE_SIDE_STYLE('',(#8873));
#8873 = SURFACE_STYLE_FILL_AREA(#8874);
#8874 = FILL_AREA_STYLE('',(#8875));
#8875 = FILL_AREA_STYLE_COLOUR('',#8826);
#8876 = OVER_RIDING_STYLED_ITEM('overriding color',(#8877),#2541,#8810);
#8877 = PRESENTATION_STYLE_ASSIGNMENT((#8878));
#8878 = SURFACE_STYLE_USAGE(.BOTH.,#8879);
#8879 = SURFACE_SIDE_STYLE('',(#8880));
#8880 = SURFACE_STYLE_FILL_AREA(#8881);
#8881 = FILL_AREA_STYLE('',(#8882));
#8882 = FILL_AREA_STYLE_COLOUR('',#8826);
#8883 = OVER_RIDING_STYLED_ITEM('overriding color',(#8884),#2558,#8810);
#8884 = PRESENTATION_STYLE_ASSIGNMENT((#8885));
#8885 = SURFACE_STYLE_USAGE(.BOTH.,#8886);
#8886 = SURFACE_SIDE_STYLE('',(#8887));
#8887 = SURFACE_STYLE_FILL_AREA(#8888);
#8888 = FILL_AREA_STYLE('',(#8889));
#8889 = FILL_AREA_STYLE_COLOUR('',#8826);
#8890 = OVER_RIDING_STYLED_ITEM('overriding color',(#8891),#2575,#8810);
#8891 = PRESENTATION_STYLE_ASSIGNMENT((#8892));
#8892 = SURFACE_STYLE_USAGE(.BOTH.,#8893);
#8893 = SURFACE_SIDE_STYLE('',(#8894));
#8894 = SURFACE_STYLE_FILL_AREA(#8895);
#8895 = FILL_AREA_STYLE('',(#8896));
#8896 = FILL_AREA_STYLE_COLOUR('',#8826);
#8897 = OVER_RIDING_STYLED_ITEM('overriding color',(#8898),#2592,#8810);
#8898 = PRESENTATION_STYLE_ASSIGNMENT((#8899));
#8899 = SURFACE_STYLE_USAGE(.BOTH.,#8900);
#8900 = SURFACE_SIDE_STYLE('',(#8901));
#8901 = SURFACE_STYLE_FILL_AREA(#8902);
#8902 = FILL_AREA_STYLE('',(#8903));
#8903 = FILL_AREA_STYLE_COLOUR('',#8826);
#8904 = STYLED_ITEM('color',(#8905),#2604);
#8905 = PRESENTATION_STYLE_ASSIGNMENT((#8906,#8911));
#8906 = SURFACE_STYLE_USAGE(.BOTH.,#8907);
#8907 = SURFACE_SIDE_STYLE('',(#8908));
#8908 = SURFACE_STYLE_FILL_AREA(#8909);
#8909 = FILL_AREA_STYLE('',(#8910));
#8910 = FILL_AREA_STYLE_COLOUR('',#8806);
#8911 = CURVE_STYLE('',#8912,POSITIVE_LENGTH_MEASURE(0.1),#8809);
#8912 = DRAUGHTING_PRE_DEFINED_CURVE_FONT('continuous');
#8913 = OVER_RIDING_STYLED_ITEM('overriding color',(#8914),#2606,#8904);
#8914 = PRESENTATION_STYLE_ASSIGNMENT((#8915));
#8915 = SURFACE_STYLE_USAGE(.BOTH.,#8916);
#8916 = SURFACE_SIDE_STYLE('',(#8917));
#8917 = SURFACE_STYLE_FILL_AREA(#8918);
#8918 = FILL_AREA_STYLE('',(#8919));
#8919 = FILL_AREA_STYLE_COLOUR('',#8826);
#8920 = OVER_RIDING_STYLED_ITEM('overriding color',(#8921),#2694,#8904);
#8921 = PRESENTATION_STYLE_ASSIGNMENT((#8922));
#8922 = SURFACE_STYLE_USAGE(.BOTH.,#8923);
#8923 = SURFACE_SIDE_STYLE('',(#8924));
#8924 = SURFACE_STYLE_FILL_AREA(#8925);
#8925 = FILL_AREA_STYLE('',(#8926));
#8926 = FILL_AREA_STYLE_COLOUR('',#8826);
#8927 = OVER_RIDING_STYLED_ITEM('overriding color',(#8928),#2782,#8904);
#8928 = PRESENTATION_STYLE_ASSIGNMENT((#8929));
#8929 = SURFACE_STYLE_USAGE(.BOTH.,#8930);
#8930 = SURFACE_SIDE_STYLE('',(#8931));
#8931 = SURFACE_STYLE_FILL_AREA(#8932);
#8932 = FILL_AREA_STYLE('',(#8933));
#8933 = FILL_AREA_STYLE_COLOUR('',#8826);
#8934 = OVER_RIDING_STYLED_ITEM('overriding color',(#8935),#2804,#8904);
#8935 = PRESENTATION_STYLE_ASSIGNMENT((#8936));
#8936 = SURFACE_STYLE_USAGE(.BOTH.,#8937);
#8937 = SURFACE_SIDE_STYLE('',(#8938));
#8938 = SURFACE_STYLE_FILL_AREA(#8939);
#8939 = FILL_AREA_STYLE('',(#8940));
#8940 = FILL_AREA_STYLE_COLOUR('',#8826);
#8941 = OVER_RIDING_STYLED_ITEM('overriding color',(#8942),#2821,#8904);
#8942 = PRESENTATION_STYLE_ASSIGNMENT((#8943));
#8943 = SURFACE_STYLE_USAGE(.BOTH.,#8944);
#8944 = SURFACE_SIDE_STYLE('',(#8945));
#8945 = SURFACE_STYLE_FILL_AREA(#8946);
#8946 = FILL_AREA_STYLE('',(#8947));
#8947 = FILL_AREA_STYLE_COLOUR('',#8826);
#8948 = OVER_RIDING_STYLED_ITEM('overriding color',(#8949),#2838,#8904);
#8949 = PRESENTATION_STYLE_ASSIGNMENT((#8950));
#8950 = SURFACE_STYLE_USAGE(.BOTH.,#8951);
#8951 = SURFACE_SIDE_STYLE('',(#8952));
#8952 = SURFACE_STYLE_FILL_AREA(#8953);
#8953 = FILL_AREA_STYLE('',(#8954));
#8954 = FILL_AREA_STYLE_COLOUR('',#8826);
#8955 = OVER_RIDING_STYLED_ITEM('overriding color',(#8956),#2855,#8904);
#8956 = PRESENTATION_STYLE_ASSIGNMENT((#8957));
#8957 = SURFACE_STYLE_USAGE(.BOTH.,#8958);
#8958 = SURFACE_SIDE_STYLE('',(#8959));
#8959 = SURFACE_STYLE_FILL_AREA(#8960);
#8960 = FILL_AREA_STYLE('',(#8961));
#8961 = FILL_AREA_STYLE_COLOUR('',#8826);
#8962 = OVER_RIDING_STYLED_ITEM('overriding color',(#8963),#2872,#8904);
#8963 = PRESENTATION_STYLE_ASSIGNMENT((#8964));
#8964 = SURFACE_STYLE_USAGE(.BOTH.,#8965);
#8965 = SURFACE_SIDE_STYLE('',(#8966));
#8966 = SURFACE_STYLE_FILL_AREA(#8967);
#8967 = FILL_AREA_STYLE('',(#8968));
#8968 = FILL_AREA_STYLE_COLOUR('',#8826);
#8969 = OVER_RIDING_STYLED_ITEM('overriding color',(#8970),#2889,#8904);
#8970 = PRESENTATION_STYLE_ASSIGNMENT((#8971));
#8971 = SURFACE_STYLE_USAGE(.BOTH.,#8972);
#8972 = SURFACE_SIDE_STYLE('',(#8973));
#8973 = SURFACE_STYLE_FILL_AREA(#8974);
#8974 = FILL_AREA_STYLE('',(#8975));
#8975 = FILL_AREA_STYLE_COLOUR('',#8826);
#8976 = OVER_RIDING_STYLED_ITEM('overriding color',(#8977),#2906,#8904);
#8977 = PRESENTATION_STYLE_ASSIGNMENT((#8978));
#8978 = SURFACE_STYLE_USAGE(.BOTH.,#8979);
#8979 = SURFACE_SIDE_STYLE('',(#8980));
#8980 = SURFACE_STYLE_FILL_AREA(#8981);
#8981 = FILL_AREA_STYLE('',(#8982));
#8982 = FILL_AREA_STYLE_COLOUR('',#8826);
#8983 = OVER_RIDING_STYLED_ITEM('overriding color',(#8984),#2923,#8904);
#8984 = PRESENTATION_STYLE_ASSIGNMENT((#8985));
#8985 = SURFACE_STYLE_USAGE(.BOTH.,#8986);
#8986 = SURFACE_SIDE_STYLE('',(#8987));
#8987 = SURFACE_STYLE_FILL_AREA(#8988);
#8988 = FILL_AREA_STYLE('',(#8989));
#8989 = FILL_AREA_STYLE_COLOUR('',#8826);
#8990 = OVER_RIDING_STYLED_ITEM('overriding color',(#8991),#2940,#8904);
#8991 = PRESENTATION_STYLE_ASSIGNMENT((#8992));
#8992 = SURFACE_STYLE_USAGE(.BOTH.,#8993);
#8993 = SURFACE_SIDE_STYLE('',(#8994));
#8994 = SURFACE_STYLE_FILL_AREA(#8995);
#8995 = FILL_AREA_STYLE('',(#8996));
#8996 = FILL_AREA_STYLE_COLOUR('',#8826);
#8997 = STYLED_ITEM('color',(#8998),#2952);
#8998 = PRESENTATION_STYLE_ASSIGNMENT((#8999,#9004));
#8999 = SURFACE_STYLE_USAGE(.BOTH.,#9000);
#9000 = SURFACE_SIDE_STYLE('',(#9001));
#9001 = SURFACE_STYLE_FILL_AREA(#9002);
#9002 = FILL_AREA_STYLE('',(#9003));
#9003 = FILL_AREA_STYLE_COLOUR('',#8806);
#9004 = CURVE_STYLE('',#9005,POSITIVE_LENGTH_MEASURE(0.1),#8809);
#9005 = DRAUGHTING_PRE_DEFINED_CURVE_FONT('continuous');
#9006 = OVER_RIDING_STYLED_ITEM('overriding color',(#9007),#2954,#8997);
#9007 = PRESENTATION_STYLE_ASSIGNMENT((#9008));
#9008 = SURFACE_STYLE_USAGE(.BOTH.,#9009);
#9009 = SURFACE_SIDE_STYLE('',(#9010));
#9010 = SURFACE_STYLE_FILL_AREA(#9011);
#9011 = FILL_AREA_STYLE('',(#9012));
#9012 = FILL_AREA_STYLE_COLOUR('',#8826);
#9013 = OVER_RIDING_STYLED_ITEM('overriding color',(#9014),#3042,#8997);
#9014 = PRESENTATION_STYLE_ASSIGNMENT((#9015));
#9015 = SURFACE_STYLE_USAGE(.BOTH.,#9016);
#9016 = SURFACE_SIDE_STYLE('',(#9017));
#9017 = SURFACE_STYLE_FILL_AREA(#9018);
#9018 = FILL_AREA_STYLE('',(#9019));
#9019 = FILL_AREA_STYLE_COLOUR('',#8826);
#9020 = OVER_RIDING_STYLED_ITEM('overriding color',(#9021),#3130,#8997);
#9021 = PRESENTATION_STYLE_ASSIGNMENT((#9022));
#9022 = SURFACE_STYLE_USAGE(.BOTH.,#9023);
#9023 = SURFACE_SIDE_STYLE('',(#9024));
#9024 = SURFACE_STYLE_FILL_AREA(#9025);
#9025 = FILL_AREA_STYLE('',(#9026));
#9026 = FILL_AREA_STYLE_COLOUR('',#8826);
#9027 = OVER_RIDING_STYLED_ITEM('overriding color',(#9028),#3152,#8997);
#9028 = PRESENTATION_STYLE_ASSIGNMENT((#9029));
#9029 = SURFACE_STYLE_USAGE(.BOTH.,#9030);
#9030 = SURFACE_SIDE_STYLE('',(#9031));
#9031 = SURFACE_STYLE_FILL_AREA(#9032);
#9032 = FILL_AREA_STYLE('',(#9033));
#9033 = FILL_AREA_STYLE_COLOUR('',#8826);
#9034 = OVER_RIDING_STYLED_ITEM('overriding color',(#9035),#3169,#8997);
#9035 = PRESENTATION_STYLE_ASSIGNMENT((#9036));
#9036 = SURFACE_STYLE_USAGE(.BOTH.,#9037);
#9037 = SURFACE_SIDE_STYLE('',(#9038));
#9038 = SURFACE_STYLE_FILL_AREA(#9039);
#9039 = FILL_AREA_STYLE('',(#9040));
#9040 = FILL_AREA_STYLE_COLOUR('',#8826);
#9041 = OVER_RIDING_STYLED_ITEM('overriding color',(#9042),#3186,#8997);
#9042 = PRESENTATION_STYLE_ASSIGNMENT((#9043));
#9043 = SURFACE_STYLE_USAGE(.BOTH.,#9044);
#9044 = SURFACE_SIDE_STYLE('',(#9045));
#9045 = SURFACE_STYLE_FILL_AREA(#9046);
#9046 = FILL_AREA_STYLE('',(#9047));
#9047 = FILL_AREA_STYLE_COLOUR('',#8826);
#9048 = OVER_RIDING_STYLED_ITEM('overriding color',(#9049),#3203,#8997);
#9049 = PRESENTATION_STYLE_ASSIGNMENT((#9050));
#9050 = SURFACE_STYLE_USAGE(.BOTH.,#9051);
#9051 = SURFACE_SIDE_STYLE('',(#9052));
#9052 = SURFACE_STYLE_FILL_AREA(#9053);
#9053 = FILL_AREA_STYLE('',(#9054));
#9054 = FILL_AREA_STYLE_COLOUR('',#8826);
#9055 = OVER_RIDING_STYLED_ITEM('overriding color',(#9056),#3220,#8997);
#9056 = PRESENTATION_STYLE_ASSIGNMENT((#9057));
#9057 = SURFACE_STYLE_USAGE(.BOTH.,#9058);
#9058 = SURFACE_SIDE_STYLE('',(#9059));
#9059 = SURFACE_STYLE_FILL_AREA(#9060);
#9060 = FILL_AREA_STYLE('',(#9061));
#9061 = FILL_AREA_STYLE_COLOUR('',#8826);
#9062 = OVER_RIDING_STYLED_ITEM('overriding color',(#9063),#3237,#8997);
#9063 = PRESENTATION_STYLE_ASSIGNMENT((#9064));
#9064 = SURFACE_STYLE_USAGE(.BOTH.,#9065);
#9065 = SURFACE_SIDE_STYLE('',(#9066));
#9066 = SURFACE_STYLE_FILL_AREA(#9067);
#9067 = FILL_AREA_STYLE('',(#9068));
#9068 = FILL_AREA_STYLE_COLOUR('',#8826);
#9069 = OVER_RIDING_STYLED_ITEM('overriding color',(#9070),#3254,#8997);
#9070 = PRESENTATION_STYLE_ASSIGNMENT((#9071));
#9071 = SURFACE_STYLE_USAGE(.BOTH.,#9072);
#9072 = SURFACE_SIDE_STYLE('',(#9073));
#9073 = SURFACE_STYLE_FILL_AREA(#9074);
#9074 = FILL_AREA_STYLE('',(#9075));
#9075 = FILL_AREA_STYLE_COLOUR('',#8826);
#9076 = OVER_RIDING_STYLED_ITEM('overriding color',(#9077),#3271,#8997);
#9077 = PRESENTATION_STYLE_ASSIGNMENT((#9078));
#9078 = SURFACE_STYLE_USAGE(.BOTH.,#9079);
#9079 = SURFACE_SIDE_STYLE('',(#9080));
#9080 = SURFACE_STYLE_FILL_AREA(#9081);
#9081 = FILL_AREA_STYLE('',(#9082));
#9082 = FILL_AREA_STYLE_COLOUR('',#8826);
#9083 = OVER_RIDING_STYLED_ITEM('overriding color',(#9084),#3288,#8997);
#9084 = PRESENTATION_STYLE_ASSIGNMENT((#9085));
#9085 = SURFACE_STYLE_USAGE(.BOTH.,#9086);
#9086 = SURFACE_SIDE_STYLE('',(#9087));
#9087 = SURFACE_STYLE_FILL_AREA(#9088);
#9088 = FILL_AREA_STYLE('',(#9089));
#9089 = FILL_AREA_STYLE_COLOUR('',#8826);
#9090 = STYLED_ITEM('color',(#9091),#3300);
#9091 = PRESENTATION_STYLE_ASSIGNMENT((#9092,#9097));
#9092 = SURFACE_STYLE_USAGE(.BOTH.,#9093);
#9093 = SURFACE_SIDE_STYLE('',(#9094));
#9094 = SURFACE_STYLE_FILL_AREA(#9095);
#9095 = FILL_AREA_STYLE('',(#9096));
#9096 = FILL_AREA_STYLE_COLOUR('',#8806);
#9097 = CURVE_STYLE('',#9098,POSITIVE_LENGTH_MEASURE(0.1),#8809);
#9098 = DRAUGHTING_PRE_DEFINED_CURVE_FONT('continuous');
#9099 = OVER_RIDING_STYLED_ITEM('overriding color',(#9100),#3302,#9090);
#9100 = PRESENTATION_STYLE_ASSIGNMENT((#9101));
#9101 = SURFACE_STYLE_USAGE(.BOTH.,#9102);
#9102 = SURFACE_SIDE_STYLE('',(#9103));
#9103 = SURFACE_STYLE_FILL_AREA(#9104);
#9104 = FILL_AREA_STYLE('',(#9105));
#9105 = FILL_AREA_STYLE_COLOUR('',#8826);
#9106 = OVER_RIDING_STYLED_ITEM('overriding color',(#9107),#3390,#9090);
#9107 = PRESENTATION_STYLE_ASSIGNMENT((#9108));
#9108 = SURFACE_STYLE_USAGE(.BOTH.,#9109);
#9109 = SURFACE_SIDE_STYLE('',(#9110));
#9110 = SURFACE_STYLE_FILL_AREA(#9111);
#9111 = FILL_AREA_STYLE('',(#9112));
#9112 = FILL_AREA_STYLE_COLOUR('',#8826);
#9113 = OVER_RIDING_STYLED_ITEM('overriding color',(#9114),#3478,#9090);
#9114 = PRESENTATION_STYLE_ASSIGNMENT((#9115));
#9115 = SURFACE_STYLE_USAGE(.BOTH.,#9116);
#9116 = SURFACE_SIDE_STYLE('',(#9117));
#9117 = SURFACE_STYLE_FILL_AREA(#9118);
#9118 = FILL_AREA_STYLE('',(#9119));
#9119 = FILL_AREA_STYLE_COLOUR('',#8826);
#9120 = OVER_RIDING_STYLED_ITEM('overriding color',(#9121),#3500,#9090);
#9121 = PRESENTATION_STYLE_ASSIGNMENT((#9122));
#9122 = SURFACE_STYLE_USAGE(.BOTH.,#9123);
#9123 = SURFACE_SIDE_STYLE('',(#9124));
#9124 = SURFACE_STYLE_FILL_AREA(#9125);
#9125 = FILL_AREA_STYLE('',(#9126));
#9126 = FILL_AREA_STYLE_COLOUR('',#8826);
#9127 = OVER_RIDING_STYLED_ITEM('overriding color',(#9128),#3517,#9090);
#9128 = PRESENTATION_STYLE_ASSIGNMENT((#9129));
#9129 = SURFACE_STYLE_USAGE(.BOTH.,#9130);
#9130 = SURFACE_SIDE_STYLE('',(#9131));
#9131 = SURFACE_STYLE_FILL_AREA(#9132);
#9132 = FILL_AREA_STYLE('',(#9133));
#9133 = FILL_AREA_STYLE_COLOUR('',#8826);
#9134 = OVER_RIDING_STYLED_ITEM('overriding color',(#9135),#3534,#9090);
#9135 = PRESENTATION_STYLE_ASSIGNMENT((#9136));
#9136 = SURFACE_STYLE_USAGE(.BOTH.,#9137);
#9137 = SURFACE_SIDE_STYLE('',(#9138));
#9138 = SURFACE_STYLE_FILL_AREA(#9139);
#9139 = FILL_AREA_STYLE('',(#9140));
#9140 = FILL_AREA_STYLE_COLOUR('',#8826);
#9141 = OVER_RIDING_STYLED_ITEM('overriding color',(#9142),#3551,#9090);
#9142 = PRESENTATION_STYLE_ASSIGNMENT((#9143));
#9143 = SURFACE_STYLE_USAGE(.BOTH.,#9144);
#9144 = SURFACE_SIDE_STYLE('',(#9145));
#9145 = SURFACE_STYLE_FILL_AREA(#9146);
#9146 = FILL_AREA_STYLE('',(#9147));
#9147 = FILL_AREA_STYLE_COLOUR('',#8826);
#9148 = OVER_RIDING_STYLED_ITEM('overriding color',(#9149),#3568,#9090);
#9149 = PRESENTATION_STYLE_ASSIGNMENT((#9150));
#9150 = SURFACE_STYLE_USAGE(.BOTH.,#9151);
#9151 = SURFACE_SIDE_STYLE('',(#9152));
#9152 = SURFACE_STYLE_FILL_AREA(#9153);
#9153 = FILL_AREA_STYLE('',(#9154));
#9154 = FILL_AREA_STYLE_COLOUR('',#8826);
#9155 = OVER_RIDING_STYLED_ITEM('overriding color',(#9156),#3585,#9090);
#9156 = PRESENTATION_STYLE_ASSIGNMENT((#9157));
#9157 = SURFACE_STYLE_USAGE(.BOTH.,#9158);
#9158 = SURFACE_SIDE_STYLE('',(#9159));
#9159 = SURFACE_STYLE_FILL_AREA(#9160);
#9160 = FILL_AREA_STYLE('',(#9161));
#9161 = FILL_AREA_STYLE_COLOUR('',#8826);
#9162 = OVER_RIDING_STYLED_ITEM('overriding color',(#9163),#3602,#9090);
#9163 = PRESENTATION_STYLE_ASSIGNMENT((#9164));
#9164 = SURFACE_STYLE_USAGE(.BOTH.,#9165);
#9165 = SURFACE_SIDE_STYLE('',(#9166));
#9166 = SURFACE_STYLE_FILL_AREA(#9167);
#9167 = FILL_AREA_STYLE('',(#9168));
#9168 = FILL_AREA_STYLE_COLOUR('',#8826);
#9169 = OVER_RIDING_STYLED_ITEM('overriding color',(#9170),#3619,#9090);
#9170 = PRESENTATION_STYLE_ASSIGNMENT((#9171));
#9171 = SURFACE_STYLE_USAGE(.BOTH.,#9172);
#9172 = SURFACE_SIDE_STYLE('',(#9173));
#9173 = SURFACE_STYLE_FILL_AREA(#9174);
#9174 = FILL_AREA_STYLE('',(#9175));
#9175 = FILL_AREA_STYLE_COLOUR('',#8826);
#9176 = OVER_RIDING_STYLED_ITEM('overriding color',(#9177),#3636,#9090);
#9177 = PRESENTATION_STYLE_ASSIGNMENT((#9178));
#9178 = SURFACE_STYLE_USAGE(.BOTH.,#9179);
#9179 = SURFACE_SIDE_STYLE('',(#9180));
#9180 = SURFACE_STYLE_FILL_AREA(#9181);
#9181 = FILL_AREA_STYLE('',(#9182));
#9182 = FILL_AREA_STYLE_COLOUR('',#8826);
#9183 = STYLED_ITEM('color',(#9184),#3648);
#9184 = PRESENTATION_STYLE_ASSIGNMENT((#9185,#9190));
#9185 = SURFACE_STYLE_USAGE(.BOTH.,#9186);
#9186 = SURFACE_SIDE_STYLE('',(#9187));
#9187 = SURFACE_STYLE_FILL_AREA(#9188);
#9188 = FILL_AREA_STYLE('',(#9189));
#9189 = FILL_AREA_STYLE_COLOUR('',#8806);
#9190 = CURVE_STYLE('',#9191,POSITIVE_LENGTH_MEASURE(0.1),#8809);
#9191 = DRAUGHTING_PRE_DEFINED_CURVE_FONT('continuous');
#9192 = OVER_RIDING_STYLED_ITEM('overriding color',(#9193),#3650,#9183);
#9193 = PRESENTATION_STYLE_ASSIGNMENT((#9194));
#9194 = SURFACE_STYLE_USAGE(.BOTH.,#9195);
#9195 = SURFACE_SIDE_STYLE('',(#9196));
#9196 = SURFACE_STYLE_FILL_AREA(#9197);
#9197 = FILL_AREA_STYLE('',(#9198));
#9198 = FILL_AREA_STYLE_COLOUR('',#8826);
#9199 = OVER_RIDING_STYLED_ITEM('overriding color',(#9200),#3738,#9183);
#9200 = PRESENTATION_STYLE_ASSIGNMENT((#9201));
#9201 = SURFACE_STYLE_USAGE(.BOTH.,#9202);
#9202 = SURFACE_SIDE_STYLE('',(#9203));
#9203 = SURFACE_STYLE_FILL_AREA(#9204);
#9204 = FILL_AREA_STYLE('',(#9205));
#9205 = FILL_AREA_STYLE_COLOUR('',#8826);
#9206 = OVER_RIDING_STYLED_ITEM('overriding color',(#9207),#3826,#9183);
#9207 = PRESENTATION_STYLE_ASSIGNMENT((#9208));
#9208 = SURFACE_STYLE_USAGE(.BOTH.,#9209);
#9209 = SURFACE_SIDE_STYLE('',(#9210));
#9210 = SURFACE_STYLE_FILL_AREA(#9211);
#9211 = FILL_AREA_STYLE('',(#9212));
#9212 = FILL_AREA_STYLE_COLOUR('',#8826);
#9213 = OVER_RIDING_STYLED_ITEM('overriding color',(#9214),#3848,#9183);
#9214 = PRESENTATION_STYLE_ASSIGNMENT((#9215));
#9215 = SURFACE_STYLE_USAGE(.BOTH.,#9216);
#9216 = SURFACE_SIDE_STYLE('',(#9217));
#9217 = SURFACE_STYLE_FILL_AREA(#9218);
#9218 = FILL_AREA_STYLE('',(#9219));
#9219 = FILL_AREA_STYLE_COLOUR('',#8826);
#9220 = OVER_RIDING_STYLED_ITEM('overriding color',(#9221),#3865,#9183);
#9221 = PRESENTATION_STYLE_ASSIGNMENT((#9222));
#9222 = SURFACE_STYLE_USAGE(.BOTH.,#9223);
#9223 = SURFACE_SIDE_STYLE('',(#9224));
#9224 = SURFACE_STYLE_FILL_AREA(#9225);
#9225 = FILL_AREA_STYLE('',(#9226));
#9226 = FILL_AREA_STYLE_COLOUR('',#8826);
#9227 = OVER_RIDING_STYLED_ITEM('overriding color',(#9228),#3882,#9183);
#9228 = PRESENTATION_STYLE_ASSIGNMENT((#9229));
#9229 = SURFACE_STYLE_USAGE(.BOTH.,#9230);
#9230 = SURFACE_SIDE_STYLE('',(#9231));
#9231 = SURFACE_STYLE_FILL_AREA(#9232);
#9232 = FILL_AREA_STYLE('',(#9233));
#9233 = FILL_AREA_STYLE_COLOUR('',#8826);
#9234 = OVER_RIDING_STYLED_ITEM('overriding color',(#9235),#3899,#9183);
#9235 = PRESENTATION_STYLE_ASSIGNMENT((#9236));
#9236 = SURFACE_STYLE_USAGE(.BOTH.,#9237);
#9237 = SURFACE_SIDE_STYLE('',(#9238));
#9238 = SURFACE_STYLE_FILL_AREA(#9239);
#9239 = FILL_AREA_STYLE('',(#9240));
#9240 = FILL_AREA_STYLE_COLOUR('',#8826);
#9241 = OVER_RIDING_STYLED_ITEM('overriding color',(#9242),#3916,#9183);
#9242 = PRESENTATION_STYLE_ASSIGNMENT((#9243));
#9243 = SURFACE_STYLE_USAGE(.BOTH.,#9244);
#9244 = SURFACE_SIDE_STYLE('',(#9245));
#9245 = SURFACE_STYLE_FILL_AREA(#9246);
#9246 = FILL_AREA_STYLE('',(#9247));
#9247 = FILL_AREA_STYLE_COLOUR('',#8826);
#9248 = OVER_RIDING_STYLED_ITEM('overriding color',(#9249),#3933,#9183);
#9249 = PRESENTATION_STYLE_ASSIGNMENT((#9250));
#9250 = SURFACE_STYLE_USAGE(.BOTH.,#9251);
#9251 = SURFACE_SIDE_STYLE('',(#9252));
#9252 = SURFACE_STYLE_FILL_AREA(#9253);
#9253 = FILL_AREA_STYLE('',(#9254));
#9254 = FILL_AREA_STYLE_COLOUR('',#8826);
#9255 = OVER_RIDING_STYLED_ITEM('overriding color',(#9256),#3950,#9183);
#9256 = PRESENTATION_STYLE_ASSIGNMENT((#9257));
#9257 = SURFACE_STYLE_USAGE(.BOTH.,#9258);
#9258 = SURFACE_SIDE_STYLE('',(#9259));
#9259 = SURFACE_STYLE_FILL_AREA(#9260);
#9260 = FILL_AREA_STYLE('',(#9261));
#9261 = FILL_AREA_STYLE_COLOUR('',#8826);
#9262 = OVER_RIDING_STYLED_ITEM('overriding color',(#9263),#3967,#9183);
#9263 = PRESENTATION_STYLE_ASSIGNMENT((#9264));
#9264 = SURFACE_STYLE_USAGE(.BOTH.,#9265);
#9265 = SURFACE_SIDE_STYLE('',(#9266));
#9266 = SURFACE_STYLE_FILL_AREA(#9267);
#9267 = FILL_AREA_STYLE('',(#9268));
#9268 = FILL_AREA_STYLE_COLOUR('',#8826);
#9269 = OVER_RIDING_STYLED_ITEM('overriding color',(#9270),#3984,#9183);
#9270 = PRESENTATION_STYLE_ASSIGNMENT((#9271));
#9271 = SURFACE_STYLE_USAGE(.BOTH.,#9272);
#9272 = SURFACE_SIDE_STYLE('',(#9273));
#9273 = SURFACE_STYLE_FILL_AREA(#9274);
#9274 = FILL_AREA_STYLE('',(#9275));
#9275 = FILL_AREA_STYLE_COLOUR('',#8826);
#9276 = STYLED_ITEM('color',(#9277),#3996);
#9277 = PRESENTATION_STYLE_ASSIGNMENT((#9278,#9283));
#9278 = SURFACE_STYLE_USAGE(.BOTH.,#9279);
#9279 = SURFACE_SIDE_STYLE('',(#9280));
#9280 = SURFACE_STYLE_FILL_AREA(#9281);
#9281 = FILL_AREA_STYLE('',(#9282));
#9282 = FILL_AREA_STYLE_COLOUR('',#8806);
#9283 = CURVE_STYLE('',#9284,POSITIVE_LENGTH_MEASURE(0.1),#8809);
#9284 = DRAUGHTING_PRE_DEFINED_CURVE_FONT('continuous');
#9285 = OVER_RIDING_STYLED_ITEM('overriding color',(#9286),#3998,#9276);
#9286 = PRESENTATION_STYLE_ASSIGNMENT((#9287));
#9287 = SURFACE_STYLE_USAGE(.BOTH.,#9288);
#9288 = SURFACE_SIDE_STYLE('',(#9289));
#9289 = SURFACE_STYLE_FILL_AREA(#9290);
#9290 = FILL_AREA_STYLE('',(#9291));
#9291 = FILL_AREA_STYLE_COLOUR('',#8826);
#9292 = OVER_RIDING_STYLED_ITEM('overriding color',(#9293),#4086,#9276);
#9293 = PRESENTATION_STYLE_ASSIGNMENT((#9294));
#9294 = SURFACE_STYLE_USAGE(.BOTH.,#9295);
#9295 = SURFACE_SIDE_STYLE('',(#9296));
#9296 = SURFACE_STYLE_FILL_AREA(#9297);
#9297 = FILL_AREA_STYLE('',(#9298));
#9298 = FILL_AREA_STYLE_COLOUR('',#8826);
#9299 = OVER_RIDING_STYLED_ITEM('overriding color',(#9300),#4174,#9276);
#9300 = PRESENTATION_STYLE_ASSIGNMENT((#9301));
#9301 = SURFACE_STYLE_USAGE(.BOTH.,#9302);
#9302 = SURFACE_SIDE_STYLE('',(#9303));
#9303 = SURFACE_STYLE_FILL_AREA(#9304);
#9304 = FILL_AREA_STYLE('',(#9305));
#9305 = FILL_AREA_STYLE_COLOUR('',#8826);
#9306 = OVER_RIDING_STYLED_ITEM('overriding color',(#9307),#4196,#9276);
#9307 = PRESENTATION_STYLE_ASSIGNMENT((#9308));
#9308 = SURFACE_STYLE_USAGE(.BOTH.,#9309);
#9309 = SURFACE_SIDE_STYLE('',(#9310));
#9310 = SURFACE_STYLE_FILL_AREA(#9311);
#9311 = FILL_AREA_STYLE('',(#9312));
#9312 = FILL_AREA_STYLE_COLOUR('',#8826);
#9313 = OVER_RIDING_STYLED_ITEM('overriding color',(#9314),#4213,#9276);
#9314 = PRESENTATION_STYLE_ASSIGNMENT((#9315));
#9315 = SURFACE_STYLE_USAGE(.BOTH.,#9316);
#9316 = SURFACE_SIDE_STYLE('',(#9317));
#9317 = SURFACE_STYLE_FILL_AREA(#9318);
#9318 = FILL_AREA_STYLE('',(#9319));
#9319 = FILL_AREA_STYLE_COLOUR('',#8826);
#9320 = OVER_RIDING_STYLED_ITEM('overriding color',(#9321),#4230,#9276);
#9321 = PRESENTATION_STYLE_ASSIGNMENT((#9322));
#9322 = SURFACE_STYLE_USAGE(.BOTH.,#9323);
#9323 = SURFACE_SIDE_STYLE('',(#9324));
#9324 = SURFACE_STYLE_FILL_AREA(#9325);
#9325 = FILL_AREA_STYLE('',(#9326));
#9326 = FILL_AREA_STYLE_COLOUR('',#8826);
#9327 = OVER_RIDING_STYLED_ITEM('overriding color',(#9328),#4247,#9276);
#9328 = PRESENTATION_STYLE_ASSIGNMENT((#9329));
#9329 = SURFACE_STYLE_USAGE(.BOTH.,#9330);
#9330 = SURFACE_SIDE_STYLE('',(#9331));
#9331 = SURFACE_STYLE_FILL_AREA(#9332);
#9332 = FILL_AREA_STYLE('',(#9333));
#9333 = FILL_AREA_STYLE_COLOUR('',#8826);
#9334 = OVER_RIDING_STYLED_ITEM('overriding color',(#9335),#4264,#9276);
#9335 = PRESENTATION_STYLE_ASSIGNMENT((#9336));
#9336 = SURFACE_STYLE_USAGE(.BOTH.,#9337);
#9337 = SURFACE_SIDE_STYLE('',(#9338));
#9338 = SURFACE_STYLE_FILL_AREA(#9339);
#9339 = FILL_AREA_STYLE('',(#9340));
#9340 = FILL_AREA_STYLE_COLOUR('',#8826);
#9341 = OVER_RIDING_STYLED_ITEM('overriding color',(#9342),#4281,#9276);
#9342 = PRESENTATION_STYLE_ASSIGNMENT((#9343));
#9343 = SURFACE_STYLE_USAGE(.BOTH.,#9344);
#9344 = SURFACE_SIDE_STYLE('',(#9345));
#9345 = SURFACE_STYLE_FILL_AREA(#9346);
#9346 = FILL_AREA_STYLE('',(#9347));
#9347 = FILL_AREA_STYLE_COLOUR('',#8826);
#9348 = OVER_RIDING_STYLED_ITEM('overriding color',(#9349),#4298,#9276);
#9349 = PRESENTATION_STYLE_ASSIGNMENT((#9350));
#9350 = SURFACE_STYLE_USAGE(.BOTH.,#9351);
#9351 = SURFACE_SIDE_STYLE('',(#9352));
#9352 = SURFACE_STYLE_FILL_AREA(#9353);
#9353 = FILL_AREA_STYLE('',(#9354));
#9354 = FILL_AREA_STYLE_COLOUR('',#8826);
#9355 = OVER_RIDING_STYLED_ITEM('overriding color',(#9356),#4315,#9276);
#9356 = PRESENTATION_STYLE_ASSIGNMENT((#9357));
#9357 = SURFACE_STYLE_USAGE(.BOTH.,#9358);
#9358 = SURFACE_SIDE_STYLE('',(#9359));
#9359 = SURFACE_STYLE_FILL_AREA(#9360);
#9360 = FILL_AREA_STYLE('',(#9361));
#9361 = FILL_AREA_STYLE_COLOUR('',#8826);
#9362 = OVER_RIDING_STYLED_ITEM('overriding color',(#9363),#4332,#9276);
#9363 = PRESENTATION_STYLE_ASSIGNMENT((#9364));
#9364 = SURFACE_STYLE_USAGE(.BOTH.,#9365);
#9365 = SURFACE_SIDE_STYLE('',(#9366));
#9366 = SURFACE_STYLE_FILL_AREA(#9367);
#9367 = FILL_AREA_STYLE('',(#9368));
#9368 = FILL_AREA_STYLE_COLOUR('',#8826);
#9369 = STYLED_ITEM('color',(#9370),#1135);
#9370 = PRESENTATION_STYLE_ASSIGNMENT((#9371,#9376));
#9371 = SURFACE_STYLE_USAGE(.BOTH.,#9372);
#9372 = SURFACE_SIDE_STYLE('',(#9373));
#9373 = SURFACE_STYLE_FILL_AREA(#9374);
#9374 = FILL_AREA_STYLE('',(#9375));
#9375 = FILL_AREA_STYLE_COLOUR('',#8806);
#9376 = CURVE_STYLE('',#9377,POSITIVE_LENGTH_MEASURE(0.1),#8809);
#9377 = DRAUGHTING_PRE_DEFINED_CURVE_FONT('continuous');
#9378 = STYLED_ITEM('color',(#9379),#1137);
#9379 = PRESENTATION_STYLE_ASSIGNMENT((#9380,#9385));
#9380 = SURFACE_STYLE_USAGE(.BOTH.,#9381);
#9381 = SURFACE_SIDE_STYLE('',(#9382));
#9382 = SURFACE_STYLE_FILL_AREA(#9383);
#9383 = FILL_AREA_STYLE('',(#9384));
#9384 = FILL_AREA_STYLE_COLOUR('',#8806);
#9385 = CURVE_STYLE('',#9386,POSITIVE_LENGTH_MEASURE(0.1),#8809);
#9386 = DRAUGHTING_PRE_DEFINED_CURVE_FONT('continuous');
#9387 = STYLED_ITEM('color',(#9388),#1145);
#9388 = PRESENTATION_STYLE_ASSIGNMENT((#9389,#9394));
#9389 = SURFACE_STYLE_USAGE(.BOTH.,#9390);
#9390 = SURFACE_SIDE_STYLE('',(#9391));
#9391 = SURFACE_STYLE_FILL_AREA(#9392);
#9392 = FILL_AREA_STYLE('',(#9393));
#9393 = FILL_AREA_STYLE_COLOUR('',#8806);
#9394 = CURVE_STYLE('',#9395,POSITIVE_LENGTH_MEASURE(0.1),#8809);
#9395 = DRAUGHTING_PRE_DEFINED_CURVE_FONT('continuous');
#9396 = STYLED_ITEM('color',(#9397),#1153);
#9397 = PRESENTATION_STYLE_ASSIGNMENT((#9398,#9403));
#9398 = SURFACE_STYLE_USAGE(.BOTH.,#9399);
#9399 = SURFACE_SIDE_STYLE('',(#9400));
#9400 = SURFACE_STYLE_FILL_AREA(#9401);
#9401 = FILL_AREA_STYLE('',(#9402));
#9402 = FILL_AREA_STYLE_COLOUR('',#8806);
#9403 = CURVE_STYLE('',#9404,POSITIVE_LENGTH_MEASURE(0.1),#8809);
#9404 = DRAUGHTING_PRE_DEFINED_CURVE_FONT('continuous');
#9405 = STYLED_ITEM('color',(#9406),#1175);
#9406 = PRESENTATION_STYLE_ASSIGNMENT((#9407,#9412));
#9407 = SURFACE_STYLE_USAGE(.BOTH.,#9408);
#9408 = SURFACE_SIDE_STYLE('',(#9409));
#9409 = SURFACE_STYLE_FILL_AREA(#9410);
#9410 = FILL_AREA_STYLE('',(#9411));
#9411 = FILL_AREA_STYLE_COLOUR('',#8806);
#9412 = CURVE_STYLE('',#9413,POSITIVE_LENGTH_MEASURE(0.1),#8809);
#9413 = DRAUGHTING_PRE_DEFINED_CURVE_FONT('continuous');
#9414 = STYLED_ITEM('color',(#9415),#1177);
#9415 = PRESENTATION_STYLE_ASSIGNMENT((#9416,#9421));
#9416 = SURFACE_STYLE_USAGE(.BOTH.,#9417);
#9417 = SURFACE_SIDE_STYLE('',(#9418));
#9418 = SURFACE_STYLE_FILL_AREA(#9419);
#9419 = FILL_AREA_STYLE('',(#9420));
#9420 = FILL_AREA_STYLE_COLOUR('',#8806);
#9421 = CURVE_STYLE('',#9422,POSITIVE_LENGTH_MEASURE(0.1),#8809);
#9422 = DRAUGHTING_PRE_DEFINED_CURVE_FONT('continuous');
#9423 = STYLED_ITEM('color',(#9424),#1185);
#9424 = PRESENTATION_STYLE_ASSIGNMENT((#9425,#9430));
#9425 = SURFACE_STYLE_USAGE(.BOTH.,#9426);
#9426 = SURFACE_SIDE_STYLE('',(#9427));
#9427 = SURFACE_STYLE_FILL_AREA(#9428);
#9428 = FILL_AREA_STYLE('',(#9429));
#9429 = FILL_AREA_STYLE_COLOUR('',#8806);
#9430 = CURVE_STYLE('',#9431,POSITIVE_LENGTH_MEASURE(0.1),#8809);
#9431 = DRAUGHTING_PRE_DEFINED_CURVE_FONT('continuous');
#9432 = STYLED_ITEM('color',(#9433),#1193);
#9433 = PRESENTATION_STYLE_ASSIGNMENT((#9434,#9439));
#9434 = SURFACE_STYLE_USAGE(.BOTH.,#9435);
#9435 = SURFACE_SIDE_STYLE('',(#9436));
#9436 = SURFACE_STYLE_FILL_AREA(#9437);
#9437 = FILL_AREA_STYLE('',(#9438));
#9438 = FILL_AREA_STYLE_COLOUR('',#8806);
#9439 = CURVE_STYLE('',#9440,POSITIVE_LENGTH_MEASURE(0.1),#8809);
#9440 = DRAUGHTING_PRE_DEFINED_CURVE_FONT('continuous');
#9441 = STYLED_ITEM('color',(#9442),#1215);
#9442 = PRESENTATION_STYLE_ASSIGNMENT((#9443,#9448));
#9443 = SURFACE_STYLE_USAGE(.BOTH.,#9444);
#9444 = SURFACE_SIDE_STYLE('',(#9445));
#9445 = SURFACE_STYLE_FILL_AREA(#9446);
#9446 = FILL_AREA_STYLE('',(#9447));
#9447 = FILL_AREA_STYLE_COLOUR('',#8806);
#9448 = CURVE_STYLE('',#9449,POSITIVE_LENGTH_MEASURE(0.1),#8809);
#9449 = DRAUGHTING_PRE_DEFINED_CURVE_FONT('continuous');
#9450 = STYLED_ITEM('color',(#9451),#1217);
#9451 = PRESENTATION_STYLE_ASSIGNMENT((#9452,#9457));
#9452 = SURFACE_STYLE_USAGE(.BOTH.,#9453);
#9453 = SURFACE_SIDE_STYLE('',(#9454));
#9454 = SURFACE_STYLE_FILL_AREA(#9455);
#9455 = FILL_AREA_STYLE('',(#9456));
#9456 = FILL_AREA_STYLE_COLOUR('',#8806);
#9457 = CURVE_STYLE('',#9458,POSITIVE_LENGTH_MEASURE(0.1),#8809);
#9458 = DRAUGHTING_PRE_DEFINED_CURVE_FONT('continuous');
#9459 = STYLED_ITEM('color',(#9460),#1225);
#9460 = PRESENTATION_STYLE_ASSIGNMENT((#9461,#9466));
#9461 = SURFACE_STYLE_USAGE(.BOTH.,#9462);
#9462 = SURFACE_SIDE_STYLE('',(#9463));
#9463 = SURFACE_STYLE_FILL_AREA(#9464);
#9464 = FILL_AREA_STYLE('',(#9465));
#9465 = FILL_AREA_STYLE_COLOUR('',#8806);
#9466 = CURVE_STYLE('',#9467,POSITIVE_LENGTH_MEASURE(0.1),#8809);
#9467 = DRAUGHTING_PRE_DEFINED_CURVE_FONT('continuous');
#9468 = STYLED_ITEM('color',(#9469),#1233);
#9469 = PRESENTATION_STYLE_ASSIGNMENT((#9470,#9475));
#9470 = SURFACE_STYLE_USAGE(.BOTH.,#9471);
#9471 = SURFACE_SIDE_STYLE('',(#9472));
#9472 = SURFACE_STYLE_FILL_AREA(#9473);
#9473 = FILL_AREA_STYLE('',(#9474));
#9474 = FILL_AREA_STYLE_COLOUR('',#8806);
#9475 = CURVE_STYLE('',#9476,POSITIVE_LENGTH_MEASURE(0.1),#8809);
#9476 = DRAUGHTING_PRE_DEFINED_CURVE_FONT('continuous');
#9477 = STYLED_ITEM('color',(#9478),#1255);
#9478 = PRESENTATION_STYLE_ASSIGNMENT((#9479,#9484));
#9479 = SURFACE_STYLE_USAGE(.BOTH.,#9480);
#9480 = SURFACE_SIDE_STYLE('',(#9481));
#9481 = SURFACE_STYLE_FILL_AREA(#9482);
#9482 = FILL_AREA_STYLE('',(#9483));
#9483 = FILL_AREA_STYLE_COLOUR('',#8806);
#9484 = CURVE_STYLE('',#9485,POSITIVE_LENGTH_MEASURE(0.1),#8809);
#9485 = DRAUGHTING_PRE_DEFINED_CURVE_FONT('continuous');
#9486 = STYLED_ITEM('color',(#9487),#1257);
#9487 = PRESENTATION_STYLE_ASSIGNMENT((#9488,#9493));
#9488 = SURFACE_STYLE_USAGE(.BOTH.,#9489);
#9489 = SURFACE_SIDE_STYLE('',(#9490));
#9490 = SURFACE_STYLE_FILL_AREA(#9491);
#9491 = FILL_AREA_STYLE('',(#9492));
#9492 = FILL_AREA_STYLE_COLOUR('',#8806);
#9493 = CURVE_STYLE('',#9494,POSITIVE_LENGTH_MEASURE(0.1),#8809);
#9494 = DRAUGHTING_PRE_DEFINED_CURVE_FONT('continuous');
#9495 = STYLED_ITEM('color',(#9496),#1265);
#9496 = PRESENTATION_STYLE_ASSIGNMENT((#9497,#9502));
#9497 = SURFACE_STYLE_USAGE(.BOTH.,#9498);
#9498 = SURFACE_SIDE_STYLE('',(#9499));
#9499 = SURFACE_STYLE_FILL_AREA(#9500);
#9500 = FILL_AREA_STYLE('',(#9501));
#9501 = FILL_AREA_STYLE_COLOUR('',#8806);
#9502 = CURVE_STYLE('',#9503,POSITIVE_LENGTH_MEASURE(0.1),#8809);
#9503 = DRAUGHTING_PRE_DEFINED_CURVE_FONT('continuous');
#9504 = STYLED_ITEM('color',(#9505),#1273);
#9505 = PRESENTATION_STYLE_ASSIGNMENT((#9506,#9511));
#9506 = SURFACE_STYLE_USAGE(.BOTH.,#9507);
#9507 = SURFACE_SIDE_STYLE('',(#9508));
#9508 = SURFACE_STYLE_FILL_AREA(#9509);
#9509 = FILL_AREA_STYLE('',(#9510));
#9510 = FILL_AREA_STYLE_COLOUR('',#8806);
#9511 = CURVE_STYLE('',#9512,POSITIVE_LENGTH_MEASURE(0.1),#8809);
#9512 = DRAUGHTING_PRE_DEFINED_CURVE_FONT('continuous');
#9513 = STYLED_ITEM('color',(#9514),#1295);
#9514 = PRESENTATION_STYLE_ASSIGNMENT((#9515,#9520));
#9515 = SURFACE_STYLE_USAGE(.BOTH.,#9516);
#9516 = SURFACE_SIDE_STYLE('',(#9517));
#9517 = SURFACE_STYLE_FILL_AREA(#9518);
#9518 = FILL_AREA_STYLE('',(#9519));
#9519 = FILL_AREA_STYLE_COLOUR('',#8806);
#9520 = CURVE_STYLE('',#9521,POSITIVE_LENGTH_MEASURE(0.1),#8809);
#9521 = DRAUGHTING_PRE_DEFINED_CURVE_FONT('continuous');
#9522 = STYLED_ITEM('color',(#9523),#1297);
#9523 = PRESENTATION_STYLE_ASSIGNMENT((#9524,#9529));
#9524 = SURFACE_STYLE_USAGE(.BOTH.,#9525);
#9525 = SURFACE_SIDE_STYLE('',(#9526));
#9526 = SURFACE_STYLE_FILL_AREA(#9527);
#9527 = FILL_AREA_STYLE('',(#9528));
#9528 = FILL_AREA_STYLE_COLOUR('',#8806);
#9529 = CURVE_STYLE('',#9530,POSITIVE_LENGTH_MEASURE(0.1),#8809);
#9530 = DRAUGHTING_PRE_DEFINED_CURVE_FONT('continuous');
#9531 = STYLED_ITEM('color',(#9532),#1305);
#9532 = PRESENTATION_STYLE_ASSIGNMENT((#9533,#9538));
#9533 = SURFACE_STYLE_USAGE(.BOTH.,#9534);
#9534 = SURFACE_SIDE_STYLE('',(#9535));
#9535 = SURFACE_STYLE_FILL_AREA(#9536);
#9536 = FILL_AREA_STYLE('',(#9537));
#9537 = FILL_AREA_STYLE_COLOUR('',#8806);
#9538 = CURVE_STYLE('',#9539,POSITIVE_LENGTH_MEASURE(0.1),#8809);
#9539 = DRAUGHTING_PRE_DEFINED_CURVE_FONT('continuous');
#9540 = STYLED_ITEM('color',(#9541),#1313);
#9541 = PRESENTATION_STYLE_ASSIGNMENT((#9542,#9547));
#9542 = SURFACE_STYLE_USAGE(.BOTH.,#9543);
#9543 = SURFACE_SIDE_STYLE('',(#9544));
#9544 = SURFACE_STYLE_FILL_AREA(#9545);
#9545 = FILL_AREA_STYLE('',(#9546));
#9546 = FILL_AREA_STYLE_COLOUR('',#8806);
#9547 = CURVE_STYLE('',#9548,POSITIVE_LENGTH_MEASURE(0.1),#8809);
#9548 = DRAUGHTING_PRE_DEFINED_CURVE_FONT('continuous');
#9549 = STYLED_ITEM('color',(#9550),#1335);
#9550 = PRESENTATION_STYLE_ASSIGNMENT((#9551,#9556));
#9551 = SURFACE_STYLE_USAGE(.BOTH.,#9552);
#9552 = SURFACE_SIDE_STYLE('',(#9553));
#9553 = SURFACE_STYLE_FILL_AREA(#9554);
#9554 = FILL_AREA_STYLE('',(#9555));
#9555 = FILL_AREA_STYLE_COLOUR('',#8806);
#9556 = CURVE_STYLE('',#9557,POSITIVE_LENGTH_MEASURE(0.1),#8809);
#9557 = DRAUGHTING_PRE_DEFINED_CURVE_FONT('continuous');
#9558 = STYLED_ITEM('color',(#9559),#1337);
#9559 = PRESENTATION_STYLE_ASSIGNMENT((#9560,#9565));
#9560 = SURFACE_STYLE_USAGE(.BOTH.,#9561);
#9561 = SURFACE_SIDE_STYLE('',(#9562));
#9562 = SURFACE_STYLE_FILL_AREA(#9563);
#9563 = FILL_AREA_STYLE('',(#9564));
#9564 = FILL_AREA_STYLE_COLOUR('',#8806);
#9565 = CURVE_STYLE('',#9566,POSITIVE_LENGTH_MEASURE(0.1),#8809);
#9566 = DRAUGHTING_PRE_DEFINED_CURVE_FONT('continuous');
#9567 = STYLED_ITEM('color',(#9568),#1345);
#9568 = PRESENTATION_STYLE_ASSIGNMENT((#9569,#9574));
#9569 = SURFACE_STYLE_USAGE(.BOTH.,#9570);
#9570 = SURFACE_SIDE_STYLE('',(#9571));
#9571 = SURFACE_STYLE_FILL_AREA(#9572);
#9572 = FILL_AREA_STYLE('',(#9573));
#9573 = FILL_AREA_STYLE_COLOUR('',#8806);
#9574 = CURVE_STYLE('',#9575,POSITIVE_LENGTH_MEASURE(0.1),#8809);
#9575 = DRAUGHTING_PRE_DEFINED_CURVE_FONT('continuous');
#9576 = STYLED_ITEM('color',(#9577),#1353);
#9577 = PRESENTATION_STYLE_ASSIGNMENT((#9578,#9583));
#9578 = SURFACE_STYLE_USAGE(.BOTH.,#9579);
#9579 = SURFACE_SIDE_STYLE('',(#9580));
#9580 = SURFACE_STYLE_FILL_AREA(#9581);
#9581 = FILL_AREA_STYLE('',(#9582));
#9582 = FILL_AREA_STYLE_COLOUR('',#8806);
#9583 = CURVE_STYLE('',#9584,POSITIVE_LENGTH_MEASURE(0.1),#8809);
#9584 = DRAUGHTING_PRE_DEFINED_CURVE_FONT('continuous');
#9585 = STYLED_ITEM('color',(#9586),#1375);
#9586 = PRESENTATION_STYLE_ASSIGNMENT((#9587,#9592));
#9587 = SURFACE_STYLE_USAGE(.BOTH.,#9588);
#9588 = SURFACE_SIDE_STYLE('',(#9589));
#9589 = SURFACE_STYLE_FILL_AREA(#9590);
#9590 = FILL_AREA_STYLE('',(#9591));
#9591 = FILL_AREA_STYLE_COLOUR('',#8806);
#9592 = CURVE_STYLE('',#9593,POSITIVE_LENGTH_MEASURE(0.1),#8809);
#9593 = DRAUGHTING_PRE_DEFINED_CURVE_FONT('continuous');
#9594 = STYLED_ITEM('color',(#9595),#1377);
#9595 = PRESENTATION_STYLE_ASSIGNMENT((#9596,#9601));
#9596 = SURFACE_STYLE_USAGE(.BOTH.,#9597);
#9597 = SURFACE_SIDE_STYLE('',(#9598));
#9598 = SURFACE_STYLE_FILL_AREA(#9599);
#9599 = FILL_AREA_STYLE('',(#9600));
#9600 = FILL_AREA_STYLE_COLOUR('',#8806);
#9601 = CURVE_STYLE('',#9602,POSITIVE_LENGTH_MEASURE(0.1),#8809);
#9602 = DRAUGHTING_PRE_DEFINED_CURVE_FONT('continuous');
#9603 = STYLED_ITEM('color',(#9604),#1385);
#9604 = PRESENTATION_STYLE_ASSIGNMENT((#9605,#9610));
#9605 = SURFACE_STYLE_USAGE(.BOTH.,#9606);
#9606 = SURFACE_SIDE_STYLE('',(#9607));
#9607 = SURFACE_STYLE_FILL_AREA(#9608);
#9608 = FILL_AREA_STYLE('',(#9609));
#9609 = FILL_AREA_STYLE_COLOUR('',#8806);
#9610 = CURVE_STYLE('',#9611,POSITIVE_LENGTH_MEASURE(0.1),#8809);
#9611 = DRAUGHTING_PRE_DEFINED_CURVE_FONT('continuous');
#9612 = STYLED_ITEM('color',(#9613),#1393);
#9613 = PRESENTATION_STYLE_ASSIGNMENT((#9614,#9619));
#9614 = SURFACE_STYLE_USAGE(.BOTH.,#9615);
#9615 = SURFACE_SIDE_STYLE('',(#9616));
#9616 = SURFACE_STYLE_FILL_AREA(#9617);
#9617 = FILL_AREA_STYLE('',(#9618));
#9618 = FILL_AREA_STYLE_COLOUR('',#8806);
#9619 = CURVE_STYLE('',#9620,POSITIVE_LENGTH_MEASURE(0.1),#8809);
#9620 = DRAUGHTING_PRE_DEFINED_CURVE_FONT('continuous');
#9621 = STYLED_ITEM('color',(#9622),#1415);
#9622 = PRESENTATION_STYLE_ASSIGNMENT((#9623,#9628));
#9623 = SURFACE_STYLE_USAGE(.BOTH.,#9624);
#9624 = SURFACE_SIDE_STYLE('',(#9625));
#9625 = SURFACE_STYLE_FILL_AREA(#9626);
#9626 = FILL_AREA_STYLE('',(#9627));
#9627 = FILL_AREA_STYLE_COLOUR('',#8806);
#9628 = CURVE_STYLE('',#9629,POSITIVE_LENGTH_MEASURE(0.1),#8809);
#9629 = DRAUGHTING_PRE_DEFINED_CURVE_FONT('continuous');
#9630 = STYLED_ITEM('color',(#9631),#1417);
#9631 = PRESENTATION_STYLE_ASSIGNMENT((#9632,#9637));
#9632 = SURFACE_STYLE_USAGE(.BOTH.,#9633);
#9633 = SURFACE_SIDE_STYLE('',(#9634));
#9634 = SURFACE_STYLE_FILL_AREA(#9635);
#9635 = FILL_AREA_STYLE('',(#9636));
#9636 = FILL_AREA_STYLE_COLOUR('',#8806);
#9637 = CURVE_STYLE('',#9638,POSITIVE_LENGTH_MEASURE(0.1),#8809);
#9638 = DRAUGHTING_PRE_DEFINED_CURVE_FONT('continuous');
#9639 = STYLED_ITEM('color',(#9640),#1432);
#9640 = PRESENTATION_STYLE_ASSIGNMENT((#9641,#9646));
#9641 = SURFACE_STYLE_USAGE(.BOTH.,#9642);
#9642 = SURFACE_SIDE_STYLE('',(#9643));
#9643 = SURFACE_STYLE_FILL_AREA(#9644);
#9644 = FILL_AREA_STYLE('',(#9645));
#9645 = FILL_AREA_STYLE_COLOUR('',#8806);
#9646 = CURVE_STYLE('',#9647,POSITIVE_LENGTH_MEASURE(0.1),#8809);
#9647 = DRAUGHTING_PRE_DEFINED_CURVE_FONT('continuous');
#9648 = STYLED_ITEM('color',(#9649),#1440);
#9649 = PRESENTATION_STYLE_ASSIGNMENT((#9650,#9655));
#9650 = SURFACE_STYLE_USAGE(.BOTH.,#9651);
#9651 = SURFACE_SIDE_STYLE('',(#9652));
#9652 = SURFACE_STYLE_FILL_AREA(#9653);
#9653 = FILL_AREA_STYLE('',(#9654));
#9654 = FILL_AREA_STYLE_COLOUR('',#8806);
#9655 = CURVE_STYLE('',#9656,POSITIVE_LENGTH_MEASURE(0.1),#8809);
#9656 = DRAUGHTING_PRE_DEFINED_CURVE_FONT('continuous');
#9657 = STYLED_ITEM('color',(#9658),#1455);
#9658 = PRESENTATION_STYLE_ASSIGNMENT((#9659,#9664));
#9659 = SURFACE_STYLE_USAGE(.BOTH.,#9660);
#9660 = SURFACE_SIDE_STYLE('',(#9661));
#9661 = SURFACE_STYLE_FILL_AREA(#9662);
#9662 = FILL_AREA_STYLE('',(#9663));
#9663 = FILL_AREA_STYLE_COLOUR('',#8806);
#9664 = CURVE_STYLE('',#9665,POSITIVE_LENGTH_MEASURE(0.1),#8809);
#9665 = DRAUGHTING_PRE_DEFINED_CURVE_FONT('continuous');
#9666 = STYLED_ITEM('color',(#9667),#1463);
#9667 = PRESENTATION_STYLE_ASSIGNMENT((#9668,#9673));
#9668 = SURFACE_STYLE_USAGE(.BOTH.,#9669);
#9669 = SURFACE_SIDE_STYLE('',(#9670));
#9670 = SURFACE_STYLE_FILL_AREA(#9671);
#9671 = FILL_AREA_STYLE('',(#9672));
#9672 = FILL_AREA_STYLE_COLOUR('',#8806);
#9673 = CURVE_STYLE('',#9674,POSITIVE_LENGTH_MEASURE(0.1),#8809);
#9674 = DRAUGHTING_PRE_DEFINED_CURVE_FONT('continuous');
#9675 = STYLED_ITEM('color',(#9676),#1471);
#9676 = PRESENTATION_STYLE_ASSIGNMENT((#9677,#9682));
#9677 = SURFACE_STYLE_USAGE(.BOTH.,#9678);
#9678 = SURFACE_SIDE_STYLE('',(#9679));
#9679 = SURFACE_STYLE_FILL_AREA(#9680);
#9680 = FILL_AREA_STYLE('',(#9681));
#9681 = FILL_AREA_STYLE_COLOUR('',#8806);
#9682 = CURVE_STYLE('',#9683,POSITIVE_LENGTH_MEASURE(0.1),#8809);
#9683 = DRAUGHTING_PRE_DEFINED_CURVE_FONT('continuous');
#9684 = STYLED_ITEM('color',(#9685),#1479);
#9685 = PRESENTATION_STYLE_ASSIGNMENT((#9686,#9691));
#9686 = SURFACE_STYLE_USAGE(.BOTH.,#9687);
#9687 = SURFACE_SIDE_STYLE('',(#9688));
#9688 = SURFACE_STYLE_FILL_AREA(#9689);
#9689 = FILL_AREA_STYLE('',(#9690));
#9690 = FILL_AREA_STYLE_COLOUR('',#8806);
#9691 = CURVE_STYLE('',#9692,POSITIVE_LENGTH_MEASURE(0.1),#8809);
#9692 = DRAUGHTING_PRE_DEFINED_CURVE_FONT('continuous');
#9693 = STYLED_ITEM('color',(#9694),#1494);
#9694 = PRESENTATION_STYLE_ASSIGNMENT((#9695,#9700));
#9695 = SURFACE_STYLE_USAGE(.BOTH.,#9696);
#9696 = SURFACE_SIDE_STYLE('',(#9697));
#9697 = SURFACE_STYLE_FILL_AREA(#9698);
#9698 = FILL_AREA_STYLE('',(#9699));
#9699 = FILL_AREA_STYLE_COLOUR('',#8806);
#9700 = CURVE_STYLE('',#9701,POSITIVE_LENGTH_MEASURE(0.1),#8809);
#9701 = DRAUGHTING_PRE_DEFINED_CURVE_FONT('continuous');
#9702 = STYLED_ITEM('color',(#9703),#1502);
#9703 = PRESENTATION_STYLE_ASSIGNMENT((#9704,#9709));
#9704 = SURFACE_STYLE_USAGE(.BOTH.,#9705);
#9705 = SURFACE_SIDE_STYLE('',(#9706));
#9706 = SURFACE_STYLE_FILL_AREA(#9707);
#9707 = FILL_AREA_STYLE('',(#9708));
#9708 = FILL_AREA_STYLE_COLOUR('',#8806);
#9709 = CURVE_STYLE('',#9710,POSITIVE_LENGTH_MEASURE(0.1),#8809);
#9710 = DRAUGHTING_PRE_DEFINED_CURVE_FONT('continuous');
#9711 = STYLED_ITEM('color',(#9712),#1517);
#9712 = PRESENTATION_STYLE_ASSIGNMENT((#9713,#9718));
#9713 = SURFACE_STYLE_USAGE(.BOTH.,#9714);
#9714 = SURFACE_SIDE_STYLE('',(#9715));
#9715 = SURFACE_STYLE_FILL_AREA(#9716);
#9716 = FILL_AREA_STYLE('',(#9717));
#9717 = FILL_AREA_STYLE_COLOUR('',#8806);
#9718 = CURVE_STYLE('',#9719,POSITIVE_LENGTH_MEASURE(0.1),#8809);
#9719 = DRAUGHTING_PRE_DEFINED_CURVE_FONT('continuous');
#9720 = STYLED_ITEM('color',(#9721),#1525);
#9721 = PRESENTATION_STYLE_ASSIGNMENT((#9722,#9727));
#9722 = SURFACE_STYLE_USAGE(.BOTH.,#9723);
#9723 = SURFACE_SIDE_STYLE('',(#9724));
#9724 = SURFACE_STYLE_FILL_AREA(#9725);
#9725 = FILL_AREA_STYLE('',(#9726));
#9726 = FILL_AREA_STYLE_COLOUR('',#8806);
#9727 = CURVE_STYLE('',#9728,POSITIVE_LENGTH_MEASURE(0.1),#8809);
#9728 = DRAUGHTING_PRE_DEFINED_CURVE_FONT('continuous');
#9729 = STYLED_ITEM('color',(#9730),#1540);
#9730 = PRESENTATION_STYLE_ASSIGNMENT((#9731,#9736));
#9731 = SURFACE_STYLE_USAGE(.BOTH.,#9732);
#9732 = SURFACE_SIDE_STYLE('',(#9733));
#9733 = SURFACE_STYLE_FILL_AREA(#9734);
#9734 = FILL_AREA_STYLE('',(#9735));
#9735 = FILL_AREA_STYLE_COLOUR('',#8806);
#9736 = CURVE_STYLE('',#9737,POSITIVE_LENGTH_MEASURE(0.1),#8809);
#9737 = DRAUGHTING_PRE_DEFINED_CURVE_FONT('continuous');
#9738 = STYLED_ITEM('color',(#9739),#1548);
#9739 = PRESENTATION_STYLE_ASSIGNMENT((#9740,#9745));
#9740 = SURFACE_STYLE_USAGE(.BOTH.,#9741);
#9741 = SURFACE_SIDE_STYLE('',(#9742));
#9742 = SURFACE_STYLE_FILL_AREA(#9743);
#9743 = FILL_AREA_STYLE('',(#9744));
#9744 = FILL_AREA_STYLE_COLOUR('',#8806);
#9745 = CURVE_STYLE('',#9746,POSITIVE_LENGTH_MEASURE(0.1),#8809);
#9746 = DRAUGHTING_PRE_DEFINED_CURVE_FONT('continuous');
#9747 = STYLED_ITEM('color',(#9748),#1556);
#9748 = PRESENTATION_STYLE_ASSIGNMENT((#9749,#9754));
#9749 = SURFACE_STYLE_USAGE(.BOTH.,#9750);
#9750 = SURFACE_SIDE_STYLE('',(#9751));
#9751 = SURFACE_STYLE_FILL_AREA(#9752);
#9752 = FILL_AREA_STYLE('',(#9753));
#9753 = FILL_AREA_STYLE_COLOUR('',#8806);
#9754 = CURVE_STYLE('',#9755,POSITIVE_LENGTH_MEASURE(0.1),#8809);
#9755 = DRAUGHTING_PRE_DEFINED_CURVE_FONT('continuous');
#9756 = STYLED_ITEM('color',(#9757),#1564);
#9757 = PRESENTATION_STYLE_ASSIGNMENT((#9758,#9763));
#9758 = SURFACE_STYLE_USAGE(.BOTH.,#9759);
#9759 = SURFACE_SIDE_STYLE('',(#9760));
#9760 = SURFACE_STYLE_FILL_AREA(#9761);
#9761 = FILL_AREA_STYLE('',(#9762));
#9762 = FILL_AREA_STYLE_COLOUR('',#8806);
#9763 = CURVE_STYLE('',#9764,POSITIVE_LENGTH_MEASURE(0.1),#8809);
#9764 = DRAUGHTING_PRE_DEFINED_CURVE_FONT('continuous');
#9765 = STYLED_ITEM('color',(#9766),#1614);
#9766 = PRESENTATION_STYLE_ASSIGNMENT((#9767,#9772));
#9767 = SURFACE_STYLE_USAGE(.BOTH.,#9768);
#9768 = SURFACE_SIDE_STYLE('',(#9769));
#9769 = SURFACE_STYLE_FILL_AREA(#9770);
#9770 = FILL_AREA_STYLE('',(#9771));
#9771 = FILL_AREA_STYLE_COLOUR('',#8806);
#9772 = CURVE_STYLE('',#9773,POSITIVE_LENGTH_MEASURE(0.1),#8809);
#9773 = DRAUGHTING_PRE_DEFINED_CURVE_FONT('continuous');
#9774 = STYLED_ITEM('color',(#9775),#1622);
#9775 = PRESENTATION_STYLE_ASSIGNMENT((#9776,#9781));
#9776 = SURFACE_STYLE_USAGE(.BOTH.,#9777);
#9777 = SURFACE_SIDE_STYLE('',(#9778));
#9778 = SURFACE_STYLE_FILL_AREA(#9779);
#9779 = FILL_AREA_STYLE('',(#9780));
#9780 = FILL_AREA_STYLE_COLOUR('',#8806);
#9781 = CURVE_STYLE('',#9782,POSITIVE_LENGTH_MEASURE(0.1),#8809);
#9782 = DRAUGHTING_PRE_DEFINED_CURVE_FONT('continuous');
#9783 = STYLED_ITEM('color',(#9784),#1669);
#9784 = PRESENTATION_STYLE_ASSIGNMENT((#9785,#9790));
#9785 = SURFACE_STYLE_USAGE(.BOTH.,#9786);
#9786 = SURFACE_SIDE_STYLE('',(#9787));
#9787 = SURFACE_STYLE_FILL_AREA(#9788);
#9788 = FILL_AREA_STYLE('',(#9789));
#9789 = FILL_AREA_STYLE_COLOUR('',#8806);
#9790 = CURVE_STYLE('',#9791,POSITIVE_LENGTH_MEASURE(0.1),#8809);
#9791 = DRAUGHTING_PRE_DEFINED_CURVE_FONT('continuous');
#9792 = STYLED_ITEM('color',(#9793),#1707);
#9793 = PRESENTATION_STYLE_ASSIGNMENT((#9794,#9799));
#9794 = SURFACE_STYLE_USAGE(.BOTH.,#9795);
#9795 = SURFACE_SIDE_STYLE('',(#9796));
#9796 = SURFACE_STYLE_FILL_AREA(#9797);
#9797 = FILL_AREA_STYLE('',(#9798));
#9798 = FILL_AREA_STYLE_COLOUR('',#8806);
#9799 = CURVE_STYLE('',#9800,POSITIVE_LENGTH_MEASURE(0.1),#8809);
#9800 = DRAUGHTING_PRE_DEFINED_CURVE_FONT('continuous');
#9801 = STYLED_ITEM('color',(#9802),#1800);
#9802 = PRESENTATION_STYLE_ASSIGNMENT((#9803,#9808));
#9803 = SURFACE_STYLE_USAGE(.BOTH.,#9804);
#9804 = SURFACE_SIDE_STYLE('',(#9805));
#9805 = SURFACE_STYLE_FILL_AREA(#9806);
#9806 = FILL_AREA_STYLE('',(#9807));
#9807 = FILL_AREA_STYLE_COLOUR('',#8806);
#9808 = CURVE_STYLE('',#9809,POSITIVE_LENGTH_MEASURE(0.1),#8809);
#9809 = DRAUGHTING_PRE_DEFINED_CURVE_FONT('continuous');
#9810 = STYLED_ITEM('color',(#9811),#1808);
#9811 = PRESENTATION_STYLE_ASSIGNMENT((#9812,#9817));
#9812 = SURFACE_STYLE_USAGE(.BOTH.,#9813);
#9813 = SURFACE_SIDE_STYLE('',(#9814));
#9814 = SURFACE_STYLE_FILL_AREA(#9815);
#9815 = FILL_AREA_STYLE('',(#9816));
#9816 = FILL_AREA_STYLE_COLOUR('',#8806);
#9817 = CURVE_STYLE('',#9818,POSITIVE_LENGTH_MEASURE(0.1),#8809);
#9818 = DRAUGHTING_PRE_DEFINED_CURVE_FONT('continuous');
#9819 = STYLED_ITEM('color',(#9820),#1877);
#9820 = PRESENTATION_STYLE_ASSIGNMENT((#9821,#9826));
#9821 = SURFACE_STYLE_USAGE(.BOTH.,#9822);
#9822 = SURFACE_SIDE_STYLE('',(#9823));
#9823 = SURFACE_STYLE_FILL_AREA(#9824);
#9824 = FILL_AREA_STYLE('',(#9825));
#9825 = FILL_AREA_STYLE_COLOUR('',#8806);
#9826 = CURVE_STYLE('',#9827,POSITIVE_LENGTH_MEASURE(0.1),#8809);
#9827 = DRAUGHTING_PRE_DEFINED_CURVE_FONT('continuous');
#9828 = STYLED_ITEM('color',(#9829),#1885);
#9829 = PRESENTATION_STYLE_ASSIGNMENT((#9830,#9835));
#9830 = SURFACE_STYLE_USAGE(.BOTH.,#9831);
#9831 = SURFACE_SIDE_STYLE('',(#9832));
#9832 = SURFACE_STYLE_FILL_AREA(#9833);
#9833 = FILL_AREA_STYLE('',(#9834));
#9834 = FILL_AREA_STYLE_COLOUR('',#8806);
#9835 = CURVE_STYLE('',#9836,POSITIVE_LENGTH_MEASURE(0.1),#8809);
#9836 = DRAUGHTING_PRE_DEFINED_CURVE_FONT('continuous');
#9837 = STYLED_ITEM('color',(#9838),#1954);
#9838 = PRESENTATION_STYLE_ASSIGNMENT((#9839,#9844));
#9839 = SURFACE_STYLE_USAGE(.BOTH.,#9840);
#9840 = SURFACE_SIDE_STYLE('',(#9841));
#9841 = SURFACE_STYLE_FILL_AREA(#9842);
#9842 = FILL_AREA_STYLE('',(#9843));
#9843 = FILL_AREA_STYLE_COLOUR('',#8806);
#9844 = CURVE_STYLE('',#9845,POSITIVE_LENGTH_MEASURE(0.1),#8809);
#9845 = DRAUGHTING_PRE_DEFINED_CURVE_FONT('continuous');
#9846 = STYLED_ITEM('color',(#9847),#1962);
#9847 = PRESENTATION_STYLE_ASSIGNMENT((#9848,#9853));
#9848 = SURFACE_STYLE_USAGE(.BOTH.,#9849);
#9849 = SURFACE_SIDE_STYLE('',(#9850));
#9850 = SURFACE_STYLE_FILL_AREA(#9851);
#9851 = FILL_AREA_STYLE('',(#9852));
#9852 = FILL_AREA_STYLE_COLOUR('',#8806);
#9853 = CURVE_STYLE('',#9854,POSITIVE_LENGTH_MEASURE(0.1),#8809);
#9854 = DRAUGHTING_PRE_DEFINED_CURVE_FONT('continuous');
#9855 = STYLED_ITEM('color',(#9856),#2031);
#9856 = PRESENTATION_STYLE_ASSIGNMENT((#9857,#9862));
#9857 = SURFACE_STYLE_USAGE(.BOTH.,#9858);
#9858 = SURFACE_SIDE_STYLE('',(#9859));
#9859 = SURFACE_STYLE_FILL_AREA(#9860);
#9860 = FILL_AREA_STYLE('',(#9861));
#9861 = FILL_AREA_STYLE_COLOUR('',#8806);
#9862 = CURVE_STYLE('',#9863,POSITIVE_LENGTH_MEASURE(0.1),#8809);
#9863 = DRAUGHTING_PRE_DEFINED_CURVE_FONT('continuous');
#9864 = STYLED_ITEM('color',(#9865),#2039);
#9865 = PRESENTATION_STYLE_ASSIGNMENT((#9866,#9871));
#9866 = SURFACE_STYLE_USAGE(.BOTH.,#9867);
#9867 = SURFACE_SIDE_STYLE('',(#9868));
#9868 = SURFACE_STYLE_FILL_AREA(#9869);
#9869 = FILL_AREA_STYLE('',(#9870));
#9870 = FILL_AREA_STYLE_COLOUR('',#8806);
#9871 = CURVE_STYLE('',#9872,POSITIVE_LENGTH_MEASURE(0.1),#8809);
#9872 = DRAUGHTING_PRE_DEFINED_CURVE_FONT('continuous');
#9873 = STYLED_ITEM('color',(#9874),#2108);
#9874 = PRESENTATION_STYLE_ASSIGNMENT((#9875,#9880));
#9875 = SURFACE_STYLE_USAGE(.BOTH.,#9876);
#9876 = SURFACE_SIDE_STYLE('',(#9877));
#9877 = SURFACE_STYLE_FILL_AREA(#9878);
#9878 = FILL_AREA_STYLE('',(#9879));
#9879 = FILL_AREA_STYLE_COLOUR('',#8806);
#9880 = CURVE_STYLE('',#9881,POSITIVE_LENGTH_MEASURE(0.1),#8809);
#9881 = DRAUGHTING_PRE_DEFINED_CURVE_FONT('continuous');
#9882 = STYLED_ITEM('color',(#9883),#2116);
#9883 = PRESENTATION_STYLE_ASSIGNMENT((#9884,#9889));
#9884 = SURFACE_STYLE_USAGE(.BOTH.,#9885);
#9885 = SURFACE_SIDE_STYLE('',(#9886));
#9886 = SURFACE_STYLE_FILL_AREA(#9887);
#9887 = FILL_AREA_STYLE('',(#9888));
#9888 = FILL_AREA_STYLE_COLOUR('',#8806);
#9889 = CURVE_STYLE('',#9890,POSITIVE_LENGTH_MEASURE(0.1),#8809);
#9890 = DRAUGHTING_PRE_DEFINED_CURVE_FONT('continuous');
#9891 = STYLED_ITEM('color',(#9892),#2185);
#9892 = PRESENTATION_STYLE_ASSIGNMENT((#9893,#9898));
#9893 = SURFACE_STYLE_USAGE(.BOTH.,#9894);
#9894 = SURFACE_SIDE_STYLE('',(#9895));
#9895 = SURFACE_STYLE_FILL_AREA(#9896);
#9896 = FILL_AREA_STYLE('',(#9897));
#9897 = FILL_AREA_STYLE_COLOUR('',#8806);
#9898 = CURVE_STYLE('',#9899,POSITIVE_LENGTH_MEASURE(0.1),#8809);
#9899 = DRAUGHTING_PRE_DEFINED_CURVE_FONT('continuous');
#9900 = STYLED_ITEM('color',(#9901),#2193);
#9901 = PRESENTATION_STYLE_ASSIGNMENT((#9902,#9907));
#9902 = SURFACE_STYLE_USAGE(.BOTH.,#9903);
#9903 = SURFACE_SIDE_STYLE('',(#9904));
#9904 = SURFACE_STYLE_FILL_AREA(#9905);
#9905 = FILL_AREA_STYLE('',(#9906));
#9906 = FILL_AREA_STYLE_COLOUR('',#8806);
#9907 = CURVE_STYLE('',#9908,POSITIVE_LENGTH_MEASURE(0.1),#8809);
#9908 = DRAUGHTING_PRE_DEFINED_CURVE_FONT('continuous');
#9909 = STYLED_ITEM('color',(#9910),#2263);
#9910 = PRESENTATION_STYLE_ASSIGNMENT((#9911,#9916));
#9911 = SURFACE_STYLE_USAGE(.BOTH.,#9912);
#9912 = SURFACE_SIDE_STYLE('',(#9913));
#9913 = SURFACE_STYLE_FILL_AREA(#9914);
#9914 = FILL_AREA_STYLE('',(#9915));
#9915 = FILL_AREA_STYLE_COLOUR('',#8806);
#9916 = CURVE_STYLE('',#9917,POSITIVE_LENGTH_MEASURE(0.1),#8809);
#9917 = DRAUGHTING_PRE_DEFINED_CURVE_FONT('continuous');
#9918 = STYLED_ITEM('color',(#9919),#2265);
#9919 = PRESENTATION_STYLE_ASSIGNMENT((#9920,#9925));
#9920 = SURFACE_STYLE_USAGE(.BOTH.,#9921);
#9921 = SURFACE_SIDE_STYLE('',(#9922));
#9922 = SURFACE_STYLE_FILL_AREA(#9923);
#9923 = FILL_AREA_STYLE('',(#9924));
#9924 = FILL_AREA_STYLE_COLOUR('',#8806);
#9925 = CURVE_STYLE('',#9926,POSITIVE_LENGTH_MEASURE(0.1),#8809);
#9926 = DRAUGHTING_PRE_DEFINED_CURVE_FONT('continuous');
#9927 = STYLED_ITEM('color',(#9928),#2273);
#9928 = PRESENTATION_STYLE_ASSIGNMENT((#9929,#9934));
#9929 = SURFACE_STYLE_USAGE(.BOTH.,#9930);
#9930 = SURFACE_SIDE_STYLE('',(#9931));
#9931 = SURFACE_STYLE_FILL_AREA(#9932);
#9932 = FILL_AREA_STYLE('',(#9933));
#9933 = FILL_AREA_STYLE_COLOUR('',#8806);
#9934 = CURVE_STYLE('',#9935,POSITIVE_LENGTH_MEASURE(0.1),#8809);
#9935 = DRAUGHTING_PRE_DEFINED_CURVE_FONT('continuous');
#9936 = STYLED_ITEM('color',(#9937),#2281);
#9937 = PRESENTATION_STYLE_ASSIGNMENT((#9938,#9943));
#9938 = SURFACE_STYLE_USAGE(.BOTH.,#9939);
#9939 = SURFACE_SIDE_STYLE('',(#9940));
#9940 = SURFACE_STYLE_FILL_AREA(#9941);
#9941 = FILL_AREA_STYLE('',(#9942));
#9942 = FILL_AREA_STYLE_COLOUR('',#8806);
#9943 = CURVE_STYLE('',#9944,POSITIVE_LENGTH_MEASURE(0.1),#8809);
#9944 = DRAUGHTING_PRE_DEFINED_CURVE_FONT('continuous');
#9945 = STYLED_ITEM('color',(#9946),#2289);
#9946 = PRESENTATION_STYLE_ASSIGNMENT((#9947,#9952));
#9947 = SURFACE_STYLE_USAGE(.BOTH.,#9948);
#9948 = SURFACE_SIDE_STYLE('',(#9949));
#9949 = SURFACE_STYLE_FILL_AREA(#9950);
#9950 = FILL_AREA_STYLE('',(#9951));
#9951 = FILL_AREA_STYLE_COLOUR('',#8806);
#9952 = CURVE_STYLE('',#9953,POSITIVE_LENGTH_MEASURE(0.1),#8809);
#9953 = DRAUGHTING_PRE_DEFINED_CURVE_FONT('continuous');
#9954 = STYLED_ITEM('color',(#9955),#2297);
#9955 = PRESENTATION_STYLE_ASSIGNMENT((#9956,#9961));
#9956 = SURFACE_STYLE_USAGE(.BOTH.,#9957);
#9957 = SURFACE_SIDE_STYLE('',(#9958));
#9958 = SURFACE_STYLE_FILL_AREA(#9959);
#9959 = FILL_AREA_STYLE('',(#9960));
#9960 = FILL_AREA_STYLE_COLOUR('',#8806);
#9961 = CURVE_STYLE('',#9962,POSITIVE_LENGTH_MEASURE(0.1),#8809);
#9962 = DRAUGHTING_PRE_DEFINED_CURVE_FONT('continuous');
#9963 = STYLED_ITEM('color',(#9964),#2305);
#9964 = PRESENTATION_STYLE_ASSIGNMENT((#9965,#9970));
#9965 = SURFACE_STYLE_USAGE(.BOTH.,#9966);
#9966 = SURFACE_SIDE_STYLE('',(#9967));
#9967 = SURFACE_STYLE_FILL_AREA(#9968);
#9968 = FILL_AREA_STYLE('',(#9969));
#9969 = FILL_AREA_STYLE_COLOUR('',#8806);
#9970 = CURVE_STYLE('',#9971,POSITIVE_LENGTH_MEASURE(0.1),#8809);
#9971 = DRAUGHTING_PRE_DEFINED_CURVE_FONT('continuous');
#9972 = STYLED_ITEM('color',(#9973),#2313);
#9973 = PRESENTATION_STYLE_ASSIGNMENT((#9974,#9979));
#9974 = SURFACE_STYLE_USAGE(.BOTH.,#9975);
#9975 = SURFACE_SIDE_STYLE('',(#9976));
#9976 = SURFACE_STYLE_FILL_AREA(#9977);
#9977 = FILL_AREA_STYLE('',(#9978));
#9978 = FILL_AREA_STYLE_COLOUR('',#8806);
#9979 = CURVE_STYLE('',#9980,POSITIVE_LENGTH_MEASURE(0.1),#8809);
#9980 = DRAUGHTING_PRE_DEFINED_CURVE_FONT('continuous');
#9981 = STYLED_ITEM('color',(#9982),#2321);
#9982 = PRESENTATION_STYLE_ASSIGNMENT((#9983,#9988));
#9983 = SURFACE_STYLE_USAGE(.BOTH.,#9984);
#9984 = SURFACE_SIDE_STYLE('',(#9985));
#9985 = SURFACE_STYLE_FILL_AREA(#9986);
#9986 = FILL_AREA_STYLE('',(#9987));
#9987 = FILL_AREA_STYLE_COLOUR('',#8806);
#9988 = CURVE_STYLE('',#9989,POSITIVE_LENGTH_MEASURE(0.1),#8809);
#9989 = DRAUGHTING_PRE_DEFINED_CURVE_FONT('continuous');
#9990 = STYLED_ITEM('color',(#9991),#2329);
#9991 = PRESENTATION_STYLE_ASSIGNMENT((#9992,#9997));
#9992 = SURFACE_STYLE_USAGE(.BOTH.,#9993);
#9993 = SURFACE_SIDE_STYLE('',(#9994));
#9994 = SURFACE_STYLE_FILL_AREA(#9995);
#9995 = FILL_AREA_STYLE('',(#9996));
#9996 = FILL_AREA_STYLE_COLOUR('',#8806);
#9997 = CURVE_STYLE('',#9998,POSITIVE_LENGTH_MEASURE(0.1),#8809);
#9998 = DRAUGHTING_PRE_DEFINED_CURVE_FONT('continuous');
#9999 = STYLED_ITEM('color',(#10000),#2351);
#10000 = PRESENTATION_STYLE_ASSIGNMENT((#10001,#10006));
#10001 = SURFACE_STYLE_USAGE(.BOTH.,#10002);
#10002 = SURFACE_SIDE_STYLE('',(#10003));
#10003 = SURFACE_STYLE_FILL_AREA(#10004);
#10004 = FILL_AREA_STYLE('',(#10005));
#10005 = FILL_AREA_STYLE_COLOUR('',#8806);
#10006 = CURVE_STYLE('',#10007,POSITIVE_LENGTH_MEASURE(0.1),#8809);
#10007 = DRAUGHTING_PRE_DEFINED_CURVE_FONT('continuous');
#10008 = STYLED_ITEM('color',(#10009),#2353);
#10009 = PRESENTATION_STYLE_ASSIGNMENT((#10010,#10015));
#10010 = SURFACE_STYLE_USAGE(.BOTH.,#10011);
#10011 = SURFACE_SIDE_STYLE('',(#10012));
#10012 = SURFACE_STYLE_FILL_AREA(#10013);
#10013 = FILL_AREA_STYLE('',(#10014));
#10014 = FILL_AREA_STYLE_COLOUR('',#8806);
#10015 = CURVE_STYLE('',#10016,POSITIVE_LENGTH_MEASURE(0.1),#8809);
#10016 = DRAUGHTING_PRE_DEFINED_CURVE_FONT('continuous');
#10017 = STYLED_ITEM('color',(#10018),#2361);
#10018 = PRESENTATION_STYLE_ASSIGNMENT((#10019,#10024));
#10019 = SURFACE_STYLE_USAGE(.BOTH.,#10020);
#10020 = SURFACE_SIDE_STYLE('',(#10021));
#10021 = SURFACE_STYLE_FILL_AREA(#10022);
#10022 = FILL_AREA_STYLE('',(#10023));
#10023 = FILL_AREA_STYLE_COLOUR('',#8806);
#10024 = CURVE_STYLE('',#10025,POSITIVE_LENGTH_MEASURE(0.1),#8809);
#10025 = DRAUGHTING_PRE_DEFINED_CURVE_FONT('continuous');
#10026 = STYLED_ITEM('color',(#10027),#2369);
#10027 = PRESENTATION_STYLE_ASSIGNMENT((#10028,#10033));
#10028 = SURFACE_STYLE_USAGE(.BOTH.,#10029);
#10029 = SURFACE_SIDE_STYLE('',(#10030));
#10030 = SURFACE_STYLE_FILL_AREA(#10031);
#10031 = FILL_AREA_STYLE('',(#10032));
#10032 = FILL_AREA_STYLE_COLOUR('',#8806);
#10033 = CURVE_STYLE('',#10034,POSITIVE_LENGTH_MEASURE(0.1),#8809);
#10034 = DRAUGHTING_PRE_DEFINED_CURVE_FONT('continuous');
#10035 = STYLED_ITEM('color',(#10036),#2377);
#10036 = PRESENTATION_STYLE_ASSIGNMENT((#10037,#10042));
#10037 = SURFACE_STYLE_USAGE(.BOTH.,#10038);
#10038 = SURFACE_SIDE_STYLE('',(#10039));
#10039 = SURFACE_STYLE_FILL_AREA(#10040);
#10040 = FILL_AREA_STYLE('',(#10041));
#10041 = FILL_AREA_STYLE_COLOUR('',#8806);
#10042 = CURVE_STYLE('',#10043,POSITIVE_LENGTH_MEASURE(0.1),#8809);
#10043 = DRAUGHTING_PRE_DEFINED_CURVE_FONT('continuous');
#10044 = STYLED_ITEM('color',(#10045),#2385);
#10045 = PRESENTATION_STYLE_ASSIGNMENT((#10046,#10051));
#10046 = SURFACE_STYLE_USAGE(.BOTH.,#10047);
#10047 = SURFACE_SIDE_STYLE('',(#10048));
#10048 = SURFACE_STYLE_FILL_AREA(#10049);
#10049 = FILL_AREA_STYLE('',(#10050));
#10050 = FILL_AREA_STYLE_COLOUR('',#8806);
#10051 = CURVE_STYLE('',#10052,POSITIVE_LENGTH_MEASURE(0.1),#8809);
#10052 = DRAUGHTING_PRE_DEFINED_CURVE_FONT('continuous');
#10053 = STYLED_ITEM('color',(#10054),#2393);
#10054 = PRESENTATION_STYLE_ASSIGNMENT((#10055,#10060));
#10055 = SURFACE_STYLE_USAGE(.BOTH.,#10056);
#10056 = SURFACE_SIDE_STYLE('',(#10057));
#10057 = SURFACE_STYLE_FILL_AREA(#10058);
#10058 = FILL_AREA_STYLE('',(#10059));
#10059 = FILL_AREA_STYLE_COLOUR('',#8806);
#10060 = CURVE_STYLE('',#10061,POSITIVE_LENGTH_MEASURE(0.1),#8809);
#10061 = DRAUGHTING_PRE_DEFINED_CURVE_FONT('continuous');
#10062 = STYLED_ITEM('color',(#10063),#2401);
#10063 = PRESENTATION_STYLE_ASSIGNMENT((#10064,#10069));
#10064 = SURFACE_STYLE_USAGE(.BOTH.,#10065);
#10065 = SURFACE_SIDE_STYLE('',(#10066));
#10066 = SURFACE_STYLE_FILL_AREA(#10067);
#10067 = FILL_AREA_STYLE('',(#10068));
#10068 = FILL_AREA_STYLE_COLOUR('',#8806);
#10069 = CURVE_STYLE('',#10070,POSITIVE_LENGTH_MEASURE(0.1),#8809);
#10070 = DRAUGHTING_PRE_DEFINED_CURVE_FONT('continuous');
#10071 = STYLED_ITEM('color',(#10072),#2409);
#10072 = PRESENTATION_STYLE_ASSIGNMENT((#10073,#10078));
#10073 = SURFACE_STYLE_USAGE(.BOTH.,#10074);
#10074 = SURFACE_SIDE_STYLE('',(#10075));
#10075 = SURFACE_STYLE_FILL_AREA(#10076);
#10076 = FILL_AREA_STYLE('',(#10077));
#10077 = FILL_AREA_STYLE_COLOUR('',#8806);
#10078 = CURVE_STYLE('',#10079,POSITIVE_LENGTH_MEASURE(0.1),#8809);
#10079 = DRAUGHTING_PRE_DEFINED_CURVE_FONT('continuous');
#10080 = STYLED_ITEM('color',(#10081),#2417);
#10081 = PRESENTATION_STYLE_ASSIGNMENT((#10082,#10087));
#10082 = SURFACE_STYLE_USAGE(.BOTH.,#10083);
#10083 = SURFACE_SIDE_STYLE('',(#10084));
#10084 = SURFACE_STYLE_FILL_AREA(#10085);
#10085 = FILL_AREA_STYLE('',(#10086));
#10086 = FILL_AREA_STYLE_COLOUR('',#8806);
#10087 = CURVE_STYLE('',#10088,POSITIVE_LENGTH_MEASURE(0.1),#8809);
#10088 = DRAUGHTING_PRE_DEFINED_CURVE_FONT('continuous');
#10089 = STYLED_ITEM('color',(#10090),#2611);
#10090 = PRESENTATION_STYLE_ASSIGNMENT((#10091,#10096));
#10091 = SURFACE_STYLE_USAGE(.BOTH.,#10092);
#10092 = SURFACE_SIDE_STYLE('',(#10093));
#10093 = SURFACE_STYLE_FILL_AREA(#10094);
#10094 = FILL_AREA_STYLE('',(#10095));
#10095 = FILL_AREA_STYLE_COLOUR('',#8806);
#10096 = CURVE_STYLE('',#10097,POSITIVE_LENGTH_MEASURE(0.1),#8809);
#10097 = DRAUGHTING_PRE_DEFINED_CURVE_FONT('continuous');
#10098 = STYLED_ITEM('color',(#10099),#2613);
#10099 = PRESENTATION_STYLE_ASSIGNMENT((#10100,#10105));
#10100 = SURFACE_STYLE_USAGE(.BOTH.,#10101);
#10101 = SURFACE_SIDE_STYLE('',(#10102));
#10102 = SURFACE_STYLE_FILL_AREA(#10103);
#10103 = FILL_AREA_STYLE('',(#10104));
#10104 = FILL_AREA_STYLE_COLOUR('',#8806);
#10105 = CURVE_STYLE('',#10106,POSITIVE_LENGTH_MEASURE(0.1),#8809);
#10106 = DRAUGHTING_PRE_DEFINED_CURVE_FONT('continuous');
#10107 = STYLED_ITEM('color',(#10108),#2621);
#10108 = PRESENTATION_STYLE_ASSIGNMENT((#10109,#10114));
#10109 = SURFACE_STYLE_USAGE(.BOTH.,#10110);
#10110 = SURFACE_SIDE_STYLE('',(#10111));
#10111 = SURFACE_STYLE_FILL_AREA(#10112);
#10112 = FILL_AREA_STYLE('',(#10113));
#10113 = FILL_AREA_STYLE_COLOUR('',#8806);
#10114 = CURVE_STYLE('',#10115,POSITIVE_LENGTH_MEASURE(0.1),#8809);
#10115 = DRAUGHTING_PRE_DEFINED_CURVE_FONT('continuous');
#10116 = STYLED_ITEM('color',(#10117),#2629);
#10117 = PRESENTATION_STYLE_ASSIGNMENT((#10118,#10123));
#10118 = SURFACE_STYLE_USAGE(.BOTH.,#10119);
#10119 = SURFACE_SIDE_STYLE('',(#10120));
#10120 = SURFACE_STYLE_FILL_AREA(#10121);
#10121 = FILL_AREA_STYLE('',(#10122));
#10122 = FILL_AREA_STYLE_COLOUR('',#8806);
#10123 = CURVE_STYLE('',#10124,POSITIVE_LENGTH_MEASURE(0.1),#8809);
#10124 = DRAUGHTING_PRE_DEFINED_CURVE_FONT('continuous');
#10125 = STYLED_ITEM('color',(#10126),#2637);
#10126 = PRESENTATION_STYLE_ASSIGNMENT((#10127,#10132));
#10127 = SURFACE_STYLE_USAGE(.BOTH.,#10128);
#10128 = SURFACE_SIDE_STYLE('',(#10129));
#10129 = SURFACE_STYLE_FILL_AREA(#10130);
#10130 = FILL_AREA_STYLE('',(#10131));
#10131 = FILL_AREA_STYLE_COLOUR('',#8806);
#10132 = CURVE_STYLE('',#10133,POSITIVE_LENGTH_MEASURE(0.1),#8809);
#10133 = DRAUGHTING_PRE_DEFINED_CURVE_FONT('continuous');
#10134 = STYLED_ITEM('color',(#10135),#2645);
#10135 = PRESENTATION_STYLE_ASSIGNMENT((#10136,#10141));
#10136 = SURFACE_STYLE_USAGE(.BOTH.,#10137);
#10137 = SURFACE_SIDE_STYLE('',(#10138));
#10138 = SURFACE_STYLE_FILL_AREA(#10139);
#10139 = FILL_AREA_STYLE('',(#10140));
#10140 = FILL_AREA_STYLE_COLOUR('',#8806);
#10141 = CURVE_STYLE('',#10142,POSITIVE_LENGTH_MEASURE(0.1),#8809);
#10142 = DRAUGHTING_PRE_DEFINED_CURVE_FONT('continuous');
#10143 = STYLED_ITEM('color',(#10144),#2653);
#10144 = PRESENTATION_STYLE_ASSIGNMENT((#10145,#10150));
#10145 = SURFACE_STYLE_USAGE(.BOTH.,#10146);
#10146 = SURFACE_SIDE_STYLE('',(#10147));
#10147 = SURFACE_STYLE_FILL_AREA(#10148);
#10148 = FILL_AREA_STYLE('',(#10149));
#10149 = FILL_AREA_STYLE_COLOUR('',#8806);
#10150 = CURVE_STYLE('',#10151,POSITIVE_LENGTH_MEASURE(0.1),#8809);
#10151 = DRAUGHTING_PRE_DEFINED_CURVE_FONT('continuous');
#10152 = STYLED_ITEM('color',(#10153),#2661);
#10153 = PRESENTATION_STYLE_ASSIGNMENT((#10154,#10159));
#10154 = SURFACE_STYLE_USAGE(.BOTH.,#10155);
#10155 = SURFACE_SIDE_STYLE('',(#10156));
#10156 = SURFACE_STYLE_FILL_AREA(#10157);
#10157 = FILL_AREA_STYLE('',(#10158));
#10158 = FILL_AREA_STYLE_COLOUR('',#8806);
#10159 = CURVE_STYLE('',#10160,POSITIVE_LENGTH_MEASURE(0.1),#8809);
#10160 = DRAUGHTING_PRE_DEFINED_CURVE_FONT('continuous');
#10161 = STYLED_ITEM('color',(#10162),#2669);
#10162 = PRESENTATION_STYLE_ASSIGNMENT((#10163,#10168));
#10163 = SURFACE_STYLE_USAGE(.BOTH.,#10164);
#10164 = SURFACE_SIDE_STYLE('',(#10165));
#10165 = SURFACE_STYLE_FILL_AREA(#10166);
#10166 = FILL_AREA_STYLE('',(#10167));
#10167 = FILL_AREA_STYLE_COLOUR('',#8806);
#10168 = CURVE_STYLE('',#10169,POSITIVE_LENGTH_MEASURE(0.1),#8809);
#10169 = DRAUGHTING_PRE_DEFINED_CURVE_FONT('continuous');
#10170 = STYLED_ITEM('color',(#10171),#2677);
#10171 = PRESENTATION_STYLE_ASSIGNMENT((#10172,#10177));
#10172 = SURFACE_STYLE_USAGE(.BOTH.,#10173);
#10173 = SURFACE_SIDE_STYLE('',(#10174));
#10174 = SURFACE_STYLE_FILL_AREA(#10175);
#10175 = FILL_AREA_STYLE('',(#10176));
#10176 = FILL_AREA_STYLE_COLOUR('',#8806);
#10177 = CURVE_STYLE('',#10178,POSITIVE_LENGTH_MEASURE(0.1),#8809);
#10178 = DRAUGHTING_PRE_DEFINED_CURVE_FONT('continuous');
#10179 = STYLED_ITEM('color',(#10180),#2699);
#10180 = PRESENTATION_STYLE_ASSIGNMENT((#10181,#10186));
#10181 = SURFACE_STYLE_USAGE(.BOTH.,#10182);
#10182 = SURFACE_SIDE_STYLE('',(#10183));
#10183 = SURFACE_STYLE_FILL_AREA(#10184);
#10184 = FILL_AREA_STYLE('',(#10185));
#10185 = FILL_AREA_STYLE_COLOUR('',#8806);
#10186 = CURVE_STYLE('',#10187,POSITIVE_LENGTH_MEASURE(0.1),#8809);
#10187 = DRAUGHTING_PRE_DEFINED_CURVE_FONT('continuous');
#10188 = STYLED_ITEM('color',(#10189),#2701);
#10189 = PRESENTATION_STYLE_ASSIGNMENT((#10190,#10195));
#10190 = SURFACE_STYLE_USAGE(.BOTH.,#10191);
#10191 = SURFACE_SIDE_STYLE('',(#10192));
#10192 = SURFACE_STYLE_FILL_AREA(#10193);
#10193 = FILL_AREA_STYLE('',(#10194));
#10194 = FILL_AREA_STYLE_COLOUR('',#8806);
#10195 = CURVE_STYLE('',#10196,POSITIVE_LENGTH_MEASURE(0.1),#8809);
#10196 = DRAUGHTING_PRE_DEFINED_CURVE_FONT('continuous');
#10197 = STYLED_ITEM('color',(#10198),#2709);
#10198 = PRESENTATION_STYLE_ASSIGNMENT((#10199,#10204));
#10199 = SURFACE_STYLE_USAGE(.BOTH.,#10200);
#10200 = SURFACE_SIDE_STYLE('',(#10201));
#10201 = SURFACE_STYLE_FILL_AREA(#10202);
#10202 = FILL_AREA_STYLE('',(#10203));
#10203 = FILL_AREA_STYLE_COLOUR('',#8806);
#10204 = CURVE_STYLE('',#10205,POSITIVE_LENGTH_MEASURE(0.1),#8809);
#10205 = DRAUGHTING_PRE_DEFINED_CURVE_FONT('continuous');
#10206 = STYLED_ITEM('color',(#10207),#2717);
#10207 = PRESENTATION_STYLE_ASSIGNMENT((#10208,#10213));
#10208 = SURFACE_STYLE_USAGE(.BOTH.,#10209);
#10209 = SURFACE_SIDE_STYLE('',(#10210));
#10210 = SURFACE_STYLE_FILL_AREA(#10211);
#10211 = FILL_AREA_STYLE('',(#10212));
#10212 = FILL_AREA_STYLE_COLOUR('',#8806);
#10213 = CURVE_STYLE('',#10214,POSITIVE_LENGTH_MEASURE(0.1),#8809);
#10214 = DRAUGHTING_PRE_DEFINED_CURVE_FONT('continuous');
#10215 = STYLED_ITEM('color',(#10216),#2725);
#10216 = PRESENTATION_STYLE_ASSIGNMENT((#10217,#10222));
#10217 = SURFACE_STYLE_USAGE(.BOTH.,#10218);
#10218 = SURFACE_SIDE_STYLE('',(#10219));
#10219 = SURFACE_STYLE_FILL_AREA(#10220);
#10220 = FILL_AREA_STYLE('',(#10221));
#10221 = FILL_AREA_STYLE_COLOUR('',#8806);
#10222 = CURVE_STYLE('',#10223,POSITIVE_LENGTH_MEASURE(0.1),#8809);
#10223 = DRAUGHTING_PRE_DEFINED_CURVE_FONT('continuous');
#10224 = STYLED_ITEM('color',(#10225),#2733);
#10225 = PRESENTATION_STYLE_ASSIGNMENT((#10226,#10231));
#10226 = SURFACE_STYLE_USAGE(.BOTH.,#10227);
#10227 = SURFACE_SIDE_STYLE('',(#10228));
#10228 = SURFACE_STYLE_FILL_AREA(#10229);
#10229 = FILL_AREA_STYLE('',(#10230));
#10230 = FILL_AREA_STYLE_COLOUR('',#8806);
#10231 = CURVE_STYLE('',#10232,POSITIVE_LENGTH_MEASURE(0.1),#8809);
#10232 = DRAUGHTING_PRE_DEFINED_CURVE_FONT('continuous');
#10233 = STYLED_ITEM('color',(#10234),#2741);
#10234 = PRESENTATION_STYLE_ASSIGNMENT((#10235,#10240));
#10235 = SURFACE_STYLE_USAGE(.BOTH.,#10236);
#10236 = SURFACE_SIDE_STYLE('',(#10237));
#10237 = SURFACE_STYLE_FILL_AREA(#10238);
#10238 = FILL_AREA_STYLE('',(#10239));
#10239 = FILL_AREA_STYLE_COLOUR('',#8806);
#10240 = CURVE_STYLE('',#10241,POSITIVE_LENGTH_MEASURE(0.1),#8809);
#10241 = DRAUGHTING_PRE_DEFINED_CURVE_FONT('continuous');
#10242 = STYLED_ITEM('color',(#10243),#2749);
#10243 = PRESENTATION_STYLE_ASSIGNMENT((#10244,#10249));
#10244 = SURFACE_STYLE_USAGE(.BOTH.,#10245);
#10245 = SURFACE_SIDE_STYLE('',(#10246));
#10246 = SURFACE_STYLE_FILL_AREA(#10247);
#10247 = FILL_AREA_STYLE('',(#10248));
#10248 = FILL_AREA_STYLE_COLOUR('',#8806);
#10249 = CURVE_STYLE('',#10250,POSITIVE_LENGTH_MEASURE(0.1),#8809);
#10250 = DRAUGHTING_PRE_DEFINED_CURVE_FONT('continuous');
#10251 = STYLED_ITEM('color',(#10252),#2757);
#10252 = PRESENTATION_STYLE_ASSIGNMENT((#10253,#10258));
#10253 = SURFACE_STYLE_USAGE(.BOTH.,#10254);
#10254 = SURFACE_SIDE_STYLE('',(#10255));
#10255 = SURFACE_STYLE_FILL_AREA(#10256);
#10256 = FILL_AREA_STYLE('',(#10257));
#10257 = FILL_AREA_STYLE_COLOUR('',#8806);
#10258 = CURVE_STYLE('',#10259,POSITIVE_LENGTH_MEASURE(0.1),#8809);
#10259 = DRAUGHTING_PRE_DEFINED_CURVE_FONT('continuous');
#10260 = STYLED_ITEM('color',(#10261),#2765);
#10261 = PRESENTATION_STYLE_ASSIGNMENT((#10262,#10267));
#10262 = SURFACE_STYLE_USAGE(.BOTH.,#10263);
#10263 = SURFACE_SIDE_STYLE('',(#10264));
#10264 = SURFACE_STYLE_FILL_AREA(#10265);
#10265 = FILL_AREA_STYLE('',(#10266));
#10266 = FILL_AREA_STYLE_COLOUR('',#8806);
#10267 = CURVE_STYLE('',#10268,POSITIVE_LENGTH_MEASURE(0.1),#8809);
#10268 = DRAUGHTING_PRE_DEFINED_CURVE_FONT('continuous');
#10269 = STYLED_ITEM('color',(#10270),#2959);
#10270 = PRESENTATION_STYLE_ASSIGNMENT((#10271,#10276));
#10271 = SURFACE_STYLE_USAGE(.BOTH.,#10272);
#10272 = SURFACE_SIDE_STYLE('',(#10273));
#10273 = SURFACE_STYLE_FILL_AREA(#10274);
#10274 = FILL_AREA_STYLE('',(#10275));
#10275 = FILL_AREA_STYLE_COLOUR('',#8806);
#10276 = CURVE_STYLE('',#10277,POSITIVE_LENGTH_MEASURE(0.1),#8809);
#10277 = DRAUGHTING_PRE_DEFINED_CURVE_FONT('continuous');
#10278 = STYLED_ITEM('color',(#10279),#2961);
#10279 = PRESENTATION_STYLE_ASSIGNMENT((#10280,#10285));
#10280 = SURFACE_STYLE_USAGE(.BOTH.,#10281);
#10281 = SURFACE_SIDE_STYLE('',(#10282));
#10282 = SURFACE_STYLE_FILL_AREA(#10283);
#10283 = FILL_AREA_STYLE('',(#10284));
#10284 = FILL_AREA_STYLE_COLOUR('',#8806);
#10285 = CURVE_STYLE('',#10286,POSITIVE_LENGTH_MEASURE(0.1),#8809);
#10286 = DRAUGHTING_PRE_DEFINED_CURVE_FONT('continuous');
#10287 = STYLED_ITEM('color',(#10288),#2969);
#10288 = PRESENTATION_STYLE_ASSIGNMENT((#10289,#10294));
#10289 = SURFACE_STYLE_USAGE(.BOTH.,#10290);
#10290 = SURFACE_SIDE_STYLE('',(#10291));
#10291 = SURFACE_STYLE_FILL_AREA(#10292);
#10292 = FILL_AREA_STYLE('',(#10293));
#10293 = FILL_AREA_STYLE_COLOUR('',#8806);
#10294 = CURVE_STYLE('',#10295,POSITIVE_LENGTH_MEASURE(0.1),#8809);
#10295 = DRAUGHTING_PRE_DEFINED_CURVE_FONT('continuous');
#10296 = STYLED_ITEM('color',(#10297),#2977);
#10297 = PRESENTATION_STYLE_ASSIGNMENT((#10298,#10303));
#10298 = SURFACE_STYLE_USAGE(.BOTH.,#10299);
#10299 = SURFACE_SIDE_STYLE('',(#10300));
#10300 = SURFACE_STYLE_FILL_AREA(#10301);
#10301 = FILL_AREA_STYLE('',(#10302));
#10302 = FILL_AREA_STYLE_COLOUR('',#8806);
#10303 = CURVE_STYLE('',#10304,POSITIVE_LENGTH_MEASURE(0.1),#8809);
#10304 = DRAUGHTING_PRE_DEFINED_CURVE_FONT('continuous');
#10305 = STYLED_ITEM('color',(#10306),#2985);
#10306 = PRESENTATION_STYLE_ASSIGNMENT((#10307,#10312));
#10307 = SURFACE_STYLE_USAGE(.BOTH.,#10308);
#10308 = SURFACE_SIDE_STYLE('',(#10309));
#10309 = SURFACE_STYLE_FILL_AREA(#10310);
#10310 = FILL_AREA_STYLE('',(#10311));
#10311 = FILL_AREA_STYLE_COLOUR('',#8806);
#10312 = CURVE_STYLE('',#10313,POSITIVE_LENGTH_MEASURE(0.1),#8809);
#10313 = DRAUGHTING_PRE_DEFINED_CURVE_FONT('continuous');
#10314 = STYLED_ITEM('color',(#10315),#2993);
#10315 = PRESENTATION_STYLE_ASSIGNMENT((#10316,#10321));
#10316 = SURFACE_STYLE_USAGE(.BOTH.,#10317);
#10317 = SURFACE_SIDE_STYLE('',(#10318));
#10318 = SURFACE_STYLE_FILL_AREA(#10319);
#10319 = FILL_AREA_STYLE('',(#10320));
#10320 = FILL_AREA_STYLE_COLOUR('',#8806);
#10321 = CURVE_STYLE('',#10322,POSITIVE_LENGTH_MEASURE(0.1),#8809);
#10322 = DRAUGHTING_PRE_DEFINED_CURVE_FONT('continuous');
#10323 = STYLED_ITEM('color',(#10324),#3001);
#10324 = PRESENTATION_STYLE_ASSIGNMENT((#10325,#10330));
#10325 = SURFACE_STYLE_USAGE(.BOTH.,#10326);
#10326 = SURFACE_SIDE_STYLE('',(#10327));
#10327 = SURFACE_STYLE_FILL_AREA(#10328);
#10328 = FILL_AREA_STYLE('',(#10329));
#10329 = FILL_AREA_STYLE_COLOUR('',#8806);
#10330 = CURVE_STYLE('',#10331,POSITIVE_LENGTH_MEASURE(0.1),#8809);
#10331 = DRAUGHTING_PRE_DEFINED_CURVE_FONT('continuous');
#10332 = STYLED_ITEM('color',(#10333),#3009);
#10333 = PRESENTATION_STYLE_ASSIGNMENT((#10334,#10339));
#10334 = SURFACE_STYLE_USAGE(.BOTH.,#10335);
#10335 = SURFACE_SIDE_STYLE('',(#10336));
#10336 = SURFACE_STYLE_FILL_AREA(#10337);
#10337 = FILL_AREA_STYLE('',(#10338));
#10338 = FILL_AREA_STYLE_COLOUR('',#8806);
#10339 = CURVE_STYLE('',#10340,POSITIVE_LENGTH_MEASURE(0.1),#8809);
#10340 = DRAUGHTING_PRE_DEFINED_CURVE_FONT('continuous');
#10341 = STYLED_ITEM('color',(#10342),#3017);
#10342 = PRESENTATION_STYLE_ASSIGNMENT((#10343,#10348));
#10343 = SURFACE_STYLE_USAGE(.BOTH.,#10344);
#10344 = SURFACE_SIDE_STYLE('',(#10345));
#10345 = SURFACE_STYLE_FILL_AREA(#10346);
#10346 = FILL_AREA_STYLE('',(#10347));
#10347 = FILL_AREA_STYLE_COLOUR('',#8806);
#10348 = CURVE_STYLE('',#10349,POSITIVE_LENGTH_MEASURE(0.1),#8809);
#10349 = DRAUGHTING_PRE_DEFINED_CURVE_FONT('continuous');
#10350 = STYLED_ITEM('color',(#10351),#3025);
#10351 = PRESENTATION_STYLE_ASSIGNMENT((#10352,#10357));
#10352 = SURFACE_STYLE_USAGE(.BOTH.,#10353);
#10353 = SURFACE_SIDE_STYLE('',(#10354));
#10354 = SURFACE_STYLE_FILL_AREA(#10355);
#10355 = FILL_AREA_STYLE('',(#10356));
#10356 = FILL_AREA_STYLE_COLOUR('',#8806);
#10357 = CURVE_STYLE('',#10358,POSITIVE_LENGTH_MEASURE(0.1),#8809);
#10358 = DRAUGHTING_PRE_DEFINED_CURVE_FONT('continuous');
#10359 = STYLED_ITEM('color',(#10360),#3047);
#10360 = PRESENTATION_STYLE_ASSIGNMENT((#10361,#10366));
#10361 = SURFACE_STYLE_USAGE(.BOTH.,#10362);
#10362 = SURFACE_SIDE_STYLE('',(#10363));
#10363 = SURFACE_STYLE_FILL_AREA(#10364);
#10364 = FILL_AREA_STYLE('',(#10365));
#10365 = FILL_AREA_STYLE_COLOUR('',#8806);
#10366 = CURVE_STYLE('',#10367,POSITIVE_LENGTH_MEASURE(0.1),#8809);
#10367 = DRAUGHTING_PRE_DEFINED_CURVE_FONT('continuous');
#10368 = STYLED_ITEM('color',(#10369),#3049);
#10369 = PRESENTATION_STYLE_ASSIGNMENT((#10370,#10375));
#10370 = SURFACE_STYLE_USAGE(.BOTH.,#10371);
#10371 = SURFACE_SIDE_STYLE('',(#10372));
#10372 = SURFACE_STYLE_FILL_AREA(#10373);
#10373 = FILL_AREA_STYLE('',(#10374));
#10374 = FILL_AREA_STYLE_COLOUR('',#8806);
#10375 = CURVE_STYLE('',#10376,POSITIVE_LENGTH_MEASURE(0.1),#8809);
#10376 = DRAUGHTING_PRE_DEFINED_CURVE_FONT('continuous');
#10377 = STYLED_ITEM('color',(#10378),#3057);
#10378 = PRESENTATION_STYLE_ASSIGNMENT((#10379,#10384));
#10379 = SURFACE_STYLE_USAGE(.BOTH.,#10380);
#10380 = SURFACE_SIDE_STYLE('',(#10381));
#10381 = SURFACE_STYLE_FILL_AREA(#10382);
#10382 = FILL_AREA_STYLE('',(#10383));
#10383 = FILL_AREA_STYLE_COLOUR('',#8806);
#10384 = CURVE_STYLE('',#10385,POSITIVE_LENGTH_MEASURE(0.1),#8809);
#10385 = DRAUGHTING_PRE_DEFINED_CURVE_FONT('continuous');
#10386 = STYLED_ITEM('color',(#10387),#3065);
#10387 = PRESENTATION_STYLE_ASSIGNMENT((#10388,#10393));
#10388 = SURFACE_STYLE_USAGE(.BOTH.,#10389);
#10389 = SURFACE_SIDE_STYLE('',(#10390));
#10390 = SURFACE_STYLE_FILL_AREA(#10391);
#10391 = FILL_AREA_STYLE('',(#10392));
#10392 = FILL_AREA_STYLE_COLOUR('',#8806);
#10393 = CURVE_STYLE('',#10394,POSITIVE_LENGTH_MEASURE(0.1),#8809);
#10394 = DRAUGHTING_PRE_DEFINED_CURVE_FONT('continuous');
#10395 = STYLED_ITEM('color',(#10396),#3073);
#10396 = PRESENTATION_STYLE_ASSIGNMENT((#10397,#10402));
#10397 = SURFACE_STYLE_USAGE(.BOTH.,#10398);
#10398 = SURFACE_SIDE_STYLE('',(#10399));
#10399 = SURFACE_STYLE_FILL_AREA(#10400);
#10400 = FILL_AREA_STYLE('',(#10401));
#10401 = FILL_AREA_STYLE_COLOUR('',#8806);
#10402 = CURVE_STYLE('',#10403,POSITIVE_LENGTH_MEASURE(0.1),#8809);
#10403 = DRAUGHTING_PRE_DEFINED_CURVE_FONT('continuous');
#10404 = STYLED_ITEM('color',(#10405),#3081);
#10405 = PRESENTATION_STYLE_ASSIGNMENT((#10406,#10411));
#10406 = SURFACE_STYLE_USAGE(.BOTH.,#10407);
#10407 = SURFACE_SIDE_STYLE('',(#10408));
#10408 = SURFACE_STYLE_FILL_AREA(#10409);
#10409 = FILL_AREA_STYLE('',(#10410));
#10410 = FILL_AREA_STYLE_COLOUR('',#8806);
#10411 = CURVE_STYLE('',#10412,POSITIVE_LENGTH_MEASURE(0.1),#8809);
#10412 = DRAUGHTING_PRE_DEFINED_CURVE_FONT('continuous');
#10413 = STYLED_ITEM('color',(#10414),#3089);
#10414 = PRESENTATION_STYLE_ASSIGNMENT((#10415,#10420));
#10415 = SURFACE_STYLE_USAGE(.BOTH.,#10416);
#10416 = SURFACE_SIDE_STYLE('',(#10417));
#10417 = SURFACE_STYLE_FILL_AREA(#10418);
#10418 = FILL_AREA_STYLE('',(#10419));
#10419 = FILL_AREA_STYLE_COLOUR('',#8806);
#10420 = CURVE_STYLE('',#10421,POSITIVE_LENGTH_MEASURE(0.1),#8809);
#10421 = DRAUGHTING_PRE_DEFINED_CURVE_FONT('continuous');
#10422 = STYLED_ITEM('color',(#10423),#3097);
#10423 = PRESENTATION_STYLE_ASSIGNMENT((#10424,#10429));
#10424 = SURFACE_STYLE_USAGE(.BOTH.,#10425);
#10425 = SURFACE_SIDE_STYLE('',(#10426));
#10426 = SURFACE_STYLE_FILL_AREA(#10427);
#10427 = FILL_AREA_STYLE('',(#10428));
#10428 = FILL_AREA_STYLE_COLOUR('',#8806);
#10429 = CURVE_STYLE('',#10430,POSITIVE_LENGTH_MEASURE(0.1),#8809);
#10430 = DRAUGHTING_PRE_DEFINED_CURVE_FONT('continuous');
#10431 = STYLED_ITEM('color',(#10432),#3105);
#10432 = PRESENTATION_STYLE_ASSIGNMENT((#10433,#10438));
#10433 = SURFACE_STYLE_USAGE(.BOTH.,#10434);
#10434 = SURFACE_SIDE_STYLE('',(#10435));
#10435 = SURFACE_STYLE_FILL_AREA(#10436);
#10436 = FILL_AREA_STYLE('',(#10437));
#10437 = FILL_AREA_STYLE_COLOUR('',#8806);
#10438 = CURVE_STYLE('',#10439,POSITIVE_LENGTH_MEASURE(0.1),#8809);
#10439 = DRAUGHTING_PRE_DEFINED_CURVE_FONT('continuous');
#10440 = STYLED_ITEM('color',(#10441),#3113);
#10441 = PRESENTATION_STYLE_ASSIGNMENT((#10442,#10447));
#10442 = SURFACE_STYLE_USAGE(.BOTH.,#10443);
#10443 = SURFACE_SIDE_STYLE('',(#10444));
#10444 = SURFACE_STYLE_FILL_AREA(#10445);
#10445 = FILL_AREA_STYLE('',(#10446));
#10446 = FILL_AREA_STYLE_COLOUR('',#8806);
#10447 = CURVE_STYLE('',#10448,POSITIVE_LENGTH_MEASURE(0.1),#8809);
#10448 = DRAUGHTING_PRE_DEFINED_CURVE_FONT('continuous');
#10449 = STYLED_ITEM('color',(#10450),#3307);
#10450 = PRESENTATION_STYLE_ASSIGNMENT((#10451,#10456));
#10451 = SURFACE_STYLE_USAGE(.BOTH.,#10452);
#10452 = SURFACE_SIDE_STYLE('',(#10453));
#10453 = SURFACE_STYLE_FILL_AREA(#10454);
#10454 = FILL_AREA_STYLE('',(#10455));
#10455 = FILL_AREA_STYLE_COLOUR('',#8806);
#10456 = CURVE_STYLE('',#10457,POSITIVE_LENGTH_MEASURE(0.1),#8809);
#10457 = DRAUGHTING_PRE_DEFINED_CURVE_FONT('continuous');
#10458 = STYLED_ITEM('color',(#10459),#3309);
#10459 = PRESENTATION_STYLE_ASSIGNMENT((#10460,#10465));
#10460 = SURFACE_STYLE_USAGE(.BOTH.,#10461);
#10461 = SURFACE_SIDE_STYLE('',(#10462));
#10462 = SURFACE_STYLE_FILL_AREA(#10463);
#10463 = FILL_AREA_STYLE('',(#10464));
#10464 = FILL_AREA_STYLE_COLOUR('',#8806);
#10465 = CURVE_STYLE('',#10466,POSITIVE_LENGTH_MEASURE(0.1),#8809);
#10466 = DRAUGHTING_PRE_DEFINED_CURVE_FONT('continuous');
#10467 = STYLED_ITEM('color',(#10468),#3317);
#10468 = PRESENTATION_STYLE_ASSIGNMENT((#10469,#10474));
#10469 = SURFACE_STYLE_USAGE(.BOTH.,#10470);
#10470 = SURFACE_SIDE_STYLE('',(#10471));
#10471 = SURFACE_STYLE_FILL_AREA(#10472);
#10472 = FILL_AREA_STYLE('',(#10473));
#10473 = FILL_AREA_STYLE_COLOUR('',#8806);
#10474 = CURVE_STYLE('',#10475,POSITIVE_LENGTH_MEASURE(0.1),#8809);
#10475 = DRAUGHTING_PRE_DEFINED_CURVE_FONT('continuous');
#10476 = STYLED_ITEM('color',(#10477),#3325);
#10477 = PRESENTATION_STYLE_ASSIGNMENT((#10478,#10483));
#10478 = SURFACE_STYLE_USAGE(.BOTH.,#10479);
#10479 = SURFACE_SIDE_STYLE('',(#10480));
#10480 = SURFACE_STYLE_FILL_AREA(#10481);
#10481 = FILL_AREA_STYLE('',(#10482));
#10482 = FILL_AREA_STYLE_COLOUR('',#8806);
#10483 = CURVE_STYLE('',#10484,POSITIVE_LENGTH_MEASURE(0.1),#8809);
#10484 = DRAUGHTING_PRE_DEFINED_CURVE_FONT('continuous');
#10485 = STYLED_ITEM('color',(#10486),#3333);
#10486 = PRESENTATION_STYLE_ASSIGNMENT((#10487,#10492));
#10487 = SURFACE_STYLE_USAGE(.BOTH.,#10488);
#10488 = SURFACE_SIDE_STYLE('',(#10489));
#10489 = SURFACE_STYLE_FILL_AREA(#10490);
#10490 = FILL_AREA_STYLE('',(#10491));
#10491 = FILL_AREA_STYLE_COLOUR('',#8806);
#10492 = CURVE_STYLE('',#10493,POSITIVE_LENGTH_MEASURE(0.1),#8809);
#10493 = DRAUGHTING_PRE_DEFINED_CURVE_FONT('continuous');
#10494 = STYLED_ITEM('color',(#10495),#3341);
#10495 = PRESENTATION_STYLE_ASSIGNMENT((#10496,#10501));
#10496 = SURFACE_STYLE_USAGE(.BOTH.,#10497);
#10497 = SURFACE_SIDE_STYLE('',(#10498));
#10498 = SURFACE_STYLE_FILL_AREA(#10499);
#10499 = FILL_AREA_STYLE('',(#10500));
#10500 = FILL_AREA_STYLE_COLOUR('',#8806);
#10501 = CURVE_STYLE('',#10502,POSITIVE_LENGTH_MEASURE(0.1),#8809);
#10502 = DRAUGHTING_PRE_DEFINED_CURVE_FONT('continuous');
#10503 = STYLED_ITEM('color',(#10504),#3349);
#10504 = PRESENTATION_STYLE_ASSIGNMENT((#10505,#10510));
#10505 = SURFACE_STYLE_USAGE(.BOTH.,#10506);
#10506 = SURFACE_SIDE_STYLE('',(#10507));
#10507 = SURFACE_STYLE_FILL_AREA(#10508);
#10508 = FILL_AREA_STYLE('',(#10509));
#10509 = FILL_AREA_STYLE_COLOUR('',#8806);
#10510 = CURVE_STYLE('',#10511,POSITIVE_LENGTH_MEASURE(0.1),#8809);
#10511 = DRAUGHTING_PRE_DEFINED_CURVE_FONT('continuous');
#10512 = STYLED_ITEM('color',(#10513),#3357);
#10513 = PRESENTATION_STYLE_ASSIGNMENT((#10514,#10519));
#10514 = SURFACE_STYLE_USAGE(.BOTH.,#10515);
#10515 = SURFACE_SIDE_STYLE('',(#10516));
#10516 = SURFACE_STYLE_FILL_AREA(#10517);
#10517 = FILL_AREA_STYLE('',(#10518));
#10518 = FILL_AREA_STYLE_COLOUR('',#8806);
#10519 = CURVE_STYLE('',#10520,POSITIVE_LENGTH_MEASURE(0.1),#8809);
#10520 = DRAUGHTING_PRE_DEFINED_CURVE_FONT('continuous');
#10521 = STYLED_ITEM('color',(#10522),#3365);
#10522 = PRESENTATION_STYLE_ASSIGNMENT((#10523,#10528));
#10523 = SURFACE_STYLE_USAGE(.BOTH.,#10524);
#10524 = SURFACE_SIDE_STYLE('',(#10525));
#10525 = SURFACE_STYLE_FILL_AREA(#10526);
#10526 = FILL_AREA_STYLE('',(#10527));
#10527 = FILL_AREA_STYLE_COLOUR('',#8806);
#10528 = CURVE_STYLE('',#10529,POSITIVE_LENGTH_MEASURE(0.1),#8809);
#10529 = DRAUGHTING_PRE_DEFINED_CURVE_FONT('continuous');
#10530 = STYLED_ITEM('color',(#10531),#3373);
#10531 = PRESENTATION_STYLE_ASSIGNMENT((#10532,#10537));
#10532 = SURFACE_STYLE_USAGE(.BOTH.,#10533);
#10533 = SURFACE_SIDE_STYLE('',(#10534));
#10534 = SURFACE_STYLE_FILL_AREA(#10535);
#10535 = FILL_AREA_STYLE('',(#10536));
#10536 = FILL_AREA_STYLE_COLOUR('',#8806);
#10537 = CURVE_STYLE('',#10538,POSITIVE_LENGTH_MEASURE(0.1),#8809);
#10538 = DRAUGHTING_PRE_DEFINED_CURVE_FONT('continuous');
#10539 = STYLED_ITEM('color',(#10540),#3395);
#10540 = PRESENTATION_STYLE_ASSIGNMENT((#10541,#10546));
#10541 = SURFACE_STYLE_USAGE(.BOTH.,#10542);
#10542 = SURFACE_SIDE_STYLE('',(#10543));
#10543 = SURFACE_STYLE_FILL_AREA(#10544);
#10544 = FILL_AREA_STYLE('',(#10545));
#10545 = FILL_AREA_STYLE_COLOUR('',#8806);
#10546 = CURVE_STYLE('',#10547,POSITIVE_LENGTH_MEASURE(0.1),#8809);
#10547 = DRAUGHTING_PRE_DEFINED_CURVE_FONT('continuous');
#10548 = STYLED_ITEM('color',(#10549),#3397);
#10549 = PRESENTATION_STYLE_ASSIGNMENT((#10550,#10555));
#10550 = SURFACE_STYLE_USAGE(.BOTH.,#10551);
#10551 = SURFACE_SIDE_STYLE('',(#10552));
#10552 = SURFACE_STYLE_FILL_AREA(#10553);
#10553 = FILL_AREA_STYLE('',(#10554));
#10554 = FILL_AREA_STYLE_COLOUR('',#8806);
#10555 = CURVE_STYLE('',#10556,POSITIVE_LENGTH_MEASURE(0.1),#8809);
#10556 = DRAUGHTING_PRE_DEFINED_CURVE_FONT('continuous');
#10557 = STYLED_ITEM('color',(#10558),#3405);
#10558 = PRESENTATION_STYLE_ASSIGNMENT((#10559,#10564));
#10559 = SURFACE_STYLE_USAGE(.BOTH.,#10560);
#10560 = SURFACE_SIDE_STYLE('',(#10561));
#10561 = SURFACE_STYLE_FILL_AREA(#10562);
#10562 = FILL_AREA_STYLE('',(#10563));
#10563 = FILL_AREA_STYLE_COLOUR('',#8806);
#10564 = CURVE_STYLE('',#10565,POSITIVE_LENGTH_MEASURE(0.1),#8809);
#10565 = DRAUGHTING_PRE_DEFINED_CURVE_FONT('continuous');
#10566 = STYLED_ITEM('color',(#10567),#3413);
#10567 = PRESENTATION_STYLE_ASSIGNMENT((#10568,#10573));
#10568 = SURFACE_STYLE_USAGE(.BOTH.,#10569);
#10569 = SURFACE_SIDE_STYLE('',(#10570));
#10570 = SURFACE_STYLE_FILL_AREA(#10571);
#10571 = FILL_AREA_STYLE('',(#10572));
#10572 = FILL_AREA_STYLE_COLOUR('',#8806);
#10573 = CURVE_STYLE('',#10574,POSITIVE_LENGTH_MEASURE(0.1),#8809);
#10574 = DRAUGHTING_PRE_DEFINED_CURVE_FONT('continuous');
#10575 = STYLED_ITEM('color',(#10576),#3421);
#10576 = PRESENTATION_STYLE_ASSIGNMENT((#10577,#10582));
#10577 = SURFACE_STYLE_USAGE(.BOTH.,#10578);
#10578 = SURFACE_SIDE_STYLE('',(#10579));
#10579 = SURFACE_STYLE_FILL_AREA(#10580);
#10580 = FILL_AREA_STYLE('',(#10581));
#10581 = FILL_AREA_STYLE_COLOUR('',#8806);
#10582 = CURVE_STYLE('',#10583,POSITIVE_LENGTH_MEASURE(0.1),#8809);
#10583 = DRAUGHTING_PRE_DEFINED_CURVE_FONT('continuous');
#10584 = STYLED_ITEM('color',(#10585),#3429);
#10585 = PRESENTATION_STYLE_ASSIGNMENT((#10586,#10591));
#10586 = SURFACE_STYLE_USAGE(.BOTH.,#10587);
#10587 = SURFACE_SIDE_STYLE('',(#10588));
#10588 = SURFACE_STYLE_FILL_AREA(#10589);
#10589 = FILL_AREA_STYLE('',(#10590));
#10590 = FILL_AREA_STYLE_COLOUR('',#8806);
#10591 = CURVE_STYLE('',#10592,POSITIVE_LENGTH_MEASURE(0.1),#8809);
#10592 = DRAUGHTING_PRE_DEFINED_CURVE_FONT('continuous');
#10593 = STYLED_ITEM('color',(#10594),#3437);
#10594 = PRESENTATION_STYLE_ASSIGNMENT((#10595,#10600));
#10595 = SURFACE_STYLE_USAGE(.BOTH.,#10596);
#10596 = SURFACE_SIDE_STYLE('',(#10597));
#10597 = SURFACE_STYLE_FILL_AREA(#10598);
#10598 = FILL_AREA_STYLE('',(#10599));
#10599 = FILL_AREA_STYLE_COLOUR('',#8806);
#10600 = CURVE_STYLE('',#10601,POSITIVE_LENGTH_MEASURE(0.1),#8809);
#10601 = DRAUGHTING_PRE_DEFINED_CURVE_FONT('continuous');
#10602 = STYLED_ITEM('color',(#10603),#3445);
#10603 = PRESENTATION_STYLE_ASSIGNMENT((#10604,#10609));
#10604 = SURFACE_STYLE_USAGE(.BOTH.,#10605);
#10605 = SURFACE_SIDE_STYLE('',(#10606));
#10606 = SURFACE_STYLE_FILL_AREA(#10607);
#10607 = FILL_AREA_STYLE('',(#10608));
#10608 = FILL_AREA_STYLE_COLOUR('',#8806);
#10609 = CURVE_STYLE('',#10610,POSITIVE_LENGTH_MEASURE(0.1),#8809);
#10610 = DRAUGHTING_PRE_DEFINED_CURVE_FONT('continuous');
#10611 = STYLED_ITEM('color',(#10612),#3453);
#10612 = PRESENTATION_STYLE_ASSIGNMENT((#10613,#10618));
#10613 = SURFACE_STYLE_USAGE(.BOTH.,#10614);
#10614 = SURFACE_SIDE_STYLE('',(#10615));
#10615 = SURFACE_STYLE_FILL_AREA(#10616);
#10616 = FILL_AREA_STYLE('',(#10617));
#10617 = FILL_AREA_STYLE_COLOUR('',#8806);
#10618 = CURVE_STYLE('',#10619,POSITIVE_LENGTH_MEASURE(0.1),#8809);
#10619 = DRAUGHTING_PRE_DEFINED_CURVE_FONT('continuous');
#10620 = STYLED_ITEM('color',(#10621),#3461);
#10621 = PRESENTATION_STYLE_ASSIGNMENT((#10622,#10627));
#10622 = SURFACE_STYLE_USAGE(.BOTH.,#10623);
#10623 = SURFACE_SIDE_STYLE('',(#10624));
#10624 = SURFACE_STYLE_FILL_AREA(#10625);
#10625 = FILL_AREA_STYLE('',(#10626));
#10626 = FILL_AREA_STYLE_COLOUR('',#8806);
#10627 = CURVE_STYLE('',#10628,POSITIVE_LENGTH_MEASURE(0.1),#8809);
#10628 = DRAUGHTING_PRE_DEFINED_CURVE_FONT('continuous');
#10629 = STYLED_ITEM('color',(#10630),#3655);
#10630 = PRESENTATION_STYLE_ASSIGNMENT((#10631,#10636));
#10631 = SURFACE_STYLE_USAGE(.BOTH.,#10632);
#10632 = SURFACE_SIDE_STYLE('',(#10633));
#10633 = SURFACE_STYLE_FILL_AREA(#10634);
#10634 = FILL_AREA_STYLE('',(#10635));
#10635 = FILL_AREA_STYLE_COLOUR('',#8806);
#10636 = CURVE_STYLE('',#10637,POSITIVE_LENGTH_MEASURE(0.1),#8809);
#10637 = DRAUGHTING_PRE_DEFINED_CURVE_FONT('continuous');
#10638 = STYLED_ITEM('color',(#10639),#3657);
#10639 = PRESENTATION_STYLE_ASSIGNMENT((#10640,#10645));
#10640 = SURFACE_STYLE_USAGE(.BOTH.,#10641);
#10641 = SURFACE_SIDE_STYLE('',(#10642));
#10642 = SURFACE_STYLE_FILL_AREA(#10643);
#10643 = FILL_AREA_STYLE('',(#10644));
#10644 = FILL_AREA_STYLE_COLOUR('',#8806);
#10645 = CURVE_STYLE('',#10646,POSITIVE_LENGTH_MEASURE(0.1),#8809);
#10646 = DRAUGHTING_PRE_DEFINED_CURVE_FONT('continuous');
#10647 = STYLED_ITEM('color',(#10648),#3665);
#10648 = PRESENTATION_STYLE_ASSIGNMENT((#10649,#10654));
#10649 = SURFACE_STYLE_USAGE(.BOTH.,#10650);
#10650 = SURFACE_SIDE_STYLE('',(#10651));
#10651 = SURFACE_STYLE_FILL_AREA(#10652);
#10652 = FILL_AREA_STYLE('',(#10653));
#10653 = FILL_AREA_STYLE_COLOUR('',#8806);
#10654 = CURVE_STYLE('',#10655,POSITIVE_LENGTH_MEASURE(0.1),#8809);
#10655 = DRAUGHTING_PRE_DEFINED_CURVE_FONT('continuous');
#10656 = STYLED_ITEM('color',(#10657),#3673);
#10657 = PRESENTATION_STYLE_ASSIGNMENT((#10658,#10663));
#10658 = SURFACE_STYLE_USAGE(.BOTH.,#10659);
#10659 = SURFACE_SIDE_STYLE('',(#10660));
#10660 = SURFACE_STYLE_FILL_AREA(#10661);
#10661 = FILL_AREA_STYLE('',(#10662));
#10662 = FILL_AREA_STYLE_COLOUR('',#8806);
#10663 = CURVE_STYLE('',#10664,POSITIVE_LENGTH_MEASURE(0.1),#8809);
#10664 = DRAUGHTING_PRE_DEFINED_CURVE_FONT('continuous');
#10665 = STYLED_ITEM('color',(#10666),#3681);
#10666 = PRESENTATION_STYLE_ASSIGNMENT((#10667,#10672));
#10667 = SURFACE_STYLE_USAGE(.BOTH.,#10668);
#10668 = SURFACE_SIDE_STYLE('',(#10669));
#10669 = SURFACE_STYLE_FILL_AREA(#10670);
#10670 = FILL_AREA_STYLE('',(#10671));
#10671 = FILL_AREA_STYLE_COLOUR('',#8806);
#10672 = CURVE_STYLE('',#10673,POSITIVE_LENGTH_MEASURE(0.1),#8809);
#10673 = DRAUGHTING_PRE_DEFINED_CURVE_FONT('continuous');
#10674 = STYLED_ITEM('color',(#10675),#3689);
#10675 = PRESENTATION_STYLE_ASSIGNMENT((#10676,#10681));
#10676 = SURFACE_STYLE_USAGE(.BOTH.,#10677);
#10677 = SURFACE_SIDE_STYLE('',(#10678));
#10678 = SURFACE_STYLE_FILL_AREA(#10679);
#10679 = FILL_AREA_STYLE('',(#10680));
#10680 = FILL_AREA_STYLE_COLOUR('',#8806);
#10681 = CURVE_STYLE('',#10682,POSITIVE_LENGTH_MEASURE(0.1),#8809);
#10682 = DRAUGHTING_PRE_DEFINED_CURVE_FONT('continuous');
#10683 = STYLED_ITEM('color',(#10684),#3697);
#10684 = PRESENTATION_STYLE_ASSIGNMENT((#10685,#10690));
#10685 = SURFACE_STYLE_USAGE(.BOTH.,#10686);
#10686 = SURFACE_SIDE_STYLE('',(#10687));
#10687 = SURFACE_STYLE_FILL_AREA(#10688);
#10688 = FILL_AREA_STYLE('',(#10689));
#10689 = FILL_AREA_STYLE_COLOUR('',#8806);
#10690 = CURVE_STYLE('',#10691,POSITIVE_LENGTH_MEASURE(0.1),#8809);
#10691 = DRAUGHTING_PRE_DEFINED_CURVE_FONT('continuous');
#10692 = STYLED_ITEM('color',(#10693),#3705);
#10693 = PRESENTATION_STYLE_ASSIGNMENT((#10694,#10699));
#10694 = SURFACE_STYLE_USAGE(.BOTH.,#10695);
#10695 = SURFACE_SIDE_STYLE('',(#10696));
#10696 = SURFACE_STYLE_FILL_AREA(#10697);
#10697 = FILL_AREA_STYLE('',(#10698));
#10698 = FILL_AREA_STYLE_COLOUR('',#8806);
#10699 = CURVE_STYLE('',#10700,POSITIVE_LENGTH_MEASURE(0.1),#8809);
#10700 = DRAUGHTING_PRE_DEFINED_CURVE_FONT('continuous');
#10701 = STYLED_ITEM('color',(#10702),#3713);
#10702 = PRESENTATION_STYLE_ASSIGNMENT((#10703,#10708));
#10703 = SURFACE_STYLE_USAGE(.BOTH.,#10704);
#10704 = SURFACE_SIDE_STYLE('',(#10705));
#10705 = SURFACE_STYLE_FILL_AREA(#10706);
#10706 = FILL_AREA_STYLE('',(#10707));
#10707 = FILL_AREA_STYLE_COLOUR('',#8806);
#10708 = CURVE_STYLE('',#10709,POSITIVE_LENGTH_MEASURE(0.1),#8809);
#10709 = DRAUGHTING_PRE_DEFINED_CURVE_FONT('continuous');
#10710 = STYLED_ITEM('color',(#10711),#3721);
#10711 = PRESENTATION_STYLE_ASSIGNMENT((#10712,#10717));
#10712 = SURFACE_STYLE_USAGE(.BOTH.,#10713);
#10713 = SURFACE_SIDE_STYLE('',(#10714));
#10714 = SURFACE_STYLE_FILL_AREA(#10715);
#10715 = FILL_AREA_STYLE('',(#10716));
#10716 = FILL_AREA_STYLE_COLOUR('',#8806);
#10717 = CURVE_STYLE('',#10718,POSITIVE_LENGTH_MEASURE(0.1),#8809);
#10718 = DRAUGHTING_PRE_DEFINED_CURVE_FONT('continuous');
#10719 = STYLED_ITEM('color',(#10720),#3743);
#10720 = PRESENTATION_STYLE_ASSIGNMENT((#10721,#10726));
#10721 = SURFACE_STYLE_USAGE(.BOTH.,#10722);
#10722 = SURFACE_SIDE_STYLE('',(#10723));
#10723 = SURFACE_STYLE_FILL_AREA(#10724);
#10724 = FILL_AREA_STYLE('',(#10725));
#10725 = FILL_AREA_STYLE_COLOUR('',#8806);
#10726 = CURVE_STYLE('',#10727,POSITIVE_LENGTH_MEASURE(0.1),#8809);
#10727 = DRAUGHTING_PRE_DEFINED_CURVE_FONT('continuous');
#10728 = STYLED_ITEM('color',(#10729),#3745);
#10729 = PRESENTATION_STYLE_ASSIGNMENT((#10730,#10735));
#10730 = SURFACE_STYLE_USAGE(.BOTH.,#10731);
#10731 = SURFACE_SIDE_STYLE('',(#10732));
#10732 = SURFACE_STYLE_FILL_AREA(#10733);
#10733 = FILL_AREA_STYLE('',(#10734));
#10734 = FILL_AREA_STYLE_COLOUR('',#8806);
#10735 = CURVE_STYLE('',#10736,POSITIVE_LENGTH_MEASURE(0.1),#8809);
#10736 = DRAUGHTING_PRE_DEFINED_CURVE_FONT('continuous');
#10737 = STYLED_ITEM('color',(#10738),#3753);
#10738 = PRESENTATION_STYLE_ASSIGNMENT((#10739,#10744));
#10739 = SURFACE_STYLE_USAGE(.BOTH.,#10740);
#10740 = SURFACE_SIDE_STYLE('',(#10741));
#10741 = SURFACE_STYLE_FILL_AREA(#10742);
#10742 = FILL_AREA_STYLE('',(#10743));
#10743 = FILL_AREA_STYLE_COLOUR('',#8806);
#10744 = CURVE_STYLE('',#10745,POSITIVE_LENGTH_MEASURE(0.1),#8809);
#10745 = DRAUGHTING_PRE_DEFINED_CURVE_FONT('continuous');
#10746 = STYLED_ITEM('color',(#10747),#3761);
#10747 = PRESENTATION_STYLE_ASSIGNMENT((#10748,#10753));
#10748 = SURFACE_STYLE_USAGE(.BOTH.,#10749);
#10749 = SURFACE_SIDE_STYLE('',(#10750));
#10750 = SURFACE_STYLE_FILL_AREA(#10751);
#10751 = FILL_AREA_STYLE('',(#10752));
#10752 = FILL_AREA_STYLE_COLOUR('',#8806);
#10753 = CURVE_STYLE('',#10754,POSITIVE_LENGTH_MEASURE(0.1),#8809);
#10754 = DRAUGHTING_PRE_DEFINED_CURVE_FONT('continuous');
#10755 = STYLED_ITEM('color',(#10756),#3769);
#10756 = PRESENTATION_STYLE_ASSIGNMENT((#10757,#10762));
#10757 = SURFACE_STYLE_USAGE(.BOTH.,#10758);
#10758 = SURFACE_SIDE_STYLE('',(#10759));
#10759 = SURFACE_STYLE_FILL_AREA(#10760);
#10760 = FILL_AREA_STYLE('',(#10761));
#10761 = FILL_AREA_STYLE_COLOUR('',#8806);
#10762 = CURVE_STYLE('',#10763,POSITIVE_LENGTH_MEASURE(0.1),#8809);
#10763 = DRAUGHTING_PRE_DEFINED_CURVE_FONT('continuous');
#10764 = STYLED_ITEM('color',(#10765),#3777);
#10765 = PRESENTATION_STYLE_ASSIGNMENT((#10766,#10771));
#10766 = SURFACE_STYLE_USAGE(.BOTH.,#10767);
#10767 = SURFACE_SIDE_STYLE('',(#10768));
#10768 = SURFACE_STYLE_FILL_AREA(#10769);
#10769 = FILL_AREA_STYLE('',(#10770));
#10770 = FILL_AREA_STYLE_COLOUR('',#8806);
#10771 = CURVE_STYLE('',#10772,POSITIVE_LENGTH_MEASURE(0.1),#8809);
#10772 = DRAUGHTING_PRE_DEFINED_CURVE_FONT('continuous');
#10773 = STYLED_ITEM('color',(#10774),#3785);
#10774 = PRESENTATION_STYLE_ASSIGNMENT((#10775,#10780));
#10775 = SURFACE_STYLE_USAGE(.BOTH.,#10776);
#10776 = SURFACE_SIDE_STYLE('',(#10777));
#10777 = SURFACE_STYLE_FILL_AREA(#10778);
#10778 = FILL_AREA_STYLE('',(#10779));
#10779 = FILL_AREA_STYLE_COLOUR('',#8806);
#10780 = CURVE_STYLE('',#10781,POSITIVE_LENGTH_MEASURE(0.1),#8809);
#10781 = DRAUGHTING_PRE_DEFINED_CURVE_FONT('continuous');
#10782 = STYLED_ITEM('color',(#10783),#3793);
#10783 = PRESENTATION_STYLE_ASSIGNMENT((#10784,#10789));
#10784 = SURFACE_STYLE_USAGE(.BOTH.,#10785);
#10785 = SURFACE_SIDE_STYLE('',(#10786));
#10786 = SURFACE_STYLE_FILL_AREA(#10787);
#10787 = FILL_AREA_STYLE('',(#10788));
#10788 = FILL_AREA_STYLE_COLOUR('',#8806);
#10789 = CURVE_STYLE('',#10790,POSITIVE_LENGTH_MEASURE(0.1),#8809);
#10790 = DRAUGHTING_PRE_DEFINED_CURVE_FONT('continuous');
#10791 = STYLED_ITEM('color',(#10792),#3801);
#10792 = PRESENTATION_STYLE_ASSIGNMENT((#10793,#10798));
#10793 = SURFACE_STYLE_USAGE(.BOTH.,#10794);
#10794 = SURFACE_SIDE_STYLE('',(#10795));
#10795 = SURFACE_STYLE_FILL_AREA(#10796);
#10796 = FILL_AREA_STYLE('',(#10797));
#10797 = FILL_AREA_STYLE_COLOUR('',#8806);
#10798 = CURVE_STYLE('',#10799,POSITIVE_LENGTH_MEASURE(0.1),#8809);
#10799 = DRAUGHTING_PRE_DEFINED_CURVE_FONT('continuous');
#10800 = STYLED_ITEM('color',(#10801),#3809);
#10801 = PRESENTATION_STYLE_ASSIGNMENT((#10802,#10807));
#10802 = SURFACE_STYLE_USAGE(.BOTH.,#10803);
#10803 = SURFACE_SIDE_STYLE('',(#10804));
#10804 = SURFACE_STYLE_FILL_AREA(#10805);
#10805 = FILL_AREA_STYLE('',(#10806));
#10806 = FILL_AREA_STYLE_COLOUR('',#8806);
#10807 = CURVE_STYLE('',#10808,POSITIVE_LENGTH_MEASURE(0.1),#8809);
#10808 = DRAUGHTING_PRE_DEFINED_CURVE_FONT('continuous');
#10809 = STYLED_ITEM('color',(#10810),#4003);
#10810 = PRESENTATION_STYLE_ASSIGNMENT((#10811,#10816));
#10811 = SURFACE_STYLE_USAGE(.BOTH.,#10812);
#10812 = SURFACE_SIDE_STYLE('',(#10813));
#10813 = SURFACE_STYLE_FILL_AREA(#10814);
#10814 = FILL_AREA_STYLE('',(#10815));
#10815 = FILL_AREA_STYLE_COLOUR('',#8806);
#10816 = CURVE_STYLE('',#10817,POSITIVE_LENGTH_MEASURE(0.1),#8809);
#10817 = DRAUGHTING_PRE_DEFINED_CURVE_FONT('continuous');
#10818 = STYLED_ITEM('color',(#10819),#4005);
#10819 = PRESENTATION_STYLE_ASSIGNMENT((#10820,#10825));
#10820 = SURFACE_STYLE_USAGE(.BOTH.,#10821);
#10821 = SURFACE_SIDE_STYLE('',(#10822));
#10822 = SURFACE_STYLE_FILL_AREA(#10823);
#10823 = FILL_AREA_STYLE('',(#10824));
#10824 = FILL_AREA_STYLE_COLOUR('',#8806);
#10825 = CURVE_STYLE('',#10826,POSITIVE_LENGTH_MEASURE(0.1),#8809);
#10826 = DRAUGHTING_PRE_DEFINED_CURVE_FONT('continuous');
#10827 = STYLED_ITEM('color',(#10828),#4013);
#10828 = PRESENTATION_STYLE_ASSIGNMENT((#10829,#10834));
#10829 = SURFACE_STYLE_USAGE(.BOTH.,#10830);
#10830 = SURFACE_SIDE_STYLE('',(#10831));
#10831 = SURFACE_STYLE_FILL_AREA(#10832);
#10832 = FILL_AREA_STYLE('',(#10833));
#10833 = FILL_AREA_STYLE_COLOUR('',#8806);
#10834 = CURVE_STYLE('',#10835,POSITIVE_LENGTH_MEASURE(0.1),#8809);
#10835 = DRAUGHTING_PRE_DEFINED_CURVE_FONT('continuous');
#10836 = STYLED_ITEM('color',(#10837),#4021);
#10837 = PRESENTATION_STYLE_ASSIGNMENT((#10838,#10843));
#10838 = SURFACE_STYLE_USAGE(.BOTH.,#10839);
#10839 = SURFACE_SIDE_STYLE('',(#10840));
#10840 = SURFACE_STYLE_FILL_AREA(#10841);
#10841 = FILL_AREA_STYLE('',(#10842));
#10842 = FILL_AREA_STYLE_COLOUR('',#8806);
#10843 = CURVE_STYLE('',#10844,POSITIVE_LENGTH_MEASURE(0.1),#8809);
#10844 = DRAUGHTING_PRE_DEFINED_CURVE_FONT('continuous');
#10845 = STYLED_ITEM('color',(#10846),#4029);
#10846 = PRESENTATION_STYLE_ASSIGNMENT((#10847,#10852));
#10847 = SURFACE_STYLE_USAGE(.BOTH.,#10848);
#10848 = SURFACE_SIDE_STYLE('',(#10849));
#10849 = SURFACE_STYLE_FILL_AREA(#10850);
#10850 = FILL_AREA_STYLE('',(#10851));
#10851 = FILL_AREA_STYLE_COLOUR('',#8806);
#10852 = CURVE_STYLE('',#10853,POSITIVE_LENGTH_MEASURE(0.1),#8809);
#10853 = DRAUGHTING_PRE_DEFINED_CURVE_FONT('continuous');
#10854 = STYLED_ITEM('color',(#10855),#4037);
#10855 = PRESENTATION_STYLE_ASSIGNMENT((#10856,#10861));
#10856 = SURFACE_STYLE_USAGE(.BOTH.,#10857);
#10857 = SURFACE_SIDE_STYLE('',(#10858));
#10858 = SURFACE_STYLE_FILL_AREA(#10859);
#10859 = FILL_AREA_STYLE('',(#10860));
#10860 = FILL_AREA_STYLE_COLOUR('',#8806);
#10861 = CURVE_STYLE('',#10862,POSITIVE_LENGTH_MEASURE(0.1),#8809);
#10862 = DRAUGHTING_PRE_DEFINED_CURVE_FONT('continuous');
#10863 = STYLED_ITEM('color',(#10864),#4045);
#10864 = PRESENTATION_STYLE_ASSIGNMENT((#10865,#10870));
#10865 = SURFACE_STYLE_USAGE(.BOTH.,#10866);
#10866 = SURFACE_SIDE_STYLE('',(#10867));
#10867 = SURFACE_STYLE_FILL_AREA(#10868);
#10868 = FILL_AREA_STYLE('',(#10869));
#10869 = FILL_AREA_STYLE_COLOUR('',#8806);
#10870 = CURVE_STYLE('',#10871,POSITIVE_LENGTH_MEASURE(0.1),#8809);
#10871 = DRAUGHTING_PRE_DEFINED_CURVE_FONT('continuous');
#10872 = STYLED_ITEM('color',(#10873),#4053);
#10873 = PRESENTATION_STYLE_ASSIGNMENT((#10874,#10879));
#10874 = SURFACE_STYLE_USAGE(.BOTH.,#10875);
#10875 = SURFACE_SIDE_STYLE('',(#10876));
#10876 = SURFACE_STYLE_FILL_AREA(#10877);
#10877 = FILL_AREA_STYLE('',(#10878));
#10878 = FILL_AREA_STYLE_COLOUR('',#8806);
#10879 = CURVE_STYLE('',#10880,POSITIVE_LENGTH_MEASURE(0.1),#8809);
#10880 = DRAUGHTING_PRE_DEFINED_CURVE_FONT('continuous');
#10881 = STYLED_ITEM('color',(#10882),#4061);
#10882 = PRESENTATION_STYLE_ASSIGNMENT((#10883,#10888));
#10883 = SURFACE_STYLE_USAGE(.BOTH.,#10884);
#10884 = SURFACE_SIDE_STYLE('',(#10885));
#10885 = SURFACE_STYLE_FILL_AREA(#10886);
#10886 = FILL_AREA_STYLE('',(#10887));
#10887 = FILL_AREA_STYLE_COLOUR('',#8806);
#10888 = CURVE_STYLE('',#10889,POSITIVE_LENGTH_MEASURE(0.1),#8809);
#10889 = DRAUGHTING_PRE_DEFINED_CURVE_FONT('continuous');
#10890 = STYLED_ITEM('color',(#10891),#4069);
#10891 = PRESENTATION_STYLE_ASSIGNMENT((#10892,#10897));
#10892 = SURFACE_STYLE_USAGE(.BOTH.,#10893);
#10893 = SURFACE_SIDE_STYLE('',(#10894));
#10894 = SURFACE_STYLE_FILL_AREA(#10895);
#10895 = FILL_AREA_STYLE('',(#10896));
#10896 = FILL_AREA_STYLE_COLOUR('',#8806);
#10897 = CURVE_STYLE('',#10898,POSITIVE_LENGTH_MEASURE(0.1),#8809);
#10898 = DRAUGHTING_PRE_DEFINED_CURVE_FONT('continuous');
#10899 = STYLED_ITEM('color',(#10900),#4091);
#10900 = PRESENTATION_STYLE_ASSIGNMENT((#10901,#10906));
#10901 = SURFACE_STYLE_USAGE(.BOTH.,#10902);
#10902 = SURFACE_SIDE_STYLE('',(#10903));
#10903 = SURFACE_STYLE_FILL_AREA(#10904);
#10904 = FILL_AREA_STYLE('',(#10905));
#10905 = FILL_AREA_STYLE_COLOUR('',#8806);
#10906 = CURVE_STYLE('',#10907,POSITIVE_LENGTH_MEASURE(0.1),#8809);
#10907 = DRAUGHTING_PRE_DEFINED_CURVE_FONT('continuous');
#10908 = STYLED_ITEM('color',(#10909),#4093);
#10909 = PRESENTATION_STYLE_ASSIGNMENT((#10910,#10915));
#10910 = SURFACE_STYLE_USAGE(.BOTH.,#10911);
#10911 = SURFACE_SIDE_STYLE('',(#10912));
#10912 = SURFACE_STYLE_FILL_AREA(#10913);
#10913 = FILL_AREA_STYLE('',(#10914));
#10914 = FILL_AREA_STYLE_COLOUR('',#8806);
#10915 = CURVE_STYLE('',#10916,POSITIVE_LENGTH_MEASURE(0.1),#8809);
#10916 = DRAUGHTING_PRE_DEFINED_CURVE_FONT('continuous');
#10917 = STYLED_ITEM('color',(#10918),#4101);
#10918 = PRESENTATION_STYLE_ASSIGNMENT((#10919,#10924));
#10919 = SURFACE_STYLE_USAGE(.BOTH.,#10920);
#10920 = SURFACE_SIDE_STYLE('',(#10921));
#10921 = SURFACE_STYLE_FILL_AREA(#10922);
#10922 = FILL_AREA_STYLE('',(#10923));
#10923 = FILL_AREA_STYLE_COLOUR('',#8806);
#10924 = CURVE_STYLE('',#10925,POSITIVE_LENGTH_MEASURE(0.1),#8809);
#10925 = DRAUGHTING_PRE_DEFINED_CURVE_FONT('continuous');
#10926 = STYLED_ITEM('color',(#10927),#4109);
#10927 = PRESENTATION_STYLE_ASSIGNMENT((#10928,#10933));
#10928 = SURFACE_STYLE_USAGE(.BOTH.,#10929);
#10929 = SURFACE_SIDE_STYLE('',(#10930));
#10930 = SURFACE_STYLE_FILL_AREA(#10931);
#10931 = FILL_AREA_STYLE('',(#10932));
#10932 = FILL_AREA_STYLE_COLOUR('',#8806);
#10933 = CURVE_STYLE('',#10934,POSITIVE_LENGTH_MEASURE(0.1),#8809);
#10934 = DRAUGHTING_PRE_DEFINED_CURVE_FONT('continuous');
#10935 = STYLED_ITEM('color',(#10936),#4117);
#10936 = PRESENTATION_STYLE_ASSIGNMENT((#10937,#10942));
#10937 = SURFACE_STYLE_USAGE(.BOTH.,#10938);
#10938 = SURFACE_SIDE_STYLE('',(#10939));
#10939 = SURFACE_STYLE_FILL_AREA(#10940);
#10940 = FILL_AREA_STYLE('',(#10941));
#10941 = FILL_AREA_STYLE_COLOUR('',#8806);
#10942 = CURVE_STYLE('',#10943,POSITIVE_LENGTH_MEASURE(0.1),#8809);
#10943 = DRAUGHTING_PRE_DEFINED_CURVE_FONT('continuous');
#10944 = STYLED_ITEM('color',(#10945),#4125);
#10945 = PRESENTATION_STYLE_ASSIGNMENT((#10946,#10951));
#10946 = SURFACE_STYLE_USAGE(.BOTH.,#10947);
#10947 = SURFACE_SIDE_STYLE('',(#10948));
#10948 = SURFACE_STYLE_FILL_AREA(#10949);
#10949 = FILL_AREA_STYLE('',(#10950));
#10950 = FILL_AREA_STYLE_COLOUR('',#8806);
#10951 = CURVE_STYLE('',#10952,POSITIVE_LENGTH_MEASURE(0.1),#8809);
#10952 = DRAUGHTING_PRE_DEFINED_CURVE_FONT('continuous');
#10953 = STYLED_ITEM('color',(#10954),#4133);
#10954 = PRESENTATION_STYLE_ASSIGNMENT((#10955,#10960));
#10955 = SURFACE_STYLE_USAGE(.BOTH.,#10956);
#10956 = SURFACE_SIDE_STYLE('',(#10957));
#10957 = SURFACE_STYLE_FILL_AREA(#10958);
#10958 = FILL_AREA_STYLE('',(#10959));
#10959 = FILL_AREA_STYLE_COLOUR('',#8806);
#10960 = CURVE_STYLE('',#10961,POSITIVE_LENGTH_MEASURE(0.1),#8809);
#10961 = DRAUGHTING_PRE_DEFINED_CURVE_FONT('continuous');
#10962 = STYLED_ITEM('color',(#10963),#4141);
#10963 = PRESENTATION_STYLE_ASSIGNMENT((#10964,#10969));
#10964 = SURFACE_STYLE_USAGE(.BOTH.,#10965);
#10965 = SURFACE_SIDE_STYLE('',(#10966));
#10966 = SURFACE_STYLE_FILL_AREA(#10967);
#10967 = FILL_AREA_STYLE('',(#10968));
#10968 = FILL_AREA_STYLE_COLOUR('',#8806);
#10969 = CURVE_STYLE('',#10970,POSITIVE_LENGTH_MEASURE(0.1),#8809);
#10970 = DRAUGHTING_PRE_DEFINED_CURVE_FONT('continuous');
#10971 = STYLED_ITEM('color',(#10972),#4149);
#10972 = PRESENTATION_STYLE_ASSIGNMENT((#10973,#10978));
#10973 = SURFACE_STYLE_USAGE(.BOTH.,#10974);
#10974 = SURFACE_SIDE_STYLE('',(#10975));
#10975 = SURFACE_STYLE_FILL_AREA(#10976);
#10976 = FILL_AREA_STYLE('',(#10977));
#10977 = FILL_AREA_STYLE_COLOUR('',#8806);
#10978 = CURVE_STYLE('',#10979,POSITIVE_LENGTH_MEASURE(0.1),#8809);
#10979 = DRAUGHTING_PRE_DEFINED_CURVE_FONT('continuous');
#10980 = STYLED_ITEM('color',(#10981),#4157);
#10981 = PRESENTATION_STYLE_ASSIGNMENT((#10982,#10987));
#10982 = SURFACE_STYLE_USAGE(.BOTH.,#10983);
#10983 = SURFACE_SIDE_STYLE('',(#10984));
#10984 = SURFACE_STYLE_FILL_AREA(#10985);
#10985 = FILL_AREA_STYLE('',(#10986));
#10986 = FILL_AREA_STYLE_COLOUR('',#8806);
#10987 = CURVE_STYLE('',#10988,POSITIVE_LENGTH_MEASURE(0.1),#8809);
#10988 = DRAUGHTING_PRE_DEFINED_CURVE_FONT('continuous');
ENDSEC;
END-ISO-10303-21;
